ACGCCTGACACGCGCT-1,0,0,0,17191,2543
TACCGATCCAACACTT-1,0,1,1,17076,2745
ATTAAAGCGGACGAGC-1,0,0,2,16960,2544
GATAAGGGACGATTAG-1,0,1,3,16845,2745
GTGCAAATCACCAATA-1,0,0,4,16729,2544
TGTTGGCTGGCGGAAG-1,0,1,5,16614,2746
GCATCCTCTCCTATTA-1,0,0,6,16498,2545
GCGAGGGACTGCTAGA-1,0,1,7,16383,2747
TGGTACCGGCACAGCC-1,0,0,8,16267,2546
GCGCGTTTAAATCGTA-1,0,1,9,16152,2747
TGCCTTGCCCTTACGG-1,0,0,10,16036,2546
GACGACTTTCCAAGAA-1,0,1,11,15921,2748
CCAGTGAGCTCCTTGT-1,0,0,12,15804,2547
ATACCCTGGCTCAAAT-1,0,1,13,15689,2748
GGGTTTCCGGCTTCCA-1,0,0,14,15573,2548
TAACCGTCCAGTTCAT-1,0,1,15,15458,2749
AAACAACGAATAGTTC-1,0,0,16,15342,2548
CAAGGGAGTGTATTTG-1,0,1,17,15227,2750
CCAAGCTTGATCTCCT-1,0,0,18,15111,2549
TTATTTCATCCCAAAC-1,0,1,19,14996,2750
GAGCGCTATGTCAGGC-1,0,0,20,14880,2549
TATGGCAGACTTTCGA-1,0,1,21,14765,2751
CTTCGTGCCCGCATCG-1,0,0,22,14649,2550
AAACGGGTTGGTATCC-1,0,1,23,14534,2752
TGCAAACCCACATCAA-1,0,0,24,14418,2551
GACGGGATGTCTTATG-1,0,1,25,14303,2752
GGCGAGCATCGAGGAC-1,0,0,26,14187,2551
CGCGTGCTATCAACGA-1,0,1,27,14071,2753
TGAAACCTCAACTCAC-1,0,0,28,13955,2552
CACATAAGGCGACCGT-1,0,1,29,13840,2753
TGACCCAACTCACATT-1,0,0,30,13724,2553
ATACGCCGATCTACCG-1,0,1,31,13609,2754
ACTTATCTGATCTATA-1,0,0,32,13493,2553
GTGTGAGCCGAGGTGC-1,0,1,33,13378,2755
GATGATTTGAAACTGG-1,0,0,34,13262,2554
GGGAACCACCTGTTTC-1,0,1,35,13147,2755
GTTCGTTGCGGACCAG-1,0,0,36,13031,2554
TGAGGTTGATCCCAAG-1,0,1,37,12916,2756
GATGCCACACTACAGC-1,0,0,38,12800,2555
AGGCAAAGAGGAATCA-1,0,1,39,12685,2757
AAGTAAGCTTCCAAAC-1,0,0,40,12569,2556
AACGTAGTCTACCCAT-1,0,1,41,12454,2757
GTTTGAGCGGTTATGT-1,0,0,42,12337,2556
GAAGCAAGGCAATGTT-1,0,1,43,12222,2758
TCACTCAGCGCATTAG-1,0,0,44,12106,2557
TACAATGAAACCAGCA-1,0,1,45,11991,2758
GTGCGCTTACAAATGA-1,0,0,46,11875,2558
GCACTCCCACAGTCCC-1,0,1,47,11760,2759
CGAAGACTGCCCGGGA-1,0,0,48,11644,2558
CAGGATCCGCCCGACC-1,0,1,49,11529,2760
CACGATTGGTCGTTAA-1,0,0,50,11413,2559
GGTTGTATCGTGAAAT-1,0,1,51,11298,2760
TCTTATGGGTAGTACC-1,0,0,52,11182,2559
TACAAGCTGTTCACTG-1,0,1,53,11067,2761
GTATCTTGTTGCTCAC-1,0,0,54,10951,2560
ATACCAGGTGAGCGAT-1,0,1,55,10836,2761
CCTAAACAGGGTCCGT-1,0,0,56,10720,2561
ATGGTGCTCAAAGCCA-1,0,1,57,10604,2762
CAAATGCGGAGTGTTC-1,0,0,58,10488,2561
CGTGCCCGACATTTGT-1,0,1,59,10373,2763
GTATCTCCCTAACTGT-1,0,0,60,10257,2562
ATTTGCCTAGTTACGA-1,0,1,61,10142,2763
ACGTCCTAAACGAGAT-1,0,0,62,10026,2563
CTGGGATCGCCCAGAT-1,0,1,63,9911,2764
CTGCAAATGGGCTCCA-1,0,0,64,9795,2563
CATTATAACAGGGTCC-1,0,1,65,9680,2765
ACCTTTCCTTTAGAAG-1,0,0,66,9564,2564
ATAGATTTGCAGTCGG-1,0,1,67,9449,2765
CTCGGGCATCGTCGGG-1,0,0,68,9333,2564
GTGGCGGGCCGTAGCT-1,0,1,69,9218,2766
CAACAGTGCCAAACGG-1,0,0,70,9102,2565
TGCGGGTATTGGGATC-1,0,1,71,8987,2766
GTCTCGCCAACACGCC-1,0,0,72,8870,2566
CTGGGCGGCCAAATGT-1,0,1,73,8755,2767
TAAAGGAGAAACTAGT-1,0,0,74,8639,2566
TCCCACGGAGGGAGCT-1,0,1,75,8524,2768
AGCTTCAATACTTTGA-1,0,0,76,8408,2567
TTCCACATTTCTCGTC-1,0,1,77,8293,2768
ACAAACCGACAAGGCG-1,0,0,78,8177,2568
AGACGGGATTGGTATA-1,0,1,79,8062,2769
AACCTAAAGCCGTCCG-1,0,0,80,7946,2568
TACAAATTGCGGAGGT-1,0,1,81,7831,2770
CCCGCTAGAGGGTTAA-1,0,0,82,7715,2569
CATTGCAAAGCATAAT-1,0,1,83,7600,2770
TGTACGCTATCAGCTT-1,0,0,84,7484,2569
TTCTTCGCAATAGAGC-1,0,1,85,7369,2771
TGTGATTCCAGCGCTT-1,0,0,86,7253,2570
ATTCAGGATCGCCTCT-1,0,1,87,7138,2771
GCCCATGGGTGCAATG-1,0,0,88,7021,2571
TTCCCGACGCTTCACT-1,0,1,89,6906,2772
AGCGGTTGAGATGTAC-1,0,0,90,6790,2571
GCTGTCTGTGATCGAC-1,0,1,91,6675,2773
AAAGACATGAAGTTTA-1,0,0,92,6559,2572
CAACAGAATAACGCTA-1,0,1,93,6444,2773
TGCGGTCTACGAGTAA-1,0,0,94,6328,2573
AAGACTCACGCCCACT-1,0,1,95,6213,2774
CTTTGAAACATATTCC-1,0,0,96,6097,2573
CTGGGCACTAGTCGGA-1,0,1,97,5982,2775
CGCCCTTACATCCACC-1,0,0,98,5866,2574
CACGACCACAGACTTT-1,0,1,99,5751,2775
CAATCCATTATCCGTT-1,0,0,100,5635,2574
GTGGCGTGCACCAGAG-1,0,1,101,5520,2776
CGGAGTCCTAACCTGG-1,0,0,102,5403,2575
GGTCCCATAACATAGA-1,0,1,103,5288,2776
ATCTCATAAACCTACC-1,0,0,104,5172,2576
TGCATGGCAGTCTTGC-1,0,1,105,5057,2777
TTGCAGGTCATGAAGT-1,0,0,106,4941,2576
AGCTGCATTTGAGGTG-1,0,1,107,4826,2778
TAATCAGGAATGCTGC-1,0,0,108,4710,2577
CCATCATAAGAACAGG-1,0,1,109,4595,2778
TCGTATCACCAAGCTA-1,0,0,110,4479,2578
ATTCAGATGAATCCCT-1,0,1,111,4364,2779
AAAGGTCAACGACATG-1,0,0,112,4248,2578
AGCTGCTGTGCCGAAT-1,0,1,113,4133,2780
CTAGCGCCAATCCTAC-1,0,0,114,4017,2579
GCTCGACCGAACTGAA-1,0,1,115,3902,2780
ACAGTGCAGCGCATTT-1,0,0,116,3786,2579
CGGCTGAAGGTTACGC-1,0,1,117,3671,2781
CACCTCTACGAGTGTG-1,0,0,118,3554,2580
ATACGACAGATGGGTA-1,0,1,119,3439,2781
ACTTCCTGTCGTGCGA-1,0,0,120,3323,2581
CGTAACGGAACGATCA-1,0,1,121,3208,2782
AAATCACTCCTAAACG-1,0,0,122,3092,2581
CTCCGAGTAAATCCGC-1,0,1,123,2977,2783
ACGCTAGTATCAGTGC-1,0,0,124,2861,2582
AGAGTGAACAGACACC-1,0,1,125,2746,2783
ACACCCGTAAATCTGT-1,0,0,126,2630,2583
GCTTTGCTGCCGGGTA-1,0,1,127,2515,2784
ACAGGAGGCGCAGCCG-1,0,2,0,17192,2945
AGGCAATACGGAGGAC-1,0,3,1,17077,3147
TGGTGTGACAGACGAT-1,0,2,2,16961,2946
ATCTATCGATGATCAA-1,0,3,3,16846,3147
CGGTAACAAGATACAT-1,0,2,4,16730,2947
TCGCCGGAGAGTCTTA-1,0,3,5,16615,3148
GGAGGAGTGTGTTTAT-1,0,2,6,16499,2947
TTAGGTGTGACTGGTC-1,0,3,7,16384,3149
CAGGGCTAACGAAACC-1,0,2,8,16268,2948
CCCGTGGGTTAATTGA-1,0,3,9,16153,3149
GACCGACCGCTAATAT-1,0,2,10,16037,2949
GGTATCAAGCATAGAA-1,0,3,11,15922,3150
TGCATGAGTAGATTCG-1,0,2,12,15806,2949
AATTCCAACTTGGTGA-1,0,3,13,15691,3151
TGCCGATGTCATCAAT-1,0,2,14,15574,2950
GCTGGGTCCGCTGTTA-1,0,3,15,15459,3151
TGAACACCCGAAGCAG-1,0,2,16,15343,2950
AACATTGGTCAGCCGT-1,0,3,17,15228,3152
GTGGGTCTTCTTTGCG-1,0,2,18,15112,2951
CATCGAATGGATCTCT-1,0,3,19,14997,3152
GCTACACTGTCCGAAC-1,0,2,20,14881,2952
CGGGTTGTAGCTTTGG-1,0,3,21,14766,3153
CCTAAGTGTCTAACCG-1,0,2,22,14650,2952
TCTGTGACTGACCGTT-1,0,3,23,14535,3154
TTATCATACTCGCAAA-1,0,2,24,14419,2953
AGCGTAGCGCTAGACC-1,0,3,25,14304,3154
TCCCTCCGAAATCGTT-1,0,2,26,14188,2954
AGGTCGCCACTTCGGT-1,0,3,27,14073,3155
CTAGCAACTAATTTAC-1,0,2,28,13956,2954
TTGCTAGCTACCAATC-1,0,3,29,13841,3156
GCCGGTTTGGGCGGAT-1,0,2,30,13725,2955
TGTAACTTGTCAACCT-1,0,3,31,13610,3156
CGAGATGTTGCCTATA-1,0,2,32,13494,2955
GTTACGAAATCCACGC-1,0,3,33,13379,3157
CTTGTCGTACGTGTCA-1,0,2,34,13263,2956
GCGTCCAGCTCGTGGC-1,0,3,35,13148,3157
CCCTTCTCGTACGCGA-1,0,2,36,13032,2957
CCAAAGTCCCGCTAAC-1,0,3,37,12917,3158
CCGCTTCGCGGTTAAC-1,0,2,38,12801,2957
GTTACGGCCCGACTGC-1,0,3,39,12686,3159
CCCGCTTGCCCTCGTC-1,0,2,40,12570,2958
TAGTGAGAAGTGGTTG-1,0,3,41,12455,3159
CGCTACCGCCCTATGA-1,0,2,42,12339,2959
AAACAATCTACTAGCA-1,0,3,43,12224,3160
GCGCGATGGGTCAAGT-1,0,2,44,12107,2959
ATAAACCATTGGACGG-1,0,3,45,11992,3161
TCGGGCACTTCTGGAT-1,0,2,46,11876,2960
TCTGTGGCTACATTTC-1,0,3,47,11761,3161
CTCTGTGCCTGCTATG-1,0,2,48,11645,2960
CACGACTAAAGTTCTG-1,0,3,49,11530,3162
GAGGAGTAATTCCTAC-1,0,2,50,11414,2961
AGAGGTATCTCGGTCC-1,0,3,51,11299,3162
GGCGTACCCTATATAA-1,0,2,52,11183,2962
GCCGGAAACACATCTT-1,0,3,53,11068,3163
AAATGTGGGTGCTCCT-1,0,2,54,10952,2962
ACCAGGAGTGTGATCT-1,0,3,55,10837,3164
TGTGGAGGAAGCTTAA-1,0,2,56,10721,2963
AAGGAGAACTTATAAG-1,0,3,57,10606,3164
CCCTCGGGAGCCTTGT-1,0,2,58,10489,2964
ACTGTTTAGTGTAGGC-1,0,3,59,10374,3165
CGTCAGTTTATCGTCT-1,0,2,60,10258,2964
GCGTGTATGTCGTATT-1,0,3,61,10143,3166
ACAATCGATCTTTATA-1,0,2,62,10027,2965
CAGCCCTCACAGGCAG-1,0,3,63,9912,3166
CGCGTCATATTAAACC-1,0,2,64,9796,2965
GAAGACTTCAATGCCG-1,0,3,65,9681,3167
TTGCGGCGACTCATGC-1,0,2,66,9565,2966
ACCAAACTAGAAATCC-1,0,3,67,9450,3167
TTACTGTTTCTCTACG-1,0,2,68,9334,2967
GACCAGGTCATTCATA-1,0,3,69,9219,3168
TTCTTCCCTTTGATAT-1,0,2,70,9103,2967
ACGCCCAGCTGTCGAT-1,0,3,71,8988,3169
AGTAGCGTGAACGAAC-1,0,2,72,8872,2968
CCTCGACCCACTGCCT-1,0,3,73,8757,3169
AGTTATTGAAAGGTAA-1,0,2,74,8640,2969
TCAGTTACGGAATGAT-1,0,3,75,8525,3170
GAATCTATACTCGGAC-1,0,2,76,8409,2969
TCGGCTAACTTCCCTT-1,0,3,77,8294,3171
ACGTGGTCGAATGTGC-1,0,2,78,8178,2970
ATATCGTGCCAGACCC-1,0,3,79,8063,3171
GTAGCTAGTAAGCGCG-1,0,2,80,7947,2970
ACGCTTAGTGTCTCTC-1,0,3,81,7832,3172
TCCGGCCTGCATCGAT-1,0,2,82,7716,2971
TAGTGGAACTCATACA-1,0,3,83,7601,3172
ATCATCTGCCCAGTGT-1,0,2,84,7485,2972
GTTATTAAATACGACC-1,0,3,85,7370,3173
GCGCTAAGTATGCATG-1,0,2,86,7254,2972
CCTGACGCAACCTTTA-1,0,3,87,7139,3174
CCCAAGAATGCACGGT-1,0,2,88,7022,2973
AACTGGGTTCGAGCCG-1,0,3,89,6907,3174
GGTTCCACCCGCTTCT-1,0,2,90,6791,2974
CATGCACGTGTTACTG-1,0,3,91,6676,3175
AGCGTTCCGATTTAAA-1,0,2,92,6560,2974
CCTACGCGACCTTACA-1,0,3,93,6445,3176
CGAATTACATGGTGTT-1,0,2,94,6329,2975
GAGGTCTTAGTGGGTC-1,0,3,95,6214,3176
GCCGCTAGATACGCAG-1,0,2,96,6098,2975
GTCACCTGTCTATGTC-1,0,3,97,5983,3177
CCGATTGGTCAATGAA-1,0,2,98,5867,2976
CCTGTGCGGATTGTAA-1,0,3,99,5752,3177
TTACGTAGCGCGTGCT-1,0,2,100,5636,2977
GGAGGCGAAGAACCGC-1,0,3,101,5521,3178
GGGTCACGTGCTTATG-1,0,2,102,5405,2977
GCTCCGGACGTTGATA-1,0,3,103,5290,3179
ATGTTTGTAAGATCAT-1,0,2,104,5173,2978
TGACCCAGCATTCCCG-1,0,3,105,5058,3179
TGGTCGTTTGATAGAT-1,0,2,106,4942,2979
TGTAATGCCTTCGGAC-1,0,3,107,4827,3180
TGCTCACACAACAACC-1,0,2,108,4711,2979
TACGATCCAAGCCACT-1,0,3,109,4596,3181
TTGTAACTTCATAGCG-1,0,2,110,4480,2980
AGATTCAAGCGGGTCG-1,0,3,111,4365,3181
CTCAGCAGACTGCCGA-1,0,2,112,4249,2980
GTAACATCAGCTCATC-1,0,3,113,4134,3182
ATGGAACAGAATAAAC-1,0,2,114,4018,2981
GGGCCTATACAACCGG-1,0,3,115,3903,3182
TCAAACAATTAGGACA-1,0,2,116,3787,2982
AAACCACTACACAGAT-1,0,3,117,3672,3183
AAACGACAGTCTTGCC-1,0,2,118,3555,2982
TTGAGGGTCGAACGCG-1,0,3,119,3440,3184
TGTTGATCACTGTTTA-1,0,2,120,3324,2983
AGGGTGTGCTACACGC-1,0,3,121,3209,3184
GTAGTTAGACAATATA-1,0,2,122,3093,2983
AATGGCCGCCAATGCG-1,0,3,123,2978,3185
TCGGCGGTATTAGATT-1,0,2,124,2862,2984
GGGTCACTGAGTAGTG-1,0,3,125,2747,3186
GAATTATGCAACCTAC-1,0,2,126,2631,2985
GATCTTAGTGAACGTG-1,0,3,127,2516,3186
CTAATGCGCCCAACAA-1,0,4,0,17193,3348
GCCACCCATTCCACTT-1,0,5,1,17078,3549
TACTCACAACGTAGTA-1,0,4,2,16962,3348
GTTCGGTGTGGATTTA-1,0,5,3,16847,3550
TCTTTCGGCGGGACAC-1,0,4,4,16731,3349
GGAGACATTCACGGGC-1,0,5,5,16616,3550
GGGATTATCTCACAAC-1,0,4,6,16500,3349
TAGAACGCCAGTAACG-1,0,5,7,16385,3551
ACGAGTCGCCGGCGTT-1,0,4,8,16269,3350
TGATGGGACTAAGTCA-1,0,5,9,16154,3551
TGCGAGAAACGTTACG-1,0,4,10,16038,3351
TCGCCTCGACCTGTTG-1,0,5,11,15923,3552
AACTCGATAAACACGT-1,0,4,12,15807,3351
AGGAAAGCCTCTGATG-1,0,5,13,15692,3553
GAAGGACTAAATTGAA-1,0,4,14,15575,3352
GTATCGGGACGAGCTG-1,0,5,15,15460,3553
CCTGTGCATAGGAGAC-1,0,4,16,15344,3353
CATACGGGTGCATGAT-1,0,5,17,15229,3554
CCACTAAACTGAATCG-1,0,4,18,15113,3353
AAATTGCGGCGGTTCT-1,0,5,19,14998,3555
AGTCCAGCGGGTACGT-1,0,4,20,14882,3354
CATTCAGGTCAGTGCG-1,0,5,21,14767,3555
CTAAAGTCCGAAGCTA-1,0,4,22,14651,3354
AATCAGACTGCAGGAC-1,0,5,23,14536,3556
AGTATCCATAATAACG-1,0,4,24,14420,3355
CTGGCTGCTAACGTAA-1,0,5,25,14305,3556
GTTCCAAGACAGCGAC-1,0,4,26,14189,3356
AAGACTAACCCGTTGT-1,0,5,27,14074,3557
GATTAATCCTGGCTCA-1,0,4,28,13958,3356
CGCGCAAGGAACTACA-1,0,5,29,13843,3558
CAGTAGCGAGGTAGTA-1,0,4,30,13726,3357
ACGGCGGGTTGCCCTG-1,0,5,31,13611,3558
CTAGGCGGCAGAGAAT-1,0,4,32,13495,3358
GTGCGCAGCTTGCTCC-1,0,5,33,13380,3559
TCACTATCGTGCAATC-1,0,4,34,13264,3358
TATGATTCTGCTTGGT-1,0,5,35,13149,3560
TAAGATTTAGCGGGAG-1,0,4,36,13033,3359
TTACGGTGTCACCGAG-1,0,5,37,12918,3560
CTACACTAGCTTGTTC-1,0,4,38,12802,3359
TGAGCAGTCGTGAAGT-1,0,5,39,12687,3561
CGCTGAGGACGTCCAA-1,0,4,40,12571,3360
GTGTATGACTTTAAAG-1,0,5,41,12456,3561
CTAAACGGGTGTAATC-1,0,4,42,12340,3361
TGTACTGTGCCAAAGT-1,0,5,43,12225,3562
GGCCACAAGCGATGGC-1,0,4,44,12108,3361
GTCAATTGTACTGAAG-1,0,5,45,11993,3563
AGGGACAGCACGGCGG-1,0,4,46,11877,3362
AGCTTATAGAGACCTG-1,0,5,47,11762,3563
AACTAGCGTATCGCAC-1,0,4,48,11646,3363
AACTTTAGCTGCTGAG-1,0,5,49,11531,3564
CCCAAGACAGAGTATG-1,0,4,50,11415,3363
GGCATCAACGAGCACG-1,0,5,51,11300,3565
ATGCATTCCGTGATGG-1,0,4,52,11184,3364
TTATAGATGCACATTA-1,0,5,53,11069,3565
GAACCATCTGGGAGAC-1,0,4,54,10953,3364
TGCTATACAAACGGAC-1,0,5,55,10838,3566
ACTTGCCATATTGTAC-1,0,4,56,10722,3365
TATTCCGGCAGTCCTA-1,0,5,57,10607,3566
GACGGACCGCGTTCCT-1,0,4,58,10491,3366
ATGTGTAGTTTAGTCA-1,0,5,59,10376,3567
ATACCAGCAAATTGCT-1,0,4,60,10259,3366
AAGTTTACTAATGGCA-1,0,5,61,10144,3568
CTCTCGATGTGCGCCT-1,0,4,62,10028,3367
GATTGACACTCTGCTC-1,0,5,63,9913,3568
TATCACAGCACGGGCA-1,0,4,64,9797,3368
ACCGTTCCCGCTCTGA-1,0,5,65,9682,3569
CCGCCACCACAATCCA-1,0,4,66,9566,3368
CATTCACTGACAGCTA-1,0,5,67,9451,3570
CGGCTGCAAGATTAAG-1,0,4,68,9335,3369
CATGAACCTCTTATCA-1,0,5,69,9220,3570
TTAATGCGAGGTAACT-1,0,4,70,9104,3369
AATAAGTCCTCGAGAC-1,0,5,71,8989,3571
ACCAGCCCGGTCTTTG-1,0,4,72,8873,3370
CTACGAACTAGGTCGA-1,0,5,73,8758,3571
ACATCTCAACGCGTAA-1,0,4,74,8642,3371
CACTACTCAGTTCTGT-1,0,5,75,8526,3572
CCGACTCGCATAGTCT-1,0,4,76,8410,3371
CATTTATCGTTCAAGA-1,0,5,77,8295,3573
CAAACGTGGTCTTGCG-1,0,4,78,8179,3372
TAGAAACCACTAAGTA-1,0,5,79,8064,3573
ACTGATTTAGTGATTC-1,0,4,80,7948,3373
TCGTATTTCGTCCGGA-1,0,5,81,7833,3574
CGGAAATTTCACATCC-1,0,4,82,7717,3373
ATCCACGCTAAATGTT-1,0,5,83,7602,3575
GTTCAATCTATGTCAA-1,0,4,84,7486,3374
ATAAAGGTCAAGTACG-1,0,5,85,7371,3575
CAACTCCAACGTTTAG-1,0,4,86,7255,3374
TAGGAACAGCCTCCAG-1,0,5,87,7140,3576
ATGGGAACGGAAGCGG-1,0,4,88,7024,3375
CACACGTTTCAATGGG-1,0,5,89,6909,3576
GGTGTTCTGTTTCTAC-1,0,4,90,6792,3376
AGTAACGTTCATCCTG-1,0,5,91,6677,3577
GTATAGTGGCCCATGT-1,0,4,92,6561,3376
TCTACACGTTCATGCA-1,0,5,93,6446,3578
AATCTGGGTAGACCCT-1,0,4,94,6330,3377
TCGGTTAGCCATGTAG-1,0,5,95,6215,3578
TGCCATGGCTTATAAG-1,0,4,96,6099,3378
TAAGTAAATGTGCCGC-1,0,5,97,5984,3579
GTGTCCGATAAGGCAT-1,0,4,98,5868,3378
TGGCACGAGCTCGAGT-1,0,5,99,5753,3580
ACCGGTCTGAGTACGG-1,0,4,100,5637,3379
GAACTTAGCGCCCGGT-1,0,5,101,5522,3580
AGTAGCTAGACGCCGA-1,0,4,102,5406,3379
ATAGGAATCTAAGCTT-1,0,5,103,5291,3581
CTTCCTGCATATTTAC-1,0,4,104,5175,3380
CAATATGTAGATTTAC-1,0,5,105,5059,3581
ACAAGGCCTACCAGCC-1,0,4,106,4943,3381
TTATAGTCCAAGGTGC-1,0,5,107,4828,3582
AAACGCCCGAGATCGG-1,0,4,108,4712,3381
CCTCGTTACGCCTGTT-1,0,5,109,4597,3583
GAACGGTGTAAAGCAG-1,0,4,110,4481,3382
ACGCATAAATGACATG-1,0,5,111,4366,3583
GGTTCGATGCTGAGTT-1,0,4,112,4250,3383
CTTTGGCAGACAGAGT-1,0,5,113,4135,3584
TTCGTGGGCTGGAAGC-1,0,4,114,4019,3383
CAAAGGTTAAATTCAG-1,0,5,115,3904,3585
GTTTGGCGTCAGGCAC-1,0,4,116,3788,3384
GCTTTCTATCTCAACT-1,0,5,117,3673,3585
TGCATCTCCGGATCTT-1,0,4,118,3557,3384
CTGAAACGGCCCTCAG-1,0,5,119,3442,3586
TAGCAGTAAATACGCG-1,0,4,120,3325,3385
CGGGCTACTTAAATTG-1,0,5,121,3210,3586
ATTATGCTCAGTATTG-1,0,4,122,3094,3386
TGATGCTCACGTAGTC-1,0,5,123,2979,3587
GTCTAAGATGCCCAGC-1,0,4,124,2863,3386
AACCCGATAGGGCTTC-1,0,5,125,2748,3588
CGCTATCGTGGCTTTA-1,0,4,126,2632,3387
CGTCTCTCGCCGAGGC-1,0,5,127,2517,3588
AGTGGGAGTATACACG-1,0,6,0,17194,3750
GGTCTTGGTGTTAACT-1,0,7,1,17079,3951
GGCTGGCAGCTTTATG-1,0,6,2,16963,3750
CGCCAATTATTGCGTT-1,0,7,3,16848,3952
GGTAACCGGCAAAGGT-1,0,6,4,16732,3751
TGGGACCATTGGGAGT-1,0,7,5,16617,3952
CTGCAGGTGCTCGGCC-1,0,6,6,16501,3752
CCGGTGCGAGTGATAG-1,0,7,7,16386,3953
GGGTACACTCTGGAGG-1,0,6,8,16270,3752
TAGCCAGAGGGTCCGG-1,0,7,9,16155,3954
CTTGTGAGGACAGCGG-1,0,6,10,16039,3753
GAAGGGCATAACCATG-1,0,7,11,15924,3954
CAACATGGCCTGATAA-1,0,6,12,15808,3754
CAATTTGACCGGGAAG-1,0,7,13,15693,3955
TCTGACTGTAATGGTT-1,0,6,14,15577,3754
TTCATAGCCTTGTAAC-1,0,7,15,15462,3956
TGGAAACGGAGTGAAC-1,0,6,16,15345,3755
ATCGCACGATTGTTCA-1,0,7,17,15230,3956
CGCCACCCGCATTAAC-1,0,6,18,15114,3755
TGGACCACGGCGTTGA-1,0,7,19,14999,3957
GTATATGTTACGGCGG-1,0,6,20,14883,3756
GTATTCTTACCGTGCT-1,0,7,21,14768,3957
TTCAGAGTAACCTGAC-1,0,6,22,14652,3757
GCGGTAACCCAAATGA-1,0,7,23,14537,3958
CTACGTGTTGCCACCA-1,0,6,24,14421,3757
CTAGATAAACTCCTCG-1,0,7,25,14306,3959
TCCATTAGTTGGATAG-1,0,6,26,14190,3758
CTGGCTCCTGCGGGAT-1,0,7,27,14075,3959
CAGTCTCTCGGCTAAT-1,0,6,28,13959,3758
GTATGACGTGGGAAAC-1,0,7,29,13844,3960
AGTCACTCCGCCTCAT-1,0,6,30,13728,3759
GCAGCGGTGGGCATTA-1,0,7,31,13612,3961
TATGGAGTTTCTCGTT-1,0,6,32,13496,3760
ACTCAACGAATGTATT-1,0,7,33,13381,3961
AACACGCGGCCGCGAA-1,0,6,34,13265,3760
CGATATTAGCCGCAGG-1,0,7,35,13150,3962
AGCGTCTGAACCCGCA-1,0,6,36,13034,3761
GATGTCCGGATCACAT-1,0,7,37,12919,3962
GGTCACGTTAGATTCA-1,0,6,38,12803,3762
TTAAGGATACGGAGGT-1,0,7,39,12688,3963
GTGCGGGACCATCGGC-1,0,6,40,12572,3762
CCATCTTGTTCACAAT-1,0,7,41,12457,3964
TCCGAGAAGGCTAAGC-1,0,6,42,12341,3763
TGGCGGTGTGCGATTG-1,0,7,43,12226,3964
ATCCTGCTGCAGATAG-1,0,6,44,12110,3763
TTATGCGTCCCGGTCC-1,0,7,45,11995,3965
CATAATGAGCGGGCGA-1,0,6,46,11878,3764
AGACATAGATCCTTCC-1,0,7,47,11763,3966
GGTGAAACCGGGAATG-1,0,6,48,11647,3765
AACTGGTGTGGGCCTT-1,0,7,49,11532,3966
GTAGCGCTGTTGTAGT-1,0,6,50,11416,3765
TTGTTTGTGTAAATTC-1,0,7,51,11301,3967
GGATCAAAGGACGAGG-1,0,6,52,11185,3766
CGTAGCGCCGACGTTG-1,0,7,53,11070,3967
CAAGTGAACTTTGGTT-1,0,6,54,10954,3767
GTAGACAACCGATGAA-1,0,7,55,10839,3968
CAATGGTCGGCCTGGG-1,0,6,56,10723,3767
ACAGATTAGGTTAGTG-1,0,7,57,10608,3969
GTTATCACCTTCTGAA-1,0,6,58,10492,3768
TGGTATCGGTCTGTAT-1,0,7,59,10377,3969
GGAATAACCTCAAGAA-1,0,6,60,10261,3768
ATTATCTCGACAGATC-1,0,7,61,10145,3970
CCGAGGGATGTTAGGC-1,0,6,62,10029,3769
TGAGATCAAATACTCA-1,0,7,63,9914,3971
AAACGAAGAACATACC-1,0,6,64,9798,3770
CTGGTCCTAACTTGGC-1,0,7,65,9683,3971
TGCACGAGTCGGCAGC-1,0,6,66,9567,3770
ATAGTCTTTGACGTGC-1,0,7,67,9452,3972
TGGAGCTAAAGTTCCC-1,0,6,68,9336,3771
GGGTGGTCCAGCCTGT-1,0,7,69,9221,3972
CATGCATGGAGACCCT-1,0,6,70,9105,3772
ACACGGCACTATGCAT-1,0,7,71,8990,3973
CCCTGGTATGGGCGGC-1,0,6,72,8874,3772
GGAGGATTGAAAGGAG-1,0,7,73,8759,3974
CCGCTGGTGCCATTCA-1,0,6,74,8643,3773
GTTAGAGTGTGCCGCT-1,0,7,75,8528,3974
TCGGAATGACCATCAA-1,0,6,76,8411,3773
TTCAATTAGCCATAAT-1,0,7,77,8296,3975
GATGTGTTGTCACAAG-1,0,6,78,8180,3774
TCTTTCTCTTAAGGAG-1,0,7,79,8065,3976
ACCCTTTAGTTCTCCA-1,0,6,80,7949,3775
ACCACAACTCAGAACA-1,0,7,81,7834,3976
TATGATAAATCTAACG-1,0,6,82,7718,3775
GATCCTCTTGCGCTTA-1,0,7,83,7603,3977
TTCTACCTTTATGTTG-1,0,6,84,7487,3776
GAAATACCTGCTGGCT-1,0,7,85,7372,3977
ATTCTGAGTATGAACT-1,0,6,86,7256,3777
GGATTAAGCTAAGGTC-1,0,7,87,7141,3978
AGTACGTGGCCTGTCT-1,0,6,88,7025,3777
TCAGGGTGCACGAAAC-1,0,7,89,6910,3979
AAATTTACCGAAATCC-1,0,6,90,6794,3778
TTGAGGCATTTAACTC-1,0,7,91,6679,3979
AACCAGTATCACTCTT-1,0,6,92,6562,3778
CACCGGAGATATCTCC-1,0,7,93,6447,3980
GACTGGGCGCCGCAAC-1,0,6,94,6331,3779
CACGTCTATGATGTGG-1,0,7,95,6216,3980
TTAAGACGAACGAACC-1,0,6,96,6100,3780
TGACCAGCTTCAAAGT-1,0,7,97,5985,3981
AGAGTTAGAGACCGAT-1,0,6,98,5869,3780
TTCGGACTGATGCCTT-1,0,7,99,5754,3982
CTCGAATGGAACGTAT-1,0,6,100,5638,3781
GGACGGCTTGCGCAAC-1,0,7,101,5523,3982
CTAAGTACAGGGCTAC-1,0,6,102,5407,3782
ACAAATTCAGATCTGA-1,0,7,103,5292,3983
CATGGAAATGGGACCA-1,0,6,104,5176,3782
GGTGGACCACGTGTTA-1,0,7,105,5061,3984
CACGACGTAATAGTAA-1,0,6,106,4944,3783
CGGGTTCGGCACGTAT-1,0,7,107,4829,3984
CTGGGCTATCCTTTGG-1,0,6,108,4713,3783
GTATTAGGGTTCGCGT-1,0,7,109,4598,3985
TCATTCGTATAATTTG-1,0,6,110,4482,3784
AATAGCAAGCCTCCTG-1,0,7,111,4367,3985
CATCTACCCGAGAACG-1,0,6,112,4251,3785
GCTTCAGTGGGATTAC-1,0,7,113,4136,3986
TCTGTGATGGAGGTTG-1,0,6,114,4020,3785
ATCCACTTTCAGACTA-1,0,7,115,3905,3987
ATGGTTACGAAACATG-1,0,6,116,3789,3786
GGCCCAATCTAGAGGG-1,0,7,117,3674,3987
GATGGTGAAATAACCC-1,0,6,118,3558,3787
AGAGGGACAATTGTCC-1,0,7,119,3443,3988
CGCGTACATTCTGGAA-1,0,6,120,3327,3787
CAAGAAACCCTAAACT-1,0,7,121,3212,3989
TTGGTGCGGTGTTGAA-1,0,6,122,3095,3788
GGTTCCCTAGTGTCTC-1,0,7,123,2980,3989
CGATAACCAATTTGAG-1,0,6,124,2864,3788
GCCCACTGGTCCACAA-1,0,7,125,2749,3990
GAGGGCCGGCAGAGTC-1,0,6,126,2633,3789
CGACACGGATGCCCAC-1,0,7,127,2518,3990
CTGTCTGTGGCTGGCT-1,0,8,0,17196,4152
ATATTATCCCGTATTT-1,0,9,1,17081,4353
GCGCTGGCGGAAAGTC-1,0,8,2,16964,4153
ATCTAACGTCCCTATG-1,0,9,3,16849,4354
GTCAGACAGCGTTGGA-1,0,8,4,16733,4153
GCCAGGCTTAGTGGTA-1,0,9,5,16618,4355
ATTCAAAGTACCTGTT-1,0,8,6,16502,4154
TGGACGTAGGCGAATC-1,0,9,7,16387,4355
ACACATTGACGCAACA-1,0,8,8,16271,4154
GATATCAGTATGTATC-1,0,9,9,16156,4356
TGGGCCTTGCCTGCAT-1,0,8,10,16040,4155
CAAAGTCAGGTTAGCT-1,0,9,11,15925,4356
GGATCCCTACCAGCTA-1,0,8,12,15809,4156
ATCGTCCAATCGAGTC-1,0,9,13,15694,4357
ACATGGCTCAATTTAG-1,0,8,14,15578,4156
AGGCCCAGTGACTGGT-1,0,9,15,15463,4358
GCTTCCAGCTTAGATT-1,0,8,16,15347,4157
TGCTTGAAACCATGCA-1,0,9,17,15231,4358
CAATATTGGACTAGTG-1,0,8,18,15115,4158
CGTGCTGGCCTAGTCG-1,0,9,19,15000,4359
CCTGCGATAGAACTGT-1,0,8,20,14884,4158
GGGTAATGCTGTGTTT-1,0,9,21,14769,4360
AACGCGAACGGCAACA-1,0,8,22,14653,4159
TGTCGGCATGGTGGAA-1,0,9,23,14538,4360
AGCGTACGAGAGCTAG-1,0,8,24,14422,4159
ATACTCTCGCCACTCT-1,0,9,25,14307,4361
AATCCATGCAAGGGTG-1,0,8,26,14191,4160
TTAAACAGAGTCCCGC-1,0,9,27,14076,4361
CCACAGCTGAAATCAT-1,0,8,28,13960,4161
CGGTTCCGGCTTCTTG-1,0,9,29,13845,4362
GACGTGAGACTCCATG-1,0,8,30,13729,4161
TCGTTGGCTCGTCAAT-1,0,9,31,13614,4363
GGTGAACGGGCTAGCC-1,0,8,32,13497,4162
GCACTGTGCAAATGTA-1,0,9,33,13382,4363
ACGAGAACCCATCACG-1,0,8,34,13266,4163
CCAGCTACGCCTCATA-1,0,9,35,13151,4364
TCCCGGTCAGGAATTT-1,0,8,36,13035,4163
TCGCATTCAATGACTT-1,0,9,37,12920,4365
CTGGTTCAACGCATCA-1,0,8,38,12804,4164
GGTGATTTCATCTTGT-1,0,9,39,12689,4365
CACCCTTTCCTCGCTC-1,0,8,40,12573,4164
CAACTTGTAGTGGGCA-1,0,9,41,12458,4366
AATATCAAGGTCGGAT-1,0,8,42,12342,4165
ACTCAGACCTGCTTCT-1,0,9,43,12227,4366
TTGGAGTCTCCCTTCT-1,0,8,44,12111,4166
GGATACTCATGAATTG-1,0,9,45,11996,4367
TGGGCACAAACAGAAC-1,0,8,46,11880,4166
GAGCCACGGTAGTAGG-1,0,9,47,11765,4368
TCGATAGGCTAGTCGC-1,0,8,48,11648,4167
TAACCGCCCGCAGTGC-1,0,9,49,11533,4368
GCCTATTTGCTACACA-1,0,8,50,11417,4168
TTGACGATTCAGCACG-1,0,9,51,11302,4369
TTAAACCGGTAGCGAC-1,0,8,52,11186,4168
ACCGAAAGGGCCCTGC-1,0,9,53,11071,4370
ACGTTCCGCGCTCCGT-1,0,8,54,10955,4169
ATACCAGGCTAATAGA-1,0,9,55,10840,4370
CGGCTTTGTATGATAA-1,0,8,56,10724,4169
CTTGACCCGAAAGATA-1,0,9,57,10609,4371
CGCAGAAACATTTGCG-1,0,8,58,10493,4170
GACCCGTCGCCGGCTA-1,0,9,59,10378,4371
AATCGGGACACTACGA-1,0,8,60,10262,4171
GTCACAAAGTTTCCAA-1,0,9,61,10147,4372
TATATTCGCGTCGATA-1,0,8,62,10030,4171
CCTCCCGACAATCCCT-1,0,9,63,9915,4373
CGACATGCGATCTTCT-1,0,8,64,9799,4172
AACACGACTGTACTGA-1,0,9,65,9684,4373
CCCAACCACACTAACA-1,0,8,66,9568,4173
CACCGCCGACCAGCGA-1,0,9,67,9453,4374
TGGTATCGCATCCCAA-1,0,8,68,9337,4173
CAGAGTGATTTAACGT-1,0,9,69,9222,4375
AACCCTGGTGGAACCA-1,0,8,70,9106,4174
GTCAGTTGTGCTCGTT-1,0,9,71,8991,4375
ATTGACGTAACTCGGT-1,0,8,72,8875,4174
GATGTCGGTCAACTGC-1,0,9,73,8760,4376
AGGGCAGCGGCGTGGT-1,0,8,74,8644,4175
ACATCGTTAACCTAGT-1,0,9,75,8529,4376
TCCATTGTGACCTCGT-1,0,8,76,8413,4176
TGTTTAATACTTCATC-1,0,9,77,8298,4377
TTGCTGGCCGGGCTTC-1,0,8,78,8181,4176
CATATTATTTGCCCTA-1,0,9,79,8066,4378
CTGCCTAGCCACCAAG-1,0,8,80,7950,4177
ACGAGATATTTGCTTA-1,0,9,81,7835,4378
GACTACAATTGCTCGT-1,0,8,82,7719,4178
AACGTGATGAAGGACA-1,0,9,83,7604,4379
ACTCTCTTATACACGA-1,0,8,84,7488,4178
CGCATCATGGCTTCAG-1,0,9,85,7373,4380
CGGCTCTTCGTCGAAC-1,0,8,86,7257,4179
ATTCTTCGTACTTATG-1,0,9,87,7142,4380
AGTGAGGGTTTCTGAC-1,0,8,88,7026,4179
GCCAGGCGTTCGCATG-1,0,9,89,6911,4381
GACTAACACAGCACCT-1,0,8,90,6795,4180
CAATGGAATCTACATA-1,0,9,91,6680,4381
GTGGTCAGCGAAGTAT-1,0,8,92,6563,4181
ATGGCTGGAAATGGCC-1,0,9,93,6448,4382
ATCAGGTCGCCATTGC-1,0,8,94,6332,4181
TATCACCATGTAAAGT-1,0,9,95,6217,4383
AGCGCTTATGGGCAAG-1,0,8,96,6101,4182
AAGCGGCGTCATGGGT-1,0,9,97,5986,4383
ACTAATACGTCAGGCG-1,0,8,98,5870,4183
GGCTGAGCATCGTAAG-1,0,9,99,5755,4384
CGGTTGGGTTCAAGTT-1,0,8,100,5639,4183
GACTGATTGGTCACAA-1,0,9,101,5524,4385
AGACGGGCCGATTTAA-1,0,8,102,5408,4184
ACCAGTGCCCGGTCAA-1,0,9,103,5293,4385
GTCCTTTAATGACTTC-1,0,8,104,5177,4184
CCTACAAGTCCGGAAT-1,0,9,105,5062,4386
GCCTGCTACACTGAGA-1,0,8,106,4946,4185
GACTCGGTCGGCGGAT-1,0,9,107,4831,4386
CTAGACATATATGTAG-1,0,8,108,4714,4186
TCGCCCAACTGACTCC-1,0,9,109,4599,4387
AAACTAACGTGGCGAC-1,0,8,110,4483,4186
AACTGAGGTCAGCGTC-1,0,9,111,4368,4388
ACAATGATTCTTCTAC-1,0,8,112,4252,4187
ATAAGTACCCGATTGT-1,0,9,113,4137,4388
ATTGGGAGTTCTGTAA-1,0,8,114,4021,4188
CGAACATAGTCAGAAA-1,0,9,115,3906,4389
TAGCTCAGATCCTAGT-1,0,8,116,3790,4188
GTGTCGTATTCACCTT-1,0,9,117,3675,4390
CTCACCGATCCAAACT-1,0,8,118,3559,4189
ATATGTGCACAAACCA-1,0,9,119,3444,4390
CAGTCCAACGCCTTCT-1,0,8,120,3328,4189
TCGTCCGGGTACACTC-1,0,9,121,3213,4391
GCAGAAACGTAATCCA-1,0,8,122,3096,4190
TTCGAGCCGGCGCTAC-1,0,9,123,2981,4391
GGAAGATAAGACTGTA-1,0,8,124,2865,4191
ATAAGCAAACACCGAG-1,0,9,125,2750,4392
GCATAAATTGAACGCC-1,0,8,126,2634,4191
CGCCGGTGTCGCAGTA-1,0,9,127,2519,4393
GACCTGGTCTGGGCGT-1,0,10,0,17197,4554
AGCCGCTTGATTAGCG-1,0,11,1,17082,4755
CCCGGCTAGGTGAGAA-1,0,10,2,16966,4555
CGAGCCGAGCACTCGA-1,0,11,3,16851,4756
TAGTGCTTGAATCCTT-1,0,10,4,16734,4555
CAACCGCACCTAGACA-1,0,11,5,16619,4757
ACCACTGTTCAAGAAG-1,0,10,6,16503,4556
AGATGCTATAACGAGC-1,0,11,7,16388,4757
AATTACTCGTACGCTC-1,0,10,8,16272,4557
CGTCAATCTTTAACAT-1,0,11,9,16157,4758
CCAAAGCAGTTGGTTG-1,0,10,10,16041,4557
CCATATTGGATCATGA-1,0,11,11,15926,4759
CGTACCGAAAGTCTAG-1,0,10,12,15810,4558
CTCGAGATCCAAAGCA-1,0,11,13,15695,4759
TGGATAGAGTAACAGA-1,0,10,14,15579,4558
TCACAGATCCTCAAAC-1,0,11,15,15464,4760
AGAGCTACGAAAGCAT-1,0,10,16,15348,4559
TGCGTGATTGGGTGTC-1,0,11,17,15233,4760
CACATGTTTGGACATG-1,0,10,18,15116,4560
TTCGCATCCGGAAGCA-1,0,11,19,15001,4761
CCCTAGTGTCAGGTGT-1,0,10,20,14885,4560
TTACCGCCTTAGGGAA-1,0,11,21,14770,4762
CCAGTCCATTATTCGA-1,0,10,22,14654,4561
CGTAAACGCTTGAGTG-1,0,11,23,14539,4762
ATTCCTTCCAGGCGGT-1,0,10,24,14423,4562
TTCCTTTCTGTGTTGC-1,0,11,25,14308,4763
AGTTGACATCGGCTGG-1,0,10,26,14192,4562
AACTCGATGGCGCAGT-1,0,11,27,14077,4764
GATAAGGCAGATGCAA-1,0,10,28,13961,4563
GGCTGGCTAGCTTAAA-1,0,11,29,13846,4764
CCTCATGCAGCTACGA-1,0,10,30,13730,4563
GACGCCTGTTGCAGGG-1,0,11,31,13615,4765
TAATTAGATGGATATG-1,0,10,32,13499,4564
GAGGGCATCGCGTATC-1,0,11,33,13384,4765
CTTGTGAGTCTTTGAC-1,0,10,34,13267,4565
TCAACACATTGGGTAA-1,0,11,35,13152,4766
ACTGTATACGCGAGCA-1,0,10,36,13036,4565
GTGAAACGTGCTCCAC-1,0,11,37,12921,4767
CGAGTGCTATAGTTCG-1,0,10,38,12805,4566
GTACTGCATGAAGCGT-1,0,11,39,12690,4767
GTAACTTGCGGCAGTC-1,0,10,40,12574,4567
GAATCGCCGGACACGG-1,0,11,41,12459,4768
GGGAGTAATGGCTGGC-1,0,10,42,12343,4567
CATGAACCGACATTTG-1,0,11,43,12228,4769
TCTGTCATACAAGAGC-1,0,10,44,12112,4568
GTCGTCAATTATAAGG-1,0,11,45,11997,4769
TAAAGAGCCCGAAACC-1,0,10,46,11881,4568
GTACTGAGGTCGTAAC-1,0,11,47,11766,4770
AAAGACCCAAGTCGCG-1,0,10,48,11649,4569
CGTCAGTGCGCACAAG-1,0,11,49,11534,4770
TGTATCCTTATTCCAT-1,0,10,50,11418,4570
ATTCTCGTCTCTTTAG-1,0,11,51,11303,4771
AAAGTCACTGATGTAA-1,0,10,52,11187,4570
TGTCTACAGTTTCTGT-1,0,11,53,11072,4772
TTAACGTCGCAAGACC-1,0,10,54,10956,4571
CTATGTCTATTGAAAC-1,0,11,55,10841,4772
TCGGGTGAAACTGCTA-1,0,10,56,10725,4572
TGTCCCGACATAGCAC-1,0,11,57,10610,4773
ACAGCATAGAGCCAGT-1,0,10,58,10494,4572
ATATTCCCACAGGTCA-1,0,11,59,10379,4774
TTGGATCGACTTCTGG-1,0,10,60,10263,4573
CACCATCGGAGGAGAC-1,0,11,61,10148,4774
TCGTTCGTTATTATGT-1,0,10,62,10032,4573
CTTAACTTCGAAGTAC-1,0,11,63,9917,4775
GCACAAGTGTCGGAAG-1,0,10,64,9800,4574
TACCAGCTAGGTTTAA-1,0,11,65,9685,4775
ACGTACAGATTTCTCT-1,0,10,66,9569,4575
AATTTGGTTCCAAAGA-1,0,11,67,9454,4776
GTAAGGATTTGTCGGA-1,0,10,68,9338,4575
CATCATCTACCCGGAC-1,0,11,69,9223,4777
ACGATGGATCCGATGC-1,0,10,70,9107,4576
CACTCAGCTCTTGAGG-1,0,11,71,8992,4777
TAGATCCGAAGTCGCA-1,0,10,72,8876,4577
TGAAACTTATGCAAGC-1,0,11,73,8761,4778
GCGATTCTGGAAGCAG-1,0,10,74,8645,4577
CAAACTATTGAGCTTC-1,0,11,75,8530,4779
TAGAATTAAGGGCAAC-1,0,10,76,8414,4578
CGAAACATAGATGGCA-1,0,11,77,8299,4779
GATGGTGCCCTAGGCA-1,0,10,78,8182,4578
CCCGCAGGGCCCAAAG-1,0,11,79,8067,4780
ACAGCGCACCCGCAGC-1,0,10,80,7951,4579
GGTAAATGTGCGTTAC-1,0,11,81,7836,4780
GTCCTTCTAGTGGGTT-1,0,10,82,7720,4580
GGAAGCTCGCTTACAG-1,0,11,83,7605,4781
CACCGATACACCGAGC-1,0,10,84,7489,4580
CAGCCGGGCCCTCTAT-1,0,11,85,7374,4782
CGGAGCTTATAACACC-1,0,10,86,7258,4581
ATTACAACTACCGGCC-1,0,11,87,7143,4782
TCCTCTGGCCCATTAG-1,0,10,88,7027,4582
CGGCACCGTTAGCGCC-1,0,11,89,6912,4783
TCGGTCCCTGACTCCA-1,0,10,90,6796,4582
TGGTTGGAGGATCCTG-1,0,11,91,6681,4784
CTGCGGTAGTCACGTG-1,0,10,92,6565,4583
GTGCCTCAGTGTACGG-1,0,11,93,6450,4784
ATCGTTCACTTTCGCC-1,0,10,94,6333,4583
ACTTACCGGGCGCGCA-1,0,11,95,6218,4785
CTAGACTGCATTTCGT-1,0,10,96,6102,4584
TTGCCGGTGATCCCTC-1,0,11,97,5987,4785
CTGTCACGCCAGGCGC-1,0,10,98,5871,4585
CGGTATAGGTATTAGC-1,0,11,99,5756,4786
CCAACGCTTGCCAGGG-1,0,10,100,5640,4585
CGTTGAGTAATTGCGT-1,0,11,101,5525,4787
TGTATTTACCTAATGC-1,0,10,102,5409,4586
TAAATGCCGTCTCATG-1,0,11,103,5294,4787
CGGTTTATGAAGGAAC-1,0,10,104,5178,4587
GCAAGATGTGTTCGCG-1,0,11,105,5063,4788
AAAGGTAAGCTGTACC-1,0,10,106,4947,4587
GTACGTCACGTATTAA-1,0,11,107,4832,4789
AGTACCTTCGAGTGCT-1,0,10,108,4716,4588
ATTGTGACTTCGCTGC-1,0,11,109,4600,4789
TGTATCAGACTGAAGC-1,0,10,110,4484,4588
GAGACCCTGCAACGCC-1,0,11,111,4369,4790
TGGGTGGGATGTCATT-1,0,10,112,4253,4589
GGCTAATGATTGAAAT-1,0,11,113,4138,4790
ATAACGTTACCTCCAC-1,0,10,114,4022,4590
TGCGAGATGGCGGCCA-1,0,11,115,3907,4791
CACACTTGTATTGCGA-1,0,10,116,3791,4590
GCTGGTGACTCGTAGT-1,0,11,117,3676,4792
CGACACCGCTTAAGGA-1,0,10,118,3560,4591
GTAACAACTGACCTTG-1,0,11,119,3445,4792
CAACTGAGGGTATGAC-1,0,10,120,3329,4592
CTAATTATGAAGCGTA-1,0,11,121,3214,4793
CCGATCTTAAGAGGCT-1,0,10,122,3098,4592
CGACTCGGTACACGGT-1,0,11,123,2983,4794
TGCTGCGTCAGAGTTA-1,0,10,124,2866,4593
AGAGTTGCAGGCCTCC-1,0,11,125,2751,4794
ACTGGCGAACCTGCGT-1,0,10,126,2635,4593
ACTAAGGACGCACACC-1,0,11,127,2520,4795
CGTCCAGATGGCTCCA-1,0,12,0,17198,4956
ACTATCGCCGGCTAAA-1,0,13,1,17083,5158
GATAGCGTACCACGCG-1,0,12,2,16967,4957
AGGACTTATAGGAGAA-1,0,13,3,16852,5158
TAGTCGGGATTCTTCG-1,0,12,4,16735,4958
ACCATTAAGGGTGTCA-1,0,13,5,16620,5159
TTAATGTGTTTGCAGG-1,0,12,6,16504,4958
TCCGCAGCCACCTAGC-1,0,13,7,16389,5160
GAGGAGATCCTCATGC-1,0,12,8,16273,4959
GGTCCTTCATACGACT-1,0,13,9,16158,5160
CCCTGTTGGCAAAGAC-1,0,12,10,16042,4959
GTGCCTAGCTATGCTT-1,0,13,11,15927,5161
GTCATCTCCTACAGCT-1,0,12,12,15811,4960
GCGAGAAACGGGAGTT-1,0,13,13,15696,5161
CGTCGCGGCGGGATTT-1,0,12,14,15580,4961
CATTGTGTGCTAGATC-1,0,13,15,15465,5162
CGCGGCAGTATTACGG-1,0,12,16,15349,4961
GAAATGGGATGTAAAC-1,0,13,17,15234,5163
CATTCCCTAAGTACAA-1,0,12,18,15118,4962
AGTTCTGCGTTGTATC-1,0,13,19,15003,5163
ACCCTATAGGACTGAG-1,0,12,20,14886,4963
TTAGATAGGTCGATAC-1,0,13,21,14771,5164
ATTGATAGCAACGAGA-1,0,12,22,14655,4963
TCTCGGCTCCAGGACT-1,0,13,23,14540,5165
CTTGAGGTTATCCCGA-1,0,12,24,14424,4964
AAGAAGGATCAGTTAG-1,0,13,25,14309,5165
GTACGACGGCGCTGCG-1,0,12,26,14193,4964
CTTATGTTGACTACCA-1,0,13,27,14078,5166
CGGCACTCAAGAAAGT-1,0,12,28,13962,4965
GTCAAAGTTTACATAG-1,0,13,29,13847,5166
CTCCTAAGTTATGTCT-1,0,12,30,13731,4966
ACTGTGCTAGTAGATC-1,0,13,31,13616,5167
GTTTGGCCGCTCAGCG-1,0,12,32,13500,4966
TTATCCAATCGAACTC-1,0,13,33,13385,5168
CCGTACCCAAGCGCCA-1,0,12,34,13268,4967
CATACAAAGCCGAACC-1,0,13,35,13153,5168
GGTCGGTAATTAGACA-1,0,12,36,13037,4968
AGCGGGAAGGGTCCAT-1,0,13,37,12922,5169
GCCCACCAAGGCTGTC-1,0,12,38,12806,4968
GTAGACGTCGTTACAT-1,0,13,39,12691,5170
GAGCATCATCCCTGGG-1,0,12,40,12575,4969
AGGTAACCTCCTATTC-1,0,13,41,12460,5170
GGTTTGAGTGCTGGAA-1,0,12,42,12344,4969
GCACTAGTCGCGCTAT-1,0,13,43,12229,5171
GGTAACTATGTATCTG-1,0,12,44,12113,4970
GCGGTCCCTAGACGCA-1,0,13,45,11998,5171
CGAGCGTTGATCAGCC-1,0,12,46,11882,4971
AATCCAAGGGCCTGAG-1,0,13,47,11767,5172
CCGTGCCCATGACGGC-1,0,12,48,11651,4971
GAAATTCACATCGCTG-1,0,13,49,11536,5173
CTCTGCGAAGCAAGCA-1,0,12,50,11419,4972
AGTAGGTAACATACAT-1,0,13,51,11304,5173
ATTGGGAATATCTTGG-1,0,12,52,11188,4973
TAGAGCTACGAAGAAC-1,0,13,53,11073,5174
TGCGGCATAGTTCAAC-1,0,12,54,10957,4973
CCGCCGGTCAACACAC-1,0,13,55,10842,5175
TCGTATAGTGCAATTA-1,0,12,56,10726,4974
TAGTTTATTCTTGCTT-1,0,13,57,10611,5175
GATATCTCATGCAATA-1,0,12,58,10495,4974
CGTTTAAGCGGAGCAC-1,0,13,59,10380,5176
CATGCTGGCTCCAATT-1,0,12,60,10264,4975
GAAACAGCCATGCAGT-1,0,13,61,10149,5176
AGTTTCGCAGGTCGGA-1,0,12,62,10033,4976
CTCATGGCTCACAATC-1,0,13,63,9918,5177
AACCGTTGTGTTTGCT-1,0,12,64,9802,4976
ACCCTTCATCTGCGAA-1,0,13,65,9686,5178
TGCGGTGAAATTTCAT-1,0,12,66,9570,4977
CAAATTGTCAGCAAGC-1,0,13,67,9455,5178
GAGGTACATCCATCTT-1,0,12,68,9339,4977
AAATGGCATGTCTTGT-1,0,13,69,9224,5179
TCATCCCAGAGGGTGG-1,0,12,70,9108,4978
CGTAGCGAATTGTCAG-1,0,13,71,8993,5180
CCTAGTTAGTCGCATG-1,0,12,72,8877,4979
GAAACTCTAATGAAGG-1,0,13,73,8762,5180
TTGTATCACACAGAAT-1,0,12,74,8646,4979
TTCAAGCCGAGCTGAG-1,0,13,75,8531,5181
AGGTACGATATTGCCA-1,0,12,76,8415,4980
TTAAGCCGACAACTTC-1,0,13,77,8300,5181
GTCTTAGTACAGCCGG-1,0,12,78,8184,4981
TGGGTAAGGTTCCCGC-1,0,13,79,8069,5182
CTACGCCATTTCCGAT-1,0,12,80,7952,4981
GACCGTCAGGTCGTGA-1,0,13,81,7837,5183
TAGTTAAGATAGGATA-1,0,12,82,7721,4982
GAATATTCGGAGTCCC-1,0,13,83,7606,5183
CAAACTACGATAGAGA-1,0,12,84,7490,4982
CAGGAAGACTTTATAT-1,0,13,85,7375,5184
TTCGTAATCCCAGCGG-1,0,12,86,7259,4983
GTGAGGAGCGGTTGAG-1,0,13,87,7144,5185
CAATCCCTATACCAGC-1,0,12,88,7028,4984
AGGGAAACGAGGTACT-1,0,13,89,6913,5185
TCCTGCCAACTGGAGA-1,0,12,90,6797,4984
AATTTGGGACATAGTA-1,0,13,91,6682,5186
AACTCCTAATCCCATG-1,0,12,92,6566,4985
GCTCATTACTGCATGT-1,0,13,93,6451,5186
TCTCGAACGAGGTCAC-1,0,12,94,6335,4986
TCACTACGACCAATGC-1,0,13,95,6219,5187
GTGATGCACAACATCT-1,0,12,96,6103,4986
CCGACGTAAACACAAC-1,0,13,97,5988,5188
TGGGATGCACTCATTC-1,0,12,98,5872,4987
TTCCATCATGCGGTGA-1,0,13,99,5757,5188
TGCACAGTGAAGTTAT-1,0,12,100,5641,4987
CTATTGTGTTTGGTCA-1,0,13,101,5526,5189
TGCGAGCCCTTCCGCG-1,0,12,102,5410,4988
TTGAAAGGTGTAAAGG-1,0,13,103,5295,5190
GGTGCAGAGCCTATCG-1,0,12,104,5179,4989
ACTATATGCTGTGTTC-1,0,13,105,5064,5190
TCCTGGCGCTGCCTGG-1,0,12,106,4948,4989
GAGCCGAGCGTTTATT-1,0,13,107,4833,5191
AGAATGCGGGTTCGGA-1,0,12,108,4717,4990
ATGCGACAATTGGTCC-1,0,13,109,4602,5191
TTCCGGCTCGACTTCT-1,0,12,110,4485,4991
TGATTATGGCACGCAG-1,0,13,111,4370,5192
GGTTTGACAAGAAGCT-1,0,12,112,4254,4991
GCAGCTATGGACAGGT-1,0,13,113,4139,5193
CACCATGATCGCAAAG-1,0,12,114,4023,4992
GTCGGAAGGATACCAG-1,0,13,115,3908,5193
GGCCCAGTTATCAGCA-1,0,12,116,3792,4992
GGGCCTATTTAAGTAT-1,0,13,117,3677,5194
GTTGTTACATTGCGCT-1,0,12,118,3561,4993
CAACTCCGTAACTTGC-1,0,13,119,3446,5194
GATCTTTGCTCAAAGA-1,0,12,120,3330,4994
TCGCTTAATTACGAAG-1,0,13,121,3215,5195
CGATCATTAGAGGCAC-1,0,12,122,3099,4994
TGTTCTCTACTCCCTA-1,0,13,123,2984,5196
GCTTAGGGAAGCGGTA-1,0,12,124,2868,4995
CAGGTTTAGTACTACA-1,0,13,125,2753,5196
AAGCGGAGTGCGCGCA-1,0,12,126,2636,4996
TCAGATGGAGACGTAG-1,0,13,127,2521,5197
TCGCACTAACGTTTGT-1,0,14,0,17199,5358
CACGTCGGGTTCTAGA-1,0,15,1,17084,5560
GGAGTACACATGAGCT-1,0,14,2,16968,5359
GTGTGTCGACGTCGCT-1,0,15,3,16853,5560
GAAGCTCTTTGCTTAG-1,0,14,4,16737,5360
ACACCGAGCGCTCTTT-1,0,15,5,16622,5561
CGTAATAATTACGAGT-1,0,14,6,16505,5360
CATCAACACCTACTAA-1,0,15,7,16390,5562
CCAAGTTTCTACAGAT-1,0,14,8,16274,5361
ACGGGTCATGTGACTT-1,0,15,9,16159,5562
AGTGTGCTAAGATCGC-1,0,14,10,16043,5362
GGCGGTTTGCCGGTGC-1,0,15,11,15928,5563
GTATAATCTCCCGGAT-1,0,14,12,15812,5362
TAGTCCGTATGCATAA-1,0,15,13,15697,5564
CACTTCGTCTTATCTC-1,0,14,14,15581,5363
CATCCGCAGGCCCGAA-1,0,15,15,15466,5564
CCCTGATGTAACTCGT-1,0,14,16,15350,5363
CCATAGTCAGTAACCC-1,0,15,17,15235,5565
CGGGCCATAGCCGCAC-1,0,14,18,15119,5364
CTCCGGCTTGTAGACA-1,0,15,19,15004,5565
AACTTGCGTTCTCGCG-1,0,14,20,14888,5365
AATGAGTTCGCATATG-1,0,15,21,14772,5566
CGAGGCCAGGCATTGG-1,0,14,22,14656,5365
TCTGCGTCCGGTTTCT-1,0,15,23,14541,5567
CAATCCTGCCGTGGAG-1,0,14,24,14425,5366
CTGAGCAAGTAACAAG-1,0,15,25,14310,5567
GGGTACCCACGGTCCT-1,0,14,26,14194,5367
ACGGAATTTAGCAAAT-1,0,15,27,14079,5568
GGGCGGTCCTATTGTC-1,0,14,28,13963,5367
ATGTTACGAGCAATAC-1,0,15,29,13848,5569
AACCATGGGATCGCTA-1,0,14,30,13732,5368
TCGCATCCCTAAGTGT-1,0,15,31,13617,5569
ACTTAGTACGACAAGA-1,0,14,32,13501,5368
GAGCTCTCGGACCTAA-1,0,15,33,13386,5570
TCTATTACGCTGGCGA-1,0,14,34,13270,5369
AGATACGACTTCATAT-1,0,15,35,13155,5570
CGCTATACCGCCCACT-1,0,14,36,13038,5370
CAGTGTCCGCAGAATG-1,0,15,37,12923,5571
CCATCCATACCAAGTC-1,0,14,38,12807,5370
AACCCAGAGACGGAGA-1,0,15,39,12692,5572
GAAGAACGGTGCAGGT-1,0,14,40,12576,5371
GATAAATCGGTGGATG-1,0,15,41,12461,5572
CAGCTCGTGCTTGTGT-1,0,14,42,12345,5372
GAGTACGGGTATACAA-1,0,15,43,12230,5573
CATCGCCCGCGGCCAA-1,0,14,44,12114,5372
TCTTACAGAGGTACCG-1,0,15,45,11999,5574
TGGAAGACGAACACCA-1,0,14,46,11883,5373
GTTGTCGTGTTAGTTG-1,0,15,47,11768,5574
CCAAGGAACAGAGAGG-1,0,14,48,11652,5373
CTGCACCTGGAACCGC-1,0,15,49,11537,5575
CGCTTTCATACCGGTG-1,0,14,50,11421,5374
GTTCTTCCCTCGATGT-1,0,15,51,11306,5575
ATTTAACTCGTATTAC-1,0,14,52,11189,5375
AACGATAGAAGGGCCG-1,0,15,53,11074,5576
TATCCTGCATGGGAAT-1,0,14,54,10958,5375
AGGCCCATTGTACAGG-1,0,15,55,10843,5577
CCGGCGCATATTGGAT-1,0,14,56,10727,5376
ATCTGTAATTGTACCC-1,0,15,57,10612,5577
GAGCGAGGGAGTACCG-1,0,14,58,10496,5377
TTATTAGGGAAGCATC-1,0,15,59,10381,5578
CTTCTTACGTCGTATA-1,0,14,60,10265,5377
GAAGTGCTGGATAGCT-1,0,15,61,10150,5579
GTGCAACAAATGTGGC-1,0,14,62,10034,5378
CATGCGTTAGACAGAA-1,0,15,63,9919,5579
ACACACTTTCTACACG-1,0,14,64,9803,5378
AGCCCTAAGCGAAGTT-1,0,15,65,9688,5580
ATTAATTCGGTCACTC-1,0,14,66,9571,5379
AACAGGAAATCGAATA-1,0,15,67,9456,5580
ACGTTTAGTTGTGATC-1,0,14,68,9340,5380
TCCTTCAGTGGTCGAA-1,0,15,69,9225,5581
CGAACGCCCAGTGCCG-1,0,14,70,9109,5380
CCTCGAAGTGGACGGG-1,0,15,71,8994,5582
CTCTGTTTGAGGATTC-1,0,14,72,8878,5381
TGGGCACGTTCTATGG-1,0,15,73,8763,5582
ACTATTCGTCCGTGGT-1,0,14,74,8647,5382
CCTCTGGCCTAGACGG-1,0,15,75,8532,5583
CCATAAACAACCCGAC-1,0,14,76,8416,5382
CATAGTACATTGAGAG-1,0,15,77,8301,5584
ATTTCATTATTTCGCG-1,0,14,78,8185,5383
CAACTATATCGAATGC-1,0,15,79,8070,5584
CTAGTATTCGGAATTA-1,0,14,80,7954,5383
GTGGAACCTACATGCG-1,0,15,81,7839,5585
CCTAAAGGCTGACGCT-1,0,14,82,7722,5384
CGTGACATTGGGTCGT-1,0,15,83,7607,5585
CCAATCGGTAGATCGA-1,0,14,84,7491,5385
ATTGTCGCAATACCTT-1,0,15,85,7376,5586
AAATTACACGACTCTG-1,0,14,86,7260,5385
CACTCCTCTCGGTCGG-1,0,15,87,7145,5587
AAATAACCATACGGGA-1,0,14,88,7029,5386
AGTTACTCTATCGTGG-1,0,15,89,6914,5587
CGTTAGCTCACAACTG-1,0,14,90,6798,5387
GAATGTATGGCAGGTC-1,0,15,91,6683,5588
GCAACCACCAGACCGG-1,0,14,92,6567,5387
TCACTCGTGCAACGGC-1,0,15,93,6452,5589
AAACAGAGCGACTCCT-1,0,14,94,6336,5388
CAGCCTCTCCTCAAGA-1,0,15,95,6221,5589
TTGCGTGAACGCTTAG-1,0,14,96,6104,5388
CCGCCTGCGAATTGGT-1,0,15,97,5989,5590
AGATGAGGGTTGCGAT-1,0,14,98,5873,5389
CGGTGGGCTCCAGCCT-1,0,15,99,5758,5590
GGCAGCGGTAATCCTA-1,0,14,100,5642,5390
GCTAGCAGGGAGTGGG-1,0,15,101,5527,5591
CTCAAGACATTAGCGC-1,0,14,102,5411,5390
CACGGCGCGCCAAAGG-1,0,15,103,5296,5592
TGCAATTTGGGCACGG-1,0,14,104,5180,5391
ATGCCAATCGCTCTGC-1,0,15,105,5065,5592
GCTGGACCCAAAGTGG-1,0,14,106,4949,5392
ATTCCTAAGACGTGGA-1,0,15,107,4834,5593
TCCGGAGGAAGGGCTG-1,0,14,108,4718,5392
TCGGTGACCGCTCCGG-1,0,15,109,4603,5594
TCCGAAGTAGTCACCA-1,0,14,110,4487,5393
CATGTAGGAGCGCCAA-1,0,15,111,4372,5594
CACAAGAAAGATATTA-1,0,14,112,4255,5393
AGGGTCAGTAACCCTA-1,0,15,113,4140,5595
TAAGCCCTTACGACCA-1,0,14,114,4024,5394
ATACCGTCATCCATAA-1,0,15,115,3909,5595
GGACGTCCATAGTTGG-1,0,14,116,3793,5395
CATCAAACTGGCGCCC-1,0,15,117,3678,5596
AAACGTGTTCGCCCTA-1,0,14,118,3562,5395
AAATTGGTGAGAAGCA-1,0,15,119,3447,5597
GGTCATTGTAGTCATA-1,0,14,120,3331,5396
TGCAGTGAGGCTCGGG-1,0,15,121,3216,5597
GAACATTAGTATGTTA-1,0,14,122,3100,5397
GGTTTGCGAACACGTA-1,0,15,123,2985,5598
ACACAAATATTCCTAG-1,0,14,124,2869,5397
TTGGGTTTATTCAGCG-1,0,15,125,2754,5599
ATTCGCAGAGGACACT-1,0,14,126,2637,5398
GATTTAGTGCGTACTG-1,0,15,127,2522,5599
TAGAAACACAATAGTG-1,0,16,0,17200,5761
CAGTAGATGATGTCCG-1,0,17,1,17085,5962
TCTTAACTCGGATGTA-1,0,16,2,16969,5761
TACATCTTGTTTCTTG-1,0,17,3,16854,5963
TTCATAGGGTGTCCAT-1,0,16,4,16738,5762
TGAAGTAGCTTACGGA-1,0,17,5,16623,5963
GCACAAGTGGATCATA-1,0,16,6,16507,5762
GGGCGAATTTCTCCAC-1,0,17,7,16392,5964
ATGTTCCTGCCCACCT-1,0,16,8,16275,5763
GCTCAACCTCTTAGAG-1,0,17,9,16160,5965
ATAGCTGCTCTTGTTA-1,0,16,10,16044,5764
CGTCAGCTATTTACTC-1,0,17,11,15929,5965
ATCTGATAGTGTCTTA-1,0,16,12,15813,5764
TGCACTATGTGAGTGC-1,0,17,13,15698,5966
CCGACAAACACATGAG-1,0,16,14,15582,5765
GCCTTGTATATGCAGT-1,0,17,15,15467,5966
ATAATACCGTTAGCCG-1,0,16,16,15351,5766
ACACTCCAATGTCACT-1,0,17,17,15236,5967
AGTTGCTGACTGATAT-1,0,16,18,15120,5766
GGCGCTCCTCATCAAT-1,0,17,19,15005,5968
TGCCTGACATCGGTCA-1,0,16,20,14889,5767
TTGGCCATCTTGCGCT-1,0,17,21,14774,5968
CAGTGGTTGCACATGA-1,0,16,22,14657,5767
AGAATTGTTTGACATA-1,0,17,23,14542,5969
AAATGCTCGTTACGTT-1,0,16,24,14426,5768
CACCTAATAGAGTCGT-1,0,17,25,14311,5970
CATTTCTAGCAGACTA-1,0,16,26,14195,5769
CCGAAAGTGGTGAGCA-1,0,17,27,14080,5970
AGTCAGCCACCGCCTG-1,0,16,28,13964,5769
TCATCACTCGAGCTCG-1,0,17,29,13849,5971
CTCAGGACTCACCTGT-1,0,16,30,13733,5770
CGGTGTACTTGATCCC-1,0,17,31,13618,5971
CCTACGGCTCAGTCGA-1,0,16,32,13502,5771
GTACTTGGGCACTTCT-1,0,17,33,13387,5972
TGATTTCCTCCTGACG-1,0,16,34,13271,5771
CCTCACCAATCTTGAC-1,0,17,35,13156,5973
GGTGAGATGCAGATAA-1,0,16,36,13040,5772
GCTAGTTTCATTGAGG-1,0,17,37,12925,5973
AGGACATCGCACGTCG-1,0,16,38,12808,5772
GTGGACGTGCTGAGAC-1,0,17,39,12693,5974
TAAGGAACTTGTGGGA-1,0,16,40,12577,5773
TCGCTGTGCGTAAATC-1,0,17,41,12462,5974
GCATCCCTAACTTTGA-1,0,16,42,12346,5774
CACCCACACGTCACCC-1,0,17,43,12231,5975
CCCTCATTCTGGAATT-1,0,16,44,12115,5774
AGGGCGTGATCGGCTA-1,0,17,45,12000,5976
GGTGCGGATAAGTGGC-1,0,16,46,11884,5775
TAATATTGAAATTCGC-1,0,17,47,11769,5976
CTTACACTGGGAAATA-1,0,16,48,11653,5776
ACCAAGAACGCGTGTC-1,0,17,49,11538,5977
GCCTTCAGCCCTACCG-1,0,16,50,11422,5776
GATGCTACAAGCGCCT-1,0,17,51,11307,5978
CCGGGACCCGCAGAGA-1,0,16,52,11190,5777
GTTCCAGTCTGACCAT-1,0,17,53,11075,5978
ATGATCGGGAATAGAC-1,0,16,54,10959,5777
TTGGATTGGGTACCAC-1,0,17,55,10844,5979
TACCTCACGCTTGTAC-1,0,16,56,10728,5778
CATGGCAGGAAGATCG-1,0,17,57,10613,5979
ATGACGCCGGCTCTAA-1,0,16,58,10497,5779
AGCGACATCCCATTCA-1,0,17,59,10382,5980
AGTAATGTCTTGCCGC-1,0,16,60,10266,5779
TTCTTAGTGGCTCAGA-1,0,17,61,10151,5981
CGTCTGGAAGGGCCCG-1,0,16,62,10035,5780
ACGTGCGCCTCGTGCA-1,0,17,63,9920,5981
AGAGCGGGCTAATCAT-1,0,16,64,9804,5781
GCGTCGAAATGTCGGT-1,0,17,65,9689,5982
AACTGATATTAGGCCT-1,0,16,66,9573,5781
CGAGCTGGGCTTTAGG-1,0,17,67,9458,5983
GGGTGTTTCAGCTATG-1,0,16,68,9341,5782
TTAATTTCAGACGCGG-1,0,17,69,9226,5983
ACTGCCGTCGTAACTC-1,0,16,70,9110,5782
GTGCACGAAAGTGACT-1,0,17,71,8995,5984
ATCTCCCTGCAATCTA-1,0,16,72,8879,5783
ACGCCAGATGATTTCT-1,0,17,73,8764,5984
AGCTATTTAATCCAAC-1,0,16,74,8648,5784
CCACGAGAAGAGAATC-1,0,17,75,8533,5985
GATTCCGCGTTTCCGT-1,0,16,76,8417,5784
GTCGGATGTAGCGCGC-1,0,17,77,8302,5986
TATTTATACCGAGTAG-1,0,16,78,8186,5785
GTAGGTGATCCGTGTA-1,0,17,79,8071,5986
AGTTAAGCGGTCCCGG-1,0,16,80,7955,5786
CTGGCGACATAAGTCC-1,0,17,81,7840,5987
TTGGCCTAGAATTTCG-1,0,16,82,7723,5786
GGCATATCGGTTCTGC-1,0,17,83,7608,5988
GGGCGTCCACTGGCTC-1,0,16,84,7492,5787
TTACCCATTGCCGGGT-1,0,17,85,7377,5988
TTAGACACGATCGTTG-1,0,16,86,7261,5787
GCGCTGATCCAGACTC-1,0,17,87,7146,5989
TTCGGCAACCCGCTGA-1,0,16,88,7030,5788
GATATTTCCTACATGG-1,0,17,89,6915,5989
CTGCGTTACGATATAA-1,0,16,90,6799,5789
TAATAAACAAGGAGAT-1,0,17,91,6684,5990
AACCTTTACGACGTCT-1,0,16,92,6568,5789
AGTCCCGCCTTTAATT-1,0,17,93,6453,5991
TGAGATTAGGCCCTAA-1,0,16,94,6337,5790
AGTGTATTGCGCATTG-1,0,17,95,6222,5991
GTTGGATTCAGTGGCT-1,0,16,96,6106,5791
TAAAGCTGCAATAGGG-1,0,17,97,5991,5992
AGTAGGAAGGAAGTTG-1,0,16,98,5874,5791
TATCACTTCGAGTAAC-1,0,17,99,5759,5993
TGATCTACGCTGATCT-1,0,16,100,5643,5792
GGATCATCCCGTACGC-1,0,17,101,5528,5993
TGACACTTCTCTTTGC-1,0,16,102,5412,5792
AGCCCTTCTAATCCGA-1,0,17,103,5297,5994
CACCGCGTCCACTCTA-1,0,16,104,5181,5793
TAATTGGAATCGGGAA-1,0,17,105,5066,5994
TCGTAAGCTCCGAGGA-1,0,16,106,4950,5794
TATATTACAAATGTCG-1,0,17,107,4835,5995
CGCGAGAGGGACTTGT-1,0,16,108,4719,5794
GGACCTACGGTAACGT-1,0,17,109,4604,5996
GAAATATGCTTGAATG-1,0,16,110,4488,5795
CCGTATTAGCGCAGTT-1,0,17,111,4373,5996
AGGCGTCTATGGACGG-1,0,16,112,4256,5796
AACATCGATACGTCTA-1,0,17,113,4141,5997
TGAATATGCTATAAAC-1,0,16,114,4025,5796
ACCAAACACCCAGCGA-1,0,17,115,3910,5998
TGGCTTGTACAAGCTT-1,0,16,116,3794,5797
GAATGAAGGTCTTCAG-1,0,17,117,3679,5998
AGATACCAGCACTTCA-1,0,16,118,3563,5797
GCGGTCCCGGTGAAGG-1,0,17,119,3448,5999
GAGGCATTTGCAGCAG-1,0,16,120,3332,5798
GGCAAGCCAGGGATAG-1,0,17,121,3217,5999
TCTACGGGCTCAGTTG-1,0,16,122,3101,5799
TCTGCGAATCGTTCGC-1,0,17,123,2986,6000
AGCTCGTTGATGGAAA-1,0,16,124,2870,5799
TGAATGAGATACAGCA-1,0,17,125,2755,6001
ACCCTTGCCTGGGTCG-1,0,16,126,2639,5800
GGCGAACCGTTCTGAT-1,0,17,127,2524,6001
GCGATGTCTGTGCTTG-1,0,18,0,17201,6163
ATTAACACCTGAGATA-1,0,19,1,17086,6364
GAAATCTGACCAAGTT-1,0,18,2,16970,6163
CCTGACAAACTCGCGC-1,0,19,3,16855,6365
ATGTCATTTCCCATTG-1,0,18,4,16739,6164
GCGGTGCGGAGCATCG-1,0,19,5,16624,6365
CGGAAAGCAAATGTGC-1,0,18,6,16508,6165
GCTGAGCAACGGTTCT-1,0,19,7,16393,6366
TCACTCTTCGTCTGTC-1,0,18,8,16276,6165
GATCTTCATTGTCCTC-1,0,19,9,16161,6367
ACTCGATGTATTTCAT-1,0,18,10,16045,6166
TGAAGAGCGGTCCTAG-1,0,19,11,15930,6367
TAAACGTCGTCAATGA-1,0,18,12,15814,6167
ACGTTATTGGTCACTC-1,0,19,13,15699,6368
ATAGCCTCAGTACCCA-1,0,18,14,15583,6167
CGGGAGTATACCGCCG-1,0,19,15,15468,6369
GTCCTACAGGCGGCTC-1,0,18,16,15352,6168
CGGATAAGCGGACATG-1,0,19,17,15237,6369
AACTTCTGCGTCTATC-1,0,18,18,15121,6168
GGGTTCAGACGAACAA-1,0,19,19,15006,6370
AGTCTGGACATCCTTG-1,0,18,20,14890,6169
TTGAACGAATCCTTTG-1,0,19,21,14775,6370
GAAATACTAAACGTTT-1,0,18,22,14659,6170
CCCGCGCAATGCACCC-1,0,19,23,14544,6371
TTCGGCTAGAGATGGT-1,0,18,24,14427,6170
GACACGAGTTAGAGGA-1,0,19,25,14312,6372
GAGGTCCCAAAGATCT-1,0,18,26,14196,6171
TAACTCCATGGAGGCT-1,0,19,27,14081,6372
CTTGTTTATGTAGCCA-1,0,18,28,13965,6172
GATGGCGCACACATTA-1,0,19,29,13850,6373
ATAATAGTGTAGGGAC-1,0,18,30,13734,6172
CGCTATTCAATGTATG-1,0,19,31,13619,6374
ATATTGCTGTCAAAGT-1,0,18,32,13503,6173
GGATTCAGTACGGTGG-1,0,19,33,13388,6374
TTCTTAGTGAACGGTG-1,0,18,34,13272,6173
AATGGTTCTCACAAGC-1,0,19,35,13157,6375
TATACACGCAAAGTAT-1,0,18,36,13041,6174
CTTCATAGCTCAAGAA-1,0,19,37,12926,6375
CAACGGTTCTTGATAC-1,0,18,38,12809,6175
ACACCCGAGAAATCCG-1,0,19,39,12694,6376
TCTATCATGCAGTTAC-1,0,18,40,12578,6175
CCCGCCATGCTCCCGT-1,0,19,41,12463,6377
CGCTTCCACTGAAATC-1,0,18,42,12347,6176
CACTGTCCAAGTGAGA-1,0,19,43,12232,6377
ATTACTAGCCTCTTGC-1,0,18,44,12116,6177
CATAGTAGCATAGTAG-1,0,19,45,12001,6378
CAACTCCTTGATCCCG-1,0,18,46,11885,6177
AAGTAGAAGACCGGGT-1,0,19,47,11770,6379
GCGGGAACCAGGCCCT-1,0,18,48,11654,6178
ATTAGATTGATAGCGG-1,0,19,49,11539,6379
CTCGGTCCGTAGCCTG-1,0,18,50,11423,6178
TGGCTTTGGGTAGACA-1,0,19,51,11308,6380
TATCCATATCATGCGA-1,0,18,52,11192,6179
GGAGTGCCGCCCTGGA-1,0,19,53,11077,6380
TGAGAATGCTTTACCG-1,0,18,54,10960,6180
TTAACCAACCCTCCCT-1,0,19,55,10845,6381
TGTTTCGGTACTTCTC-1,0,18,56,10729,6180
TTGCTGAAGGAACCAC-1,0,19,57,10614,6382
TATTTAGTCTAGATCG-1,0,18,58,10498,6181
CTCCGGCCTAATATGC-1,0,19,59,10383,6382
TTGTGGCCCTGACAGT-1,0,18,60,10267,6182
TCGCCGGTCGATCCGT-1,1,19,61,10152,6383
CCATAGGTTGGCGTGG-1,0,18,62,10036,6182
GAACGACCGAATGATA-1,1,19,63,9921,6384
TCCGATAATTGCCATA-1,0,18,64,9805,6183
CATTACGTCGGCCCGT-1,1,19,65,9690,6384
CAAGCACCAAATGCCT-1,0,18,66,9574,6183
TGCATGGATCGGATCT-1,1,19,67,9459,6385
GAAATCGCGCGCAACT-1,0,18,68,9343,6184
CTGAAAGAGATCCGAC-1,0,19,69,9227,6385
CACCTCGATGGTGGAC-1,0,18,70,9111,6185
ATTTGTTCCAGGGCTC-1,0,19,71,8996,6386
TGGGCCACAAGAGCGC-1,0,18,72,8880,6185
CCTTCTTGATCCAGTG-1,0,19,73,8765,6387
CCTCGCCAGCAAATTA-1,0,18,74,8649,6186
TTCATGGCGCAACAGG-1,0,19,75,8534,6387
TTAATCAGTACGTCAG-1,0,18,76,8418,6187
CCTATCTATATCGGAA-1,0,19,77,8303,6388
ATTATACTTTGCTCGT-1,0,18,78,8187,6187
ATGGATCCGGCGTCCG-1,0,19,79,8072,6389
CGCCCGCTTCCGTACA-1,0,18,80,7956,6188
GGATTCCGCTATACCC-1,0,19,81,7841,6389
CGGTCTATCAACCCGT-1,0,18,82,7725,6188
ATGCCGGTTGATGGGA-1,0,19,83,7610,6390
TCATGCAGGTTCTCAT-1,0,18,84,7493,6189
TGAGCTTTAATGACGC-1,0,19,85,7378,6390
TCCCTTAGATTACTCG-1,0,18,86,7262,6190
ATATCTCCCTCGTTAA-1,0,19,87,7147,6391
AGCTCTTCCCAGTGCA-1,0,18,88,7031,6190
TCGCTAAACCGCTATC-1,0,19,89,6916,6392
CACATTCTTTCGATGG-1,0,18,90,6800,6191
GATATGCGGTAGCCAA-1,0,19,91,6685,6392
CGTTTCACTTCGGGCG-1,0,18,92,6569,6191
CCAATTACGGGTCGAG-1,0,19,93,6454,6393
GCAGGTAGAGTATGGT-1,0,18,94,6338,6192
GTCGTATTGGCGTACA-1,0,19,95,6223,6394
GAAATTAGCACGGATA-1,0,18,96,6107,6193
AATGCACCAAGCAATG-1,0,19,97,5992,6394
AGGACGCTCGATGTTG-1,0,18,98,5876,6193
GGCTAAAGGGCGGGTC-1,0,19,99,5760,6395
CATCTATCCCGTGTCT-1,0,18,100,5644,6194
CAGTAACTATTTATTG-1,0,19,101,5529,6395
CATATACTACTGATAA-1,0,18,102,5413,6195
GCGTTCGGAGACCGGG-1,0,19,103,5298,6396
AAGTTCAGTCTGCGTA-1,0,18,104,5182,6195
CGAAGCTATAAATTCA-1,0,19,105,5067,6397
CGCGGTCACAAACCAA-1,0,18,106,4951,6196
GGGAATGAGCCCTCAC-1,0,19,107,4836,6397
ACGGAGCGCAAATTAC-1,0,18,108,4720,6196
CGTTCTTCGCACACCT-1,0,19,109,4605,6398
GAATAGCCCTGCGGTC-1,0,18,110,4489,6197
AATAGCTACCGCGTGC-1,0,19,111,4374,6399
CCGAGCTGTGCTTGTC-1,0,18,112,4258,6198
GATGACGATGATCGCG-1,0,19,113,4143,6399
GCCTATGCTGGGCCTT-1,0,18,114,4026,6198
TTACTGTCTAGAGCTC-1,0,19,115,3911,6400
AGCGGTTGCCGCTCTG-1,0,18,116,3795,6199
GCTTGCAGCACAATTG-1,0,19,117,3680,6400
CCGGAGGTCTTATGGT-1,0,18,118,3564,6200
ACAGTATACCGTGGGA-1,0,19,119,3449,6401
GGGATCCCAATACAAA-1,0,18,120,3333,6200
ATTACGACTCCACAGT-1,0,19,121,3218,6402
CTCACACGCAAGCCTA-1,0,18,122,3102,6201
CCAGATGTAAATGGGT-1,0,19,123,2987,6402
GAACTTGTGCACGGGA-1,0,18,124,2871,6201
AAGCCGCTTTACCTTG-1,0,19,125,2756,6403
TCCATTCCCACTAGAG-1,0,18,126,2640,6202
AGAGCGCTTGTAACGG-1,0,19,127,2525,6404
TGGGTTCCCGGACGGA-1,0,20,0,17202,6565
GCTGCGCCTCCCACGT-1,0,21,1,17087,6766
CTGTTGGCTCTTCTGA-1,0,20,2,16971,6566
TTGTTCTAGATACGCT-1,0,21,3,16856,6767
CCCTCAAGCTCTTAGT-1,0,20,4,16740,6566
TGGTCTAGCTTACATG-1,0,21,5,16625,6768
ATGCACCTTCCTTAAT-1,0,20,6,16509,6567
GGGATACGGTAATAAT-1,0,21,7,16394,6768
AGTTCACCGGTTGGAC-1,0,20,8,16278,6567
GACATACTGTCGCAGA-1,0,21,9,16163,6769
TGGACACCGTTGCTTG-1,0,20,10,16046,6568
TGCGATGCTAATGGCT-1,0,21,11,15931,6769
TTCTGTTTCCTGTCGC-1,0,20,12,15815,6569
CGTTGTAAACGTCAGG-1,0,21,13,15700,6770
GATCGGCGATAAGTCG-1,0,20,14,15584,6569
AGCCTTAAAGCGGAAG-1,0,21,15,15469,6771
TCCGTAACCACAATCC-1,0,20,16,15353,6570
GAATGCCGAAATGACC-1,0,21,17,15238,6771
TATACTCATGCGGCAA-1,0,20,18,15122,6571
TAGTGTCAGAAACGGC-1,0,21,19,15007,6772
CGTCATACCATATCCA-1,0,20,20,14891,6571
TAGTACCTTAGTGGTC-1,0,21,21,14776,6773
CTGGCGGGAATAAGTA-1,0,20,22,14660,6572
AGTGTGGTCTATTGTG-1,0,21,23,14545,6773
GCTATCGCGGCGCAAC-1,0,20,24,14429,6572
CAGTAATCCCTCCCAG-1,0,21,25,14313,6774
GTATTAAGGCGTCTAA-1,0,20,26,14197,6573
CTAATTTCAACAACAC-1,0,21,27,14082,6774
TTAGCAACATGGATGT-1,0,20,28,13966,6574
ATGCTCAGTGTTGCAT-1,0,21,29,13851,6775
GATGTTTGTGCGAGAT-1,0,20,30,13735,6574
CACTTCGCCACAGGCT-1,0,21,31,13620,6776
CTGTATGGTGTAGAAA-1,0,20,32,13504,6575
TACGTGCACTATGCTG-1,0,21,33,13389,6776
GTATCAGCTTGGGTTC-1,0,20,34,13273,6576
TAACAAAGGGAGAAGC-1,0,21,35,13158,6777
TTACATCGTGGCCTGG-1,0,20,36,13042,6576
TCTGAACCGGTCGGCT-1,0,21,37,12927,6778
GGCTCGTGCCACCAGC-1,0,20,38,12811,6577
TATAAGTGAGGATAGC-1,0,21,39,12696,6778
GCCCGCGCGTTTGACA-1,0,20,40,12579,6577
TGCTGGTTGGACAATT-1,0,21,41,12464,6779
GCCTAGCGATCTGACC-1,0,20,42,12348,6578
CCATGCTCTGCAGGAA-1,0,21,43,12233,6779
TATAAATCCACAAGCT-1,0,20,44,12117,6579
CGCTCGACATAATGAT-1,0,21,45,12002,6780
CCAATTGAATGTTAAT-1,0,20,46,11886,6579
GCTAATACCGAATGCC-1,0,21,47,11771,6781
TTCAACGACCCGACCG-1,0,20,48,11655,6580
TTCCTCGAGGGTGTCT-1,0,21,49,11540,6781
CAACGACCCGTTTACA-1,0,20,50,11424,6581
CTTGTACTTGTTGACT-1,0,21,51,11309,6782
TCTCTAATAGCTGGTA-1,0,20,52,11193,6581
ATTATGCCATAGGGAG-1,0,21,53,11078,6783
GACAACGCAGCTTACG-1,0,20,54,10962,6582
AGATGACTCGCCCACG-1,0,21,55,10846,6783
GTGCGGGTCTCCAAAT-1,0,20,56,10730,6582
GTACGAGATTGCGACA-1,1,21,57,10615,6784
GTATAGGACTCAGTAG-1,1,20,58,10499,6583
TTGCACGGAGCAGCAC-1,1,21,59,10384,6784
CACAGCTAGGGAGTGA-1,1,20,60,10268,6584
ATACTAGCATGACCCT-1,1,21,61,10153,6785
CCAAGACTTCTGCGAA-1,1,20,62,10037,6584
ACATAATAAGGCGGTG-1,1,21,63,9922,6786
TAATACACAGTAGTAT-1,1,20,64,9806,6585
TCTTGGTAACACCAAA-1,1,21,65,9691,6786
AACTGGGTCCCGACGT-1,1,20,66,9575,6586
ATCACTTCATCCTCGC-1,1,21,67,9460,6787
TGGAAGGATAAAGATG-1,1,20,68,9344,6586
CATGATGCACAATTCT-1,1,21,69,9229,6788
TGCCTGATCAAACGAT-1,1,20,70,9112,6587
ATAGGGATATCCTTGA-1,1,21,71,8997,6788
CACCTAATCAGTTTAC-1,1,20,72,8881,6587
TGTGACTACGCCAGTC-1,1,21,73,8766,6789
CCCGACCATAGTCCGC-1,1,20,74,8650,6588
CGCGCCCGACTTAATA-1,1,21,75,8535,6789
TGCCACCTGGCGAAAC-1,1,20,76,8419,6589
CTGCCAAGGTTGGAAG-1,1,21,77,8304,6790
TCTCCAACGTAGGTTA-1,1,20,78,8188,6589
TTCTTGGAGTAATGAG-1,1,21,79,8073,6791
GTCTCGATCTGCTTTC-1,0,20,80,7957,6590
TACTCTCCGAACAAAT-1,0,21,81,7842,6791
ATCACATTAGAATATC-1,0,20,82,7726,6591
TACGGGATGCTAGCAG-1,1,21,83,7611,6792
AGCTGAAGTAAACCAA-1,0,20,84,7495,6591
CATGGGTCGGGTGTGG-1,0,21,85,7380,6793
CACCCACGAGGCAATT-1,0,20,86,7263,6592
TGCCATTACTAAAGAA-1,0,21,87,7148,6793
CCGTTACGTTAGAACA-1,0,20,88,7032,6592
GCCAGGAGTAACCGAT-1,0,21,89,6917,6794
GGAAAGTGCCCATGCC-1,0,20,90,6801,6593
TCTTACCGGAACTCGT-1,0,21,91,6686,6794
TATGTCAAGACCGACT-1,0,20,92,6570,6594
CCTAACTAAGGCTCTA-1,0,21,93,6455,6795
GCGGTGAACTGCGCTC-1,0,20,94,6339,6594
CCTCGCGCGATATAGG-1,0,21,95,6224,6796
ATCGGCAAGCAGTCCA-1,0,20,96,6108,6595
AGATCGTGCATAAGAT-1,0,21,97,5993,6796
ATTCAGGACCTATTTC-1,0,20,98,5877,6596
AGCTAGAAGCAGAAGT-1,0,21,99,5762,6797
TTCGCTATCTGACGTG-1,0,20,100,5645,6596
TTCCGCAGAGAAATAT-1,0,21,101,5530,6798
CAGTACATTCTCTAAA-1,0,20,102,5414,6597
GTGAAGATTTCAAGTG-1,0,21,103,5299,6798
AACGCATGATCTGGGT-1,0,20,104,5183,6597
CCCAGAGGAGGGCGTA-1,0,21,105,5068,6799
GGAAACCTTGTTGAAT-1,0,20,106,4952,6598
GTGAAGCCGTATAGTC-1,0,21,107,4837,6799
GAGCTGTCGTCTCGGA-1,0,20,108,4721,6599
TGTCATTTGTTGGGAA-1,0,21,109,4606,6800
ACCAACACCACACACT-1,0,20,110,4490,6599
AAATGATTCGATCAGC-1,0,21,111,4375,6801
CTGCTTTATGTCCGCG-1,0,20,112,4259,6600
GCGAGAGGCCATGTAA-1,0,21,113,4144,6801
ATTGACCGGCGATGAC-1,0,20,114,4028,6601
ACCCTGGTAACGCCCT-1,0,21,115,3913,6802
GTTGGACCGCATCAGG-1,0,20,116,3796,6601
CGTTTACAAGGCAGCT-1,0,21,117,3681,6803
CGGTCCATGAGACTCC-1,0,20,118,3565,6602
GTTCGTCTGGGTCCCT-1,0,21,119,3450,6803
TGTACTACTCTCACGG-1,0,20,120,3334,6602
AGTGAAGATGGTGTCC-1,0,21,121,3219,6804
GAGGGCCATAATATTA-1,0,20,122,3103,6603
ACTCCCGTAGACTAGG-1,0,21,123,2988,6804
CGTCAAATGGTCGCAG-1,0,20,124,2872,6604
AAGTCTAGTAGCTGCC-1,0,21,125,2757,6805
AAGAAATCACCAGATT-1,0,20,126,2641,6604
GAGTGCACGGACAACA-1,0,21,127,2526,6806
GTTCAAATCAGATGTC-1,0,22,0,17203,6967
CATGGCTCCCTATGTC-1,0,23,1,17088,7169
GGCCACACGAAAGCCT-1,0,22,2,16972,6968
GAAGCCGGGTAAGCTC-1,0,23,3,16857,7169
TTGCGCTCTCTCGCTT-1,0,22,4,16741,6968
TACATGACCTTATCCG-1,0,23,5,16626,7170
GTCCTTCTACAACCCA-1,0,22,6,16510,6969
TATATGCTGGGTTGCC-1,0,23,7,16395,7170
GTTTATGGGATTTAGA-1,0,22,8,16279,6970
GGAACCCGAACAAGAA-1,0,23,9,16164,7171
AACGTTATCAGCACCT-1,0,22,10,16048,6970
CATCGTCCGGTTACTA-1,0,23,11,15932,7172
AGACAGCTCAGAATCC-1,0,22,12,15816,6971
GCAGATCCTCGCAAAT-1,0,23,13,15701,7172
GGGTCATGCGTACCAT-1,0,22,14,15585,6971
CTGGTCATTCCAATCC-1,0,23,15,15470,7173
TCAGGGCGCAAACTCG-1,0,22,16,15354,6972
GATGCCAGCAGAAGGC-1,0,23,17,15239,7174
GTTATTAACGTGGGAG-1,0,22,18,15123,6973
AATACAATGTTTCAGG-1,0,23,19,15008,7174
TTGCTGCACCTATCCA-1,0,22,20,14892,6973
CCAGAGACAAAGCCGG-1,0,23,21,14777,7175
CCGAAGTATATTGTTC-1,0,22,22,14661,6974
GCTAAACCTGAGGTGA-1,0,23,23,14546,7175
TCATACTTACAGATCC-1,0,22,24,14430,6975
CGAGCACTTCAAGTTT-1,0,23,25,14315,7176
TAGCAACCTGTCACAA-1,0,22,26,14198,6975
TGGGAAATGCCTTTCC-1,0,23,27,14083,7177
AGACCATGGGATACAA-1,0,22,28,13967,6976
TAAATGAATCCGTTTC-1,0,23,29,13852,7177
ACAACGGTCCCTGCGA-1,0,22,30,13736,6976
GTCACTCTCCAAATCT-1,0,23,31,13621,7178
TTCTACTTGCGAGGGC-1,0,22,32,13505,6977
CGCAATTACTTTCGGT-1,0,23,33,13390,7179
CTGTTCATCTCACGGG-1,0,22,34,13274,6978
TTCTTGTAACCTAATG-1,0,23,35,13159,7179
GCTTGATGATAATCAG-1,0,22,36,13043,6978
TTGGCTCGCATGAGAC-1,0,23,37,12928,7180
GCCCAGTTGGTATGCC-1,0,22,38,12812,6979
ATTCCTCCGCCAGTGC-1,0,23,39,12697,7180
TCGTCCGCTGGCGTCT-1,0,22,40,12581,6980
GGAGAAGTCATTGGCA-1,0,23,41,12466,7181
TTGTTAGCAAATTCGA-1,0,22,42,12349,6980
TCTAGCATCTTCGATG-1,0,23,43,12234,7182
TTCTAGGCCAATTGTG-1,0,22,44,12118,6981
TCACGGTCATCGCACA-1,0,23,45,12003,7182
ATGAAGCCAAGGAGCC-1,0,22,46,11887,6981
AATGACTGTCAGCCGG-1,0,23,47,11772,7183
CCAAACAGAACCCTCG-1,0,22,48,11656,6982
TATCGATGATTAAACG-1,0,23,49,11541,7184
GAACACACATCAACCA-1,1,22,50,11425,6983
CCCGTCAGCGTCTGAC-1,1,23,51,11310,7184
AGCATCGTCGATAATT-1,0,22,52,11194,6983
GACTAAGATCATGCAC-1,1,23,53,11079,7185
TAGGGTGTTTCAAGAG-1,1,22,54,10963,6984
TGGTTCGTAGCAAAGG-1,1,23,55,10848,7185
CTGTTCACTGCCTGTG-1,1,22,56,10731,6985
ATGTGCATCCGACGCA-1,1,23,57,10616,7186
TTGTCGTTCAGTTACC-1,1,22,58,10500,6985
CGGGATCAATGTAAGA-1,1,23,59,10385,7187
TTATCTGTATCATAAC-1,1,22,60,10269,6986
ATCGACTCTTTCCGTT-1,1,23,61,10154,7187
CTCATTTGATGGGCGG-1,1,22,62,10038,6986
GTAAGCGGGCAGTCAG-1,1,23,63,9923,7188
TCTATCGGTCGCAACA-1,1,22,64,9807,6987
AACGCGGTCTCCAGCC-1,1,23,65,9692,7188
ATTAATACTACGCGGG-1,1,22,66,9576,6988
CTTTAACTTTCAAAGG-1,1,23,67,9461,7189
CGTACCTGATAGGCCT-1,1,22,68,9345,6988
GAATGTTGGGTAATCT-1,1,23,69,9230,7190
TGCGGAGTAAAGGTGC-1,1,22,70,9114,6989
CCTGAATATTTACATA-1,1,23,71,8999,7190
TTGCTCCCATACCGGA-1,1,22,72,8882,6990
CCTCTAATCTGCCAAG-1,1,23,73,8767,7191
AGGTTGAGGCACGCTT-1,1,22,74,8651,6990
TCCCGTCAGTCCCGCA-1,1,23,75,8536,7192
TCCGATGACTGAGCTC-1,1,22,76,8420,6991
CAGCCTCCTGCAGAGG-1,1,23,77,8305,7192
CTTAGCCTTCCACATG-1,1,22,78,8189,6991
ATTAATGAACCAGTCG-1,1,23,79,8074,7193
ACGATACATAGAACTA-1,1,22,80,7958,6992
AGCCACTCCCGTGCTT-1,1,23,81,7843,7193
ATACGGGTTTCGATTG-1,1,22,82,7727,6993
CTGTCAAATGGCTCGG-1,1,23,83,7612,7194
GCTCGGAATTTAAAGC-1,1,22,84,7496,6993
TAGGCATGTTACGCCA-1,1,23,85,7381,7195
TGGCAACTCGCGCGCC-1,0,22,86,7264,6994
ATCAGTAGGCAGGGAT-1,1,23,87,7149,7195
TATCGATCTATGCATA-1,0,22,88,7033,6995
CGACTCAGGATGTTAT-1,1,23,89,6918,7196
GCCATATTGCACACAG-1,0,22,90,6802,6995
AATTCATAAGGGATCT-1,0,23,91,6687,7197
CGGTAGAGGTGCAGGT-1,0,22,92,6571,6996
AATGATGATACGCTAT-1,0,23,93,6456,7197
CTTGTGCTCACCGATT-1,0,22,94,6340,6996
TTCCAATCAGAGCTAG-1,0,23,95,6225,7198
CGATGGACCCTACGCC-1,0,22,96,6109,6997
GGTCGGATAAACGGCG-1,0,23,97,5994,7198
TTAGCTAATACGATCT-1,0,22,98,5878,6998
CTCGATATTTGCGAGC-1,0,23,99,5763,7199
ATTACTTACTGGGCAT-1,0,22,100,5647,6998
CTAGCCGATGTTATGA-1,0,23,101,5532,7200
TACTGCAATCAATTAC-1,0,22,102,5415,6999
TAGTCTGTGACGTTGC-1,0,23,103,5300,7200
CTCGTTTCTAATGTTT-1,0,22,104,5184,7000
TTCGTTCAACGAAGTT-1,0,23,105,5069,7201
CTGAATTTATTGCCAG-1,0,22,106,4953,7000
TGGAATATCCTTGACC-1,0,23,107,4838,7202
CAGATCATTTAAAGTC-1,0,22,108,4722,7001
CTCCTTTACGCAAGTC-1,0,23,109,4607,7202
TCCCAAACAGACAACG-1,0,22,110,4491,7001
ATCGCTGCGTGCAGCA-1,0,23,111,4376,7203
TTAGTTCAAGTGTTCG-1,0,22,112,4260,7002
AAACTCGTGATATAAG-1,0,23,113,4145,7203
TTAACGAACAAGCAGT-1,0,22,114,4029,7003
GTTATATCAGGAGCCA-1,0,23,115,3914,7204
CAAATTGGATTATGCC-1,0,22,116,3797,7003
CGAGGAGCTTCCATAT-1,0,23,117,3682,7205
GGAGACCAATGTGCTT-1,0,22,118,3566,7004
CATTGATGAACACGCC-1,0,23,119,3451,7205
GTCAATGCTATAATTT-1,0,22,120,3335,7005
ACCACCCTCTCTTCTA-1,0,23,121,3220,7206
TGGAGGGAAACACCTC-1,0,22,122,3104,7005
CACGGACGTGGATGGC-1,0,23,123,2989,7207
AACTTTCTCGATCATG-1,0,22,124,2873,7006
CGTATTGTTTCCTAAT-1,0,23,125,2758,7207
CCTACTGCGGCGGCCA-1,0,22,126,2642,7006
CTTAGGTCCCAATCGT-1,0,23,127,2527,7208
CGCAATCGATCATTAG-1,0,24,0,17204,7369
TGGTTATGCTTGCGGT-1,0,25,1,17089,7571
GGCTTGGCTCTCACCT-1,0,24,2,16973,7370
ATTGGTAGGATCCGCT-1,0,25,3,16858,7571
TCAGGGCGACTTCCTT-1,0,24,4,16742,7371
TCTGCAGATTCGAGTC-1,0,25,5,16627,7572
CTCTCGCTGTACTATG-1,0,24,6,16511,7371
AATAGTCGCGAGTCGG-1,0,25,7,16396,7573
AGTTACCCTTAAGACT-1,0,24,8,16280,7372
CTTAAATAAGACCCAT-1,0,25,9,16165,7573
GGTTGTGCTCTTGTCC-1,0,24,10,16049,7372
GTGAGTCTAAGACGGA-1,0,25,11,15934,7574
CGCGACACTGCGCAGC-1,0,24,12,15817,7373
GCTCGCGGTTCCGCTC-1,0,25,13,15702,7574
TTAACTCACGCGTGGA-1,0,24,14,15586,7374
GGAACGGCCTGCAGCC-1,0,25,15,15471,7575
GTAGAAACGGGTGGAG-1,0,24,16,15355,7374
TAATGAAAGACCCTTG-1,0,25,17,15240,7576
AGGCTTGCTAGACACC-1,0,24,18,15124,7375
TTGCGTAGTTTGAGGA-1,0,25,19,15009,7576
CGCCCTTGAAGGCTGA-1,0,24,20,14893,7376
CCCGGTGGAAGAACCT-1,0,25,21,14778,7577
TTAACACCTCGAACAT-1,0,24,22,14662,7376
GATTCCTATACGGCGC-1,0,25,23,14547,7578
TTACCCTAACAGTCCT-1,0,24,24,14431,7377
ACCCACCTACATGCTC-1,0,25,25,14316,7578
AAAGGGCAGCTTGAAT-1,0,24,26,14200,7377
CACACAGGGATAGATT-1,0,25,27,14085,7579
AGAGCGTACAAGCTCG-1,0,24,28,13968,7378
TCTTACGGCATCCGAC-1,0,25,29,13853,7579
GCCTATTCCGATATAG-1,0,24,30,13737,7379
GAAAGTGACTAACTGC-1,0,25,31,13622,7580
CCGGAATGGTTTCAGT-1,0,24,32,13506,7379
AGTATAATACTAGGCA-1,0,25,33,13391,7581
TAACTATCGAAGGTCC-1,0,24,34,13275,7380
ATGAGGAGTGTTAATC-1,0,25,35,13160,7581
TGTGTCGCGAGTTGCA-1,0,24,36,13044,7381
ATCCAACGCAGTCATA-1,0,25,37,12929,7582
AAGGCGCGTAAAGCTT-1,0,24,38,12813,7381
AGTCGGCCCAAACGAC-1,0,25,39,12698,7583
AACGTCAGACTAGTGG-1,0,24,40,12582,7382
ACTACCAGCTCTCTGG-1,0,25,41,12467,7583
GCAAGTGCACAGAGAA-1,0,24,42,12350,7382
ACACCTTAAGTAGGGC-1,0,25,43,12235,7584
TTCGACGGGAAGGGCG-1,0,24,44,12119,7383
TTCGCACTCGCGTGCT-1,1,25,45,12004,7584
TATTTGTTACCCTTTA-1,0,24,46,11888,7384
CGCTGTGACGCCGCAC-1,1,25,47,11773,7585
GTTGCACGGAGTTTCG-1,1,24,48,11657,7384
GTTTCCTGGAGGGTGA-1,1,25,49,11542,7586
ACACCCAGCATGCAGC-1,1,24,50,11426,7385
TCAACCATGTTCGGGC-1,1,25,51,11311,7586
TTACAACTACGCATCC-1,1,24,52,11195,7386
TCCGATGGTGCGACAT-1,1,25,53,11080,7587
GGGCGTACATTTATAT-1,1,24,54,10964,7386
AGCGACCAACGATATT-1,1,25,55,10849,7588
ACACAAAGACGGGTGG-1,1,24,56,10733,7387
ATCGCACGCCGGGAGA-1,1,25,57,10618,7588
GCTCTAAACCCTGACG-1,1,24,58,10501,7387
AATGCAACCGGGTACC-1,1,25,59,10386,7589
TCAAACAACCGCGTCG-1,1,24,60,10270,7388
TATGCTCCCTACTTAC-1,1,25,61,10155,7589
AAAGGGATGTAGCAAG-1,1,24,62,10039,7389
ACGATCATACATAGAG-1,1,25,63,9924,7590
TTGTTCAGTGTGCTAC-1,1,24,64,9808,7389
ATGCATGATCCAGGAT-1,1,25,65,9693,7591
AGTCTTCTCCTCAAAT-1,1,24,66,9577,7390
GATTCCCTTGTCGCAG-1,1,25,67,9462,7591
CTCGCACCTATATAGT-1,1,24,68,9346,7391
ACTCAATAAAGGCACG-1,1,25,69,9231,7592
AACCGAGCTTGGTCAT-1,1,24,70,9115,7391
TAAGGCAACATAAGAT-1,1,25,71,9000,7593
CACGCACAGCGCAGCT-1,1,24,72,8883,7392
GGTTTACAATCTCAAT-1,1,25,73,8768,7593
TGCAGGATCGGCAAAG-1,1,24,74,8652,7392
ATAACGGAGTCCAACG-1,1,25,75,8537,7594
AACGATATGTCAACTG-1,1,24,76,8421,7393
GACAACGACCATTGAA-1,1,25,77,8306,7594
TTGACCATGTTCTCCG-1,1,24,78,8190,7394
AGTACGGGCACCTGGC-1,1,25,79,8075,7595
CGCCATCCGATTATGA-1,1,24,80,7959,7394
AAGGTATCCTAATATA-1,1,25,81,7844,7596
TGTTGTCAAGAAGTCT-1,1,24,82,7728,7395
CAGTGAATAAATGACT-1,1,25,83,7613,7596
CACCTTGCGAAACTCG-1,1,24,84,7497,7396
CATTTAGCGGACCATG-1,1,25,85,7382,7597
CCAGTCTAGACGGCGC-1,1,24,86,7266,7396
TCGCTTTAAACGTTTG-1,1,25,87,7151,7598
GTGAAACGGCGCCACC-1,1,24,88,7034,7397
GGGCTCATCGAACCCA-1,1,25,89,6919,7598
TTGATGTGTAGTCCCG-1,1,24,90,6803,7397
CAGTAGCCCACGCGGT-1,1,25,91,6688,7599
AGCGCGGGTGCCAATG-1,0,24,92,6572,7398
TAATCGATCCGTACGT-1,0,25,93,6457,7599
AGTGGCGGCAATTTGA-1,0,24,94,6341,7399
CCTTTCAATGAAGAAA-1,0,25,95,6226,7600
CTCAGTCACGACAAAT-1,0,24,96,6110,7399
ATAGGCTAGCTTCGCA-1,0,25,97,5995,7601
CGGTTCAAGTAGGTGT-1,0,24,98,5879,7400
CAGTCGAGGATGCAAT-1,0,25,99,5764,7601
TATCACCCAACCGACC-1,0,24,100,5648,7401
AATGATGCGACTCCTG-1,0,25,101,5533,7602
TGGAACCACTGACACA-1,0,24,102,5417,7401
GCCAATAGGGCATCTC-1,0,25,103,5301,7603
TTCTTTGGTCGCGACG-1,0,24,104,5185,7402
ATTAGATTCCTCAGCA-1,0,25,105,5070,7603
CCGTGGAACGATCCAA-1,0,24,106,4954,7402
GGGTCGTGGCAAGTGT-1,0,25,107,4839,7604
TCGCTCGGCACCAGCG-1,0,24,108,4723,7403
ACGCAATCACTACAGC-1,0,25,109,4608,7604
CTCTAATGCATTGATC-1,0,24,110,4492,7404
GTCTCGACTAAGTTTG-1,0,25,111,4377,7605
TGGTTTAAACGTGGGT-1,0,24,112,4261,7404
CGCAGATCTTCACCCG-1,0,25,113,4146,7606
TCCAGATGTACGCCAA-1,0,24,114,4030,7405
CATTGCGGGTCAATTC-1,0,25,115,3915,7606
GACGTTCGTAAATACA-1,0,24,116,3799,7406
TACACCGTCGTTAGTC-1,0,25,117,3684,7607
ACGGGCGTATGCGACA-1,0,24,118,3567,7406
GAAGGCTACCATTGTT-1,0,25,119,3452,7608
TAAATCTTTACACCTC-1,0,24,120,3336,7407
AGTTTATGTAAAGACA-1,0,25,121,3221,7608
AGGAGACATCCACAGT-1,0,24,122,3105,7407
CAACCTGAACCTGCCA-1,0,25,123,2990,7609
AGTCCCTCGCAGAAAG-1,0,24,124,2874,7408
TGTATACGGATGATGA-1,0,25,125,2759,7609
TTGTGGTATAGGTATG-1,0,24,126,2643,7409
TCTGCACCATTAGTAA-1,0,25,127,2528,7610
AAATGTATCTTATCCC-1,0,26,0,17205,7771
ACTCTAAACCTGGGAT-1,0,27,1,17090,7973
GCTGGCAGGTGCCGTG-1,0,26,2,16974,7772
CTCATTCGTGAACATC-1,0,27,3,16859,7973
TCGCCGGATGGGCAAG-1,0,26,4,16743,7773
GGACTAAGTCAGGAGT-1,0,27,5,16628,7974
TATCAAAGGTCTGTAA-1,0,26,6,16512,7773
TTCAGTTTGTGGCAGC-1,0,27,7,16397,7975
TGTTCATAAATGTGCT-1,0,26,8,16281,7774
CTTAGCCCGGATAGTG-1,0,27,9,16166,7975
GATGCGAATGGTATTA-1,0,26,10,16050,7775
TCTAACTGTATGTAAA-1,0,27,11,15935,7976
TTAAACCTGGTTCCTT-1,0,26,12,15819,7775
GCTAAGTAAAGGCGAT-1,0,27,13,15704,7977
AGTTACCGCACATGGT-1,0,26,14,15587,7776
GACTGCGGCACGTGTA-1,0,27,15,15472,7977
TGGTGATCGTATTTGT-1,0,26,16,15356,7776
TTATCGCCTGCGAAGC-1,0,27,17,15241,7978
TGGAATTAGACGCTTT-1,0,26,18,15125,7777
TCGTCACACTGTTAGC-1,0,27,19,15010,7978
TTATGTTTGCGATAGA-1,0,26,20,14894,7778
GGTGCTGATCACAAAG-1,0,27,21,14779,7979
CATAGCCGCCCGGGAT-1,0,26,22,14663,7778
GGTTAGTTACGGCGCC-1,0,27,23,14548,7980
ATTCCCACATAAACAA-1,0,26,24,14432,7779
ATTCAGTAGCAGGGTC-1,0,27,25,14317,7980
CAGTTCCGCGGGTCGA-1,0,26,26,14201,7780
AAGAGATGAATCGGTA-1,0,27,27,14086,7981
CGCAATTCTACAATAA-1,0,26,28,13970,7780
TAACGCTTTGAGAGCG-1,0,27,29,13854,7982
AGGCTATGGTTAGCTT-1,0,26,30,13738,7781
GAGGAATGGAGAGGTT-1,0,27,31,13623,7982
TCCTCTACGAGATGGC-1,0,26,32,13507,7781
TTGATTATGCAGATGA-1,0,27,33,13392,7983
TCAGTACTGACCCGCG-1,0,26,34,13276,7782
TTATGACAAACTGGAT-1,0,27,35,13161,7983
GTAAGTAGGGTATACC-1,0,26,36,13045,7783
CGCAAACACGAGTTAC-1,0,27,37,12930,7984
TGGCCGTATATTGACC-1,0,26,38,12814,7783
ACTGTAGCACTTTGGA-1,0,27,39,12699,7985
GCTCTATGTTACGTGC-1,0,26,40,12583,7784
TGCGCGATTAACGGAG-1,1,27,41,12468,7985
GAATCGACATGGTCAC-1,0,26,42,12352,7785
GACTAAGTAGGCTCAC-1,1,27,43,12237,7986
ATCTTGACCTGCAACG-1,1,26,44,12120,7785
ATGCACTACCGCATTG-1,1,27,45,12005,7987
CAGATACTAACATAGT-1,1,26,46,11889,7786
GATCGACACTATCTGA-1,1,27,47,11774,7987
ATAGAGTACTGGGACA-1,1,26,48,11658,7786
CCTACTGCTTACACTT-1,1,27,49,11543,7988
CCTGCTATTTGAGAAG-1,1,26,50,11427,7787
CGCGTTCATGAAATAC-1,1,27,51,11312,7988
CATTATGCTTGTTGTG-1,1,26,52,11196,7788
CCAGGGACGTGGCCTC-1,1,27,53,11081,7989
TATGGATGTGCTACGC-1,1,26,54,10965,7788
GTACTAAGATTTGGAG-1,1,27,55,10850,7990
AGACCCGCCCTCCTCG-1,1,26,56,10734,7789
CGCATTAGCTAATAGG-1,1,27,57,10619,7990
GCTCTCGGGTACCGAA-1,1,26,58,10503,7790
CACCGCCAGAAGGTTT-1,1,27,59,10387,7991
TCCCAAAGACGAAGGA-1,1,26,60,10271,7790
ATGGATTGACCAAACG-1,1,27,61,10156,7992
GTCATGGACATGACTA-1,1,26,62,10040,7791
CTACTGCCACCTGACC-1,1,27,63,9925,7992
TTATATTTGGCAATCC-1,1,26,64,9809,7791
AGCACCAGTACTCACG-1,1,27,65,9694,7993
CATGGTCTAGATACCG-1,1,26,66,9578,7792
TCTACCGTCCACAAGC-1,1,27,67,9463,7993
CTAGTTGGGCCCGGTA-1,1,26,68,9347,7793
TCCCGCGTACTCCTGG-1,1,27,69,9232,7994
CAGAGCATGAGCTTGC-1,1,26,70,9116,7793
ACACGGGAACTTAGGG-1,1,27,71,9001,7995
GGCTCTGCTCCAACGC-1,1,26,72,8885,7794
AGAACGTGGTACATTC-1,1,27,73,8770,7995
CAATAAACCTTGGCCC-1,1,26,74,8653,7795
ACTTCGCCATACGCAC-1,1,27,75,8538,7996
ATCTGGTTAAGACTGT-1,1,26,76,8422,7795
TCGTAAGACGACATTG-1,1,27,77,8307,7997
GTGTACCTTGGCTACG-1,1,26,78,8191,7796
GCCCGTAATACCTTCT-1,1,27,79,8076,7997
CGGTCAAGTGGGAACC-1,1,26,80,7960,7796
TTGTAAGGCCAGTTGG-1,1,27,81,7845,7998
GGAGCACCAAGAACTA-1,1,26,82,7729,7797
TAATAGTGACGACCAG-1,1,27,83,7614,7998
CTAAATCCTATTCCGG-1,1,26,84,7498,7798
CGAGTTCTGTCCCACC-1,1,27,85,7383,7999
AGGCAGATGCGTAAAC-1,1,26,86,7267,7798
AAGGATGAGGGACCTC-1,1,27,87,7152,8000
AGAGAACCGTCTAGGA-1,1,26,88,7036,7799
GAGGGCGCAGCTCTGC-1,1,27,89,6920,8000
AAGATTGGCGGAACGT-1,1,26,90,6804,7800
CCAGTAGTCTGATCCA-1,1,27,91,6689,8001
AAGGGACAGATTCTGT-1,1,26,92,6573,7800
ATAGAGTTATCAACTT-1,1,27,93,6458,8002
AAATTACCTATCGATG-1,1,26,94,6342,7801
GATCCTAAATCGGGAC-1,1,27,95,6227,8002
TTACAGACCTAAATGA-1,0,26,96,6111,7801
CCTCACCTTAGCATCG-1,1,27,97,5996,8003
CATGCGACCAGTTTAA-1,0,26,98,5880,7802
AACATATCAACTGGTG-1,0,27,99,5765,8003
CTATAAGAGCCAATCG-1,0,26,100,5649,7803
AATATCGAGGGTTCTC-1,0,27,101,5534,8004
GTACTCCTGGGTATGC-1,0,26,102,5418,7803
ATAAGTAGGATTCAGA-1,0,27,103,5303,8005
AGGTCGCGGAGTTACT-1,0,26,104,5186,7804
CTAATTCTCAGATATT-1,0,27,105,5071,8005
GCCAACCATTTCCGGA-1,0,26,106,4955,7805
TGATCCCAGCATTAGT-1,0,27,107,4840,8006
CGTTGTAAGATTGATT-1,0,26,108,4724,7805
GAAACCATGGTGCGCT-1,0,27,109,4609,8007
AATCTATGCCGGAGCC-1,0,26,110,4493,7806
GACTCCCAGAATAAGG-1,0,27,111,4378,8007
TATGATCCGGCACGCC-1,0,26,112,4262,7806
CCGCTTGCTGACATGG-1,0,27,113,4147,8008
TGGTTAAGGGCGCTGG-1,0,26,114,4031,7807
TTGATAGTCAATACAT-1,0,27,115,3916,8008
GGTTTAATTGAGCAGG-1,0,26,116,3800,7808
CATTACATAGATTGTG-1,0,27,117,3685,8009
GGTACACCAGATTTAT-1,0,26,118,3569,7808
GGCCCGTATACCATGC-1,0,27,119,3454,8010
ATCTTTCGTATAACCA-1,0,26,120,3337,7809
GAGATGACAATCCTTA-1,0,27,121,3222,8010
AAAGCTTGCCTACATA-1,0,26,122,3106,7810
GAACGATAAGTTAAAG-1,0,27,123,2991,8011
TAATAGCTAAATGATG-1,0,26,124,2875,7810
TATGGCTAGGCTAATT-1,0,27,125,2760,8012
AGGAGAGTCTGGCTAC-1,0,26,126,2644,7811
TGCTCTGCCGGTTCAC-1,0,27,127,2529,8012
CCAATAGATTTCATCT-1,0,28,0,17206,8174
GGGCACGAATTGGCCG-1,0,29,1,17091,8375
TCGTTGACAGGGTCCC-1,0,28,2,16975,8174
ATCGTATTCCGAGAAC-1,0,29,3,16860,8376
GGGAATTCTGTCCAGT-1,0,28,4,16744,8175
ACGCGTTTCTTAAGAG-1,0,29,5,16629,8376
GAGAGCGCAGTCCCTG-1,0,28,6,16513,8176
GTCCTATTGTTGTGGT-1,0,29,7,16398,8377
CATCTGCAGGATCATT-1,0,28,8,16282,8176
GAGTCGACAGACCCTC-1,0,29,9,16167,8378
AAGTGCAAAGGTAGAC-1,0,28,10,16051,8177
AGGGTGGATAGTGCAT-1,0,29,11,15936,8378
TGATAGCGGGATTCTA-1,0,28,12,15820,8177
GTCAGTTTGGTAGTCG-1,0,29,13,15705,8379
GCATTCGAAATGAACA-1,0,28,14,15589,8178
AAAGACTGGGCGCTTT-1,0,29,15,15473,8379
TAACAATATTTGTTGC-1,0,28,16,15357,8179
CCAGCTTCCGCCCGCA-1,0,29,17,15242,8380
GATATGGATTACGCGG-1,0,28,18,15126,8179
AGAGCAGTTATGAGAC-1,0,29,19,15011,8381
TCACATCTTATCTGAT-1,0,28,20,14895,8180
TATGAAGACAGGTGCG-1,0,29,21,14780,8381
TACCTGCTGCACTGTG-1,0,28,22,14664,8181
TAGGTCCAAGTAAGGA-1,0,29,23,14549,8382
GAAACTCGTGCGATGC-1,0,28,24,14433,8181
AACAATTACTCTACGC-1,0,29,25,14318,8383
CCGCACGTGACCTCGG-1,0,28,26,14202,8182
AACTTGCCCGTATGCA-1,0,29,27,14087,8383
GGGTATGTATGCACTT-1,0,28,28,13971,8182
TTCGTACTCCAGAACG-1,0,29,29,13856,8384
GAATTTCTCGCTGCAG-1,0,28,30,13739,8183
AACAGGATGGGCCGCG-1,0,29,31,13624,8384
GACGTGTAGGGATTAT-1,0,28,32,13508,8184
TAGGTGAGCCCTACTC-1,0,29,33,13393,8385
CTAATTCGCACGCGCT-1,0,28,34,13277,8184
GAAGCTTGCTGACCGC-1,0,29,35,13162,8386
GGTTAGGCTTGGAGAA-1,0,28,36,13046,8185
ACAAGGACAAGAGGTT-1,0,29,37,12931,8386
AGGCCACCCGTTATGA-1,0,28,38,12815,8185
GTGGGCTTAGACACAC-1,0,29,39,12700,8387
CGTGTCCCATTCGCGA-1,0,28,40,12584,8186
TGGAGTGATGCGATGA-1,1,29,41,12469,8388
AACAACTGGTAGTTGC-1,1,28,42,12353,8187
CCTGGCTAGACCCGCC-1,1,29,43,12238,8388
CGCAATTAGGGTAATA-1,1,28,44,12122,8187
TCGAAATTTAGGACCA-1,1,29,45,12007,8389
AGACTAGCCTTCCAGA-1,1,28,46,11890,8188
TTGATCTAACTTTGTC-1,1,29,47,11775,8389
AAGGAGCGGTTGGTGC-1,1,28,48,11659,8189
ACTTGGGACCCGGTGG-1,1,29,49,11544,8390
TGATCTCCGGCGCCAG-1,1,28,50,11428,8189
CAGTTCAAATTGACAC-1,1,29,51,11313,8391
GTCCGGCTGAATTGCG-1,1,28,52,11197,8190
CTGGAAATGGATGCTT-1,1,29,53,11082,8391
TGATCGGTTTGACCCT-1,1,28,54,10966,8190
TAGAGTCTAAGCGAAC-1,1,29,55,10851,8392
GAGACTGATGGGTAGA-1,1,28,56,10735,8191
TAGCTAAGTCCGGGAG-1,1,29,57,10620,8393
GGGCGATATGTGTGAA-1,1,28,58,10504,8192
CTCGAGGTCGAACAGT-1,1,29,59,10389,8393
GATCCCTTTATACTGC-1,1,28,60,10272,8192
GTCATGCACCTCCGTT-1,1,29,61,10157,8394
ACTTTCCTATAGCTTC-1,1,28,62,10041,8193
TCGCTCGATATATTCC-1,1,29,63,9926,8394
ATAGGTTGGGCAGATG-1,1,28,64,9810,8194
CAATTAAGGGTGATGA-1,1,29,65,9695,8395
ACCGACTGAGTCCCAC-1,1,28,66,9579,8194
CCTGTCACCCGGGCTC-1,1,29,67,9464,8396
GATCGGTGGCCATAAC-1,1,28,68,9348,8195
CCTATGGGTTACCGTC-1,1,29,69,9233,8396
TTGGGACACTGCCCGC-1,1,28,70,9117,8195
CGAGGCTAAATATGGC-1,1,29,71,9002,8397
TCAGGGTGTAACGTAA-1,1,28,72,8886,8196
CGAGAGATGTGAACCT-1,1,29,73,8771,8398
TCGCTGGGCGGATTGT-1,1,28,74,8655,8197
AGATCTCAGGTGTGAT-1,1,29,75,8540,8398
TGGCCAAACTGAAGTA-1,1,28,76,8423,8197
GCTTCCGTCCCTAGAC-1,1,29,77,8308,8399
CAGCAGCCCGTTCCTT-1,1,28,78,8192,8198
TGTATAACAGATCCTG-1,1,29,79,8077,8399
CGCGGGAATTAGGCAG-1,1,28,80,7961,8199
TGCATGTGGTAATCTA-1,1,29,81,7846,8400
ACAATTTGAGCAGTGG-1,1,28,82,7730,8199
GAGCTAAGGGCATATC-1,1,29,83,7615,8401
CCAGATAGTTGAGTGA-1,1,28,84,7499,8200
CCACAATGTACGTCTT-1,1,29,85,7384,8401
CAATGGATCTCTACCA-1,1,28,86,7268,8200
TGTGGCAAAGCGTATG-1,1,29,87,7153,8402
TAAAGCGTTAGGAGAA-1,1,28,88,7037,8201
TCCGTTTAGCCTTGAA-1,1,29,89,6922,8403
CAGCTCGACAAGTTAA-1,1,28,90,6805,8202
GCCTATAGTGTCAGGG-1,1,29,91,6690,8403
ATAGACAACGGGACCT-1,1,28,92,6574,8202
CTACTATCTTTCAGAG-1,1,29,93,6459,8404
GCGCTGCTTTGCATTT-1,1,28,94,6343,8203
GCGCATCCAGTCAGCA-1,1,29,95,6228,8404
GACTCGCGGGAATGAC-1,1,28,96,6112,8204
CTGGTAACGAGCTCTT-1,1,29,97,5997,8405
TCCGGCCTAGCGTACA-1,1,28,98,5881,8204
TCTAGGTGGCGACGCT-1,1,29,99,5766,8406
ACGCTAGTGATACACT-1,0,28,100,5650,8205
ATCTGCACCTCTGCGA-1,1,29,101,5535,8406
CCTCACCTGAGGGAGC-1,0,28,102,5419,8205
AGTGAGCCTCGCCGCC-1,0,29,103,5304,8407
ACGAGTACGGATGCCC-1,0,28,104,5188,8206
GGTACCATTAAGACGG-1,0,29,105,5073,8407
TTCTGCTAGACTCCAA-1,0,28,106,4956,8207
TAACTATTACGCCAAA-1,0,29,107,4841,8408
GCATTCAAGGCAACGC-1,0,28,108,4725,8207
AGTACATCATTTATCA-1,0,29,109,4610,8409
GTCGTGTCTGGTCATC-1,0,28,110,4494,8208
AGTCTAAAGTATACTC-1,0,29,111,4379,8409
CGGCCCAACCTGTAGT-1,0,28,112,4263,8209
AGGGAGACATACTTCG-1,0,29,113,4148,8410
TCCCTAGATCAATAGG-1,0,28,114,4032,8209
TCCCGTCGCGTCATAG-1,0,29,115,3917,8411
CGCATCCATCAGCCAG-1,0,28,116,3801,8210
CTGCACCTAGTCCACA-1,0,29,117,3686,8411
CGAGGATCGGGAACGA-1,0,28,118,3570,8210
CAATGAGGTTCGACTA-1,0,29,119,3455,8412
TCTGACGGGCTAACCC-1,0,28,120,3338,8211
TTCTATGCCTTTCGCA-1,0,29,121,3223,8412
AGAGTATAGTGTTACG-1,0,28,122,3107,8212
CCATTGTTTCCTCCAT-1,0,29,123,2992,8413
CTCATCACTTAGTGAT-1,0,28,124,2876,8212
CCGAAGGGCGTACCGC-1,0,29,125,2761,8414
TCAAGCTGCCTTGAAA-1,0,28,126,2645,8213
CTCATTAACGTTGCCC-1,0,29,127,2530,8414
GTCTTCCTCACCTAAG-1,0,30,0,17208,8576
GGTGATGAAGGAAGTG-1,0,31,1,17093,8777
TCAATACAATTGCTGC-1,0,30,2,16976,8576
GCAACCCAAGTTGTTT-1,0,31,3,16861,8778
ATGAAGTGGACCCAGC-1,0,30,4,16745,8577
GAGAATCTCACGATCA-1,0,31,5,16630,8778
TATATCATTGATCAGT-1,0,30,6,16514,8578
AACTTTACGGGAGCTT-1,0,31,7,16399,8779
TTCTTGTGTCCATCAG-1,0,30,8,16283,8578
ACAATTTAGGAGGCTC-1,0,31,9,16168,8780
ATACTTGTTCTCGAGC-1,0,30,10,16052,8579
CACGGGATTGAGGGTT-1,0,31,11,15937,8780
GTTAATGTCTATCTTA-1,0,30,12,15821,8580
GCGTTATATTTGGAAC-1,0,31,13,15706,8781
CGTCAAGGCTATAAAT-1,0,30,14,15590,8580
TTAGCTCTGTAATCCG-1,0,31,15,15475,8782
AATGGTCCACCGTTCA-1,0,30,16,15358,8581
GTCATTGCATTGACCC-1,0,31,17,15243,8782
TGTCCGTGGCGCCTTT-1,0,30,18,15127,8581
TCAACTAACGTATAAC-1,0,31,19,15012,8783
TCCTCTCCAGTTGTCC-1,0,30,20,14896,8582
TGTGTTCGTATCCAAG-1,0,31,21,14781,8783
CCGCGTAGGTAAGGGC-1,0,30,22,14665,8583
CTGCGGGTGAAATGTT-1,0,31,23,14550,8784
TATCTACAGAGGTAAT-1,0,30,24,14434,8583
CTACTCTAGGCCCGGC-1,0,31,25,14319,8785
ACAAGCAGTGCCTAGC-1,0,30,26,14203,8584
TACAAGTCTCGTGCAT-1,0,31,27,14088,8785
TCGGAATGCGCTCTGA-1,0,30,28,13972,8585
TCGCGTCCAGAAGGTC-1,0,31,29,13857,8786
TATGGCCCGGCCTCGC-1,0,30,30,13741,8585
GCTGGCATATTCACCT-1,0,31,31,13626,8787
GTCAGAATAGTCTATG-1,0,30,32,13509,8586
GGCGTCCTATCCGCTG-1,0,31,33,13394,8787
CGGAGTTTGAGAGACA-1,0,30,34,13278,8586
AGCACTTAAGGACGCC-1,1,31,35,13163,8788
TCCACAATGGTTTACG-1,0,30,36,13047,8587
CCAACGATGCACTGAT-1,1,31,37,12932,8788
ATTTACAGTTTACTGG-1,0,30,38,12816,8588
CCCTGAAATGAGTTGA-1,1,31,39,12701,8789
CAAACGGTCGCACTTT-1,1,30,40,12585,8588
TGATTCGTCTATCACT-1,1,31,41,12470,8790
TCAGGTTCTTTGAGAA-1,1,30,42,12354,8589
CACGCAGCGAGGCTTT-1,1,31,43,12239,8790
TTAAGCGCCTGACCCA-1,1,30,44,12123,8590
CTTACACGGTATTCCA-1,1,31,45,12008,8791
AAGGCTGTGCTCATCG-1,1,30,46,11891,8590
GACCAGAGCCCTGTAG-1,1,31,47,11776,8792
TCCCAGGCTTAGCTAA-1,1,30,48,11660,8591
ATTGAAGATCTTAGTG-1,1,31,49,11545,8792
AGTTCCTACAGAATTA-1,1,30,50,11429,8591
GGGCTGGTTAGTCGCG-1,1,31,51,11314,8793
GAAATGGCGGTGTTAG-1,1,30,52,11198,8592
TACGAACACGACTTCA-1,1,31,53,11083,8793
ACCACAAGTTTCTATC-1,1,30,54,10967,8593
ATATTTAACCCTCAAG-1,1,31,55,10852,8794
GATCATTCCAAACATT-1,1,30,56,10736,8593
TCCAGGCGAGTACGGT-1,1,31,57,10621,8795
GTTTGACCAAATCCTA-1,1,30,58,10505,8594
CACAGCACCCACGGCA-1,1,31,59,10390,8795
TGCAAGAATGACGTAA-1,1,30,60,10274,8595
GCGAAGCCATACCCGT-1,1,31,61,10159,8796
TCCTTTCTTACGCTTA-1,1,30,62,10042,8595
GCTGCTCTCCGGACAC-1,1,31,63,9927,8797
ACTGTCTTCTTTAGAA-1,1,30,64,9811,8596
TCAAACTTAGATTGTT-1,1,31,65,9696,8797
CTATGTCACTAGCCCA-1,1,30,66,9580,8596
TGCGCAAAGCATTTGG-1,1,31,67,9465,8798
TTAATGTAGACCAGGT-1,1,30,68,9349,8597
GGCGGTAGGATCATTG-1,1,31,69,9234,8798
GGCAATAGTCAATGAG-1,1,30,70,9118,8598
ACACGAGACTCCTTCT-1,1,31,71,9003,8799
GACACAAGGGAAGAAA-1,1,30,72,8887,8598
TCAGCAAATGCATCTC-1,1,31,73,8772,8800
GAGATCTGTCACTCCG-1,1,30,74,8656,8599
ATGCCGGTCTTGCATA-1,1,31,75,8541,8800
TTGGGCGGCGGTTGCC-1,1,30,76,8424,8600
TTGTTGTGTGTCAAGA-1,1,31,77,8309,8801
ACTGTACGATACACAT-1,1,30,78,8193,8600
TCCACTTTATCTAGGT-1,1,31,79,8078,8802
GGTCTGAGAATCTGGA-1,1,30,80,7962,8601
TAGAAAGGTGGCGCTA-1,1,31,81,7847,8802
TATGTCTCATTGTGCC-1,1,30,82,7731,8601
GGATTTCACTTCTATA-1,1,31,83,7616,8803
TGAGTGGTCCGTGACG-1,1,30,84,7500,8602
CGCTTTCTTGCATTCG-1,1,31,85,7385,8803
ACCCAACGCCCGTGGC-1,1,30,86,7269,8603
GAACGTCTCATGGTCG-1,1,31,87,7154,8804
AGGGTTCCCTTTGGTT-1,1,30,88,7038,8603
GTAGCTTCCTCTTGTT-1,1,31,89,6923,8805
GCATGAGGGACGCGGC-1,1,30,90,6807,8604
CTACCCTAAGGTCATA-1,1,31,91,6692,8805
TCACCGCTCGGCACTC-1,1,30,92,6575,8605
GGCTCGCGTTGAGGTA-1,1,31,93,6460,8806
CTAACGAAACTTGCTG-1,1,30,94,6344,8605
TTAAACTCGAATTCAT-1,1,31,95,6229,8807
TACTTTACTGAGCCGG-1,1,30,96,6113,8606
GCTTGGATCGATTAGG-1,1,31,97,5998,8807
CGGTTATCCAACAGTG-1,1,30,98,5882,8606
CAGACCTGTAAGTGTT-1,1,31,99,5767,8808
GACGGTCAATAGAAGC-1,1,30,100,5651,8607
CTGACTGCGCAGCTCG-1,1,31,101,5536,8808
CCATACCTTTACTTGT-1,1,30,102,5420,8608
GTAATAAAGGGCTCCC-1,1,31,103,5305,8809
GTGAACTCCCATTCGA-1,0,30,104,5189,8608
GTGGTTACTTCTTTCG-1,0,31,105,5074,8810
TCAGAACCTCCACAGG-1,0,30,106,4957,8609
TCCCACTCTCTTCCGG-1,0,31,107,4842,8810
ATCTTGACTTGTCCAA-1,0,30,108,4726,8610
TCGGGAACGTGCCTAG-1,0,31,109,4611,8811
GTTAGCCGTAAATCAA-1,0,30,110,4495,8610
ATTTACTAAGTCCATT-1,0,31,111,4380,8812
GGGTGCATATGAAAGC-1,0,30,112,4264,8611
TCCGAATGGTCCTGAG-1,0,31,113,4149,8812
TGATGGCTGTTTCTGA-1,0,30,114,4033,8611
AAATAAGGTAGTGCCC-1,0,31,115,3918,8813
CCACTATCCGGGTCAC-1,0,30,116,3802,8612
ACACCACATAATTAGC-1,0,31,117,3687,8813
CGCGGTAAGTCTAGCT-1,0,30,118,3571,8613
GCGGGCATTACGATGC-1,0,31,119,3456,8814
AGGATTGCTTACGACA-1,0,30,120,3340,8613
CTCGGGATAACACCTA-1,0,31,121,3225,8815
GTCGTCTGGTTGGCTA-1,0,30,122,3108,8614
GCAATTAGTCGCACCG-1,0,31,123,2993,8815
GTGACCTAAAGAATAA-1,0,30,124,2877,8615
CTGAGCGAGACTTATT-1,0,31,125,2762,8816
CAAGACTCAGAAGCGC-1,0,30,126,2646,8615
ACTTCGCTAGCGAGTG-1,0,31,127,2531,8817
CCATACTCGCCTCTCC-1,0,32,0,17209,8978
ACGATACCTATCCTGA-1,0,33,1,17094,9179
CTCACCAGTACAAGTG-1,0,32,2,16977,8979
CGAAGACGGTGAGTGC-1,0,33,3,16862,9180
AAATTAATAAGCGCGA-1,0,32,4,16746,8979
GGGCCCTTATCTATAC-1,0,33,5,16631,9181
CTGCCCACGAAGCGTT-1,0,32,6,16515,8980
GGACAAGTTGCAGTGA-1,0,33,7,16400,9181
GTCCGAGAGCAATCAT-1,0,32,8,16284,8980
ATGGCAGCCGAGAAAC-1,0,33,9,16169,9182
CCTCGGATGCTACCTG-1,0,32,10,16053,8981
ATACGGTGAAGATGCA-1,0,33,11,15938,9182
ACATCAGCTGGGACGC-1,0,32,12,15822,8982
GGTTGTGTAGCCTGGC-1,0,33,13,15707,9183
CCTGCGTTCTACGCTT-1,0,32,14,15591,8982
GAACGTTAGGAAGACG-1,0,33,15,15476,9184
CTGATAGTGTATCTCA-1,0,32,16,15360,8983
TTCTGCGAGCGCCCTT-1,0,33,17,15245,9184
CTTTGGCGCTTTATAC-1,0,32,18,15128,8984
TCCGAACTTGGCTTAC-1,0,33,19,15013,9185
TAGATTCCTGGTTATT-1,0,32,20,14897,8984
CCGACAAAGGGAGTGC-1,0,33,21,14782,9186
CCATGGCCCTTGTACC-1,0,32,22,14666,8985
GAAATATCACCATCAG-1,0,33,23,14551,9186
ACGAAATGGGCGGCAC-1,0,32,24,14435,8985
GTGAGCGTGCTGCACT-1,0,33,25,14320,9187
CCGCGGGTACGAAGAA-1,0,32,26,14204,8986
TCCCTGGCTCGCTGGA-1,1,33,27,14089,9187
CAGCTTAGTAGGTAGC-1,0,32,28,13973,8987
CACGAAAGTTAGTCCC-1,0,33,29,13858,9188
ACCTAATCGACTTCCT-1,0,32,30,13742,8987
AAGTAGTGACGCGAGG-1,1,33,31,13627,9189
TCCGATTACATTGCCG-1,1,32,32,13510,8988
CCTCCGACAATTCAAG-1,1,33,33,13395,9189
GTTCACAGGAGTCTAG-1,0,32,34,13279,8989
CGAAGTTGCTCTGTGT-1,1,33,35,13164,9190
GTCGGATATCTCAGAC-1,1,32,36,13048,8989
CGCTCTCCGTAGATTA-1,1,33,37,12933,9191
CAAGCAACGTCGGAGT-1,1,32,38,12817,8990
CCATTCCCTGCCCACA-1,1,33,39,12702,9191
CTTTGGCTTTAGTAAA-1,1,32,40,12586,8990
GGCTATTAAGTTGTAT-1,1,33,41,12471,9192
CCATTAGCGATAATCC-1,1,32,42,12355,8991
TGTTCTTCCATTGACT-1,1,33,43,12240,9192
AGATAACTTCAGGGCC-1,1,32,44,12124,8992
ATAGACGAAGAGAAAG-1,1,33,45,12009,9193
GGCGGAGTAATATTAG-1,1,32,46,11893,8992
TGACCCACGTTAGACA-1,1,33,47,11778,9194
TCACAGGTTATTGGGC-1,1,32,48,11661,8993
TCACGCATTGTAGATC-1,1,33,49,11546,9194
TTGAAGAATTCCCAGG-1,1,32,50,11430,8994
AAATGGTCAATGTGCC-1,1,33,51,11315,9195
TAGTGCCCTCCAGAGT-1,1,32,52,11199,8994
GGTATTGCCGAGTTTA-1,1,33,53,11084,9196
CGTATTAAGAGATCTA-1,1,32,54,10968,8995
ACTGTCCAGGATTATA-1,1,33,55,10853,9196
CGGGCAGCTAAACCGC-1,1,32,56,10737,8995
TTGCTGATCATGTTCG-1,1,33,57,10622,9197
TATGGGTACGTATCGT-1,1,32,58,10506,8996
CAGCTCACTGAGACAT-1,1,33,59,10391,9197
GGGACTGCATAGATAG-1,1,32,60,10275,8997
ACGCATTCGTGAGTAC-1,1,33,61,10160,9198
CTCTGGACGCCTGGTG-1,1,32,62,10044,8997
AGGGTTTAGTTCGGGA-1,1,33,63,9928,9199
GGGAGAACTCACAGTA-1,1,32,64,9812,8998
ATCAATCTGGGCTGCA-1,1,33,65,9697,9199
TCTTCGATACCAATAA-1,1,32,66,9581,8999
ACGTAGATTGCTGATG-1,1,33,67,9466,9200
TCTTGATGCGTAGCGA-1,1,32,68,9350,8999
GGGCTGCCTAGGGCGA-1,1,33,69,9235,9201
CTCTCACAATCGATGA-1,1,32,70,9119,9000
CCAAGCGTAACTCGTA-1,1,33,71,9004,9201
ACAACAGCATGAGCTA-1,1,32,72,8888,9000
GTCCCAACGTAAAGTA-1,1,33,73,8773,9202
TCGGAGTACATGAGTA-1,1,32,74,8657,9001
GGGAGTTAATGAGGCG-1,1,33,75,8542,9202
CCGGGCGGTCTCGTCA-1,1,32,76,8426,9002
CCGTAAGTTGGTCCCA-1,1,33,77,8311,9203
GGAGGGCTTGGTTGGC-1,1,32,78,8194,9002
TCGGACGCCCAGCCCA-1,1,33,79,8079,9204
TCTGTGCCATCATAGT-1,1,32,80,7963,9003
GTACTGGAGTTAGACC-1,1,33,81,7848,9204
GGAATGCGCTAGCGTG-1,1,32,82,7732,9004
GTGTGAATAACTTAGG-1,1,33,83,7617,9205
GGTCGGCCAGGAGCTT-1,1,32,84,7501,9004
TAGCCGGCGGTCAGCG-1,1,33,85,7386,9206
CGGGTGTACCCATTTA-1,1,32,86,7270,9005
AGTGATTCAAGCAGGA-1,1,33,87,7155,9206
GTTGGATTGAGAACAC-1,1,32,88,7039,9005
CACACGCGCTGTCTTA-1,1,33,89,6924,9207
TAGACGCCCGTACCGG-1,1,32,90,6808,9006
GGTTTCAATCGGTCAG-1,1,33,91,6693,9207
AATCTGCGTTGGGACG-1,1,32,92,6577,9007
TTACGGATGGTTCGAG-1,1,33,93,6461,9208
CGGCAGGGTCGGGTTG-1,1,32,94,6345,9007
GCTTTCAGAGGAGGTG-1,1,33,95,6230,9209
TCTTCCCATGGGCACA-1,1,32,96,6114,9008
TACCGCGGACTTGCAG-1,1,33,97,5999,9209
AGAATTATGGATTCGA-1,1,32,98,5883,9009
ATTGATGAGTCCTAAC-1,1,33,99,5768,9210
TAGGTCGCCGGAACTG-1,1,32,100,5652,9009
TAACCTACCGTCCGAG-1,1,33,101,5537,9211
CTTAGTAGGCCTACAG-1,1,32,102,5421,9010
CTAGATGTGAGTGTAA-1,1,33,103,5306,9211
ACTCCCGAATTCGTTT-1,1,32,104,5190,9010
GTTCATCGTTTGGCTG-1,1,33,105,5075,9212
ACTTTACCCTCATGAA-1,1,32,106,4959,9011
GCGAGAGTTGCGTCCA-1,0,33,107,4844,9212
GTTCGGGCGTACCATT-1,0,32,108,4727,9012
CGACTTTGTATAGCCT-1,1,33,109,4612,9213
GCCATCGATGCTGCAT-1,0,32,110,4496,9012
GCATTTCCAAGGCTCC-1,0,33,111,4381,9214
ATGTAAGGCTGCTCTT-1,0,32,112,4265,9013
ACGTTCGCAATCAATT-1,0,33,113,4150,9214
GTGACGAGGGTGACCC-1,0,32,114,4034,9014
ATTATAGCTACTTTAC-1,0,33,115,3919,9215
CGTGTGTTAAACCCTG-1,0,32,116,3803,9014
TTGGTATGGCTTGTGT-1,0,33,117,3688,9216
CATTCCCATTCCGTCG-1,0,32,118,3572,9015
TGCCGAAAGCGTATTC-1,0,33,119,3457,9216
CAACACATCTCCTGCC-1,0,32,120,3341,9015
CTGCCTCATATGCAAC-1,0,33,121,3226,9217
TCCCGCCTATGTGCGT-1,0,32,122,3110,9016
GGTTACCCGACACTTT-1,0,33,123,2995,9217
CCAGCGGGATCACCAG-1,0,32,124,2878,9017
ATGTTTCGGCCCGGAG-1,0,33,125,2763,9218
GCGTCTAACCTCCTAA-1,0,32,126,2647,9017
ATCAGGTAGCTGACAG-1,0,33,127,2532,9219
GGTATGAAAGAACTGA-1,0,34,0,17210,9380
GTGGCCTAATATCATT-1,0,35,1,17095,9582
CCTGTGAAACCGTAAC-1,0,34,2,16979,9381
GGCAGAGAGATCGGGA-1,0,35,3,16864,9582
TAGCGTCGAATATTGA-1,0,34,4,16747,9381
CGCCGACTATTCGCTA-1,0,35,5,16632,9583
TCTGGCGCAAGCCGGG-1,0,34,6,16516,9382
AGTGGTTGCGTATAGG-1,0,35,7,16401,9583
ATCGGTTACCTAGTAA-1,0,34,8,16285,9383
CCTGCCCGTTGTCTAG-1,0,35,9,16170,9584
GCACACGCCCATGGTC-1,0,34,10,16054,9383
AGTACGGCCCGTATCG-1,0,35,11,15939,9585
TATCTAGCCTAAAGGA-1,0,34,12,15823,9384
CACTCGGTTAGGAGGA-1,0,35,13,15708,9585
ATGTTCGTCGACCCAC-1,0,34,14,15592,9385
TTCCTCTGCCCGAATA-1,0,35,15,15477,9586
TTACTATCGGCTTCTC-1,0,34,16,15361,9385
GCCGCATTAGTCCGGC-1,0,35,17,15246,9587
TAAGGGCTGGGAGAGG-1,0,34,18,15130,9386
TAAGCAGGCGACACGC-1,0,35,19,15014,9587
AGCACTACCGGCCTGT-1,0,34,20,14898,9386
GAAAGCCCTTTGGACC-1,1,35,21,14783,9588
GACCGACTGAAGCGTC-1,1,34,22,14667,9387
CGGTGAAGACTAAAGT-1,1,35,23,14552,9588
CCCTGCGCTACGCATA-1,1,34,24,14436,9388
TACTGGACAGCTCGGC-1,1,35,25,14321,9589
TTAGTAGGGCGGCGGG-1,1,34,26,14205,9388
GAGGCTATCAAAGTCG-1,1,35,27,14090,9590
TTACCATTGATTACCC-1,1,34,28,13974,9389
ATACCACGGGCAACTT-1,1,35,29,13859,9590
TGTCCTAAGTCACCGC-1,1,34,30,13743,9390
AGGTAGGTACAAAGCT-1,1,35,31,13628,9591
GGCATACAGGTAGCGG-1,1,34,32,13512,9390
TGTAGTGATCTATAAT-1,1,35,33,13397,9592
TCCCGGGTGTGCTGCT-1,1,34,34,13280,9391
TACGATGTTGATCATC-1,1,35,35,13165,9592
CCTCTCTCCCATCTAG-1,1,34,36,13049,9391
GCAGGACTATAGAATA-1,1,35,37,12934,9593
CTAGTGAAGGACAGGA-1,1,34,38,12818,9392
TACGAGAACTTCACGT-1,1,35,39,12703,9593
CGTTGTTTCAATTCCC-1,1,34,40,12587,9393
GCAAATATTACGCTTT-1,1,35,41,12472,9594
CCAATAGTGCCGTCGA-1,1,34,42,12356,9393
ATTGCTGCTCCTCCAT-1,1,35,43,12241,9595
GAGATCTGCTTGGCAT-1,1,34,44,12125,9394
GCCGAAATTCCTACGT-1,1,35,45,12010,9595
GGCACTCCACTGGGCA-1,1,34,46,11894,9395
GGGTCACCGTGACGGT-1,1,35,47,11779,9596
CACTTAATCAGACGGA-1,1,34,48,11663,9395
CGTTTCGCTCATTACA-1,1,35,49,11547,9597
ATAAAGGCTCGGTCGT-1,1,34,50,11431,9396
CACTAAAGTTGCCTAT-1,1,35,51,11316,9597
GTGCTCAAGTACTGTC-1,1,34,52,11200,9396
CCATGCCTGTTTAGTA-1,1,35,53,11085,9598
TCTAGTTATCAGAAGA-1,1,34,54,10969,9397
TTGTAATCCGTACTCG-1,1,35,55,10854,9598
TCCCAGCTTTAGTCTG-1,1,34,56,10738,9398
CTACGCACGGAGTACC-1,1,35,57,10623,9599
AAATTAACGGGTAGCT-1,1,34,58,10507,9398
CGGCCACGCACAAAGT-1,1,35,59,10392,9600
GAAGCGTGAGGAATTT-1,1,34,60,10276,9399
ATATCTTAGGGCCTTC-1,1,35,61,10161,9600
ACGCGGGCCAAGGACA-1,1,34,62,10045,9400
GCGAGTTCTGCAAAGA-1,1,35,63,9930,9601
TATTCGTGCCAGAATA-1,1,34,64,9813,9400
AGGGCTGCAGTTACAG-1,1,35,65,9698,9602
CTAGCATAGTATAATG-1,1,34,66,9582,9401
TAGGTTCGAGTTCGTC-1,1,35,67,9467,9602
GAATTATAGTGAAAGG-1,1,34,68,9351,9401
CTATCGGGTCTCAACA-1,1,35,69,9236,9603
GCGCTAATTGAATAGA-1,1,34,70,9120,9402
ATGCGACAGTCCCATT-1,1,35,71,9005,9603
GGTAGTGCTCGCACCA-1,1,34,72,8889,9403
AAGCTCGTGCCAAGTC-1,1,35,73,8774,9604
TATTCAATTCTAATCC-1,1,34,74,8658,9403
TTCAAAGTCTCTAGCC-1,1,35,75,8543,9605
TTGAATATGGACTTTC-1,1,34,76,8427,9404
AAGAGCTCTTTATCGG-1,1,35,77,8312,9605
TTACTCCGGCCGGGAA-1,1,34,78,8196,9404
AAACGAGACGGTTGAT-1,1,35,79,8081,9606
GCTAAGTAGTTTCTCT-1,1,34,80,7964,9405
ATAACGCCGGAGGGTC-1,1,35,81,7849,9607
GGATCCGGAATATACT-1,1,34,82,7733,9406
TGAAAGGACCTGACTC-1,1,35,83,7618,9607
TCCGCGGCAGCATCTG-1,1,34,84,7502,9406
TGCATATGTCTGTCAC-1,1,35,85,7387,9608
TGTAGGAGAAATTTCC-1,1,34,86,7271,9407
AGTGAGACTTCCAGTA-1,1,35,87,7156,9608
CCCAAACATGCTGCTC-1,1,34,88,7040,9408
GCTTATGAAGCAGGAA-1,1,35,89,6925,9609
TTCTAACCGAAGCTTA-1,1,34,90,6809,9408
GGATGTCCTTACCGCA-1,1,35,91,6694,9610
AGGGTGCTCTCGAGGG-1,1,34,92,6578,9409
AACTCTCAATAGAGCG-1,1,35,93,6463,9610
TCTGAATTCCGTACAA-1,1,34,94,6346,9409
GCGTGGTACTGGGTTA-1,1,35,95,6231,9611
CGTCGGATAGTGTTGA-1,1,34,96,6115,9410
ATATGTCTCCCTAGCC-1,1,35,97,6000,9612
TCTTTAAGACTATGAA-1,1,34,98,5884,9411
TCATTTAAGTCTCCGA-1,1,35,99,5769,9612
GATATTGAGATTGGCG-1,1,34,100,5653,9411
TGACATCGAGCGGACC-1,1,35,101,5538,9613
GCGTAAATGGCCATAA-1,1,34,102,5422,9412
ATTGTACAACTCGGCT-1,1,35,103,5307,9613
TACGCTATAGAAACCT-1,1,34,104,5191,9413
CACCCAAATCTTATGT-1,1,35,105,5076,9614
AGATGATGGAGTCTGG-1,1,34,106,4960,9413
CCACGGTGCCCGGTAG-1,1,35,107,4845,9615
TCAAGAAATACTAGCT-1,1,34,108,4729,9414
AGGTATAATTGATAGT-1,1,35,109,4614,9615
CAAGGTCCTATAGGCT-1,0,34,110,4497,9414
CCGGCACGACCGTTTC-1,0,35,111,4382,9616
ACCTCCGTTATTCACC-1,0,34,112,4266,9415
GCAGCCTATATCACAT-1,0,35,113,4151,9617
GGTATAGTGACACATA-1,0,34,114,4035,9416
AAATTCCAGGTCCAAA-1,0,35,115,3920,9617
TCTTTAGCAGGCGAAC-1,0,34,116,3804,9416
TATTGACATTTCTGCC-1,0,35,117,3689,9618
TCTGATCGGGTGCTAG-1,0,34,118,3573,9417
GGCCCGGAGCATGTCT-1,0,35,119,3458,9618
GGGCGCAGCGTTACTC-1,0,34,120,3342,9418
TTGGCGATCCGAATAT-1,0,35,121,3227,9619
CCACGTAAATTAGACT-1,0,34,122,3111,9418
TCTGATTGGAAATGGA-1,0,35,123,2996,9620
ATGGCGGAATAGTCGC-1,0,34,124,2879,9419
ATCGCTTTACGTCTCA-1,0,35,125,2764,9620
TACGTGCAAGGTTCCT-1,0,34,126,2648,9419
CAGGACAGCTGCCCTT-1,0,35,127,2533,9621
CAAACCAGGTCTGCAT-1,0,36,0,17211,9782
ACAAGCTATATGGAAG-1,0,37,1,17096,9984
TCGCCCACTGCGAGAG-1,0,36,2,16980,9783
AGCCGCAAATTCAAAT-1,0,37,3,16865,9984
TTAACGTTAAAGCCTG-1,0,36,4,16749,9784
CAGCGCCAACACGATA-1,0,37,5,16633,9985
ATCCAATGGTACCGAA-1,0,36,6,16517,9784
GTGCTGCAGATAAGGA-1,0,37,7,16402,9986
GGCCTTTGCAACTGGC-1,0,36,8,16286,9785
GTCGTACCTACGATTG-1,0,37,9,16171,9986
TAGAAATTCACGTATA-1,0,36,10,16055,9785
AGAATAAATCTTCAGG-1,0,37,11,15940,9987
CATTGCGAAATGGGCG-1,0,36,12,15824,9786
GTCTACTCAATTACAA-1,0,37,13,15709,9987
TGTAATGACCACAATA-1,0,36,14,15593,9787
AAAGTCGACCCTCAGT-1,1,37,15,15478,9988
TACTCGGCACGCCGGG-1,1,36,16,15362,9787
AGGTGTATCGCCATGA-1,1,37,17,15247,9989
TGTGCTTTACGTAAGA-1,1,36,18,15131,9788
AAACCTCATGAAGTTG-1,1,37,19,15016,9989
TATAGGGTACTCATGA-1,1,36,20,14899,9789
CCAGCTGATGGTACTT-1,1,37,21,14784,9990
AATATTGGAGTATTGA-1,1,36,22,14668,9789
GGCCCTCACCCACTTA-1,1,37,23,14553,9991
AACCAAGACTTCTCTG-1,1,36,24,14437,9790
TCGTATTACCCATTGC-1,1,37,25,14322,9991
ATTCGACGCCGGGCCT-1,1,36,26,14206,9790
GGCGCAGGACATCTTC-1,1,37,27,14091,9992
GTACTCCCTTATCGCT-1,1,36,28,13975,9791
TGGTCTGTTGGGCGTA-1,1,37,29,13860,9992
AATAACAACGCTCGGC-1,1,36,30,13744,9792
CATACCCGTACCCAGT-1,1,37,31,13629,9993
ACAATCCATTTAAACC-1,1,36,32,13513,9792
GTTACAATTGGTGACG-1,1,37,33,13398,9994
TTGCCCTGATCACGGG-1,1,36,34,13282,9793
CTAACCGCGCGCCCGT-1,1,37,35,13167,9994
CTAAAGAATGCCTACT-1,1,36,36,13050,9794
ACCCATCTTGAGGGTA-1,1,37,37,12935,9995
GATCTTTGCAGGGTAT-1,1,36,38,12819,9794
GGGTACTTCATGAACT-1,1,37,39,12704,9996
GCCGCTTGTGAGAAAC-1,1,36,40,12588,9795
CCTGTAAGACATGATA-1,1,37,41,12473,9996
CGACAGTTCGCGTTAT-1,1,36,42,12357,9795
ACGATGCATATGTTAT-1,1,37,43,12242,9997
TGTTCCGCTTCCATGA-1,1,36,44,12126,9796
GGATGACGCGAGTTTA-1,1,37,45,12011,9997
GAAGTTTCCACTCAAT-1,1,36,46,11895,9797
GCGAGGCCCGAGCAGA-1,1,37,47,11780,9998
CATACTATGTAATTGT-1,1,36,48,11664,9797
CCAATGTCACAGCAAG-1,1,37,49,11549,9999
GTTGGATTTGCGTTGG-1,1,36,50,11432,9798
GGGAGGATGCCCGAAA-1,1,37,51,11317,9999
GATCGCGGGCTCTCCA-1,1,36,52,11201,9799
GTTCGCCATAAGTGCC-1,1,37,53,11086,10000
AGATTATAGGACGTTT-1,1,36,54,10970,9799
TCGAGACCAACACCGT-1,1,37,55,10855,10001
TATGGGACCGAGCAGG-1,1,36,56,10739,9800
GATGCGTCCTGCATTC-1,1,37,57,10624,10001
TATGGTCTGAGTAACA-1,1,36,58,10508,9800
GCATAGAGCACTCAGG-1,1,37,59,10393,10002
CTTCATTGTCAGTGGA-1,1,36,60,10277,9801
GCAGATTAGGGATATC-1,1,37,61,10162,10002
CCTGTCGCCCGTAAAT-1,1,36,62,10046,9802
CAATTTCGTATAAGGG-1,1,37,63,9931,10003
GTACACTTACCTGAAG-1,1,36,64,9815,9802
CCAGCCTGGACCAATA-1,1,37,65,9700,10004
ATGGAGCAGGCCGTGA-1,1,36,66,9583,9803
GTCATTAGAGCGAACG-1,1,37,67,9468,10004
AAGACTGCAAGCTACT-1,1,36,68,9352,9804
CTAGTCACGTCTTAAG-1,1,37,69,9237,10005
ACTCTTGTATAGTAAC-1,1,36,70,9121,9804
ATTAGGCGATGCTTTC-1,1,37,71,9006,10006
TTCGGGACTAATCGCG-1,1,36,72,8890,9805
TGGACTGTTCGCTCAA-1,1,37,73,8775,10006
AACGTGCGAAAGTCTC-1,1,36,74,8659,9805
CCACCCAAGGAAAGTG-1,1,37,75,8544,10007
CCGCACAAAGACCAAC-1,1,36,76,8428,9806
GCGATTGTTAACGTTA-1,1,37,77,8313,10007
ACTCGTCAGTAATCCC-1,1,36,78,8197,9807
GGTGATAAGGAGCAGT-1,1,37,79,8082,10008
AAGAGGCATGGATCGC-1,1,36,80,7965,9807
CACGTTCGTGCTCTAG-1,1,37,81,7850,10009
CTATTTGGTTACGGAT-1,1,36,82,7734,9808
GTACAGAGGCAAGGGT-1,1,37,83,7619,10009
GGGCCGGCCGAAGTAC-1,1,36,84,7503,9809
CCTGAACGATATATTC-1,1,37,85,7388,10010
CCGGGCTGCTCCATAC-1,1,36,86,7272,9809
TACTTGTTAGTAGTCC-1,1,37,87,7157,10011
CCTAGGCGTAGCGATC-1,1,36,88,7041,9810
CTGGCGCACAGGTCTG-1,1,37,89,6926,10011
ACTTATACTTACCCGG-1,1,36,90,6810,9810
GAAGTCTCCCTAGCGA-1,1,37,91,6695,10012
ACCGATGGTAGCATCG-1,1,36,92,6579,9811
CGAGTTTATCGGACTG-1,1,37,93,6464,10012
CATAACGGACAGTCGT-1,1,36,94,6348,9812
TGACGATGCACTAGAA-1,1,37,95,6233,10013
TAGGGAGCTTGGGATG-1,1,36,96,6116,9812
AGGGTCGATGCGAACT-1,1,37,97,6001,10014
TATATCCCTGGGAGGA-1,1,36,98,5885,9813
CATCTTACACCACCTC-1,1,37,99,5770,10014
GTGCGACAGGGAGTGT-1,1,36,100,5654,9814
CCGATCTCAACCTTAT-1,1,37,101,5539,10015
ACGATCATCTTGTAAA-1,1,36,102,5423,9814
GAAAGAACAGCGTTAT-1,1,37,103,5308,10016
CTAGGTCTGAAGGAAT-1,1,36,104,5192,9815
ATATCAACCTACAGAG-1,1,37,105,5077,10016
AAATAGCTTAGACTTT-1,1,36,106,4961,9815
GCGACATGTAAACATC-1,1,37,107,4846,10017
ATAAGTAGGGCGACTC-1,1,36,108,4730,9816
GCGAGCGCATGCTCCC-1,1,37,109,4615,10017
AGGGACCGGCTGCGTT-1,1,36,110,4498,9817
CCTATGAAGTGGTGCC-1,1,37,111,4383,10018
GCTTACGTAGTTAGTA-1,0,36,112,4267,9817
CATACTTAGGCAATAC-1,0,37,113,4152,10019
CCTGTCCCTCACGTTA-1,0,36,114,4036,9818
CAATGTGCCAACCCTT-1,0,37,115,3921,10019
GTTAAGTTAGAGTGGG-1,0,36,116,3805,9819
CTGGGATACGCTACCC-1,0,37,117,3690,10020
AACCTGTCACGGAATT-1,0,36,118,3574,9819
ACTGCGGACACACCGT-1,0,37,119,3459,10021
CCGTGAGGCATTCATG-1,0,36,120,3343,9820
GCCCAGATGCTGGAGA-1,0,37,121,3228,10021
TCTGGCCGTTCAAGTT-1,0,36,122,3112,9820
ATACGAAGGCTTTCCA-1,0,37,123,2997,10022
GATCCGAATATAAGTG-1,0,36,124,2881,9821
GTGGAGCATGTCGGCC-1,0,37,125,2766,10022
ACTCTTCAGCTCCCGC-1,0,36,126,2649,9822
CCCGATAGCCTCGCCT-1,0,37,127,2534,10023
ACAGGTGTGTTGTTGC-1,0,38,0,17212,10184
TGAACTGCTATGACTT-1,0,39,1,17097,10386
TGACATATATGACGAT-1,0,38,2,16981,10185
AAGTCTTCTGTGGCCT-1,0,39,3,16866,10387
ACCAGACCATAACAAC-1,0,38,4,16750,10186
TGAGACGTACCTCTCA-1,0,39,5,16635,10387
GACCGTTACATGCGAC-1,0,38,6,16518,10186
GGTTCGGATTATACTA-1,0,39,7,16403,10388
CCTCCTGAGCCCACAT-1,0,38,8,16287,10187
CCGCGATTTGGTAGGT-1,0,39,9,16172,10388
AATCTCTACTGTGGTT-1,0,38,10,16056,10188
ACTTTGACTGCATCCT-1,0,39,11,15941,10389
CCCTGACTAACAAATT-1,0,38,12,15825,10188
ACGCTGTGAGGCGTAG-1,1,39,13,15710,10390
GCATACGAGGTCTTTA-1,1,38,14,15594,10189
TCGGGATTCAAACATA-1,1,39,15,15479,10390
GGGCCCTACGAAAGGG-1,1,38,16,15363,10189
CGCCAAGAAGCCGAGT-1,1,39,17,15248,10391
GGTACATCTGGGACGA-1,1,38,18,15132,10190
GGATGCTGGCGTTCCT-1,1,39,19,15017,10392
CCGATTCGAGGGACCC-1,1,38,20,14901,10191
CCACTGGTGGCTGGTT-1,1,39,21,14786,10392
GACAGGCACACACTAT-1,1,38,22,14669,10191
TCAACGCGACCGGCAG-1,1,39,23,14554,10393
CTACGACTAGCTATAA-1,1,38,24,14438,10192
CGGTTGACCTGGCATA-1,1,39,25,14323,10393
ATCCTGAATCGCTGCG-1,1,38,26,14207,10193
GTTTCATATCGTCGCT-1,1,39,27,14092,10394
ATAAATATTAGCAGCT-1,1,38,28,13976,10193
AAGAGGATGTACGCGA-1,1,39,29,13861,10395
TCCTGCGTTGATACTC-1,1,38,30,13745,10194
CGTGCATTGTCGACGC-1,1,39,31,13630,10395
CCGGGTTCGAGGTTAC-1,1,38,32,13514,10194
CCCAATTTCACAACTT-1,1,39,33,13399,10396
TGATTTATTAGCTGTG-1,1,38,34,13283,10195
TGGAAGAAGGGAACGT-1,1,39,35,13168,10397
GACGCTTGCTTCTAAA-1,1,38,36,13051,10196
GGGAACGGGAGGTTAG-1,1,39,37,12936,10397
GCGGCTCTGACGTACC-1,1,38,38,12820,10196
ACGTTAGATTTGCCCG-1,1,39,39,12705,10398
GAGAGGGCGCGAGGTT-1,1,38,40,12589,10197
GCGTCTCTGCATTGGG-1,1,39,41,12474,10398
GCAGCACACAGCCCAG-1,1,38,42,12358,10198
CAGGCCGTTTGGGTGT-1,1,39,43,12243,10399
AACTCAAGTTAATTGC-1,1,38,44,12127,10198
CTTCGTAGATAGGTGA-1,1,39,45,12012,10400
TGCAGAGTACCGAGCA-1,1,38,46,11896,10199
GAAGTGATTTATCGTG-1,1,39,47,11781,10400
CGCTACGGGACATTTA-1,1,38,48,11665,10199
CCACACTGAGATATTA-1,1,39,49,11550,10401
CGATCCGACCCAGTGC-1,1,38,50,11434,10200
CTGTACTTCTTAGCAT-1,1,39,51,11319,10401
ACTTATTAGGATCGGT-1,1,38,52,11202,10201
TAGTCCGCAGAGAATG-1,1,39,53,11087,10402
TTCACGAAAGGATCAC-1,1,38,54,10971,10201
TACATTTCTAACGTGC-1,1,39,55,10856,10403
ACCATATCCGCAATAA-1,1,38,56,10740,10202
CACTCAAGAGCTATGG-1,1,39,57,10625,10403
TGTACGAACAAATCCG-1,1,38,58,10509,10203
ATCATCCAATATTTGT-1,1,39,59,10394,10404
CGCTATTCTTAGGCTC-1,1,38,60,10278,10203
TGGCAGCAGTAATAGT-1,1,39,61,10163,10405
TCACGTGCCCGATTCA-1,1,38,62,10047,10204
CATACGGCGTCTGGGC-1,1,39,63,9932,10405
CACATGATTCAGCAAC-1,1,38,64,9816,10204
GCTAGTAGAGCTTGTA-1,1,39,65,9701,10406
TGCTGTTGAAGAACTC-1,1,38,66,9584,10205
CGGAGCATGGCGATCC-1,1,39,67,9469,10406
TAGCGTTGGGTCTTAC-1,1,38,68,9353,10206
GTAGCGGCTATACACT-1,1,39,69,9238,10407
TAACATACAATGTGGG-1,1,38,70,9122,10206
TCTTCGAATAGACGTT-1,1,39,71,9007,10408
GATCGTGACTGATATC-1,1,38,72,8891,10207
GATCCGGGAATTAACA-1,1,39,73,8776,10408
TTATATACGCTGTCAC-1,1,38,74,8660,10208
GTCGCGTAACCCGTTG-1,1,39,75,8545,10409
AGCTCTAGACGTTCCA-1,1,38,76,8429,10208
GTCAAGCGGACTCGGG-1,1,39,77,8314,10410
CGAGGGACTGCGGTCG-1,1,38,78,8198,10209
AATCGCCTCAGCGCCA-1,1,39,79,8083,10410
CTTGTTGCTGAGTCAA-1,1,38,80,7967,10209
GATATGAGACACTAAC-1,1,39,81,7852,10411
TTATGATCTTAACGAA-1,1,38,82,7735,10210
CGCCGCCCATGCCTGT-1,1,39,83,7620,10411
CTGGGATAAATAATGG-1,1,38,84,7504,10211
GTGCCCGTTCGGATTC-1,1,39,85,7389,10412
TTCAATACTCTGAATC-1,1,38,86,7273,10211
CGCACATGTCCACTAC-1,1,39,87,7158,10413
AGAAGAGCGCCGTTCC-1,1,38,88,7042,10212
GATAACTCGCACTGTG-1,1,39,89,6927,10413
AGTCGACGGTCTCAAG-1,1,38,90,6811,10213
GTGACCGCACACTACG-1,1,39,91,6696,10414
GTATGTGGGTCTAGTT-1,1,38,92,6580,10213
CTTGAGTTAGGGTAAT-1,1,39,93,6465,10415
TTAGCTGATTTGCCGT-1,1,38,94,6349,10214
GCTGTTGCTACCGAAC-1,1,39,95,6234,10415
TATTACCATCCTGCTT-1,1,38,96,6118,10214
TTGAATTCACGTGAGG-1,1,39,97,6002,10416
CCATCTCACCAGTGAA-1,1,38,98,5886,10215
CGCACGTGCGCTATCA-1,1,39,99,5771,10416
ACCCGGATGACGCATC-1,1,38,100,5655,10216
CGCTAGAGACCGCTGC-1,1,39,101,5540,10417
ATAGTTCCACCCACTC-1,1,38,102,5424,10216
GCAGACCCAGCACGTA-1,1,39,103,5309,10418
TAGACTACCTAGCGTT-1,1,38,104,5193,10217
GGTTCTACTCGTCTGA-1,1,39,105,5078,10418
GACTCACCCACGTGAG-1,1,38,106,4962,10218
AGCTCTTCGTAACCTT-1,1,39,107,4847,10419
ACTATCCAGGGCATGG-1,1,38,108,4731,10218
AAGGATCGATCGCTTG-1,1,39,109,4616,10420
ATATCGGTAGGGAGAT-1,1,38,110,4500,10219
TTCCAGACGAGATTTA-1,1,39,111,4385,10420
GACCGACGTGAAAGCA-1,1,38,112,4268,10219
CCTGGAAACGTTCTGC-1,1,39,113,4153,10421
CCGGTAATGGCTAGTC-1,1,38,114,4037,10220
GCCGTGGAAGAAATGT-1,0,39,115,3922,10421
GTCTTGAGGAGCAGTG-1,1,38,116,3806,10221
TCCCAAAGCCCTAAAT-1,0,39,117,3691,10422
TTGAGCGCCACGTGAT-1,0,38,118,3575,10221
TTGAGTCCCGCTGCTG-1,0,39,119,3460,10423
ATGGAACCTTTGCACA-1,0,38,120,3344,10222
GCTAGCACCTGGGCCA-1,0,39,121,3229,10423
CGCCGTCTACCCATCG-1,0,38,122,3113,10223
GATAGGTGTCCCGGGC-1,0,39,123,2998,10424
AGGTATGCGGACATTA-1,0,38,124,2882,10223
TTGGTTCGCTCAAAGG-1,0,39,125,2767,10425
TCTGGAGCGTAAGAGT-1,0,38,126,2651,10224
TGCCTAAATTTAATAG-1,0,39,127,2535,10425
TAATTTCCGTCCAGTA-1,0,40,0,17213,10587
TCCTTCAATCCCTACG-1,0,41,1,17098,10788
TACCTATCCCTAGAGG-1,0,40,2,16982,10587
GCATGGGTACTGACGC-1,0,41,3,16867,10789
GTCGGGAACATGGTAG-1,0,40,4,16751,10588
GCAAATGAGGACACTT-1,0,41,5,16636,10789
GAATGGGCTTATCGAC-1,0,40,6,16520,10589
TGGTCGTGCAAGGCAA-1,0,41,7,16405,10790
CACCACGCCACACAGA-1,0,40,8,16288,10589
GAACCTCGACCTACAC-1,0,41,9,16173,10791
CAATACGCTCTGAGGC-1,0,40,10,16057,10590
TGGTAAGCAGGATTGA-1,1,41,11,15942,10791
AGTGGCTCCGTCGGCC-1,1,40,12,15826,10590
GATCGGATAGAACCAT-1,1,41,13,15711,10792
GCTACAGTACGGACCG-1,1,40,14,15595,10591
TCTATTACTAGAGGAT-1,1,41,15,15480,10792
TTCAGGCGTCAAAGCC-1,1,40,16,15364,10592
AGACCGGGAAACCCTG-1,1,41,17,15249,10793
AGAGATCTCTAAAGCG-1,1,40,18,15133,10592
CCCTGCCCAATCCGCT-1,1,41,19,15018,10794
GTGGCGGTCCCAGCGT-1,1,40,20,14902,10593
GCATTGTAATTCATAT-1,1,41,21,14787,10794
CCGTTCCGAATCTCGG-1,1,40,22,14671,10594
AGCTTGATCTTAACTT-1,1,41,23,14555,10795
CCTGTACTCACGCCCA-1,1,40,24,14439,10594
AAGTGACGACCGAATT-1,1,41,25,14324,10796
CTCACTTGGCTGGTAA-1,1,40,26,14208,10595
CGCCTGGCCTACGTAA-1,1,41,27,14093,10796
CCCGTAAGTCTAGGCC-1,1,40,28,13977,10595
TTGGACATGTGGCTTA-1,1,41,29,13862,10797
ATTACGCGCTGGCAGG-1,1,40,30,13746,10596
ACGCGCTACACAGGGT-1,1,41,31,13631,10797
TACGTTTACCGGCAAT-1,1,40,32,13515,10597
CGAAACGCAATTCATG-1,1,41,33,13400,10798
TAGTCTAACAACGAGA-1,1,40,34,13284,10597
TTGCATGCTGATCACG-1,1,41,35,13169,10799
TCTGGGTAGCGCTCAT-1,1,40,36,13053,10598
ACATCGGTCAGCCGCG-1,1,41,37,12938,10799
AGATACCGGTGTTCAC-1,1,40,38,12821,10599
GATTACTGAATTTGGG-1,1,41,39,12706,10800
TCCAACTTTAAATTCT-1,1,40,40,12590,10599
TCCTAGCAAAGAAGCT-1,1,41,41,12475,10801
GTCTATCTGAGTTTCT-1,1,40,42,12359,10600
GATGTTCAATCCACGA-1,1,41,43,12244,10801
AGTTAAACACTTGCGA-1,1,40,44,12128,10600
AGCTCTTTACTCAGTT-1,1,41,45,12013,10802
ATCCAGGATTCGTGAA-1,1,40,46,11897,10601
AGTCAACACCACCATC-1,1,41,47,11782,10802
CGATACCTCGCGGACA-1,1,40,48,11666,10602
TACAACGCACAACTCA-1,1,41,49,11551,10803
AATTAAAGGTCGGCGT-1,1,40,50,11435,10602
TACGCAGTTCTTTCCT-1,1,41,51,11320,10804
GACCGTGCTGACGGTG-1,1,40,52,11204,10603
GGCAAATTACTTTACT-1,1,41,53,11088,10804
GGTACAAACATGCTAT-1,1,40,54,10972,10604
CGGGCCTTCTTTGTAA-1,1,41,55,10857,10805
CGTGAAGTTAATTCAC-1,1,40,56,10741,10604
ATAGTGAAGCGTTCTC-1,1,41,57,10626,10806
TACGCCATATTCTAAT-1,1,40,58,10510,10605
GCCGGGTTAGGGTCGC-1,1,41,59,10395,10806
TACATAGGCATACACC-1,1,40,60,10279,10605
GCCGATTGGCCAAGCT-1,1,41,61,10164,10807
CTGCCATGCATCACAT-1,1,40,62,10048,10606
TTATGAATGAAAGGGA-1,1,41,63,9933,10807
GCTGAGGCGTGAGTAT-1,1,40,64,9817,10607
GCGCCGTTCCACGATA-1,1,41,65,9702,10808
CGCATGGTGCGATGCT-1,1,40,66,9586,10607
AGGTTTCACACACCTT-1,1,41,67,9471,10809
CAAGGATCGCATGTTC-1,1,40,68,9354,10608
ACGTTAATGTCGAAGA-1,1,41,69,9239,10809
TCCAGAGCACCGGTTC-1,1,40,70,9123,10609
GATTCGACGGTTCACG-1,1,41,71,9008,10810
GTTTCTGCAGTCTCCC-1,1,40,72,8892,10609
GCTGCACGGTTTCTTA-1,1,41,73,8777,10811
CGTGCAGACTGGGACA-1,1,40,74,8661,10610
GTGTTACTATGCGTCC-1,1,41,75,8546,10811
TCCTCGGGCTGGGCTT-1,1,40,76,8430,10610
GTGAGGACACTTAAGG-1,1,41,77,8315,10812
ATACGCCGGCGAAACC-1,1,40,78,8199,10611
TCTGCCAGAAACTGCA-1,1,41,79,8084,10812
TTCTGCGGGTTAGCGG-1,1,40,80,7968,10612
CTCGGTACCACTGCTC-1,1,41,81,7853,10813
GTAAGTAACAGTCTGG-1,1,40,82,7737,10612
GTGCGTGTATATGAGC-1,1,41,83,7621,10814
ATTTGTCTTGGGAGCT-1,1,40,84,7505,10613
CCTCGGACCGGGATAG-1,1,41,85,7390,10814
TAGGTGCTCGCCTAGC-1,1,40,86,7274,10614
CTTTAGGAACACTGTT-1,1,41,87,7159,10815
TCGGGCCGTCGTGGTA-1,1,40,88,7043,10614
AGTGCTTGCACGAATA-1,1,41,89,6928,10816
TGCAGTTTCCTCCCAT-1,1,40,90,6812,10615
TGAGAGATTTACCACG-1,1,41,91,6697,10816
GAAACAGATGACCACC-1,1,40,92,6581,10615
AGCAACATATCTTATT-1,1,41,93,6466,10817
CAAGTGTGGTTGCAAA-1,1,40,94,6350,10616
GCCTCATCTGGAAATA-1,1,41,95,6235,10817
AACCCTACTGTCAATA-1,1,40,96,6119,10617
ACGTATTACTCCGATC-1,1,41,97,6004,10818
TCTGGGAACCTTTGAA-1,1,40,98,5887,10617
GCTCGCTCATGTCCAA-1,1,41,99,5772,10819
GCGCAAGAGCGCGCTG-1,1,40,100,5656,10618
TTGACGCTCCATGAGC-1,1,41,101,5541,10819
TATAGATGGTCGCAGT-1,1,40,102,5425,10618
TTACATGCCACAACTA-1,1,41,103,5310,10820
ACATGGCGCCAAAGTA-1,1,40,104,5194,10619
TATGGTTAGTGGGAGA-1,1,41,105,5079,10821
CATGACTTCGCTGAAT-1,1,40,106,4963,10620
ACCACCAATGTAACAA-1,1,41,107,4848,10821
TCTTAGAGCTCCAATT-1,1,40,108,4732,10620
CCACGAATTTAACCTC-1,1,41,109,4617,10822
TTCTTGCTAGCATCTC-1,1,40,110,4501,10621
ACACCTTACTACTTGC-1,1,41,111,4386,10822
AGTCGGTTGCGTGAGA-1,1,40,112,4270,10622
ACCTACAGTATGTGGT-1,1,41,113,4155,10823
GAGGATAAACAGTGCT-1,0,40,114,4038,10622
TTCCGGTATCTGTGTC-1,0,41,115,3923,10824
GGAGGCCGAAGTCGTC-1,0,40,116,3807,10623
TTCGCTAGGAAGTTGT-1,0,41,117,3692,10824
TAAAGACAACCCTTTA-1,0,40,118,3576,10623
GTTGCGCTAACATTAC-1,0,41,119,3461,10825
GCTGAACTCTCCAGGG-1,0,40,120,3345,10624
AGCCCTGTCGCACCGT-1,0,41,121,3230,10826
AGCGCTAGAGCGATGT-1,0,40,122,3114,10625
TGCGCCGTTAATAACG-1,0,41,123,2999,10826
TGACAACGCATGTCGC-1,0,40,124,2883,10625
CGTCTTGAGTGTGACG-1,0,41,125,2768,10827
GATAGGATTAATTACA-1,0,40,126,2652,10626
GATACCGTGTCGGAGT-1,0,41,127,2537,10827
TGTGTCGAAGTCGAGG-1,0,42,0,17214,10989
GGATCAGAGCCATCAG-1,0,43,1,17099,11190
GTCCCAATCATCCCGC-1,0,42,2,16983,10989
TGCCACACTAGAGGAA-1,0,43,3,16868,11191
TGAATTTCACTTGCCT-1,0,42,4,16752,10990
CTCAGATTGTGATAAG-1,0,43,5,16637,11191
CGGACGTTACTTGAAG-1,0,42,6,16521,10991
CCGCCTTGCGATGTCG-1,0,43,7,16406,11192
CCAGTCAAATCTCTTA-1,0,42,8,16290,10991
AAACAGCTTTCAGAAG-1,0,43,9,16174,11193
TAGCTGATGTGAAGCG-1,1,42,10,16058,10992
CTTATGCGCTCAGGGC-1,1,43,11,15943,11193
TGGCTCTTGTCGCGTA-1,1,42,12,15827,10993
TTGTGAGGCATGACGC-1,1,43,13,15712,11194
CATAAGCTCTCCGTCT-1,1,42,14,15596,10993
CCTTCTCAGCGTTCCT-1,1,43,15,15481,11195
TGCAGCTACGTACTTC-1,1,42,16,15365,10994
CTCTACACTGGCGATT-1,1,43,17,15250,11195
TGCAGATCGTCCTAGG-1,1,42,18,15134,10994
TGCCAAAGTCAGACTT-1,1,43,19,15019,11196
ACAATAGTCGTACGTT-1,1,42,20,14903,10995
CATGCCAACTCGCAAA-1,1,43,21,14788,11196
TGCAGAACTATATCGT-1,1,42,22,14672,10996
TCGTGTCACGCTGACA-1,1,43,23,14557,11197
TGATCAGGGAACTGCT-1,1,42,24,14440,10996
CTTGCAACCGCCTCCT-1,1,43,25,14325,11198
AGCCCATACATGTAAG-1,1,42,26,14209,10997
ATCCAATGGAGGGTCC-1,1,43,27,14094,11198
AAACCGGGTAGGTACC-1,1,42,28,13978,10998
GCAACCACGGCCGCGT-1,1,43,29,13863,11199
CGCTTATTCCCGGTCG-1,1,42,30,13747,10998
TTACTCTGGTACGTAC-1,1,43,31,13632,11200
GTGGTTTCCGCCTTTC-1,1,42,32,13516,10999
ATAGGCGGCTATAGAA-1,1,43,33,13401,11200
GTGCCATCACACGGTG-1,1,42,34,13285,10999
CCCAACATACGTCGCG-1,1,43,35,13170,11201
CGGTGCAGATAGAACG-1,1,42,36,13054,11000
GGGCGGGTTCCCTACG-1,1,43,37,12939,11201
TGAGCCATACAGTCTC-1,1,42,38,12823,11001
CTCCGCCCACATGAGG-1,1,43,39,12708,11202
GTTGAACCGGTTCCAT-1,1,42,40,12591,11001
TTGACTACCATATGGT-1,1,43,41,12476,11203
ACCATCGTATATGGTA-1,1,42,42,12360,11002
TGCGTAAGAACCTGAT-1,1,43,43,12245,11203
AGAAGGTTGCCGAATT-1,1,42,44,12129,11003
AGGACGACCCATTAGA-1,1,43,45,12014,11204
GGTGCTGGTACACATT-1,1,42,46,11898,11003
GCGCTATGCCGAGGCA-1,1,43,47,11783,11205
ACCCGGTTACACTTCC-1,1,42,48,11667,11004
TAACTCATCCGCGCGG-1,1,43,49,11552,11205
CACAATGAGCTGCTAT-1,1,42,50,11436,11004
GTTACTTTGGGCCTAG-1,1,43,51,11321,11206
GGGCCCGTCTTAAACA-1,1,42,52,11205,11005
GAAATTGTCTCTATAA-1,1,43,53,11090,11206
GGCGCATGAATTGATG-1,1,42,54,10973,11006
CATATAGGTACAGTCA-1,1,43,55,10858,11207
TCAACGAGGAGACAAA-1,1,42,56,10742,11006
TTGCACAATTCAGAAA-1,1,43,57,10627,11208
CATCGGACGGGTTAAT-1,1,42,58,10511,11007
ATTAAACATGCGGACC-1,1,43,59,10396,11208
TATCTACCACAGCGGG-1,1,42,60,10280,11008
CGAGACCCTAGAGTGT-1,1,43,61,10165,11209
ACATCGATCGTTTACC-1,1,42,62,10049,11008
ATCGACCCAATACAGA-1,1,43,63,9934,11210
GAATCTGAACATTCTC-1,1,42,64,9818,11009
AGTTCCTATTTATGTT-1,1,43,65,9703,11210
CAGTCTGTATACTGGG-1,1,42,66,9587,11009
GGAGACGACACCTTTG-1,1,43,67,9472,11211
CCTAAATTAACGGTTC-1,1,42,68,9356,11010
GCTACGACTTATTGGG-1,1,43,69,9241,11211
CTGTGCAGGGTAGGTC-1,1,42,70,9124,11011
ACGCCGCTAGACGACC-1,1,43,71,9009,11212
ACTTGACTCCCTCTTT-1,1,42,72,8893,11011
CGCCTCCCTCCTCTAT-1,1,43,73,8778,11213
CTAGATTTACGACGGC-1,1,42,74,8662,11012
GATGCTGTATTTCATC-1,1,43,75,8547,11213
TGCGTTTGTTGACACT-1,1,42,76,8431,11013
CGTGCCCTCCCGAAGA-1,1,43,77,8316,11214
ACTCTCTGACTTAGGT-1,1,42,78,8200,11013
CTGGGTAGGCAGTTAA-1,1,43,79,8085,11215
GTTTGGCCCAAGTTAT-1,1,42,80,7969,11014
GAATGTGGTCCGGATT-1,1,43,81,7854,11215
CCCAGTTAAGGCGCCG-1,1,42,82,7738,11014
CGGTACTAGAATCAAA-1,1,43,83,7623,11216
GCTTAATGTAACTAAC-1,1,42,84,7506,11015
AGGACAGTCGAATCCC-1,1,43,85,7391,11216
GACAGCCAGACCTGAC-1,1,42,86,7275,11016
GGCGAAATCTAACTTG-1,1,43,87,7160,11217
CTGGTAACACATAGAA-1,1,42,88,7044,11016
TAGCCATTTCAAAGTC-1,1,43,89,6929,11218
GGGATTTACCGCACCT-1,1,42,90,6813,11017
ATGCCATTTGCGACCA-1,1,43,91,6698,11218
GAATAGACGCGACCCA-1,1,42,92,6582,11018
TGTATGGCGCAGACAG-1,1,43,93,6467,11219
GGATGAAGATCGCTGA-1,1,42,94,6351,11018
CGACAATTTGATCTAA-1,1,43,95,6236,11220
AAAGTTGACTCCCGTA-1,1,42,96,6120,11019
CGCGGCTCAACTTGAA-1,1,43,97,6005,11220
CACGCGGAACTGTTGC-1,1,42,98,5889,11019
TCTTAGAGTGAACTCT-1,1,43,99,5774,11221
AGTCCATTGGCTGATG-1,1,42,100,5657,11020
TTAAGATAGGATTGAC-1,1,43,101,5542,11221
ACATCCTGGTAACTGT-1,1,42,102,5426,11021
CACCTTGGCGCCTTTG-1,1,43,103,5311,11222
GCTAGACCGTCTACTG-1,1,42,104,5195,11021
CGGCCCAGGTATATCC-1,1,43,105,5080,11223
GTCCATTACTGCTACG-1,1,42,106,4964,11022
GGGTTTAGGATAGGAT-1,1,43,107,4849,11223
TAATTAGGACATCCGT-1,1,42,108,4733,11023
GCTCCCAGTCGGTCCA-1,1,43,109,4618,11224
ATTCGTGCTATCTCTT-1,1,42,110,4502,11023
GTTAACTATGTTGTCA-1,1,43,111,4387,11225
GCTCCGCTCGCTTCAG-1,1,42,112,4271,11024
GCAACGGCTAGTTATG-1,1,43,113,4156,11225
AATCGCGCAGAGGACT-1,0,42,114,4039,11024
AGGTTACACCATGCCG-1,1,43,115,3924,11226
CGAGATTTCGCTCGGG-1,0,42,116,3808,11025
CGATAATACTCAGGTT-1,0,43,117,3693,11226
AAGGCAGGCTGTCTCC-1,0,42,118,3577,11026
GTAAGTCCACACTCTA-1,0,43,119,3462,11227
ATGAGGGCAGCGGCTA-1,0,42,120,3346,11026
GCCGCACTCCGTTTCA-1,0,43,121,3231,11228
GAGCACGGCGCCTCTT-1,0,42,122,3115,11027
ACAATTTGGCCATATT-1,0,43,123,3000,11228
CTGGTTCGCGAGCTAC-1,0,42,124,2884,11028
GACGGTCCTAGGGTGT-1,0,43,125,2769,11229
ACTCGCGATCTGACGC-1,0,42,126,2653,11028
GTGTACGAACCGTTCC-1,0,43,127,2538,11230
CTTTGACGTCGCTTCT-1,0,44,0,17215,11391
CGTTATCATACTTCCA-1,0,45,1,17100,11592
GCTATGCCAGCTTATG-1,0,44,2,16984,11392
CAGTCGGCCTAGATAT-1,0,45,3,16869,11593
CCCGTGAGGGCGGTGA-1,0,44,4,16753,11392
TCTCGTGTTACGAGGA-1,0,45,5,16638,11594
ACGTCTCGTTCCGGGA-1,0,44,6,16522,11393
CGAGAGCGCGTAGATA-1,0,45,7,16407,11594
GACAGATTTCTGGCTC-1,0,44,8,16291,11393
GGGCCTAAATGGGCTA-1,1,45,9,16176,11595
ACTTGTAGTCCCTTCA-1,1,44,10,16059,11394
CCCGAAGTTTCGCGAA-1,1,45,11,15944,11596
ACCATCCGCCAACTAG-1,1,44,12,15828,11395
TGCGAATATGGGATTT-1,1,45,13,15713,11596
TACATCCCTATCCCTG-1,1,44,14,15597,11395
GTGGGAAGACTGAATC-1,1,45,15,15482,11597
TCAACATCGACCGAGA-1,1,44,16,15366,11396
CTATGTGAGTCACGGC-1,1,45,17,15251,11597
CCGAACACTGGGCCTC-1,1,44,18,15135,11397
AAACTTGCAAACGTAT-1,1,45,19,15020,11598
AGGGCGAGCAGCTGAT-1,1,44,20,14904,11397
AACACGAGACGCGGCC-1,1,45,21,14789,11599
TGACGAATATTTCCCT-1,1,44,22,14673,11398
TCGGAGAGTATCGGGA-1,1,45,23,14558,11599
CAAATCTCTCACAAGG-1,1,44,24,14442,11398
AGGCCCTAGAACGCCA-1,1,45,25,14327,11600
TAGAGATCATGCAACT-1,1,44,26,14210,11399
TTGTTTCCATACAACT-1,1,45,27,14095,11601
GAGAGGTGCATTCTGG-1,1,44,28,13979,11400
GTGGACCAACCCGATT-1,1,45,29,13864,11601
CTGGGCCTGCTATATC-1,1,44,30,13748,11400
CATAGTCCACAAGAAC-1,1,45,31,13633,11602
TTGACATGAACGTGGA-1,1,44,32,13517,11401
GGTTACCACCCTCGGG-1,1,45,33,13402,11602
TACCGGTCGTTTCCAT-1,1,44,34,13286,11402
CGAGTACTAAAGAGGA-1,1,45,35,13171,11603
GCAAGAATTCCTTGGC-1,1,44,36,13055,11402
TCGCCGAAGTTGCGTC-1,1,45,37,12940,11604
TTGAGAGTACTGCTAA-1,1,44,38,12824,11403
GCCACAATTTAAGGAC-1,1,45,39,12709,11604
ATATTCAGTTAAACCT-1,1,44,40,12592,11403
TGAGTGCCTCTTAAAT-1,1,45,41,12477,11605
ATCAGACGGCACGCCG-1,1,44,42,12361,11404
GTGCGAAATCGAACAC-1,1,45,43,12246,11606
GTGCCGCTTCAAAGGT-1,1,44,44,12130,11405
GATACGATGGGAGTCA-1,1,45,45,12015,11606
GACACTGAGTTCAGTG-1,1,44,46,11899,11405
ATCCTGCGTGGAATGG-1,1,45,47,11784,11607
ATCCTACCTAAGCTCT-1,1,44,48,11668,11406
AGTGATATGAGTAGTT-1,1,45,49,11553,11607
ATGATGCAATGGTACA-1,1,44,50,11437,11407
GAAACCGAATTACCTT-1,1,45,51,11322,11608
AGTGACCTACTTTACG-1,1,44,52,11206,11407
CAAATGTCCTTCCGTG-1,1,45,53,11091,11609
TTACTGGGATATTTCA-1,1,44,54,10975,11408
CTTGCCCAGGCTCTAC-1,1,45,55,10860,11609
AAATCGTGTACCACAA-1,1,44,56,10743,11408
GTGATCATAGATCTGC-1,1,45,57,10628,11610
TGGCAGATTACGATCA-1,1,44,58,10512,11409
TCACCCTCTTAAGATT-1,1,45,59,10397,11611
CAGGATATATCGTTGT-1,1,44,60,10281,11410
CCTGACCACCGATGGT-1,1,45,61,10166,11611
CTAAAGGGAAATAGGA-1,1,44,62,10050,11410
CCGCTATCAGCACCAG-1,1,45,63,9935,11612
CTTTAGTGCTATTATT-1,1,44,64,9819,11411
CGGGAATTTATGTAAA-1,1,45,65,9704,11612
TACGACTGCCTCTTAG-1,1,44,66,9588,11412
AAACTGCTGGCTCCAA-1,1,45,67,9473,11613
GTACGTTTGCCCGTCA-1,1,44,68,9357,11412
GGCAAGGCGAAATAGC-1,1,45,69,9242,11614
GATCTTGGAGGGCATA-1,1,44,70,9125,11413
AGCGTGGTATTCTACT-1,1,45,71,9010,11614
CTAAGGGAATGATTGG-1,1,44,72,8894,11413
CATGGTAAGTAGCGTT-1,1,45,73,8779,11615
CGTTGAGCGACCGTCG-1,1,44,74,8663,11414
TGCCCGTACCGTTAAA-1,1,45,75,8548,11615
ACAAGGGCAGGCTCTG-1,1,44,76,8432,11415
GAGATCTTCCATGACA-1,1,45,77,8317,11616
AATGACGTAGGATGTC-1,1,44,78,8201,11415
GTGGTGGCCAAGTGAA-1,1,45,79,8086,11617
TCCCGTGTGCAATTTG-1,1,44,80,7970,11416
ACATCGTATGCAATGG-1,1,45,81,7855,11617
GCGAAACTTAACTGGA-1,1,44,82,7739,11417
AATTGAACGCTCTGGT-1,1,45,83,7624,11618
ACAAATGGTAGTGTTT-1,1,44,84,7508,11417
ATGGTCGCGTGGTTTC-1,1,45,85,7393,11619
TGTTATTGTATGTGGC-1,1,44,86,7276,11418
TTCCGGTTACCCACTT-1,1,45,87,7161,11619
GAGTGTGCGGTACCCA-1,1,44,88,7045,11418
CAAGATATTATAACGT-1,1,45,89,6930,11620
ACACACCAGGACCAGT-1,1,44,90,6814,11419
ATGGGCCTCGGCCTCT-1,1,45,91,6699,11620
AAGGTGATAAACCAGC-1,1,44,92,6583,11420
TCTTACTTATGCCTCT-1,1,45,93,6468,11621
AAAGTGTGATTTATCT-1,1,44,94,6352,11420
TGCTCCACAGTTCTTA-1,1,45,95,6237,11622
CTGGCTGATTCATCCT-1,1,44,96,6121,11421
TAAGGCTGAATCCCTC-1,1,45,97,6006,11622
TCTAGTGATATCGTGG-1,1,44,98,5890,11422
TCGAAGAACCGAGCAC-1,1,45,99,5775,11623
GACAAACATATGCAGG-1,1,44,100,5659,11422
AAGTCAATTGTCGTCA-1,1,45,101,5543,11624
AGTGAACAAACTTCTC-1,1,44,102,5427,11423
CATGATGGAAGTTAGC-1,1,45,103,5312,11624
AAGTGCCTTGACTGTA-1,1,44,104,5196,11423
ATCGCCAGTCAACATT-1,1,45,105,5081,11625
ACCGCGGTGGAAGTCG-1,1,44,106,4965,11424
TCTTCTATAACCCGCC-1,1,45,107,4850,11625
CACATTTCTTGTCAGA-1,1,44,108,4734,11425
TAGCGTCCCTCGATTG-1,1,45,109,4619,11626
GTTCGGATCGGGAACA-1,1,44,110,4503,11425
CAAACTCGCGACGCCG-1,1,45,111,4388,11627
GTCTTGTAGCTATTCA-1,1,44,112,4272,11426
TCTCGACGTATCGCCG-1,1,45,113,4157,11627
TTGCCAAGCAGAACCC-1,1,44,114,4041,11427
AAACCCGAACGAAATC-1,1,45,115,3926,11628
TTGAGCAGCCCACGGT-1,1,44,116,3809,11427
CGCCTTTAGCATGCTC-1,1,45,117,3694,11629
TGTGGCTCCCACCAAC-1,0,44,118,3578,11428
CCGCCGTTGAGGATAA-1,0,45,119,3463,11629
CAATACGAGAGTCTGA-1,0,44,120,3347,11428
CATCTAGTGAAGGGAA-1,0,45,121,3232,11630
GGTGGAGGTTGATACG-1,0,44,122,3116,11429
CCGCACACGAACGTGT-1,0,45,123,3001,11630
AGAACCCAGCGTGACA-1,0,44,124,2885,11430
GCGCTCGATCACCTGT-1,0,45,125,2770,11631
ATCATGGACTACCGAC-1,0,44,126,2654,11430
TACGCCGCCTCAGAAG-1,0,45,127,2539,11632
CGACCTACTAGACAAT-1,0,46,0,17216,11793
GAGTCTTGTAAAGGAC-1,0,47,1,17101,11995
AATATCCTAGCAAACT-1,0,46,2,16985,11794
CCCTAGGCAACAAGAG-1,0,47,3,16870,11995
ACAAAGAAGGTAGGCC-1,0,46,4,16754,11794
CCCTGGCTGTTCCTTC-1,0,47,5,16639,11996
TCGCCGCACCGCGTGA-1,0,46,6,16523,11795
TATAGCGCACGTTATC-1,0,47,7,16408,11996
TTATCTGACATTAGGA-1,0,46,8,16292,11796
AGTGGTGTTACCCGTG-1,1,47,9,16177,11997
GCCAAGAATACTTCTG-1,1,46,10,16061,11796
CCGGCGTGAGACTCTG-1,1,47,11,15946,11998
TTCCCGGCGCCAATAG-1,1,46,12,15829,11797
AAACAGGGTCTATATT-1,1,47,13,15714,11998
ACAGTAATACAACTTG-1,1,46,14,15598,11798
CGAACGGCCGGACAAC-1,1,47,15,15483,11999
GCAACACACTAGAACT-1,1,46,16,15367,11798
ACTCCCATTCCTAAAG-1,1,47,17,15252,12000
ACCTGCGTGTCATGTT-1,1,46,18,15136,11799
TACTTTCCGCACGCCA-1,1,47,19,15021,12000
AGGTCAGGTGAGAGTG-1,1,46,20,14905,11799
TCCTCCTAAGACATTC-1,1,47,21,14790,12001
ATGTGAAAGCCTAATG-1,1,46,22,14674,11800
AGTCGGCTCAACTTTA-1,1,47,23,14559,12001
CGATCTGTTGGAGGAC-1,1,46,24,14443,11801
ACGGGAGTGTCGGCCC-1,1,47,25,14328,12002
TTAACTTCAGGTAGGA-1,1,46,26,14211,11801
CCACGGAGCCATAAGA-1,1,47,27,14096,12003
CTTCTATGTTGAAGTA-1,1,46,28,13980,11802
CACCGTTGCGCGATAT-1,1,47,29,13865,12003
TCTAGCAATCTCCGCC-1,1,46,30,13749,11803
AGTTTGGCCAGACCTA-1,1,47,31,13634,12004
TTGTAAGGACCTAAGT-1,1,46,32,13518,11803
AAATTTGCGGGTGTGG-1,1,47,33,13403,12005
AAGTTCGGCCAACAGG-1,1,46,34,13287,11804
CCGCTTACCTCACTCT-1,1,47,35,13172,12005
ATCACGTGCTAATTAA-1,1,46,36,13056,11804
GGTGAAGTACAGGGAT-1,1,47,37,12941,12006
GCTGTATTACTGGCCC-1,1,46,38,12825,11805
AACGGCCATCTCCGGT-1,1,47,39,12710,12006
TAAGTAACATCTTGAC-1,1,46,40,12594,11806
TTCTTGAGCCGCGCTA-1,1,47,41,12479,12007
AGTGCGTAGCTCGTAA-1,1,46,42,12362,11806
GGGATGGTCGTAACCG-1,1,47,43,12247,12008
GTCTGGGCGGTCGAGA-1,1,46,44,12131,11807
CGGAACGTAAACATAG-1,1,47,45,12016,12008
TGCGACACCCTAGTGC-1,1,46,46,11900,11808
CAAACGAGTATCGCAG-1,1,47,47,11785,12009
TCAGTAGGGACTATAA-1,1,46,48,11669,11808
GCGGTTCCCTATCATG-1,1,47,49,11554,12010
GTGACTTCAGTAGTGC-1,1,46,50,11438,11809
CGTCACGTCCATTGGT-1,1,47,51,11323,12010
ATAAGTTACCGCGACG-1,1,46,52,11207,11809
CTGAATCCGAGACCTC-1,1,47,53,11092,12011
TACGACGCTTGCTGCG-1,1,46,54,10976,11810
GAATTCACCCGGGTGT-1,1,47,55,10861,12011
GGGTGACACCTTAACT-1,1,46,56,10745,11811
TGAGTAAATTAGCGTA-1,1,47,57,10629,12012
GAGTCCGCTTACCGGA-1,1,46,58,10513,11811
GGCGCGTTCGAGTTTA-1,1,47,59,10398,12013
ATTCATATACTGTCCA-1,1,46,60,10282,11812
ATAAACGGACCCGTAA-1,1,47,61,10167,12013
GTCGTACCATCTCGGG-1,1,46,62,10051,11813
ATAATAGCTGTTGAAT-1,1,47,63,9936,12014
TTCCGCGTGAGGCGAT-1,1,46,64,9820,11813
TACCGGCTCACTGCCC-1,1,47,65,9705,12015
GTATCTTTCATAACCA-1,1,46,66,9589,11814
GTTACCTACAACTTGC-1,1,47,67,9474,12015
TGACTATAATCCTTTC-1,1,46,68,9358,11814
AAATACCTATAAGCAT-1,1,47,69,9243,12016
TTATTAGAGCGTGTTC-1,1,46,70,9127,11815
ATGTGGACATCTTGAT-1,1,47,71,9012,12016
GTACGCTTCATTGCAC-1,1,46,72,8895,11816
CACATATTAGCAGGAT-1,1,47,73,8780,12017
CAAGAGGGCGGAGTAC-1,1,46,74,8664,11816
TCGCAAAGATGCATTT-1,1,47,75,8549,12018
GTCGTTATTCGCTTAT-1,1,46,76,8433,11817
TCGTGTACTATGGATG-1,1,47,77,8318,12018
GCGGAGAGGGAGAACG-1,1,46,78,8202,11818
TCACAGGGAATCGCAA-1,1,47,79,8087,12019
GACTGCACCAGCCCAG-1,1,46,80,7971,11818
TCCGCTGTCATCCCGG-1,1,47,81,7856,12020
AGATACTCAAGATCGA-1,1,46,82,7740,11819
ACTGAATGGCGAAAGT-1,1,47,83,7625,12020
TCCTACATCCACGGCC-1,1,46,84,7509,11819
TTCAGCCCTGGTCCAC-1,1,47,85,7394,12021
TTAGAGTTTAGAAGGA-1,1,46,86,7278,11820
GGTTAGCTATATGTCT-1,1,47,87,7162,12021
CTGGTTTCGAGCAAGA-1,1,46,88,7046,11821
TGGGCCCATACTAATT-1,1,47,89,6931,12022
ACTTATTTATGTGCCA-1,1,46,90,6815,11821
TTAGTTATTCGTGGCA-1,1,47,91,6700,12023
AACCGCTAAGGGATGC-1,1,46,92,6584,11822
ATACGTCCACTCCTGT-1,1,47,93,6469,12023
CGACACGCTCCGACAG-1,1,46,94,6353,11823
TCTGAACTCGTACCCG-1,1,47,95,6238,12024
AGGATATAGGGATTTA-1,1,46,96,6122,11823
GTGATCACTAACGCCT-1,1,47,97,6007,12025
ACCGGGCCTTTGTTGA-1,1,46,98,5891,11824
TTGACAGGAGCTCCCG-1,1,47,99,5776,12025
CTCTTCTATTGACTGG-1,1,46,100,5660,11824
CGTGGCCGAATATCTA-1,1,47,101,5545,12026
GGTTTAGCCTTTCTTG-1,1,46,102,5428,11825
TCAAGGTTACTACACC-1,1,47,103,5313,12026
TTGACTATTGTCCGGC-1,1,46,104,5197,11826
CGGGAATATAGTATAC-1,1,47,105,5082,12027
GCAACAGCAGTATGCG-1,1,46,106,4966,11826
ATCAAACACTGTTCCA-1,1,47,107,4851,12028
TGGGCAATAGTTGGGT-1,1,46,108,4735,11827
TGAATGTCAGCCGGCC-1,1,47,109,4620,12028
CGGCTCTAAAGCTGCA-1,1,46,110,4504,11828
GGACACAAGTTTACAC-1,1,47,111,4389,12029
CCGAGAAGTCGCATAA-1,1,46,112,4273,11828
AACTACCCGTTTGTCA-1,1,47,113,4158,12030
GCACAAACGAGGCGTG-1,1,46,114,4042,11829
CACACAGCTTGCGCTC-1,1,47,115,3927,12030
GTGCTTACATCAGCGC-1,1,46,116,3811,11829
GCAAACGTCGCCAGGT-1,1,47,117,3696,12031
GAATAGCATTTAGGGT-1,0,46,118,3579,11830
TACTGTTTCTCTGGTA-1,0,47,119,3464,12031
TCCTATCATAGGTAAC-1,0,46,120,3348,11831
TTCGGTGGAGACGCCC-1,0,47,121,3233,12032
TGTTGCCGTCGTCCCA-1,0,46,122,3117,11831
CCAACTTGATAGATCC-1,0,47,123,3002,12033
CAAAGGTCATCTGAAA-1,0,46,124,2886,11832
CTAGCTTAATGGTCCC-1,0,47,125,2771,12033
AGGCCACATTGGTTAC-1,0,46,126,2655,11833
TTAGGATGGGAGGGTA-1,0,47,127,2540,12034
TATGACCTTGCGCTGG-1,0,48,0,17217,12195
ATATACATGTATGGTA-1,0,49,1,17102,12397
TGTGTGACCATGAATC-1,0,48,2,16986,12196
CCCACTCCACGGTATC-1,0,49,3,16871,12397
GGGCAGACGTCACTGC-1,0,48,4,16755,12197
TCAAAGAGCTATCTGT-1,0,49,5,16640,12398
AGATGCATCCTGTGTC-1,0,48,6,16524,12197
GTGAAGTCACGACTCG-1,0,49,7,16409,12399
TGATTCAGGTCCCGCG-1,1,48,8,16293,12198
CGCCACAGGTCGCGAT-1,0,49,9,16178,12399
TTGAATCGTTGTATAA-1,1,48,10,16062,12198
TGGCCAATTTGGTACT-1,1,49,11,15947,12400
CGACCCTTAACGCCGG-1,1,48,12,15831,12199
TCGGCGTACTGCACAA-1,1,49,13,15715,12400
GAGTAAGGCCACGGGA-1,1,48,14,15599,12200
ATCAGCTCGTCCACTA-1,1,49,15,15484,12401
AGGATCACGCGATCTG-1,1,48,16,15368,12200
AAATGGCCCGTGCCCT-1,1,49,17,15253,12402
CAGTACCAGTTTACGT-1,1,48,18,15137,12201
GGTCGTAAGCTCGCAC-1,1,49,19,15022,12402
CGTTCATGGTGCGCGT-1,1,48,20,14906,12202
GACTACAAAGCGGTGG-1,1,49,21,14791,12403
CAGCTGGCGTAACCGT-1,1,48,22,14675,12202
ACTCGTAACCCGTCCT-1,1,49,23,14560,12404
CATATGTCAGGCTACG-1,1,48,24,14444,12203
GCCCGACTTCTTCCCG-1,1,49,25,14329,12404
CTGGCATCCGAATGAG-1,1,48,26,14213,12203
AAGTGCGTTAGAATCT-1,1,49,27,14098,12405
AGAAGTGATTCGTGAT-1,1,48,28,13981,12204
TACCTTAAGATTTCCC-1,1,49,29,13866,12405
AATGACAGCAATGTCT-1,1,48,30,13750,12205
TCAACGCAGGAAATAA-1,1,49,31,13635,12406
TATTCCTCCGCCCACT-1,1,48,32,13519,12205
ATCAAACGAAGGTTTG-1,1,49,33,13404,12407
TTGATTAGCTGTTTCT-1,1,48,34,13288,12206
CTGCTGAGGCCACGAA-1,1,49,35,13173,12407
CCGTGTTAAATTCCAT-1,1,48,36,13057,12207
CACGTCGGCAACCTCT-1,1,49,37,12942,12408
GTATTCTGAGAAACGA-1,1,48,38,12826,12207
CGGTGCGCGTTGGTCC-1,1,49,39,12711,12409
GTGATTCGCCGCTCAA-1,1,48,40,12595,12208
GCCCGCGCGTAAACGG-1,1,49,41,12480,12409
AACGTACTGTGGGTAC-1,1,48,42,12364,12208
GAGTATGCCCGCCTTG-1,1,49,43,12248,12410
TGATTCTGTCGCCGGT-1,1,48,44,12132,12209
GGGCGGCAAATGAATT-1,1,49,45,12017,12410
TTCCAATCTGGCTATC-1,1,48,46,11901,12210
GGAACCGTGTAAATTG-1,1,49,47,11786,12411
TTGGTCACACTCGTAA-1,1,48,48,11670,12210
CGAACCCGCATGCGTC-1,1,49,49,11555,12412
GGGCGTCACCACGTAA-1,1,48,50,11439,12211
TACCAGAAGTAGGTTC-1,1,49,51,11324,12412
TTGGATATCGTCTACG-1,1,48,52,11208,12212
TAGATATGGACTGGAA-1,1,49,53,11093,12413
GCGACGATAGTTGTAC-1,1,48,54,10977,12212
CTGGATTTACACTTGA-1,1,49,55,10862,12414
GTTATATTATCTCCCT-1,1,48,56,10746,12213
TATTCCACTCAGCTCG-1,1,49,57,10631,12414
CTGTTACCCAATCTAG-1,1,48,58,10514,12213
ACGCGAAGTCAGACGA-1,1,49,59,10399,12415
GATAGGTAACGTTGAC-1,1,48,60,10283,12214
TGTTCGTATTGCGGTG-1,1,49,61,10168,12415
GGTCAGTGGGTCCCAC-1,1,48,62,10052,12215
AATTCTAGAGTTAGGC-1,1,49,63,9937,12416
GTTTACGTTCCATCTG-1,1,48,64,9821,12215
AGACCCACCGCTGATC-1,1,49,65,9706,12417
TCTAGCATGCCCAGAA-1,1,48,66,9590,12216
CCCGCAGCGCGAACTA-1,1,49,67,9475,12417
CTCTATTTGGCTGCAG-1,1,48,68,9359,12217
TTCTGCCGCGCCTAGA-1,1,49,69,9244,12418
ACTCCCTAGAATAGTA-1,1,48,70,9128,12217
CCGAACCTTCCCGGCC-1,1,49,71,9013,12419
TCAGACGCTATAGAAG-1,1,48,72,8897,12218
CAGGCGCCATGCTAGG-1,1,49,73,8782,12419
CACTCGAGCTGAACAA-1,1,48,74,8665,12218
ACAAGGAAATCCGCCC-1,1,49,75,8550,12420
ACCACGTGCAGCTATA-1,1,48,76,8434,12219
ACGGCGACGATGGGAA-1,1,49,77,8319,12420
TTACTAAAGGACTTTA-1,1,48,78,8203,12220
GGCTGAAATAGCAAAG-1,1,49,79,8088,12421
TTAGACGAGTCACCTC-1,1,48,80,7972,12220
GTAGTCGCGGGAATCA-1,1,49,81,7857,12422
GCAAACCCTACATTAT-1,1,48,82,7741,12221
GTTAAAGTAGGACTGG-1,1,49,83,7626,12422
ACCCTCCCTTGCTATT-1,1,48,84,7510,12222
CATGTCTCATTTATGG-1,1,49,85,7395,12423
AATAGAATCTGTTTCA-1,1,48,86,7279,12222
TCTCATGAGATAGGGT-1,1,49,87,7164,12424
ATGACTATGCGACATT-1,1,48,88,7047,12223
CCTAACCCAAACAAGT-1,1,49,89,6932,12424
AGTCAAGATGACACTT-1,1,48,90,6816,12223
CGGGAGCTTCAGTGTA-1,1,49,91,6701,12425
CCACAGTACCCATCCT-1,1,48,92,6585,12224
GAGCGCGCACGAGTAG-1,1,49,93,6470,12425
ACCAGTGCGGGAGACG-1,1,48,94,6354,12225
TCCTTACGACGGTCCG-1,1,49,95,6239,12426
TAGTCGATCACGGGTT-1,1,48,96,6123,12225
AGACGAAGTGCCGGTC-1,1,49,97,6008,12427
CGCTGGTGACTACCCT-1,1,48,98,5892,12226
AGGCATTGTCGTAGGG-1,1,49,99,5777,12427
TGGTAGAATATATGGG-1,1,48,100,5661,12227
TTCTTATCCGCTGGGT-1,1,49,101,5546,12428
AGTTTGGCACGGGTTG-1,1,48,102,5430,12227
GCATCGGCCGTGTAGG-1,1,49,103,5315,12429
ATGCGAGTCCCACCAC-1,1,48,104,5198,12228
TCGGCGAACCCAAACC-1,1,49,105,5083,12429
AGAGTAAACTTCACTA-1,1,48,106,4967,12228
AAGCCGAAGCGGTTTA-1,1,49,107,4852,12430
CCCGAGTTTCTCCGTA-1,1,48,108,4736,12229
AATATCGAATCAATGC-1,1,49,109,4621,12430
GCGCCTCCCACTCCGA-1,1,48,110,4505,12230
CGTTAAACTAGTTAGG-1,1,49,111,4390,12431
TGAGTTAAAGACATTC-1,1,48,112,4274,12230
AACAGGTAGTATGGAT-1,1,49,113,4159,12432
GAACGCGGGTCACACG-1,1,48,114,4043,12231
TGTTTGAGATCGTCAG-1,1,49,115,3928,12432
ATCTCGTGAGCGAAAC-1,1,48,116,3812,12232
CTGAGAAAGTTCGGCG-1,1,49,117,3697,12433
ATTACCACACTGCCTG-1,1,48,118,3580,12232
CTGCTGTCTAACGAGC-1,0,49,119,3465,12434
CGTGGAAGCCTCGTAC-1,0,48,120,3349,12233
GGACTCACAAATTAGG-1,0,49,121,3234,12434
CTTTGCTGTCATGGAT-1,0,48,122,3118,12233
GGTGTTGGGCGTCTTA-1,0,49,123,3003,12435
TACCATGTATTGATTT-1,0,48,124,2887,12234
GGTCTCCAAGTAGTGC-1,0,49,125,2772,12435
ATCCTTCTGAAAGAAC-1,0,48,126,2656,12235
CCGGAAGTTATCAGTC-1,0,49,127,2541,12436
TTAGAGGGATATACAG-1,0,50,0,17218,12598
TTGTACACCTCGAACA-1,0,51,1,17103,12799
GTGGGTACTGAGCGTA-1,0,50,2,16987,12598
CTTAAGCAGCGAGCCG-1,0,51,3,16872,12800
GCATTGACTTGCGGAA-1,0,50,4,16756,12599
CCATAACCTGTGCAGT-1,0,51,5,16641,12800
GGGCTACTATTTCGTG-1,0,50,6,16525,12599
GGCGAGCGAAACGGCA-1,0,51,7,16410,12801
GGAGACCATCTACATA-1,1,50,8,16294,12600
AGACCAAACCACACCT-1,1,51,9,16179,12801
CGACGCATCCGTACCT-1,1,50,10,16063,12601
CCTAGGTAAAGGTAGC-1,1,51,11,15948,12802
AGCGGCGGTTAGCGGT-1,0,50,12,15832,12601
CTGGACGCAGTCCGGC-1,1,51,13,15717,12803
AGCCTAATACCCACGT-1,1,50,14,15600,12602
AATCTGGCTTTCTAGT-1,1,51,15,15485,12803
CACCCTTGGTGAGACC-1,1,50,16,15369,12603
GGATCTTGACTCAACC-1,1,51,17,15254,12804
ACGAGGATACCACTCT-1,1,50,18,15138,12603
GAGTTGATGGCAATTT-1,1,51,19,15023,12805
GTGGCAAACAGCGGCA-1,1,50,20,14907,12604
GATGTAACGAACCACC-1,1,51,21,14792,12805
AGCCGTGGCTAAATGT-1,1,50,22,14676,12604
CTCCCTCCTTTCGATC-1,1,51,23,14561,12806
TTGGAAGAATACAGTC-1,1,50,24,14445,12605
AGTTAAGTCAACCGCT-1,1,51,25,14330,12806
CTCATGGTAATTTGCG-1,1,50,26,14214,12606
AAAGTAGCATTGCTCA-1,1,51,27,14099,12807
TTGTGGTAGGAGGGAT-1,1,50,28,13983,12606
AGTCGTGGGCATTACG-1,1,51,29,13868,12808
ACCTAAGTACCTTTCA-1,1,50,30,13751,12607
GTAGAGGGAGACAAGT-1,1,51,31,13636,12808
GATCCTCGACACTGGC-1,1,50,32,13520,12608
CCTACATTCACAGACG-1,1,51,33,13405,12809
TTGACCGTGTTAATGA-1,1,50,34,13289,12608
TCTGTTACCCAGCATA-1,1,51,35,13174,12810
CTAACTGGTCCGGTTC-1,1,50,36,13058,12609
AGCGACAGGAACGGTC-1,1,51,37,12943,12810
TAATAGAACAGAGTTA-1,1,50,38,12827,12609
ACAGGTGGAGGTGAGG-1,1,51,39,12712,12811
TGCGAGAATATTACCC-1,1,50,40,12596,12610
TTGCGTCGGCCAACCG-1,1,51,41,12481,12811
AGGCTTCCCGAAGAAG-1,1,50,42,12365,12611
GCGGACCGCGTTGTGG-1,1,51,43,12250,12812
GTAATCTGATTCTTCG-1,1,50,44,12133,12611
CCGCGGAATGCGTCAC-1,1,51,45,12018,12813
TTCCACACAGATTTGA-1,1,50,46,11902,12612
CTTCTATTAATGCTAG-1,1,51,47,11787,12813
CATTTGAGTGGTACGT-1,1,50,48,11671,12612
TCACAGCAAACTCGAA-1,1,51,49,11556,12814
CAGACGAACCTGATAC-1,1,50,50,11440,12613
TAGCTAGAAGGCATGA-1,1,51,51,11325,12815
ATCCAGAGCAACAACC-1,1,50,52,11209,12614
TCCGGTTCGTCCGGTC-1,1,51,53,11094,12815
CGCGCATGTTTGATTG-1,1,50,54,10978,12614
TGGCGATCAAGTTATG-1,1,51,55,10863,12816
CCCTTTGACAGGTCTT-1,1,50,56,10747,12615
CAGAGACGGTCACCCA-1,1,51,57,10632,12816
TAGCTCGCCTGATAAC-1,1,50,58,10516,12616
TTGTGTTTCCCGAAAG-1,1,51,59,10401,12817
TATACACAGACGCCTT-1,1,50,60,10284,12616
ACATTAGTTTATATCC-1,1,51,61,10169,12818
CCATCGCAGTTAAACT-1,1,50,62,10053,12617
AATTAGCGCTGCAGCG-1,1,51,63,9938,12818
TCCGCTTATCCCATTA-1,1,50,64,9822,12617
GTTTGGGCTTGTGAGC-1,1,51,65,9707,12819
CTTGTCAACATTCGAG-1,1,50,66,9591,12618
GGACCAACAGGATAAC-1,1,51,67,9476,12820
AAGCTAGATCGAGTAA-1,1,50,68,9360,12619
TACCGTGCCTCGGACC-1,1,51,69,9245,12820
GTAGCCAAACATGGGA-1,1,50,70,9129,12619
TGCCAGTACGTGGAGA-1,1,51,71,9014,12821
ATAAGGTGGAGAACAT-1,1,50,72,8898,12620
CTTTAATATTGGTCGA-1,1,51,73,8783,12821
TGGTTCAACGGGTAAT-1,1,50,74,8666,12621
GCTGCTACTGCGTAGC-1,1,51,75,8551,12822
CTGCACAACTACATAT-1,1,50,76,8435,12621
ATATTCCACATAGTGA-1,1,51,77,8320,12823
TGGCAAACTAAATTAC-1,1,50,78,8204,12622
ACCGCAATAACTGCCT-1,1,51,79,8089,12823
TCGCACCAGGAGGCAG-1,1,50,80,7973,12622
ACTTCAGGCTGATCCC-1,1,51,81,7858,12824
ACAAATCGCACCGAAT-1,1,50,82,7742,12623
TCTGATGTATTCTGTC-1,1,51,83,7627,12825
CTTTACCGAATAGTAG-1,1,50,84,7511,12624
GCAGATCCATAAGACT-1,1,51,85,7396,12825
TTCCTCGGACTAACCA-1,1,50,86,7280,12624
TTATCCGGGATCTATA-1,1,51,87,7165,12826
CTGGAAGACACGGTGG-1,1,50,88,7049,12625
GTTCGTCTAAAGAACT-1,1,51,89,6934,12826
GTCTATTGGTTCCGGT-1,1,50,90,6817,12626
CTAGGCGCCCTATCAG-1,1,51,91,6702,12827
AACGGACGTACGTATA-1,1,50,92,6586,12626
AACACACGCTCGCCGC-1,1,51,93,6471,12828
GCTACTATAGTAGAGT-1,1,50,94,6355,12627
AGCATATCAATATGCT-1,1,51,95,6240,12828
CGAACAGTATGGGCGT-1,1,50,96,6124,12627
ACAATTGTGTCTCTTT-1,1,51,97,6009,12829
GATCGCTACCCGATTT-1,1,50,98,5893,12628
ATTGCGATCAGTAACT-1,1,51,99,5778,12830
CAGCAGTCCAGACTAT-1,1,50,100,5662,12629
AGAGGCTTCGGAAACC-1,1,51,101,5547,12830
AAACAAGTATCTCCCA-1,1,50,102,5431,12629
GGCAGCAAACCTATGC-1,1,51,103,5316,12831
ACTAGTTGCGATCGTC-1,1,50,104,5199,12630
TTGGACCATCTGGCAA-1,1,51,105,5084,12831
CCCTCCTCGCTCGTAT-1,1,50,106,4968,12631
GAGCGCAAATACTCCG-1,1,51,107,4853,12832
ATTACATGTCAGTCTT-1,1,50,108,4737,12631
TTGGGACGTAAGAGTT-1,1,51,109,4622,12833
CTTCGGCCAATTGTTT-1,1,50,110,4506,12632
AGACCGCTCCGCGGTT-1,1,51,111,4391,12833
GACCGCGTCTGACGTG-1,1,50,112,4275,12632
CCAAATAACAAGATTC-1,1,51,113,4160,12834
TCTTTAGAGTCTAACA-1,1,50,114,4044,12633
CTCCCAATGAGTCGCG-1,1,51,115,3929,12834
TAGTCTTTCCGAATTG-1,1,50,116,3813,12634
GAGTAAACCGGAAAGT-1,1,51,117,3698,12835
GATCTCGACGCTGTGG-1,1,50,118,3582,12634
CTGACATAGAAATAGA-1,0,51,119,3467,12836
TATACCGAGTGCCACA-1,0,50,120,3350,12635
TCCGAACGTTGCCGCT-1,0,51,121,3235,12836
GCAGAAGGTAATCTCC-1,0,50,122,3119,12636
GGTACTAAGTGCTTTG-1,0,51,123,3004,12837
CAGAATATTCGTTATC-1,0,50,124,2888,12636
TAATCAACCAAATGGG-1,0,51,125,2773,12838
TCTGCTTAGAACAAGC-1,0,50,126,2657,12637
AACTGAGTTATACTGA-1,0,51,127,2542,12838
CCTCAACGATCGCTGT-1,0,52,0,17219,13000
CGGTACGGCAAACCCA-1,0,53,1,17104,13201
CAGATGTTTGTCCCAA-1,0,52,2,16988,13000
GTTTGTTAGCCAAGTA-1,0,53,3,16873,13202
ACGTGACAAAGTAAGT-1,0,52,4,16757,13001
TTGTCACCGCGGTATC-1,0,53,5,16642,13202
GATCTAACCGTATTCA-1,0,52,6,16526,13002
ATGGAAATTTAAGGAG-1,0,53,7,16411,13203
ATTGATCACCACATTT-1,1,52,8,16295,13002
ACTGCTCGGAAGGATG-1,1,53,9,16180,13204
TCTAAAGAACAGTCTC-1,1,52,10,16064,13003
CTGGGTTGAGTTAAAG-1,1,53,11,15949,13204
CCCAGTAAACTTGGGA-1,1,52,12,15833,13003
AGATTCACAACCGATA-1,1,53,13,15718,13205
AGAAGGTACACTTCAC-1,1,52,14,15602,13004
GCAGGAACTTAGATCT-1,1,53,15,15487,13205
AATCTAGGTTTACTTG-1,1,52,16,15370,13005
CCCGGTGTATCGGAAT-1,1,53,17,15255,13206
TTATCCTCAAGGAATA-1,1,52,18,15139,13005
AGCATCATTTCGAAAG-1,1,53,19,15024,13207
CGCGAGTCTGCCGGGT-1,1,52,20,14908,13006
TGCGTCATGACTGAGC-1,1,53,21,14793,13207
GTATGAAATTTCACTC-1,1,52,22,14677,13007
TTGGTTGCGGTGCGCG-1,1,53,23,14562,13208
ACAGAACTGAGAACAA-1,1,52,24,14446,13007
CTACTATCATAGGTTT-1,1,53,25,14331,13209
CCTCTATCGATTAGCA-1,1,52,26,14215,13008
CCGTATCTCGTCGTAG-1,1,53,27,14100,13209
TCACGATGTCCGTGGA-1,1,52,28,13984,13008
TCAACAAAGATAATTC-1,1,53,29,13869,13210
ATGACGCGTTCTATCC-1,1,52,30,13752,13009
ATTTGCGCGAGTAGCT-1,1,53,31,13637,13210
TTCTTGGACGATCTGC-1,1,52,32,13521,13010
AGACGACGATGCCGCT-1,1,53,33,13406,13211
GGTCTCTGAATGGACT-1,1,52,34,13290,13010
GCTCAATCCGTTTATT-1,1,53,35,13175,13212
CCAGAAAGCAACTCAT-1,1,52,36,13059,13011
CACCGTTAGGGATCAC-1,1,53,37,12944,13212
AATAACACTAGAACAA-1,1,52,38,12828,13012
CACCCGGTTTGTGACT-1,1,53,39,12713,13213
CCACCAACTTTACTGT-1,1,52,40,12597,13012
AACTCTCAGTGTGCTC-1,1,53,41,12482,13214
AAACCGTTCGTCCAGG-1,1,52,42,12366,13013
CAGCGATTCCCTTCAA-1,1,53,43,12251,13214
GCTAGCTTGAATAGCT-1,1,52,44,12135,13013
TTGCGGCATCAGAAAG-1,1,53,45,12020,13215
AATAGAACAGAGTGGC-1,1,52,46,11903,13014
GCCATCGAGCTGCGTG-1,1,53,47,11788,13215
ACACTGATCAAGGTGT-1,1,52,48,11672,13015
ACCAACGCTTATTTAT-1,1,53,49,11557,13216
GACATCGATTTATAAC-1,1,52,50,11441,13015
CAGACACCGATCGCTG-1,1,53,51,11326,13217
CCAAGAAAGTGGGCGA-1,1,52,52,11210,13016
GGTAGACCGTTGGGCG-1,1,53,53,11095,13217
TCGTTAGGAGTCCCTA-1,1,52,54,10979,13017
ACGGCCAACATGGACT-1,1,53,55,10864,13218
GTGAGTGGTACAACGC-1,1,52,56,10748,13017
GAGACTTCGCGACCGA-1,1,53,57,10633,13219
GAAGTCAGTTGCACTA-1,1,52,58,10517,13018
GTTTGGTAGGGTCAAC-1,1,53,59,10402,13219
ACGGCACTTGCTTGGG-1,1,52,60,10285,13018
CCTCTGTACTATTCTA-1,1,53,61,10170,13220
CTATTCATGTGTCCCA-1,1,52,62,10054,13019
GCCCGATCTGTGGTCG-1,1,53,63,9939,13220
TTAGAAGAACATGACT-1,1,52,64,9823,13020
AGGATAAAGTCGGGAT-1,1,53,65,9708,13221
CGGCAAACATCGTGCG-1,1,52,66,9592,13020
CTAGTTACAACCCGGT-1,1,53,67,9477,13222
TTCGACAGAGCCCGTG-1,1,52,68,9361,13021
AAGCATACTCTCCTGA-1,1,53,69,9246,13222
GACGACGATCCGCGTT-1,1,52,70,9130,13022
GGTAGAAGACCGCCTG-1,1,53,71,9015,13223
GAGATGGGAGTCGACA-1,1,52,72,8899,13022
AACGATAATGCCGTAG-1,1,53,73,8784,13224
TGGTCCCACGCTACGG-1,1,52,74,8668,13023
CTGCTTGGCGATAGCT-1,1,53,75,8553,13224
ATCGGAGACAGACGGC-1,1,52,76,8436,13023
TAGCGTCCGGTGTGGT-1,1,53,77,8321,13225
GTTGAGTCCCGCCGGT-1,1,52,78,8205,13024
AAATAGGGTGCTATTG-1,1,53,79,8090,13225
AAGTGTTTGGAGACGG-1,1,52,80,7974,13025
AGCACTACCTCACCAG-1,1,53,81,7859,13226
TGCCTTGGCCAGGCAA-1,1,52,82,7743,13025
TCGTCTTAGGCGTTAA-1,1,53,83,7628,13227
TTCTGACCGGGCTCAA-1,1,52,84,7512,13026
CAGAACTTAGCCCTCT-1,1,53,85,7397,13227
AGCTCCTTCGCACATC-1,1,52,86,7281,13027
ACAGGCTTGCCCGACT-1,1,53,87,7166,13228
GCTATACGTCTCGGAC-1,1,52,88,7050,13027
GAGCCAGCTACCTGTG-1,1,53,89,6935,13229
TGCTAAGTGTCTATTT-1,1,52,90,6819,13028
GTCCTACGAATAGTCT-1,1,53,91,6703,13229
CAGTGTCGGCTGGCCC-1,1,52,92,6587,13028
CTATCGACGAAATACA-1,1,53,93,6472,13230
CATCATTACCCTGAGG-1,1,52,94,6356,13029
TAAGTTGCGACGTAGG-1,1,53,95,6241,13230
AGTGCACGCTTAAGAA-1,1,52,96,6125,13030
TGTGCCGGTGCCGGAA-1,1,53,97,6010,13231
AGGAGGCCTTCGCGCG-1,1,52,98,5894,13030
TCCGCGGCCCAATGAA-1,1,53,99,5779,13232
TCCGTTAAGCTAATAT-1,1,52,100,5663,13031
AAATCTAGCCCTGCTA-1,1,53,101,5548,13232
CGCAGGCGATCCAAAC-1,1,52,102,5432,13032
CCATATGGAAACTATA-1,1,53,103,5317,13233
CACCGTATCCCATCCG-1,1,52,104,5201,13032
GGTCAAGACTACTTCG-1,1,53,105,5086,13234
CCCGTTTCGCAGATGT-1,1,52,106,4969,13033
GTTATAATACGGTGAA-1,1,53,107,4854,13234
ACTTGTGGATGGAACG-1,1,52,108,4738,13033
GTTCGCTGAGACGTCT-1,1,53,109,4623,13235
GACACTGGAACCCGAT-1,1,52,110,4507,13034
CCCAGGTCTGAAGGCT-1,1,53,111,4392,13235
TCTCGAGGAGGTTCGC-1,1,52,112,4276,13035
ACTATCTGCCCGCGTA-1,1,53,113,4161,13236
CCTAAATTGTATCCTA-1,1,52,114,4045,13035
AGAAATTATGACTCGC-1,1,53,115,3930,13237
TCCAGCGCTATAAGCG-1,1,52,116,3814,13036
TCGTGTATTGGTCACG-1,0,53,117,3699,13237
CCACATACTGCACCCA-1,0,52,118,3583,13037
GTTGCGGACGGTCAGG-1,0,53,119,3468,13238
GTATTTAATGGCATAA-1,0,52,120,3352,13037
GTCGATAGGTGACTTT-1,0,53,121,3236,13239
AATAATCTTCGTATCG-1,0,52,122,3120,13038
ATTGTTCAACGATCCG-1,0,53,123,3005,13239
GTGCAGCGTAGAGTAG-1,0,52,124,2889,13038
TGTGGTAGGGTGCCTT-1,0,53,125,2774,13240
TGTGGACTATCTACGT-1,0,52,126,2658,13039
GGCGGGCTCTAAGAGT-1,0,53,127,2543,13240
TGTGCCAGAGGCAAAG-1,0,54,0,17221,13402
TGGCTTATGTATAATG-1,0,55,1,17106,13603
GCAAGCTGGAAACCGC-1,0,54,2,16989,13402
GATATCAAGCAGGAGC-1,0,55,3,16874,13604
CACCAATCATCCGTCT-1,0,54,4,16758,13403
CCACATGGCTCTTTAT-1,0,55,5,16643,13605
GTCCTACTCTACGGGC-1,0,54,6,16527,13404
CTCGAGACATACGATA-1,0,55,7,16412,13605
TATCAGTGGCGTAGTC-1,0,54,8,16296,13404
TGACAGGACAAGTCCA-1,1,55,9,16181,13606
TATTAACACCAAAGCA-1,1,54,10,16065,13405
TAGGCGATGAGGTCTC-1,1,55,11,15950,13606
CCGCCGGAACTTCTCG-1,1,54,12,15834,13406
GCCATTAGCCTCAAAC-1,1,55,13,15719,13607
GTTAGGCTACCCGTTT-1,1,54,14,15603,13406
GGGTATTCTAGCAAAC-1,1,55,15,15488,13608
GCCCTAGCCGTCGCGA-1,1,54,16,15372,13407
CAGATCCTGGTTTGAA-1,1,55,17,15256,13608
CTTCAGTGGTCGCCTA-1,1,54,18,15140,13407
GGGCAACCGCACGTGC-1,1,55,19,15025,13609
GACCCAATTATGATAC-1,1,54,20,14909,13408
GAAGCTCGGACCCGTC-1,1,55,21,14794,13609
CGTCGGGTCTAAGCGC-1,1,54,22,14678,13409
GAGGCCCGACTCCGCA-1,1,55,23,14563,13610
TTGCCATAGCCCGCTC-1,1,54,24,14447,13409
TAACATACACGCGATC-1,1,55,25,14332,13611
CCGACGGGCATGAGGT-1,1,54,26,14216,13410
AATGTGCCCGAGGTGT-1,1,55,27,14101,13611
AGCTGTAACCTCAATC-1,1,54,28,13985,13411
CGAGTGAAGGTACCAG-1,1,55,29,13870,13612
AGTCTCACAAGACTAC-1,1,54,30,13754,13411
AAATTGATAGTCCTTT-1,1,55,31,13639,13613
TAAGTCGCCGAGTATC-1,1,54,32,13522,13412
GCGGAGAAACTTCGCA-1,1,55,33,13407,13613
GGCAAAGGCGCCAATA-1,1,54,34,13291,13412
ATTTCCGGGTTCTGCG-1,1,55,35,13176,13614
TAAACCCAGGAGGGCA-1,1,54,36,13060,13413
TTCGGGCGCTAGTCTT-1,1,55,37,12945,13614
GTGGAGTCGGCGGTTG-1,1,54,38,12829,13414
GCACGCCTACTTAGAT-1,1,55,39,12714,13615
CAATATTCTTGACCTA-1,1,54,40,12598,13414
CGTTTGTGTAGAGGGT-1,1,55,41,12483,13616
CATAGCGTTGCCCACC-1,1,54,42,12367,13415
TGATACATTTAGCCGT-1,1,55,43,12252,13616
TTCCGGCCTTGAGGCT-1,1,54,44,12136,13416
CCTATACCGTCCTGTC-1,1,55,45,12021,13617
TCGTTGCTATCCGGTC-1,1,54,46,11905,13416
TGGCGACTGCTCCAAA-1,1,55,47,11789,13618
CAGAGGCGATGCATGA-1,1,54,48,11673,13417
TCACAGGAGAATAAGA-1,1,55,49,11558,13618
GGGTTAACATTTGAGT-1,1,54,50,11442,13417
GCGGGCGAGCCTTACC-1,1,55,51,11327,13619
TGCCAATGGGTACTCT-1,1,54,52,11211,13418
AGGGACTCTACGCGAC-1,1,55,53,11096,13619
GACGCCGTAAAGGCTA-1,1,54,54,10980,13419
AAAGGCTCTCGCGCCG-1,1,55,55,10865,13620
CTGGCTGGTTGTCAGT-1,1,54,56,10749,13419
ACATCCCGGCCATACG-1,1,55,57,10634,13621
CTCTTGTCCCGCTTGG-1,1,54,58,10518,13420
TACGCCTCCATTCCGA-1,1,55,59,10403,13621
CGGAGCAATTTAATCG-1,1,54,60,10287,13421
AACTAGGCTTGGGTGT-1,1,55,61,10172,13622
GCGTCGCCAGGGTGAT-1,1,54,62,10055,13421
GTTGGTCATGCTATCC-1,1,55,63,9940,13623
GCTGGCGGCGCATGCT-1,1,54,64,9824,13422
TGAGCGGAAAGTGTTC-1,1,55,65,9709,13623
CTTTCTGTGCGGGCTT-1,1,54,66,9593,13422
ATCTAATATCCTACGG-1,1,55,67,9478,13624
AACCTTTAAATACGGT-1,1,54,68,9362,13423
TTCACTCGAGCACCTA-1,1,55,69,9247,13624
CTGCACTCCAGTACAG-1,1,54,70,9131,13424
CCATTTCTACCTATTA-1,1,55,71,9016,13625
CAAGCGGCACATAATT-1,1,54,72,8900,13424
GTTAACATCACTTAAA-1,1,55,73,8785,13626
ATATAAATGTAGCTGC-1,1,54,74,8669,13425
GCCTCTATACATAGCA-1,1,55,75,8554,13626
GTGTCGTATAGCGTTC-1,1,54,76,8438,13426
ATACGTACTTAGCCAC-1,1,55,77,8323,13627
GCTATCATACTCATGG-1,1,54,78,8206,13426
TATCCAATTGGTTATC-1,1,55,79,8091,13628
TCTCCCTGGGCAGCGT-1,1,54,80,7975,13427
CCTATAATGAGTGCCC-1,1,55,81,7860,13628
CAATGCGAGAAGTATC-1,1,54,82,7744,13427
TACCAATAAAGTACCA-1,1,55,83,7629,13629
GCTAGGCACCACGGAG-1,1,54,84,7513,13428
GGTGGACTGCTCTGGC-1,1,55,85,7398,13629
TATTCCGAGCTGTTAT-1,1,54,86,7282,13429
TTGAGAAGTTTAGCAT-1,1,55,87,7167,13630
GTCCGGACCTGAAATT-1,1,54,88,7051,13429
CTGTGGTCGGGAGATA-1,1,55,89,6936,13631
CATGTAAGAGACATTT-1,1,54,90,6820,13430
CACGTTTCGTACACAC-1,1,55,91,6705,13631
CATCCTCTCAAAGATC-1,1,54,92,6588,13431
GATTAACCGAAAGCCC-1,1,55,93,6473,13632
AACGCTGTTGCTGAAA-1,1,54,94,6357,13431
TTCAGCTGGCGTGCCC-1,1,55,95,6242,13633
TAGAGGTTCTACTTGT-1,1,54,96,6126,13432
GTATCAAACGTTAGCT-1,1,55,97,6011,13633
AATCATGTAAAGACTC-1,1,54,98,5895,13432
AGTCACTAGCTCTCGA-1,1,55,99,5780,13634
GCGAAACGATCGGGAG-1,1,54,100,5664,13433
CATGGATTGTCTTCCG-1,1,55,101,5549,13634
ATTGGATTACAGCGTA-1,1,54,102,5433,13434
CACACACGCTAACGAG-1,1,55,103,5318,13635
CTATGGGAAGCGGAAT-1,1,54,104,5202,13434
TGCCTAATTGAAGATT-1,1,55,105,5087,13636
TGGCAATGGGACGGCG-1,1,54,106,4971,13435
ACCTCCGCCCTCGCTG-1,1,55,107,4856,13636
CGGCAATAAGATCGCC-1,1,54,108,4739,13436
CCTTGACCACTTTATT-1,1,55,109,4624,13637
TCATTTAGAAGTGTGA-1,1,54,110,4508,13436
CAGAATAACACACGGA-1,1,55,111,4393,13638
TCTGAGCAATTGACTG-1,1,54,112,4277,13437
CAACGTGGTGGAGTCT-1,1,55,113,4162,13638
CACAGTTCGCTTCCCA-1,1,54,114,4046,13437
TCTCTCGCCGCACATA-1,1,55,115,3931,13639
TGGGCAGGCCACCGCA-1,1,54,116,3815,13438
CTCCTGTTCAAGGCAG-1,0,55,117,3700,13639
TATTTGATTTGCACAG-1,0,54,118,3584,13439
GCCACTCCTTACGGTA-1,0,55,119,3469,13640
ACCGATATTTAATCAT-1,0,54,120,3353,13439
TTATTATCTGGAAGGC-1,0,55,121,3238,13641
TACATGCCGGAATTGT-1,0,54,122,3121,13440
GGCACTCAGCCGACCC-1,0,55,123,3006,13641
AAACCGGAAATGTTAA-1,0,54,124,2890,13441
AGACAGGCATCTCAGC-1,0,55,125,2775,13642
GTGGTGATGGTTTGTG-1,0,54,126,2659,13441
CCGATATGACGTAAGG-1,0,55,127,2544,13643
CATACACAAAGTCAGC-1,0,56,0,17222,13804
TGCCGTTCTTAATCGG-1,0,57,1,17107,14005
TCGAGTCTACGATTCG-1,0,56,2,16991,13805
ACTTCCAGTGGAAGCT-1,0,57,3,16875,14006
CAATTGGGCCGCACTC-1,0,56,4,16759,13805
AAATCGCGGAAGGAGT-1,0,57,5,16644,14007
ATATCAATTCCAGCCT-1,0,56,6,16528,13806
CTTTGTCGAATGCTCC-1,0,57,7,16413,14007
TGAGGCATGTACTGTG-1,0,56,8,16297,13807
TTCGCCGCTCGCGCTA-1,0,57,9,16182,14008
GACTCCTTCCAATTGA-1,0,56,10,16066,13807
ACCGAAGAGTCTGGTT-1,1,57,11,15951,14009
TGGCATGAAGTTTGGG-1,1,56,12,15835,13808
ACGAGGTTTACAACGT-1,1,57,13,15720,14009
AACCCATCCCATGATC-1,1,56,14,15604,13808
TCGACAACTGAACCCG-1,1,57,15,15489,14010
TATCTTGCAATACAAC-1,1,56,16,15373,13809
TATTATGTTTGCCTGC-1,1,57,17,15258,14010
GTCAAAGAAGTGGTGT-1,1,56,18,15141,13810
GGGACAGAGTTACTCC-1,1,57,19,15026,14011
AGCAACCGAAAGTAAT-1,1,56,20,14910,13810
CTCTCTAACTGCCTAG-1,1,57,21,14795,14012
ATACGGAACGTCGTTT-1,1,56,22,14679,13811
TCGGTCCCGACAATAG-1,1,57,23,14564,14012
CGCGCAAATGTCCAGA-1,1,56,24,14448,13812
TCTAATACTGCCTCAG-1,1,57,25,14333,14013
CTCGGTTGTCGGCCCT-1,1,56,26,14217,13812
GGTAACCGGGAGGATA-1,1,57,27,14102,14014
CAGGCGCACGGTGGTC-1,1,56,28,13986,13813
TCATCGATGGTCCCAA-1,1,57,29,13871,14014
CAAAGATTATTGGGCC-1,1,56,30,13755,13813
ACAATGAATACGGAGA-1,1,57,31,13640,14015
GCTCCTGACATACTGG-1,1,56,32,13524,13814
GATGACAAGTAGGGCA-1,1,57,33,13409,14015
TACGCCGAGGGTACCC-1,1,56,34,13292,13815
AAGCGTCCCTCATCGA-1,1,57,35,13177,14016
CACTCCTATGTAAGAT-1,1,56,36,13061,13815
TCGAGCCAGGCAGGCC-1,1,57,37,12946,14017
TCGTCAAGTACGCGCA-1,1,56,38,12830,13816
CCCGTAGCTGGGAAGA-1,1,57,39,12715,14017
ACCCTATGCCATATCG-1,1,56,40,12599,13817
GTGGTATAGTCTGCCG-1,1,57,41,12484,14018
CCGGTTTGTAATTGTG-1,1,56,42,12368,13817
GTCGCCGTTGTGTGTT-1,1,57,43,12253,14019
TACTGAACAGATTTAG-1,1,56,44,12137,13818
TATTAACCTGACCGCG-1,1,57,45,12022,14019
CTGTAGCCATCTCACT-1,1,56,46,11906,13818
TACTATGGTTCCTCAG-1,1,57,47,11791,14020
GAGTCAGACCAGAATC-1,1,56,48,11674,13819
TAAGGCATAACATCAA-1,1,57,49,11559,14020
CTTCCGCTCCGTGAAG-1,1,56,50,11443,13820
GGGCTATGATCGATGG-1,1,57,51,11328,14021
GGTCGGTCGTCCACAG-1,1,56,52,11212,13820
GGGACCCGTATATCTT-1,1,57,53,11097,14022
GAAAGCAGTGCACTTT-1,1,56,54,10981,13821
AGCGCATAATGAATCG-1,1,57,55,10866,14022
GCTGCTAAGTAGTCGA-1,1,56,56,10750,13822
AATAGTCCGTCCCGAC-1,1,57,57,10635,14023
AGCAGCCAGATGAATA-1,1,56,58,10519,13822
CCTCGCGCTGTGCGAT-1,1,57,59,10404,14024
TTGTGTATGCCACCAA-1,1,56,60,10288,13823
TGCTCGGCGAAACCCA-1,1,57,61,10173,14024
CGATTAAATATCTCCT-1,1,56,62,10057,13823
TGCCGTGGATCGTCCT-1,1,57,63,9942,14025
GTGGACGCATTTGTCC-1,1,56,64,9825,13824
ACCCGGAAACTCCCAG-1,1,57,65,9710,14025
CCGCATGTGGTACGAT-1,1,56,66,9594,13825
GCAAACCTTGGCCATA-1,1,57,67,9479,14026
ATTCACTGATGTTGGA-1,1,56,68,9363,13825
ACTCCCTAATGCTAAA-1,1,57,69,9248,14027
TCCTAAATTGGGAAGC-1,1,56,70,9132,13826
GAACAGATTACTAAAT-1,1,57,71,9017,14027
ATACAGGCCCTCCAAT-1,1,56,72,8901,13827
CGATTCGCCTGGCTGC-1,1,57,73,8786,14028
TCCGCCTGTCTACAAG-1,1,56,74,8670,13827
CACATCTCACCGACGA-1,1,57,75,8555,14029
CGTCGTCCTTCGCGAA-1,1,56,76,8439,13828
CGTTGAATACCGCGCT-1,1,57,77,8324,14029
ACCAATATGCAAGTTA-1,1,56,78,8207,13828
ACGGATGGTGCGGATA-1,1,57,79,8092,14030
CACCCTAACAAGATCT-1,1,56,80,7976,13829
AAGCTCTTTCATGGTG-1,1,57,81,7861,14030
CATGGGTATGCCTTAT-1,1,56,82,7745,13830
GCGCGTCATTGGTACA-1,1,57,83,7630,14031
TCTGAAGCACGTGGTC-1,1,56,84,7514,13830
AAGTTCACTCCAAGCT-1,1,57,85,7399,14032
TTGGACCTATAACAGT-1,1,56,86,7283,13831
ATCAGCCTCATGCTGC-1,1,57,87,7168,14032
AGTACTCTTATGCCCA-1,1,56,88,7052,13831
GCGCTTAAATAATTGG-1,1,57,89,6937,14033
TTGTGAACCTAATCCG-1,1,56,90,6821,13832
AGTCGTCGACCACCAA-1,1,57,91,6706,14034
TCCTTTAAATCCGCTT-1,1,56,92,6590,13833
ACTGAAACGCCGTTAG-1,1,57,93,6475,14034
GCACACACTGGTAGCC-1,1,56,94,6358,13833
TAAGGGCCTGTCCGAT-1,1,57,95,6243,14035
GCTAGAGTAGAGATGT-1,1,56,96,6127,13834
CACAGGGCCATATAGT-1,1,57,97,6012,14035
CCATGCCCTAGATTTC-1,1,56,98,5896,13835
TCGCGTAGCAGTGTCC-1,1,57,99,5781,14036
GACGAGGCTAATAAAC-1,1,56,100,5665,13835
CTACACTCGCAGATGG-1,1,57,101,5550,14037
ACGCATACGTTTACTA-1,1,56,102,5434,13836
GGAGCAACATTTCAAG-1,1,57,103,5319,14037
CGAGAGGGTAGCCGCG-1,1,56,104,5203,13836
TCGTGTTCGACCACAA-1,1,57,105,5088,14038
TCTACCCAATAGAGAG-1,1,56,106,4972,13837
ATAAACGTTGCACCAC-1,1,57,107,4857,14039
TCAACTGCAGAGTCAG-1,1,56,108,4740,13838
AGCTCCATATATGTTC-1,1,57,109,4625,14039
GTAACATCTAAGATAA-1,1,56,110,4509,13838
CCGACAATAGGCCGCC-1,1,57,111,4394,14040
ATGCTTAGGAGTTGAT-1,1,56,112,4278,13839
AACCCGAGCAGAATCG-1,1,57,113,4163,14040
CGGGTTTGTTAGGGCT-1,1,56,114,4047,13840
AGGCACGTGACTGTCC-1,1,57,115,3932,14041
GACAAGAGATGAGATT-1,0,56,116,3816,13840
AGCCCTTGGACATCCC-1,0,57,117,3701,14042
GCAGTTCGATCCGAGC-1,0,56,118,3585,13841
TCGAGGGCAACAGACG-1,0,57,119,3470,14042
ACTTTGTCGACGCACT-1,0,56,120,3354,13841
GAGTATCAAAGTTACA-1,0,57,121,3239,14043
CCAGGCTGGCGTCTGA-1,0,56,122,3123,13842
GGACTCTTCCGGTTGA-1,0,57,123,3008,14044
TCCCAGCACACGACAT-1,0,56,124,2891,13843
GCTCCATGAGTGCAGA-1,0,57,125,2776,14044
GCAGTGCGGGCGGATG-1,0,56,126,2660,13843
GCGTTCTGACTAAGCG-1,0,57,127,2545,14045
ATTTGGAGATTGCGGT-1,0,58,0,17223,14206
AAGGGTTTGATTTCAG-1,0,59,1,17108,14408
CCGGCCGCGAGCATAT-1,0,58,2,16992,14207
GAGTTCTGTGGGTGCT-1,0,59,3,16877,14408
AAACGAAGATGGAGTA-1,0,58,4,16760,14207
AATTACGAGACCCATC-1,0,59,5,16645,14409
CCTTTGAATTATGGCT-1,0,58,6,16529,14208
CATGGTATTAGTTTGT-1,0,59,7,16414,14409
AACGAAAGTCGTCCCA-1,0,58,8,16298,14209
ACATAAGTCGTGGTGA-1,0,59,9,16183,14410
GCACAACCTCGGGCGT-1,0,58,10,16067,14209
ATGCACGCGCTGTTCA-1,0,59,11,15952,14411
CGATGTTGTTATCTAC-1,1,58,12,15836,14210
GTCTCCTGCCAGTATG-1,1,59,13,15721,14411
GATGCCTTCTGCGGCA-1,1,58,14,15605,14211
ACCGGTCAGGTACACC-1,1,59,15,15490,14412
GTGGAGCGTTTACCGA-1,1,58,16,15374,14211
AGGCGGTTTGTCCCGC-1,1,59,17,15259,14413
TCCCTGGCGTATTAAC-1,1,58,18,15143,14212
AAACACCAATAACTGC-1,1,59,19,15028,14413
TGGACGCAATCCAGCC-1,1,58,20,14911,14212
GGAACCTTGACTCTGC-1,0,59,21,14796,14414
GTATCTCAGTCTTGAC-1,1,58,22,14680,14213
GCTGAATCTTCCAATC-1,1,59,23,14565,14414
AGATGCAAGACGTGCA-1,1,58,24,14449,14214
TTAAGGCCCGTACTTT-1,1,59,25,14334,14415
AGTATGCTGGAGACCA-1,1,58,26,14218,14214
GCGGCAAAGTATTGCC-1,1,59,27,14103,14416
GCGCAAATATATTCAA-1,1,58,28,13987,14215
GAAGAAACGATATTGT-1,1,59,29,13872,14416
GGACCTCTAGGCCGCC-1,1,58,30,13756,14216
AACAGCTGTGTGGCAA-1,1,59,31,13641,14417
TCGAATATCCCGCAGG-1,1,58,32,13525,14216
GCGACCCAACCATCTG-1,1,59,33,13410,14418
AGAGAAGGAGTACAAT-1,1,58,34,13293,14217
GGCTCCTCCACCTGTT-1,1,59,35,13178,14418
TCAGTGTATACGTCAT-1,1,58,36,13062,14217
ATTATTATGTCCGTCA-1,1,59,37,12947,14419
TTAGGTCATAACCGAC-1,1,58,38,12831,14218
AAGATGGCACCGGACC-1,1,59,39,12716,14419
CTACAAGAAATAACCC-1,1,58,40,12600,14219
ACTATTTCCGGGCCCA-1,1,59,41,12485,14420
TTGTTTCACATCCAGG-1,1,58,42,12369,14219
CGCTGTGTGGATGTTG-1,1,59,43,12254,14421
TCAACATAGCGCCCTA-1,1,58,44,12138,14220
GGCCGTTTGGGTTTCA-1,1,59,45,12023,14421
TACTCTTTCGTCTTCA-1,1,58,46,11907,14221
TTCGCGCGCCATACGA-1,1,59,47,11792,14422
CGGAAAGAATCAAACG-1,1,58,48,11676,14221
AGGCAGGGAGCGTACT-1,1,59,49,11561,14423
CCTTTAAGGGAGCACT-1,1,58,50,11444,14222
CGCCCAGCACGCCTAG-1,1,59,51,11329,14423
AGTATTTGGCACGACC-1,1,58,52,11213,14222
TATCCGCACCGTCGGG-1,1,59,53,11098,14424
ACCCGTGTCATCAGTA-1,1,58,54,10982,14223
CAACTGCTCATCCGAT-1,1,59,55,10867,14424
CCGGAGCGTACTTTCT-1,1,58,56,10751,14224
TACCGTAGGTTAACTA-1,1,59,57,10636,14425
TGAGGAGTGCCAGCTT-1,1,58,58,10520,14224
CCAGTCTTGTCATAGA-1,1,59,59,10405,14426
GGGCAGAGCAATCGTT-1,1,58,60,10289,14225
TACCAAATAGCCCAGA-1,1,59,61,10174,14426
TACCTACTCCCAGTAT-1,1,58,62,10058,14226
TGTGAGACTAGCCCAA-1,1,59,63,9943,14427
ATACCTAACCAAGAAA-1,1,58,64,9826,14226
GTCGGGAAGCAGAAAC-1,1,59,65,9711,14428
AATTAACGGATTTCCA-1,1,58,66,9595,14227
GAACCCTCTGTGTTCT-1,1,59,67,9480,14428
ATATAAAGCGCTCGTG-1,1,58,68,9364,14227
CCTGGTCGAATGTGGG-1,1,59,69,9249,14429
CTAGGTTCGGACGTGA-1,1,58,70,9133,14228
TCGGGAGACAGCGTAC-1,1,59,71,9018,14429
CATAAGAAGCTTGGCT-1,1,58,72,8902,14229
AAGCACCCTGCGTATC-1,1,59,73,8787,14430
AGTTTGCACCTGCCTC-1,1,58,74,8671,14229
GACTGCAAATCGAGCT-1,1,59,75,8556,14431
GTGTATATCAGCGGGC-1,1,58,76,8440,14230
CTTCAACTCCACTTGG-1,1,59,77,8325,14431
ACTTACGCATCCACGC-1,1,58,78,8209,14231
CATGAGATGCACTCTC-1,1,59,79,8094,14432
GAGCACCTGTGTCCAG-1,1,58,80,7977,14231
CGCGACCGCGACAGAT-1,1,59,81,7862,14433
GTCCCGCGACGTTATG-1,1,58,82,7746,14232
GCAGTGTGGCTATAGG-1,1,59,83,7631,14433
ATACTGCCTTACACCG-1,1,58,84,7515,14232
TACAGAAACGGTGGGC-1,1,59,85,7400,14434
GGCGCGGAGATCTTTC-1,1,58,86,7284,14233
CGTTAATGTCCCGACG-1,1,59,87,7169,14434
GCTAACTGAAGTCTGA-1,1,58,88,7053,14234
AGTGATAACCTGCGCG-1,1,59,89,6938,14435
TATGATCTTCTCTTTA-1,1,58,90,6822,14234
TGTACCTACACGAGGG-1,1,59,91,6707,14436
ATATCGTTCCTCGAAC-1,1,58,92,6591,14235
CGGCGCCATCAATCCC-1,1,59,93,6476,14436
CCTGTTTGAAGACACG-1,1,58,94,6360,14236
GCCACTCAGAGCGCGA-1,1,59,95,6244,14437
TCGGCTTGTATCGACG-1,1,58,96,6128,14236
TAGATGGTTCCTTACT-1,1,59,97,6013,14438
ATCGTTAGCTAGCGGA-1,1,58,98,5897,14237
ACAGCGACATTCTCAT-1,1,59,99,5782,14438
ATTCAACCATTTAAGG-1,1,58,100,5666,14237
CACTCTTCTGCTAGCC-1,1,59,101,5551,14439
CTAACTGATAATCGCC-1,1,58,102,5435,14238
TGATGTCAATTAAGTG-1,1,59,103,5320,14439
CGCCGTTCAGCATAGT-1,1,58,104,5204,14239
ATACTACCCGTACCAC-1,1,59,105,5089,14440
CCACTGTTTGGATTAA-1,1,58,106,4973,14239
CACTACGGGAGCTGCC-1,1,59,107,4858,14441
GACCAAACGTTGACTG-1,1,58,108,4742,14240
AAGAGGCCCTTTGGAA-1,1,59,109,4627,14441
ACACGTAGGCCACAAG-1,1,58,110,4510,14241
TACTCTTACTTTACTG-1,1,59,111,4395,14442
AGAGCCGCCGAGATTT-1,1,58,112,4279,14241
GGCCTGCTTCTCCCGA-1,1,59,113,4164,14443
TCAAGCGCGGACGGTA-1,1,58,114,4048,14242
ACACTGGGACAGTCGT-1,0,59,115,3933,14443
TGTGTAGTAGCACGTG-1,0,58,116,3817,14242
CTAGCCACAGGCGAGC-1,0,59,117,3702,14444
CTATCGCGTAGAGAAC-1,0,58,118,3586,14243
GTTCCCGTAAACATAT-1,0,59,119,3471,14444
TCTTTCCTTCGAGATA-1,0,58,120,3355,14244
ATATTGGAGAGGCCTT-1,0,59,121,3240,14445
AGGCGATAACTGGCGT-1,0,58,122,3124,14244
ACCCGGAGCACCACAA-1,0,59,123,3009,14446
TGAGCTCAACTGTATA-1,0,58,124,2893,14245
ACGACCCATGAGTTGC-1,0,59,125,2777,14446
CGGTCAGTCCATATTT-1,0,58,126,2661,14246
TCCGGCTGTCGGGTCG-1,0,59,127,2546,14447
ATTCCCGAAGGTACAG-1,0,60,0,17224,14608
CTAACAGCACAATAAC-1,0,61,1,17109,14810
TTGTGCGGAAGCGGAT-1,0,60,2,16993,14609
GGGCACTATTGACCAT-1,0,61,3,16878,14810
CCATAGAGGCTGCCAG-1,0,60,4,16762,14610
CCGAAGCATTGACCAA-1,0,61,5,16647,14811
TACTGAGGGAAGAAAG-1,0,60,6,16530,14610
TATGTAGAAACCCGGC-1,0,61,7,16415,14812
TGGTTAACTTACATTT-1,0,60,8,16299,14611
AGAACCCTCAATTGGG-1,0,61,9,16184,14812
CCTATATCGTGTCACG-1,0,60,10,16068,14611
ACGGCTGGATGTAGAA-1,0,61,11,15953,14813
CTCGCATTGCATAGCC-1,0,60,12,15837,14612
ACTTTGGTCGTGCTCC-1,0,61,13,15722,14814
GCTGGTTTAGGCCATA-1,1,60,14,15606,14613
TGTCGTTATCACATAT-1,0,61,15,15491,14814
ACACATGATCAAATCT-1,1,60,16,15375,14613
TATCCATCTCGGTTAG-1,1,61,17,15260,14815
CTCGTCGAGGGCTCAT-1,1,60,18,15144,14614
ATCAATGCCGTGGCTG-1,0,61,19,15029,14815
GAAACATAGGAAACAG-1,1,60,20,14912,14615
TAATAGGTCACCAGAA-1,1,61,21,14797,14816
CACCAGTCAGCATGCA-1,1,60,22,14681,14615
GAGCGCTGTTAGGTAA-1,1,61,23,14566,14817
CCCTATGTAGAGCAGA-1,1,60,24,14450,14616
GATCGCTATATCTCAG-1,1,61,25,14335,14817
AAGGGACTATGCATTC-1,1,60,26,14219,14616
CTCGGGTTCTCTGGCC-1,1,61,27,14104,14818
TATATATCGAGAAATG-1,1,60,28,13988,14617
ACCCGAGCGAAATTAC-1,1,61,29,13873,14819
TTGTTTCATTAGTCTA-1,1,60,30,13757,14618
ATGGGACCTGCTGAAC-1,1,61,31,13642,14819
TGCGACGGCCGAACGT-1,1,60,32,13526,14618
AGCTAACAAGCAATGT-1,1,61,33,13411,14820
CGTGTCTCGTTACGAC-1,1,60,34,13295,14619
CTAAATCCGGTGTACA-1,1,61,35,13180,14820
GAATAGTGCTCGATTA-1,1,60,36,13063,14620
AACAATACATTGTCGA-1,1,61,37,12948,14821
CACATCGTGCACGCGC-1,1,60,38,12832,14620
ACCGTGACCACGTGGG-1,1,61,39,12717,14822
CCCAATGAGATTTGCA-1,1,60,40,12601,14621
TCAGCAGTAGGCCCTG-1,1,61,41,12486,14822
CTACTCAAGGTATAGT-1,1,60,42,12370,14621
TAGTAGCTTATACCAG-1,1,61,43,12255,14823
ACGTTCGTTCAGGAAA-1,1,60,44,12139,14622
TTAGAATAAGGGTCGG-1,1,61,45,12024,14824
TTCTAGAAAGTCTTAT-1,1,60,46,11908,14623
CCTTCAGTTAAAGTGA-1,1,61,47,11793,14824
TAGCTAGTGATGATGG-1,1,60,48,11677,14623
AGCCCGGTAGCCTGTA-1,1,61,49,11562,14825
TACCTCAGTTGTCTGT-1,1,60,50,11446,14624
GACGGGTTGGCCCGTA-1,1,61,51,11330,14825
GAAACCTATACAAATG-1,1,60,52,11214,14625
TCCACCTCTAGCCTTT-1,1,61,53,11099,14826
AAGACCCAACTGAACA-1,1,60,54,10983,14625
CATACACGGTTCCCAC-1,1,61,55,10868,14827
ACTACGCGTTAGAATT-1,1,60,56,10752,14626
CTTGGCCAAGCTGGGA-1,1,61,57,10637,14827
TTACCCTAGGGATTGG-1,1,60,58,10521,14626
TTCGCACTGTACGACA-1,1,61,59,10406,14828
TAGGTGTTCCACAGAT-1,1,60,60,10290,14627
GAAGCCTGCACATTCC-1,1,61,61,10175,14828
GGCTTTCAATAAGGGT-1,1,60,62,10059,14628
TCCAGGGTATATACGA-1,1,61,63,9944,14829
CTCGCCGAATGTAGGG-1,1,60,64,9828,14628
AGGAAGCTGTCCGCCG-1,1,61,65,9713,14830
GTCTCAAGGCCCGGCT-1,1,60,66,9596,14629
ACCGACACATCTCCCA-1,1,61,67,9481,14830
TATACGCGTCATCACT-1,1,60,68,9365,14630
ATCTGGGCTGTTCTTG-1,1,61,69,9250,14831
TCAAATTTGAGACTCA-1,1,60,70,9134,14630
GTTAAGGGTGCGATGT-1,1,61,71,9019,14832
AGCAAAGGCCGCTAGT-1,1,60,72,8903,14631
TTATAGGTAATTGTCT-1,1,61,73,8788,14832
TTGTGCAGCCACGTCA-1,1,60,74,8672,14631
ACGGACTCTCAAAGCG-1,1,61,75,8557,14833
ATGCTCTGGCGCGGTA-1,1,60,76,8441,14632
ATAATCTTGGAGAACC-1,1,61,77,8326,14833
CTCATTGCTCTAACAA-1,1,60,78,8210,14633
TAGGTGACGATAACCT-1,1,61,79,8095,14834
CGGATCCTCAAGGACT-1,1,60,80,7979,14633
GGGCGTGGTTTCCCAG-1,1,61,81,7863,14835
TGGCTATGTGACATAC-1,1,60,82,7747,14634
CTTAGTGTAGTAGCAT-1,1,61,83,7632,14835
GGATTGCTGTGACTCC-1,1,60,84,7516,14635
ACTTCCATGCGGGACA-1,1,61,85,7401,14836
ACTCAAGTGCAAGGCT-1,1,60,86,7285,14635
ACAAGGATGCTTTAGG-1,1,61,87,7170,14837
TTGAACGACGTGCTGA-1,1,60,88,7054,14636
ATTCATCGTTGAGGCA-1,1,61,89,6939,14837
TGCAACCCATCTGCGG-1,1,60,90,6823,14636
AGTGCTAAACACAGCA-1,1,61,91,6708,14838
AACTCCAGAGCGTGTT-1,1,60,92,6592,14637
TCTCCACAAGTTGAAT-1,1,61,93,6477,14838
CTTTGCATCGCTCTTG-1,1,60,94,6361,14638
TCACAAACCGAGGTAC-1,1,61,95,6246,14839
CCGTAGGAAATCCCTG-1,1,60,96,6129,14638
AAACATTTCCCGGATT-1,1,61,97,6014,14840
GCCTCCGACAATTCAC-1,1,60,98,5898,14639
TCTGCATACCTTGCTT-1,1,61,99,5783,14840
ACCCATTTGTCCCTCT-1,1,60,100,5667,14640
CTGCAGAGAATCAGAG-1,1,61,101,5552,14841
GGAAACTAAATGGGCC-1,1,60,102,5436,14640
CAACCTACCGAGCAGT-1,1,61,103,5321,14842
CCGTAGGGTTGTTTAC-1,1,60,104,5205,14641
GGTTTGTGACCTGAGG-1,1,61,105,5090,14842
TAACCTAGGGAGTCCA-1,1,60,106,4974,14641
TTCCATCGACAGCGTG-1,1,61,107,4859,14843
ATCTCCCACGGAATAT-1,1,60,108,4743,14642
GTTTCAAACGAGTTGT-1,1,61,109,4628,14843
GGAACTTTGGCGATTA-1,1,60,110,4512,14643
CTGCAAGCACGTTCCG-1,1,61,111,4397,14844
CACAGTCCCGCTTCGC-1,1,60,112,4280,14643
TACGCTCGGTATTGGA-1,0,61,113,4165,14845
CTGGTAAAGTGTGGGC-1,0,60,114,4049,14644
CAACCAGTGGCCTACC-1,0,61,115,3934,14845
TCTTCGCGGTGAGAGG-1,0,60,116,3818,14645
TTCGGGTTGCCACGGG-1,0,61,117,3703,14846
ACCGATAGGCATAACC-1,0,60,118,3587,14645
CTTATAGATGGCTGTT-1,0,61,119,3472,14847
AGACGCCCACTTCGCC-1,0,60,120,3356,14646
AGGTCGCCTCCCAACA-1,0,61,121,3241,14847
CCTCACGTCAGCTAAT-1,0,60,122,3125,14646
CCACCTGTATGGAATA-1,0,61,123,3010,14848
GGACTCGAAGCTTTCA-1,0,60,124,2894,14647
AAGCCGGAGAGCAGGA-1,0,61,125,2779,14848
GCCTATCAGGTAAGAT-1,0,60,126,2662,14648
TCAGAGTGTGAGCATG-1,0,61,127,2547,14849
AAACATGGTGAGAGGA-1,0,62,0,17225,15011
ATCATTGTACCGCATT-1,0,63,1,17110,15212
TCAGCTTGAGCTTTCG-1,0,62,2,16994,15011
CCGCGCAAGATACCCA-1,0,63,3,16879,15213
CTATACTTAAAGCGAG-1,0,62,4,16763,15012
ACCGTCCACTGGGCCC-1,0,63,5,16648,15213
AAGACCAAATAACTCA-1,0,62,6,16532,15012
TGTTTCTGAAGCGTGC-1,0,63,7,16416,15214
TTCTCTTACAGGTGAT-1,0,62,8,16300,15013
AATTCATTGTCATGCA-1,0,63,9,16185,15214
GCCCGAGAGTCTAAAT-1,0,62,10,16069,15014
ATATAGAGTATTGGTC-1,0,63,11,15954,15215
TTGAAGGATGGGCGCC-1,0,62,12,15838,15014
TAGTACCACAACTTTC-1,0,63,13,15723,15216
ATCCCATCCACAGCGC-1,0,62,14,15607,15015
CTTAGGTATAGACCAG-1,0,63,15,15492,15216
TGACTCCGAATCATAC-1,0,62,16,15376,15016
ACTACATCCCGACAAG-1,1,63,17,15261,15217
TTGCCGCAGACCTACA-1,0,62,18,15145,15016
TAAGAGGGACAGGGAC-1,1,63,19,15030,15218
CGAATGAAGTCATTGC-1,1,62,20,14914,15017
AAGGGAACGACTGGCT-1,1,63,21,14799,15218
CGAATCTGCTCGACGC-1,1,62,22,14682,15017
ATCGTGGAAAGTCTGG-1,1,63,23,14567,15219
CCTATGGCTCCTAGTG-1,1,62,24,14451,15018
CGTCGCTTGGTTATAC-1,1,63,25,14336,15219
TGCTTAGAGAGAATGC-1,1,62,26,14220,15019
GATTGCTCCAGTTGCA-1,1,63,27,14105,15220
CGTGCTTCTACCTAAA-1,1,62,28,13989,15019
ACTCCAATATCATCAT-1,1,63,29,13874,15221
GCCGACCCACGACTGC-1,1,62,30,13758,15020
GAGGGTAGTAACAAAG-1,1,63,31,13643,15221
GGCCGAGACTCTGGTG-1,1,62,32,13527,15021
TATATAGGGCTTTACG-1,1,63,33,13412,15222
TGCCGGATGTACGAGC-1,1,62,34,13296,15021
AGGTAGATCGAGATAT-1,1,63,35,13181,15223
GATCAACATAAAGGGA-1,1,62,36,13065,15022
TAACAGCGTTTGTGCT-1,1,63,37,12949,15223
CTATAGGCGTTGATGT-1,1,62,38,12833,15022
GGTTTAATTACCATCG-1,1,63,39,12718,15224
CTCTTCTGGAAGTTAG-1,1,62,40,12602,15023
ATCTGACATGGAAGGA-1,1,63,41,12487,15224
TACGTACTAGTGCTGA-1,1,62,42,12371,15024
ATGACTATCAGCTGTG-1,1,63,43,12256,15225
CTTTGGGATTGTTGCA-1,1,62,44,12140,15024
AGACTGTTACCGGGTC-1,1,63,45,12025,15226
TCCTAACCGTCGGGCA-1,1,62,46,11909,15025
ACGCAAACTAATAGAT-1,1,63,47,11794,15226
AAGTGAGTCGGGTTTA-1,1,62,48,11678,15026
TAAAGCGGTATTTCCA-1,1,63,49,11563,15227
CTCCTCCAGCTCACAC-1,1,62,50,11447,15026
CGGTCCGTCGCAAGCC-1,1,63,51,11332,15228
CCTATATTTGTCCTGG-1,1,62,52,11215,15027
TCCAATAAAGGCTACC-1,1,63,53,11100,15228
AAAGGCTACGGACCAT-1,1,62,54,10984,15027
CGTGACCAGTCCTCTG-1,1,63,55,10869,15229
GATCTGCTATCTAAGG-1,1,62,56,10753,15028
CGAATGACGCATAATG-1,1,63,57,10638,15229
GCTCAATGTAATACCG-1,1,62,58,10522,15029
CTATGCCCGAATGCAA-1,1,63,59,10407,15230
CACAGGGCCGTTGTCA-1,1,62,60,10291,15029
TCAATACGCCGTCATG-1,1,63,61,10176,15231
AGCGGACACTTCGTAG-1,1,62,62,10060,15030
ATACGTTATGCACGGA-1,1,63,63,9945,15231
GAGTAGATACTAGTTG-1,1,62,64,9829,15031
CCAGCTCGAACGCATT-1,1,63,65,9714,15232
TGCTTCCCAAGCAGTA-1,1,62,66,9598,15031
GTAGACACGCCTGACT-1,1,63,67,9483,15233
CTCACATTTACTAAAT-1,1,62,68,9366,15032
GAATGCGAATCGGTTC-1,1,63,69,9251,15233
TAAGGCCCGTCACCCT-1,1,62,70,9135,15032
GAGTATGCGCGTGCAT-1,1,63,71,9020,15234
ATCCACATCGACAGAA-1,1,62,72,8904,15033
TAGACGAAACGCCAAT-1,1,63,73,8789,15234
CAGCAGTCTGTGCTGC-1,1,62,74,8673,15034
CTCACTGTGATACTTA-1,1,63,75,8558,15235
TTAATTGCTTTGGGTG-1,1,62,76,8442,15034
GTAGTCTACGATATTG-1,1,63,77,8327,15236
TTGCCGCTTTCTAGTA-1,1,62,78,8211,15035
GAACCTTTAACGATCC-1,1,63,79,8096,15236
TGGACCAATCTAAGAT-1,1,62,80,7980,15036
CTAGTAGAAAGGGATT-1,1,63,81,7865,15237
AACCTCGCTTTAGCCC-1,1,62,82,7748,15036
GAGTGTCAACCAGAAA-1,1,63,83,7633,15238
GTGATCCTTGTCATGA-1,1,62,84,7517,15037
CTCAACTAACCCGGAT-1,1,63,85,7402,15238
AGTGGCGTCTGAAGGT-1,1,62,86,7286,15037
GGGAAGGGCTTTCTCA-1,1,63,87,7171,15239
AGGCCTGAGAATCTCG-1,1,62,88,7055,15038
AGCCACAGGTTACCCG-1,1,63,89,6940,15239
TGCAATCTAACACGGT-1,1,62,90,6824,15039
GTTTGGGTTTCGCCCG-1,1,63,91,6709,15240
CCTATGTCCACTCCAC-1,1,62,92,6593,15039
CTGCCTTTCTAGTAAA-1,1,63,93,6478,15241
TTAGTAAACCTGCTCT-1,1,62,94,6362,15040
TTGTGGTGGTACTAAG-1,1,63,95,6247,15241
CCTCCTGTTGTGTCGT-1,1,62,96,6131,15041
ACAAAGCATGACCTAG-1,1,63,97,6016,15242
ATAGCAACTAGGGAAG-1,1,62,98,5899,15041
CCGCTCTTCCGAACTA-1,1,63,99,5784,15243
TAGAATAGCCGATGAA-1,1,62,100,5668,15042
GGTCTCCGTCCAGGTT-1,1,63,101,5553,15243
TAATTACGTCAGTAGA-1,1,62,102,5437,15042
TACGTAAAGCGGAGTG-1,1,63,103,5322,15244
GCTACAATCGAGGATA-1,1,62,104,5206,15043
TCAGCCAATCCGTAAA-1,1,63,105,5091,15244
ATCATAGCCCTATGTA-1,1,62,106,4975,15044
GAGGCCTGTTGATACA-1,1,63,107,4860,15245
ATATACGCTCGTGACG-1,1,62,108,4744,15044
CCCTTTAATGGAGTTC-1,1,63,109,4629,15246
TTACACGATCTGCGAC-1,1,62,110,4513,15045
TCGCATAAAGGGCGCA-1,0,63,111,4398,15246
TGTAGCCATCCCATTC-1,0,62,112,4281,15045
GGGTCTATCGCTTTCC-1,0,63,113,4166,15247
GGAGGGTCAAGTAAGA-1,0,62,114,4050,15046
TACGGCATGGACGCTA-1,0,63,115,3935,15248
CACGTCAATCAATGGA-1,0,62,116,3819,15047
CGCTTGGACGGATAGA-1,0,63,117,3704,15248
CGCGGTACGGTATACA-1,0,62,118,3588,15047
CCTACTCAACACGATT-1,0,63,119,3473,15249
CGTTTGGTGTTGTGGG-1,0,62,120,3357,15048
GTTGTTGCAAGATGGC-1,0,63,121,3242,15249
CATTCGTCGTAGCGGT-1,0,62,122,3126,15049
CAGCCTCGATAGCGGT-1,0,63,123,3011,15250
TCATAAGTCCAAGAAG-1,0,62,124,2895,15049
AAAGTGCCATCAATTA-1,0,63,125,2780,15251
GTTGCAGTCGACAACA-1,0,62,126,2664,15050
TAAATGGGCTACTGAG-1,0,63,127,2549,15251
GGACAAGCCATGATCG-1,0,64,0,17226,15413
TCCAATGCGTCGCCGC-1,0,65,1,17111,15614
AAAGAATGACCTTAGA-1,0,64,2,16995,15413
CCTATTATTCCGGCCG-1,0,65,3,16880,15615
CAGTAAGGGACGTCTC-1,0,64,4,16764,15414
GGGATGGACCCGCGTC-1,0,65,5,16649,15615
GACGCATACCCGTCGG-1,0,64,6,16533,15415
GGGCAGGATTTCTGTG-1,0,65,7,16418,15616
TATCTGAGCCGATATT-1,0,64,8,16301,15415
AATGTATGGCACTGTA-1,0,65,9,16186,15617
GCCTTTGTCAGTGGAC-1,0,64,10,16070,15416
AACCATAGGGTTGAAC-1,0,65,11,15955,15617
AAACTTAATTGCACGC-1,0,64,12,15839,15416
TAGGCGGCTGCAAAGA-1,0,65,13,15724,15618
TCCATCAATACTAATC-1,0,64,14,15608,15417
ACCTCGAACTTATGCT-1,0,65,15,15493,15618
ACAAACCATGCGTCCT-1,0,64,16,15377,15418
ACACCGGTCTGACCGC-1,0,65,17,15262,15619
ATGGCAGCATTACGAT-1,1,64,18,15146,15418
CTGGTGAATGGGCCTA-1,1,65,19,15031,15620
CACAGAGACGAGGACG-1,0,64,20,14915,15419
GCACAAACCCTAGATG-1,0,65,21,14800,15620
ACTATGTCCAGCTGCC-1,1,64,22,14684,15420
AAGCCGCCGTGAAATC-1,1,65,23,14569,15621
ATGGGTGTATACCTCC-1,1,64,24,14452,15420
TAAGCGCGAATCAAAT-1,1,65,25,14337,15622
AGCCCGGCATTAGAGG-1,1,64,26,14221,15421
GTGATCAAGCGTGCAC-1,1,65,27,14106,15622
CTGCCTTTAATACCTT-1,1,64,28,13990,15421
TACCTCCACACCAATG-1,1,65,29,13875,15623
GAGCATCAACAACTTG-1,1,64,30,13759,15422
CATACGAACTAGCTGG-1,1,65,31,13644,15623
GGGAACGGTTTCAGAT-1,1,64,32,13528,15423
AGGGTGCCGTTCTTTA-1,1,65,33,13413,15624
ACGACTGGTCATACTC-1,1,64,34,13297,15423
GGATCTTACTGCCCTT-1,1,65,35,13182,15625
TACTCCTCTAGTTGAC-1,1,64,36,13066,15424
GTAGCTCCGGGAGGCT-1,1,65,37,12951,15625
GGACTCGTGAGTGGTC-1,1,64,38,12834,15425
GTAGTTCGAAGGCGAA-1,1,65,39,12719,15626
CTCAAACCACTGCCCG-1,1,64,40,12603,15425
GAGGGAGTCAGATCGC-1,1,65,41,12488,15627
GCGTCCCTAAGACATA-1,1,64,42,12372,15426
TCTCTTACCGCGAACC-1,1,65,43,12257,15627
GGCTACTATACACTCC-1,1,64,44,12141,15426
CGTTGCCCGCGTGGGA-1,1,65,45,12026,15628
TATAGAGTCGCTTGAA-1,1,64,46,11910,15427
ATGTTGTAGTCTGTTT-1,1,65,47,11795,15628
AGTATACACAGCGACA-1,1,64,48,11679,15428
TGTGGTTGCTAAAGCT-1,1,65,49,11564,15629
TGATTCCCGGTTACCT-1,1,64,50,11448,15428
CACTGACGATTGTGGA-1,1,65,51,11333,15630
AACATTGTGACTCGAG-1,1,64,52,11217,15429
GTCCAATATTTAGCCT-1,1,65,53,11102,15630
GCTCTTTCCGCTAGTG-1,1,64,54,10985,15430
GGGTCAGGAGCTAGAT-1,1,65,55,10870,15631
AGGTGGTGACCTTCGC-1,1,64,56,10754,15430
CCCGGGTCGTTCAGGG-1,1,65,57,10639,15632
AGCCAAGCTTTGTGTC-1,1,64,58,10523,15431
TGTGGCGGGCTTCTGG-1,1,65,59,10408,15632
CGAGGGTATCCAGGTG-1,1,64,60,10292,15431
CGTTCAGACCCGCGAA-1,1,65,61,10177,15633
TCATATGAGCTTTGTT-1,1,64,62,10061,15432
AGTTGACGGTCCTTGC-1,1,65,63,9946,15633
ATAATTAGCTAAGTAG-1,1,64,64,9830,15433
GGTCTTGAGCGCTCTT-1,1,65,65,9715,15634
CGTTGTCGGCAATTGA-1,1,64,66,9599,15433
TCTTGCTCCCGATACT-1,1,65,67,9484,15635
AGCAGAAGGAGAAAGA-1,1,64,68,9367,15434
GAAGCCACTGATTATG-1,1,65,69,9252,15635
TGCTCTTGAGAGTTTG-1,1,64,70,9136,15435
GACATCCGTCGAACTG-1,1,65,71,9021,15636
AGATATAATACGACTA-1,1,64,72,8905,15435
TCGCTACTGGCTTTGA-1,1,65,73,8790,15637
GTGACAGCTTCCCACT-1,1,64,74,8674,15436
GTGACGCAGGTTTCAT-1,1,65,75,8559,15637
GGGAAGACGGTCTGTC-1,1,64,76,8443,15436
CGTCGCATGTGAGCCA-1,1,65,77,8328,15638
AGAAGGTTGTAGGTCG-1,1,64,78,8212,15437
GGCCGGCGTCTGCTAT-1,1,65,79,8097,15638
TTGACCAGGAACAACT-1,1,64,80,7981,15438
AGTCGTATAAAGCAGA-1,1,65,81,7866,15639
GGCGTAGGGAAAGCTG-1,1,64,82,7750,15438
AAACCTAAGCAGCCGG-1,1,65,83,7635,15640
ATTGCCTTTATGTTTG-1,1,64,84,7518,15439
CAGGCAGTCTTACCAG-1,1,65,85,7403,15640
AGCTAAGTACGCAGGC-1,1,64,86,7287,15440
AAATCCGATACACGCC-1,1,65,87,7172,15641
CGAGAGCTTTCACTAC-1,1,64,88,7056,15440
CGCCCAGCGTTTCACG-1,1,65,89,6941,15642
TTAAGTATTGTTATCC-1,1,64,90,6825,15441
AAACGGGCGTACGGGT-1,1,65,91,6710,15642
GTATCCTTTGGTAACC-1,1,64,92,6594,15441
CATAGTCAAATACATA-1,1,65,93,6479,15643
TCTATGCTATAACGAC-1,1,64,94,6363,15442
ACGTTCTGTACAAGTC-1,1,65,95,6248,15643
CGCGAAGTGGCATACT-1,1,64,96,6132,15443
ACCAACCGCACTCCAC-1,1,65,97,6017,15644
GTCATGCGCGAGGGCT-1,1,64,98,5900,15443
TAGGCTAAAGTGGCAC-1,1,65,99,5785,15645
TGGCTACACTCTACCT-1,1,64,100,5669,15444
TGTCCACGGCTCAACT-1,1,65,101,5554,15645
AATTGCAGCAATCGAC-1,1,64,102,5438,15445
GTCAACCAGGCCTATA-1,1,65,103,5323,15646
ATCTTATCGCACACCC-1,1,64,104,5207,15445
GTCTATTGCATGCTCG-1,1,65,105,5092,15647
GCACGTGGTTTACTTA-1,1,64,106,4976,15446
ATTCGCGCCTTGAGAG-1,1,65,107,4861,15647
AGCGATGCGCCTAATA-1,1,64,108,4745,15446
TCTATAGGTGGGTAAT-1,0,65,109,4630,15648
AGATACCAATAGAACC-1,0,64,110,4514,15447
CGTGTATGGGAGCTGA-1,0,65,111,4399,15648
ATGTACATGCGGTGAG-1,0,64,112,4283,15448
TTGGCTCAATATGTGT-1,0,65,113,4168,15649
GTTCGGAGCACTCAAC-1,0,64,114,4051,15448
TCCCTCTTCTCAAGGG-1,0,65,115,3936,15650
TTACGTATCTATGACA-1,0,64,116,3820,15449
CCCATATAGGTCGATT-1,0,65,117,3705,15650
GTCCACGTCGCATTCG-1,0,64,118,3589,15450
AATTGTGGTTGCCAAA-1,0,65,119,3474,15651
AGGAACGAACGACTTC-1,0,64,120,3358,15450
TAATTCCAATGCTTCA-1,0,65,121,3243,15652
AGGGCCCTAATGTTCT-1,0,64,122,3127,15451
AGGTGTTGCCGACCAC-1,0,65,123,3012,15652
CTGAGAGTAGAAATAC-1,0,64,124,2896,15451
TAGAAGAAGGGTTACA-1,0,65,125,2781,15653
GGTGACTGATAGAGAG-1,0,64,126,2665,15452
TACCCTCGGTAACCCT-1,0,65,127,2550,15653
TGTAAGACTGATAAGA-1,0,66,0,17227,15815
GTCACTCATGAGCGAT-1,0,67,1,17112,16016
CGGTTTACTGAACATT-1,0,66,2,16996,15816
GAGATCGATCTTACTC-1,0,67,3,16881,16017
TCTTTCATCCGTCCTT-1,0,66,4,16765,15816
TCGGATCTGGATGACC-1,0,67,5,16650,16018
GTCCTAGGATACCTTA-1,0,66,6,16534,15817
TGTACCCGACCCTAAT-1,0,67,7,16419,16018
AGGTTCTCCTTTCCGG-1,0,66,8,16303,15817
AATTGCGTGGATTACA-1,0,67,9,16188,16019
CGATAGCGATACAGTG-1,0,66,10,16071,15818
CGCCCTAATTGTTCAA-1,0,67,11,15956,16019
ATTATGAGACCCAATT-1,0,66,12,15840,15819
CCTCCTAGCTAGAGTC-1,0,67,13,15725,16020
CGAAGGGTTTCAGATT-1,0,66,14,15609,15819
CACAAGCTAAGAAAGG-1,0,67,15,15494,16021
CACCGGTAGAGACATT-1,0,66,16,15378,15820
ACTCATGGCAGCCTTC-1,0,67,17,15263,16021
CATCCAATATAGTTTG-1,0,66,18,15147,15820
CAGATATGAAGATGAC-1,0,67,19,15032,16022
GCAAAGGGCGTTAGCC-1,1,66,20,14916,15821
CTGTTGTTCAGTCGTA-1,0,67,21,14801,16023
AAAGGCCCTATAATAC-1,1,66,22,14685,15822
AACATTGAAGTTGATC-1,0,67,23,14570,16023
GCTAGCGATAGGTCTT-1,1,66,24,14453,15822
ATTGCCTATTAGACCG-1,1,67,25,14338,16024
GGGCGTTTACATTCAT-1,1,66,26,14222,15823
CCTCTACAAGGATTGG-1,0,67,27,14107,16024
AGTGACTGTGACACAA-1,1,66,28,13991,15824
AGCCCTCCCTGGTGGC-1,1,67,29,13876,16025
CGGTTGAGTATCCTTC-1,1,66,30,13760,15824
CATTATCCCATTAACG-1,1,67,31,13645,16026
AATGTGCTAATCTGAG-1,1,66,32,13529,15825
CTTAGTTGAGGAATCG-1,1,67,33,13414,16026
CTTCTGGGCGTACCTA-1,1,66,34,13298,15825
AGTCAAATGATGTGAT-1,1,67,35,13183,16027
TGAACAAGCAGGGACT-1,1,66,36,13067,15826
AATACCGGAGGGCTGT-1,1,67,37,12952,16028
GTTTGGTGATCGGTGC-1,1,66,38,12836,15827
GACTGCTGGTGAGAAA-1,1,67,39,12721,16028
CGATCCTCGCAACATA-1,1,66,40,12604,15827
CCAACCTTATGTAACT-1,1,67,41,12489,16029
CGTGGTACCCAAAGGC-1,1,66,42,12373,15828
AACCCGACAACCCGTG-1,1,67,43,12258,16029
TATGTAAAGTGCTTAA-1,1,66,44,12142,15829
GCAAGTGTAAAGCATG-1,1,67,45,12027,16030
GTAACTGCCCAAGGAG-1,1,66,46,11911,15829
GGTGCATAAATGATTA-1,1,67,47,11796,16031
TAGTCCCGGAGACCAC-1,1,66,48,11680,15830
CGGCCAGAGCGACCAT-1,1,67,49,11565,16031
TGAATGAGTGTTTCCC-1,1,66,50,11449,15830
TTCACTTCCTAGAACG-1,1,67,51,11334,16032
CGCTTAGTATTGATAC-1,1,66,52,11218,15831
AACGCGACCTTGGGCG-1,1,67,53,11103,16033
GTGCACCAGCTTCAAC-1,1,66,54,10987,15832
TTCTATTAAACGCAGC-1,1,67,55,10871,16033
TGGCAAGCACAAGTCG-1,1,66,56,10755,15832
ATCTGCTGTTATCGCC-1,1,67,57,10640,16034
AATTCCAAGCATGTAC-1,1,66,58,10524,15833
AAACGGTTGCGAACTG-1,1,67,59,10409,16034
GAAGGAGTCGAGTGCG-1,1,66,60,10293,15834
GGCAAGCCCATAGTGG-1,1,67,61,10178,16035
TGACCAAATCTTAAAC-1,1,66,62,10062,15834
TTCGGTACTGTAGAGG-1,1,67,63,9947,16036
ATGTACGATGACGTCG-1,1,66,64,9831,15835
ATCTAGCTTGTGAGGG-1,1,67,65,9716,16036
AGCGGGTCTGACACTC-1,1,66,66,9600,15835
GAGGTACGCGTGTCCC-1,1,67,67,9485,16037
GCACTGCCTACCTTTA-1,1,66,68,9369,15836
GGAGCGAGGCCTACTT-1,1,67,69,9254,16038
AAACTCGGTTCGCAAT-1,1,66,70,9137,15837
GGCGCTTCATTCCCTG-1,1,67,71,9022,16038
TGCTCGGTGGGTCACC-1,1,66,72,8906,15837
AAGCGCAGGGCTTTGA-1,1,67,73,8791,16039
GACCTTCCACGTCTAC-1,1,66,74,8675,15838
GTTAGCCCATGACATC-1,1,67,75,8560,16039
AATTCGATTCGAGGAT-1,1,66,76,8444,15839
AGTCTTTAAAGTGTCC-1,1,67,77,8329,16040
GACTAGGCCGTTAGGT-1,1,66,78,8213,15839
TCCAAGCCTAGACACA-1,1,67,79,8098,16041
GATTGGGAAAGGTTGT-1,1,66,80,7982,15840
GATGAGGAACCTTCGG-1,1,67,81,7867,16041
TGAATACCGACGCGTA-1,1,66,82,7751,15840
AATCGTGAGCCGAGCA-1,1,67,83,7636,16042
GCGAAGAATCTGACGG-1,1,66,84,7520,15841
GAACAACTGGGATGAA-1,1,67,85,7404,16042
TCGCCGACATATTCGC-1,1,66,86,7288,15842
CGTAGAGAGTAATTAT-1,1,67,87,7173,16043
CGATAGTCGTACTGCA-1,1,66,88,7057,15842
CGCATGCCGAATGCGT-1,1,67,89,6942,16044
CTCTAGCCCTCGGAAA-1,1,66,90,6826,15843
TCCAACTCAGCTATCT-1,1,67,91,6711,16044
GTCTAGTGAGCCGCTT-1,1,66,92,6595,15844
TACCGAATAATTGTAA-1,1,67,93,6480,16045
ATATAACACGGGCGCA-1,1,66,94,6364,15844
GCATGCTAATAACGAT-1,1,67,95,6249,16046
TCCGGGCTTGACGGGA-1,1,66,96,6133,15845
ATTATTCAGAGTCACT-1,1,67,97,6018,16046
TAGCAGTATGACTAAA-1,1,66,98,5902,15845
TATGAAGAATTAAGGT-1,1,67,99,5787,16047
CAAGGCCAGTGGTGCA-1,1,66,100,5670,15846
TGCGTACGGCTAATTG-1,1,67,101,5555,16047
CAGATAATGGGCGGGT-1,0,66,102,5439,15847
GAGAACGGTTCTGACT-1,1,67,103,5324,16048
CGCTTCGGTCTAAGAC-1,1,66,104,5208,15847
AGCATTACGAGGCAAG-1,0,67,105,5093,16049
AAGTTGTGATGTTATA-1,0,66,106,4977,15848
TTGCTCATAGTACGTG-1,0,67,107,4862,16049
TACTTAAACATGTACA-1,0,66,108,4746,15849
AGTGAGTCGAATTAAC-1,0,67,109,4631,16050
TAGGCCTATATAGTCT-1,0,66,110,4515,15849
ACTCGCCGTTCGATAA-1,0,67,111,4400,16051
GGTACGTTGCGGCCGG-1,0,66,112,4284,15850
TATTGCCGGGCTTGTA-1,0,67,113,4169,16051
GGTAAACTCTGCGCTG-1,0,66,114,4053,15850
TCCCTTGTCTGAAACT-1,0,67,115,3937,16052
CATGATCGCTTTGAGA-1,0,66,116,3821,15851
GGACGGGCGACCAACC-1,0,67,117,3706,16052
GAGAGGCCTATGTGTA-1,0,66,118,3590,15852
TCGTAACTCCCAAGAC-1,0,67,119,3475,16053
CGTATCTAGAACTAAG-1,0,66,120,3359,15852
GCACCTTCCCGAAGGT-1,0,67,121,3244,16054
TACCTCTTTACCATCC-1,0,66,122,3128,15853
TGACTCTAACTGGTAA-1,0,67,123,3013,16054
GAGAAACTGGATCCCA-1,0,66,124,2897,15854
ATCCGGACCAGCCTGA-1,0,67,125,2782,16055
TTATTTAGGTTCCTTA-1,0,66,126,2666,15854
CGAATTCCCGGTTCAA-1,0,67,127,2551,16056
TAGTTTGATCGGTCGC-1,0,68,0,17228,16217
AGTCGAAACGATTCAG-1,0,69,1,17113,16418
ACGTCGGGCAACTCGG-1,0,68,2,16997,16218
ACTTGCTCTATCTACC-1,0,69,3,16882,16419
ATTACGGGCTACGGTT-1,0,68,4,16766,16218
GCAAACGTAAGCGACC-1,0,69,5,16651,16420
TTCGGACTGGGCATGG-1,0,68,6,16535,16219
GGGCCATTCGTGCTGG-1,0,69,7,16420,16420
GAGTTGTCACCAGTCT-1,0,68,8,16304,16220
AGTAATTTGCAAGCGT-1,0,69,9,16189,16421
GTGGCCGGTTTCTCGG-1,0,68,10,16073,16220
ATCTTAGGGCATTAAT-1,0,69,11,15957,16422
CTACATATCGCGGGAC-1,0,68,12,15841,16221
ATGGTATTTACTGATT-1,0,69,13,15726,16422
CCGTCAACCTCTGGCG-1,0,68,14,15610,16221
GCTTCGACGTTCAATC-1,0,69,15,15495,16423
GACCGATTAAATATGT-1,0,68,16,15379,16222
GTCGAATTTGGGCGCT-1,0,69,17,15264,16423
TCACGGCCCAAGAGAG-1,0,68,18,15148,16223
CTACGATCCTATCCTA-1,0,69,19,15033,16424
TGCAGTGGTAGGGAAC-1,0,68,20,14917,16223
TTGCCTAATCCAAAGT-1,0,69,21,14802,16425
AGCGAGACGTGAAGGC-1,0,68,22,14686,16224
TTCTACCTCAATCGGT-1,0,69,23,14571,16425
TACGCTGCTGTGTTAA-1,0,68,24,14455,16225
TAGTCCTGCACTAAGC-1,0,69,25,14340,16426
AGCACACGTTTAGACT-1,0,68,26,14223,16225
GTTCGACAATTGTATA-1,1,69,27,14108,16427
CCATGTTCATCTATAT-1,1,68,28,13992,16226
CCCTCGATAATACACA-1,1,69,29,13877,16427
ACTGCCCGCCATTCTC-1,1,68,30,13761,16226
CTATATCCAGCCTGGC-1,1,69,31,13646,16428
CGCACGTCTGTTTATG-1,1,68,32,13530,16227
AATCAGGTTTCATTTA-1,1,69,33,13415,16428
AGAGAAACACCAGAAA-1,1,68,34,13299,16228
ACCCGATTGGTTCCGA-1,1,69,35,13184,16429
TACCAGGAATCCCGTC-1,1,68,36,13068,16228
AAGTGCTTCTCTATTG-1,1,69,37,12953,16430
TGCATGTGACCCATAG-1,1,68,38,12837,16229
TAGATTCAAAGTGCGG-1,1,69,39,12722,16430
AGGGTCAGAGCACTCG-1,1,68,40,12606,16230
GTGAGATAACCTTATA-1,1,69,41,12490,16431
GTGTCAGTGTACGTGG-1,1,68,42,12374,16230
CTGTAGTGAGGATCGA-1,1,69,43,12259,16432
GATAGTGCGAGTAAGT-1,1,68,44,12143,16231
AGGGTTCAGACGGTCC-1,1,69,45,12028,16432
GGACTCGACAGCGCAT-1,1,68,46,11912,16231
CACTCTCAAGCATCGA-1,1,69,47,11797,16433
GAGCGGAATGCGGTGT-1,1,68,48,11681,16232
CAGTTCGAGGACCCGA-1,1,69,49,11566,16433
CGTAACTTCGACACTT-1,1,68,50,11450,16233
TGATCACCACACTGAC-1,1,69,51,11335,16434
CATACTTCTTTCTCCG-1,1,68,52,11219,16233
CAAGTAAGTGATAGAC-1,1,69,53,11104,16435
AGCCCGCAACAAGCAG-1,1,68,54,10988,16234
GCTCCATGCAAAGCAA-1,1,69,55,10873,16435
TCGTACCGACGTCAAG-1,1,68,56,10756,16235
ATTATCGGAATGTACG-1,1,69,57,10641,16436
ACCTACTATAAATCTA-1,1,68,58,10525,16235
TATCCTATCAACTGGT-1,1,69,59,10410,16437
GCGCGGTCTAGTAACT-1,1,68,60,10294,16236
CCTTCGTATAGAATCC-1,1,69,61,10179,16437
TGGGCGATACAATAAG-1,1,68,62,10063,16236
TGACATGTAACGTGAC-1,1,69,63,9948,16438
TTGGGAAGACGAGCCG-1,1,68,64,9832,16237
GGTGTAAATCGATTGT-1,1,69,65,9717,16438
GAACTGTGGAGAGACA-1,1,68,66,9601,16238
TCCACATCGTATATTG-1,1,69,67,9486,16439
CCTATGGTCAAAGCTG-1,1,68,68,9370,16238
TCCTTGTCCTTTAATT-1,1,69,69,9255,16440
AAGTTTATGGGCCCAA-1,1,68,70,9139,16239
GTCCGGGTTCACATTA-1,1,69,71,9024,16440
ATGTAGCGCGCGTAGG-1,1,68,72,8907,16240
TACGGAAGCCAAACCA-1,1,69,73,8792,16441
GCCCTGAGGATGGGCT-1,1,68,74,8676,16240
CGGGCGATGGATCACG-1,1,69,75,8561,16442
TGCGGACTTGACTCCG-1,1,68,76,8445,16241
TAATACTAGAACAGAC-1,1,69,77,8330,16442
TCAAATTGTTGTGCCG-1,1,68,78,8214,16241
GGGCAGTCAACGCCAA-1,1,69,79,8099,16443
TCGCTGCCAATGCTGT-1,1,68,80,7983,16242
TACGTGGGCCCAGGGC-1,0,69,81,7868,16443
GCCTACGTTCTGTGCA-1,1,68,82,7752,16243
TTGCGTGTGTAGGCAT-1,0,69,83,7637,16444
TCCTAAAGATTCAGAC-1,1,68,84,7521,16243
TGGGTGCACAAGCCAT-1,0,69,85,7406,16445
GGGAGCGACCGTAGTG-1,0,68,86,7289,16244
CATAGAGGAGATACTA-1,0,69,87,7174,16445
CTTCGATTGCGCAAGC-1,0,68,88,7058,16245
GTGCCTGAGACCAAAC-1,0,69,89,6943,16446
TCATCCTCAGCTGCTT-1,0,68,90,6827,16245
TGCAACTACTGGTTGA-1,0,69,91,6712,16447
ATGTTGATTAGAGACT-1,0,68,92,6596,16246
GTTTCTAGAGGCGCGG-1,0,69,93,6481,16447
TACAAGGGCTTCTTTA-1,0,68,94,6365,16246
ACAGGCACGGATCCTT-1,0,69,95,6250,16448
CCCAAGTCATTACACT-1,0,68,96,6134,16247
ACTCTGACCTAATAGA-1,0,69,97,6019,16448
GGATGGCTTGAAGTAT-1,0,68,98,5903,16248
ACCCTCCCGTCAGGGC-1,0,69,99,5788,16449
AGCTTCTTCTCGAGCA-1,0,68,100,5672,16248
TTGCGCTTGATCAATA-1,0,69,101,5557,16450
TGGGTGTAATAGATTT-1,0,68,102,5440,16249
CATGGTTTATTAATCA-1,0,69,103,5325,16450
TTGCCTTCTCGCCGGG-1,0,68,104,5209,16250
TTAAAGTAAGTCGCCA-1,0,69,105,5094,16451
AGTTGGCAAGGCTAGA-1,0,68,106,4978,16250
CCGCACTTGCAATGAC-1,0,69,107,4863,16452
AATGTTGTCGTGAGAC-1,0,68,108,4747,16251
CCAAGGTTGCCCTTTC-1,0,69,109,4632,16452
TGTGACTAGAGTTTGC-1,0,68,110,4516,16251
TTGTGATCTGTTCAGT-1,0,69,111,4401,16453
GGAGTTGATTCTGTGT-1,0,68,112,4285,16252
GTAGTGAGCAACCTCA-1,0,69,113,4170,16453
AAGACATACGTGGTTT-1,0,68,114,4054,16253
CATCCCGAGATTCATA-1,0,69,115,3939,16454
GGCCGCAGGAACCGCA-1,0,68,116,3822,16253
CCAGAAACTGATGCGA-1,0,69,117,3707,16455
ACCCGTAGTCTAGTTG-1,0,68,118,3591,16254
AGGGTCTGGACGCAGT-1,0,69,119,3476,16455
TTGAAACCCTCATTCC-1,0,68,120,3360,16255
TCAATCCCGCGCCAAA-1,0,69,121,3245,16456
AGGACATCGGCACACT-1,0,68,122,3129,16255
GACAAGACGCCCGTGC-1,0,69,123,3014,16457
GAGTAAATTAAGAACC-1,0,68,124,2898,16256
TAAGTCGGTGAGCTAG-1,0,69,125,2783,16457
CTTACTGACTCCTCTG-1,0,68,126,2667,16256
TTAACTGATCGTTTGG-1,0,69,127,2552,16458
GGGCGATCCATAGGCC-1,0,70,0,17229,16619
CGTATTGTTTGGCGCC-1,0,71,1,17114,16821
CGCGTGGGCCTGTGTT-1,0,70,2,16998,16620
AAATCTGCCCGCGTCC-1,0,71,3,16883,16821
GCTGAAGGGTTCTTGG-1,0,70,4,16767,16620
TAATTGCGCTGATTAC-1,0,71,5,16652,16822
TCGCGCGTTTACATGA-1,0,70,6,16536,16621
TAACTGAAATACGCCT-1,0,71,7,16421,16822
CCTGTCGTGTATGAAG-1,0,70,8,16305,16622
CGGGAACGCCCTGCAT-1,0,71,9,16190,16823
AGTTGCGGTCCTCAAC-1,0,70,10,16074,16622
GGGTCCTTGGAAGAAG-1,0,71,11,15959,16824
CGGGAAGTACCGTGGC-1,0,70,12,15842,16623
ACGGTCACCGAGAACA-1,0,71,13,15727,16824
TAGACTCAGTTGGCCT-1,0,70,14,15611,16624
CCTTCCGCAACGCTGC-1,0,71,15,15496,16825
CAGTGTTAATCTCTCA-1,0,70,16,15380,16624
CAGGCCAGTACCACCT-1,0,71,17,15265,16826
GATCGCTGTGGTGCGT-1,0,70,18,15149,16625
GTATCTCGGGCGCTTT-1,0,71,19,15034,16826
CCGGGCTAAGAATTTC-1,0,70,20,14918,16625
CTTCACGCCCTGGTAC-1,0,71,21,14803,16827
CGGATGAATGCTGTGA-1,0,70,22,14687,16626
CTCTGCAGGCATTCTT-1,0,71,23,14572,16827
TCAAAGTCACGGCGTC-1,0,70,24,14456,16627
TGGGTTTCGGGCGTAC-1,0,71,25,14341,16828
TGCTATGGCAAAGGGA-1,0,70,26,14225,16627
TTCACGGTCGTCACGT-1,0,71,27,14110,16829
CGTAAAGCAAGAAATC-1,0,70,28,13993,16628
CTGATCCCTTTATGCA-1,0,71,29,13878,16829
GAGTATACCCTAATCA-1,1,70,30,13762,16629
CCACGGCAGGTGTAGG-1,0,71,31,13647,16830
ACGTACTTTGGCACGG-1,1,70,32,13531,16629
CCTGAGAATAAATGCA-1,0,71,33,13416,16831
TTGATGCCGCTCGTCG-1,1,70,34,13300,16630
GCCAGGAAAGAACACT-1,1,71,35,13185,16831
TCCGACCGCTAATCAA-1,1,70,36,13069,16630
TATATCAAAGTGATCT-1,1,71,37,12954,16832
CCTCGGTTTCCTTGCC-1,1,70,38,12838,16631
TAAATTTAGTAACACC-1,1,71,39,12723,16832
CTCGTTACGGCTACCA-1,1,70,40,12607,16632
GCCGTCGGTTTCGGGC-1,1,71,41,12492,16833
GTTCCGTCCGCCTGCA-1,1,70,42,12375,16632
CTAGGGATAGGGACAA-1,1,71,43,12260,16834
GTCCAGGCACGTGTGC-1,1,70,44,12144,16633
GAGGAATATCTCTTTG-1,1,71,45,12029,16834
CGTTCAAGGAAACGGA-1,1,70,46,11913,16634
GTGGGAACAAACCGGG-1,1,71,47,11798,16835
GGGCACGTAGTACTGT-1,1,70,48,11682,16634
ACTACAAAGAGAGGTG-1,1,71,49,11567,16836
GGTGTAGGTAAGTAAA-1,1,70,50,11451,16635
CCTGTTCAACCTCGGG-1,1,71,51,11336,16836
TGAGGTGTGTGGCGGA-1,1,70,52,11220,16635
ATTGTCTGTTTCATGT-1,1,71,53,11105,16837
GCCGGTCGTATCTCTC-1,1,70,54,10989,16636
ATATGGGATAGCAACT-1,1,71,55,10874,16837
GATAGAACCCGCTAGG-1,1,70,56,10758,16637
ATCCCATTTCCGTGGG-1,1,71,57,10643,16838
GATGCTACCTTCGATG-1,1,70,58,10526,16637
TGCAAAGTTCGTCTGT-1,1,71,59,10411,16839
GTTCAGTCGCCAAATG-1,1,70,60,10295,16638
GTCTCCGCCTCAATAC-1,0,71,61,10180,16839
AGTAGAAGGCGCCTCA-1,1,70,62,10064,16639
GTTGTAGATTTATGAG-1,0,71,63,9949,16840
CTATTTGCTTGGAGGA-1,1,70,64,9833,16639
AGCCATATAGTATGTG-1,0,71,65,9718,16841
TGTTCCGGCCTGAGCT-1,1,70,66,9602,16640
TGCCGTGGGACCCAAT-1,0,71,67,9487,16841
TTGCAAGAAGACTCCT-1,1,70,68,9371,16640
CCGCTCCAGGGCGATC-1,0,71,69,9256,16842
CAAACCCTCCGGCGGG-1,0,70,70,9140,16641
CGGACCTTTACGTCCC-1,0,71,71,9025,16842
ACGTAGGAGAGTCGCT-1,1,70,72,8908,16642
CTGCGACCTCGCCGAA-1,0,71,73,8793,16843
GGCCCAGCTGGTTTGC-1,1,70,74,8677,16642
GGATTAATCATGGACC-1,0,71,75,8562,16844
GAGATGGCTTTAATCA-1,0,70,76,8446,16643
AGTACAGAAGCTTATA-1,0,71,77,8331,16844
GCGGCTTTAGCAAGTT-1,0,70,78,8215,16644
ACCGAGTCTCCTTATT-1,0,71,79,8100,16845
GACCACACTTCCCTTT-1,0,70,80,7984,16644
TGTAGCCAATTCCGTT-1,0,71,81,7869,16846
CTCGTCTGTGCCTTCG-1,0,70,82,7753,16645
GGACTCTTTGACTAAG-1,0,71,83,7638,16846
TCATCGACGACCGTCG-1,0,70,84,7522,16645
TACTACGTGCAATGCG-1,0,71,85,7407,16847
CCCTACTTGAACAATG-1,0,70,86,7291,16646
GCAGCTGTCAACGCAT-1,0,71,87,7176,16847
ATCTACCATCTGCTCC-1,0,70,88,7059,16647
TCTCAAATCAATCGGG-1,0,71,89,6944,16848
ACTCCGGCCGACCACT-1,0,70,90,6828,16647
TACACCTCTTCGAATC-1,0,71,91,6713,16849
GTGGCTGTTTCTGTTC-1,0,70,92,6597,16648
ACGACTCTAGGGCCGA-1,0,71,93,6482,16849
TCGTTTACGCGACCCT-1,0,70,94,6366,16649
AGGATATCCGACTGCA-1,0,71,95,6251,16850
GACACTTCCAATTACC-1,0,70,96,6135,16649
ACGGTACAGTTCAATG-1,0,71,97,6020,16851
CTTGATGACCATCCAG-1,0,70,98,5904,16650
CTGGTAAAGACTTACA-1,0,71,99,5789,16851
CTTGCCCACCCACGCA-1,0,70,100,5673,16650
CATTACGCAGGAAGGG-1,0,71,101,5558,16852
GGACAACCATGAAGCC-1,0,70,102,5441,16651
GTTATCAAGCTATCGA-1,0,71,103,5326,16852
AGGTGCACGTCCACAT-1,0,70,104,5210,16652
AAAGAATGTGGACTAA-1,0,71,105,5095,16853
ACCAAGTCATCGGCAG-1,0,70,106,4979,16652
AGTAACTATAGCAGCC-1,0,71,107,4864,16854
GGGAAAGAATGCCAAC-1,0,70,108,4748,16653
AATCGGTATAGCCCTC-1,0,71,109,4633,16854
GGCACTGCGGTGGTTT-1,0,70,110,4517,16654
CGTCCTCATCGCGTGC-1,0,71,111,4402,16855
CTTAACTTACAGTATA-1,0,70,112,4286,16654
GTGAGTCGACTAATAG-1,0,71,113,4171,16856
TGTACTTCCGGGCATG-1,0,70,114,4055,16655
CACAAACCGCAGAACT-1,0,71,115,3940,16856
GCTTTACACAACTGGG-1,0,70,116,3824,16655
CACCGATGATGGGTAC-1,0,71,117,3709,16857
TCAATATACAGGAGGC-1,0,70,118,3592,16656
AACGACCTCCTAGCCG-1,0,71,119,3477,16857
GTTACCAAGGCGTACG-1,0,70,120,3361,16657
TAGCTCACTGTGTTTG-1,0,71,121,3246,16858
TCGGCAGGGTTAAGGG-1,0,70,122,3130,16657
TGTTAACAAAGTGACT-1,0,71,123,3015,16859
CAGAGCGATGGATGCT-1,0,70,124,2899,16658
CATAGTGGGCACGCCT-1,0,71,125,2784,16859
AAACGCTGGGCACGAC-1,0,70,126,2668,16659
TGTTCTCATACTATAG-1,0,71,127,2553,16860
TCCGCTGGGTCGATCG-1,0,72,0,17230,17021
TTAGCATCCCTCACGT-1,0,73,1,17115,17223
AGCCTTGTCACTGATA-1,0,72,2,16999,17022
GTTTCTTGTTAGAGCT-1,0,73,3,16884,17223
TCGGAGTCCTGGTTGC-1,0,72,4,16768,17023
ACGGGTTGTGACCTGT-1,0,73,5,16653,17224
TGACAGAAATCTTGCT-1,0,72,6,16537,17023
TAGCCATGATTGCCTA-1,0,73,7,16422,17225
CGAAGCCACAGCATGG-1,0,72,8,16306,17024
ACCCGTAGCAGAGAAT-1,0,73,9,16191,17225
AGCTTGATCAGGGTAG-1,0,72,10,16075,17025
CTATAAGTAGGGTTTG-1,0,73,11,15960,17226
TATAGTTAGGTGTACT-1,0,72,12,15844,17025
TACGCTGATAGTTGTA-1,0,73,13,15729,17227
TTCTCAATTGCTACAA-1,0,72,14,15612,17026
GTTGCCCTAACGGGTG-1,0,73,15,15497,17227
GACATTTCGCCCAGCC-1,0,72,16,15381,17026
GTAACTACGTAGACCT-1,0,73,17,15266,17228
CCAGTGTACAGACCGA-1,0,72,18,15150,17027
GCCCGATGCCCAGTTC-1,0,73,19,15035,17228
CGAACCTCTTTCCTAG-1,0,72,20,14919,17028
CATGCACATGAGAGGC-1,0,73,21,14804,17229
CCAAATCAAAGGGCAA-1,0,72,22,14688,17028
GTAGTTTAAGCACACG-1,0,73,23,14573,17230
TAAGTGAATAGTCTAC-1,0,72,24,14457,17029
GGTCCACGTCTATTTG-1,0,73,25,14342,17230
CCCTCAGATCGAGAAC-1,0,72,26,14226,17030
ACATTCGCGCGGAATA-1,0,73,27,14111,17231
CTATGAACACCTTGCC-1,0,72,28,13994,17030
CGAATGGTAGGTCGTC-1,0,73,29,13879,17232
TCGACATAGCGTAGCG-1,0,72,30,13763,17031
GACGTTGCTCGGCGGC-1,0,73,31,13648,17232
CTCGAGGCAAGTTTCA-1,0,72,32,13532,17031
GCTGGGAGCGCGTCAA-1,0,73,33,13417,17233
GACGATATCACTGGGT-1,0,72,34,13301,17032
CAGCTCTGGGCTCACT-1,0,73,35,13186,17233
TAGTCTGCGGCACATT-1,0,72,36,13070,17033
TGGTCGATATACCTCT-1,0,73,37,12955,17234
TTCAGTTCAAGAGGAG-1,1,72,38,12839,17033
GTCTGTAGGTTGAACA-1,0,73,39,12724,17235
GAGAGTCTCGGGAGAG-1,0,72,40,12608,17034
TTGTTTGTATTACACG-1,0,73,41,12493,17235
GCACAGCACGGGCCGA-1,1,72,42,12377,17035
AAACAGTGTTCCTGGG-1,1,73,43,12262,17236
TGGAGAATAATCGTCC-1,1,72,44,12145,17035
CGCCGCGTTCTGAACG-1,1,73,45,12030,17237
CATGCGTTGAGAGGAG-1,1,72,46,11914,17036
TACGCTCCTAGAACTG-1,1,73,47,11799,17237
CCTTGTGAACGTGGTT-1,1,72,48,11683,17036
TTAAAGGCGATGCTCG-1,1,73,49,11568,17238
TAAAGTGCACGTCTCG-1,1,72,50,11452,17037
TGTCCGCAAACAATTC-1,1,73,51,11337,17238
AGGCCTATCATACCAA-1,1,72,52,11221,17038
ACTGGGATGCCAGTGC-1,0,73,53,11106,17239
CGATCCACCATTGTTG-1,1,72,54,10990,17038
GGGCATGCATGTCGAG-1,0,73,55,10875,17240
TCCAGGCAGGACGATC-1,1,72,56,10759,17039
CAATGACCCTTAATTT-1,0,73,57,10644,17240
ATCAAGATCCCAGGAC-1,0,72,58,10527,17039
CTCAGAGCTAATGTCG-1,0,73,59,10412,17241
CTGCGATTTCGAGATT-1,0,72,60,10296,17040
ATGGTATTGGGAACCG-1,0,73,61,10181,17242
TAGGTTCTGCTGAGAA-1,0,72,62,10065,17041
GCCTGTCCCGGTGCAT-1,0,73,63,9950,17242
GGCCTGCTCTGATGTT-1,0,72,64,9834,17041
TAGAGGGAGTTTATCT-1,0,73,65,9719,17243
CTCTACATCCTGCGTG-1,0,72,66,9603,17042
ACACATTTCCGTAGAC-1,0,73,67,9488,17243
TGGGTGTTAAGTAGAA-1,0,72,68,9372,17043
GAGCTCAACATGAGCG-1,0,73,69,9257,17244
GCACACAGCTATTACC-1,0,72,70,9141,17043
GCGACGGTAGTCTCCT-1,0,73,71,9026,17245
GTATCAAGGTACTTCC-1,0,72,72,8910,17044
GGAAAGGGAATTGAGC-1,0,73,73,8795,17245
TACACAGCCGTGGTGC-1,0,72,74,8678,17044
CGGTTGGGCAGGGTCC-1,0,73,75,8563,17246
GCACGCCGATTCCCGC-1,0,72,76,8447,17045
CGCTTTCCGCCAAGGT-1,0,73,77,8332,17247
TGCCCGATAGTTAGAA-1,0,72,78,8216,17046
TCAGAACGGCGGTAAT-1,0,73,79,8101,17247
CCACTCAGATCCGCAA-1,0,72,80,7985,17046
GAAGGGTCATTAAGAC-1,0,73,81,7870,17248
GCGGTCTTGCTTTCAC-1,0,72,82,7754,17047
GGAAGGACACCGTATA-1,0,73,83,7639,17248
CGCGGGAATTCCTTTC-1,0,72,84,7523,17048
TCTATCCGATTGCACA-1,0,73,85,7408,17249
TACTCGTTTGAATCAA-1,0,72,86,7292,17048
GTCTGCCGACTCGACG-1,0,73,87,7177,17250
TACGGGTAATAACATA-1,0,72,88,7061,17049
CCAGTTCGGTAACTCA-1,0,73,89,6945,17250
CGTGCACACCACTGTA-1,0,72,90,6829,17049
CTTCAGTTGGACAACG-1,0,73,91,6714,17251
TGATCTATCACACTCT-1,0,72,92,6598,17050
TAGCAGATACTTAGGG-1,0,73,93,6483,17252
CACCGGGCATCACAAG-1,0,72,94,6367,17051
AGTGGCCCGCAAATGG-1,0,73,95,6252,17252
CTCGCTAGGTAAGCGA-1,0,72,96,6136,17051
GATAGATAGTACAGTC-1,0,73,97,6021,17253
CGAGACTACTGCTGCT-1,0,72,98,5905,17052
ACATTTGAAACCTAAC-1,0,73,99,5790,17253
GACACAGCCGGGACTG-1,0,72,100,5674,17053
ACGGAACACGAGTGCC-1,0,73,101,5559,17254
ACGCCAGTGCGTTTGC-1,0,72,102,5443,17053
GCACCTAGGCGAGTCC-1,0,73,103,5328,17255
TCACTATCCCTTCGGT-1,0,72,104,5211,17054
TGAGTGTAACAACGGG-1,0,73,105,5096,17255
ATTGGTTGTGCATTAC-1,0,72,106,4980,17054
CTGGCGATTTACATGT-1,0,73,107,4865,17256
TCCACCAAGACATAGG-1,0,72,108,4749,17055
AACGTCGCTGCACTTC-1,0,73,109,4634,17257
GTCTCCCGAGTCCCGT-1,0,72,110,4518,17056
AGCCCGCACTACAATG-1,0,73,111,4403,17257
GGCACGCTGCTACAGT-1,0,72,112,4287,17056
GCTTGAGTGACCTCTG-1,0,73,113,4172,17258
ATAGCCATAACAGTCA-1,0,72,114,4056,17057
TAGGAGGCTCGAGAAC-1,0,73,115,3941,17258
GTCGGGTGAAGTACCG-1,0,72,116,3825,17058
CACCCGCGTTTGACAC-1,0,73,117,3710,17259
TCTCAGGCTACTCGCT-1,0,72,118,3594,17058
TAGATTCTCTAGCAAA-1,0,73,119,3478,17260
CCCATTATTGTATCCT-1,0,72,120,3362,17059
GTTAATAGCGTCATTA-1,0,73,121,3247,17260
TACTCATTGACGCATC-1,0,72,122,3131,17059
TAGTGACAAGCTCTAC-1,0,73,123,3016,17261
ATCGCCGTGGTTCATG-1,0,72,124,2900,17060
CTGCTCTCAACACACC-1,0,73,125,2785,17261
GCATGACACAAAGGAA-1,0,72,126,2669,17061
CAACGATCGATCCAAT-1,0,73,127,2554,17262
ATACAGCGTCCACTGA-1,0,74,0,17231,17424
TCACGATTAATACGTT-1,0,75,1,17116,17625
CGTGAACTGACCCGAT-1,0,74,2,17000,17424
TCGATGTTACGGCCGT-1,0,75,3,16885,17626
GACCGGTGATACTCTC-1,0,74,4,16769,17425
TCTGTTTAGATTGTTC-1,0,75,5,16654,17626
GCTACTCGGACGCAGA-1,0,74,6,16538,17425
AAGAAAGTTTGATGGG-1,0,75,7,16423,17627
CGCCAGTAGTACCTTG-1,0,74,8,16307,17426
CTCCCTTGTATCAAGG-1,0,75,9,16192,17627
ACTTTATACACCACTT-1,0,74,10,16076,17427
AGATCTGGAGAGGATA-1,0,75,11,15961,17628
TCATCCATCTGATCAC-1,0,74,12,15845,17427
AGAACACGGCGATGGT-1,0,75,13,15730,17629
CCGCTCCGGATAAGCT-1,0,74,14,15613,17428
TGGTCGGGTACAGGGC-1,0,75,15,15498,17629
ACGGACGCAGCGACAA-1,0,74,16,15382,17429
ACATGCTTACGGCAGC-1,0,75,17,15267,17630
CAGGGAGATAGGCCAG-1,0,74,18,15151,17429
TCGCCACCCGGATTAC-1,0,75,19,15036,17631
TCTTGGTCAATGATAC-1,0,74,20,14920,17430
CATAGGGACACTTGTG-1,0,75,21,14805,17631
CACGAGCAAACCAGAC-1,0,74,22,14689,17430
GGGATATTGATCGCCA-1,0,75,23,14574,17632
TAATGTCGGTTCATGG-1,0,74,24,14458,17431
CGATTTGTCATTAATG-1,0,75,25,14343,17632
TTAAGATACCCAGAGA-1,0,74,26,14227,17432
CGACCGTTGGTATTCG-1,0,75,27,14112,17633
ACTACCATCCGAGGGC-1,0,74,28,13996,17432
TCTACGCACGATCTCC-1,0,75,29,13881,17634
AAGCCACTTGCAGGTA-1,0,74,30,13764,17433
ACGTTGTCGTTGAAAG-1,0,75,31,13649,17634
ACCGCTAGTCATTGGT-1,0,74,32,13533,17434
CATGAGTCCATCACGG-1,0,75,33,13418,17635
ATGTCTTGTTTGACTC-1,0,74,34,13302,17434
TCCCAAACATCCTCTA-1,0,75,35,13187,17636
CAACGCGATGAGCCAA-1,1,74,36,13071,17435
GACACCCAAAGACGCG-1,0,75,37,12956,17636
ACGTTCACTATGCCGC-1,0,74,38,12840,17435
ATGGACTGCTTAGTTG-1,0,75,39,12725,17637
CCATGGCAAACGCTCA-1,0,74,40,12609,17436
TTGTCTCGGCAAGATG-1,0,75,41,12494,17637
TTCGAACGAAACATGC-1,0,74,42,12378,17437
GGAAAGTCTTGATTGT-1,0,75,43,12263,17638
ATCATAGATCGACGAG-1,0,74,44,12147,17437
GATTAGAAACAAGCGT-1,0,75,45,12031,17639
GCTGCGAAGAATTATT-1,0,74,46,11915,17438
TTCCAGTGGGTTTCGT-1,0,75,47,11800,17639
GCTCATTGATCATATC-1,1,74,48,11684,17439
ATACGAGGTTTGTAAG-1,0,75,49,11569,17640
GTCTATACACGCATGG-1,0,74,50,11453,17439
GATTTGCGCTAACACC-1,0,75,51,11338,17641
TGGTGCCCTGCCTTAC-1,0,74,52,11222,17440
TCGAATCGCAGGGTAG-1,0,75,53,11107,17641
GGTAGGCCAATATCAC-1,0,74,54,10991,17440
CGTAAATAACAAAGGG-1,0,75,55,10876,17642
GACTCTAGAGTTCCAA-1,0,74,56,10760,17441
ACTTGTTACCGGATCA-1,0,75,57,10645,17642
GGCATTGAACATCTCA-1,0,74,58,10529,17442
AACCCGCTGTATTCCA-1,0,75,59,10414,17643
TAACAGGTTCCCTTAG-1,0,74,60,10297,17442
GTTCTTGTAACTCAAT-1,0,75,61,10182,17644
GATTCTGTTAATGAGT-1,0,74,62,10066,17443
GGACACCTCGGTGTTG-1,0,75,63,9951,17644
CGATCGAGAAGCACCA-1,0,74,64,9835,17444
CTGCTCTGACGGCAAA-1,0,75,65,9720,17645
CCCAGGAAGAATTCGA-1,0,74,66,9604,17444
TGTCGTGGGTATAGGC-1,0,75,67,9489,17646
ATATGTCTAGAGCGTG-1,0,74,68,9373,17445
GCGGGCAGACGGGTGA-1,0,75,69,9258,17646
CGAAGATCAGTTTCAT-1,0,74,70,9142,17445
ACGCCACTCGAAACAG-1,0,75,71,9027,17647
CTTAGATGTTTCATCC-1,0,74,72,8911,17446
GCGAATGGACTAGCGA-1,0,75,73,8796,17647
TAAATTGTGGGTAAAG-1,0,74,74,8680,17447
ATTTATACTGGTAAAG-1,0,75,75,8564,17648
GCGTCGTAACATGGTC-1,0,74,76,8448,17447
CGGTATGGGCACTCTG-1,0,75,77,8333,17649
CTATCACAACGCTGGA-1,0,74,78,8217,17448
ACCACACGGTTGATGG-1,0,75,79,8102,17649
TCAGCGCACGCCGTTT-1,0,74,80,7986,17449
AATGTTAAGACCCTGA-1,0,75,81,7871,17650
CTTACATAGATTTCTT-1,0,74,82,7755,17449
AACATAGCGTGTATCG-1,0,75,83,7640,17651
AGCAGTCGAAGCATGC-1,0,74,84,7524,17450
GTACTACGGCCTCGTT-1,0,75,85,7409,17651
TTGGCCAAATTGTATC-1,0,74,86,7293,17450
TCAGAGGACGCGTTAG-1,0,75,87,7178,17652
AGTAATCTAAGGGTGG-1,0,74,88,7062,17451
AATTATACCCAGCAAG-1,0,75,89,6947,17652
CCCTACCCACACCCAG-1,0,74,90,6830,17452
CTCTGTCCATGCACCA-1,0,75,91,6715,17653
TCGCCTCCTTCGGCTC-1,0,74,92,6599,17452
CCTGATTCGCGAAGAA-1,0,75,93,6484,17654
GACTTCAACGCATCAA-1,0,74,94,6368,17453
GCTTCCCGTAAGCTCC-1,0,75,95,6253,17654
AGAACTGTACTTTGTA-1,0,74,96,6137,17454
CCTTAAGTACGCAATT-1,0,75,97,6022,17655
GGCCAATTGTATAGAC-1,0,74,98,5906,17454
AGAATACAGGCTATCC-1,0,75,99,5791,17656
AATACCTGATGTGAAC-1,0,74,100,5675,17455
TAGAGTGTTCCGGGTA-1,0,75,101,5560,17656
GCTTCCATGTAACCGC-1,0,74,102,5444,17455
GGTTCGCATTTGCCGT-1,0,75,103,5329,17657
TCAATCCGGGAAGTTT-1,0,74,104,5213,17456
CCGGAAGTGCAATATG-1,0,75,105,5098,17657
CTCATAAATGTGTATA-1,0,74,106,4981,17457
GACGGGCATCGAATTT-1,0,75,107,4866,17658
GCTAAGCCCAGTATGC-1,0,74,108,4750,17457
GCTATAAGGGCCAGGA-1,0,75,109,4635,17659
GCGGATTACTTGTTCT-1,0,74,110,4519,17458
TACAACAGCGCATACA-1,0,75,111,4404,17659
TCTAACCTAGCCTGCG-1,0,74,112,4288,17459
TCTACCCGCATCATTT-1,0,75,113,4173,17660
GTCTTACCACGCCAAG-1,0,74,114,4057,17459
AATAACGTCGCGCCCA-1,0,75,115,3942,17661
CGTTTCGGTTATATGC-1,0,74,116,3826,17460
TACGCTGCACGGTCGT-1,0,75,117,3711,17661
CGTTAAATACGACCAG-1,0,74,118,3595,17460
TCGACTGACGATGGCT-1,0,75,119,3480,17662
ACGCTACTGAATGGGC-1,0,74,120,3363,17461
AAGGGTTAGCCATGCG-1,0,75,121,3248,17662
ACGTTTCGGTGCACTT-1,0,74,122,3132,17462
TTAACCCGAGGCGTGT-1,0,75,123,3017,17663
GCCCGTCAAGCCCAAT-1,0,74,124,2901,17462
ATTCGTCCCGAGGTTA-1,0,75,125,2786,17664
TCAAATTATGTTCGAC-1,0,74,126,2670,17463
AACGTTCTACCATTGT-1,0,75,127,2555,17664
CTGTCCTGCGCACTAC-1,0,76,0,17233,17826
GCCCAGCGACACAAAG-1,0,77,1,17117,18027
TATAGCTATTATCTCT-1,0,76,2,17001,17826
AAGCTATGGATTGACC-1,0,77,3,16886,18028
CCGAAACACGACCTCT-1,0,76,4,16770,17827
ATCAGAAGCTGGTTGC-1,0,77,5,16655,18028
TGAACCTGAATGTGAG-1,0,76,6,16539,17828
TCAGAGCATGTCAACG-1,0,77,7,16424,18029
ATACCCTCCCGGCCAA-1,0,76,8,16308,17828
GCCACCTTATTCGCGA-1,0,77,9,16193,18030
CAACGAGCTTATTATG-1,0,76,10,16077,17829
GATCCAACCTTTAAAC-1,0,77,11,15962,18030
TTGTGGAGACAGCCGG-1,0,76,12,15846,17829
AGATAATCACACCTAT-1,0,77,13,15731,18031
GGTTAGGGATGCTAAT-1,0,76,14,15615,17830
TCATGAAGCGCTGCAT-1,0,77,15,15500,18032
CCAGGCGAGATGGTCT-1,0,76,16,15383,17831
CGACTTGCCGGGAAAT-1,0,77,17,15268,18032
GTGCCAAACGTTTCGA-1,0,76,18,15152,17831
TGCTCAAAGGATGCAC-1,0,77,19,15037,18033
GCCTCAGGTACCGGTC-1,0,76,20,14921,17832
ACAAGTAATTGTAAGG-1,0,77,21,14806,18033
TTAGAGTATTGTCGAG-1,0,76,22,14690,17833
GTCATCCCAAACTCAC-1,0,77,23,14575,18034
CTCCTAGTAATCGTGA-1,0,76,24,14459,17833
CCCTCATCACAGAGTA-1,0,77,25,14344,18035
GGAAACAGAGCTTGGG-1,0,76,26,14228,17834
ACATCGCAATATTCGG-1,0,77,27,14113,18035
TTAGCCATAGGGCTCG-1,0,76,28,13997,17834
CGGATTCTGCCTTATG-1,0,77,29,13882,18036
TTGTTGGCAATGACTG-1,0,76,30,13766,17835
GGATCTACCGTTCGTC-1,0,77,31,13650,18036
GGTGGGATTAGGTCCC-1,0,76,32,13534,17836
AATAGGCACGACCCTT-1,0,77,33,13419,18037
GAGGTCCGTTCGCTGT-1,0,76,34,13303,17836
TGACAACTTAAAGGTG-1,0,77,35,13188,18038
AGCTAAGCTCCGTCCG-1,0,76,36,13072,17837
CTAGCCCGGGAGACGA-1,0,77,37,12957,18038
CCCAGATTCCCGTGAC-1,0,76,38,12841,17838
GCCCGTTCACACAATT-1,0,77,39,12726,18039
ACAAACTCCATCAGAG-1,0,76,40,12610,17838
GGTTCCGTACGACTAA-1,0,77,41,12495,18040
TTGCGGAAAGCTGCCC-1,0,76,42,12379,17839
GGAACTCGTGAATACG-1,0,77,43,12264,18040
GGTTACCGCTCCCTAC-1,0,76,44,12148,17839
AGCGACTTTGAAGACA-1,0,77,45,12033,18041
CCGTTTCCTTTCCGTG-1,0,76,46,11916,17840
TGGATGGCATCTTGGA-1,0,77,47,11801,18041
CAAGTCGTTGAAATCT-1,0,76,48,11685,17841
TGCAAACGTACTAGTT-1,0,77,49,11570,18042
GGCTGTCCTACTGCGG-1,0,76,50,11454,17841
TACTGCATGATTAAAT-1,0,77,51,11339,18043
CGGACCTCTGTAGTTA-1,0,76,52,11223,17842
CCCTAGCTCTAAGGTC-1,0,77,53,11108,18043
GTAACAGGTTAACGGC-1,0,76,54,10992,17843
CCCGCAAATAATCATC-1,0,77,55,10877,18044
AATCCCGCTCAGAGCC-1,0,76,56,10761,17843
AACGTCATCCGGCTTG-1,0,77,57,10646,18045
CTCGTGGCACTGAAAG-1,0,76,58,10530,17844
CTTTATCCGACGCATG-1,0,77,59,10415,18045
AAATGACTGATCAAAC-1,0,76,60,10299,17844
TTCGTGCATGTTATAG-1,0,77,61,10184,18046
ATCAAAGAGCCGTGGT-1,0,76,62,10067,17845
ATGTCATAATAAACGA-1,0,77,63,9952,18046
CTTAATCGACTTAGTA-1,0,76,64,9836,17846
CTAAAGGATGAGATAC-1,0,77,65,9721,18047
GTGCTATCCAGCTGGA-1,0,76,66,9605,17846
GACAGAGGTCTTCAGT-1,0,77,67,9490,18048
TCGATTTACGAAACGA-1,0,76,68,9374,17847
AGGCTTAAGTTGCACA-1,0,77,69,9259,18048
TAGGATCTTAACCGCA-1,0,76,70,9143,17848
GACTTTCGAGCGGTTC-1,0,77,71,9028,18049
CCCTGGGAGGGATCCT-1,0,76,72,8912,17848
TAGTAGTTGCCGGACA-1,0,77,73,8797,18050
GCCCTAAGTGCAGGAT-1,0,76,74,8681,17849
ACTTGGGCTTTCGCCA-1,0,77,75,8566,18050
CATGATACGGTGAAAC-1,0,76,76,8449,17849
TCCTGCAGCCGCCAAT-1,0,77,77,8334,18051
GTCCGTTAGAGGGCCT-1,0,76,78,8218,17850
GCTTTATTAAGTTACC-1,0,77,79,8103,18051
AATCGAGGTCTCAAGG-1,0,76,80,7987,17851
GTGCTGTTAGAACATA-1,0,77,81,7872,18052
GGCTTCTCGTGGGTGG-1,0,76,82,7756,17851
CCTACAGTTGAGGGAG-1,0,77,83,7641,18053
TATCCCTCGATCTGCA-1,0,76,84,7525,17852
CCGGTATCTGGCGACT-1,0,77,85,7410,18053
CTCTAACACCGGCAGC-1,0,76,86,7294,17853
CTTCATCACCAGGGCT-1,0,77,87,7179,18054
GGCTGGCAATCCCACG-1,0,76,88,7063,17853
CAAACCATAAGCGTAT-1,0,77,89,6948,18055
CATGTGGGCTCATCAC-1,0,76,90,6832,17854
CCCGTGACAGTGCCTT-1,0,77,91,6717,18055
GATTATCTTGCATTAT-1,0,76,92,6600,17854
GAGTCCACCAGGTTTA-1,0,77,93,6485,18056
TGTACTATCGCTCGTT-1,0,76,94,6369,17855
TTAGCGAATAGATAGG-1,0,77,95,6254,18056
ACATACAATCAAGCGG-1,0,76,96,6138,17856
ATTCGTGTACCCATTC-1,0,77,97,6023,18057
GCTAGCAACGCACCTA-1,0,76,98,5907,17856
ACCTCAGCGAGGCGCA-1,0,77,99,5792,18058
TCCGGGCCACTAACGG-1,0,76,100,5676,17857
TCCCAATATCGACGAC-1,0,77,101,5561,18058
GGATTGAAGTAGCCTC-1,0,76,102,5445,17858
GGCGCACAGTTTACCT-1,0,77,103,5330,18059
CCCGGCACGTGTCAGG-1,0,76,104,5214,17858
AGTAAGGGACAGAATC-1,0,77,105,5099,18060
TTGCGCACAACCACGT-1,0,76,106,4982,17859
CCTGCTACAACCATAC-1,0,77,107,4867,18060
CTGGGCTACTGGAGAG-1,0,76,108,4751,17859
AGCTACGAATGGTGGT-1,0,77,109,4636,18061
ATTCGTTTATCGTATT-1,0,76,110,4520,17860
GGCATTCCCTCCCTCG-1,0,77,111,4405,18061
AGTTATTCAGACTGTG-1,0,76,112,4289,17861
CCACTTTCCTTCTAGG-1,0,77,113,4174,18062
CGCAGTTCTATCTTTC-1,0,76,114,4058,17861
AGGAGCGTTTATTATC-1,0,77,115,3943,18063
GACAGGTAATCCGTGT-1,0,76,116,3827,17862
TTCCCAAAGTACTGAT-1,0,77,117,3712,18063
CTGCAGGGTGACGCTC-1,0,76,118,3596,17863
TCATGGAGGCCTTTGT-1,0,77,119,3481,18064
ATGGCCCGAAAGGTTA-1,0,76,120,3365,17863
CGTAATATGGCCCTTG-1,0,77,121,3250,18065
AGAGTCTTAATGAAAG-1,0,76,122,3133,17864
GAACGTTTGTATCCAC-1,0,77,123,3018,18065
ATTGAATTCCCTGTAG-1,0,76,124,2902,17864
TACCTCACCAATTGTA-1,0,77,125,2787,18066
AGTCGAATTAGCGTAA-1,0,76,126,2671,17865
TTGAAGTGCATCTACA-1,0,77,127,2556,18066
