spot,x,y,tumor_score,immune_score,stroma_score,is_tumor,is_immune,region,coexact_energy
AAACAAGTATCTCCCA-1,12464,9868,0.2092056863019385,0.0669677585154927,0.8514612781038915,False,False,interface,0.045481724994177596
AAACACCAATAACTGC-1,14209,19278,-0.0288905475878782,-0.4407811468497151,-0.4078991682701492,False,False,interface,0.029714019894524105
AAACAGAGCGACTCCT-1,5364,10752,0.0994818652054208,0.1270605052750567,0.4162675657116285,False,False,interface,0.006273820581040402
AAACAGCTTTCAGAAG-1,11051,20401,-0.500647827759453,-0.3212366409240308,-0.4753737376660349,False,False,other,0.0026248917280888933
AAACAGGGTCTATATT-1,11841,19950,-0.5144154646275695,0.5689877997220055,0.0419778718147975,False,True,other,0.04587460657649004
AAACATTTCCCGGATT-1,14631,10441,-0.0611802747275139,-0.3212366409240308,-1.031395076882302,False,False,interface,0.05006300349880402
AAACCCGAACGAAATC-1,11483,8392,-0.3789257967062025,0.7687801624673525,-0.194347522155758,False,True,immune_core,0.12076912545356577
AAACCGGAAATGTTAA-1,13261,7377,-0.593181298441569,-0.2513075877902674,-0.6378662407912353,False,False,other,0.0009788074762074365
AAACCGGGTAGGTACC-1,10861,18247,-0.4770701574503594,0.4180314140274642,1.8831954804390807,False,True,immune_core,0.01535674281020402
AAACCGTTCGTCCAGG-1,12837,16667,0.6911165648754716,0.1368769013568803,-0.4310921649388066,True,False,interface,0.00810067959321493
AAACCTCATGAAGTTG-1,9872,19264,1.2295763390864356,0.4237607496915904,-0.0606196181034443,True,True,tumor_core,0.026921765804501605
AAACGAAGATGGAGTA-1,14007,20977,0.2191290064836283,-0.0525767474101915,-0.6379665437095463,False,False,interface,0.0070997553247534005
AAACGAGACGGTTGAT-1,9499,12464,0.0223820111197855,-0.2420503064696391,-0.2778881488596282,False,False,other,0.0010938634813402782
AAACGTGTTCGCCCTA-1,5372,8033,-0.9012823479987484,-0.4407811468497151,-0.9428496581774752,False,False,other,0.004521757988964555
AAACTAACGTGGCGAC-1,4186,8935,-0.5916271553819792,-0.1120285065763117,-0.8238142996836041,False,False,other,0.0025565715150004504
AAACTCGTGATATAAG-1,7145,8605,-0.005264476323945,-0.1225058005439548,-0.3789027383737546,False,False,other,0.04115125336715491
AAACTGCTGGCTCCAA-1,11466,13830,1.1114138814327414,-0.4407811468497151,-0.6811002411778707,True,False,tumor_core,0.0031933288381763535
AAACTTGCAAACGTAT-1,11449,19269,-0.7226668594609241,0.3239707293465533,0.8645683254962956,False,True,immune_core,0.17544292860080724
AAAGACCCAAGTCGCG-1,4559,15962,-0.5271957210110131,0.3952603897359232,0.0261723157283207,False,True,interface,0.07403341131148262
AAAGACTGGGCGCTTT-1,8293,19712,0.4518190056442671,1.2203239940726929,1.4020545400606983,False,True,interface,0.031017881191764143
AAAGCTTGCCTACATA-1,7740,7587,-0.0334267734634307,-0.4407811468497151,-0.9676031289645292,False,False,other,0.03129325454258777
AAAGGCTACGGACCAT-1,14813,15314,0.5559230129063065,1.4550243695875604,0.5100285412128553,True,True,interface,0.26409948300524805
AAAGGCTCTCGCGCCG-1,13433,15196,0.007650569091203,0.3631088881708311,0.9722514194942036,False,True,interface,0.04160600108754694
AAAGGGATGTAGCAAG-1,7324,14384,-0.5398742455036842,-0.1225058005439548,0.5990941658900029,False,False,other,0.027373399645960098
AAAGGGCAGCTTGAAT-1,7311,18463,-0.2498489237328034,0.90270444144146,1.4849822331958615,False,True,immune_core,0.02695144079128776
AAAGGTAAGCTGTACC-1,4579,9390,-0.5561406205990405,-0.2420503064696391,-0.4444510395740166,False,False,other,0.001304873818014628
AAAGTAGCATTGCTCA-1,12635,18366,0.6680913405230068,0.1132887947408756,0.6995133944033113,True,False,tumor_core,0.0029251627314207315
AAAGTCACTGATGTAA-1,4560,15508,-0.0410970533618551,0.4563293168683386,0.4907282065789143,False,True,interface,0.19023995162608964
AAAGTCGACCCTCAGT-1,9870,19717,-0.4024289121342193,-0.00478191092685,0.6038786823304859,False,False,other,0.009621147752111646
AAAGTGTGATTTATCT-1,11278,10770,-0.4145962094237926,-0.4407811468497151,-0.950796593306198,False,False,other,0.003597872436425015
AAAGTTGACTCCCGTA-1,10885,10543,-0.4078378996654722,-0.0525767474101915,0.5358433665854895,False,False,other,0.008372996851159121
AAATAACCATACGGGA-1,5362,11432,-0.5999739367245696,0.8129346687231195,1.6724866947821635,False,True,immune_core,0.060275513559139994
AAATAAGGTAGTGCCC-1,8723,8383,0.3244407839283371,-0.4407811468497151,-0.950796593306198,False,False,other,0.0075119935338141255
AAATACCTATAAGCAT-1,11861,13605,1.0244740940398045,-0.4407811468497151,-0.6690281560056349,True,False,interface,0.01966390004600371
AAATAGCTTAGACTTT-1,9705,9406,-1.0236423543109228,-0.4407811468497151,-1.0734350239031232,False,False,other,0.0025539395518952863
AAATAGGGTGCTATTG-1,13047,12476,-0.3398570468949966,-0.4407811468497151,-0.988776444313172,False,False,other,0.008869612653571056
AAATCGCGGAAGGAGT-1,13810,20863,0.4034940282210282,0.6517190437979447,0.5417113564936378,False,True,other,0.033622688801257704
AAATCGTGTACCACAA-1,11265,15076,1.1953600452232769,-0.2420503064696391,-0.7684154780275728,True,False,tumor_core,0.003088684960646154
AAATCTAGCCCTGCTA-1,13055,9983,-0.3764440177552419,0.7435647303505514,-0.3973865050662528,False,True,immune_core,0.009722283296410462
AAATGATTCGATCAGC-1,6750,8830,-1.0661512449470718,-0.4407811468497151,-0.9527418921172526,False,False,other,0.0012752618227634739
AAATGCTCGTTACGTT-1,5733,18685,-0.4024285370552928,-0.1225058005439548,0.2862708684852401,False,False,other,0.0022769787030438924
AAATGGCATGTCTTGT-1,5158,13584,-0.2846790686181942,0.4496016851552424,0.9245419757991898,False,True,interface,0.03111548995416261
AAATGGCCCGTGCCCT-1,12237,19498,-0.1127742264022948,0.2155221349358768,0.8411072860158982,False,True,immune_core,0.01661796302264803
AAATGGTCAATGTGCC-1,9094,15636,0.6732238983505546,-0.4407811468497151,-0.5326158192201559,True,False,tumor_core,0.021219196809778212
AAATGTATCTTATCCC-1,7696,21410,0.7488555051829878,0.1517735297877821,0.6725257313417288,True,True,interface,0.016772642493466047
AAATTAACGGGTAGCT-1,9294,14843,1.031817877356921,-0.2420503064696391,-0.8281581627092726,True,False,interface,0.03358583296388385
AAATTAATAAGCGCGA-1,8881,20961,0.1848983177123203,0.4955104191339331,1.2019658185636437,False,True,interface,0.030532758582687617
AAATTACACGACTCTG-1,5361,11658,-0.1847786742458696,-0.3212366409240308,1.1539770242048644,False,False,other,0.052944572969248954
AAATTACCTATCGATG-1,7730,10759,-0.7397495646422465,-0.3212366409240308,0.2759696420100444,False,False,other,0.0021208812202598284
AAATTCCAGGTCCAAA-1,9511,8385,-0.473210596562017,-0.4407811468497151,-0.864196473412426,False,False,other,0.0005941447064893978
AAATTGATAGTCCTTT-1,13425,17916,1.511496721404248,-0.1225058005439548,-0.5952114797327949,True,False,tumor_core,0.0084351430343577
AAATTGGTGAGAAGCA-1,5570,7920,-1.1536815606380342,0.2852237843036623,-0.9527418921172526,False,True,immune_core,0.017497271068001124
AAATTTGCGGGTGTGG-1,11848,17684,0.3032177588241387,-0.4407811468497151,-0.6364894283374277,False,False,interface,0.03334617418368884
AACAACTGGTAGTTGC-1,8105,16652,-0.7004689859171621,-0.4407811468497151,-0.363740037806916,False,False,other,0.005833000078934209
AACAATACATTGTCGA-1,14610,17239,0.400267942133833,0.5316154231110651,1.507758297281064,False,True,interface,0.014683629310964771
AACAATTACTCTACGC-1,8297,18579,1.0069449271024558,-0.3212366409240308,-0.3480851960113144,True,False,interface,0.40519678978207807
AACACACGCTCGCCGC-1,12658,10888,0.7573646134193507,-0.4407811468497151,-1.031395076882302,True,False,tumor_core,0.01857797574827004
AACACGACTGTACTGA-1,4368,14035,1.5779700608431075,0.0833182769119773,1.7702424152136256,True,False,interface,0.09972944125607038
AACACGAGACGCGGCC-1,11450,19042,0.1839448941799457,0.1772350728281728,1.2918948347122294,False,True,interface,0.018963573342699023
AACAGCTGTGTGGCAA-1,14213,17918,0.3519273671506779,-0.1051772897343009,0.3251967542253346,False,False,other,0.017399595605743237
AACAGGAAATCGAATA-1,5551,13812,-0.420529205169537,-0.2513075877902674,0.9153889921144948,False,False,interface,0.0943594812004915
AACAGGATGGGCCGCG-1,8299,17899,0.1542587735361169,1.4236131234731535,1.2559143580023002,False,True,interface,0.5751822788306964
AACAGGTAGTATGGAT-1,12271,8621,-0.1663471798493102,-0.4407811468497151,-0.6280743097697689,False,False,other,0.003800967546868546
AACATATCAACTGGTG-1,7929,10193,-0.1197656439525996,-0.4407811468497151,-0.5465311473450158,False,False,other,0.031266378569869066
AACATCGATACGTCTA-1,5962,8601,-0.9282927831167996,-0.3212366409240308,0.3915975996343654,False,False,other,0.003001482448744628
AACCAAGACTTCTCTG-1,9676,18697,1.2271070736963945,0.1461540929698844,-0.1097771075622322,True,False,interface,0.009863848150263794
AACCATGGGATCGCTA-1,5341,18004,0.0636470411876953,0.4946593224173593,0.5872435148789099,False,True,immune_core,0.036414809497112094
AACCCAGAGACGGAGA-1,5541,16984,-1.0559699718954214,-0.4407811468497151,-0.4555143093448897,False,False,other,0.04207974943151676
AACCCATCCCATGATC-1,13616,19842,-0.3338850608488637,-0.2016921349983465,0.544173337404695,False,False,other,0.005190310902018976
AACCCGAGCAGAATCG-1,13848,8626,-0.0857540735801234,-0.4407811468497151,-0.6047126990854089,False,False,interface,0.0004946854553994663
AACCCTACTGTCAATA-1,10490,10541,-1.1442345636609852,-0.2016921349983465,0.7206298961990452,False,False,other,0.010165089305790171
AACCCTGGTGGAACCA-1,4172,13468,0.8349347587888699,-0.1051772897343009,0.9901779733103896,True,False,interface,0.008828330073285514
AACCGAGCTTGGTCAT-1,7327,13477,-0.0355353984930987,-0.3212366409240308,0.2118519420378445,False,False,interface,0.03695611922945218
AACCGCTAAGGGATGC-1,11672,10998,0.0419262144995134,-0.4407811468497151,-1.16198044260795,False,False,other,0.0005605377045287008
AACCGTTGTGTTTGCT-1,4959,14150,-0.2668289050831736,1.0746730303501122,1.0539252513638486,False,True,interface,0.6786155354330773
AACCTGTCACGGAATT-1,9710,8046,-0.2880770702975774,-0.0581472202099654,-1.0734350239031232,False,False,other,0.015969065031167125
AACCTTTAAATACGGT-1,13241,13723,0.7069813111698936,-0.4407811468497151,-0.3470131199097579,True,False,interface,0.01189842748746986
AACCTTTACGACGTCT-1,5757,10980,-1.2120664472303002,0.2229587999479257,0.4337126243321004,False,True,immune_core,0.022217421876015594
AACGAAAGTCGTCCCA-1,14008,20523,1.900223691094568,-0.3212366409240308,-0.49738864112581,True,False,tumor_core,0.11161851507959385
AACGATAATGCCGTAG-1,13045,13155,0.2827964401337186,-0.4407811468497151,-0.8122642924518273,False,False,other,0.0007313558383966469
AACGATAGAAGGGCCG-1,5546,15398,1.1652041667780952,-0.4407811468497151,-0.5146762068432501,True,False,interface,0.048191856811152296
AACGATATGTCAACTG-1,7329,12798,-0.3007104713802097,-0.3212366409240308,0.6775988987215277,False,False,other,0.004765602052235965
AACGCATGATCTGGGT-1,6550,9623,-1.01966083848692,-0.4407811468497151,-1.0734350239031232,False,False,other,0.0006317145381469641
AACGCGGTCTCCAGCC-1,7128,14043,0.8188710494006666,-0.2513075877902674,0.2901123178381827,True,False,tumor_core,0.012488333895566688
AACGCTGTTGCTGAAA-1,13250,10777,-0.0304618709835977,-0.2513075877902674,0.2352818171486317,False,False,other,0.0009693290655712715
AACGGACGTACGTATA-1,12461,11001,-0.3147122415376935,-0.0433194660895632,-1.0393420120110248,False,False,other,0.015828965190373936
AACGGCCATCTCCGGT-1,11850,17004,0.4933312277146063,-0.4407811468497151,-0.8471047912819326,False,False,other,0.0015964550773559978
AACGTACTGTGGGTAC-1,12049,16665,0.2393141782070222,-0.2420503064696391,-0.0157605177734824,False,False,interface,0.006652464609948983
AACGTCAGACTAGTGG-1,7316,16877,1.4078175391865009,-0.0525767474101915,0.1424372409779801,True,False,interface,0.40738703623774947
AACGTGATGAAGGACA-1,4374,11995,0.7849332683672582,0.1715057371640468,2.056970099842093,True,True,interface,0.059837871133889935
AACGTGCGAAAGTCTC-1,9694,13032,-0.5608326451017256,0.4620478117992943,-0.3894395699375302,False,True,immune_core,0.03394116987985363
AACGTTATCAGCACCT-1,6911,20275,0.2857219925633364,0.4805950835454196,0.3755218060877707,False,True,interface,0.19238579561483804
AACTACCCGTTTGTCA-1,11877,8619,-0.5275400697524467,-0.2513075877902674,-0.7779166973801868,False,False,other,0.0011164442264631062
AACTAGGCTTGGGTGT-1,13435,14516,1.0146224621330664,0.1751639634645842,0.3461846770475021,True,True,interface,0.03264648602242531
AACTCAAGTTAATTGC-1,10078,16432,0.1338163342286415,0.1939489294532258,1.606416084044587,False,True,immune_core,0.004360156031684984
AACTCCAGAGCGTGTT-1,14432,11007,0.1278420608952212,-0.0747109640606134,-0.0047728977314677,False,False,interface,0.0005013114472713354
AACTCCTAATCCCATG-1,4969,10977,-0.1871158997091097,0.1772350728281728,1.1568091346820748,False,True,immune_core,0.0034779986891041617
AACTCGATGGCGCAGT-1,4749,18342,-0.2768468789034232,-0.2513075877902674,-0.3534342015738904,False,False,interface,0.019113573042352228
AACTCTCAATAGAGCG-1,9504,10878,-0.98090669011953,-0.3212366409240308,-0.5027804517868603,False,False,other,0.005621709860224737
AACTCTCAGTGTGCTC-1,13034,16781,-0.0953367529742238,-0.4407811468497151,-0.419271000378494,False,False,interface,0.06382514720498464
AACTGAGGTCAGCGTC-1,4384,8823,-0.3038037706021454,-0.4407811468497151,-1.021639274350146,False,False,other,0.0005279543967426553
AACTGAGTTATACTGA-1,12670,7036,-1.139570906112454,-0.4407811468497151,-0.9527418921172526,False,False,other,0.008458740828187303
AACTGATATTAGGCCT-1,5748,13926,-0.0441434774930139,-0.1225058005439548,1.0034301711350344,False,False,interface,0.06237445324553898
AACTGGGTCCCGACGT-1,6537,13928,0.4880343655135842,-0.0525767474101915,1.039657625297656,False,False,interface,0.016981535849637026
AACTTCTGCGTCTATC-1,6125,19366,0.3572511929332056,0.1659066821439559,0.3547469071050975,False,True,interface,0.027063836600433596
AACTTGCCCGTATGCA-1,8297,18353,1.4751992349993273,0.2155221349358768,0.0726320141402408,True,True,interface,0.09543093220040345
AACTTGCGTTCTCGCG-1,5337,19137,-0.5135384509361857,-0.1225058005439548,0.1570267403369897,False,False,other,0.011757521702019847
AACTTTACGGGAGCTT-1,8684,20620,-0.0649105094457776,-0.4407811468497151,1.102054958278178,False,False,other,0.24215245915877226
AACTTTCTCGATCATG-1,6952,7358,-1.0236833396756222,-0.0747109640606134,-0.0400097285564192,False,False,other,0.0009401371082499178
AAGAAATCACCAGATT-1,6558,7130,-1.3391959834126783,-0.2420503064696391,-0.3881801582759127,False,False,other,0.0002784580787904737
AAGAAGGATCAGTTAG-1,5142,18569,-0.0840825170384608,-0.3212366409240308,0.1932597525478439,False,False,other,0.001311288177219999
AAGACCCAACTGAACA-1,14419,15313,0.1116209200558648,0.5738155122429272,1.703887223434888,False,True,interface,0.01825370526453546
AAGACTGCAAGCTACT-1,9692,13711,-0.2532004084293459,0.3101990188123721,0.0290739541273218,False,True,other,0.02633767839775912
AAGAGATGAATCGGTA-1,7903,18351,0.2215599827993332,0.1240198763194625,0.0828684126617572,False,False,interface,0.10160038962943634
AAGAGCTCTTTATCGG-1,9498,12691,-0.0687063082855415,-0.3212366409240308,0.3630711113930201,False,False,other,0.004938966817776914
AAGAGGATGTACGCGA-1,10270,18132,-0.7230786549955072,-0.2513075877902674,-0.410159195716237,False,False,other,0.03884688679675983
AAGAGGCATGGATCGC-1,9696,12352,-0.4758595303519375,-0.1317630818645832,0.8885802249238465,False,False,other,0.0037996371259043284
AAGAGGCCCTTTGGAA-1,14241,9080,-1.0698816542369467,-0.4407811468497151,-1.021639274350146,False,False,other,0.0019817310341804597
AAGATGGCACCGGACC-1,14216,17012,0.2965631985175264,0.0448335418650708,0.0017264873451985,False,False,interface,0.01747064061959532
AAGATTGGCGGAACGT-1,7728,11213,-0.7493539111686618,0.0044753703937782,-0.7058537119649245,False,False,other,0.039438267826590545
AAGCACCCTGCGTATC-1,14228,13159,0.122778775927949,-0.3212366409240308,0.2474766623673759,False,False,interface,0.008911369881810741
AAGCATACTCTCCTGA-1,13044,13609,0.5641411838917233,-0.4407811468497151,-0.964155467941408,True,False,interface,0.005109117095211995
AAGCCGAAGCGGTTTA-1,12269,9301,-1.1958310550646605,-0.3212366409240308,-0.5252253375810833,False,False,other,0.0014046021469447374
AAGCCGCTTTACCTTG-1,6361,7242,-1.4611319268490313,-0.4407811468497151,-0.9002310256083452,False,False,other,0.0029546655535345957
AAGCGGAGTGCGCGCA-1,4981,7125,-1.4637287232220435,-0.4407811468497151,-1.16198044260795,False,False,other,0.002175856243484741
AAGCGGCGTCATGGGT-1,4379,10409,0.1293923230592165,-0.2513075877902674,0.7949336897969868,False,False,interface,0.025369074018428108
AAGCGTCCCTCATCGA-1,13820,17464,0.1599025801062044,0.0959776290101926,0.6129251115416966,False,False,interface,0.0031553222699609606
AAGCTAGATCGAGTAA-1,12452,13720,1.047632062228519,-0.4407811468497151,-0.7703607768386276,True,False,tumor_core,0.007386419058910045
AAGCTCGTGCCAAGTC-1,9497,13144,-0.5864173754040873,-0.4407811468497151,0.1194229873103774,False,False,other,0.02683000948592988
AAGCTCTTTCATGGTG-1,13837,12251,-0.5864173754040873,-0.4407811468497151,-0.7109316716188346,False,False,other,0.009316630417910175
AAGGAGCGGTTGGTGC-1,8108,15973,1.0595640148363974,0.0867023338037641,-0.7897212877915053,True,False,tumor_core,0.01811950726643874
AAGGATCGATCGCTTG-1,10298,9068,-1.4597472073980409,-0.3212366409240308,-1.0734350239031232,False,False,other,0.0025204238389132773
AAGGATGAGGGACCTC-1,7924,11553,-0.818265900683005,0.1132887947408756,0.1536127193769382,False,False,other,0.09503421197532502
AAGGCAGGCTGTCTCC-1,10893,8050,-0.5868361302843147,-0.2513075877902674,-0.1830409506102447,False,False,other,0.011469632517134183
AAGGCGCGTAAAGCTT-1,7315,17103,0.9485421273974364,0.0075159993493725,-0.6624872171629995,True,False,interface,0.03383525717533015
AAGGCTGTGCTCATCG-1,8501,16200,0.5930266457380904,-0.4407811468497151,0.2452547452077175,True,False,interface,0.12588011048658126
AAGGGACAGATTCTGT-1,7729,10986,-0.7223080177481063,-0.0747109640606134,0.0432438695891499,False,False,other,0.008092157364408934
AAGGGACTATGCATTC-1,14409,18485,0.533472065799278,0.0355234404286359,-0.1116874350587317,True,False,interface,0.009610131299379413
AAGGGTTTGATTTCAG-1,14203,21317,0.1500756486170885,-0.3212366409240308,-0.361381136702613,False,False,other,0.001411410550179406
AAGGTATCCTAATATA-1,7528,12232,0.2158522953501154,0.6933901627974353,1.4546191394653094,False,True,interface,0.08521856227031017
AAGGTGATAAACCAGC-1,11278,10997,0.1406677156999486,-0.3212366409240308,-1.021639274350146,False,False,other,0.0008094487300738306
AAGTAGAAGACCGGGT-1,6333,16080,-0.5844483663509005,0.3759659132082489,0.8305261863259811,False,True,immune_core,0.038979143401989345
AAGTAGTGACGCGAGG-1,9087,17902,0.7145393449760886,-0.0618539390231956,-0.5299565526262968,True,False,interface,0.012247670706776117
AAGTCAATTGTCGTCA-1,11478,9978,-0.0216133495876494,-0.0029612946182705,1.425074693121602,False,False,other,0.0015630381783255974
AAGTCTAGTAGCTGCC-1,6755,7244,-1.4333906309576487,-0.4407811468497151,-0.4364029145449227,False,False,other,0.0005497994689475139
AAGTCTTCTGTGGCCT-1,10260,21078,0.0697258544462519,-0.2513075877902674,-0.4924867743377975,False,False,interface,0.0876457273841067
AAGTGACGACCGAATT-1,10662,18587,-0.2756415789373246,-0.2016921349983465,0.8487631056951616,False,False,other,0.0064527637572602764
AAGTGAGTCGGGTTTA-1,14811,15994,0.8452593600872771,-0.2513075877902674,-0.0159209661472843,True,False,interface,0.03619141928021541
AAGTGCAAAGGTAGAC-1,8094,20278,-0.0175077710666354,3.4983870483224258,1.3873273095947938,False,True,interface,1.0065090290552063
AAGTGCCTTGACTGTA-1,11282,9637,-0.0145880333216633,0.093553550645775,0.8717758242688386,False,False,interface,0.012534986537649511
AAGTGCGTTAGAATCT-1,12240,18365,0.1323011969569097,-0.0272251032160291,0.5649733450558836,False,False,interface,0.009209289120367501
AAGTGTTTGGAGACGG-1,12851,12362,-0.6576240890197091,-0.0581472202099654,-0.9087566462853768,False,False,other,0.003946755117350876
AAGTTCACTCCAAGCT-1,13838,11798,0.9741461471141292,-0.4407811468497151,-0.1911287142040731,True,False,interface,0.0274605469537824
AAGTTCAGTCTGCGTA-1,6156,9621,-1.1441452981558382,-0.4407811468497151,-0.4918060540544591,False,False,other,0.0033046803548128904
AAGTTCGGCCAACAGG-1,11651,17570,0.817537766368404,-0.4407811468497151,-0.7916665866025602,True,False,interface,0.007051868635649257
AATAACAACGCTCGGC-1,9678,18017,1.0076984073665058,0.0448335418650708,1.1063007101946851,True,False,interface,0.05938975035968797
AATAACACTAGAACAA-1,12836,17121,0.9910995966763124,0.5579608016912317,1.3098101538912743,True,True,interface,0.1053866504752143
AATAATCTTCGTATCG-1,12866,7603,-0.6239212540040869,-0.0618539390231956,-0.9134020255813036,False,False,other,0.004262041979518886
AATACAATGTTTCAGG-1,7112,19255,-0.0474687824725836,0.2855566635591169,1.7332316341856118,False,True,interface,0.03170482217920647
AATAGAACAGAGTGGC-1,12839,16214,1.2645940892343692,0.4223061909191784,0.8068804963770158,True,True,interface,0.047357222171913106
AATAGAATCTGTTTCA-1,12064,11679,0.0439170789882399,-0.4407811468497151,-1.0734350239031232,False,False,other,0.0007252646961525626
AATAGCTACCGCGTGC-1,6356,8829,-0.9442153015107186,-0.4407811468497151,-0.8335701022157599,False,False,other,0.0011379454933176205
AATAGTCCGTCCCGAC-1,13828,14971,-0.2450136464438934,2.608003486718051,1.5464624548875825,False,True,immune_core,0.14547647900516797
AATAGTCGCGAGTCGG-1,7502,20616,1.422327294486908,1.1839141364358898,-0.1687314246799018,True,True,interface,0.446047961613192
AATATCCTAGCAAACT-1,11640,21196,-0.1610981998079371,0.2062468397294485,0.0593035840321392,False,True,immune_core,0.011527415175147895
AATATCGAATCAATGC-1,12269,9074,-0.6589058508236942,-0.3212366409240308,-0.2441254617798955,False,False,other,0.0008186046518985584
AATATCGAGGGTTCTC-1,7929,9967,0.2738171481690343,-0.3212366409240308,-0.4901899510474612,False,False,other,0.023878516079554307
AATATTGGAGTATTGA-1,9676,18924,0.41484172822526,-0.2513075877902674,-1.021639274350146,False,False,other,0.016501986898189228
AATCATGTAAAGACTC-1,13251,10323,0.0737013165207598,-0.2513075877902674,-0.3226633009466543,False,False,other,0.002160039262120815
AATCCAAGGGCCTGAG-1,5150,16077,1.2947577019708814,2.360989921779192,0.482824398716906,True,True,interface,0.7007432901349051
AATCGCCTCAGCGCCA-1,10287,12467,-0.5199702112857626,-0.1225058005439548,-0.7916665866025602,False,False,other,0.01651722930044668
AATCGCGCAGAGGACT-1,10891,8503,-0.1297645805767867,0.3901499259891222,-0.9123597183884308,False,True,immune_core,0.1610283102803077
AATCGGGACACTACGA-1,4169,14601,-0.6138001638145327,-0.0029612946182705,0.9022395621508864,False,False,interface,0.2869800172681149
AATCTAGGTTTACTTG-1,12828,19613,0.5113592716291926,-0.2513075877902674,0.2153613474421638,True,False,tumor_core,0.014526312173496668
AATCTATGCCGGAGCC-1,7735,8946,-1.2673415986546612,0.4936898028253537,0.1160824068189298,False,True,immune_core,0.030661075490503883
AATCTCTACTGTGGTT-1,10066,20284,0.9818234391666116,-0.2420503064696391,-0.2087465094374168,True,False,interface,0.3036866782663991
AATCTGCGTTGGGACG-1,8912,10990,0.2021497274339823,-0.4407811468497151,-0.6843705633021149,False,False,other,0.018568648265772175
AATCTGGCTTTCTAGT-1,12630,19726,0.1583678608316279,-0.2420503064696391,0.1090801954388164,False,False,interface,0.008355120368060635
AATGACAGCAATGTCT-1,12044,18025,1.093460462042139,-0.1942554699862977,-0.5713348041492404,True,False,tumor_core,0.005967357227809552
AATGACGTAGGATGTC-1,11273,12583,0.5801697569104889,-0.4407811468497151,-0.9087566462853768,True,False,tumor_core,0.0035359668920312876
AATGACTGTCAGCCGG-1,7121,16083,0.0200649393493859,0.6269839619210376,1.286946107458417,False,True,immune_core,0.004761294415783241
AATGAGTTCGCATATG-1,5535,19024,-0.087435016222207,-0.4407811468497151,0.2308684143371781,False,False,other,0.004462477553607577
AATGATGATACGCTAT-1,7138,10871,-1.01966083848692,-0.4407811468497151,-1.16198044260795,False,False,other,0.0008868890714468571
AATGATGCGACTCCTG-1,7535,9966,-0.0867289750935078,-0.0581472202099654,-0.6798712891965135,False,False,other,0.004060534893034384
AATGCAACCGGGTACC-1,7520,14724,0.1936530719311216,0.3642760807020393,0.5607108639244871,False,True,immune_core,0.01578070047303635
AATGCACCAAGCAATG-1,6351,10415,-0.1835443464494549,-0.3212366409240308,-0.7454448819303762,False,False,other,0.0035985222979098767
AATGGTCCACCGTTCA-1,8491,19600,0.1874123293387747,0.8691944739741494,1.4578928416007435,False,True,immune_core,0.014403972276924035
AATGGTTCTCACAAGC-1,6329,17440,0.9018596330252556,-0.16320739995144,0.1810267446989022,True,False,interface,0.031575233440348176
AATGTGCCCGAGGTGT-1,13423,18369,0.5978339797518676,0.5472297201126448,0.3589378044524712,True,True,tumor_core,0.10593868892773388
AATTAAAGGTCGGCGT-1,10474,15753,0.6419394994426497,-0.4407811468497151,-0.11400228683114,True,False,tumor_core,0.005871622346467276
AATTAACGGATTTCCA-1,14029,13952,1.081200226433927,-0.4407811468497151,-1.021639274350146,True,False,tumor_core,0.015958098847358094
AATTACGAGACCCATC-1,14204,20864,0.2081781422355599,-0.4407811468497151,-0.7051058497321295,False,False,other,0.0012985948964471944
AATTAGCGCTGCAGCG-1,12647,14287,0.1091926027372258,0.3400323316874674,0.4594320345500761,False,True,interface,0.019153100877874217
AATTCATAAGGGATCT-1,7137,11097,-0.9371292873521556,-0.4407811468497151,-1.0393420120110248,False,False,other,0.004443012321869606
AATTCTAGAGTTAGGC-1,12253,14286,0.3486456810137119,-0.00478191092685,-0.9300624560493091,False,False,other,0.004683406178179657
AATTGAACGCTCTGGT-1,11472,12017,-0.3074542049698719,-0.2420503064696391,-0.8644928003077784,False,False,other,0.0025444414474521844
AATTTGGGACATAGTA-1,5166,11091,-0.8585466838073558,0.0355234404286359,-0.0502119093019175,False,False,other,0.0008824541496131258
AATTTGGTTCCAAAGA-1,4763,13809,1.250930819879205,-0.2513075877902674,-0.1053689915653024,True,False,interface,0.13074705050703136
ACAAAGAAGGTAGGCC-1,11641,20969,0.0430417455293297,-0.16320739995144,-0.6299181564893869,False,False,other,0.0036476898391906583
ACAAATCGCACCGAAT-1,12457,12134,0.0421005119098573,-0.4407811468497151,-0.988776444313172,False,False,other,0.0031030678233225292
ACAAATGGTAGTGTTT-1,11275,11903,-0.0891597226315876,-0.4407811468497151,-0.8335701022157599,False,False,other,0.000760339962088059
ACAACAGCATGAGCTA-1,8905,13256,-0.122441496736079,0.0075159993493725,0.2493748754153952,False,False,other,0.008507783173218986
ACAACGGTCCCTGCGA-1,6918,18008,0.6427509564432864,0.255708526390509,0.6257358921487157,True,True,interface,0.006749715434502385
ACAAGCAGTGCCTAGC-1,8494,18467,0.3242517563108665,0.1832178478746389,-0.1282859873032336,False,True,interface,0.16103761496608268
ACAAGCTATATGGAAG-1,9865,21304,0.0023449757183595,1.109634913139653,1.2397618058849056,False,True,immune_core,0.06373997100058514
ACAAGGAAATCCGCCC-1,12257,12926,0.3102632515054008,-0.4407811468497151,-0.7703607768386276,False,False,other,0.003039195923403026
ACAAGGACAAGAGGTT-1,8301,17220,0.5326361738826205,-0.3212366409240308,-0.9848896051982966,True,False,tumor_core,0.03886188153836732
ACAAGGATGCTTTAGG-1,14627,11574,0.4631753072598319,0.0075159993493725,0.810170414000459,False,False,interface,0.0216630587453731
ACAAGGGCAGGCTCTG-1,11272,12810,0.0542238666201723,-0.4407811468497151,-0.7415580428155008,False,False,other,0.004381967766408664
ACAATAGTCGTACGTT-1,10858,19154,-0.3615400335503977,-0.3212366409240308,0.5086926654881218,False,False,interface,0.06300028585298785
ACAATCCATTTAAACC-1,9679,17790,0.8355331099942687,0.1368968116492561,0.4355156866565129,True,False,interface,0.018234605556454113
ACAATGAATACGGAGA-1,13819,17917,1.1705023190516244,0.1147625949988342,0.2582662360272283,True,False,interface,0.05871845331372838
ACAATGATTCTTCTAC-1,4187,8709,-0.1466307640108401,-0.3212366409240308,-0.9848896051982966,False,False,other,0.0019256789653979169
ACAATTGTGTCTCTTT-1,12660,10435,0.1056193596827052,-0.4407811468497151,-1.0734350239031232,False,False,other,0.0027482502291874063
ACAATTTAGGAGGCTC-1,8685,20393,0.0217987770964116,2.0205214133832174,0.6906297324973986,False,True,interface,0.4931938395157916
ACAATTTGAGCAGTGG-1,8120,12120,0.2893677208913007,0.1276196200362519,1.8704361968563752,False,False,other,0.17359851102245502
ACAATTTGGCCATATT-1,11091,7484,-1.054021431940017,0.0959776290101926,-0.6005649682883261,False,False,other,0.007048038432685349
ACACAAAGACGGGTGG-1,7322,15064,-0.0348353030652111,-0.0747109640606134,0.603739002790558,False,False,other,0.011777510164320075
ACACAAATATTCCTAG-1,5374,7353,-0.3381305684088995,-0.1942554699862977,-0.8661380137162468,False,False,other,0.007138575340263461
ACACACCAGGACCAGT-1,11277,11224,0.2938211587158953,-0.2420503064696391,-1.0734350239031232,False,False,other,0.00048668239045173307
ACACACTTTCTACACG-1,5353,14151,0.3551608689503345,1.7707521169835247,0.3659912825432407,False,True,interface,0.16209964459143014
ACACATGATCAAATCT-1,14405,19618,1.670892271460236,-0.4407811468497151,-0.0321069984126199,True,False,tumor_core,0.033266878107279955
ACACCACATAATTAGC-1,8724,8156,0.8524120287406844,-0.4407811468497151,-0.5713348041492404,True,False,tumor_core,0.0010172778984421794
ACACCCAGCATGCAGC-1,7320,15744,1.2396629959410386,0.1939489294532258,0.5598644211803709,True,True,immune_core,0.14498677747813374
ACACCCGAGAAATCCG-1,6330,16987,0.6608178351517068,0.6609763251185728,0.9153451195016242,True,True,interface,0.024722524761996784
ACACCGAGCGCTCTTT-1,5529,20837,0.4050226720152521,0.0613972857157188,0.3499134045052797,False,False,interface,0.04431112089188546
ACACCTTAAGTAGGGC-1,7514,16537,-0.6320219552970219,0.7123095663742408,1.215196660244649,False,True,immune_core,0.3626021534251435
ACACCTTACTACTTGC-1,10693,8842,-0.5693861209121416,-0.4407811468497151,-0.8910539086244983,False,False,interface,0.025976232723264617
ACACGAGACTCCTTCT-1,8707,13368,-0.1988618355258139,-0.4407811468497151,-0.745768984299143,False,False,other,0.04094673439716203
ACACGGCACTATGCAT-1,3976,13354,1.0419459305973768,1.0086030602392213,-0.1622436026667967,True,True,interface,0.16509998500697742
ACACGGGAACTTAGGG-1,7919,13366,0.4057551734725636,-0.1225058005439548,-0.3149707061792391,False,False,interface,0.0830387060379908
ACACTCCAATGTCACT-1,5928,19478,0.2838772369280842,-0.2513075877902674,0.1610313141202099,False,False,interface,0.01705595648451318
ACACTGATCAAGGTGT-1,12839,15987,0.4082731726468115,-0.2513075877902674,-0.8910539086244983,False,False,interface,0.0029977279688566233
ACAGAACTGAGAACAA-1,12831,18707,0.3107805967224147,-0.3212366409240308,-0.5518742574345684,False,False,other,0.0012787588116059004
ACAGCATAGAGCCAGT-1,4562,14828,0.9991656257674456,0.5107678205799985,1.5522531074471293,True,True,interface,0.5044539968208224
ACAGCGACATTCTCAT-1,14237,10213,0.3478266575215259,0.2820491172920533,-0.0610743095721822,False,True,other,0.030726856362516625
ACAGCGCACCCGCAGC-1,4570,12336,0.9517736921298576,-0.3212366409240308,-0.2169198089299807,True,False,interface,0.08293200516337924
ACAGGCTTGCCCGACT-1,13050,11569,-0.9041920181434816,0.2402699656786087,-1.0527008866462346,False,True,other,0.07156774606493324
ACAGGTGGAGGTGAGG-1,12639,17007,0.1720988446901162,-0.3212366409240308,-0.025422267670644,False,False,interface,0.013828464381247732
ACAGGTGTGTTGTTGC-1,10062,21418,0.4626568516914423,-0.0581472202099654,-0.2133825958118131,False,False,interface,0.021210830157344363
ACAGTAATACAACTTG-1,11644,19836,-0.0853275828738061,-0.1258002171104929,0.7345058571490272,False,False,interface,0.012763277503147796
ACAGTATACCGTGGGA-1,6358,7922,-0.6785123617571737,-0.1120285065763117,-0.528686987747831,False,False,other,0.005683136581954569
ACATAAGTCGTGGTGA-1,14206,20411,0.7825110914557625,-0.16320739995144,0.2193381076804739,True,False,tumor_core,0.002688303198680395
ACATAATAAGGCGGTG-1,6733,14269,1.2274513991837674,-0.0029612946182705,-0.0450522556313795,True,False,interface,0.06463584577475794
ACATCAGCTGGGACGC-1,8883,20054,1.318891745946075,0.5880283653619091,-0.1909705956576,True,True,interface,1.5610905476901002
ACATCCCGGCCATACG-1,13434,14970,0.1334483781560835,1.0948090554258267,1.635587635376726,False,True,interface,0.1264006869731569
ACATCCTGGTAACTGT-1,10887,9863,-0.6108667459504262,0.3257913456551328,0.4920320393774826,False,True,immune_core,0.018955839194290214
ACATCGATCGTTTACC-1,10873,14395,0.5081915796294343,-0.3212366409240308,-1.16198044260795,True,False,tumor_core,0.004577674099080974
ACATCGGTCAGCCGCG-1,10667,17227,-0.0767545444478499,-0.2513075877902674,0.4604079213416034,False,False,interface,0.09702747150984666
ACATCGTATGCAATGG-1,11471,12244,0.5538325513881961,-0.0581472202099654,-0.988776444313172,True,False,tumor_core,0.014377356425195456
ACATCGTTAACCTAGT-1,4371,12902,0.4273842381420751,-0.4407811468497151,-0.6010804431500755,False,False,interface,0.04488784670345692
ACATGGCGCCAAAGTA-1,10493,9635,-0.0591300777873147,-0.3212366409240308,0.049777890744352,False,False,other,0.005484890755074242
ACATTAGTTTATATCC-1,12647,14514,0.0673880031607698,0.502947084145982,0.4240204973754125,False,True,interface,0.09185803772999768
ACCAAACACCCAGCGA-1,5963,8374,-0.9517396894124586,-0.4407811468497151,-0.1738490843457157,False,False,other,0.0039369874346498876
ACCAACACCACACACT-1,6552,8943,-1.2156558417458392,-0.4407811468497151,-0.956384347243648,False,False,other,0.00039489749656177457
ACCAACGCTTATTTAT-1,13037,15875,0.6885224389138783,-0.4407811468497151,-0.9300624560493091,True,False,interface,0.017642012877361214
ACCAAGAACGCGTGTC-1,5939,15853,0.798022852537542,0.9069222794975064,0.1598933872630453,True,True,interface,0.013661020482766767
ACCAATATGCAAGTTA-1,13639,12591,-0.2992925627998669,0.1219615657683667,-0.9527418921172526,False,False,other,0.010395875742215288
ACCACAACTCAGAACA-1,3979,12221,1.96524735389291,0.7351886396912928,0.4626954645704552,True,True,interface,0.08561282072667974
ACCACAAGTTTCTATC-1,8504,15294,-0.1030429363120321,-0.2513075877902674,0.5808935727319932,False,False,other,0.002373133695327654
ACCACCAATGTAACAA-1,10692,9296,1.1052528747259858,-0.3212366409240308,-0.5165582949677456,True,False,other,0.1155597114138986
ACCACCCTCTCTTCTA-1,7148,7698,-0.818265900683005,-0.4407811468497151,-0.209134625135714,False,False,other,0.002291949425000189
ACCACGTGCAGCTATA-1,12061,12812,0.1697472308427843,-0.3212366409240308,-0.77759259501142,False,False,other,0.0011434057484804693
ACCAGACCATAACAAC-1,10064,20964,0.2819671029032436,2.898848325744323,1.5252389766044714,False,True,interface,0.2921098386920022
ACCAGTGCCCGGTCAA-1,4381,9729,-0.7555620969638609,-0.2513075877902674,-0.0989828841376316,False,False,other,0.00924082338556126
ACCAGTGCGGGAGACG-1,12067,10773,-1.1418162607027689,-0.4407811468497151,-1.0734350239031232,False,False,other,0.016945873285723955
ACCATATCCGCAATAA-1,10082,15072,-0.0798785901854732,-0.0525767474101915,1.5201226335231144,False,False,other,0.0015783541205616897
ACCATCCGCCAACTAG-1,11249,20062,-0.0084826064599841,-0.3212366409240308,-0.2533856127883876,False,False,other,0.009660117121701908
ACCATCGTATATGGTA-1,10866,16661,0.6317180861989466,0.9289573543162878,0.4623465127880403,True,True,interface,0.0914369919239092
ACCATTAAGGGTGTCA-1,5135,20836,0.1552375261374035,-0.1225058005439548,0.9721579899997662,False,False,other,0.039451360617934396
ACCCAACGCCCGTGGC-1,8515,11668,-0.4299733124961364,0.1550679463543202,1.2582276865088735,False,True,interface,0.005376945821798834
ACCCACCTACATGCTC-1,7508,18577,0.1216705564426045,0.1413483871291165,0.8779647835091683,False,False,interface,0.19795734469921888
ACCCATCTTGAGGGTA-1,9878,17225,0.2740347230177588,-0.2420503064696391,-0.8622511746013714,False,False,interface,0.16969662488345125
ACCCATTTGTCCCTCT-1,14435,10100,0.2884555114262445,-0.4407811468497151,-0.48672292753445,False,False,other,0.01865407950208217
ACCCGAGCGAAATTAC-1,14607,18146,0.0454522946017441,0.0075159993493725,-0.2954822117262162,False,False,other,0.014225383586000265
ACCCGGAAACTCCCAG-1,13831,14064,0.5992850568648134,-0.4407811468497151,-0.0497926980259151,True,False,interface,0.013731824550196845
ACCCGGATGACGCATC-1,10098,10087,-1.3932107777745697,-0.3212366409240308,-0.3041123384452166,False,False,other,0.005086018641277512
ACCCGGTTACACTTCC-1,10868,15981,0.6825012696850017,0.1207254597529244,-0.8434623361555372,True,False,tumor_core,0.005665164267203787
ACCCGTGTCATCAGTA-1,14024,15311,-0.0189599665938952,1.822286163396878,1.9399989394161177,False,True,immune_core,0.018857997991180358
ACCCTATAGGACTGAG-1,4943,19135,-0.4918431175482907,-0.3212366409240308,-0.1571346664635751,False,False,interface,0.01620550860363541
ACCCTATGCCATATCG-1,13625,16896,0.2763213344525214,0.2471641259619362,0.8697537360089731,False,True,interface,0.017611048048926294
ACCCTCCCTTGCTATT-1,12063,11906,0.0893303112364394,-0.4407811468497151,-0.950796593306198,False,False,other,0.0041890967155670325
ACCCTGGTAACGCCCT-1,6751,8377,-0.99823009587261,-0.3212366409240308,-0.5550899775180775,False,False,other,0.0020727872668300415
ACCCTTCATCTGCGAA-1,5156,14037,0.1575411663358652,0.5122242757589861,0.6811187625496226,False,True,interface,0.015196477055014581
ACCCTTGCCTGGGTCG-1,5769,7127,-1.2641036459218191,0.0044753703937782,-0.8581910785875241,False,False,other,0.005624022537496887
ACCGAAAGGGCCCTGC-1,4363,15394,0.7401845133792605,2.3504522015591793,0.1052289409077402,True,True,interface,0.21786089983342874
ACCGAAGAGTCTGGTT-1,13812,20183,0.7604680264613998,0.6854424226836863,0.0574344093298645,True,True,tumor_core,0.05081775876942804
ACCGACACATCTCCCA-1,14620,13840,0.953220040557154,0.4422952226252227,0.8825528659462208,True,True,interface,0.10281658258094882
ACCGACTGAGTCCCAC-1,8114,13933,-0.3503005138694663,-0.4407811468497151,0.0022373169089808,False,False,other,0.0024939779216909728
ACCGATATTTAATCAT-1,13259,7831,-0.8615520536803182,-0.2016921349983465,-0.4031067534189926,False,False,other,0.0070012912305517
ACCGATGGTAGCATCG-1,9700,10992,-0.5730647809328276,-0.4407811468497151,-0.3307617101629781,False,False,other,0.00437820727140478
ACCGCAATAACTGCCT-1,12653,12474,-0.1547288085775032,-0.3212366409240308,-0.1363462181539744,False,False,other,0.00397779350921833
ACCGCGGTGGAAGTCG-1,11283,9411,-0.1457429600620599,0.2531469010084024,1.4957367878011016,False,True,immune_core,0.020569066857480535
ACCGGGCCTTTGTTGA-1,11674,10318,-0.516013265491945,-0.4407811468497151,0.307494026938103,False,False,other,0.0018315832868570608
ACCGGTCAGGTACACC-1,14208,19731,1.595829328243518,-0.0525767474101915,-0.0594518687181864,True,False,tumor_core,0.013722818075491512
ACCGTGACCACGTGGG-1,14610,17013,0.6650487035071352,0.0833182769119773,0.1745800772697126,True,False,other,0.018699977544885307
ACCTAAGTACCTTTCA-1,12439,18026,0.5407594730197888,-0.4407811468497151,0.5033467552200497,True,False,tumor_core,0.011306522663160373
ACCTAATCGACTTCCT-1,8890,18015,0.1631760248878027,0.3079229625791363,0.2187556185329608,False,True,interface,0.025704969260046978
ACCTACAGTATGTGGT-1,10694,8616,-0.8336067683853118,-0.1942554699862977,-0.8910539086244983,False,False,other,0.025207131903992902
ACCTCCGCCCTCGCTG-1,13452,9304,0.3579473634386943,0.1270605052750567,0.3648196212317782,False,False,other,0.05436091822675917
ACCTCCGTTATTCACC-1,9313,8725,-1.0951046177604762,-0.0235668769154916,-1.0412873108220793,False,False,other,0.001809817615389422
ACCTGCGTGTCATGTT-1,11646,19383,-0.2443108885304032,-0.4407811468497151,0.6334354242507522,False,False,interface,0.056075429403633636
ACGAAATGGGCGGCAC-1,8888,18694,1.5138212802485405,0.5728761372797454,-0.0984893049238464,True,True,interface,0.28511026756098734
ACGAGATATTTGCTTA-1,4373,12222,1.6998168127815945,-0.4407811468497151,-0.6843159612613798,True,False,interface,0.04122934053490813
ACGAGGATACCACTCT-1,12434,19385,0.2325782872299448,-0.1051772897343009,1.4387881591178096,False,False,interface,0.005038824733850758
ACGAGGTTTACAACGT-1,13813,19956,0.9092404397254832,-0.0029612946182705,0.8807357199633957,True,False,interface,0.03952245263761641
ACGAGTACGGATGCCC-1,8127,9627,-0.5131232096825921,0.1276196200362519,-0.0509495231329638,False,False,interface,0.02704572844602786
ACGATACATAGAACTA-1,6936,12343,-0.1663969378998108,-0.0747109640606134,0.0572844458858391,False,False,other,0.004264942735723609
ACGATACCTATCCTGA-1,9077,21301,2.0334283229234904,0.6922614903507921,0.4872593418962017,True,True,interface,0.19045254351427765
ACGATCATACATAGAG-1,7521,14271,-0.2079197328451877,-0.4407811468497151,-0.1487844251132759,False,False,other,0.008467222802506178
ACGATCATCTTGTAAA-1,9704,9859,-0.4025117853596969,-0.4407811468497151,-1.16198044260795,False,False,other,0.00239259941163463
ACGATGCATATGTTAT-1,9880,16545,0.0007112543232426,0.2194265266883096,0.665861723845566,False,True,immune_core,0.00808696255357296
ACGATGGATCCGATGC-1,4567,13469,1.212193983711184,0.1405836201701105,-0.3672260831537133,True,False,interface,0.038747835473049455
ACGCAATCACTACAGC-1,7538,9059,-0.8727530380611651,-0.4407811468497151,-0.5033954443095771,False,False,other,0.04133615834639647
ACGCATACGTTTACTA-1,13647,9871,-0.6549380271415498,0.9121398173866648,-0.1847024470899733,False,True,interface,0.15676241031871116
ACGCATTCGTGAGTAC-1,9098,14503,1.93837157606903,-0.0581472202099654,-0.5528439721080696,True,False,tumor_core,0.044430440986494374
ACGCCAGATGATTTCT-1,5948,13133,-0.5977752779387406,0.3796726320214791,0.3113762554653471,False,True,interface,0.09188150699264246
ACGCCGCTAGACGACC-1,11073,13376,-0.0463719996184595,-0.16320739995144,1.7167517673927166,False,False,interface,0.0016200135150389423
ACGCGAAGTCAGACGA-1,12252,14739,0.3117907432926115,0.1368769013568803,-0.6995180957946795,False,False,interface,0.008721248903823512
ACGCGCTACACAGGGT-1,10665,17907,-0.6779223562241201,-0.0525767474101915,0.4275388597900122,False,False,other,0.003559918652175809
ACGCGGGCCAAGGACA-1,9295,14390,1.4161550101093858,-0.4407811468497151,-0.3718552423404961,True,False,tumor_core,0.044043220385914156
ACGCGTTTCTTAAGAG-1,8289,20845,0.92939653990903,-0.2513075877902674,0.2395243500851726,True,False,interface,0.46060296633731074
ACGCTAGTGATACACT-1,8126,10081,-0.6822645013199916,-0.4407811468497151,0.0162267096215756,False,False,other,0.03263869863087148
ACGCTGTGAGGCGTAG-1,10264,19945,-0.574257867396798,0.8967216663949941,0.2465698276738297,False,True,immune_core,0.26590839476948724
ACGGAATTTAGCAAAT-1,5537,18344,-0.3025931914033645,-0.2513075877902674,1.0610074225476882,False,False,other,0.0019527369425320882
ACGGACTCTCAAAGCG-1,14623,12934,0.6992929478777133,0.0636733419489547,-0.6293044916248937,True,False,interface,0.03107979023224214
ACGGAGCGCAAATTAC-1,6157,9168,-1.051424635567004,-0.4407811468497151,-0.5706196871933102,False,False,other,0.0005146136773852363
ACGGATGGTGCGGATA-1,13836,12478,-0.4036650161961919,-0.4407811468497151,-1.0734350239031232,False,False,other,0.003181273689417272
ACGGCACTTGCTTGGG-1,12844,14628,-0.2752081763786078,0.2540068699827834,0.963038004729694,False,True,interface,0.03815165013039523
ACGGCCAACATGGACT-1,13039,15195,-0.1130232916734821,-0.2016921349983465,0.498779195821836,False,False,interface,0.03175005883556374
ACGGCGACGATGGGAA-1,12258,12700,0.3999162740972423,-0.4407811468497151,-0.8622511746013714,False,False,other,0.0028490580839627606
ACGGCTGGATGTAGAA-1,14601,20185,1.0825861510209187,0.6224915900716663,-0.1115415131583358,True,True,tumor_core,0.0015086895339088697
ACGGGAGTGTCGGCCC-1,11845,18590,1.603835945748528,-0.2420503064696391,-0.7145347437218886,True,False,interface,0.07374101764950285
ACGGGCGTATGCGACA-1,7344,8039,-1.2663490005121345,0.1344971702871056,-0.2649388997702039,False,False,other,0.00747415186519158
ACGGGTCATGTGACTT-1,5531,20384,-0.6215035413114665,0.1939489294532258,1.2923177563465476,False,True,interface,0.013685684456502636
ACGTACAGATTTCTCT-1,4565,13922,1.2019570771794723,1.160443260582201,0.5643888851842721,True,True,interface,0.11295043372770865
ACGTAGATTGCTGATG-1,9100,13823,-0.1446026980115371,1.4619770012033246,1.4797763058138365,False,True,interface,0.2710137024798915
ACGTATTACTCCGATC-1,10688,10429,-0.970963999259574,-0.0821476290726622,0.7783923180646971,False,False,other,0.00916759968567694
ACGTCTCGTTCCGGGA-1,11247,20741,-0.5298443526801603,-0.3212366409240308,0.004180291277729,False,False,other,0.00539416404854528
ACGTGACAAAGTAAGT-1,12824,20973,-0.4442924464507519,-0.4407811468497151,-0.3095562033173563,False,False,other,0.03370340419559543
ACGTGCGCCTCGTGCA-1,5944,14266,0.2482512624495547,-0.0235668769154916,-0.2170831830139721,False,False,interface,0.03254054398988942
ACGTTAATGTCGAAGA-1,10678,13601,0.0081482530843467,-0.2420503064696391,0.354208091609253,False,False,other,0.005503338605577724
ACGTTAGATTTGCCCG-1,10273,16999,-0.2819738384843035,-0.2513075877902674,-0.140702626817799,False,False,other,0.018237311949306435
ACGTTATTGGTCACTC-1,6321,19933,1.4004600594359513,0.2947084693902685,-0.6596627543969806,True,True,interface,0.04742649288461995
ACGTTCCGCGCTCCGT-1,4167,15280,-0.4098084296376051,1.7874956451657773,0.931323268270288,False,True,interface,0.1431442013583545
ACGTTCGCAATCAATT-1,9116,8611,-0.904991390140517,-0.4407811468497151,-0.7606302211464194,False,False,other,0.002629452663572346
ACGTTCGTTCAGGAAA-1,14415,16446,0.7024507420068318,0.0833182769119773,0.8492010757930583,True,False,interface,0.015542019090694281
ACGTTTAGTTGTGATC-1,5355,13698,-0.3215850957861756,-0.3212366409240308,0.5897290977202517,False,False,interface,0.04061948769127332
ACTAAGGACGCACACC-1,4784,7011,-1.263752204139122,-0.4407811468497151,-0.9123597183884308,False,False,other,0.001979502973315971
ACTAATACGTCAGGCG-1,4182,10295,0.0670807573486031,-0.2016921349983465,-0.0081902205774511,False,False,other,0.0003947809681455813
ACTACCAGCTCTCTGG-1,7514,16764,0.1293547779383927,-0.1225058005439548,1.1595506661855015,False,False,interface,0.3124978933248424
ACTACGCGTTAGAATT-1,14419,15086,0.2668927934308057,0.8563834052160774,0.4815910262604608,False,True,interface,0.02920463203444122
ACTAGTTGCGATCGTC-1,12465,9641,-0.6776006924302375,0.4124323590073734,-0.371930914628965,False,True,immune_core,0.0913249450175007
ACTATATGCTGTGTTC-1,5170,9505,-0.3866766736737506,-0.4407811468497151,-1.021639274350146,False,False,other,0.0028012962174724307
ACTATCCAGGGCATGG-1,10100,9180,-1.2700627574161938,-0.4407811468497151,-0.9428496581774752,False,False,other,0.0037392829364117724
ACTATCGCCGGCTAAA-1,5134,21289,0.5735634916217478,0.867450109979162,0.2377128296143316,True,True,interface,0.025641312566449945
ACTATCTGCCCGCGTA-1,13059,8623,-1.1467903746692982,-0.4407811468497151,-1.021639274350146,False,False,other,0.00026640838703222933
ACTATTCGTCCGTGGT-1,5357,13018,0.4418152302309849,0.4237607496915904,-0.6325748137491376,False,True,interface,0.04116885335418786
ACTATTTCCGGGCCCA-1,14217,16785,0.2660009535239682,0.5005325468462009,0.8868708272388053,False,True,other,0.014832038522986243
ACTCAAGTGCAAGGCT-1,14430,11687,-0.144040064810945,-0.2513075877902674,0.9087253284264404,False,False,interface,0.03755126731152303
ACTCAATAAAGGCACG-1,7524,13591,-0.0521951248916835,0.1998239659223854,-0.2217408982742261,False,True,immune_core,0.0013730279675905916
ACTCAGACCTGCTTCT-1,4360,16527,0.5754411954390305,0.3356276520293321,1.4541335330677712,True,True,interface,0.013266990960197997
ACTCCCATTCCTAAAG-1,11843,19497,-0.0853700161600459,0.4262573937220537,1.2732692943628867,False,True,interface,0.028940456697909577
ACTCCCGAATTCGTTT-1,8916,9630,-1.091515223244937,-0.4407811468497151,-0.6649096090408315,False,False,other,0.005769280240186902
ACTCCCGTAGACTAGG-1,6754,7470,-1.1455300176068286,-0.2420503064696391,-0.4062069983055583,False,False,other,0.0022796157114451376
ACTCCCTAATGCTAAA-1,13832,13611,0.7553482134369152,0.0669677585154927,0.6088278034578972,True,False,tumor_core,0.015507266821813135
ACTCCCTAGAATAGTA-1,12058,13492,0.8625212207084185,0.5517114402213291,-0.6995180957946795,True,True,tumor_core,0.030830058393039348
ACTCGATGTATTTCAT-1,6123,20272,-0.2122474481181737,0.6224915900716663,0.4152214320541025,False,True,interface,0.08766517045799367
ACTCGCGATCTGACGC-1,10895,7143,-1.5842799472074067,-0.4407811468497151,-0.9123597183884308,False,False,other,0.0014198597309461605
ACTCGTAACCCGTCCT-1,12239,18818,-0.0982446787490133,-0.3212366409240308,-0.2891369779854299,False,False,interface,0.02688823436644683
ACTCGTCAGTAATCCC-1,9695,12578,-0.4900774329580155,-0.4407811468497151,-0.1890694199611058,False,False,other,0.007646713217692488
ACTCTAAACCTGGGAT-1,7894,21297,0.7785340826741391,-0.3212366409240308,-0.014489332963597,True,False,interface,0.02947069025480772
ACTCTCTGACTTAGGT-1,10878,12582,-0.0380768087390557,0.2793487739839749,-0.7515555702022739,False,True,other,0.017958549435653223
ACTCTCTTATACACGA-1,4177,11881,0.6332293965841868,0.2342542808087118,1.0658441309171458,True,True,interface,0.027278445045275906
ACTCTTCAGCTCCCGC-1,9712,7140,-0.953165394228148,-0.4407811468497151,-1.0734350239031232,False,False,other,0.00038798834021819056
ACTCTTGTATAGTAAC-1,9693,13485,0.2753792729814656,-0.3212366409240308,0.7412154719312449,False,False,other,0.025899558286576054
ACTGAAACGCCGTTAG-1,13841,10892,0.2149426645600025,0.3492778271177382,-0.2676782334832296,False,True,immune_core,0.021308542304855276
ACTGAATGGCGAAAGT-1,11866,12019,-0.336782338092475,-0.1120285065763117,0.1522430786033903,False,False,other,0.005894051185544366
ACTGCCGTCGTAACTC-1,5750,13472,1.485494307956571,0.1132887947408756,0.2020843390130703,True,False,interface,0.14298569779604403
ACTGCGGACACACCGT-1,9907,7933,-0.202047429974853,-0.4407811468497151,-0.8434623361555372,False,False,other,0.0012373786429445495
ACTGCTCGGAAGGATG-1,13023,20407,-0.6280097050389545,-0.4407811468497151,-0.723140188198692,False,False,other,0.0040945040314953616
ACTGGCGAACCTGCGT-1,4586,7124,-1.0221774131521273,0.0075159993493725,-0.6414331844049788,False,False,other,0.0024541051710995606
ACTGTACGATACACAT-1,8513,12575,-0.7186990357787797,-0.0525767474101915,-0.5636776585394733,False,False,other,0.5924133414721798
ACTGTAGCACTTTGGA-1,7907,16992,-0.9217937184565272,-0.3212366409240308,-0.367167722605744,False,False,other,0.07566406049643919
ACTGTATACGCGAGCA-1,4555,17321,0.4042519714675368,-0.2513075877902674,-0.6564792648061066,False,False,interface,0.028144951946742252
ACTGTCCAGGATTATA-1,9096,15183,0.4685127908806117,-0.3212366409240308,-0.6975727969836247,False,False,interface,0.0044583212295866035
ACTGTCTTCTTTAGAA-1,8508,14161,-0.8073821629219138,0.2540068699827834,-0.033354594155215,False,True,immune_core,0.06067185383459306
ACTGTGCTAGTAGATC-1,5144,17890,-0.4867627837791727,0.8855810107857317,-0.0323493574430172,False,True,immune_core,0.050266879970215034
ACTTACCGGGCGCGCA-1,4773,10637,-0.5410834312282184,-0.1258002171104929,1.7760426482229528,False,False,other,0.008200870470417985
ACTTACGCATCCACGC-1,14033,12592,-0.5080329285589527,0.6270179099391447,-1.0734350239031232,False,True,immune_core,0.02554265213891317
ACTTAGTACGACAAGA-1,5342,17777,0.2097403608781083,-0.3212366409240308,1.149944965989343,False,False,other,0.0361647652279353
ACTTATACTTACCCGG-1,9700,11219,-0.8315668945937006,-0.4407811468497151,-0.3638525559979125,False,False,other,0.007885823669366384
ACTTATTAGGATCGGT-1,10081,15526,-0.4564246915147781,-0.4407811468497151,-0.3159374829302703,False,False,other,0.024122223035944537
ACTTATTTATGTGCCA-1,11671,11225,-0.2698255144505889,-0.4407811468497151,-1.021639274350146,False,False,other,0.0002762890701145913
ACTTCAGGCTGATCCC-1,12654,12248,0.2497867518706148,-0.4407811468497151,-0.918648880225154,False,False,other,0.005554695879274818
ACTTCCAGTGGAAGCT-1,13809,21089,0.3588831416235437,-0.16320739995144,-0.0952434878586206,False,False,interface,0.02346892257863267
ACTTCCATGCGGGACA-1,14627,11801,-0.4387261158929884,0.3741452968996694,0.2686624405581726,False,True,other,0.030225101001089345
ACTTCGCCATACGCAC-1,7920,12913,-0.4438624560089177,-0.2016921349983465,0.5042314232960033,False,False,other,0.0077757829015467515
ACTTCGCTAGCGAGTG-1,8727,7023,-1.3365991870396654,-0.4407811468497151,-1.0527008866462346,False,False,other,0.0032261044885459594
ACTTGACTCCCTCTTT-1,10876,13262,0.7279677246872645,-0.3212366409240308,-0.5817129191559329,True,False,tumor_core,0.004977968402058319
ACTTGGGACCCGGTGG-1,8305,15860,1.4662262563348851,-0.3212366409240308,-0.0055755112544268,True,False,interface,0.38467173764584395
ACTTGTAGTCCCTTCA-1,11249,20288,-0.9824562108434582,-0.3212366409240308,-0.3417522405825082,False,False,other,0.0009141327307547583
ACTTGTGGATGGAACG-1,12861,9189,-0.7292055205234688,-0.4407811468497151,-0.964155467941408,False,False,other,0.0007226846671603985
ACTTTACCCTCATGAA-1,8917,9403,-0.4137601810971083,-0.1120285065763117,-0.1395495438785255,False,False,other,0.03203167843693258
ACTTTCCTATAGCTTC-1,8113,14386,-0.2174532533669523,-0.4407811468497151,-0.619504895500655,False,False,other,0.007536729167968673
ACTTTGACTGCATCCT-1,10263,20172,-0.4340090306541085,1.144216862850417,0.3826909119449869,False,True,interface,0.27010810045878925
ACTTTGGTCGTGCTCC-1,14601,19959,1.2108029222827008,-0.3212366409240308,-0.6798700593227461,True,False,interface,0.0013720439223552788
ACTTTGTCGACGCACT-1,13653,7832,0.2973755703513067,-0.4407811468497151,-0.498131792740894,False,False,interface,0.029801321478191218
AGAAATTATGACTCGC-1,13060,8397,-1.115459684262377,-0.4407811468497151,-0.8756100492365813,False,False,other,0.0003234130783185603
AGAACCCAGCGTGACA-1,11289,7371,-0.9002897498562217,-0.4407811468497151,-0.5458382624477444,False,False,other,0.0027305083714929505
AGAACGTGGTACATTC-1,7919,13139,-0.827175008035735,-0.0062557111848086,0.3570628437174947,False,False,other,0.014548359878929914
AGAAGAGCGCCGTTCC-1,10093,11447,-1.5842799472074067,-0.4407811468497151,-1.16198044260795,False,False,other,0.05823663609858066
AGAAGGTACACTTCAC-1,12827,19840,0.2083234816104378,-0.4407811468497151,0.3070144722072498,False,False,other,0.0063693087606359325
AGAAGGTTGCCGAATT-1,10866,16435,0.8957912729393972,-0.0525767474101915,1.065273465741869,True,False,interface,0.04214292430191119
AGAAGTGATTCGTGAT-1,12044,18251,0.6304652742500307,0.093553550645775,-0.2597001928335665,True,False,tumor_core,0.009177224305359364
AGAATAAATCTTCAGG-1,9869,20171,0.9413835067054108,2.033146708663328,0.8409899390037062,True,True,interface,0.8286207910741542
AGAATGCGGGTTCGGA-1,4974,9164,-0.8210672811523432,-0.4407811468497151,-0.9428496581774752,False,False,other,0.0030255159987076226
AGAATTATGGATTCGA-1,8914,10310,0.9743038904859984,-0.3212366409240308,-0.5020186318557692,True,False,interface,0.06876011327096959
AGAATTGTTTGACATA-1,5930,18799,-0.2574890206842805,0.3332280106671816,-0.6430293703979748,False,True,immune_core,0.018525981359783637
AGACAGCTCAGAATCC-1,6912,20048,1.035432746079341,0.2774566369054488,0.7515334917141808,True,True,interface,0.03187380982467827
AGACAGGCATCTCAGC-1,13458,7265,0.1137110207113943,-0.0235668769154916,-0.6525949832232222,False,False,other,0.02333398150451373
AGACCAAACCACACCT-1,12628,20406,1.0961516150301354,0.6004321178088624,0.6386971274754212,True,True,interface,0.022545527722248233
AGACCATGGGATACAA-1,6918,18235,0.2539404805350344,-0.1051772897343009,1.7241877864503394,False,False,interface,0.008228089043059283
AGACCCACCGCTGATC-1,12254,14059,0.6569993829820235,-0.1225058005439548,-0.8910539086244983,True,False,tumor_core,0.0022666432023355602
AGACCCGCCCTCCTCG-1,7716,15065,0.449273985359966,-0.2513075877902674,0.5580923624892508,False,False,other,0.03815543242445253
AGACCGCTCCGCGGTT-1,12664,8849,-0.8321444072399734,-0.0581472202099654,-1.0734350239031232,False,False,other,0.012859469497490922
AGACCGGGAAACCCTG-1,10660,19493,-0.0851305703412075,0.1240198763194625,1.7535577052501006,False,False,other,0.007437460455297078
AGACGAAGTGCCGGTC-1,12265,10434,-0.1144592194154295,-0.2513075877902674,-0.9123597183884308,False,False,other,0.003415626942574993
AGACGACGATGCCGCT-1,13031,17688,1.0796702023350442,-0.2016921349983465,-0.1102694793358564,True,False,interface,0.02978646547697043
AGACGGGCCGATTTAA-1,4184,9842,0.6376696393938346,-0.3212366409240308,-0.2898983541334068,True,False,tumor_core,0.014164724979655334
AGACTAGCCTTCCAGA-1,8107,16199,-0.6284790832192847,-0.2513075877902674,-0.2180715027927101,False,False,other,0.006700793500583902
AGAGAACCGTCTAGGA-1,7727,11439,-0.1439036679510259,0.25404167621279,-0.4731878631734888,False,True,interface,0.049795193248938614
AGAGAAGGAGTACAAT-1,14017,17577,0.4046868633855745,-0.2513075877902674,-0.4681099035195788,False,False,interface,0.01468150603758666
AGAGATCTCTAAAGCG-1,10463,19379,-0.7975287375671044,-0.0747109640606134,0.3213481826632994,False,False,other,0.04359292162866749
AGAGCAGTTATGAGAC-1,8294,19259,0.220307543862574,1.4569329287526058,1.2952919014557078,False,True,immune_core,0.04272682197174136
AGAGCGCTTGTAACGG-1,6361,7016,-1.5842799472074067,-0.4407811468497151,-0.964155467941408,False,False,other,0.0025249694135118066
AGAGCGGGCTAATCAT-1,5747,14152,0.306698863664283,0.2402699656786087,0.4052741190378494,False,True,interface,0.01995716453393585
AGAGCGTACAAGCTCG-1,7312,18236,-0.3713423732538342,-0.0618340287308198,1.0983541342247185,False,False,other,0.016341233005021775
AGAGGCTTCGGAAACC-1,12661,9982,-0.0375821261851889,-0.3212366409240308,-0.3858260120200451,False,False,interface,0.00621262658522196
AGAGTAAACTTCACTA-1,12071,9413,-0.7301981186659956,-0.3212366409240308,-0.2050799636364822,False,False,other,0.0034090480708262824
AGAGTATAGTGTTACG-1,8134,7588,-1.2951238799107423,-0.3212366409240308,-0.7053868105703209,False,False,other,0.0016327931256193036
AGAGTTGCAGGCCTCC-1,4783,7238,-0.9279371318979404,-0.4407811468497151,-0.8756100492365813,False,False,other,0.002184452700582113
AGATAACTTCAGGGCC-1,8895,16428,0.7135400631688803,0.9146107915728074,0.1440695135747106,True,True,interface,0.20088287898723647
AGATACCAGCACTTCA-1,5767,8034,-0.3124262867030982,-0.4407811468497151,-0.7339074345821305,False,False,other,0.006876332759983513
AGATACCGGTGTTCAC-1,10470,17113,-0.048544733115651,0.4463072685887044,0.1205772977606404,False,True,immune_core,0.020366784800967996
AGATACGACTTCATAT-1,5540,17438,-0.2785579224997102,-0.2016921349983465,0.2509143195506204,False,False,other,0.01637947955883624
AGATACTCAAGATCGA-1,11668,12131,0.4998279852177188,-0.4407811468497151,-0.3386624646510953,False,False,other,0.015568779630210056
AGATCGTGCATAAGAT-1,6745,10416,-0.2496273571426196,-0.4407811468497151,-0.6995180957946795,False,False,other,0.0009523985177013219
AGATCTCAGGTGTGAT-1,8314,12914,-0.4285313105009135,-0.3212366409240308,-0.3375245377939308,False,False,other,0.011320907485326262
AGATGACTCGCCCACG-1,6730,15175,-0.3890007330738107,0.3153140516874896,0.9308446376725968,False,True,immune_core,0.008292152047853297
AGATGAGGGTTGCGAT-1,5365,10299,0.4195264739133598,-0.4407811468497151,-0.7316658088757233,False,False,other,0.03204535791856627
AGATGATGGAGTCTGG-1,9311,9405,-1.0236423543109228,-0.4407811468497151,-0.8316299702708043,False,False,other,0.002544153762722223
AGATGCAAGACGTGCA-1,14014,18711,0.2375564004507468,0.3257913456551328,0.5056636365677439,False,True,interface,0.033045604641580656
AGATGCATCCTGTGTC-1,12036,20744,-0.2282485017471462,-0.4407811468497151,-0.2666516686167268,False,False,other,0.005289251569038434
AGATTATAGGACGTTT-1,9687,15298,0.4669949283631608,-0.2420503064696391,-0.6764236281733923,False,False,interface,0.011478033573710947
AGATTCACAACCGATA-1,13024,19954,-0.2013141216780869,0.1270605052750567,-0.001170050092224,False,False,other,0.014756358754169481
AGCAAAGGCCGCTAGT-1,14425,13273,0.728267347813927,0.5982661530467177,1.2907528698697437,True,True,interface,0.06954043682003343
AGCAACATATCTTATT-1,10687,10882,-0.2730726662576518,-0.3212366409240308,0.1258768791778886,False,False,other,0.0011247896787653663
AGCAACCGAAAGTAAT-1,13618,19163,0.161617334380262,-0.1317630818645832,0.5382499855424323,False,False,interface,0.016011261653446983
AGCACCAGTACTCACG-1,7916,14046,-1.115113721303429,-0.0525767474101915,-0.5604071093920002,False,False,other,0.011635432804085001
AGCACTACCGGCCTGT-1,9281,19149,1.100743554882765,-0.3212366409240308,-0.2041619122591121,True,False,interface,0.12995372634135868
AGCACTACCTCACCAG-1,13048,12249,-1.0394873528401944,-0.2513075877902674,-0.7277421442694977,False,False,other,0.017164801042788464
AGCACTTAAGGACGCC-1,8694,17447,0.3741883383016027,-0.3212366409240308,-0.9123597183884308,False,False,other,0.01729175286301624
AGCAGCCAGATGAATA-1,13631,14857,-0.0643695973400143,0.8765375711042679,0.985508430174792,False,True,interface,0.005497247346987258
AGCATATCAATATGCT-1,12659,10661,0.1168658721751882,-0.3212366409240308,-0.8221565263916047,False,False,other,0.0006381146886509511
AGCATCATTTCGAAAG-1,13026,19274,-0.2657775250398219,-0.16320739995144,0.0473796746453821,False,False,other,0.018556101192529918
AGCATCGTCGATAATT-1,6926,15516,-0.1611010277215651,-0.0618539390231956,0.03783762042648,False,False,other,0.010666521436006595
AGCCACTCCCGTGCTT-1,7134,12230,0.3203100018039929,-0.4407811468497151,-0.5019348459827547,False,False,interface,0.12010635059441686
AGCCCATACATGTAAG-1,10860,18474,-0.2400517944687896,-0.1317630818645832,0.7766452918946255,False,False,other,0.004344254998213035
AGCCCGGTAGCCTGTA-1,14614,15880,0.8597288984213594,0.5412469450661788,0.7339502674252697,True,True,interface,0.005168861455170088
AGCCCTAAGCGAAGTT-1,5551,14038,0.1082890076005812,1.463059446524783,1.1130482459446709,False,True,immune_core,0.12754422002914828
AGCCCTGTCGCACCGT-1,10696,7709,-1.019848375699058,-0.4407811468497151,-0.7571825601232981,False,False,other,0.0027986463124991244
AGCCCTTCTAATCCGA-1,5958,9734,-1.0186682403443934,-0.1120285065763117,0.0515582316455741,False,False,other,0.009772878932007172
AGCCCTTGGACATCCC-1,13850,8172,0.2040328705908551,-0.2016921349983465,-0.6000360860809304,False,False,interface,0.002445119154742374
AGCCGCAAATTCAAAT-1,9866,21077,-0.209346717758913,2.967328026901152,1.3821591642679942,False,True,interface,0.19941345779668904
AGCCGTGGCTAAATGT-1,12436,18932,0.2646729395985233,-0.1942554699862977,0.9511136030711284,False,False,other,0.004182214610164149
AGCCTAATACCCACGT-1,12433,19839,-0.2333496622650705,-0.3212366409240308,-0.0057668392969304,False,False,other,0.017571909593173767
AGCCTTAAAGCGGAAG-1,6716,19707,-0.0638127825281492,0.2008044722865658,-0.3152250558307142,False,True,interface,0.06677205208776184
AGCGACAGGAACGGTC-1,12638,17233,0.6629583290605796,-0.4407811468497151,-0.3373471988950537,True,False,interface,0.06058306009467165
AGCGACATCCCATTCA-1,5943,14719,0.891474049331664,0.0636733419489547,-0.2318004504286219,True,False,tumor_core,0.003703772902361691
AGCGACCAACGATATT-1,7519,15178,-0.0720667926642278,-0.1120285065763117,0.721902483995825,False,False,other,0.017368962266710596
AGCGCATAATGAATCG-1,13828,15197,0.2790792550392195,1.4724106793622167,1.4383496047128883,False,True,immune_core,0.12328359051390814
AGCGCGGGTGCCAATG-1,7335,10985,-0.5448077592259334,-0.4407811468497151,-1.0412873108220793,False,False,other,0.003016167959885791
AGCGCTAGAGCGATGT-1,10500,7595,-1.020997277797463,-0.4407811468497151,-0.6109726770898528,False,False,other,0.002331739952536043
AGCGCTTATGGGCAAG-1,4182,10522,0.5750600766301049,0.1486836468237786,-0.6564792648061066,True,False,interface,0.005063475366403781
AGCGGACACTTCGTAG-1,14816,14407,0.8673159121607498,0.3120369801999225,0.9331697319793442,True,True,interface,0.05496812535152921
AGCGGCGGTTAGCGGT-1,12432,20065,0.4952270181436753,0.0959776290101926,-0.3075671109142188,False,False,interface,0.0068526207852170505
AGCGGGAAGGGTCCAT-1,5146,17210,0.0643125564898664,0.1998239659223854,0.1775208024025555,False,True,interface,0.030508261684577858
AGCGGTTGCCGCTCTG-1,6160,8262,-0.9537050415551122,-0.0747109640606134,-0.4655973262799538,False,False,other,0.0021517244275860376
AGCGTGGTATTCTACT-1,11467,13377,0.1606811969241857,0.0613972857157188,0.0246296083190422,False,False,other,0.0027039976282393565
AGCTAACAAGCAATGT-1,14608,17693,0.3884750642103042,-0.2016921349983465,0.7490548095257387,False,False,interface,0.01738720416647369
AGCTAGAAGCAGAAGT-1,6746,10190,-0.9681626187902358,-0.3212366409240308,-1.0393420120110248,False,False,other,0.0027716442917045878
AGCTATTTAATCCAAC-1,5751,13019,0.2266219185731128,-0.1942554699862977,0.6792670143674915,False,False,interface,0.16207168192473834
AGCTCCATATATGTTC-1,13847,9079,-0.1731481282026114,-0.2420503064696391,-0.0844522155589585,False,False,other,0.0027506294274437103
AGCTCCTTCGCACATC-1,12853,11682,-0.2469695058444985,-0.4407811468497151,-0.7905122915548759,False,False,other,0.005322135748630362
AGCTCGTTGATGGAAA-1,5769,7354,-0.9392092459768312,-0.4407811468497151,-1.16198044260795,False,False,other,0.005463687945586334
AGCTCTAGACGTTCCA-1,10089,12806,-0.6286133922685158,-0.0747109640606134,0.1204007281902596,False,False,other,0.002396839981585394
AGCTCTTCCCAGTGCA-1,6150,11434,-0.7505493357048689,-0.4407811468497151,0.6111156170665224,False,False,other,0.018206108335393826
AGCTCTTCGTAACCTT-1,10297,9294,-1.268678037965204,-0.3212366409240308,-0.7065688289208547,False,False,other,0.004877366129571765
AGCTCTTTACTCAGTT-1,10670,16321,0.1406857136994279,-0.3212366409240308,-0.1251471872542159,False,False,other,0.0029890574732887774
AGCTGAAGTAAACCAA-1,6543,11889,-0.5284683711875781,-0.00478191092685,0.6201799920778072,False,False,other,0.0018770017960388324
AGCTGTAACCTCAATC-1,13226,18255,0.2407310085042796,-0.3212366409240308,0.775287093517178,False,False,interface,0.059610138647828825
AGCTTGATCTTAACTT-1,10662,18813,-0.2478550578810576,-0.0747109640606134,-0.1510674811771956,False,False,interface,0.001643776881385909
AGGAAGCTGTCCGCCG-1,14620,14067,0.4109898026235016,0.7950662856471231,0.7231767604118919,False,True,interface,0.03797112038461268
AGGACAGTCGAATCCC-1,11078,11790,-0.2602470990661804,-0.4407811468497151,-0.6610812208769122,False,False,other,0.0013404289497100715
AGGACATCGCACGTCG-1,5738,17098,-0.0412597091328532,0.3300571792295582,0.6876658776362571,False,True,immune_core,0.01512264124280568
AGGACGACCCATTAGA-1,11064,16322,1.0110197366836309,-0.2420503064696391,-0.6970573221218752,True,False,interface,0.004647265575822817
AGGACGCTCGATGTTG-1,6154,10301,0.15737804488715,-0.3212366409240308,-0.5091790953537352,False,False,other,0.003818106834686202
AGGACTTATAGGAGAA-1,5134,21062,-0.1109361820424706,-0.1225058005439548,0.5281250800488854,False,False,interface,0.05491687307773874
AGGAGACATCCACAGT-1,7345,7585,-0.6381037035707186,-0.3212366409240308,-0.864196473412426,False,False,other,0.0014027038805613165
AGGAGAGTCTGGCTAC-1,7741,7133,-1.1193619525496368,-0.4407811468497151,-0.755213244346063,False,False,other,0.0011096726709799892
AGGAGGCCTTCGCGCG-1,12857,10322,-0.5305434458444425,-0.3212366409240308,-0.4186822626788907,False,False,interface,0.002723412372851763
AGGATAAAGTCGGGAT-1,13042,14062,0.6733498018476228,-0.3212366409240308,0.9436776651844502,True,False,interface,0.0063829847150183834
AGGATATAGGGATTTA-1,11673,10545,-0.571857742715407,-0.4407811468497151,-0.4533640122705927,False,False,other,0.003902286488309195
AGGATCACGCGATCTG-1,12039,19611,0.2337639864811915,0.3759659132082489,1.0030628232968042,False,True,interface,0.0026122322725822063
AGGATTGCTTACGACA-1,8527,7816,0.0058723175567545,-0.4407811468497151,-1.0048339685655825,False,False,other,0.00010409515115819417
AGGCACGTGACTGTCC-1,13849,8399,0.0791608468212396,-0.4407811468497151,-0.7011758690866786,False,False,interface,0.016866265472446868
AGGCAGATGCGTAAAC-1,7727,11666,0.030469640747481,0.6142038283430437,1.0784479682994366,False,True,interface,0.1432038747696705
AGGCAGGGAGCGTACT-1,14220,15878,-0.2485127789731953,0.6865088013266005,0.7256840423856963,False,True,interface,0.06842218377528388
AGGCATTGTCGTAGGG-1,12266,10207,0.0457763947916139,-0.4407811468497151,-0.4535398267015554,False,False,other,0.015823756898153917
AGGCCACATTGGTTAC-1,11684,7146,-1.2609508236697835,-0.4407811468497151,-1.031395076882302,False,False,other,0.010504610998143392
AGGCCACCCGTTATGA-1,8104,17106,-0.6767097546617984,-0.4407811468497151,0.3900437651672721,False,False,other,0.043483507598018056
AGGCCCATTGTACAGG-1,5547,15171,0.7098720125448995,-0.0525767474101915,-0.1631073956916116,True,False,interface,0.05263724729206981
AGGCCCTAGAACGCCA-1,11451,18589,0.6650685807863175,-0.16320739995144,0.9553721243982064,True,False,interface,0.005271744504039104
AGGCGGTTTGTCCCGC-1,14208,19504,0.5715696736893977,-0.4407811468497151,-0.6168413918654944,True,False,interface,0.0891907302077879
AGGCGTCTATGGACGG-1,5764,8714,-0.5383710208233473,0.0044753703937782,-0.3157097827590522,False,False,other,0.015342117658074852
AGGCTATGGTTAGCTT-1,7707,18011,-0.6167098339592659,-0.1317630818645832,0.7812528099443166,False,False,interface,0.18114590614290757
AGGCTTCCCGAAGAAG-1,12443,16666,0.7975361986385118,-0.3212366409240308,-0.7184635751942136,True,False,tumor_core,0.0004795186004830035
AGGCTTGCTAGACACC-1,7308,19369,0.508764661953405,0.3592299613111558,0.562689701627288,True,True,interface,0.055120869369986496
AGGGAAACGAGGTACT-1,5165,11318,-0.924044551870592,0.0959776290101926,-0.1242538395572063,False,False,other,0.007535404280611293
AGGGACCGGCTGCGTT-1,9707,8953,-0.9545150505079604,-0.4407811468497151,-0.8742486028399343,False,False,other,0.0006881242282143462
AGGGACTCTACGCGAC-1,13433,15423,0.6065563142324361,0.3759659132082489,1.7316336409125743,True,True,immune_core,0.012712581754741428
AGGGAGACATACTTCG-1,8328,8608,-1.0671824903820613,-0.3212366409240308,0.0631305429359628,False,False,other,0.005994269224085372
AGGGCAGCGGCGTGGT-1,4174,13014,-0.2346127545494725,-0.0525767474101915,0.6265543064827203,False,False,interface,0.11293958033273066
AGGGCGAGCAGCTGAT-1,11252,19155,0.3981407379981446,0.9734934635496044,1.077353348985716,False,True,interface,0.19635760412365943
AGGGCGTGATCGGCTA-1,5938,16306,-0.0662913794337404,0.7433572368769493,0.6409726606808624,False,True,immune_core,0.044255545575443665
AGGGCTGCAGTTACAG-1,9494,14051,0.4743986959937595,-0.2513075877902674,-0.6843159612613798,False,False,interface,0.01622937551887436
AGGGTCAGTAACCCTA-1,5568,8600,-0.5577583113781304,-0.4407811468497151,-0.9123597183884308,False,False,other,0.00194150754416411
AGGGTCGATGCGAACT-1,9899,10426,-0.6152258686302222,-0.4407811468497151,-0.6724947967010674,False,False,other,0.0010524553856284195
AGGGTGCTCTCGAGGG-1,9306,10991,-0.8772257697304617,-0.1225058005439548,-0.2778667943183593,False,False,other,0.006895735498481401
AGGGTGGATAGTGCAT-1,8292,20166,0.5481374586814588,0.7066046559863031,0.6726035081981051,True,True,interface,0.7203750000176048
AGGGTTCCCTTTGGTT-1,8516,11442,-0.4352157100229084,0.5307007376143016,-0.1331360505757367,False,True,interface,0.10234879512433638
AGGGTTTAGTTCGGGA-1,9099,14276,0.0130659675142811,-0.2016921349983465,0.1964816195276263,False,False,interface,0.04440510809183981
AGGTAACCTCCTATTC-1,5148,16757,-0.0746616981127532,0.5958035039811557,1.3445224310224528,False,True,other,0.03307186670787054
AGGTACGATATTGCCA-1,4963,12790,0.955941415073389,-0.4407811468497151,-1.0527008866462346,True,False,interface,0.04452633630830696
AGGTAGGTACAAAGCT-1,9482,17903,0.3803069324883291,0.1240198763194625,1.211454119960916,False,False,interface,0.019872382519081685
AGGTATAATTGATAGT-1,9509,9065,-1.0251673050046657,-0.4407811468497151,-1.0048339685655825,False,False,other,0.004131894803595654
AGGTATGCGGACATTA-1,10106,7367,-0.8572467342629623,-0.4407811468497151,-1.0734350239031232,False,False,other,0.0004944257020528165
AGGTCAGGTGAGAGTG-1,11646,19156,-0.2592325060170065,-0.2513075877902674,0.8531043607856409,False,False,other,0.042560091416786454
AGGTCGCGGAGTTACT-1,7733,9626,0.1755335966765986,-0.3212366409240308,-0.1414029998620569,False,False,other,0.010291488209371433
AGGTGTATCGCCATGA-1,9871,19491,0.2940210999559798,0.1165832113074136,1.009771113366818,False,False,interface,0.045657590030797564
AGGTTACACCATGCCG-1,11089,8390,-0.7521146121122342,1.0172512189411935,-0.1941545792742252,False,True,immune_core,0.2103251805835008
AGGTTGAGGCACGCTT-1,6934,13023,-0.1557395870990608,-0.1942554699862977,-0.1922920618336115,False,False,interface,0.043107465111154146
AGGTTTCACACACCTT-1,10677,13828,0.5940226327626899,-0.3212366409240308,-0.4978076903721269,True,False,tumor_core,0.004482331105687486
AGTAATGTCTTGCCGC-1,5746,14606,0.2379003378519374,0.1461540929698844,-0.7484723445340548,False,False,interface,0.06348100574677659
AGTACATCATTTATCA-1,8326,9062,-0.9959010584195408,-0.1225058005439548,-0.6690281560056349,False,False,other,0.0049406908475818296
AGTACCTTCGAGTGCT-1,4580,9163,-0.5969652689858922,-0.4407811468497151,-1.031395076882302,False,False,other,0.0010542382671487715
AGTACGGCCCGTATCG-1,9475,20169,0.5033353814411451,2.1944523902229514,0.6597233362034531,True,True,interface,0.2887591467927751
AGTACGGGCACCTGGC-1,7527,12458,-0.0835009889842171,-0.2016921349983465,0.695079367523853,False,False,other,0.028887852084321628
AGTACTCTTATGCCCA-1,13642,11458,0.3611866657462626,-0.0029612946182705,0.0440417592229125,False,False,other,0.012814476061676029
AGTAGGAAGGAAGTTG-1,5759,10300,-0.1332034728290913,0.0833182769119773,0.1919383928427117,False,False,interface,0.012445068638720802
AGTAGGTAACATACAT-1,5151,15623,0.8499482336279308,-0.4407811468497151,-0.1983365154106852,True,False,interface,0.10698053460181217
AGTATAATACTAGGCA-1,7511,17670,0.371352420523826,0.6258167693898294,0.9890388837088908,False,True,interface,0.15667709938028904
AGTATGCTGGAGACCA-1,14014,18484,0.0384645083731441,0.4959227213806253,0.7336035243046849,False,True,interface,0.20353809218178384
AGTATTTGGCACGACC-1,14024,15538,-0.1624818041358443,3.13263716732954,0.8255998302832159,False,True,interface,0.6156377343101177
AGTCAACACCACCATC-1,10670,16094,0.7071548308457448,-0.1225058005439548,-0.4898061532026693,True,False,tumor_core,0.001499639569646631
AGTCAAGATGACACTT-1,12066,11226,-0.0568924138094426,-0.4407811468497151,-1.16198044260795,False,False,other,0.0012118238520672916
AGTCACTAGCTCTCGA-1,13449,10211,-0.5342844356743137,-0.0525767474101915,-0.0179869638447205,False,False,other,0.008460965789960065
AGTCAGCCACCGCCTG-1,5735,18231,-0.4049282295207391,-0.2016921349983465,-0.5540088939490119,False,False,other,0.003443496652599772
AGTCCATTGGCTGATG-1,10886,10089,-0.7666036958044196,-0.2513075877902674,-0.2106512816183895,False,False,other,0.003560967788803463
AGTCCCGCCTTTAATT-1,5955,10867,-1.0951046177604762,0.2229587999479257,0.4978177355075562,False,True,immune_core,0.02789662253144816
AGTCCCTCGCAGAAAG-1,7346,7359,-0.469119033359974,-0.4407811468497151,-0.8622511746013714,False,False,other,0.00198226980499822
AGTCGACGGTCTCAAG-1,10094,11220,-0.893663157518759,0.3101990188123721,0.4292842522259629,False,True,immune_core,0.019254407026950443
AGTCGGCCCAAACGAC-1,7513,16991,1.0357547015845112,0.4681790057765537,0.8024946182355711,True,True,interface,0.1878505621367297
AGTCGGCTCAACTTTA-1,11845,18817,1.6402960847572,-0.2420503064696391,-0.2489791190891041,True,False,tumor_core,0.018715681523343315
AGTCGGTTGCGTGAGA-1,10496,8728,-0.8691229640198601,-0.4407811468497151,-0.8415170373444825,False,False,other,0.007692369200109787
AGTCGTCGACCACCAA-1,13840,11118,0.0625382173149478,-0.4407811468497151,-0.7316658088757233,False,False,other,0.01524359864340065
AGTCGTGGGCATTACG-1,12635,18140,0.1254235468954684,-0.4407811468497151,-0.2410310347872556,False,False,interface,0.014324567016948883
AGTCTAAAGTATACTC-1,8327,8835,-1.3128394069722862,-0.1942554699862977,-0.3599682744150279,False,False,other,0.005371314861697091
AGTCTCACAAGACTAC-1,13227,18028,0.7538180787311611,-0.16320739995144,0.1573964560495448,True,False,tumor_core,0.005126328921149304
AGTCTGGACATCCTTG-1,6126,19139,-0.1761445424414913,-0.3212366409240308,-0.150455380445998,False,False,interface,0.013545038322863726
AGTCTTCTCCTCAAAT-1,7325,13931,0.2289632514869363,-0.3212366409240308,0.7833325399982085,False,False,other,0.027331827464292625
AGTGAACAAACTTCTC-1,11281,9864,0.5251057526878451,-0.1317630818645832,1.10943785738307,True,False,tumor_core,0.008335805952956297
AGTGAAGATGGTGTCC-1,6753,7697,-0.749556737562342,-0.4407811468497151,-0.864196473412426,False,False,other,0.010195644448487149
AGTGACCTACTTTACG-1,11263,15529,0.5401590304476568,-0.0581472202099654,-0.964155467941408,True,False,interface,0.005808076377529471
AGTGAGACTTCCAGTA-1,9501,11558,-0.3934311339690436,-0.3212366409240308,-0.4978114488793612,False,False,other,0.007322420333020743
AGTGAGCCTCGCCGCC-1,8324,9741,-0.5894544218847877,-0.1120285065763117,0.5211575118641252,False,False,other,0.0016641016355133055
AGTGAGGGTTTCTGAC-1,4179,11428,0.3096620842683024,0.3735861821384743,-0.1488947711494521,False,True,interface,0.03503901827034068
AGTGATAACCTGCGCG-1,14234,11346,-0.6354390415840674,-0.4407811468497151,-0.0586354080304485,False,False,other,0.04005150169858799
AGTGATATGAGTAGTT-1,11460,15870,0.6729067576055767,-0.4407811468497151,-1.16198044260795,True,False,tumor_core,0.0067675231859445
AGTGATTCAAGCAGGA-1,9107,11557,0.2498743605609024,-0.2016921349983465,0.2400622250020795,False,False,interface,0.024619898332283896
AGTGCACGCTTAAGAA-1,12856,10549,0.5014712561884024,-0.4407811468497151,-0.6191613370731928,True,False,tumor_core,0.0010342664917826515
AGTGCGTAGCTCGTAA-1,11654,16664,0.7233810390862943,-0.4407811468497151,-0.956384347243648,True,False,tumor_core,0.006146876738114714
AGTGCTAAACACAGCA-1,14629,11121,0.2597082347531252,0.2322487903734226,0.2619475709368036,False,True,interface,0.01431591836977699
AGTGCTTGCACGAATA-1,10685,11335,0.0780174560841842,-0.0767692746117092,-0.9009461425642754,False,False,other,0.007887738327302019
AGTGGCGGCAATTTGA-1,7335,10758,-0.831613052943216,-0.4407811468497151,-1.16198044260795,False,False,other,0.0014114497561308356
AGTGGCTCCGTCGGCC-1,10461,20059,-0.5965193817519298,-0.4407811468497151,-0.9330938556453194,False,False,other,0.20419723307369742
AGTGGTGTTACCCGTG-1,11840,20403,-0.3571244736646252,-0.2420503064696391,-0.7349704896691236,False,False,other,0.0019051801975962233
AGTGGTTGCGTATAGG-1,9473,20623,0.5993711053634799,-0.3212366409240308,-0.7620070336002273,True,False,interface,0.10733920225404132
AGTGTATTGCGCATTG-1,5956,10640,0.0678739423029697,0.1939489294532258,0.4742733068240022,False,True,immune_core,0.025527016331759706
AGTGTGCTAAGATCGC-1,5334,20270,-0.2669324223001047,0.1517735297877821,1.066845554586801,False,True,immune_core,0.028410732140995237
AGTGTGGTCTATTGTG-1,6719,18801,0.201570016241258,0.1413483871291165,1.0123904189685562,False,False,other,0.008745885255418615
AGTTAAACACTTGCGA-1,10472,16433,0.3566641014938274,-0.16320739995144,0.4267494365016232,False,False,other,0.0013956280824529554
AGTTAAGCGGTCCCGG-1,5753,12339,-0.2925117363793327,1.8894843008957027,1.2548316637656962,False,True,immune_core,0.15334356875972247
AGTTAAGTCAACCGCT-1,12634,18593,0.0379136670839028,-0.2513075877902674,0.0935466603318685,False,False,other,0.002546273494519192
AGTTACCCTTAAGACT-1,7305,20502,0.1868862836259978,0.1270605052750567,0.2764516480485006,False,False,interface,0.0790335082672854
AGTTACCGCACATGGT-1,7701,19824,0.0935203759090378,2.265793261250774,1.3764568785535545,False,True,interface,0.1068118887818091
AGTTACTCTATCGTGG-1,5559,11319,-1.1350014228420702,-0.3212366409240308,0.6397342726362399,False,False,other,0.018192723044122273
AGTTCACCGGTTGGAC-1,6516,20500,0.9955345837498448,1.1546964964914852,0.6315454856529071,True,True,interface,0.02129081562241876
AGTTCCTACAGAATTA-1,8503,15747,-0.5409531809139891,-0.2513075877902674,0.2109606411795678,False,False,interface,0.10843662482505911
AGTTCCTATTTATGTT-1,11071,14056,-0.4764140450005291,-0.1225058005439548,1.104335935541922,False,False,interface,0.0688707602402587
AGTTCTGCGTTGTATC-1,5140,19249,-0.854994767932277,-0.4407811468497151,-0.1442553465592184,False,False,interface,0.021209994446443017
AGTTGCTGACTGATAT-1,5731,19364,-0.0861493097226513,-0.0062557111848086,0.2511702084424537,False,False,other,0.006679916667993936
AGTTTATGTAAAGACA-1,7542,7699,-0.5059989333519858,-0.4407811468497151,-0.459985629491979,False,False,other,0.0028758598471008766
AGTTTCGCAGGTCGGA-1,4958,14376,0.8879792043407649,0.1655452403219633,0.8115899427924372,True,True,interface,0.39731487920233705
AGTTTGCACCTGCCTC-1,14031,13045,0.332923707553213,-0.2513075877902674,-0.6690281560056349,False,False,other,0.007628300684328716
AGTTTGGCACGGGTTG-1,12070,9866,0.1802882037408937,-0.0062557111848086,0.7301289933956091,False,False,other,0.012694678635734218
AGTTTGGCCAGACCTA-1,11847,17911,0.7041678633801306,0.0044753703937782,-0.8622511746013714,True,False,interface,0.005431999704798671
ATAAACGGACCCGTAA-1,11858,14511,0.585983589062265,1.3916152361026393,1.925222382540026,True,True,interface,0.19280236667640893
ATAAACGTTGCACCAC-1,13846,9305,-0.2937272446384001,0.0355234404286359,0.4143404403233276,False,False,other,0.011372073517012906
ATAAAGGCTCGGTCGT-1,9291,15750,0.3439236867374718,-0.2513075877902674,-0.2952173703567807,False,False,interface,0.01845000251636678
ATAAATATTAGCAGCT-1,10072,18245,-0.1539904236075639,-0.0525767474101915,1.0044876168534504,False,False,other,0.03689653798819489
ATAACGCCGGAGGGTC-1,9499,12238,-0.0054836205251311,0.0774450524831358,0.2971620699256385,False,False,other,0.00416876617545442
ATAACGGAGTCCAACG-1,7526,12912,-0.1011309758558958,-0.2513075877902674,1.1455085739417543,False,False,other,0.008600552888229186
ATAACGTTACCTCCAC-1,4582,8483,0.1364672069023385,-0.4407811468497151,-0.8415170373444825,False,False,other,0.008428157636016433
ATAAGGTGGAGAACAT-1,12453,13267,0.6628102814981099,-0.4407811468497151,-0.7128769704298895,True,False,tumor_core,0.0015675280027870016
ATAAGTACCCGATTGT-1,4385,8596,-0.5325141837189762,-0.3212366409240308,-0.7261209478272096,False,False,other,5.3784796518459505e-05
ATAAGTAGGATTCAGA-1,7930,9740,0.5365501349917361,-0.4407811468497151,-0.4701160339702995,True,False,tumor_core,0.014343374772472025
ATAAGTAGGGCGACTC-1,9706,9179,-0.9364113460525852,-0.4407811468497151,-1.0734350239031232,False,False,other,0.0023651057804960677
ATAAGTTACCGCGACG-1,11658,15531,1.051297361048825,-0.4407811468497151,-0.0108176341364089,True,False,interface,0.02805976694636624
ATAATACCGTTAGCCG-1,5730,19591,-0.4780982872498263,-0.0747109640606134,0.1303267511605424,False,False,other,0.033373581755480206
ATAATAGCTGTTGAAT-1,11859,14285,0.5337042548811328,-0.4407811468497151,0.1242027253355651,True,False,interface,0.09442753311069134
ATAATAGTGTAGGGAC-1,6130,18006,-0.2765892179854136,-0.1317630818645832,1.0240137939953151,False,False,interface,0.014032964320065885
ATAATCTTGGAGAACC-1,14624,12707,0.7757047551259509,0.5944493427623964,0.401779630702788,True,True,interface,0.16919810938284693
ATACAGGCCCTCCAAT-1,13636,13271,0.5026802490386655,-0.0525767474101915,-0.5958262937704141,True,False,tumor_core,0.026923583780657772
ATACCACGGGCAACTT-1,9481,18130,1.3088108379945425,-0.2513075877902674,0.0458444064786183,True,False,tumor_core,0.010998421804373099
ATACCAGGCTAATAGA-1,4364,15168,0.6179077191116145,0.960519525551498,0.8993083516140832,True,True,interface,0.19998495266657187
ATACCGTCATCCATAA-1,5568,8373,0.1258796417475843,-0.4407811468497151,-1.021639274350146,False,False,other,0.003306874856602871
ATACCTAACCAAGAAA-1,14028,14178,0.6615974497875277,-0.3212366409240308,-0.5317436341837889,True,False,tumor_core,0.012387407658345992
ATACGAAGGCTTTCCA-1,9909,7480,-0.6116382761519885,-0.4407811468497151,-1.021639274350146,False,False,other,0.0005127010184859965
ATACGCCGGCGAAACC-1,10484,12581,0.4822333909439468,0.2564214072825646,-0.8335701022157599,False,True,other,0.019914935653580115
ATACGGAACGTCGTTT-1,13619,18936,1.169340605494429,-0.4407811468497151,0.3627331528329477,True,False,interface,0.0528933490886408
ATACGGGTTTCGATTG-1,6937,12117,0.3411515264169883,-0.2513075877902674,0.1904476364136388,False,False,other,0.0010357214192575428
ATACGGTGAAGATGCA-1,9080,20168,0.5006540586614621,4.11200984378425,0.5202517174480995,False,True,interface,1.9197874166407987
ATACGTACTTAGCCAC-1,13441,12703,-0.4728731527601112,-0.4407811468497151,-0.9527418921172526,False,False,other,0.002457652961793416
ATACGTCCACTCCTGT-1,11869,10886,-0.1522772011881234,-0.4407811468497151,-1.0734350239031232,False,False,other,0.004159971422227995
ATACTACCCGTACCAC-1,14240,9533,-0.7986050185723859,-0.4407811468497151,-0.9123597183884308,False,False,other,0.0024007575652007767
ATACTAGCATGACCCT-1,6732,14495,1.7110807148037523,0.5162786959195662,0.3993368247375978,True,True,interface,0.16556648753841724
ATACTGCCTTACACCG-1,14035,11912,0.3783883629958288,-0.2513075877902674,0.0062230998697774,False,False,interface,0.00383696271522428
ATACTTGTTCTCGAGC-1,8488,20280,-0.1337129313155259,-0.0821476290726622,0.3764353036647921,False,False,interface,0.606186084233163
ATAGACAACGGGACCT-1,8123,10987,-0.4568878152557415,-0.4407811468497151,-0.2898935570856197,False,False,other,0.01744428647486836
ATAGACGAAGAGAAAG-1,9092,16316,-0.3223241023065238,1.050148347743526,0.6503438820837336,False,True,interface,0.15775868725647915
ATAGAGTACTGGGACA-1,7713,15971,-0.7009102420170221,0.4144506482551554,0.3598775900720493,False,True,immune_core,0.06301580370567154
ATAGAGTTATCAACTT-1,7926,10873,-0.208711354956721,0.2669186115425835,0.5726186451609662,False,True,immune_core,0.008234446589804585
ATAGCCTCAGTACCCA-1,6124,19819,0.9462405408668638,-0.0747109640606134,-0.2679811078148665,True,False,interface,0.04027910627964753
ATAGCTGCTCTTGTTA-1,5728,20271,0.031451411402106,0.1623197372396593,1.0490596011774391,False,True,interface,0.010750060756733204
ATAGGCGGCTATAGAA-1,11060,17682,0.5691514782113716,-0.1317630818645832,-0.508611359839023,True,False,interface,0.11895769630746793
ATAGGCTAGCTTCGCA-1,7533,10419,-0.8619286969683574,-0.4407811468497151,-1.0412873108220793,False,False,other,0.01706149326877719
ATAGGGATATCCTTGA-1,6736,13362,0.0503635431157105,-0.2513075877902674,0.70178754605757,False,False,interface,0.04365327271228339
ATAGGTTGGGCAGATG-1,8113,14160,-0.4931605326885852,-0.1942554699862977,-0.2697751345694967,False,False,other,0.002522205226889535
ATAGTCTTTGACGTGC-1,3974,13807,0.2941402701222008,-0.1225058005439548,0.7945091908904666,False,False,interface,0.08263416343273886
ATAGTGAAGCGTTCTC-1,10674,14961,0.1273020000944676,0.0694973123693869,1.1263060927169897,False,False,interface,0.0808732404054769
ATAGTTCCACCCACTC-1,10098,9860,-0.5453621769917342,-0.0581472202099654,0.2496921859921832,False,False,other,0.005512612970427731
ATATAAAGCGCTCGTG-1,14029,13725,0.7702395417390011,-0.4407811468497151,0.0364635867538004,True,False,tumor_core,0.0286332974845446
ATATAAATGTAGCTGC-1,13243,13043,0.1363674851528342,-0.4407811468497151,-1.0527008866462346,False,False,other,0.006610128901265618
ATATACATGTATGGTA-1,12231,21311,-0.2099858339392943,-0.4407811468497151,0.0823151529048056,False,False,other,0.0006371555294674484
ATATCAACCTACAGAG-1,9902,9520,-0.3120000089444753,-0.4407811468497151,-1.0412873108220793,False,False,other,0.006339895905581147
ATATCAATTCCAGCCT-1,13613,20749,-0.1397688141700133,0.0448335418650708,0.517259060217368,False,False,interface,0.022467780911051255
ATATCGGTAGGGAGAT-1,10101,8954,-1.267261376946856,-0.4407811468497151,-0.950796593306198,False,False,other,0.0010963354333036566
ATATCGTTCCTCGAAC-1,14038,11006,-0.204886218544746,0.1132887947408756,0.0503587744358756,False,False,interface,0.023951148161041953
ATATCTCCCTCGTTAA-1,6347,11548,-1.1883066671629203,-0.3212366409240308,0.5935049302386961,False,False,other,0.010565782423936248
ATATCTTAGGGCCTTC-1,9492,14504,0.8100346953996767,-0.3212366409240308,-0.3580452076626317,True,False,interface,0.009444121555886106
ATATGTCTCCCTAGCC-1,9505,10425,-1.0964893372114664,-0.4407811468497151,-0.8548759119796924,False,False,other,0.007723547981839058
ATATGTGCACAAACCA-1,4387,7916,-0.4219673923172144,-0.1258002171104929,-0.6450656889819515,False,False,other,0.0017288862204426854
ATATTCAGTTAAACCT-1,11259,16889,0.3551851863707785,0.2062468397294485,-0.2640354284745892,False,True,other,0.0024578392687165207
ATATTCCACATAGTGA-1,12652,12701,-0.3949389335691282,-0.1225058005439548,-0.6811002411778707,False,False,other,0.003595490114900155
ATATTCCCACAGGTCA-1,4760,14716,1.7505583811310252,-0.0062557111848086,-0.225553045095748,True,False,interface,0.3040773749103381
ATATTGCTGTCAAAGT-1,6130,17779,0.6204820760022294,-0.3212366409240308,0.923853655846435,True,False,interface,0.032320214909130986
ATATTTAACCCTCAAG-1,8702,15181,-0.1371572607922507,-0.4407811468497151,-0.037273847052655,False,False,other,0.0008169208277549652
ATCAAACACTGTTCCA-1,11874,9299,-0.9145587718792588,0.0636733419489547,0.056674783772712,False,False,other,0.007827694462585001
ATCAAACGAAGGTTTG-1,12242,17685,0.9567084125625376,-0.2420503064696391,-0.6470072292857721,True,False,tumor_core,0.006782040050504639
ATCAATCTGGGCTGCA-1,9099,14050,0.068419523126417,0.3165340643345045,1.255863500518074,False,True,interface,0.031718799510316587
ATCAATGCCGTGGCTG-1,14603,19279,0.5273521421508246,0.5258744508473923,0.1427938686129149,True,True,interface,0.18522063901594849
ATCACATTAGAATATC-1,6542,12115,-0.4379127534425401,-0.00478191092685,0.6527453996912962,False,False,other,0.002487582722746374
ATCACGTGCTAATTAA-1,11652,17343,0.6812140917323767,-0.4407811468497151,-0.9123597183884308,True,False,tumor_core,0.0002910806148303
ATCACTTCATCCTCGC-1,6734,13815,0.5549326771297934,-0.1942554699862977,-0.0313756998030949,True,False,interface,0.040522831349908174
ATCAGACGGCACGCCG-1,11260,16662,0.4739037610716233,-0.3212366409240308,-0.7244663606850071,False,False,interface,0.00781440273781135
ATCAGCCTCATGCTGC-1,13839,11572,-0.1210610616436532,-0.4407811468497151,0.3021499960409901,False,False,interface,0.03590470149190363
ATCAGCTCGTCCACTA-1,12236,19725,-0.2241081387498077,-0.3212366409240308,0.0980615942226022,False,False,other,0.011899929569835778
ATCAGGTAGCTGACAG-1,9121,7024,-1.0609406053168589,-0.1120285065763117,-1.0734350239031232,False,False,other,0.010421120398621638
ATCAGGTCGCCATTGC-1,4181,10748,1.025298066990013,-0.1225058005439548,-0.5958251445972883,True,False,interface,0.0411315965530445
ATCAGTAGGCAGGGAT-1,7136,11551,-0.1230441943871278,-0.3212366409240308,-1.021639274350146,False,False,other,0.024536053099284586
ATCATCCAATATTTGT-1,10280,14733,0.7353243298419383,-0.4407811468497151,-0.1504402421292457,True,False,tumor_core,0.00394497980134679
ATCATGGACTACCGAC-1,11290,7145,-1.1491194121223676,-0.1942554699862977,-0.8337459166467227,False,False,other,0.001894411792612201
ATCCAACGCAGTCATA-1,7512,17217,0.7924136324458135,-0.2420503064696391,0.2784822206109005,True,False,interface,0.11684794660712923
ATCCAATGGAGGGTCC-1,11057,18361,-0.1280481800482086,0.093553550645775,1.4480777946844032,False,False,other,0.006708601143345785
ATCCAATGGTACCGAA-1,9670,20736,0.1218198843717421,0.1313263388494822,-0.0621461268539212,False,False,interface,0.1835980680201187
ATCCAGAGCAACAACC-1,12446,15533,0.5215506100933829,1.0067739249735503,-0.0156551362443761,True,True,interface,0.1737337485681575
ATCCAGGATTCGTGAA-1,10473,16207,0.5622669050173701,-0.3212366409240308,-0.0836663844850919,True,False,tumor_core,0.00048497893692984323
ATCCTACCTAAGCTCT-1,11262,15983,0.5030488818677435,-0.4407811468497151,-0.7935955172230952,True,False,tumor_core,0.0011291477146295424
ATCCTGAATCGCTGCG-1,10071,18472,0.0191503457366495,0.2471641259619362,0.8080867695707058,False,True,interface,0.009632468678716434
ATCCTGCGTGGAATGG-1,11459,16096,0.7890826331167864,-0.3212366409240308,-0.3048670304293469,True,False,tumor_core,0.0024663271789604467
ATCCTTCTGAAAGAAC-1,12078,7147,-0.9874303248099878,-0.0618539390231956,-0.0705887135063077,False,False,other,0.0034823288539220436
ATCGACCCAATACAGA-1,11070,14282,0.6700265861170441,0.0044753703937782,0.7980621394440581,True,False,interface,0.0056271947092627434
ATCGACTCTTTCCGTT-1,7126,14497,-0.4872138160631515,-0.4407811468497151,-0.6990026209329301,False,False,other,0.05641979826022634
ATCGCACGCCGGGAGA-1,7519,14951,0.3645889569052767,0.1276196200362519,1.2590737572536044,False,False,other,0.017118301845448724
ATCGCCAGTCAACATT-1,11479,9525,-0.586506640909234,-0.3212366409240308,0.6577615908242115,False,False,other,0.018267727591237733
ATCGCTGCGTGCAGCA-1,7144,8831,-1.0964893372114664,-0.2420503064696391,-0.8990008437532209,False,False,other,0.019032660340910095
ATCGCTTTACGTCTCA-1,9515,7252,-0.5848633689953769,-0.4407811468497151,-1.0527008866462346,False,False,other,0.0011752601554440277
ATCGGAGACAGACGGC-1,12849,12815,-0.0162581008958516,0.1240198763194625,-0.7529716186396558,False,False,other,0.013227758437975018
ATCGGCAAGCAGTCCA-1,6547,10529,0.2015726038035725,-0.4407811468497151,-1.0734350239031232,False,False,other,0.006666548671029097
ATCGGTTACCTAGTAA-1,9276,20509,0.3679218707022599,0.1969895584088201,1.2839433037071202,False,True,interface,0.48195905482923207
ATCGTATTCCGAGAAC-1,8289,21072,1.2634302292942434,0.1270605052750567,-0.3804280681935839,True,False,interface,0.14010350597100038
ATCGTTAGCTAGCGGA-1,14040,10326,-0.3384040771933722,-0.2016921349983465,0.5172121427811838,False,False,interface,0.039341074346214026
ATCGTTCACTTTCGCC-1,4575,10749,-0.9560996344030664,0.4527377103628593,0.2442734742472161,False,True,other,0.05433362015651633
ATCTAATATCCTACGG-1,13437,13836,0.5585614232601737,0.0959776290101926,-0.0120340321408286,True,False,tumor_core,0.0074430030134625584
ATCTCCCACGGAATAT-1,14438,9194,-0.9293537929162882,-0.4407811468497151,-1.16198044260795,False,False,other,0.0009608507826284165
ATCTCCCTGCAATCTA-1,5750,13246,1.4876783183098112,-0.2016921349983465,-0.102840208506117,True,False,interface,0.0725159546786016
ATCTCGTGAGCGAAAC-1,12075,8280,-1.1467903746692982,-0.4407811468497151,-0.3302915704480124,False,False,other,0.012071889821090169
ATCTGATAGTGTCTTA-1,5729,20044,0.4898450630593497,0.7760827894233866,1.501860509754581,False,True,interface,0.10652578758120106
ATCTGCACCTCTGCGA-1,8324,9968,-0.8464312594502083,-0.0235668769154916,0.3051042357914513,False,False,other,0.01841704343257166
ATCTGGGCTGTTCTTG-1,14621,13614,-0.2034461894991798,0.5784034724015551,0.5727410367591529,False,True,interface,0.027410202607628747
ATCTGGTTAAGACTGT-1,7723,12799,-0.5522383523117805,0.326350460416328,0.9016741301309852,False,True,immune_core,0.011854787028159917
ATCTGTAATTGTACCC-1,5548,14945,0.0829814691676423,-0.3212366409240308,0.6645519968469723,False,False,interface,0.11141571345287561
ATCTTGACCTGCAACG-1,7712,16425,-0.92906462925483,0.1127042844477383,0.3872749192752446,False,False,other,0.07611119201197013
ATCTTGACTTGTCCAA-1,8523,9175,-1.063741985786197,0.0044753703937782,-0.4652397788716403,False,False,other,0.00758665364029439
ATCTTTCGTATAACCA-1,7739,7813,-0.5603747162331538,0.320779987616554,-0.5706196871933102,False,True,immune_core,0.03223357734297085
ATGAAGCCAAGGAGCC-1,6924,16196,-0.0506332924964736,0.9735775237880204,1.7521217248563603,False,True,interface,0.011057082690986231
ATGAAGTGGACCCAGC-1,8486,20959,0.5548840840602086,0.8631600967009352,0.4340974198748322,True,True,interface,0.08493059506578271
ATGACGCCGGCTCTAA-1,5745,14832,1.2159536829334885,-0.2513075877902674,-0.4174087608080931,True,False,interface,0.05973561081814716
ATGACGCGTTCTATCC-1,12833,18027,1.2709894024367998,0.2790103003767771,0.3227333343491204,True,True,tumor_core,0.03979057780041605
ATGACTATGCGACATT-1,12065,11453,-0.4470345341378814,-0.3212366409240308,-1.0734350239031232,False,False,other,0.0004244362849710117
ATGAGGAGTGTTAATC-1,7512,17444,0.8468578969439243,-0.3212366409240308,0.5953082194566551,True,False,interface,0.1631277580346395
ATGAGGGCAGCGGCTA-1,10893,7823,-1.19328078112945,-0.4407811468497151,-0.932007754860364,False,False,other,0.009387305155451503
ATGATCGGGAATAGAC-1,5744,15285,1.0673940013599916,0.8592557049485025,-0.0142352442480438,True,True,interface,0.028519270553741052
ATGATGCAATGGTACA-1,11263,15756,0.8648923072099243,-0.0767692746117092,-0.9428496581774752,True,False,tumor_core,0.002744349250672439
ATGCACCTTCCTTAAT-1,6515,20727,1.8737131083720031,0.3715278715873784,-0.1785861463136025,True,True,interface,0.2673420771729184
ATGCACGCGCTGTTCA-1,14206,20184,1.1233090228966731,-0.4407811468497151,0.4371482666253482,True,False,tumor_core,0.0037017989600661885
ATGCACTACCGCATTG-1,7909,16312,-0.5430614860391074,-0.2513075877902674,0.475134542452195,False,False,other,0.018303295270550038
ATGCATGATCCAGGAT-1,7522,14045,-0.0825308243718496,-0.4407811468497151,-0.1570875721532345,False,False,other,0.013648335715903381
ATGCCAATCGCTCTGC-1,5565,9506,-0.1632506796002246,-0.4407811468497151,-0.0637976506109225,False,False,other,0.004841874044256192
ATGCCATTTGCGACCA-1,11080,11110,0.512526473223802,-0.4407811468497151,-1.0527008866462346,True,False,tumor_core,0.00021204999663747344
ATGCCGGTCTTGCATA-1,8709,12915,-0.3036080552254789,-0.3212366409240308,-0.6638137649441033,False,False,other,0.011787126007304236
ATGCCGGTTGATGGGA-1,6346,12001,-0.4738172486275166,0.1623197372396593,0.3813341357606498,False,True,immune_core,0.005998450845953078
ATGCGACAATTGGTCC-1,5172,9052,-0.3226261653893419,-0.0581472202099654,-0.9848896051982966,False,False,other,0.0025117616415721907
ATGCGACAGTCCCATT-1,9496,13371,-0.9481502948969192,0.1772350728281728,0.7005045313260609,False,True,immune_core,0.08678644835374329
ATGCGAGTCCCACCAC-1,12071,9640,-0.9493304302515836,-0.2513075877902674,0.1180052939840217,False,False,other,0.003346077438111612
ATGCTCAGTGTTGCAT-1,6721,18121,0.523275280138954,-0.3212366409240308,0.0641116168168349,True,False,interface,0.028219771498321538
ATGCTCTGGCGCGGTA-1,14426,12820,1.0956040736657775,-0.4407811468497151,-0.622386252914008,True,False,interface,0.1628257282702815
ATGCTTAGGAGTTGAT-1,13651,8738,0.0573855196000059,-0.1225058005439548,-0.8041224696195881,False,False,other,0.007432721319824204
ATGGAAATTTAAGGAG-1,13022,20634,-0.409681786871343,-0.3212366409240308,0.0210801711512888,False,False,other,0.0022190284490522937
ATGGAACCTTTGCACA-1,10105,7821,-0.9446094863607608,-0.4407811468497151,-1.0393420120110248,False,False,other,0.002099354410768309
ATGGAGCAGGCCGTGA-1,9691,13938,0.6305486050417664,-0.0500471935562973,0.7302460497647717,True,False,interface,0.02240816540381178
ATGGATCCGGCGTCCG-1,6344,12455,0.1809897034686818,-0.2016921349983465,1.038109501844729,False,False,other,0.04034188340760586
ATGGATTGACCAAACG-1,7915,14499,-0.3824752179317662,-0.3212366409240308,-0.1613958128104793,False,False,other,0.004747949692232449
ATGGCAGCCGAGAAAC-1,9080,20395,-0.3098925755960744,3.2446450674704757,1.0375990042118235,False,True,interface,1.105551950967661
ATGGCGGAATAGTCGC-1,9317,7365,-0.3116431021484123,-0.2420503064696391,-0.918648880225154,False,False,other,0.008286918551434062
ATGGCTGGAAATGGCC-1,4378,10862,0.6837952812856246,-0.0029612946182705,-0.4677462144263641,True,False,interface,0.006793910385486682
ATGGGACCTGCTGAAC-1,14608,17919,0.0008863409160789,-0.2420503064696391,-0.0894795908651068,False,False,interface,0.021007212560478883
ATGGGCCTCGGCCTCT-1,11474,11111,0.1714778537884167,-0.4407811468497151,-1.0734350239031232,False,False,other,0.0009673356828032282
ATGGTCGCGTGGTTTC-1,11472,11791,-0.5749269850246616,-0.4407811468497151,-1.021639274350146,False,False,other,0.0012466465198882407
ATGTAAGGCTGCTCTT-1,8919,8723,-0.4688298696985158,-0.4407811468497151,-0.964155467941408,False,False,other,0.0023588597918034163
ATGTCATTTCCCATTG-1,6120,20952,1.582533421789062,1.8524989005879564,0.0045560868474984,True,True,interface,0.2862648674244377
ATGTGAAAGCCTAATG-1,11647,18930,0.4425506178729507,-0.16320739995144,1.1243586374730614,False,False,interface,0.01981532982362616
ATGTGCATCCGACGCA-1,7125,14950,-0.799857775020174,-0.16320739995144,0.929758131656094,False,False,other,0.010726146502111856
ATGTGGACATCTTGAT-1,11862,13378,0.5566347166897959,0.1127042844477383,-0.4885759713475447,True,False,interface,0.005640104731218746
ATGTTACGAGCAATAC-1,5538,18117,-0.1125848013606037,0.1655452403219633,0.8232833040387552,False,True,immune_core,0.005277409918365472
ATGTTCCTGCCCACCT-1,5728,20498,0.986510170673468,0.1127042844477383,1.2940595392852674,True,False,interface,0.10076485400471218
ATGTTCGTCGACCCAC-1,9278,19829,0.5223004296853774,0.5728761372797454,0.263774525917841,True,True,interface,0.12491583215735007
ATGTTTCGGCCCGGAG-1,9121,7251,-1.0291488208286683,-0.4407811468497151,-1.16198044260795,False,False,other,0.0008167087047628796
ATTAAACATGCGGACC-1,11069,14736,1.1219658454980823,-0.4407811468497151,-0.5052328999274495,True,False,interface,0.010150677352828331
ATTAACACCTGAGATA-1,6317,21293,0.0707212861900164,0.1127042844477383,-0.3458710642899598,False,False,interface,1.1755655829856668
ATTAATACTACGCGGG-1,6931,13929,1.136193864951603,-0.4407811468497151,-0.3422317953133614,True,False,tumor_core,0.034212445409844076
ATTAATGAACCAGTCG-1,7133,12457,-0.114527973069776,-0.3212366409240308,0.1358576387233268,False,False,other,0.028141629934517815
ATTAATTCGGTCACTC-1,5354,13924,0.0261212978787535,0.5887308478314407,1.7040865033969517,False,True,interface,0.0386118612436575
ATTACAACTACCGGCC-1,4770,11543,-0.7328870368062324,-0.2016921349983465,1.0139432704696094,False,False,other,0.007989065218800684
ATTACATGTCAGTCTT-1,12466,9188,-1.2092650667609617,-0.4407811468497151,-1.021639274350146,False,False,other,0.003953593685697471
ATTACCACACTGCCTG-1,12075,8054,-0.7499099370476848,0.1697564022517081,0.0625878994256161,False,True,immune_core,0.011544574246828082
ATTACGACTCCACAGT-1,6359,7696,-1.2736521519317332,0.0355234404286359,-0.4549025029719698,False,False,other,0.006903136328627192
ATTACGCGCTGGCAGG-1,10467,18020,-1.1455300176068286,-0.2016921349983465,-0.4787763752233062,False,False,other,0.04012445302997641
ATTACTAGCCTCTTGC-1,6135,16420,-0.7508632529743274,0.9073043290427876,1.1404126245084398,False,True,interface,0.3062602858245976
ATTACTTACTGGGCAT-1,6943,10077,-0.8335291266909634,-0.4407811468497151,-0.4037677846791668,False,False,other,0.00382641897934387
ATTAGATTCCTCAGCA-1,7536,9512,-0.5848983469038662,-0.4407811468497151,-0.9167035814140992,False,False,other,0.0027206114107767056
ATTAGATTGATAGCGG-1,6334,15854,-0.7309130604068903,0.0355234404286359,1.1707200261335464,False,False,other,0.04098944475329745
ATTAGGCGATGCTTTC-1,9890,13372,-0.1122442509202381,-0.1225058005439548,1.1544334459855652,False,False,other,0.005473995970410606
ATTATACTTTGCTCGT-1,6147,12567,-0.7725059598648574,0.7584961650114598,0.7198720743806218,False,True,immune_core,0.01730380091295218
ATTATAGCTACTTTAC-1,9117,8384,-1.0861170464025862,-0.3212366409240308,-1.0412873108220793,False,False,other,0.002874304739428461
ATTATGCCATAGGGAG-1,6729,15402,-0.8772257697304617,0.3952603897359232,1.016655310304115,False,True,immune_core,0.015723228827048023
ATTATTATGTCCGTCA-1,14215,17238,0.278178094028873,0.7548931210347684,0.4399027761669432,False,True,interface,0.08447004103482723
ATTCAACCATTTAAGG-1,14041,10099,-0.754079964254888,-0.2513075877902674,-0.4822430159187387,False,False,other,0.013372079750733873
ATTCACTGATGTTGGA-1,13635,13724,0.6547794866984089,0.0075159993493725,0.1217798531867336,True,False,tumor_core,0.002758873159427191
ATTCAGGACCTATTTC-1,6548,10302,-0.4576027569966361,-0.4407811468497151,-1.0734350239031232,False,False,other,0.0003724531964092802
ATTCAGTAGCAGGGTC-1,7902,18578,1.129297197871786,1.021173283478833,0.9578330316226684,True,True,interface,0.3425232061121028
ATTCATATACTGTCCA-1,11661,14624,0.234871734568582,-0.3212366409240308,-0.5525295975128868,False,False,interface,0.019456008317334305
ATTCATCGTTGAGGCA-1,14628,11347,-0.3529544464574222,-0.3212366409240308,-0.1304958787619601,False,False,other,0.008579379597659411
ATTCCCACATAAACAA-1,7705,18691,0.2126086333132281,2.174869889049807,1.535972448428102,False,True,interface,0.33569612205334715
ATTCCTAAGACGTGGA-1,5566,9280,0.0828375328579757,-0.3212366409240308,-0.9087566462853768,False,False,other,0.004277319275549209
ATTCCTCCGCCAGTGC-1,7119,16989,1.0266478083591637,-0.0747109640606134,-0.0741034197801804,True,False,interface,0.03912547323971046
ATTCGACGCCGGGCCT-1,9677,18470,1.4377941497170024,0.2435643822451468,-0.3029835003218997,True,True,interface,0.033751872890980326
ATTCGCAGAGGACACT-1,5375,7126,-1.4597472073980409,-0.4407811468497151,-0.9002310256083452,False,False,other,0.001996070968574272
ATTCGTGCTATCTCTT-1,10890,8956,1.4516618032574782,0.6754469970658202,-0.8990008437532209,True,True,immune_core,0.05341342937046275
ATTCTCGTCTCTTTAG-1,4757,15622,0.3141319188070867,1.5232622381695795,0.7343482459605555,False,True,interface,0.5425202809654714
ATTCTTCGTACTTATG-1,4375,11542,-0.165884203821062,0.0774450524831358,0.9685129861147516,False,False,interface,0.056522123934180414
ATTGAAGATCTTAGTG-1,8699,15861,-0.5131232096825921,-0.1317630818645832,1.8370927474370708,False,False,other,0.013628895180313702
ATTGACCGGCGATGAC-1,6554,8489,-1.1115243267878896,-0.3212366409240308,-0.4012607344978426,False,False,other,0.001780313673016798
ATTGACGTAACTCGGT-1,4173,13241,0.9832659299949296,0.076225039836121,0.3063312519402626,True,False,interface,0.05552799772203867
ATTGATAGCAACGAGA-1,4944,18909,0.0244961604645509,-0.1225058005439548,-0.244538443456967,False,False,other,0.00336964204889886
ATTGATCACCACATTT-1,12825,20520,0.6910574786390803,-0.3212366409240308,-0.3258846362566632,True,False,interface,0.00545366137451694
ATTGATGAGTCCTAAC-1,9111,10197,-0.1958584594338182,-0.2513075877902674,-0.71798240474501,False,False,other,0.009142756491165001
ATTGCGATCAGTAACT-1,12660,10208,-0.6751907261615772,-0.3212366409240308,-0.142136741049437,False,False,interface,0.011521739677783702
ATTGCTGCTCCTCCAT-1,9486,16543,-0.1912555433942606,0.1655452403219633,0.8342719044098162,False,True,interface,0.033650964779526664
ATTGGATTACAGCGTA-1,13253,9870,-0.5326334203417716,-0.3212366409240308,0.1389362133303191,False,False,other,0.015841651253881876
ATTGGGAATATCTTGG-1,4955,15510,1.2782511322046564,0.0636733419489547,0.9370610995453572,True,False,interface,0.25417052878157764
ATTGGTAGGATCCGCT-1,7500,21070,0.0466315991853862,-0.3212366409240308,1.1074330579588914,False,False,interface,0.18803761019756174
ATTGTACAACTCGGCT-1,9507,9745,-0.9874303248099878,-0.2420503064696391,-1.0412873108220793,False,False,other,0.0027231473474769036
ATTGTCGCAATACCTT-1,5558,11772,-1.0486232550976662,-0.0821476290726622,1.0851413493677704,False,False,other,0.002973249801224818
ATTGTGACTTCGCTGC-1,4778,9050,-0.8764667949652246,-0.4407811468497151,-0.8821409359279218,False,False,other,0.0002649625167063115
ATTGTTCAACGATCCG-1,13063,7490,-0.6138001638145327,-0.4407811468497151,-0.7242905462540445,False,False,other,0.005107793856944601
ATTTAACTCGTATTAC-1,5349,15511,0.5898652639748855,-0.2420503064696391,-0.676599442604355,True,False,interface,0.03198626150647254
ATTTACAGTTTACTGG-1,8498,17107,0.3576136205985184,-0.2513075877902674,-0.6499295752755174,False,False,other,0.010957574856751614
ATTTACTAAGTCCATT-1,8721,8836,-0.7268726336073721,-0.0500471935562973,-0.8146663665320363,False,False,other,0.009530420750923864
ATTTCATTATTTCGCG-1,5358,12565,0.5320400259882353,0.1240198763194625,-0.2655709574854801,True,False,interface,0.011388292041993356
ATTTCCGGGTTCTGCG-1,13426,17462,0.8159742857199946,-0.4407811468497151,-0.7783077119673502,True,False,tumor_core,0.02123891298039494
ATTTGCGCGAGTAGCT-1,13030,17914,-0.0935818428896237,-0.0525767474101915,-0.541787769337904,False,False,interface,0.027185738733677665
ATTTGGAGATTGCGGT-1,14005,21430,-0.8613480642766939,-0.4407811468497151,-0.7077067557780194,False,False,interface,0.051015358383310415
ATTTGTCTTGGGAGCT-1,10486,11901,-0.1457167651710599,-0.4407811468497151,-1.0412873108220793,False,False,other,0.020977036878171335
ATTTGTTCCAGGGCTC-1,6341,13361,-0.1547969908323483,0.1655452403219633,0.7305436373797944,False,True,interface,0.021279791210493434
CAAACCAGGTCTGCAT-1,9668,21416,-0.0634475656781625,0.8212204589303179,1.5589442541320693,False,True,interface,0.14288754434333154
CAAACGAGTATCGCAG-1,11853,16098,0.2491820000152201,-0.0747109640606134,0.707807098787856,False,False,other,0.0034217417766213426
CAAACGGTCGCACTTT-1,8499,16880,-0.2973481562588477,-0.3212366409240308,-0.1126298097002549,False,False,other,0.015939025017436582
CAAACTACGATAGAGA-1,4966,11884,-0.6286133922685158,0.1413483871291165,0.5023958455764065,False,False,other,0.009773572181184681
CAAACTATTGAGCTTC-1,4766,12903,0.7505844620767191,0.1127042844477383,-0.499595921102745,True,False,interface,0.009279150797154837
CAAACTCGCGACGCCG-1,11482,8845,-0.8935288484695281,0.2820491172920533,-0.3940612863071266,False,True,immune_core,0.00546120881121687
CAAAGATTATTGGGCC-1,13622,18029,1.08740159878967,-0.4407811468497151,-0.3288729206781515,True,False,interface,0.03361686379682468
CAAAGGTCATCTGAAA-1,11683,7372,-0.4447807940270712,-0.3212366409240308,-0.4582176695798013,False,False,other,0.012151827230863802
CAAATCTCTCACAAGG-1,11254,18702,0.5041957988480131,-0.2513075877902674,0.3590783072886124,True,False,interface,0.09547554920227579
CAAATGTCCTTCCGTG-1,11461,15417,0.1933318810458214,0.1998239659223854,-0.0843856826774858,False,True,other,0.007389519704528546
CAAATTGGATTATGCC-1,6949,8264,-0.7379954598219928,0.0355234404286359,-0.2519051114466415,False,False,other,0.0014261174358837345
CAAATTGTCAGCAAGC-1,5157,13811,0.5687074170359333,0.359814471604293,1.2295898628755455,True,True,immune_core,0.03624899367902382
CAACACATCTCCTGCC-1,8922,7817,2.2363925478548407e-05,-0.4407811468497151,-1.16198044260795,False,False,other,0.00010238476415101178
CAACCTACCGAGCAGT-1,14633,9761,-0.2211804109321433,-0.4407811468497151,-0.864196473412426,False,False,other,0.032840566536397026
CAACCTGAACCTGCCA-1,7543,7473,-0.7733165176297214,-0.0581472202099654,-0.6632884499107273,False,False,other,0.0022023625081444864
CAACGACCCGTTTACA-1,6531,15741,-0.3209365608612692,-0.16320739995144,0.6793155601183595,False,False,other,0.052528361317395605
CAACGGTTCTTGATAC-1,6132,17100,1.0322324542164305,-0.1225058005439548,-0.4444510395740166,True,False,interface,0.054223631551755115
CAACGTGGTGGAGTCT-1,13454,8624,0.164393388380454,-0.4407811468497151,-0.30595108133803,False,False,other,0.009829117163552163
CAACTATATCGAATGC-1,5556,12452,-0.2362585883447068,0.0833182769119773,1.2800141554076951,False,False,interface,0.01967631014099147
CAACTCCGTAACTTGC-1,5175,7919,-0.8230246788681717,-0.4407811468497151,-1.16198044260795,False,False,other,0.0009812548443657704
CAACTCCTTGATCCCG-1,6135,16193,-0.3843877175670828,0.0448335418650708,0.5630232581558893,False,False,other,0.07107225537359722
CAACTGAGGGTATGAC-1,4584,7803,-0.8736973560632445,-0.4407811468497151,-1.021639274350146,False,False,other,0.0004391130560780017
CAACTGCTCATCCGAT-1,14222,15199,0.3041753824093756,-0.2016921349983465,1.2341844689002823,False,False,interface,0.2109533746879504
CAACTTGTAGTGGGCA-1,4359,16754,1.0970169620759924,0.0833182769119773,1.1424042156668806,True,False,interface,0.014467978696934428
CAAGACTCAGAAGCGC-1,8530,7136,-0.6855861369155878,-0.4407811468497151,-0.6995180957946795,False,False,other,0.0024920269836600827
CAAGAGGGCGGAGTAC-1,11666,13038,0.2766938858446152,-0.2420503064696391,-1.0734350239031232,False,False,other,0.00025143418045654015
CAAGATATTATAACGT-1,11474,11338,-0.1223034675056435,-0.4407811468497151,-0.8469099971786587,False,False,other,0.0003803846852697846
CAAGCAACGTCGGAGT-1,8893,17108,1.0131496532039752,-0.4407811468497151,-0.3495195869856005,True,False,interface,0.021035058856415604
CAAGCACCAAATGCCT-1,6142,13927,1.0674161831023152,-0.0436628940257557,1.383361968563025,True,False,interface,0.117598718999689
CAAGCGGCACATAATT-1,13242,13269,0.2239497746469138,-0.2513075877902674,-1.0734350239031232,False,False,other,0.0013686698545270555
CAAGGATCGCATGTTC-1,10481,13714,-0.4444978597395023,-0.4407811468497151,0.2291665584160359,False,False,interface,0.03391813761987889
CAAGGTCCTATAGGCT-1,9312,8951,-1.3365991870396654,-0.4407811468497151,-0.988776444313172,False,False,other,0.00557152612202575
CAAGTGTGGTTGCAAA-1,10490,10768,-0.8677789240946356,-0.3212366409240308,-0.1031200252225604,False,False,other,0.0038685561456097794
CAATAAACCTTGGCCC-1,7722,13025,-0.5989813385820428,-0.3212366409240308,0.229795031648201,False,False,other,0.023115607288633752
CAATACGAGAGTCTGA-1,11288,7824,-0.832614170242785,0.165679278377978,-0.4485237452711493,False,True,immune_core,0.010338583485954308
CAATACGCTCTGAGGC-1,10460,20286,0.4893528746445211,0.7968869019557026,0.041153888404229,False,True,interface,0.13527393445355224
CAATATTCTTGACCTA-1,13231,16895,0.8933008111856137,1.0252607861251568,1.1998928439379264,True,True,interface,0.2644673266626682
CAATCCCTATACCAGC-1,4967,11430,-0.7496050177027894,-0.2016921349983465,0.7940994932614764,False,False,other,0.008500326778705727
CAATCCTGCCGTGGAG-1,5339,18683,-0.3372561171075987,-0.4407811468497151,-0.4121884292550829,False,False,other,0.0020958487130834573
CAATGAGGTTCGACTA-1,8330,7928,-0.3915317631796329,-0.4407811468497151,-0.9676031289645292,False,False,other,0.0005968257694993764
CAATGCGAGAAGTATC-1,13246,12136,-0.5493117972726953,-0.00478191092685,-0.1361382347401451,False,False,interface,0.02057983942942671
CAATGGAATCTACATA-1,4377,11089,-0.1888398971291151,-0.3212366409240308,-0.5193648521036932,False,False,interface,0.11267751276982825
CAATGGATCTCTACCA-1,8121,11667,-0.7238073436811181,-0.4407811468497151,-0.0817767554599591,False,False,other,0.11254044132554375
CAATGTGCCAACCCTT-1,9906,8387,-0.1225255927163706,-0.4407811468497151,-0.8415170373444825,False,False,other,0.001548225975342226
CAATTAAGGGTGATGA-1,8311,14047,-0.2836726946295496,-0.4407811468497151,0.2551114849666825,False,False,other,0.017918144479505398
CAATTGGGCCGCACTC-1,13612,20975,0.3530177160306266,0.1165832113074136,0.4241141243776966,False,False,interface,0.010695989179004245
CAATTTCGTATAAGGG-1,9887,14279,0.1917076974649914,-0.2513075877902674,0.1581184556710842,False,False,interface,0.006460103515596789
CACAAGAAAGATATTA-1,5370,8712,0.2439167678957216,-0.4407811468497151,-0.9428496581774752,False,False,other,0.0014046074624072685
CACAATGAGCTGCTAT-1,10868,15755,1.0348774715880704,-0.4407811468497151,-0.697157765430281,True,False,tumor_core,0.00587096341945957
CACACACGCTAACGAG-1,13450,9757,-0.0279150373643338,0.1517735297877821,0.2815264533138779,False,True,immune_core,0.00768502244707048
CACACAGCTTGCGCTC-1,11877,8393,-1.214663243603313,-0.2513075877902674,-0.3347908445536138,False,False,other,0.0031768968564168678
CACACAGGGATAGATT-1,7509,18350,-0.3295259946319757,0.5305030646750991,1.0052599790183203,False,True,interface,0.047929237502107695
CACACGCGCTGTCTTA-1,9108,11330,0.0915960794011575,0.1405836201701105,-0.488009716997424,False,False,interface,0.019202698963100586
CACACTTGTATTGCGA-1,4583,8257,-0.66527572516236,-0.4407811468497151,-1.021639274350146,False,False,other,0.0024897046508179552
CACAGCACCCACGGCA-1,8703,14728,1.1488158474249832,0.3079229625791363,-0.0400215294365983,True,True,interface,0.030346189668691913
CACAGCTAGGGAGTGA-1,6535,14608,1.4794423637591592,-0.1225058005439548,0.6501701491462809,True,False,interface,0.019697131943186008
CACAGGGCCATATAGT-1,13842,10439,-0.6462700020233159,0.0959776290101926,0.2957951776486368,False,False,interface,0.006866603592712607
CACAGGGCCGTTGTCA-1,14815,14634,0.9827261756798932,0.5915384255799836,0.7356415996251747,True,True,interface,0.020533498461346836
CACAGTCCCGCTTCGC-1,14439,8741,-0.3335458435620531,-0.0747109640606134,-1.021639274350146,False,False,other,0.0034404278118365986
CACAGTTCGCTTCCCA-1,13257,8510,-1.214663243603313,-0.3212366409240308,-0.7130527848608521,False,False,other,0.0003025567787527163
CACATATTAGCAGGAT-1,11862,13152,0.3426371187414522,-0.4407811468497151,-1.0527008866462346,False,False,other,0.0012447663246612716
CACATCGTGCACGCGC-1,14413,17125,-0.2902212465635626,0.5523279908125059,1.3475017317060836,False,True,interface,0.04779714462742165
CACATCTCACCGACGA-1,13835,12931,0.3415375315100739,-0.4407811468497151,-0.8221565263916047,False,False,other,0.006772005294618162
CACATGATTCAGCAAC-1,10085,14166,0.8474988368600228,-0.4407811468497151,-0.6610812208769122,True,False,interface,0.024927371596958042
CACATTCTTTCGATGG-1,6151,11208,-1.214239180727491,-0.4407811468497151,0.0794865528601379,False,False,other,0.044352606451214326
CACATTTCTTGTCAGA-1,11283,9184,-0.5327459485960521,1.526747191239223,1.4254249108107626,False,True,immune_core,0.1052754712716651
CACCAATCATCCGTCT-1,13218,20974,0.6599212559891692,-0.4407811468497151,-0.2530127216738692,True,False,tumor_core,0.025155122706983318
CACCACGCCACACAGA-1,10459,20512,-0.4688298696985158,0.571675744934821,0.4913384664416825,False,True,interface,0.07000959751778914
CACCAGTCAGCATGCA-1,14407,18938,1.8381728225476048,-0.4407811468497151,-0.4102191134778477,True,False,interface,0.2218234644341762
CACCATCGGAGGAGAC-1,4761,14489,-0.3904879275400526,0.2435643822451468,0.7751967315741979,False,True,interface,0.030765170760575267
CACCATGATCGCAAAG-1,4977,8485,-0.7280527689620365,-0.3212366409240308,-1.021639274350146,False,False,other,0.0066254516252665825
CACCCAAATCTTATGT-1,9508,9518,-1.3391959834126783,-0.3212366409240308,-1.0412873108220793,False,False,other,0.0021405880633304955
CACCCACACGTCACCC-1,5937,16532,-0.3088207111419934,2.8536782208047113,0.9655078908072756,False,True,interface,2.088378397796523
CACCCACGAGGCAATT-1,6544,11662,-0.451428522750862,-0.3212366409240308,-0.1020382439294495,False,False,other,0.014046219863286276
CACCCGGTTTGTGACT-1,13033,17008,0.5631255813546697,-0.00478191092685,0.8034986950789065,True,False,interface,0.06245393760294566
CACCCTAACAAGATCT-1,13639,12364,-0.413307078940323,-0.1120285065763117,-0.7817743526627827,False,False,other,0.012469511028512792
CACCCTTGGTGAGACC-1,12434,19612,0.3815428148956858,0.8316997244193853,0.5674595740307244,False,True,interface,0.07780447386081807
CACCGATACACCGAGC-1,4572,11882,-0.3315352824866043,-0.1225058005439548,1.4778658197065773,False,False,interface,0.17292063002920224
CACCGCCAGAAGGTTT-1,7914,14726,-0.1369933562216909,0.0044753703937782,0.1347753805295705,False,False,other,0.001434846228744305
CACCGCCGACCAGCGA-1,4368,13808,0.9110239260644948,0.3120369801999225,1.6768001272212594,True,True,interface,0.02124359345020171
CACCGCGTCCACTCTA-1,5762,9620,-0.7207960289583744,-0.4407811468497151,-0.5683540445207228,False,False,other,0.02502284128957097
CACCGGAGATATCTCC-1,3983,10861,0.3126550608459679,1.2892721658249011,0.4279838203491802,False,True,interface,0.09867950685886365
CACCGTATCCCATCCG-1,12859,9642,-0.2079533405705275,-0.0747109640606134,0.2310610184481567,False,False,other,0.0060885438933657166
CACCGTTAGGGATCAC-1,13033,17234,-0.0452547757966943,0.4773006669788815,0.8142078883294118,False,True,interface,0.04155211632147319
CACCGTTGCGCGATAT-1,11847,18137,1.2341454739690365,-0.4407811468497151,-0.3981016220221829,True,False,interface,0.0023496708280484353
CACCTAATAGAGTCGT-1,5931,18572,-0.3191452354960586,0.1313263388494822,0.0352266845564236,False,False,other,0.00587422418511076
CACCTAATCAGTTTAC-1,6539,13248,-0.6288026871832988,0.1832178478746389,0.6134757265678787,False,True,immune_core,0.08285181877455837
CACCTCGATGGTGGAC-1,6144,13474,0.5357672439406388,0.5690226059520122,0.4315608971520001,True,True,interface,0.022170586781024876
CACCTTGCGAAACTCG-1,7332,11891,1.2548374918922016,0.5339951541808398,0.5426245706785177,True,True,interface,0.10476279772957235
CACCTTGGCGCCTTTG-1,11084,9750,-0.4426166755087502,0.0448335418650708,0.8177808268250312,False,False,interface,0.014908542793378164
CACGAAAGTTAGTCCC-1,9087,18129,0.7903586193942624,-0.4407811468497151,-0.1853521172046223,True,False,interface,0.004398123514250923
CACGCACAGCGCAGCT-1,7327,13251,-0.3187555245992889,0.1240198763194625,0.3472639639879003,False,False,interface,0.0254758836801954
CACGCAGCGAGGCTTT-1,8697,16541,-0.0182586813874248,-0.1051772897343009,0.6097986290451763,False,False,interface,0.02079520163377559
CACGCGGAACTGTTGC-1,10885,10316,-0.5023934185829556,-0.3212366409240308,0.5519577020425184,False,False,other,0.0024909115496939012
CACGGACGTGGATGGC-1,7148,7472,-1.3415733010061948,-0.3212366409240308,-0.1424737017431285,False,False,other,0.001442626127579872
CACGGCGCGCCAAAGG-1,5564,9733,0.7425990817400164,-0.3212366409240308,-1.0527008866462346,True,False,tumor_core,0.017920771293874278
CACGGGATTGAGGGTT-1,8686,20167,0.0100280056482143,-0.2016921349983465,0.7936872851844657,False,False,interface,0.3707144457968435
CACGTCGGCAACCTCT-1,12244,17232,0.0878983849538625,0.0959776290101926,0.1215633372699549,False,False,interface,0.02172365596439783
CACGTCGGGTTCTAGA-1,5528,21290,0.3765770567305379,0.8901474393501863,0.0080603623608461,False,True,interface,0.1138450984292334
CACGTCTATGATGTGG-1,3984,10634,-0.020814903735981,0.3257913456551328,0.1762693238304644,False,True,interface,0.06992338613400788
CACGTTCGTGCTCTAG-1,9894,12239,-0.431128106873926,0.0774450524831358,-0.622386252914008,False,False,other,0.0025253454456446297
CACGTTTCGTACACAC-1,13446,11117,-0.3076415908407869,-0.1317630818645832,0.1121858191474723,False,False,other,0.03670629948815637
CACTAAAGTTGCCTAT-1,9489,15637,0.5909855283700027,0.4181573670683857,-0.8221565263916047,True,True,tumor_core,0.023578107524288388
CACTACGGGAGCTGCC-1,14240,9307,-0.895137142474896,0.0576905669024885,-0.8202112275805499,False,False,other,0.0027676107602722234
CACTCAAGAGCTATGG-1,10279,14960,-0.0160762333746401,-0.00478191092685,0.4246934817835813,False,False,other,0.0037047710141325705
CACTCAGCTCTTGAGG-1,4764,13356,0.354546096362417,-0.3212366409240308,-0.2469945767755868,False,False,interface,0.02904883856300718
CACTCCTATGTAAGAT-1,13624,17350,0.0122970735459519,0.1413483871291165,0.4943843232502254,False,False,interface,0.0037924559598838843
CACTCCTCTCGGTCGG-1,5558,11546,-1.0550140300825437,-0.2016921349983465,0.4473589517619776,False,False,other,0.01770099291947416
CACTCGAGCTGAACAA-1,12060,13039,0.2835615875115018,-0.4407811468497151,-0.964155467941408,False,False,other,0.0007656021946798704
CACTCGGTTAGGAGGA-1,9475,19943,0.452609646284534,-0.0821476290726622,0.2065991141388684,False,False,interface,0.21031867063408527
CACTCTTCTGCTAGCC-1,14238,9987,-0.3884126835662155,-0.0747109640606134,0.3037589969355109,False,False,other,0.016809607496851356
CACTGTCCAAGTGAGA-1,6331,16534,1.1053527283848144,0.376378215454941,0.9058157322345451,True,True,interface,0.016242627190988734
CACTTAATCAGACGGA-1,9291,15976,0.3142639627945635,0.2435643822451468,-0.956384347243648,False,True,immune_core,0.015417667566078383
CACTTCGCCACAGGCT-1,6721,17895,0.9898547314233748,-0.1225058005439548,-0.2135162394002288,True,False,interface,0.020776052673014092
CACTTCGTCTTATCTC-1,5335,19816,-0.1176128162091888,-0.1225058005439548,0.6219578704960883,False,False,interface,0.007668952937311809
CAGAACTTAGCCCTCT-1,13050,11796,-1.0954967390689396,-0.2513075877902674,-0.8756100492365813,False,False,interface,0.04395328294543794
CAGAATAACACACGGA-1,13453,8851,-0.4229099839768894,-0.1942554699862977,-0.7897212877915053,False,False,other,0.006980806095694427
CAGAATATTCGTTATC-1,12472,7375,-1.1177887217154463,-0.4407811468497151,-0.5706196871933102,False,False,other,0.019784042032636305
CAGACACCGATCGCTG-1,13037,15648,0.8266486623706093,-0.4407811468497151,-0.6591359220658575,True,False,tumor_core,0.011905840401888669
CAGACCTGTAAGTGTT-1,8717,10196,0.3430794807457952,0.1751639634645842,-0.4563431743655838,False,True,interface,0.015955949427462705
CAGACGAACCTGATAC-1,12446,15760,0.7906871929340918,-0.2513075877902674,-0.2642315033947505,True,False,interface,0.08996844970793416
CAGAGACGGTCACCCA-1,12645,14967,-0.308477770508694,-0.2420503064696391,-0.4512600478455746,False,False,interface,0.027138466398504073
CAGAGCATGAGCTTGC-1,7721,13479,-0.2594461339106735,0.7115139409099719,0.0226876932205035,False,True,immune_core,0.10850676243696618
CAGAGGCGATGCATGA-1,13234,15989,-0.283548311963409,0.7525133899649937,0.5975020299821285,False,True,interface,0.07513481296780371
CAGAGTGATTTAACGT-1,4369,13581,0.9473224425769162,0.3239707293465533,0.6907742033296176,True,True,interface,0.003624604000685842
CAGATACTAACATAGT-1,7713,16198,-0.4490413183873739,0.3400792275091924,1.0158800376097814,False,True,immune_core,0.022338684841083072
CAGATCATTTAAAGTC-1,6946,9171,-0.467837271555989,-0.4407811468497151,-0.864196473412426,False,False,other,0.0036802115219439894
CAGATCCTGGTTTGAA-1,13420,19502,-0.0461862912509621,-0.2513075877902674,0.3152862116675549,False,False,interface,0.01749028186906248
CAGATGTTTGTCCCAA-1,12823,21200,-0.3368401912663032,-0.1225058005439548,0.6737647290735834,False,False,other,0.007227043906983702
CAGCAGCCCGTTCCTT-1,8118,12573,-0.0262007917558077,0.4297435247380564,0.3496969811856035,False,True,immune_core,0.00906888647361273
CAGCAGTCCAGACTAT-1,12463,10094,0.5512996715051895,-0.2513075877902674,0.2295982462675768,True,False,tumor_core,0.02342793900805841
CAGCCGGGCCCTCTAT-1,4769,11770,-0.9935698991755392,-0.0821476290726622,1.7818021623342588,False,False,other,0.0634183148522642
CAGCCTCCTGCAGAGG-1,7132,12684,-0.944520220855614,-0.3212366409240308,-0.7916665866025602,False,False,other,0.03959594818508874
CAGCCTCTCCTCAAGA-1,5561,10639,-0.233433078335325,0.5183535733296698,0.2814744574050897,False,True,interface,0.08578957889772572
CAGCGATTCCCTTCAA-1,13035,16555,0.5282081864009244,-0.3212366409240308,0.2441044320547333,True,False,interface,0.015065556513850956
CAGCGCCAACACGATA-1,9867,20850,0.9030968830658632,1.789161230716806,1.2854459762896813,True,True,immune_core,0.3949019977002493
CAGCTCACTGAGACAT-1,9097,14729,0.1960591369652717,-0.0029612946182705,0.045447263017252,False,False,interface,0.0035759266914654063
CAGCTCGACAAGTTAA-1,8122,11214,-1.1455300176068286,0.0774450524831358,-0.1671706632039541,False,False,other,0.02124072538320959
CAGCTCGTGCTTGTGT-1,5345,16644,0.048762236082713,0.0576905669024885,-0.0635707839371274,False,False,interface,0.04410136052027536
CAGCTGGCGTAACCGT-1,12041,18931,0.372736693137177,-0.0747109640606134,1.1423534995912972,False,False,interface,0.013021237622533413
CAGCTTAGTAGGTAGC-1,8889,18241,-0.2002365414078348,0.5412341462536859,0.8900171251922595,False,True,interface,0.0391126724531928
CAGGAAGACTTTATAT-1,5163,11771,-0.3957777174264336,-0.4407811468497151,1.9743441554662855,False,False,other,0.004552469338917742
CAGGACAGCTGCCCTT-1,9516,7026,-0.9759381132261036,-0.4407811468497151,-0.988776444313172,False,False,other,0.0001799613800692833
CAGGATATATCGTTGT-1,11266,14623,0.7697404056733843,-0.4407811468497151,-1.0412873108220793,True,False,interface,0.006568026658204533
CAGGCCGTTTGGGTGT-1,10274,16546,0.4269694885121599,-0.2513075877902674,1.4124930762106045,False,False,other,0.012092592301375023
CAGGCGCACGGTGGTC-1,13621,18256,1.426437223841212,0.1147625949988342,0.5357875668947161,True,False,interface,0.13688880283849392
CAGGCGCCATGCTAGG-1,12257,13153,0.3517058624603034,-0.4407811468497151,-1.16198044260795,False,False,other,0.000859014650217006
CAGGTTTAGTACTACA-1,5178,7239,-1.106988950652824,-0.1225058005439548,-1.16198044260795,False,False,other,0.009647547125043477
CAGTAACTATTTATTG-1,6352,9962,-0.6272836586830776,-0.4407811468497151,-1.0393420120110248,False,False,other,0.0022779093344233825
CAGTAATCCCTCCCAG-1,6719,18574,-0.2058324844722639,0.0833182769119773,1.3642339056152657,False,False,other,0.0065772893971994565
CAGTACATTCTCTAAA-1,6550,9849,-1.3869002244974975,-0.2016921349983465,-0.8664621160850133,False,False,other,0.00194572615362912
CAGTACCAGTTTACGT-1,12040,19384,-0.5762051587326271,-0.2513075877902674,1.634146477615907,False,False,other,0.04059266831413549
CAGTAGATGATGTCCG-1,5922,21291,-0.5904015842768312,-0.3212366409240308,-0.2421801629688407,False,False,interface,0.30976314835882196
CAGTAGCCCACGCGGT-1,7531,11099,-0.809795167073452,-0.4407811468497151,-0.5707129456250258,False,False,other,0.02062829420756782
CAGTCGAGGATGCAAT-1,7534,10192,-0.2921631308063117,-0.0747109640606134,-0.9527418921172526,False,False,other,0.01204617472645479
CAGTCGGCCTAGATAT-1,11443,21082,-0.6321440208185348,-0.3212366409240308,-0.0730528953347502,False,False,other,0.0037697298589786364
CAGTCTGTATACTGGG-1,10874,13942,0.3514654108935936,-0.4407811468497151,-0.2684554318886602,False,False,other,0.021296514364182173
CAGTGAATAAATGACT-1,7529,12005,-0.0578905634127902,0.882863721856883,1.27000190935864,False,True,interface,0.2476654283911888
CAGTGGTTGCACATGA-1,5733,18911,-0.504582272333638,0.1890418182950712,0.0167077769928683,False,True,immune_core,0.015886875204718792
CAGTGTCCGCAGAATG-1,5541,17211,-0.3700711551062948,0.0044753703937782,0.0587389899735709,False,False,other,0.020125257694962644
CAGTGTCGGCTGGCCC-1,12855,11002,-0.2108474420019488,-0.3212366409240308,0.0670246159507455,False,False,other,0.0008737171793667128
CAGTTCAAATTGACAC-1,8306,15633,0.8987869148998818,0.8794597546727203,1.368158793443042,True,True,tumor_core,0.3639597362653246
CAGTTCCGCGGGTCGA-1,7705,18464,1.0770112032293784,0.0669677585154927,0.4565703328474159,True,False,interface,0.2471561856676535
CATAACGGACAGTCGT-1,9701,10765,-0.8549572892918164,-0.4407811468497151,-0.734182780193822,False,False,other,0.00573219727306219
CATAAGAAGCTTGGCT-1,14031,13272,0.0185446595330655,0.0959776290101926,-1.0734350239031232,False,False,other,0.004566435604135078
CATAAGCTCTCCGTCT-1,10856,19834,-0.8222008940692055,-0.1225058005439548,-0.6299181564893869,False,False,other,0.005179125437396147
CATACAAAGCCGAACC-1,5146,17436,-0.6798460470205524,0.1405836201701105,0.3785752734542232,False,False,interface,0.014468770797546812
CATACACAAAGTCAGC-1,13611,21429,1.0824082371149182,0.4088454141030767,-0.0186427422483036,True,True,interface,0.12962729594997963
CATACACGGTTCCCAC-1,14616,15200,-0.2270716568128792,0.7066046559863031,1.0047329303900645,False,True,interface,0.19197805782178426
CATACCCGTACCCAGT-1,9876,17904,0.1694475643729021,0.9585506928750892,0.3924550129005563,False,True,interface,0.05106401755970521
CATACGGCGTCTGGGC-1,10282,14280,0.3667000901336884,-0.4407811468497151,-0.5902385398329641,False,False,other,0.008143637826149856
CATACTATGTAATTGT-1,9685,15978,-0.3876053827877525,-0.4407811468497151,-0.4330920657905964,False,False,other,0.018924101917125073
CATACTTAGGCAATAC-1,9905,8613,-1.088713842775599,-0.4407811468497151,-0.9002310256083452,False,False,other,0.001034062781393511
CATAGCCGCCCGGGAT-1,7704,18917,-0.0512111697128002,0.1240198763194625,1.2051359444734109,False,False,other,0.04728398771375738
CATAGCGTTGCCCACC-1,13231,16669,-0.0650284648525672,0.7782648475539586,-0.277310298030177,False,True,interface,0.09393049677934806
CATAGTACATTGAGAG-1,5555,12679,0.824739927122769,0.076225039836121,-0.0506108867505586,True,False,interface,0.006855188208267183
CATAGTAGCATAGTAG-1,6332,16307,-0.3721041369327564,0.677505307616916,1.4157356801396213,False,True,interface,0.009086102632517499
CATAGTCCACAAGAAC-1,11453,17909,0.9100484593486672,-0.0525767474101915,-0.9009461425642754,True,False,interface,0.01565269464347866
CATATACTACTGATAA-1,6155,9848,-1.1510847642650217,-0.0525767474101915,-0.3514648857966552,False,False,other,0.007175152690049505
CATATAGGTACAGTCA-1,11067,15189,0.6385853440141046,-0.1942554699862977,-0.8116856069035185,True,False,tumor_core,0.002212184357220396
CATATGTCAGGCTACG-1,12042,18704,0.9733684895471708,0.0044753703937782,-0.3323744860184519,True,False,interface,0.06367457511264994
CATATTATTTGCCCTA-1,4373,12448,0.938550677221754,-0.3212366409240308,-0.7450246835109332,True,False,interface,0.07129918141562495
CATCAAACTGGCGCCC-1,5569,8146,-0.7338796349487591,-0.4407811468497151,-0.9162885498607556,False,False,other,0.0034526852571994966
CATCAACACCTACTAA-1,5530,20610,-0.3179274022851313,0.5444724481484828,2.336415293121737,False,True,interface,0.044588005017823285
CATCATCTACCCGGAC-1,4763,13583,0.5651498388965966,0.2415060716940509,-0.2700168594241139,True,True,tumor_core,0.018777554320055293
CATCATTACCCTGAGG-1,12856,10775,0.0246411429304491,-0.3212366409240308,-0.9330938556453194,False,False,other,0.0005430526386482184
CATCCGCAGGCCCGAA-1,5533,19704,0.1653229804404844,0.2601281260957948,0.4518370186675664,False,True,other,0.03276951884108569
CATCCTCTCAAAGATC-1,13249,11003,-0.1698933481084934,-0.2513075877902674,-0.1061840929617436,False,False,other,0.0037573124408234455
CATCGCCCGCGGCCAA-1,5346,16417,0.6689732692225797,1.903327720117564,0.537579992558604,True,True,interface,0.6871257959803128
CATCGGACGGGTTAAT-1,10871,14848,0.9665276673135204,0.6761851413630581,0.2816200483198549,True,True,tumor_core,0.09182074989596441
CATCGTCCGGTTACTA-1,7109,20162,-0.0204467680054609,-0.1317630818645832,-0.208087151076742,False,False,interface,0.0870221923917448
CATCTAGTGAAGGGAA-1,11485,7712,-1.0135342273550707,0.0774450524831358,0.6403481565910347,False,False,other,0.00263540713150672
CATCTATCCCGTGTCT-1,6154,10075,-0.6353017518435713,-0.4407811468497151,0.1901388949242831,False,False,other,0.0006082342510239257
CATCTGCAGGATCATT-1,8093,20505,-0.3287530406618362,0.3735861821384743,0.5848854747749855,False,True,immune_core,0.16014740251917284
CATCTTACACCACCTC-1,9900,10200,-0.7784644766665305,-0.4407811468497151,-0.467841834090656,False,False,other,0.004774068819297822
CATGAACCGACATTTG-1,4754,16529,0.7753207010974962,0.1132887947408756,2.1556639441649303,True,False,interface,0.0038219537199744753
CATGACTTCGCTGAAT-1,10494,9408,-0.461737375436185,-0.1942554699862977,-1.16198044260795,False,False,other,0.009719580330167277
CATGAGATGCACTCTC-1,14230,12479,-0.6827557171652855,0.2229587999479257,-0.9527418921172526,False,True,immune_core,0.1063541207972747
CATGATGCACAATTCT-1,6735,13589,0.4058593853869393,0.6249882341021297,0.589132532412753,False,True,interface,0.07076488785121614
CATGATGGAAGTTAGC-1,11479,9751,-0.365698881875003,-0.1225058005439548,0.8068628164370656,False,False,other,0.006984797019900242
CATGCCAACTCGCAAA-1,11055,19041,1.2355513208539757,0.515785402025788,-0.3338946800720403,True,True,interface,0.19146773611768572
CATGCGACCAGTTTAA-1,7731,10306,-1.171975859552367,0.3778520157128996,-0.2875207651193116,False,True,immune_core,0.026891594813097205
CATGCGTTAGACAGAA-1,5550,14265,0.35532466438535,1.0843691547208167,-0.5683540445207228,False,True,interface,0.1484269414516182
CATGCTGGCTCCAATT-1,4957,14603,0.1790922129338018,0.1413483871291165,0.376385958933808,False,False,interface,0.04116325731991275
CATGGATTGTCTTCCG-1,13450,9984,0.474718929644469,-0.2513075877902674,-0.3680634974815547,False,False,other,0.04338509173390633
CATGGCAGGAAGATCG-1,5942,14946,0.8061044602193418,-0.4407811468497151,0.007783363380783,True,False,interface,0.0626822310236159
CATGGCTCCCTATGTC-1,7105,21295,0.6031700315838762,0.3610505776197353,-0.2883514426910845,True,True,interface,0.24903997269639033
CATGGGTATGCCTTAT-1,13640,12137,-0.8639448606497064,-0.4407811468497151,-0.8093693242634388,False,False,other,0.011920531095598173
CATGGGTCGGGTGTGG-1,6741,11776,0.4137651932864236,-0.4407811468497151,-0.7529716186396558,False,False,other,0.01877044709200994
CATGGTAAGTAGCGTT-1,11468,13150,0.2730222131868154,0.0576905669024885,-1.0734350239031232,False,False,other,0.005957828642491989
CATGGTATTAGTTTGT-1,14205,20637,0.4006831413345974,-0.2420503064696391,-0.5465311473450158,False,False,other,0.008913661913093176
CATGGTCTAGATACCG-1,7720,13932,0.0014638535623518,-0.4407811468497151,-0.3981308058544624,False,False,other,0.016848155865496452
CATGTAAGAGACATTT-1,13248,11230,0.4950712339995831,-0.3212366409240308,0.0297786675814144,False,False,other,0.04658489728023404
CATGTAGGAGCGCCAA-1,5567,8826,-0.7731602136738435,-0.4407811468497151,-1.0393420120110248,False,False,other,0.005335729297424856
CATGTCTCATTTATGG-1,12261,11793,-0.2385971475535598,-0.4407811468497151,-1.0527008866462346,False,False,other,0.001077099747476546
CATTACATAGATTGTG-1,7935,8154,-1.020997277797463,0.4274674685048206,-0.0669547545962569,False,True,immune_core,0.013629397212121886
CATTACGTCGGCCCGT-1,6339,14041,0.90806235155826,0.3759659132082489,0.3105112486140781,True,True,tumor_core,0.020650947075693284
CATTATGCTTGTTGTG-1,7715,15518,-0.367050345651239,0.1240198763194625,-0.2986161077941096,False,False,other,0.0032501681170328833
CATTCCCATTCCGTCG-1,8921,8044,-0.7060606973630286,-0.4407811468497151,-0.8335701022157599,False,False,other,0.00014366360318409489
CATTCCCTAAGTACAA-1,4942,19362,-0.0903633709860587,0.1659066821439559,0.1283926582669687,False,True,other,0.05219433854463807
CATTGATGAACACGCC-1,7147,7925,-0.7818433697821414,0.0613972857157188,-0.4513033678612475,False,False,other,0.001282252007607572
CATTGCGAAATGGGCG-1,9672,20057,0.2199766227448447,0.1655452403219633,0.9759740693546792,False,True,interface,0.26832179409201257
CATTGCGGGTCAATTC-1,7540,8379,-1.099086133584479,0.1127042844477383,-0.065479520143846,False,False,other,0.009928281306558526
CATTGTGTGCTAGATC-1,5139,19703,0.0595950212668952,-0.4407811468497151,0.151521924197793,False,False,other,0.009729017111308398
CATTTAGCGGACCATG-1,7529,11778,0.1697956179398286,-0.00478191092685,-0.0041164579067114,False,False,interface,0.06248935846220003
CATTTCTAGCAGACTA-1,5734,18458,-0.5010654196297366,-0.4407811468497151,-0.6743251982742323,False,False,other,0.0021369208398477613
CATTTGAGTGGTACGT-1,12445,15986,0.238732677492213,0.4274674685048206,0.0570835652854194,False,True,interface,0.010105210898051494
CCAAACAGAACCCTCG-1,6925,15969,-0.1448463964085853,0.8209686428407984,1.056140818802125,False,True,immune_core,0.05012365990666767
CCAAATAACAAGATTC-1,12665,8622,-1.4597472073980409,-0.4407811468497151,-0.9002310256083452,False,False,other,0.008413639073323122
CCAACGATGCACTGAT-1,8695,17221,0.4725528950413795,-0.3212366409240308,0.8675952244028309,False,False,other,0.0163310212036781
CCAACGCTTGCCAGGG-1,4577,10070,-0.3511207566226457,-0.3212366409240308,0.7167566260980288,False,False,other,0.015473462795394839
CCAACTTGATAGATCC-1,11880,7486,-0.9264678328818172,-0.4407811468497151,-0.2115305639500748,False,False,other,0.008723380280484451
CCAAGAAAGTGGGCGA-1,12841,15534,0.8955800803688524,-0.3212366409240308,-0.7336111076867782,True,False,tumor_core,0.01235173910438417
CCAAGACTTCTGCGAA-1,6535,14381,0.529720336217097,-0.00478191092685,-0.932007754860364,True,False,interface,0.03313884937972427
CCAAGCGTAACTCGTA-1,9102,13370,0.5067291816637284,-0.3212366409240308,-0.3328758787479643,True,False,other,0.11236196783029224
CCAAGGAACAGAGAGG-1,5347,15964,1.1097597926896612,0.4349041335168694,0.2034227898113657,True,True,interface,0.08820515643181094
CCAAGTTTCTACAGAT-1,5333,20496,-0.8300173738697724,0.0959776290101926,1.1403492701789006,False,False,other,0.04014521173815305
CCAATAGATTTCATCT-1,8091,21411,0.0682948655089374,-0.0062557111848086,-0.247441477400321,False,False,interface,0.02924011091993652
CCAATAGTGCCGTCGA-1,9288,16656,0.6780563173057487,-0.2016921349983465,-0.9009461425642754,True,False,interface,0.029068178378452703
CCAATCGGTAGATCGA-1,5360,11885,-0.627462652805841,-0.0618340287308198,0.6445269737342498,False,False,other,0.00039332362217860004
CCAATGTCACAGCAAG-1,9882,15865,0.8207784006024829,-0.4407811468497151,-1.021639274350146,True,False,tumor_core,0.01040095204606554
CCAATTACGGGTCGAG-1,6349,10868,-0.3464644437296943,-0.0618539390231956,-0.1170154164417339,False,False,other,0.005122440713801777
CCAATTGAATGTTAAT-1,6530,16194,-0.5276840686799119,0.8075271075102435,1.2223120761359951,False,True,interface,0.027849973473562124
CCACAATGTACGTCTT-1,8318,11781,-0.0220167968274124,0.1127042844477383,0.3957606311538472,False,False,other,0.02990704428794298
CCACACTGAGATATTA-1,10277,15866,0.540417011622355,-0.4407811468497151,-0.2933073510224425,True,False,tumor_core,0.0018643646509777607
CCACAGTACCCATCCT-1,12066,10999,-0.3295874288079054,-0.4407811468497151,-1.16198044260795,False,False,other,0.003735876405739876
CCACATACTGCACCCA-1,12864,8056,-0.2721711298979073,-0.4407811468497151,-0.6843705633021149,False,False,other,0.004336827581323731
CCACATGGCTCTTTAT-1,13415,20862,0.6044547904212666,-0.0747109640606134,-0.7378252353202172,True,False,tumor_core,0.012602892062968449
CCACCAACTTTACTGT-1,12836,16894,0.3395414763884714,0.1939489294532258,-0.5331722727098059,False,True,interface,0.019520194973554037
CCACCCAAGGAAAGTG-1,9892,12919,0.0621615986310196,0.3120369801999225,1.8406707936970417,False,True,immune_core,0.01644690614076815
CCACGAATTTAACCTC-1,10692,9069,-0.0715717030984498,-0.2420503064696391,-0.681815358133801,False,False,interface,0.01166045392564029
CCACGAGAAGAGAATC-1,5948,12907,-0.7551380340880397,-0.2016921349983465,0.6872931133166601,False,False,other,0.16467897100207796
CCACGGAGCCATAAGA-1,11846,18364,0.9812209244022893,-0.2513075877902674,0.1108074935610923,True,False,interface,0.015631215723619453
CCACGGTGCCCGGTAG-1,9509,9292,-1.4597472073980409,-0.4407811468497151,-0.9428496581774752,False,False,other,0.0020153168953388405
CCACGTAAATTAGACT-1,9317,7592,-0.3417163213452546,-0.4407811468497151,-1.16198044260795,False,False,other,0.0010299089868918297
CCACTATCCGGGTCAC-1,8526,8269,-0.3647195007017463,-0.4407811468497151,-1.0734350239031232,False,False,other,0.00357991894390248
CCACTGGTGGCTGGTT-1,10267,19039,0.5588524634408626,0.1165832113074136,0.5512695673096463,True,False,interface,0.111408001061311
CCACTGTTTGGATTAA-1,14043,9419,-1.0200122802696177,-0.4407811468497151,-0.7178499103297202,False,False,other,0.0032526390727303507
CCAGAAAGCAACTCAT-1,12835,17347,1.4122091809019164,-0.4407811468497151,-0.2820863331145583,True,False,interface,0.13646920662229176
CCAGAGACAAAGCCGG-1,7112,19029,0.4086909314764151,0.5723170225185502,1.8129959429408815,False,True,interface,0.05676889937895257
CCAGATAGTTGAGTGA-1,8120,11894,-0.1285778121357449,-0.0747109640606134,-0.0482697353196705,False,False,other,0.061742129171810184
CCAGATGTAAATGGGT-1,6360,7469,-0.7636694556295013,0.2852237843036623,-0.4069030904760277,False,True,immune_core,0.03546154322713647
CCAGCCTGGACCAATA-1,9888,14052,0.4490331704171694,0.2820491172920533,0.687783621666058,False,True,interface,0.01712204553516233
CCAGCGGGATCACCAG-1,8923,7364,-0.867306581078367,-0.4407811468497151,-1.0527008866462346,False,False,other,0.0009317645665098873
CCAGCTACGCCTCATA-1,4357,17434,0.8521596232796435,0.2668987012502077,0.991200456485813,True,True,interface,0.03844760623236298
CCAGCTGATGGTACTT-1,9872,19037,1.4195529189275091,-0.2513075877902674,-0.6322784868537854,True,False,interface,0.02828910753044984
CCAGCTTCCGCCCGCA-1,8294,19486,-0.2717088184263576,1.373312313950657,0.9085698435768292,False,True,interface,0.027670442519415153
CCAGGCTGGCGTCTGA-1,13654,7605,0.2415632628953085,-0.4407811468497151,-0.3351121273008907,False,False,other,0.008746232793865655
CCAGGGACGTGGCCTC-1,7912,15405,-0.0870781094261439,0.2601281260957948,-0.4573682148654746,False,True,immune_core,0.012962221534677172
CCAGTAGTCTGATCCA-1,7926,11100,-0.6160180865394461,-0.0618539390231956,-0.0323023234824667,False,False,other,0.0022273885603337072
CCAGTCAAATCTCTTA-1,10854,20514,-0.2768468789034232,-0.3212366409240308,-0.1434492858806821,False,False,other,0.007310003969627219
CCAGTCTAGACGGCGC-1,7332,11665,0.6290889452052891,-0.00478191092685,-0.3460107754476209,True,False,interface,0.03154915291446699
CCAGTCTTGTCATAGA-1,14223,14745,1.5620779020079116,2.1187257850493246,1.4032634103548676,True,True,interface,0.5089248507336855
CCATAAACAACCCGAC-1,5357,12791,1.093733915633454,-0.2016921349983465,-0.3343096741044102,True,False,interface,0.008021670760709523
CCATAACCTGTGCAGT-1,12627,20859,0.0736448459086104,-0.0525767474101915,-0.3690390430618349,False,False,other,0.007203652278869432
CCATACCTTTACTTGT-1,8521,9855,-0.5935831617396923,-0.4407811468497151,-0.1258726447795753,False,False,other,0.008554472871287624
CCATACTCGCCTCTCC-1,8879,21414,2.7555158324258335,0.7623110788892054,-0.3402878679610182,True,True,interface,0.2415246836478063
CCATAGAGGCTGCCAG-1,14401,20978,1.041835157983212,-0.4407811468497151,-0.8990008437532209,True,False,tumor_core,0.018117699578963836
CCATAGGTTGGCGTGG-1,6141,14380,0.3518244690731658,-0.1225058005439548,0.5907204350178503,False,False,other,0.011213120690764702
CCATAGTCAGTAACCC-1,5534,19477,0.480337129989634,-0.4407811468497151,-0.0635707839371274,False,False,interface,0.024671127101875672
CCATATGGAAACTATA-1,13056,9756,-0.3519923166062702,-0.2420503064696391,0.8400226135669365,False,False,other,0.0037897659063091033
CCATCCATACCAAGTC-1,5344,17097,-0.5532779026703545,-0.3212366409240308,-0.3375853694335968,False,False,other,0.012203823740869197
CCATCGCAGTTAAACT-1,12450,14400,-0.0497761782685776,-0.4407811468497151,-0.7031605509210747,False,False,interface,0.016580164390116756
CCATCTCACCAGTGAA-1,10097,10313,-0.9749475786251556,-0.4407811468497151,0.4002241021831585,False,False,other,0.005910376452962268
CCATGCCCTAGATTTC-1,13646,10325,-0.6674775143745185,0.326350460416328,0.311424343938194,False,True,immune_core,0.045526376169540965
CCATGCCTGTTTAGTA-1,9489,15410,0.9554033731867396,-0.1942554699862977,-1.16198044260795,True,False,interface,0.02235191125715096
CCATGCTCTGCAGGAA-1,6726,16535,1.0604640799934784,-0.00478191092685,0.912095447754058,True,False,interface,0.0009693587931483889
CCATGGCCCTTGTACC-1,8887,18921,2.1214117422107304,-0.00478191092685,-0.3752783117294316,True,False,interface,0.3046398395163994
CCATTAGCGATAATCC-1,8894,16655,0.6421610570918549,0.2967795787538572,0.6246898717444228,True,True,interface,0.0344995143025111
CCATTCCCTGCCCACA-1,9090,16995,0.8538708095202722,0.2415060716940509,0.3224264664252837,True,True,interface,0.014056202825829723
CCATTGTTTCCTCCAT-1,8331,7475,-0.8057635062809083,-0.4407811468497151,-1.021639274350146,False,False,other,0.00027074027393368146
CCATTTCTACCTATTA-1,13439,13383,0.4942953344057948,-0.4407811468497151,-0.964155467941408,False,False,other,0.010477422070103057
CCCAAACATGCTGCTC-1,9305,11444,0.0108875110465356,0.1219615657683667,-0.1548040405194536,False,False,other,0.015030512716826835
CCCAACATACGTCGCG-1,11060,17455,0.5595290800687033,-0.3212366409240308,-0.155252686985587,True,False,interface,0.021707716199102736
CCCAACCACACTAACA-1,4171,13921,1.812264348567576,-0.2513075877902674,0.4559491214425913,True,False,interface,0.0614262208016834
CCCAATGAGATTTGCA-1,14414,16899,0.2241535183032293,-0.0525767474101915,0.6762820495312925,False,False,interface,0.023075833580247108
CCCAATTTCACAACTT-1,10271,17679,-0.5810847539566212,0.2854511880696402,0.6871906301971424,False,True,immune_core,0.051027068416081844
CCCACTCCACGGTATC-1,12232,21084,-0.184723827396169,-0.4407811468497151,-0.0168565112408651,False,False,other,0.0005875255302250087
CCCAGAGGAGGGCGTA-1,6748,9510,-0.6951178803246293,-0.4407811468497151,-1.16198044260795,False,False,other,0.00032176262033482936
CCCAGGTCTGAAGGCT-1,13059,8850,-0.9923116639040012,-0.4407811468497151,-0.964155467941408,False,False,other,0.0003473800409443599
CCCAGTAAACTTGGGA-1,12827,20067,0.5157264776246671,-0.16320739995144,0.8642724300744767,True,False,interface,0.014117043074909297
CCCAGTTAAGGCGCCG-1,10880,12129,0.0688112240547611,-0.2513075877902674,-1.0734350239031232,False,False,other,0.0006101277443170855
CCCGAAGTTTCGCGAA-1,11446,20175,-0.8341874010769754,-0.3212366409240308,-0.9330938556453194,False,False,other,0.009790988652835985
CCCGACCATAGTCCGC-1,6540,13022,0.1573959365874846,-0.4407811468497151,0.095198278450981,False,False,interface,0.13679232621237572
CCCGAGTTTCTCCGTA-1,12072,9187,-0.8038717570518338,-0.4407811468497151,-0.5075618359037789,False,False,other,0.0028306972945850058
CCCGATAGCCTCGCCT-1,9910,7027,-1.3088578911482835,-0.3212366409240308,-0.988776444313172,False,False,other,0.0004709494646209753
CCCGCAGCGCGAACTA-1,12255,13833,0.4818514658391473,-0.2420503064696391,-0.9009461425642754,False,False,other,0.00017422806015422854
CCCGCAGGGCCCAAAG-1,4767,12450,0.8203737281386054,0.1832178478746389,1.1482356548883794,True,True,interface,0.1365606853029662
CCCGCCATGCTCCCGT-1,6331,16760,0.4920015624927331,2.533907050054995,1.0508553427836145,False,True,interface,0.16256874754504247
CCCGCGCAATGCACCC-1,6324,18800,-0.0195343915707394,-0.00478191092685,0.8458291539216567,False,False,interface,0.0143241901921912
CCCGGTGGAAGAACCT-1,7507,19030,0.0801089112314569,0.4420414350142789,1.2300814808385978,False,True,interface,0.008630641399312812
CCCGGTGTATCGGAAT-1,13025,19501,0.4542919047895215,-0.2016921349983465,0.8320426578392889,False,False,other,0.00508852614808776
CCCGTAAGTCTAGGCC-1,10466,18246,-0.6713577361689632,0.897740439995409,-0.201164776970147,False,True,immune_core,0.03658783181012039
CCCGTAGCTGGGAAGA-1,13822,17010,0.1129458859794571,-0.1225058005439548,0.7375332317987888,False,False,interface,0.02436013464666346
CCCGTCAGCGTCTGAC-1,7123,15630,-0.7270107921196303,-0.2513075877902674,0.04042236042497,False,False,interface,0.07037773767091722
CCCGTGAGGGCGGTGA-1,11246,20968,-0.5288862588319632,-0.3212366409240308,-0.3136263163358928,False,False,other,0.0077782167011796995
CCCGTTTCGCAGATGT-1,12860,9416,-0.7680468126050736,-0.4407811468497151,-0.8543042394726488,False,False,other,0.004448924524563827
CCCTAGGCAACAAGAG-1,11838,21083,-0.4839593334370282,-0.4407811468497151,-0.3091715120392505,False,False,other,0.00407279116915244
CCCTATGTAGAGCAGA-1,14408,18712,1.7369561432602068,0.1772350728281728,-0.6948429136578725,True,True,interface,0.10868012844598446
CCCTCAAGCTCTTAGT-1,6515,20953,0.0382434051693756,3.0023601058658484,0.1163284030800324,False,True,interface,1.6582617666897117
CCCTCATTCTGGAATT-1,5740,16418,-0.6503955766655233,0.7809331332909493,0.195168938022699,False,True,interface,0.2879184989592632
CCCTCCTCGCTCGTAT-1,12466,9414,-1.0249787936214654,-0.2420503064696391,-0.6489525280968269,False,False,other,0.026457287200191526
CCCTGAAATGAGTTGA-1,8696,16994,0.9223538824916352,-0.0062557111848086,-0.7549169174507107,True,False,tumor_core,0.00809213200861139
CCCTGACTAACAAATT-1,10066,20058,-0.3869470352996347,2.02166503843755,1.581032785854504,False,True,interface,0.8002271781827343
CCCTGATGTAACTCGT-1,5336,19590,0.0464800726360403,0.0867023338037641,0.4747266172937924,False,False,interface,0.010040493075280984
CCCTGCCCAATCCGCT-1,10660,19267,-0.9453489144275812,-0.1225058005439548,0.5412368843307032,False,False,other,0.046539694687790865
CCCTGCGCTACGCATA-1,9282,18696,0.2156775213001758,-0.4407811468497151,-0.7109316716188346,False,False,interface,0.0804498724748113
CCCTGGCTGTTCCTTC-1,11838,20857,-0.460800392188823,-0.4407811468497151,-0.6148720760882591,False,False,other,0.0012100184524914675
CCCTGTTGGCAAAGAC-1,4940,20268,-0.6140433527042906,0.5250813007964039,0.7530271676457615,False,True,immune_core,0.025594083998963905
CCCTTTGACAGGTCTT-1,12448,15080,0.1193792712603112,-0.4407811468497151,-0.6459336883843475,False,False,interface,0.020401640387096548
CCGAAAGTGGTGAGCA-1,5931,18345,-0.341114702597732,0.0448335418650708,-0.2304338425171465,False,False,other,0.008849924566805311
CCGAACACTGGGCCTC-1,11251,19382,-0.1586423898608109,-0.2513075877902674,1.1291905984195187,False,False,other,0.014537542082022152
CCGAACCTTCCCGGCC-1,12256,13380,0.7885512238208975,-0.2420503064696391,-0.9848896051982966,True,False,interface,0.006498626505297127
CCGAAGGGCGTACCGC-1,8332,7249,-0.9432227033681918,-0.4407811468497151,-0.4676001092360388,False,False,other,0.0005861721326341437
CCGAAGTATATTGTTC-1,6915,18915,0.0863395398230888,0.5290695716167195,1.808185975206134,False,True,immune_core,0.013037045810845154
CCGACAAACACATGAG-1,5730,19818,0.1503616288066955,-0.2016921349983465,1.3353495014966323,False,False,interface,0.006598158419520417
CCGACAAAGGGAGTGC-1,9084,19035,0.0095530835605142,0.292284391025851,1.2647865310180717,False,True,interface,0.06727172623829332
CCGACAATAGGCCGCC-1,13847,8852,-0.1389610630809183,-0.3212366409240308,-0.5229989308920702,False,False,other,0.0005281277260184435
CCGACGGGCATGAGGT-1,13226,18481,1.2110588480494675,-0.2016921349983465,0.8103325351221555,True,False,interface,0.0328635871251845
CCGACGTAAACACAAC-1,5168,10411,0.8850941867994496,-0.2420503064696391,-0.1482911823101852,True,False,interface,0.059018567842459145
CCGAGAAGTCGCATAA-1,11679,8732,-0.0813002640220928,-0.2513075877902674,1.2437369926487531,False,False,other,0.0032946497925004092
CCGAGCTGTGCTTGTC-1,6159,8715,-0.4260933049754881,0.0576905669024885,-0.61121440194447,False,False,other,0.004226130667255655
CCGATATGACGTAAGG-1,13459,7038,-1.267261376946856,-0.4407811468497151,-0.7897212877915053,False,False,other,0.036083375232129324
CCGATCTCAACCTTAT-1,9901,9973,-0.6325559862693979,-0.0747109640606134,-0.7955954180748849,False,False,other,0.003078081410947398
CCGATCTTAAGAGGCT-1,4585,7577,-0.6713115778194477,-0.1120285065763117,-0.9527418921172526,False,False,other,0.0018254792318659469
CCGATTCGAGGGACCC-1,10069,19151,1.1370038998180634,-0.0436628940257557,0.2900147166570487,True,False,interface,0.1006930368695393
CCGCACAAAGACCAAC-1,9695,12805,0.137578639718434,-0.0500471935562973,0.2436554760752494,False,False,other,0.029938567842102942
CCGCACACGAACGTGT-1,11486,7485,-1.1163720606970984,-0.1942554699862977,-0.4722905119978155,False,False,other,0.001368077186021638
CCGCACGTGACCTCGG-1,8100,18465,1.908058805027706,0.326350460416328,-0.6294369860401832,True,True,interface,0.3930229900403052
CCGCATGTGGTACGAT-1,13634,13950,0.4162322467677835,0.0774450524831358,0.6112294019003264,False,False,interface,0.008457534165802054
CCGCCGGAACTTCTCG-1,13221,20068,-0.3351344610090669,-0.1942554699862977,-0.1060879487077226,False,False,other,0.004780931975410716
CCGCCGGTCAACACAC-1,5153,15170,0.7124236430738747,1.5418842925713236,1.3560308473014937,True,True,interface,0.4395128126548426
CCGCCGTTGAGGATAA-1,11484,7938,-0.970963999259574,-0.2513075877902674,-0.2631875814231197,False,False,other,0.005379855500416207
CCGCCTGCGAATTGGT-1,5562,10413,0.1771476932127271,-0.2513075877902674,1.4457890509515423,False,False,interface,0.01810136419386976
CCGCCTTGCGATGTCG-1,11050,20627,-0.7353986634489802,-0.4407811468497151,-0.5752683462392767,False,False,interface,0.041351750225048126
CCGCGATTTGGTAGGT-1,10262,20398,0.6028153492493892,0.34250330587361,0.7998063300596115,True,True,interface,0.05464221701820723
CCGCGGAATGCGTCAC-1,12641,16327,0.976505229476583,0.1270605052750567,0.0092570001566409,True,False,interface,0.010075020648664418
CCGCGGGTACGAAGAA-1,8888,18468,0.3813768467804815,0.6677236728873973,1.3672845300179282,False,True,interface,0.10518388362761087
CCGCGTAGGTAAGGGC-1,8493,18920,-0.0062440635016885,-0.4407811468497151,-0.4117947522430082,False,False,interface,1.0120154479281736
CCGCTATCAGCACCAG-1,11465,14284,0.5685413633747352,-0.1120285065763117,0.3619493055077641,True,False,interface,0.003449336651721534
CCGCTTACCTCACTCT-1,11849,17457,0.2366981213123173,-0.4407811468497151,-0.3662810991780816,False,False,other,0.0019532643360212175
CCGCTTGCTGACATGG-1,7933,8607,-0.9005353193172466,-0.0525767474101915,0.7279402566873279,False,False,other,0.0021986732451797194
CCGGAAGTTATCAGTC-1,12276,7034,-0.8631907562051334,-0.4407811468497151,-0.9082411714236271,False,False,other,0.011270597186045828
CCGGAATGGTTTCAGT-1,7313,17783,0.5564786536279661,0.6504805398941456,0.5245239244749138,True,True,interface,0.050104207073879026
CCGGAGCGTACTTTCT-1,14025,15085,-0.1621890069292115,0.2415060716940509,1.9261429835933617,False,True,interface,0.20238653554708386
CCGGAGGTCTTATGGT-1,6161,8035,-1.338771920536857,-0.0767692746117092,-0.1285377643091455,False,False,other,0.003449087218736459
CCGGCACGACCGTTTC-1,9510,8839,-0.8985029624360574,0.0576905669024885,-0.7109316716188346,False,False,other,0.0005442679535961767
CCGGCCGCGAGCATAT-1,14006,21203,-0.3280979730935475,-0.3212366409240308,0.2102813403160586,False,False,interface,0.005250175569139096
CCGGCGCATATTGGAT-1,5350,15058,0.7991918363800624,-0.2513075877902674,0.1369805900666856,True,False,interface,0.07624771975233013
CCGGCGTGAGACTCTG-1,11840,20177,0.2658316758321397,-0.4407811468497151,0.0599216419490805,False,False,other,0.012456008224983356
CCGGGACCCGCAGAGA-1,5743,15512,0.6239233441452594,0.5630926975658798,0.5772762189800993,True,True,interface,0.03854831010230938
CCGGGCGGTCTCGTCA-1,8906,12803,0.2645009837203664,-0.4407811468497151,-0.5017852389043281,False,False,other,0.011500497890405128
CCGGGCTGCTCCATAC-1,9698,11672,-0.1609965466706932,0.0959776290101926,-0.6173082932600978,False,False,other,0.029884630155838338
CCGGGTTCGAGGTTAC-1,10073,17792,-0.5838205790310748,-0.1120285065763117,0.2637208491736274,False,False,interface,0.08710188266721659
CCGGTAATGGCTAGTC-1,10103,8501,-0.3108144085764454,-0.4407811468497151,-0.9428496581774752,False,False,other,0.0030020705028218873
CCGGTTTGTAATTGTG-1,13626,16670,-0.2097825296476007,-0.0525767474101915,0.7378808222498529,False,False,interface,0.0377132581175786
CCGTAAGTTGGTCCCA-1,9104,12690,-0.1695832203369323,-0.4407811468497151,-0.7230895482311995,False,False,other,0.00217715276820926
CCGTACCCAAGCGCCA-1,4948,17549,-0.7120544271003798,0.0075159993493725,-0.2794999304163298,False,False,other,0.010330467090643421
CCGTAGGAAATCCCTG-1,14434,10554,0.9788406606899376,-0.4407811468497151,-0.956384347243648,True,False,interface,0.05688677013027211
CCGTAGGGTTGTTTAC-1,14436,9647,-1.1040547104779057,-0.4407811468497151,-0.8301034615203273,False,False,other,0.01325490318209432
CCGTATCTCGTCGTAG-1,13029,18368,0.8759028199590491,-0.00478191092685,0.8130386650102227,True,False,tumor_core,0.007241289809199425
CCGTATTAGCGCAGTT-1,5961,8828,-1.0941120196179497,-0.0235668769154916,-0.3898965938483235,False,False,other,0.008585573755248583
CCGTGAGGCATTCATG-1,9710,7819,-0.6151848832655228,-0.4407811468497151,-1.0734350239031232,False,False,other,0.005371241432332043
CCGTGCCCATGACGGC-1,4953,15963,1.8925964176551044,0.0355234404286359,0.7494569827541577,True,False,interface,0.34696369227292734
CCGTGGAACGATCCAA-1,7340,9398,-0.413611385629037,-0.4407811468497151,-1.031395076882302,False,False,other,0.0009860181739257078
CCGTGTTAAATTCCAT-1,12046,17345,0.9140749851807158,-0.3212366409240308,0.4600202259180159,True,False,tumor_core,0.014426301339134681
CCGTTACGTTAGAACA-1,6545,11435,-0.7731552356208341,-0.4407811468497151,-0.7178499103297202,False,False,other,0.019003870415012926
CCGTTCCGAATCTCGG-1,10464,18926,-0.3487802708520344,-0.1317630818645832,0.8026145389917979,False,False,interface,0.04955835502332029
CCTAAAGGCTGACGCT-1,5359,12112,-0.9745533937751132,0.1413483871291165,1.264675099944956,False,False,other,0.011108128946058565
CCTAAATTAACGGTTC-1,10875,13715,0.7872158139863733,-0.4407811468497151,0.2625072160058325,True,False,interface,0.002998162250418097
CCTAAATTGTATCCTA-1,12863,8509,-0.801242494471164,-0.4407811468497151,-0.6104572022281035,False,False,other,0.0011769465916699727
CCTAACCCAAACAAGT-1,12262,11340,-0.0391157273007467,-0.3212366409240308,-1.0734350239031232,False,False,other,0.0016358131767317714
CCTAACTAAGGCTCTA-1,6743,10870,-0.3433617237418053,-0.4407811468497151,-1.0412873108220793,False,False,other,0.0019650124362411325
CCTACAAGTCCGGAAT-1,4382,9502,-0.7444724779894499,-0.4407811468497151,-0.5057632341466739,False,False,other,0.00229591937481168
CCTACATTCACAGACG-1,12637,17686,0.1137365597743942,-0.3212366409240308,0.5103499596870292,False,False,interface,0.020356162858826538
CCTACGGCTCAGTCGA-1,5736,17778,-0.3504214179164594,-0.3212366409240308,0.9843387233272828,False,False,other,0.007978700378843373
CCTACTGCGGCGGCCA-1,6952,7131,-1.5842799472074067,-0.4407811468497151,-0.7521272427093179,False,False,other,0.0002463460985907046
CCTACTGCTTACACTT-1,7911,15859,0.3661234000966971,-0.2513075877902674,0.9397193829665292,False,False,interface,0.016415328398506537
CCTAGGCGTAGCGATC-1,9699,11445,-1.0222576348599326,-0.2513075877902674,-0.4046200173319781,False,False,other,0.007366624743116175
CCTAGGTAAAGGTAGC-1,12629,20179,0.9113453328933334,0.1655452403219633,0.456200727212773,True,True,interface,0.0037401756128841823
CCTAGTTAGTCGCATG-1,4962,13243,-0.2206905423606237,0.0774450524831358,0.161984187618876,False,False,other,0.01747171489159317
CCTATAATGAGTGCCC-1,13442,12250,0.0699736034948544,-0.4407811468497151,-0.7697781542979872,False,False,other,0.03406899833461229
CCTATACCGTCCTGTC-1,13430,16329,-0.3272223785458584,-0.2513075877902674,-0.7378252353202172,False,False,interface,0.058246308318155963
CCTATATCGTGTCACG-1,14403,20298,1.0343815521146709,-0.2016921349983465,0.2083163217868448,True,False,interface,0.0015856742840423914
CCTATATTTGTCCTGG-1,14812,15540,0.7486574811728317,0.2322487903734226,0.8363605330779319,True,True,interface,0.03450894053560749
CCTATCTATATCGGAA-1,6343,12681,-0.9824562108434582,0.4701010274025199,0.4720412765962075,False,True,interface,0.07650468390622399
CCTATGAAGTGGTGCC-1,9904,8840,-0.7464576742745035,-0.4407811468497151,-0.7857031841351078,False,False,other,0.0002473549522960733
CCTATGGCTCCTAGTG-1,14802,18713,-0.1384984035251787,0.1270605052750567,0.3038792262789022,False,False,other,0.0036820705492508713
CCTATGGGTTACCGTC-1,8312,13594,0.1153538300917206,-0.4407811468497151,-0.71798240474501,False,False,other,0.00702682419823165
CCTCAACGATCGCTGT-1,12822,21426,0.6545151354423308,-0.2016921349983465,0.6517830869564587,True,False,tumor_core,0.015850091046626602
CCTCACCAATCTTGAC-1,5934,17439,0.1501448616312641,-0.1942554699862977,-0.0079302747386629,False,False,other,0.025429423096202247
CCTCACCTGAGGGAGC-1,8127,9854,0.0320215926355158,-0.2513075877902674,0.0184339386553908,False,False,other,0.01841278633534473
CCTCACCTTAGCATCG-1,7928,10420,-0.4956672427873859,-0.4407811468497151,-0.4878700058397628,False,False,other,0.010122195543903518
CCTCATGCAGCTACGA-1,4552,18001,0.1627278690551516,-0.0747109640606134,-0.0318972554089986,False,False,interface,0.006151286840653047
CCTCCCGACAATCCCT-1,4367,14261,0.4497550197771564,0.9202398440403328,0.970068712798402,False,True,interface,0.21214489787605653
CCTCCGACAATTCAAG-1,9088,17675,0.4187793540400931,-0.2513075877902674,-0.6502229493692813,False,False,interface,0.005049449549761207
CCTCCTGAGCCCACAT-1,10065,20511,0.3238135319489243,0.5834383989263155,0.4150024433410249,False,True,interface,0.058474388676504674
CCTCGAAGTGGACGGG-1,5553,13359,0.2006124434526268,-0.4407811468497151,-0.4310921649388066,False,False,other,0.024011466279097334
CCTCGCCAGCAAATTA-1,6145,13020,-0.1958844317343894,0.2967795787538572,0.6658682151543008,False,True,interface,0.006071274041861617
CCTCGCGCGATATAGG-1,6744,10643,-0.5039463434099191,-0.3212366409240308,-1.0393420120110248,False,False,other,0.0036999634749869145
CCTCGCGCTGTGCGAT-1,13829,14744,0.1225583710783581,0.4841820284497161,0.8668503173181085,False,True,interface,0.13505593872182445
CCTCGGACCGGGATAG-1,10684,11788,-0.6075765286653142,0.0576905669024885,-0.7515555702022739,False,False,other,0.07221702706113779
CCTCGGATGCTACCTG-1,8883,20281,0.5089057215758078,1.1734343787124473,0.0503587744358756,True,True,interface,0.20599206476435297
CCTCTAATCTGCCAAG-1,7131,13137,0.682569442582188,0.3193684718480697,0.5310201744416438,True,True,interface,0.10461973779359905
CCTCTATCGATTAGCA-1,12831,18480,-0.2418232857783246,-0.1942554699862977,-0.0730072972504185,False,False,other,0.002470344905203011
CCTCTCTCCCATCTAG-1,9286,17336,1.0537899881802608,-0.2016921349983465,-0.43582337998402,True,False,interface,0.04899813646426985
CCTCTGGCCTAGACGG-1,5554,12905,0.745781301321344,0.3642760807020393,0.4084060156582471,True,True,interface,0.035826107057899126
CCTCTGTACTATTCTA-1,13041,14515,0.0186363140225988,0.2155221349358768,0.331244824740776,False,True,interface,0.045003311111105615
CCTGAACGATATATTC-1,9895,11786,-0.7181726054210855,-0.3212366409240308,-0.3875869089420142,False,False,other,0.009113939216920252
CCTGAATATTTACATA-1,7130,13363,0.5631033823795126,-0.4407811468497151,0.4591357076547238,True,False,interface,0.08415056588616726
CCTGACAAACTCGCGC-1,6317,21066,1.7266880189838154,2.988393141869245,0.5549878699420712,True,True,interface,1.2622728917749237
CCTGACCACCGATGGT-1,11464,14510,0.5493952311501189,-0.3212366409240308,-0.9123597183884308,True,False,interface,0.004713391036959109
CCTGCCCGTTGTCTAG-1,9474,20396,0.7722672902972307,0.55856265706334,1.1588136255805046,True,True,interface,0.3744579043156469
CCTGCGTTCTACGCTT-1,8884,19828,0.1617183483631644,0.7347346324599515,-0.252208200114549,False,True,interface,0.16525444837561173
CCTGCTATTTGAGAAG-1,7714,15745,-0.6884041697707414,-0.2420503064696391,-0.459985629491979,False,False,other,0.05524189871019556
CCTGGAAACGTTCTGC-1,10299,8614,-0.9031994200009548,-0.2513075877902674,-1.0527008866462346,False,False,other,0.0060737145964097385
CCTGGCTAGACCCGCC-1,8303,16540,-0.7795919740234202,-0.3212366409240308,-0.8821409359279218,False,False,interface,0.10092374871240982
CCTGGTCGAATGTGGG-1,14227,13612,-0.130609567653567,-0.16320739995144,1.2410518459762572,False,False,interface,0.17199379232257941
CCTGTAAGACATGATA-1,9879,16771,-0.046582501018388,-0.1051772897343009,0.7539597113438704,False,False,other,0.1190948103198171
CCTGTACTCACGCCCA-1,10465,18699,-0.3540108124319988,0.0669677585154927,0.9492194378651304,False,False,other,0.008015913839990726
CCTGTCACCCGGGCTC-1,8311,13820,0.1567237470877589,-0.0235668769154916,0.1985969879444909,False,False,other,0.0030188787218000863
CCTGTCCCTCACGTTA-1,9708,8499,-1.3405807028636685,-0.4407811468497151,-1.0734350239031232,False,False,other,0.0006499027215630235
CCTGTCGCCCGTAAAT-1,9690,14391,0.2604181131268684,0.0576905669024885,-0.4525986819337995,False,False,interface,0.02228437972440762
CCTGTGAAACCGTAAC-1,9274,21188,-0.3784844511167792,-0.0747109640606134,1.2395127780788486,False,False,interface,0.29965595023501235
CCTGTTTGAAGACACG-1,14039,10779,0.1826800277703492,-0.0747109640606134,0.0653189958617303,False,False,interface,0.00241872884490908
CCTTCAGTTAAAGTGA-1,14613,16106,0.5367326450836291,0.4463496427858028,0.7932438996912543,True,True,interface,0.019641570562148283
CCTTCTCAGCGTTCCT-1,11053,19721,-0.1362463203563842,-0.1317630818645832,0.7995999585783117,False,False,other,0.008165849153723688
CCTTCTTGATCCAGTG-1,6342,13134,-0.5393562023604253,-0.0525767474101915,1.5506688819088432,False,False,interface,0.028773702598507717
CCTTGACCACTTTATT-1,13452,9078,0.0321908658122401,-0.3212366409240308,-0.5138106125838023,False,False,other,0.0203911286539561
CCTTTAAGGGAGCACT-1,14023,15765,0.1888304278977244,0.906519355319206,0.699041762579377,False,True,interface,0.01423132347309454
CCTTTCAATGAAGAAA-1,7533,10645,-0.6349316254417551,-0.4407811468497151,-1.0734350239031232,False,False,other,0.003777984119380505
CCTTTGAATTATGGCT-1,14007,20750,0.6036301895994907,0.1313263388494822,-0.3439329822212763,True,False,interface,0.05460901759131346
CGAAACATAGATGGCA-1,4766,12676,0.8664936346384879,0.1772350728281728,0.0479671863217428,True,True,interface,0.025122245084929624
CGAAACGCAATTCATG-1,10665,17680,-0.8645254933413701,-0.2016921349983465,-0.1725915769966423,False,False,other,0.02921824177832588
CGAACAGTATGGGCGT-1,12462,10547,0.33051045847519,-0.2420503064696391,-0.8821409359279218,False,False,other,0.0067579985854336515
CGAACATAGTCAGAAA-1,4385,8369,-0.5102983055241069,-0.4407811468497151,-0.7130527848608521,False,False,other,0.003159035664254628
CGAACCCGCATGCGTC-1,12248,15872,-0.0260898751365853,0.3684872426317841,0.7454187885299299,False,True,interface,0.004093225554820802
CGAACGCCCAGTGCCG-1,5355,13471,0.1068250862934865,-0.4407811468497151,-0.5971495618014783,False,False,interface,0.009441889281815804
CGAACGGCCGGACAAC-1,11842,19723,0.7234377200195609,-0.1225058005439548,0.8793107431863466,True,False,interface,0.0688215933424227
CGAAGACGGTGAGTGC-1,9077,21075,0.738825592418204,1.1908923569576333,2.186761469053015,True,True,interface,0.26077957234216026
CGAAGCTATAAATTCA-1,6353,9509,-1.3869002244974975,-0.4407811468497151,-0.964155467941408,False,False,other,0.0005558274921855241
CGAAGTTGCTCTGTGT-1,9089,17449,-0.089890725709343,-0.0525767474101915,1.0259304027931664,False,False,interface,0.03393809422081887
CGAATCTGCTCGACGC-1,14802,18940,-0.4759337845973159,-0.3212366409240308,-0.3056793812071701,False,False,interface,0.08686094491294374
CGACAATTTGATCTAA-1,11082,10656,0.0642599777572451,0.0355234404286359,0.584633904099164,False,False,other,0.012265727389394443
CGACACCGCTTAAGGA-1,4584,8030,-0.994562497318066,-0.4407811468497151,-1.0393420120110248,False,False,other,0.0039086837677559496
CGACACGCTCCGACAG-1,11673,10772,0.0167106540716779,-0.4407811468497151,-0.9428496581774752,False,False,other,0.005013018378147293
CGACAGTTCGCGTTAT-1,9683,16657,-0.3154170852766544,-0.2513075877902674,0.468208293606808,False,False,interface,0.35287995875543715
CGACATGCGATCTTCT-1,4170,14147,1.2535182680471977,-0.16320739995144,-0.2333229414861254,True,False,interface,0.02272293497762481
CGACCCTTAACGCCGG-1,12038,20064,-0.058649334868585,-0.1225058005439548,0.4080781396947525,False,False,other,0.0026612182906073367
CGACCTACTAGACAAT-1,11639,21422,0.1031249221740596,-0.3212366409240308,0.1207101062307622,False,False,other,0.010648854985570761
CGACGCATCCGTACCT-1,12431,20292,0.7048864709185748,0.0355234404286359,1.0743905670146363,True,False,interface,0.00572068141950665
CGACTCAGGATGTTAT-1,7136,11324,-0.1858004903020407,-0.4407811468497151,-0.9527418921172526,False,False,other,0.016573311282132294
CGACTCGGTACACGGT-1,4783,7464,-0.8541072391147813,-0.4407811468497151,-1.021639274350146,False,False,other,0.0014035438275205598
CGACTTTGTATAGCCT-1,9115,9064,-1.021265036717406,-0.1942554699862977,-0.8316299702708043,False,False,other,0.007817941826373274
CGAGACCCTAGAGTGT-1,11069,14509,0.9931281562838744,-0.2513075877902674,-0.964155467941408,True,False,interface,0.009312044509048387
CGAGAGATGTGAACCT-1,8314,13141,0.0502408492345818,-0.3212366409240308,-0.6138099922694841,False,False,other,0.004889421701230186
CGAGAGCGCGTAGATA-1,11445,20629,-0.2076198768658576,-0.3212366409240308,-0.7606049743064716,False,False,other,0.0004798536883651777
CGAGAGGGTAGCCGCG-1,13648,9645,-0.2375964554178415,-0.16320739995144,-0.2359773658577488,False,False,interface,0.026198054880271965
CGAGATTTCGCTCGGG-1,10892,8276,-0.0464714782979981,0.1623197372396593,-0.2268265543479401,False,True,immune_core,0.03483525907135405
CGAGCACTTCAAGTTT-1,7114,18576,0.1012779788494648,0.6422460756523135,1.4121348084484258,False,True,immune_core,0.013229534464221523
CGAGCGTTGATCAGCC-1,4952,16189,1.2528650573450564,1.8298156943980424,1.3093239100720755,True,True,interface,0.47921315233938033
CGAGCTGGGCTTTAGG-1,5946,13813,1.3527512555201875,-0.3212366409240308,-0.3730337376442902,True,False,interface,0.40681574735070947
CGAGGAGCTTCCATAT-1,7146,8151,-0.8963082340322189,-0.1120285065763117,0.0051238411884331,False,False,other,0.0025174552625202335
CGAGGATCGGGAACGA-1,8132,8041,-0.6519547358794943,-0.2420503064696391,-0.950796593306198,False,False,other,0.004356962731966611
CGAGGCCAGGCATTGG-1,5338,18910,-0.5880987417147618,-0.2513075877902674,-0.4627638744367459,False,False,other,0.0006025522657470991
CGAGGCTAAATATGGC-1,8313,13367,0.9229238509506252,-0.2420503064696391,-0.7748612808179963,True,False,tumor_core,0.008069882082832045
CGAGGGACTGCGGTCG-1,10090,12580,-0.7730480964229967,-0.4407811468497151,-1.0412873108220793,False,False,other,0.0044929310172390595
CGAGTACTAAAGAGGA-1,11455,17456,0.8079155588260634,-0.4407811468497151,-0.7936501192638303,True,False,tumor_core,0.007710083687071414
CGAGTGAAGGTACCAG-1,13424,18142,1.5807966779776983,-0.3212366409240308,-0.7897212877915053,True,False,interface,0.08007902974536897
CGAGTGCTATAGTTCG-1,4555,17095,0.5209975818806069,0.3051857633579117,-0.5093264767949531,True,True,interface,0.01474512069961149
CGAGTTCTGTCCCACC-1,7924,11780,-0.5577583113781304,1.079021408537648,0.6109324070605177,False,True,interface,0.22701385511457287
CGAGTTTATCGGACTG-1,9898,10879,-1.115459684262377,-0.3212366409240308,-0.3164896301804951,False,False,other,0.006963855734872729
CGATAATACTCAGGTT-1,11089,8164,-0.6704828842474807,-0.0767692746117092,-0.1117172395071878,False,False,other,0.0645338063511573
CGATACCTCGCGGACA-1,10473,15980,0.545448743654544,-0.3212366409240308,-0.5866531944795401,True,False,tumor_core,0.0004891743121969187
CGATCATTAGAGGCAC-1,4979,7578,-0.7521552916379998,-0.4407811468497151,-1.0734350239031232,False,False,other,0.0005807421138517361
CGATCCGACCCAGTGC-1,10080,15752,-0.0522980467025771,0.0044753703937782,-1.0412873108220793,False,False,other,0.004828814935615356
CGATCTGTTGGAGGAC-1,11648,18703,0.9284934648825904,-0.4407811468497151,-0.3842272725252236,True,False,interface,0.04302820837939342
CGATGGACCCTACGCC-1,6942,10530,-0.99823009587261,-0.2420503064696391,-1.0048339685655825,False,False,other,0.0009633058171069816
CGATGTTGTTATCTAC-1,14009,20070,0.4919372774925478,-0.2513075877902674,-0.4968664649037296,False,False,interface,0.026407137731560393
CGATTAAATATCTCCT-1,13633,14404,0.1222593028344407,0.5305030646750991,0.6237201845157474,False,True,interface,0.0509455430158304
CGATTCGCCTGGCTGC-1,13834,13158,-0.0498549439998108,-0.3212366409240308,-1.031395076882302,False,False,other,0.0016892928152429263
CGCAAACACGAGTTAC-1,7907,17218,-1.0726830347062848,-0.4407811468497151,0.0555975467085859,False,False,other,0.06440574553474789
CGCAATCGATCATTAG-1,7302,21409,0.2774973593521464,0.4622454847384969,0.5953109091637337,False,True,interface,0.2432099465336326
CGCAATTACTTTCGGT-1,7116,17669,0.9975233883568364,-0.1942554699862977,0.0850138083744367,True,False,interface,0.016409203549375077
CGCAATTAGGGTAATA-1,8106,16426,-0.5026639914408021,-0.4407811468497151,-0.0726944606911644,False,False,other,0.003323555288310807
CGCAATTCTACAATAA-1,7706,18238,1.1407184710324498,0.6680851147093899,0.9098649126444368,True,True,interface,0.1960468206115589
CGCACATGTCCACTAC-1,10290,11560,-0.1861375484481801,-0.2016921349983465,0.2077113255549933,False,False,other,0.0536114559751547
CGCACGTGCGCTATCA-1,10294,10201,-0.6241992511564566,-0.1120285065763117,-0.0002599919305291,False,False,other,0.009347005262354444
CGCAGAAACATTTGCG-1,4168,14827,0.2459781578080546,1.032681497240533,0.7071774975679299,False,True,interface,0.09568358245810128
CGCAGATCTTCACCCG-1,7539,8606,-0.8305570211967366,-0.2513075877902674,-0.1567842053485734,False,False,other,0.007255895023526041
CGCAGGCGATCCAAAC-1,12858,9869,-0.2929731397591601,-0.1120285065763117,-0.1305884446493067,False,False,other,0.0053053220330335485
CGCATCATGGCTTCAG-1,4375,11769,-0.8753033119963755,-0.1317630818645832,1.015739048874614,False,False,interface,0.05570322484051387
CGCATCCATCAGCCAG-1,8132,8268,-1.1455300176068286,-0.2016921349983465,-0.0012068810741711,False,False,other,0.010555804252709607
CGCATGGTGCGATGCT-1,10480,13941,0.3605642889632329,-0.3212366409240308,-0.6811002411778707,False,False,other,0.009193774887541252
CGCATTAGCTAATAGG-1,7914,14952,0.1013827312763114,-0.3212366409240308,1.4336019598731975,False,False,other,0.005724328299211147
CGCCAAGAAGCCGAGT-1,10265,19492,-0.6116566729077481,0.0576905669024885,0.8604011259870694,False,False,other,0.0619565490237472
CGCCACAGGTCGCGAT-1,12234,20405,-0.2182135819685316,-0.3212366409240308,-0.1717572532175988,False,False,other,0.010257264282282925
CGCCATCCGATTATGA-1,7330,12344,-0.0029581734803843,-0.3212366409240308,0.1641052003984482,False,False,interface,0.051483087286831285
CGCCCAGCACGCCTAG-1,14220,15652,0.8980690875629165,0.1147625949988342,0.4131940962499461,True,False,interface,0.4882103761444383
CGCCCGCTTCCGTACA-1,6147,12341,-0.2577939400291759,0.744532740027814,1.1832577808257754,False,True,immune_core,0.03673573962758744
CGCCCTTGAAGGCTGA-1,7309,19143,0.5914684793421366,0.1890418182950712,1.7056383617170885,True,True,interface,0.0397461119611889
CGCCGACTATTCGCTA-1,9472,20849,1.0285490947093732,-0.0747109640606134,-0.619504895500655,True,False,interface,0.23074191338822117
CGCCGCCCATGCCTGT-1,10289,12014,0.1341007739574512,0.0044753703937782,-0.4751320128114177,False,False,other,0.01121388505775805
CGCCGTCTACCCATCG-1,10105,7594,-0.9000219909362785,-0.4407811468497151,-1.021639274350146,False,False,other,0.0006387211370902588
CGCCGTTCAGCATAGT-1,14042,9646,-0.9456000209617088,-0.16320739995144,-0.549856366104142,False,False,interface,0.007905605411230013
CGCCTCCCTCCTCTAT-1,11074,13149,-0.1147674114215741,-0.3212366409240308,-0.4491822546192301,False,False,other,0.0040855593545591025
CGCCTGGCCTACGTAA-1,10663,18360,-0.7231219570829452,-0.2513075877902674,0.6087854628290096,False,False,other,0.020340144144405048
CGCCTTTAGCATGCTC-1,11484,8165,-1.3401885815552048,-0.0767692746117092,-0.4881150985265303,False,False,other,0.05201723205111905
CGCGACACTGCGCAGC-1,7306,20049,0.6256969479001782,0.4237607496915904,0.0175098198197928,True,True,interface,0.12277915384245798
CGCGACCGCGACAGAT-1,14231,12253,0.2558235392749018,-0.3212366409240308,-0.5016931211281375,False,False,interface,0.004786870328010493
CGCGAGAGGGACTTGT-1,5763,9167,-0.1311643837227199,-0.1942554699862977,0.4833558260993727,False,False,other,0.004322603782726623
CGCGAGTCTGCCGGGT-1,12829,19160,0.967008855763064,0.0669677585154927,0.7042108892523189,True,False,interface,0.01789527116405189
CGCGCAAATGTCCAGA-1,13619,18709,0.2979506860008709,-0.4407811468497151,0.3393613359303836,False,False,interface,0.06118371464000164
CGCGCATGTTTGATTG-1,12447,15306,-0.0723474491951473,-0.3212366409240308,0.1944213953349432,False,False,interface,0.03352393127259552
CGCGCCCGACTTAATA-1,6737,12909,-0.7482202982517994,-0.0747109640606134,0.2042192657026914,False,False,other,0.040627146002552156
CGCGGCAGTATTACGG-1,4942,19589,-0.5323706394748379,-0.2513075877902674,-0.0892541384225418,False,False,other,0.0008088746479340298
CGCGGCTCAACTTGAA-1,11082,10430,-0.3738252132006964,-0.2016921349983465,0.3291014986666535,False,False,other,0.0017440236355310357
CGCGGGAATTAGGCAG-1,8119,12347,0.4399591821096086,-0.1317630818645832,0.8904377640133648,False,False,other,0.06118504412199504
CGCGGTAAGTCTAGCT-1,8527,8042,0.155745411751706,-0.4407811468497151,-1.0393420120110248,False,False,other,0.00040190291121576456
CGCGGTCACAAACCAA-1,6157,9395,-0.8701079615477052,-0.2420503064696391,-0.7604685428988501,False,False,other,0.0005680886672693731
CGCGTTCATGAAATAC-1,7911,15632,-0.5829858472685496,-0.0029612946182705,0.6189919866644991,False,False,other,0.0034050417049047276
CGCTACGGGACATTTA-1,10079,15979,0.5856046821983798,-0.3212366409240308,-0.7024060509418033,True,False,tumor_core,0.002732105658093628
CGCTAGAGACCGCTGC-1,10295,9974,-0.7065214165684989,-0.1225058005439548,1.6956067944601094,False,False,other,0.0007463291328083737
CGCTATACCGCCCACT-1,5343,17324,-0.0697546786213513,0.3741452968996694,0.1915754709428072,False,True,immune_core,0.03507103457251463
CGCTATTCAATGTATG-1,6327,17893,0.6786194265263659,0.0867023338037641,1.0265791973596383,True,False,interface,0.004961876128287952
CGCTATTCTTAGGCTC-1,10083,14619,0.5511218141095646,-0.3212366409240308,-1.031395076882302,True,False,interface,0.004805684905678294
CGCTCGACATAATGAT-1,6726,16308,0.5822441182661983,0.5630069210821153,2.339750740089029,True,True,interface,0.0069630682740674625
CGCTCTCCGTAGATTA-1,9089,17222,0.5522870276021613,-0.4407811468497151,-0.964155467941408,True,False,interface,0.017716958959442093
CGCTGGTGACTACCCT-1,12068,10320,-0.0139502509005331,-0.1942554699862977,-0.2993688723559941,False,False,other,0.0031621285414456155
CGCTGTGACGCCGCAC-1,7516,16084,-0.1574017406660844,1.484708589638439,0.8529643707863743,False,True,immune_core,0.11413999049006716
CGCTGTGTGGATGTTG-1,14218,16558,1.0152483327079935,-0.4407811468497151,-0.0886650354440357,True,False,interface,0.09546770869137026
CGCTTATTCCCGGTCG-1,10861,18021,-1.072871546089485,-0.16320739995144,1.08582664924191,False,False,interface,0.022845238625267095
CGCTTCCACTGAAATC-1,6134,16646,1.3361072239046208,-0.0029612946182705,0.9515119416294294,True,False,interface,1.6199320048932595
CGCTTTCATACCGGTG-1,5348,15737,1.2974708030264008,-0.4407811468497151,-0.331905550147929,True,False,interface,0.11734349642217218
CGCTTTCTTGCATTCG-1,8712,11782,-0.1051951115356103,0.1361640204648246,-0.1941545792742252,False,False,interface,0.17686186979341903
CGGAAAGAATCAAACG-1,14022,15991,0.3955393490079079,1.5930132516726965,1.0361828177908223,False,True,interface,0.14112589109650014
CGGAAAGCAAATGTGC-1,6121,20725,1.4298067047910332,3.1078958970894117,0.0925489916998553,True,True,interface,0.5784251887579833
CGGAACGTAAACATAG-1,11852,16324,-0.4018826887792044,-0.3212366409240308,-0.2222370294753225,False,False,interface,0.03295575802884901
CGGACGTTACTTGAAG-1,10853,20740,-0.1241428762188742,0.2157198078750794,0.087675455667224,False,True,interface,0.0327445773787548
CGGAGCAATTTAATCG-1,13238,14629,1.2802843011793266,0.6551031006897313,-0.3580452076626317,True,True,interface,0.2600514359232594
CGGAGCATGGCGATCC-1,10283,13827,0.3485549322708583,-0.3212366409240308,0.498282664248339,False,False,interface,0.1619118904973379
CGGAGCTTATAACACC-1,4572,11656,-0.5213658355066725,1.24998965824192,1.199942029612029,False,True,immune_core,0.11286846502078
CGGAGTTTGAGAGACA-1,8497,17560,0.8175936377594019,-0.4407811468497151,-0.956384347243648,True,False,tumor_core,0.12833414297175658
CGGATAAGCGGACATG-1,6322,19480,0.7430840180535991,-0.0500471935562973,1.0833558440344615,True,False,interface,0.01232057636006915
CGGATCCTCAAGGACT-1,14428,12367,-0.2331476666424129,0.5062722634641451,-0.5903306576091548,False,True,interface,0.12695252168385032
CGGCAAACATCGTGCG-1,12846,13948,0.8658153134187584,-0.4407811468497151,-0.5705905033610308,True,False,interface,0.017888502178961995
CGGCAATAAGATCGCC-1,13255,9190,-0.6843131312089976,0.0075159993493725,-0.8664621160850133,False,False,other,0.015778085840022715
CGGCACCGTTAGCGCC-1,4771,11317,-0.3314696165016865,-0.2016921349983465,0.0086095696070355,False,False,interface,0.04741640048285666
CGGCACTCAAGAAAGT-1,4946,18229,-0.4500339165299007,-0.2420503064696391,-0.3729634599570233,False,False,other,0.018617783838756764
CGGCAGGGTCGGGTTG-1,8913,10763,0.4840581437461056,-0.3212366409240308,-0.3901254570869676,False,False,interface,0.013545797076830146
CGGCCACGCACAAAGT-1,9492,14731,2.2038404171000967,0.376378215454941,-0.1281606338925633,True,True,interface,0.1718192650748036
CGGCCCAACCTGTAGT-1,8130,8721,-1.3337978065703275,-0.2016921349983465,0.5610860619605894,False,False,other,0.003981273330349019
CGGCCCAGGTATATCC-1,11085,9523,0.0506638833881387,-0.2513075877902674,-0.339001786037256,False,False,other,0.013729236114949311
CGGCGCCATCAATCCC-1,14235,10893,1.3111342781133497,0.359067049724258,-0.3307255816736674,True,True,interface,0.031077901398619958
CGGCTCTAAAGCTGCA-1,11678,8959,-0.5864173754040873,-0.16320739995144,0.5206797877775928,False,False,other,0.002203555568002447
CGGCTCTTCGTCGAAC-1,4178,11655,1.4972542223378666,0.9214346909077192,0.6659176673733697,True,True,interface,0.06655860322023859
CGGCTTTGTATGATAA-1,4167,15054,0.8236364110100384,2.304414612388778,0.5874727330471289,True,True,interface,0.15982210690235038
CGGGAATATAGTATAC-1,11874,9526,-0.8749672151455808,0.4414569247211417,-0.2359060023398725,False,True,immune_core,0.009821348930460123
CGGGAATTTATGTAAA-1,11465,14057,0.6409680342492667,-0.2513075877902674,-0.0145566042612328,True,False,interface,0.0036739184895022334
CGGGAGCTTCAGTGTA-1,12263,11113,-0.7439742693560071,0.0044753703937782,-0.8910539086244983,False,False,other,0.0035159033675521245
CGGGAGTATACCGCCG-1,6321,19706,0.7311542964791214,-0.2513075877902674,-0.8471047912819326,True,False,interface,0.016950286439051995
CGGGATCAATGTAAGA-1,7126,14723,-0.7251410289444971,-0.2513075877902674,0.4150829913110136,False,False,other,0.015027164284750845
CGGGCAGCTAAACCGC-1,8899,15069,0.167959905050736,-0.3212366409240308,-0.6037732288991368,False,False,other,0.005609996785631355
CGGGCCATAGCCGCAC-1,5337,19363,0.907282150864566,-0.2513075877902674,0.3668276581769203,True,False,tumor_core,0.026467112495096753
CGGGCCTTCTTTGTAA-1,10673,15188,0.1511676221142429,-0.0618539390231956,1.5380569751850104,False,False,other,0.01058578666446224
CGGGTGTACCCATTTA-1,8910,11669,0.7054979569398182,3.182494182462563,0.0376568765821833,True,True,interface,0.33288237535505144
CGGGTTTGTTAGGGCT-1,13651,8512,0.3787574768911847,-0.3212366409240308,-0.3250614380345316,False,False,interface,0.010570672868822711
CGGTACGGCAAACCCA-1,13020,21313,0.7270758863097452,0.0355234404286359,0.132448191159217,True,False,tumor_core,0.014832820232829618
CGGTACTAGAATCAAA-1,11077,12016,0.047620781551939,-0.4407811468497151,-0.8257989815180001,False,False,other,0.0016338631205756848
CGGTAGAGGTGCAGGT-1,6940,10983,-0.2737791844416758,-0.2420503064696391,-1.0393420120110248,False,False,other,0.0006531591668740149
CGGTATAGGTATTAGC-1,4774,10184,-0.5806424876796167,-0.0747109640606134,0.168273939243328,False,False,other,0.012871535135924234
CGGTCAAGTGGGAACC-1,7725,12346,-0.5582750550412691,0.1270605052750567,0.6312951765923087,False,False,other,0.06267088938850691
CGGTCCATGAGACTCC-1,6555,8036,-1.143200980153759,-0.4407811468497151,-0.3436783990417345,False,False,other,0.0073525715389805395
CGGTCTATCAACCCGT-1,6148,12114,-0.5100540702933108,0.7343074490299232,1.4277542285214284,False,True,immune_core,0.014506532398324475
CGGTGAAGACTAAAGT-1,9479,18810,0.8467505109619683,-0.4407811468497151,-0.900809711156654,True,False,tumor_core,0.023557294893842683
CGGTGCAGATAGAACG-1,10863,17341,0.5646145602470168,-0.0747109640606134,1.289831307782599,True,False,interface,0.06099809872529371
CGGTGCGCGTTGGTCC-1,12245,17005,-0.1504010290920245,-0.2420503064696391,0.0827773495341287,False,False,other,0.007942940070543941
CGGTGGGCTCCAGCCT-1,5563,10186,0.7400480872782148,0.0576905669024885,0.2620478173653373,True,False,tumor_core,0.010706972248237141
CGGTGTACTTGATCCC-1,5933,17892,0.0257157441403397,-0.00478191092685,1.442835414613526,False,False,other,0.00735444371126179
CGGTTATCCAACAGTG-1,8520,10309,0.039512088273758,0.6020604533280595,1.1782080179320118,False,True,interface,0.05544600198649891
CGGTTCAAGTAGGTGT-1,7337,10305,-0.6160268337857291,-0.4407811468497151,-1.16198044260795,False,False,other,0.005080276797147637
CGGTTGACCTGGCATA-1,10268,18585,-0.51876903913366,0.1270605052750567,-0.0098000845511782,False,False,interface,0.027454309477892347
CGGTTGGGTTCAAGTT-1,4183,10068,0.1743691627951753,-0.3212366409240308,0.0139372690790657,False,False,other,0.00021864259869553156
CGGTTTATGAAGGAAC-1,4579,9616,-0.1831024423177492,-0.4407811468497151,-0.659926925829228,False,False,other,0.0016175514450695663
CGTAAACGCTTGAGTG-1,4747,18795,0.0007839734342059,-0.3212366409240308,0.9333934512686468,False,False,other,0.008806512384726213
CGTAATAATTACGAGT-1,5333,20723,0.3426675251230358,0.705752254979014,1.3754892785364758,False,True,immune_core,0.05783977738761204
CGTACCTGATAGGCCT-1,6932,13703,-0.3988597086125316,-0.1225058005439548,0.2942081152186747,False,False,interface,0.042326618661881484
CGTAGCGAATTGTCAG-1,5158,13357,-0.2008584844804884,-0.3212366409240308,0.0701789701525478,False,False,interface,0.01134602128340205
CGTATTAAGAGATCTA-1,8898,15295,0.0828730879672984,0.0448335418650708,-0.3893846733026482,False,False,other,0.009039329434620096
CGTATTGTTTCCTAAT-1,7149,7245,-1.5842799472074067,-0.4407811468497151,-0.3790598573973113,False,False,other,0.0015785769213958797
CGTCAAATGGTCGCAG-1,6557,7356,-1.3128394069722862,-0.2513075877902674,-0.726411659496062,False,False,other,0.00894804939995314
CGTCAAGGCTATAAAT-1,8490,19826,0.3270850143350807,0.9065579727691934,0.591261694864255,False,True,interface,0.010333671266030383
CGTCACGTCCATTGGT-1,11855,15644,0.3844211386111478,0.9238680728934356,1.2611534273069167,False,True,interface,0.06915783146531747
CGTCAGCTATTTACTC-1,5926,20158,1.295143191118487,0.8631092362762357,1.171488914183616,True,True,interface,0.04699713383829232
CGTCAGTGCGCACAAG-1,4756,15849,1.1465230198848635,0.2328333006665599,-0.4092622716673003,True,True,interface,0.36039087609082054
CGTCATACCATATCCA-1,6520,19140,0.1073919431390322,-0.0747109640606134,0.7982923868017809,False,False,interface,0.012875725635937923
CGTCCAGATGGCTCCA-1,4936,21401,0.2392642315725829,-0.2016921349983465,0.3704728512911345,False,False,interface,0.031970046716828286
CGTCGCGGCGGGATTT-1,4941,19815,-0.4510826332152944,-0.4407811468497151,-0.0935818163061812,False,False,other,0.016376035388818638
CGTCGGATAGTGTTGA-1,9308,10538,-0.7322977798578804,-0.4407811468497151,-0.5824674191352042,False,False,other,0.022711575539291647
CGTCGGGTCTAAGCGC-1,13224,18935,1.0042507456814336,-0.1225058005439548,0.1180052939840217,True,False,tumor_core,0.006014258559042265
CGTCGTCCTTCGCGAA-1,13638,12817,-0.0915974428147282,-0.4407811468497151,-1.031395076882302,False,False,other,0.012659859765004096
CGTCTGGAAGGGCCCG-1,5747,14379,1.3679340353502416,-0.0433194660895632,-0.5011211999794544,True,False,interface,0.22623721596401727
CGTCTTGAGTGTGACG-1,10698,7256,-1.1467903746692982,-0.3212366409240308,-1.0734350239031232,False,False,other,0.0018506069754611156
CGTGAAGTTAATTCAC-1,10476,15074,0.0458465700867353,0.042775231313975,-0.2328735642033097,False,False,other,0.006183090953518322
CGTGACATTGGGTCGT-1,5557,11999,-1.0861170464025862,-0.2513075877902674,0.7986287327607992,False,False,other,0.011532702058131757
CGTGCAGACTGGGACA-1,10483,13034,-0.4425350604957166,-0.3212366409240308,-0.4479572396302045,False,False,other,0.006283518032204592
CGTGCATTGTCGACGC-1,10270,17906,-0.9531244088634486,0.7666998665016667,-0.1532527861337972,False,True,immune_core,0.04999064419901286
CGTGCCCTCCCGAAGA-1,11075,12696,0.0575549285012378,-0.3212366409240308,-0.6511889869371348,False,False,interface,0.006016036392265386
CGTGCTTCTACCTAAA-1,14804,18260,0.1084744242463285,-0.3212366409240308,0.2019109833309281,False,False,other,0.010027151757088298
CGTGGAAGCCTCGTAC-1,12076,7827,-0.5394603487492751,-0.3212366409240308,-0.1914082245485051,False,False,other,0.0015648210749556008
CGTGGCCGAATATCTA-1,11872,9979,-0.505309067954262,-0.0500471935562973,1.1128390675300286,False,False,other,0.003350183016849065
CGTGTCCCATTCGCGA-1,8105,16879,-0.5778631021169257,-0.4407811468497151,-0.6283508852552279,False,False,other,0.01533897414093148
CGTGTCTCGTTACGAC-1,14412,17579,0.5599884288032462,-0.0747109640606134,0.0697338088589354,True,False,interface,0.03967518235962763
CGTGTGTTAAACCCTG-1,8920,8270,-0.4305124110110849,-0.4407811468497151,-1.0393420120110248,False,False,other,0.0007787334622495713
CGTTAAACTAGTTAGG-1,12270,8847,0.248571567253844,-0.4407811468497151,-0.8272619607067254,False,False,other,0.0059942318702718685
CGTTAATGTCCCGACG-1,14233,11573,-0.6878235370790776,0.2328333006665599,1.0062159432574551,False,True,interface,0.12749428043192954
CGTTAGCTCACAACTG-1,5362,11205,-0.4603687286983201,0.6108017575654567,0.9624627434316628,False,True,immune_core,0.014439102580147032
CGTTATCATACTTCCA-1,11443,21309,-0.4177595537279904,-0.3212366409240308,-0.4630975553803977,False,False,other,0.00362277380573373
CGTTCATGGTGCGCGT-1,12041,19158,0.4136632540113821,-0.4407811468497151,0.4553812121725015,False,False,other,0.05845604829363487
CGTTCTTCGCACACCT-1,6355,9055,-1.053886532725654,-0.4407811468497151,-0.8756100492365813,False,False,other,0.00040119141237916035
CGTTGAATACCGCGCT-1,13835,12705,-0.0716439107771027,-0.4407811468497151,-1.16198044260795,False,False,other,0.02068451853423084
CGTTGAGCGACCGTCG-1,11271,13037,-0.3257276872820208,-0.0235668769154916,0.3586047394263631,False,False,other,0.008850991609194949
CGTTGAGTAATTGCGT-1,4775,9957,-0.5998151517303519,-0.3212366409240308,-0.3907975355902333,False,False,other,0.00413689063460676
CGTTGTAAACGTCAGG-1,6715,19934,1.1914300296059643,0.5220602921429001,-0.3049554771203182,True,True,interface,0.028666264902760308
CGTTGTAAGATTGATT-1,7735,9173,-0.5553423464921509,0.1276196200362519,-0.3227957953619442,False,False,other,0.021224185796114153
CGTTGTTTCAATTCCC-1,9288,16883,0.8659106210783245,-0.3212366409240308,-0.6575198924896686,True,False,interface,0.01640131060480059
CGTTTAAGCGGAGCAC-1,5154,14717,1.802180513377064,0.4747851977975128,0.3139802191368392,True,True,interface,0.09296948556829025
CGTTTACAAGGCAGCT-1,6752,8150,-0.7031128535399925,-0.2513075877902674,-0.0342814764401359,False,False,other,0.005195946160401913
CGTTTCACTTCGGGCG-1,6152,10981,-0.7441585607199913,-0.2513075877902674,0.0003552287844853,False,False,other,0.009285185571137687
CGTTTCGCTCATTACA-1,9488,15864,0.339550591963586,0.0448335418650708,-0.673198712332577,False,False,interface,0.031787337375574175
CGTTTGTGTAGAGGGT-1,13428,16782,1.1642844203126663,0.0833182769119773,0.274667967602609,True,False,interface,0.14144497964362204
CTAAAGAATGCCTACT-1,9681,17337,1.4823521942796791,-0.3212366409240308,-0.5263140974999015,True,False,interface,0.1080586823489428
CTAAAGGGAAATAGGA-1,11267,14396,1.0851969113375264,0.1751639634645842,-0.4478987005971378,True,True,interface,0.04000694165221388
CTAAATCCGGTGTACA-1,14609,17466,0.0230817211888118,0.8490282352290394,0.8574326899601112,False,True,interface,0.028163591894810738
CTAAATCCTATTCCGG-1,7726,11892,0.6805168309749908,0.1368968116492561,0.9876576623999068,True,False,other,0.6755437255378531
CTAACCGCGCGCCCGT-1,9877,17451,0.8825149167380736,0.7719314516215828,-0.6051037136725723,True,True,interface,0.1825630949043798
CTAACGAAACTTGCTG-1,8518,10762,0.7072378867221533,0.1219615657683667,-0.5506473698675125,True,False,interface,0.04966134329274432
CTAACTGATAATCGCC-1,14041,9873,-0.5547743358657446,-0.4407811468497151,-0.5827483799733956,False,False,interface,0.03075080352925041
CTAACTGGTCCGGTTC-1,12441,17346,-0.5825633872572747,0.1623197372396593,0.3029108566415076,False,True,other,0.03518205346732784
CTAAGGGAATGATTGG-1,11271,13263,0.3859464287727442,-0.3212366409240308,-0.6127228449006908,False,False,other,0.001440416789519404
CTAATTATGAAGCGTA-1,4782,7691,-0.7453421766197481,-0.4407811468497151,-0.950796593306198,False,False,other,0.0007324749149906861
CTAATTCGCACGCGCT-1,8103,17559,-0.323522105870058,0.4622454847384969,0.5564209012086395,False,True,immune_core,0.02256095622049677
CTAATTCTCAGATATT-1,7931,9514,-0.3816914398015498,-0.2513075877902674,0.0793000268313846,False,False,interface,0.017366673715290697
CTAATTTCAACAACAC-1,6720,18348,-0.0482010373511878,0.0669677585154927,1.3388784449101023,False,False,interface,0.014661875483298276
CTACAAGAAATAACCC-1,14019,16898,1.1854525422525042,-0.2513075877902674,0.532146226040265,True,False,interface,0.03430236853868708
CTACACTCGCAGATGG-1,13844,9985,-0.4579117337898153,-0.2016921349983465,0.9285865989877576,False,False,interface,0.06420644928787482
CTACCCTAAGGTCATA-1,8714,11102,0.5248114241699061,-0.4407811468497151,-0.5016931211281375,True,False,tumor_core,0.029792666642746057
CTACGACTAGCTATAA-1,10071,18698,0.5237596707853249,0.093553550645775,1.4321728509325042,True,False,interface,0.023585119237937296
CTACGCACGGAGTACC-1,9491,14957,0.2081844182424233,0.0636733419489547,0.0271747822372922,False,False,interface,0.04043145355464627
CTACGCCATTTCCGAT-1,4964,12337,0.0244666016054382,0.4701010274025199,1.417115000483627,False,True,interface,0.03405698305859809
CTACTATCATAGGTTT-1,13028,18594,0.0296617018747614,-0.3212366409240308,-0.022355381985395,False,False,other,0.020044319936817167
CTACTATCTTTCAGAG-1,8321,10874,-0.1968420664420695,-0.0581472202099654,0.1344423208297641,False,False,other,0.009923984274437615
CTACTCAAGGTATAGT-1,14414,16672,0.3434154501947587,0.0959776290101926,0.4821759100530838,False,False,interface,0.010353679611531484
CTACTCTAGGCCCGGC-1,8691,18581,0.3880241701000506,0.5005325468462009,-0.7396127440044459,False,True,interface,0.09078772851015667
CTACTGCCACCTGACC-1,7916,14272,-0.8956539802232332,-0.3212366409240308,-0.4463927164980791,False,False,other,0.008064102636208709
CTAGACATATATGTAG-1,4186,9162,-1.031097360784073,-0.4407811468497151,-1.16198044260795,False,False,other,0.0004852293315431179
CTAGACTGCATTTCGT-1,4576,10523,-0.7413774729829946,0.0774450524831358,0.968031906999668,False,False,other,0.03250251104469901
CTAGATGTGAGTGTAA-1,9113,9744,-0.6613455258199359,-0.4407811468497151,-0.943421330684519,False,False,other,0.006932664742749746
CTAGATTTACGACGGC-1,10877,13035,1.1602403182393284,-0.4407811468497151,-0.956384347243648,True,False,tumor_core,0.006813557708899391
CTAGCATAGTATAATG-1,9297,13937,0.5585362153861648,0.1240198763194625,-0.2689843140960558,True,False,interface,0.12005449626307103
CTAGCCGATGTTATGA-1,7141,9964,-0.2074237772414846,-0.1120285065763117,-1.16198044260795,False,False,other,0.0009437773253728701
CTAGCTTAATGGTCCC-1,11881,7260,-1.233765553657425,0.0044753703937782,-0.3873357450333907,False,False,other,0.015370383172586802
CTAGGCGCCCTATCAG-1,12657,11115,-0.5707528945488509,-0.4407811468497151,-0.8910539086244983,False,False,other,0.007128206273997167
CTAGGTCTGAAGGAAT-1,9705,9632,-0.9335398928366164,-0.4407811468497151,-1.0412873108220793,False,False,other,0.001601492627852033
CTAGGTTCGGACGTGA-1,14030,13498,-0.0768358555261716,-0.2513075877902674,0.2768384816971716,False,False,other,0.01791108240705373
CTAGTATTCGGAATTA-1,5359,12338,-0.4083350348466001,0.5387513861771859,0.7826263799439713,False,True,interface,0.009758065665470642
CTAGTCACGTCTTAAG-1,9889,13599,-0.53342381495924,-0.3212366409240308,0.7669210787485553,False,False,other,0.0385140019485243
CTAGTGAAGGACAGGA-1,9287,17109,0.741170062204886,0.3257913456551328,0.4998900054630807,True,True,interface,0.029449303491878135
CTAGTTACAACCCGGT-1,13043,13835,0.674907498021062,0.544953663879409,0.4895946263521593,True,True,tumor_core,0.03618053413731558
CTAGTTGGGCCCGGTA-1,7720,13705,-0.5010654196297366,-0.3212366409240308,-0.0044062419128774,False,False,other,0.023418295271875614
CTATAAGAGCCAATCG-1,7732,10079,-0.1105111799849454,-0.4407811468497151,-1.031395076882302,False,False,other,0.006323721281239606
CTATAGGCGTTGATGT-1,14807,17127,-0.3291710468213975,-0.4407811468497151,0.2067105809643455,False,False,interface,0.027773910031853886
CTATCGACGAAATACA-1,13052,10889,0.0098940465788772,-0.1225058005439548,0.056215392204815,False,False,other,0.0008755268605741473
CTATCGGGTCTCAACA-1,9495,13598,-0.3280100754602532,-0.4407811468497151,-0.003723686011504,False,False,interface,0.12959740944511955
CTATGGGAAGCGGAAT-1,13253,9644,0.0535099775742567,-0.0747109640606134,0.2199093898769751,False,False,other,0.005536170478208248
CTATGTCACTAGCCCA-1,8508,13934,-0.1413207948795096,-0.3212366409240308,0.4917973748268434,False,False,other,0.0016693883964040708
CTATGTCTATTGAAAC-1,4758,15169,-0.6739545325419757,0.3985548063024614,1.461348977798224,False,True,immune_core,0.05099862152133614
CTATGTGAGTCACGGC-1,11448,19496,0.0893714479423617,0.6063401484677103,1.3167889672737727,False,True,interface,0.04598486551964317
CTATTCATGTGTCCCA-1,12844,14401,-0.3762365291865422,-0.3212366409240308,-0.0273984084301338,False,False,interface,0.13435351527178108
CTATTGTGTTTGGTCA-1,5169,9958,-0.5179514789094685,-0.0525767474101915,-0.4545752144534061,False,False,other,0.027436387719953898
CTATTTGGTTACGGAT-1,9697,12125,-0.0540340763114677,-0.1225058005439548,0.6938251985011724,False,False,other,0.0014342173208543568
CTCAAGACATTAGCGC-1,5367,9845,0.2925661832661488,0.1240198763194625,0.044729305151313,False,False,other,0.02259055334135868
CTCACACGCAAGCCTA-1,6162,7582,-0.8303524371004112,-0.3212366409240308,-0.3932208413418449,False,False,other,0.015128047004611027
CTCACATTTACTAAAT-1,14818,13727,0.1980872531345223,1.1092734713176604,0.7848816753690456,False,True,interface,0.07877722215194287
CTCACCAGTACAAGTG-1,8880,21187,1.174937944352053,1.264965707210741,0.0723441064686742,True,True,interface,0.17613551344533343
CTCACTTGGCTGGTAA-1,10466,18473,-0.6609000244883151,-0.1225058005439548,0.3494563864178912,False,False,other,0.011003568183585279
CTCAGATTGTGATAAG-1,11050,20854,0.7930206222249424,-0.4407811468497151,-0.4131477024233108,True,False,other,0.07178714035210282
CTCAGGACTCACCTGT-1,5735,18005,-0.4579996500210638,-0.3212366409240308,0.9909639759909334,False,False,other,0.006618434334651126
CTCAGTCACGACAAAT-1,7336,10531,-0.8577586697611546,-0.4407811468497151,-0.95500753478984,False,False,other,0.001964591553706954
CTCATCACTTAGTGAT-1,8135,7361,-0.924044551870592,-0.4407811468497151,-0.9123597183884308,False,False,other,0.0004736806625267799
CTCATGGCTCACAATC-1,5156,14264,1.105008809572285,2.330943975065616,0.2728653774596813,True,True,interface,1.1259619948213964
CTCATGGTAATTTGCG-1,12437,18479,-0.3090134150982322,-0.2016921349983465,-0.1770307056467527,False,False,interface,0.01971828782124296
CTCATTAACGTTGCCC-1,8333,7022,-1.1829084903205698,-0.4407811468497151,-0.7031605509210747,False,False,other,0.001917430489069764
CTCATTCGTGAACATC-1,7894,21071,0.279320860456101,-0.0029612946182705,-0.0466273225184473,False,False,interface,0.024189336717657835
CTCATTGCTCTAACAA-1,14427,12593,-0.2875887387629273,0.0636733419489547,-0.7915301551949386,False,False,interface,0.0515442499207321
CTCATTTGATGGGCGG-1,6930,14383,0.7690142296026429,0.0355234404286359,0.3561228481228648,True,False,interface,0.0274189817985903
CTCCCAATGAGTCGCG-1,12666,8395,-0.8766473519215999,-0.4407811468497151,-0.780253010778405,False,False,other,0.0034520889665028086
CTCCCTCCTTTCGATC-1,12633,18820,0.2903818132654162,-0.4407811468497151,-0.2742745919650276,False,False,other,0.0008683273771019296
CTCCGCCCACATGAGG-1,11062,17002,0.8067085042293678,0.0959776290101926,0.3509115962562807,True,False,interface,0.008594450117529873
CTCCGGCCTAATATGC-1,6337,14721,0.8084035830918003,-0.0525767474101915,0.8514328563238304,True,False,interface,0.025995354198984282
CTCCGGCTTGTAGACA-1,5534,19251,-0.7369481841729083,-0.4407811468497151,-0.264230273520983,False,False,other,0.026886398542171158
CTCCTAAGTTATGTCT-1,4947,18002,-0.4461762037276098,-0.3212366409240308,-0.3406178156134448,False,False,other,0.008682729987585154
CTCCTCCAGCTCACAC-1,14812,15767,0.5585870552180825,1.3118186847220152,0.5020023113224206,True,True,interface,0.023568028476712386
CTCCTGTTCAAGGCAG-1,13455,8171,-0.1818837057681104,-0.4407811468497151,-0.7415580428155008,False,False,interface,0.01719187719217326
CTCCTTTACGCAAGTC-1,7143,9058,-0.5179309087519607,-0.4407811468497151,-1.0527008866462346,False,False,other,0.005006768035694771
CTCGAGACATACGATA-1,13416,20635,-0.4430400521871284,-0.3212366409240308,-0.4731321119596279,False,False,interface,0.018419615127700403
CTCGAGGTCGAACAGT-1,8309,14727,0.8559857956561062,-0.4407811468497151,0.0286087097332221,True,False,interface,0.07833878275375328
CTCGATATTTGCGAGC-1,7140,10191,-1.2156558417458392,-0.3212366409240308,-0.9527418921172526,False,False,other,0.007316833819911601
CTCGCACCTATATAGT-1,7326,13704,-0.1079690211419214,-0.0525767474101915,0.3295109458457137,False,False,interface,0.0013474443347108597
CTCGCATTGCATAGCC-1,14404,20071,1.0903869508848387,-0.3212366409240308,0.1766727269326509,True,False,interface,0.0010150958544939846
CTCGCCGAATGTAGGG-1,14422,14179,0.820472501928274,0.2062468397294485,-0.3009783684614282,True,True,interface,0.030502128239953474
CTCGGGATAACACCTA-1,8725,7703,-0.2750536135617241,-0.4407811468497151,-0.988776444313172,False,False,other,0.00014417613714078198
CTCGGGTTCTCTGGCC-1,14606,18372,0.2392829507648395,-0.3212366409240308,0.0577541999339457,False,False,other,0.008224896581700225
CTCGGTACCACTGCTC-1,10682,12242,0.1866572829860462,-0.3212366409240308,-0.433184183566787,False,False,other,0.0020536164933855345
CTCGGTCCGTAGCCTG-1,6137,15740,0.3647582227321588,0.1957695457618053,0.3605555913367041,False,True,interface,0.05953138259451326
CTCGGTTGTCGGCCCT-1,13620,18483,-0.4247661534110157,-0.2513075877902674,0.8544342234651905,False,False,interface,0.11496939670176422
CTCGTCGAGGGCTCAT-1,14406,19392,1.596211261064427,-0.1225058005439548,-0.6066681970875253,True,False,interface,0.06061195568225824
CTCGTTTCTAATGTTT-1,6945,9624,-0.6612921457967784,-0.4407811468497151,-1.16198044260795,False,False,other,0.000378498031310886
CTCTAATGCATTGATC-1,7341,8945,-0.7922453305039169,-0.4407811468497151,-0.4742598277750507,False,False,other,0.018161947113295142
CTCTACACTGGCGATT-1,11054,19494,-0.7487929765166379,-0.16320739995144,2.299685672975809,False,False,other,0.03346305685805217
CTCTATTTGGCTGCAG-1,12058,13719,0.389139524870911,-0.2016921349983465,-0.8910539086244983,False,False,interface,0.011015168382459854
CTCTCACAATCGATGA-1,8904,13482,-1.1418162607027689,-0.16320739995144,0.5796582201760838,False,False,interface,0.1778756150303539
CTCTCGCTGTACTATG-1,7304,20729,1.167899484047883,0.1276196200362519,-0.1769817451885709,True,False,interface,0.040722608279661066
CTCTCTAACTGCCTAG-1,13815,19050,1.0512147264289888,-0.16320739995144,0.4006915713477453,True,False,interface,0.06899048612370338
CTCTGCGAAGCAAGCA-1,4954,15736,1.936558574896251,-0.3212366409240308,-0.0843787722330873,True,False,interface,0.22725582028319613
CTCTGGACGCCTGGTG-1,8901,14389,0.7443114837368364,0.1313263388494822,0.2129632417684528,True,False,interface,0.06913159517259516
CTCTGTTTGAGGATTC-1,5356,13245,-0.4435285816805114,-0.3212366409240308,-0.5683540445207228,False,False,interface,0.04077774857693617
CTCTTCTATTGACTGG-1,11675,10092,-0.7741937971810696,-0.4407811468497151,0.0795766631968828,False,False,other,0.004405759499112911
CTCTTCTGGAAGTTAG-1,14808,16900,0.0881953949773436,0.2913592187284882,0.6244181430550214,False,True,interface,0.01043141183589694
CTCTTGTCCCGCTTGG-1,13237,14856,-0.5976480085999987,-0.2016921349983465,1.6103674910221044,False,False,interface,0.21365245292301852
CTGAAAGAGATCCGAC-1,6341,13588,0.0775148153950762,0.8248266144482338,1.0699323635783686,False,True,interface,0.20519848811642213
CTGAATCCGAGACCTC-1,11855,15418,0.7240190869730242,-0.3212366409240308,-0.5707129456250258,True,False,interface,0.01286866559208602
CTGAATTTATTGCCAG-1,6945,9397,-0.3244209881216541,-0.3212366409240308,-0.8484352760553681,False,False,other,0.00017505599063364643
CTGACATAGAAATAGA-1,12667,7942,-0.3166817651919765,0.2914140528237304,-0.2090147630807966,False,True,immune_core,0.02422505616222854
CTGACTGCGCAGCTCG-1,8718,9969,0.1459718280584187,-0.0500471935562973,-0.2501322649636625,False,False,interface,0.0012574678811167232
CTGAGAAAGTTCGGCG-1,12272,8167,-0.8266140733837111,-0.2513075877902674,-0.7178499103297202,False,False,other,0.0031732900851842677
CTGAGCAAGTAACAAG-1,5536,18571,-0.590425524799854,-0.4407811468497151,-0.2369148122647588,False,False,other,0.0027406322922402266
CTGAGCGAGACTTATT-1,8726,7250,-0.8288116724738778,-0.2420503064696391,-1.16198044260795,False,False,other,0.0013036987758817287
CTGATAGTGTATCTCA-1,8885,19601,0.1349107829102996,0.2820491172920533,0.1871173792783333,False,True,interface,0.06457643787871582
CTGCAAGCACGTTCCG-1,14636,8855,-0.459297167508486,-0.3212366409240308,-0.864196473412426,False,False,other,0.00017844436023831302
CTGCACAACTACATAT-1,12455,12814,0.4302926641174694,-0.0747109640606134,0.3983444817349239,False,False,other,0.016660589436582413
CTGCACCTAGTCCACA-1,8329,8155,-0.4524242914423179,-0.4407811468497151,-0.8093693242634388,False,False,other,0.0038880637653277376
CTGCACCTGGAACCGC-1,5545,15851,1.50405229161736,0.4786115556499423,0.7633810542811543,True,True,interface,0.0196948227499236
CTGCACTCCAGTACAG-1,13241,13496,0.0069477846660059,0.0613972857157188,-0.950796593306198,False,False,other,0.003574477037515631
CTGCAGAGAATCAGAG-1,14632,9988,-0.6138001638145327,-0.2420503064696391,-0.6686371414184714,False,False,other,0.02591188954073016
CTGCCAAGGTTGGAAG-1,6738,12682,-0.4324840799603655,-0.0029612946182705,0.2115476753987943,False,False,other,0.0012456452090047801
CTGCCATGCATCACAT-1,10478,14394,0.792091266545181,-0.4407811468497151,-0.5265558223545187,True,False,tumor_core,0.002206036164320737
CTGCCCACGAAGCGTT-1,8881,20734,0.2299831255104727,0.4120709171853808,0.9480352613439378,False,True,interface,0.03562462262675196
CTGCCTAGCCACCAAG-1,4176,12334,1.003659604189801,0.3834224885126736,1.318643200045518,True,True,interface,0.011452021774031542
CTGCCTCATATGCAAC-1,9119,7704,-0.3062449253060618,-0.4407811468497151,-1.021639274350146,False,False,other,0.00018606015485182875
CTGCGGGTGAAATGTT-1,8690,18807,0.9331957557607076,-0.16320739995144,-0.5319007022642257,True,False,interface,0.09859441444785633
CTGCGGTAGTCACGTG-1,4574,10976,1.0144569356500273,0.0075159993493725,-0.0797625847402175,True,False,interface,0.14344168600561732
CTGCGTTACGATATAA-1,5757,11206,-0.5168232744447935,-0.2016921349983465,0.5141805293267855,False,False,other,0.019431944010823172
CTGCTGAGGCCACGAA-1,12243,17459,0.8879702117378354,-0.1225058005439548,-0.5584618105809455,True,False,interface,0.031017406919453903
CTGCTGTCTAACGAGC-1,12273,7941,-0.2067340030838731,-0.4407811468497151,0.1415830265280503,False,False,other,0.006947494323115218
CTGCTTGGCGATAGCT-1,13046,12929,-0.145618759435334,-0.4407811468497151,-1.16198044260795,False,False,other,0.004691232988849253
CTGCTTTATGTCCGCG-1,6553,8716,-0.8810874349157534,-0.4407811468497151,-0.6591359220658575,False,False,other,0.0004807525453144842
CTGGAAATGGATGCTT-1,8307,15407,-0.318415162561972,-0.0029612946182705,0.8869684335826619,False,False,interface,0.03026551037793886
CTGGAAGACACGGTGG-1,12459,11454,-0.3377532522887265,-0.4407811468497151,-1.16198044260795,False,False,other,0.00040384770787364787
CTGGACGCAGTCCGGC-1,12630,19953,-0.1320545707306865,-0.4407811468497151,0.3123505637903908,False,False,interface,0.010112015567202782
CTGGATTTACACTTGA-1,12250,15192,0.0357697695088909,0.9810501080946146,0.1367855409612335,False,True,interface,0.038313290444973495
CTGGCATCCGAATGAG-1,12043,18478,-0.2963900624106506,-0.3212366409240308,0.2548718156599411,False,False,interface,0.050273725808638196
CTGGCGACATAAGTCC-1,5951,12227,0.1796765506825776,0.1276196200362519,0.9367475634968268,False,False,other,0.130912683420742
CTGGCGCACAGGTCTG-1,9897,11333,-1.1755652540679065,0.0075159993493725,-0.1842478276684084,False,False,other,0.029384364008615747
CTGGCGGGAATAAGTA-1,6521,18914,0.1490727136193412,0.6839036918199831,1.0518578462071349,False,True,interface,0.021082997159617034
CTGGCTGATTCATCCT-1,11279,10544,-0.383973238873641,-0.3212366409240308,-0.2500737259305958,False,False,other,0.001052282065910229
CTGGCTGGTTGTCAGT-1,13236,15082,0.674367766830073,0.4015936232177376,1.5846772309679629,True,True,immune_core,0.03972006529797583
CTGGGATAAATAATGG-1,10092,11900,-0.1952061072413282,-0.0747109640606134,-0.3716164005129035,False,False,other,0.005731307612571106
CTGGGATACGCTACCC-1,9906,8160,-0.36894640590772,-0.4407811468497151,-1.16198044260795,False,False,other,0.0009601041793615954
CTGGGCCTGCTATATC-1,11256,18022,1.4591206754748005,0.1939489294532258,0.9601873982069904,True,True,interface,0.07487613044646765
CTGGGTAGGCAGTTAA-1,11076,12469,0.6003125284824861,-0.3212366409240308,-1.0734350239031232,True,False,interface,0.009120885921370177
CTGGGTTGAGTTAAAG-1,13023,20180,-0.0687413738707414,-0.3212366409240308,-0.2929926223874097,False,False,other,0.0026382363801951882
CTGGTAACACATAGAA-1,10882,11449,0.2600156817442563,-0.4407811468497151,-0.8207829000875939,False,False,other,0.0017712843830477284
CTGGTAACGAGCTCTT-1,8322,10421,-0.6389482044369351,0.2564214072825646,0.2761636535424376,False,True,immune_core,0.1415699929542865
CTGGTCATTCCAATCC-1,7110,19709,-0.2914803716221605,0.8002753166249045,1.8515913247757152,False,True,interface,0.09094998326772868
CTGGTCCTAACTTGGC-1,3973,14033,-0.2728915337944792,-0.1225058005439548,0.003148833136741,False,False,interface,0.058363936328547854
CTGGTTCGCGAGCTAC-1,10895,7370,-1.18429320977156,-0.3212366409240308,-0.8030801624267152,False,False,other,0.004329548261784309
CTGGTTTCGAGCAAGA-1,11671,11451,-0.4673072880446875,-0.4407811468497151,-0.950796593306198,False,False,other,0.00010872034294490928
CTGTACTTCTTAGCAT-1,10277,15640,0.2468762885288713,-0.4407811468497151,-0.8093693242634388,False,False,other,0.019672604231576588
CTGTAGCCATCTCACT-1,13627,16217,0.6566931353403047,-0.3212366409240308,0.2681697230857505,True,False,interface,0.04957218772142095
CTGTATGGTGTAGAAA-1,6525,17781,1.3774525622256166,0.0774450524831358,0.1580999421937882,True,False,interface,0.002994665302281762
CTGTCAAATGGCTCGG-1,7134,12004,-0.3624893296054865,-0.4407811468497151,-0.7697781542979872,False,False,interface,0.010093582256713423
CTGTCACGCCAGGCGC-1,4577,10296,-0.1713558379144289,0.6454189567730766,1.3031225157962365,False,True,immune_core,0.03199534440467894
CTGTGCAGGGTAGGTC-1,10876,13489,-0.3912323810980164,0.0833182769119773,1.100213783141596,False,False,interface,0.00649120157295448
CTGTGGTCGGGAGATA-1,13445,11344,-0.1528123188604568,0.9807899882153764,0.4398538530209454,False,True,immune_core,0.08107878768544093
CTGTTACCCAATCTAG-1,12054,14852,0.3764249473245828,0.326350460416328,-0.0625717427087712,False,True,interface,0.005562186644760575
CTGTTCACTGCCTGTG-1,6927,15062,0.1491231305045632,-0.0525767474101915,1.0881941143042508,False,False,other,0.022281461143891165
CTGTTCATCTCACGGG-1,6920,17555,0.7086188529512624,-0.0062557111848086,0.2944070338589719,True,False,interface,0.009467704318104933
CTGTTGGCTCTTCTGA-1,6514,21180,0.7781396473976125,0.7706029334245019,-0.08718398600077,True,True,interface,0.3133461984948717
CTTAAATAAGACCCAT-1,7502,20390,0.3653132004450213,0.1147625949988342,0.7180567238801687,False,False,interface,0.2649218844072652
CTTAACTTCGAAGTAC-1,4761,14263,-0.3770293557684322,-0.2016921349983465,0.2097613048725402,False,False,interface,0.3101402514363781
CTTAAGCAGCGAGCCG-1,12626,21086,0.7534711325380643,-0.4407811468497151,0.2212611371871204,True,False,tumor_core,0.020885700615358552
CTTACACGGTATTCCA-1,8698,16314,-0.2152238172079169,0.4120709171853808,0.7924853964412986,False,True,interface,0.05906830061910564
CTTACACTGGGAAATA-1,5742,15965,0.6515333660940723,0.3551528374374257,-0.2553875635164497,True,True,interface,0.06351180975265204
CTTAGCCCGGATAGTG-1,7897,20391,-0.7958443176288135,2.2505102607004965,0.626073256207109,False,True,immune_core,0.4485174767679403
CTTAGCCTTCCACATG-1,6935,12570,-0.3567879610903356,-0.0525767474101915,-0.1917952576928577,False,False,other,0.0003029127634974961
CTTAGGTCCCAATCGT-1,7150,7018,-1.2156558417458392,-0.4407811468497151,-0.4884908874466277,False,False,other,0.0004363304874244854
CTTAGTAGGCCTACAG-1,8915,9857,0.0403269952065639,-0.3212366409240308,-0.6900040181171407,False,False,other,0.0073784256808133416
CTTAGTGTAGTAGCAT-1,14626,12027,0.6439725612087516,-0.3212366409240308,-0.5607034362873524,True,False,interface,0.009716473979916826
CTTATGCGCTCAGGGC-1,11052,20174,-0.5698177844026445,-0.4407811468497151,-0.4704123608656517,False,False,other,0.005613266993202779
CTTATGTTGACTACCA-1,5143,18343,-0.2983071344128568,-0.4407811468497151,-0.1174785132265894,False,False,other,0.005540898292509069
CTTCAACTCCACTTGG-1,14230,12706,-0.7818800261117904,-0.2513075877902674,-0.9300624560493091,False,False,interface,0.10388242560720413
CTTCAGTGGTCGCCTA-1,13223,19388,0.6915988117089383,-0.0062557111848086,-0.0952015676928476,True,False,interface,0.016027099889368287
CTTCATAGCTCAAGAA-1,6329,17213,1.3719179725089783,-0.0618539390231956,0.2453031001587953,True,False,interface,0.13615885710085388
CTTCATTGTCAGTGGA-1,9689,14618,1.2211100664914556,-0.4407811468497151,-0.0831072402333946,True,False,interface,0.07499457108299894
CTTCCGCTCCGTGAAG-1,13629,15763,-0.2724074342108486,-0.2513075877902674,0.7120973635920852,False,False,interface,0.249608607765304
CTTCGGCCAATTGTTT-1,12467,8961,-0.7407968402913309,-0.3212366409240308,-0.5958262937704141,False,False,other,0.0012384236031819824
CTTCGTAGATAGGTGA-1,10275,16319,0.2840358060578375,-0.0029612946182705,0.5655810507133695,False,False,interface,0.002506953005558047
CTTCTATGTTGAAGTA-1,11649,18250,1.4068977910552836,-0.3212366409240308,-0.2955454224127755,True,False,interface,0.024004951113049313
CTTCTATTAATGCTAG-1,12642,16100,0.548506103364896,0.1846717378402217,-0.2358771883259052,True,True,interface,0.008555099400631589
CTTCTTACGTCGTATA-1,5352,14604,0.4838193295511696,-0.1225058005439548,-0.4878187716311781,False,False,interface,0.2187890459410459
CTTGACCCGAAAGATA-1,4365,14941,0.1948022095001208,2.160163312737235,0.8975642268060001,False,True,interface,0.4622842990938338
CTTGAGGTTATCCCGA-1,4945,18682,-0.7497452489455424,-0.0767692746117092,-0.2311867855641284,False,False,other,0.004616426104929553
CTTGAGTTAGGGTAAT-1,10292,10881,-0.5442271265342699,-0.1225058005439548,0.9396671070937348,False,False,other,0.0014649744892421886
CTTGCAACCGCCTCCT-1,11057,18588,-0.0071355856657728,0.6643783958961597,1.3316257640913889,False,True,interface,0.16367068266376297
CTTGCCCAGGCTCTAC-1,11462,15190,0.5080943465626112,-0.4407811468497151,-1.16198044260795,True,False,interface,0.0035492821091014696
CTTGGCCAAGCTGGGA-1,14617,14973,1.0295659567516862,1.695012930838765,1.968914451418674,True,True,interface,0.5383478686981129
CTTGTACTTGTTGACT-1,6729,15628,-0.3550619806358507,-0.3212366409240308,0.9164795516704162,False,False,other,0.05222496437852329
CTTGTCAACATTCGAG-1,12451,13947,0.4207244819747657,-0.4407811468497151,-0.8664621160850133,False,False,other,0.0070549984480523485
CTTGTGAGTCTTTGAC-1,4554,17548,1.428351885816901,-0.2016921349983465,0.6313753919109966,True,False,interface,0.045049993494075784
CTTGTGCTCACCGATT-1,6941,10757,-0.9988107285642738,-0.4407811468497151,-1.16198044260795,False,False,other,0.0012849097586724563
CTTGTTGCTGAGTCAA-1,10090,12353,-0.6295450095627204,-0.4407811468497151,-0.6568994632255496,False,False,other,0.006410752862216001
CTTGTTTATGTAGCCA-1,6129,18233,-0.2779221142069478,-0.2513075877902674,0.8398082628588052,False,False,interface,0.013524136788718914
CTTTAACTTTCAAAGG-1,7129,13817,1.0769279353636545,-0.2513075877902674,0.1384759234145293,True,False,interface,0.023806773531681005
CTTTAATATTGGTCGA-1,12651,13154,0.3889670868839975,-0.4407811468497151,-0.950796593306198,False,False,other,0.0008166291489075463
CTTTACCGAATAGTAG-1,12458,11907,-0.4891619079379967,-0.4407811468497151,-0.964155467941408,False,False,other,0.002272202708099954
CTTTAGGAACACTGTT-1,10684,11562,0.0252889257338975,-0.2513075877902674,-0.6153136390503112,False,False,other,0.06478187668086781
CTTTAGTGCTATTATT-1,11268,14170,-0.0944699258100967,0.4527377103628593,0.9009183444389548,False,True,interface,0.07869517427607181
CTTTCTGTGCGGGCTT-1,13240,13949,0.1095494603206874,0.042775231313975,0.2987158251182631,False,False,interface,0.03411571201247493
CTTTGACGTCGCTTCT-1,11245,21421,-0.6355594127615808,-0.0767692746117092,-0.068321247980677,False,False,other,0.004845807716708164
CTTTGCATCGCTCTTG-1,14433,10780,0.9109555360632534,0.1939489294532258,-0.4377686787950749,True,True,interface,0.015854925669813957
CTTTGCTGTCATGGAT-1,12077,7600,-0.7018135746544022,-0.4407811468497151,-0.48672292753445,False,False,other,0.010440917611860804
CTTTGGCGCTTTATAC-1,8886,19374,0.0758467281360655,0.3120369801999225,0.6521013515526001,False,True,interface,0.18131543835987027
CTTTGGCTTTAGTAAA-1,8893,16882,0.5794528470687682,-0.1225058005439548,-0.3559602229099249,True,False,interface,0.008748830684288028
CTTTGGGATTGTTGCA-1,14809,16447,0.5464686535221689,-0.2420503064696391,1.0712592520004744,True,False,interface,0.0219091125693227
CTTTGTCGAATGCTCC-1,13810,20636,0.3573586887420688,-0.2513075877902674,0.3883898711868839,False,False,interface,0.006810618869280156
GAAACAGATGACCACC-1,10489,10995,-0.4380170904922464,-0.3212366409240308,-0.1179367352760677,False,False,other,0.0010154973865178151
GAAACAGCCATGCAGT-1,5155,14490,1.2079073830229436,0.1939489294532258,0.6781031055116412,True,True,interface,0.5883174525263424
GAAACATAGGAAACAG-1,14407,19165,1.6667087920444188,0.1772350728281728,-0.2363823757412892,True,True,interface,0.09509379492734486
GAAACCATGGTGCGCT-1,7932,9060,-0.8294909435120781,0.4599895012481985,0.7191497654792384,False,True,immune_core,0.02591539991635436
GAAACCGAATTACCTT-1,11460,15643,1.0035707581135742,-0.2513075877902674,-0.9162885498607556,True,False,interface,0.007220143564887555
GAAACCTATACAAATG-1,14418,15539,1.3296727925760616,0.3982992066511995,0.9228178194170712,True,True,interface,0.07188627895396915
GAAACTCGTGCGATGC-1,8099,18692,1.899999639484673,0.920777904671382,2.026853032567784,True,True,interface,2.5100802596886567
GAAACTCTAATGAAGG-1,5159,13131,0.7539536514303569,-0.1258002171104929,-0.2806222047527072,True,False,interface,0.026076416563800112
GAAAGAACAGCGTTAT-1,9901,9746,-0.1007028330407416,-0.2420503064696391,-0.7109316716188346,False,False,other,0.006852020347640891
GAAAGCAGTGCACTTT-1,13630,15310,0.4745886357368429,0.4761874772855248,1.4662740965095993,False,True,interface,0.043593207848780395
GAAAGCCCTTTGGACC-1,9478,19036,0.9596100828957148,-0.4407811468497151,-0.9428496581774752,True,False,tumor_core,0.015462792865095158
GAAAGTGACTAACTGC-1,7510,17897,-0.1473777871952729,-0.0525767474101915,1.2703721311394178,False,False,interface,0.029201919449668767
GAAATACCTGCTGGCT-1,3980,11767,0.7047821491185505,1.2981234825944212,1.7841620065568162,True,True,interface,0.08960453434619345
GAAATACTAAACGTTT-1,6127,18912,0.3366461307603351,0.3957203987888961,-0.2943102751919741,False,True,interface,0.026495494614101837
GAAATATCACCATCAG-1,9084,18808,0.430179155506579,0.7584961650114598,1.7243350904594603,False,True,interface,0.09579723736504674
GAAATATGCTTGAATG-1,5764,8940,0.0029737757975591,-0.4407811468497151,0.2366753423482166,False,False,other,0.009744229927837793
GAAATCGCGCGCAACT-1,6143,13700,1.6606184347605482,1.006688692052596,1.1772413828284434,True,True,interface,0.6040238252369232
GAAATCTGACCAAGTT-1,6120,21179,0.4736517733951487,1.0939367441261616,0.4753318765054318,False,True,interface,0.25260533494674475
GAAATGGCGGTGTTAG-1,8503,15521,-0.2891191516123476,-0.4407811468497151,0.741947697452594,False,False,interface,0.004998315499003651
GAAATGGGATGTAAAC-1,5139,19476,0.1389536941962716,-0.1225058005439548,0.3444955771343395,False,False,interface,0.01166564291816058
GAAATTAGCACGGATA-1,6153,10528,0.2454729943380707,-0.2016921349983465,-0.7994770903236613,False,False,other,0.02063169237759611
GAAATTCACATCGCTG-1,5151,15850,2.0402038051840874,-0.0525767474101915,-0.4413678139057972,True,False,interface,0.36301453868642386
GAAATTGTCTCTATAA-1,11067,15415,0.776994420140135,-0.4407811468497151,-0.0409405569690049,True,False,tumor_core,0.004971978922478067
GAACACACATCAACCA-1,6925,15742,-0.8639448606497064,0.4061976927565394,1.3511429886451265,False,True,immune_core,0.04962089590404042
GAACAGATTACTAAAT-1,13833,13384,0.1013405184798677,-0.0747109640606134,-0.3421454793604524,False,False,other,0.0079661875390464
GAACATTAGTATGTTA-1,5374,7579,-0.5487892750499361,-0.4407811468497151,-0.6811002411778707,False,False,other,0.0009372392796027441
GAACCCTCTGTGTTCT-1,14226,13839,0.7370599402392612,-0.4407811468497151,-0.5759834631952068,True,False,interface,0.0581662815532594
GAACCTCGACCTACAC-1,10657,20400,-0.3439875319201601,-0.4407811468497151,-0.3845866932548012,False,False,other,0.05784796958429327
GAACGACCGAATGATA-1,6339,14267,1.1319983236692597,-0.1942554699862977,-0.4377686787950749,True,False,interface,0.023892226101340553
GAACGATAAGTTAAAG-1,7937,7474,-0.6042487178382819,-0.4407811468497151,-0.9123597183884308,False,False,other,0.00256977449431119
GAACGCGGGTCACACG-1,12074,8507,-0.5826716769326697,-0.1942554699862977,-0.6168413918654944,False,False,other,0.0005822112657511036
GAACGTCTCATGGTCG-1,8713,11556,0.6957511565972664,0.9937223433715804,0.1833950041816541,True,True,interface,0.15272888072038354
GAACGTTAGGAAGACG-1,9082,19715,0.6806511495349706,0.8791855852639697,1.5100995681783365,True,True,interface,0.07068154930395092
GAACTTGTGCACGGGA-1,6163,7355,-1.5842799472074067,0.1276196200362519,-0.4083210461989029,False,False,other,0.019970505785217585
GAAGAAACGATATTGT-1,14213,18145,0.1424542461386609,-0.00478191092685,0.1808356068342036,False,False,interface,0.04760744782157733
GAAGAACGGTGCAGGT-1,5345,16870,0.0997211914586775,-0.2420503064696391,-0.400030552642718,False,False,other,0.009575314494719775
GAAGCCGGGTAAGCTC-1,7106,21068,0.5501251163521822,0.0448335418650708,0.1154920340814535,True,False,interface,0.2686232615252294
GAAGCCTGCACATTCC-1,14618,14520,1.0927199421811489,0.5355176094020527,0.9670892905319132,True,True,interface,0.0023902213464927005
GAAGCGTGAGGAATTT-1,9295,14617,1.2041016300384295,-0.0525767474101915,-0.6686371414184714,True,False,interface,0.009291823033289811
GAAGCTCGGACCCGTC-1,13421,19049,1.2895018196572785,-0.2016921349983465,-0.0107684899497961,True,False,interface,0.036948503158251954
GAAGCTCTTTGCTTAG-1,5332,20950,-0.6179455842090953,0.3114351248278144,0.5050126794538076,False,True,interface,0.10260661512165092
GAAGCTTGCTGACCGC-1,8300,17446,-0.1076969630093354,-0.0525767474101915,-0.8543042394726488,False,False,interface,0.011316036014573858
GAAGGCTACCATTGTT-1,7541,7926,-0.9031321156902592,0.0833182769119773,0.2566895535495967,False,False,other,0.008765916218681355
GAAGTCAGTTGCACTA-1,12843,14854,-0.2893921048666049,-0.16320739995144,0.1231677383949865,False,False,interface,0.03867213534216773
GAAGTCTCCCTAGCGA-1,9897,11106,-0.6896782349738508,-0.3212366409240308,0.1079918108147866,False,False,other,0.003798337334777503
GAAGTGATTTATCGTG-1,10276,16093,0.5853139165123372,-0.3212366409240308,-0.5110094969269001,True,False,tumor_core,0.0034599743958614038
GAAGTGCTGGATAGCT-1,5549,14492,-0.4350808763333781,1.285213637441197,-0.622386252914008,False,True,interface,0.21042297857344097
GAAGTTTCCACTCAAT-1,9684,16204,0.1504353504317601,-0.3212366409240308,-0.2201866140503346,False,False,interface,0.055983522165623086
GAATAGACGCGACCCA-1,10883,10996,0.0605811053207916,-0.4407811468497151,-0.3140807242629054,False,False,other,0.0022420425837908213
GAATAGCATTTAGGGT-1,11681,8052,-0.9641811029662332,-0.3212366409240308,0.056032967313748,False,False,other,0.007912673399095833
GAATAGCCCTGCGGTC-1,6158,8941,-0.9378245265258413,-0.2420503064696391,-0.7387683680741078,False,False,other,0.0010780446004884099
GAATAGTGCTCGATTA-1,14412,17352,1.0236054797375458,0.5600191122423276,0.9891121446660014,True,True,interface,0.05801632242066249
GAATATTCGGAGTCCC-1,5163,11998,-0.626077933354851,0.246605011200741,1.464852312255396,False,True,immune_core,0.01007162815506727
GAATCGACATGGTCAC-1,7711,16651,-0.3047147848285035,0.0355234404286359,0.2580602234678746,False,False,other,0.07088168131795768
GAATCGCCGGACACGG-1,4753,16755,0.960839362951,0.933038289409999,1.498578139641327,True,True,tumor_core,0.05662946871102495
GAATCTGAACATTCTC-1,10873,14168,0.7195055984833368,-0.3212366409240308,-0.7955954180748849,True,False,tumor_core,0.017501348110354906
GAATGAAGGTCTTCAG-1,5963,8148,-0.4515209588049379,-0.3212366409240308,-0.3492232600902482,False,False,other,0.0016871996846217518
GAATGCCGAAATGACC-1,6717,19481,0.9118933492907833,0.8908976959745617,0.2188201053588507,True,True,interface,0.028432176375709526
GAATGGGCTTATCGAC-1,10459,20739,-0.1426355110456588,-0.2513075877902674,0.4996942945162681,False,False,interface,0.11587792750944037
GAATGTATGGCAGGTC-1,5560,11092,-0.539141522473693,-0.1258002171104929,0.0700909896565917,False,False,other,0.01242104406397053
GAATGTGGTCCGGATT-1,11077,12243,0.1335910165962498,-0.3212366409240308,-0.5073811779838983,False,False,other,0.0010516618473838146
GAATGTTGGGTAATCT-1,7129,13590,-0.050659415582596,0.2029524231629103,0.4512671645096877,False,True,other,0.023317729814821275
GAATTATAGTGAAAGG-1,9298,13710,0.7234987470854367,2.1564319902203466,1.81500604570251,True,True,interface,0.6035116699827427
GAATTCACCCGGGTGT-1,11856,15191,0.4305553806086594,-0.3212366409240308,-0.4908512178110262,False,False,interface,0.004998970265586898
GAATTTCTCGCTGCAG-1,8101,18012,-0.2534846347576853,1.267623022711245,2.288660377189523,False,True,interface,0.25029479085795897
GACAAACATATGCAGG-1,11280,10091,0.8637302028609488,-0.0618340287308198,1.3107891067077766,True,False,tumor_core,0.00831503846917827
GACAACGACCATTGAA-1,7526,12685,-0.2374191142539101,-0.3212366409240308,0.3439175852637224,False,False,other,0.0026828932893152523
GACAACGCAGCTTACG-1,6532,15288,-0.0821531135077979,0.5119704881480424,1.659666707697854,False,True,immune_core,0.017794167170691808
GACAAGAGATGAGATT-1,13652,8285,0.6157806974271177,0.359067049724258,0.2089207429320057,True,True,immune_core,0.031294677189608926
GACACAAGGGAAGAAA-1,8510,13255,0.6175109895962779,-0.1120285065763117,-0.6293044916248937,True,False,tumor_core,0.0028853380568992573
GACACGAGTTAGAGGA-1,6325,18573,-0.0802622715412465,0.5600191122423276,0.2165419240363963,False,True,immune_core,0.018382660696237247
GACACTGAGTTCAGTG-1,11261,16209,1.1302920084886503,-0.2513075877902674,-0.3046124472498051,True,False,tumor_core,0.001145739540652384
GACACTGGAACCCGAT-1,12861,8962,-0.7444263196399346,-0.4407811468497151,-0.8471047912819326,False,False,other,0.0006055157174907905
GACAGATTTCTGGCTC-1,11248,20515,-0.7195325625674059,-0.3212366409240308,-0.3361224785001752,False,False,other,0.0014987736879408613
GACAGCCAGACCTGAC-1,10881,11676,-0.346173216526657,-0.1942554699862977,-0.7418543697108531,False,False,other,0.005922857626122956
GACAGGCACACACTAT-1,10070,18925,0.9188796858985068,0.6315769098546308,0.7031357223498226,True,True,interface,0.12671933319432627
GACATACTGTCGCAGA-1,6714,20387,0.7302239668093723,1.9567045122518776,0.5578081154766312,True,True,interface,0.8281718672091428
GACATCGATTTATAAC-1,12840,15761,0.7577485051430114,-0.4407811468497151,-0.6709570866261699,True,False,tumor_core,0.004878905636354028
GACCAGAGCCCTGTAG-1,8699,16088,-0.3017992728986677,0.3350666408615612,1.0338840537846263,False,True,interface,0.016770158464846346
GACCCAATTATGATAC-1,13224,19161,0.5342930953034887,-0.2420503064696391,-0.1861940135057285,True,False,interface,0.004891142464020952
GACCCGTCGCCGGCTA-1,4366,14715,-0.3495479146303571,0.4124323590073734,0.7270107014289481,False,True,interface,0.1386680563127026
GACCGACGTGAAAGCA-1,10102,8727,-0.5771634527122789,-0.4407811468497151,-0.5537851975764669,False,False,other,0.0008541813077064677
GACCGACTGAAGCGTC-1,9281,18922,0.8677195400332901,-0.0767692746117092,-0.5342610326286242,True,False,interface,0.016504171716730087
GACCGCGTCTGACGTG-1,12468,8735,-0.3565196775300932,-0.3212366409240308,-0.4632450448859496,False,False,other,0.004764091784112437
GACCGTCAGGTCGTGA-1,5162,12224,-0.5517529519766116,0.1659066821439559,0.1499117116977146,False,True,immune_core,0.052935520856130645
GACCGTGCTGACGGTG-1,10475,15527,0.7639766956198323,-0.1120285065763117,-0.2919811785361274,True,False,tumor_core,0.008157364208888093
GACCGTTACATGCGAC-1,10064,20738,0.1318582621472767,2.6228843490644578,0.3937229508176493,False,True,interface,0.1584448927037738
GACGACGATCCGCGTT-1,12847,13495,0.248460770325003,-0.4407811468497151,-1.0734350239031232,False,False,other,0.004004525117173186
GACGAGGCTAATAAAC-1,13646,10098,0.1247847067895205,0.4088454141030767,0.5568741080035962,False,True,immune_core,0.052441993451846115
GACGCCGTAAAGGCTA-1,13236,15309,0.1456332534931549,-0.3212366409240308,0.4159103739011575,False,False,interface,0.02731819368994422
GACGCCTGTTGCAGGG-1,4750,17888,-0.382733725860725,-0.0029612946182705,0.7413762123791381,False,False,other,0.006468634284082683
GACGCTTGCTTCTAAA-1,10075,17338,1.3573419636660735,0.3134934353789101,-0.5794388558965313,True,True,interface,0.12259023112312688
GACGGGTTGGCCCGTA-1,14615,15653,0.9780044386403404,0.7411849992807767,0.9478634187396598,True,True,interface,0.08356787793643167
GACGGTCAATAGAAGC-1,8520,10082,-0.2707957972362989,-0.0747109640606134,-0.2285671798884382,False,False,other,0.013937797219394745
GACGGTCCTAGGGTGT-1,11092,7257,-1.3869002244974975,-0.4407811468497151,-0.77759259501142,False,False,other,0.004362129209391633
GACGTGTAGGGATTAT-1,8102,17786,-1.2700627574161938,-0.2420503064696391,-0.541787769337904,False,False,other,0.39543951344172945
GACGTTCGTAAATACA-1,7343,8265,-0.4786556933129627,0.093553550645775,0.0310918834611838,False,False,other,0.004307300677411155
GACTAACACAGCACCT-1,4179,11201,1.1417028447565418,-0.0581472202099654,-0.2092671195510037,True,False,interface,0.10691827954133508
GACTAAGATCATGCAC-1,7124,15403,-0.467837271555989,0.2435643822451468,1.6775565988933805,False,True,immune_core,0.013179477855146676
GACTAAGTAGGCTCAC-1,7909,16539,-0.5226489315408864,-0.2513075877902674,0.5807918654651039,False,False,other,0.019731476317076415
GACTACAAAGCGGTGG-1,12238,19045,0.2422554706122264,1.1072551820698784,0.8673075783468166,False,True,immune_core,0.06560941749122966
GACTACAATTGCTCGT-1,4177,12108,1.1565835644270248,0.0355234404286359,0.581280283206444,True,False,interface,0.04146181071110087
GACTCACCCACGTGAG-1,10100,9407,-1.1040235912213594,-0.1120285065763117,-0.9162885498607556,False,False,other,0.015160347133692414
GACTCCCAGAATAAGG-1,7933,8834,-0.7070022132169769,0.4936898028253537,1.2210436914072222,False,True,immune_core,0.009068102465134282
GACTCCTTCCAATTGA-1,13614,20296,0.2441936245703949,0.0355234404286359,0.6673175082700451,False,False,interface,0.003691024034956266
GACTCGCGGGAATGAC-1,8125,10534,-0.470727327365342,-0.4407811468497151,-0.0912945728474256,False,False,other,0.014450359299677576
GACTCGGTCGGCGGAT-1,4383,9276,-1.1040547104779057,-0.4407811468497151,-0.956384347243648,False,False,other,0.0025977810039877936
GACTGATTGGTCACAA-1,4380,9956,0.0405590919353266,0.0959776290101926,0.2048009660934348,False,False,other,0.01643308624160217
GACTGCAAATCGAGCT-1,14229,12932,0.8051167035701793,-0.00478191092685,-0.6698191597690053,True,False,tumor_core,0.00627437456465458
GACTGCACCAGCCCAG-1,11668,12358,-0.2292012747413196,-0.4407811468497151,-0.8124007238594488,False,False,other,0.005026413913141702
GACTGCGGCACGTGTA-1,7899,19711,1.4856388626028074,-0.2016921349983465,-0.0495572027702288,True,False,interface,0.32235081028209117
GAGAATCTCACGATCA-1,8684,20847,0.1893145042182051,0.4936898028253537,1.129081669491901,False,True,interface,0.016188630314706243
GAGACCCTGCAACGCC-1,4778,8824,-0.4333182523560822,-0.4407811468497151,-0.3886742396007369,False,False,other,0.0013294882273410466
GAGACTGATGGGTAGA-1,8110,15066,0.2848913774647819,-0.0029612946182705,1.4367859247203292,False,False,other,0.014040314598898021
GAGACTTCGCGACCGA-1,13040,14968,-0.9057985969452343,-0.0747109640606134,0.4586596235714694,False,False,interface,0.05862323802315769
GAGAGCGCAGTCCCTG-1,8093,20732,0.2114970863241615,1.423059554189496,0.3900480504011239,False,True,interface,0.28904204168307934
GAGAGGGCGCGAGGTT-1,10076,16885,-0.5408974916272578,0.0355234404286359,1.7592762984069703,False,False,other,0.03981554927564062
GAGAGGTGCATTCTGG-1,11255,18249,-0.3280695120712816,-0.0747109640606134,1.3513460084001652,False,False,interface,0.021895253584604434
GAGATCTGCTTGGCAT-1,9289,16430,-0.0638856008179576,0.5178437125768839,0.3552214307160869,False,True,interface,0.025719189011604703
GAGATCTGTCACTCCG-1,8511,13028,0.0701708948920828,-0.4407811468497151,-0.9527418921172526,False,False,other,0.004381145075758691
GAGATCTTCCATGACA-1,11469,12697,0.0800033965724546,-0.2420503064696391,-0.7994770903236613,False,False,other,0.0012093132011075862
GAGATGACAATCCTTA-1,7936,7701,-0.8125965475427901,-0.4407811468497151,-0.4751320128114177,False,False,other,0.005530598648160602
GAGATGGGAGTCGACA-1,12848,13268,0.0959094916976025,-0.4407811468497151,-1.16198044260795,False,False,other,0.00010498438921595062
GAGCACCTGTGTCCAG-1,14034,12365,-0.6260915901671982,-0.3212366409240308,-0.6342237856648403,False,False,other,0.03530307356462372
GAGCACGGCGCCTCTT-1,10894,7597,-0.6866471467150764,-0.4407811468497151,-0.6709570866261699,False,False,other,0.001986583395835648
GAGCATCATCCCTGGG-1,4950,16869,0.9255570111988922,-0.0618340287308198,-0.5338460010752806,True,False,interface,0.030812097455933708
GAGCCACGGTAGTAGG-1,4361,16074,-0.7218154416709598,0.1270605052750567,0.5947506780832041,False,False,other,0.056120129860182964
GAGCCAGCTACCTGTG-1,13051,11342,-1.0750662744933237,-0.4407811468497151,-0.9221155209205866,False,False,other,0.056125549289436256
GAGCCGAGCGTTTATT-1,5171,9278,-0.4494522658382883,-0.4407811468497151,-0.6511597571306419,False,False,other,0.0025389042215532317
GAGCGAGGGAGTACCG-1,5351,14831,0.5056548296877695,0.4575654228837809,0.5783408495917921,True,True,interface,0.04717236621722906
GAGCGCAAATACTCCG-1,12663,9302,-0.9881717223331884,-0.4407811468497151,-1.0734350239031232,False,False,other,0.012082005191310566
GAGCGCGCACGAGTAG-1,12264,10887,-0.7089528215034413,-0.0767692746117092,-1.0412873108220793,False,False,other,0.00788370795678522
GAGCGCTGTTAGGTAA-1,14605,18826,0.1327934649673462,-0.0029612946182705,0.0390626458450418,False,False,interface,0.02059880350084079
GAGCTAAGGGCATATC-1,8317,12008,-0.3527121884835337,-0.2420503064696391,0.7459015202699292,False,False,other,0.15747674400720615
GAGCTCTCGGACCTAA-1,5539,17664,-0.3003548398378955,0.0774450524831358,0.768374049850248,False,False,other,0.005929816127258038
GAGCTGTCGTCTCGGA-1,6552,9169,-0.7547986104488148,-0.3212366409240308,-1.021639274350146,False,False,other,0.0009487302994242009
GAGGAATGGAGAGGTT-1,7904,17898,-0.4584854713400613,0.3702365775441227,1.4933038454796066,False,True,immune_core,0.07006301084895135
GAGGAGATCCTCATGC-1,4939,20495,-0.2183103335696186,0.2656985988955687,0.6976134616036698,False,True,immune_core,0.01283482914497761
GAGGATAAACAGTGCT-1,10497,8502,-0.5643394198699074,-0.4407811468497151,-0.7955954180748849,False,False,other,0.005512072275311406
GAGGCATTTGCAGCAG-1,5767,7807,-0.3053910419161578,-0.3212366409240308,-1.0734350239031232,False,False,other,0.011984626867316543
GAGGCCCGACTCCGCA-1,13422,18822,0.7755120944164916,-0.0062557111848086,0.6587848801015177,True,False,tumor_core,0.00606786980634591
GAGGCTATCAAAGTCG-1,9480,18356,1.1975866944634852,-0.4407811468497151,-0.2505067413928096,True,False,interface,0.03327660547381181
GAGGGCATCGCGTATC-1,4751,17662,0.3951401534043411,-0.2016921349983465,0.4353138771735487,False,False,other,0.05198382658939576
GAGGGCCATAATATTA-1,6557,7583,-1.2160479630543024,0.756220108778224,-0.25298434591486,False,True,immune_core,0.026350232988873967
GAGGGCGCAGCTCTGC-1,7925,11326,-0.3441504958288283,-0.0525767474101915,-0.0868915238789996,False,False,other,0.021668342618082672
GAGGTACATCCATCTT-1,4960,13697,-0.1396353864802515,0.0636733419489547,0.4391512143661513,False,False,interface,0.018533619795880977
GAGGTCCCAAAGATCT-1,6128,18459,-0.150571854570158,1.0562696038565376,0.5930253215907811,False,True,immune_core,0.021940069548489816
GAGTAAACCGGAAAGT-1,12667,8169,-0.1778225589683252,-0.4407811468497151,-1.031395076882302,False,False,other,0.00901803473652391
GAGTAAGGCCACGGGA-1,12039,19837,-0.2309842614319985,-0.3212366409240308,-0.3032120465641297,False,False,interface,0.03992426287553007
GAGTACGGGTATACAA-1,5543,16531,0.0368874169266502,1.1343828961496427,0.4590600307513052,False,True,interface,0.5026037977868587
GAGTAGATACTAGTTG-1,14816,14181,-0.4152984504568127,-0.0767692746117092,1.209670280548708,False,False,interface,0.08155811313123046
GAGTATCAAAGTTACA-1,13851,7719,1.2579397593201929,-0.00478191092685,-0.0157543485633629,True,False,interface,0.06623633855710725
GAGTATGCCCGCCTTG-1,12246,16552,0.9157016002712468,-0.4407811468497151,-0.5759834631952068,True,False,interface,0.009246019719757309
GAGTCAGACCAGAATC-1,13628,15990,1.08716411864379,-0.2513075877902674,-0.3788951485123017,True,False,interface,0.18341181442789087
GAGTCCGCTTACCGGA-1,11660,14851,0.3351165056298044,-0.4407811468497151,-0.8990008437532209,False,False,interface,0.009192186341241325
GAGTCGACAGACCCTC-1,8291,20392,-0.5602964649750576,3.5918545148385124,1.0854620272721551,False,True,interface,1.9619470605114806
GAGTCTTGTAAAGGAC-1,11837,21310,-0.1948999491101127,-0.4407811468497151,-0.6713444386457147,False,False,other,0.000949093678888532
GAGTGCACGGACAACA-1,6756,7017,-1.4597472073980409,-0.4407811468497151,-0.5108185888728382,False,False,other,0.0002305926361701855
GAGTGTGCGGTACCCA-1,11276,11450,0.0651206505765132,-0.4407811468497151,-1.021639274350146,False,False,other,0.0019226397928635006
GAGTTCTGTGGGTGCT-1,14203,21091,0.2110317917847374,-0.4407811468497151,-0.587397039019362,False,False,other,0.010614147691515695
GAGTTGATGGCAATTT-1,12632,19273,0.5169556671830354,-0.0821476290726622,1.0510477900377742,True,False,interface,0.0032930378389463676
GATAAATCGGTGGATG-1,5542,16758,-0.2281235964261571,-0.0029612946182705,0.283583157323712,False,False,other,0.09104279568604585
GATAACTCGCACTGTG-1,10291,11334,-0.3464306188077862,0.1939489294532258,0.4357364440131389,False,True,immune_core,0.022668518661879408
GATAAGGCAGATGCAA-1,4552,18228,0.8855652975626328,-0.2513075877902674,-0.5082677624159045,True,False,other,0.10406487907349453
GATACCGTGTCGGAGT-1,10699,7029,-1.068323978444263,-0.3212366409240308,-0.8257989815180001,False,False,other,0.003990326309478752
GATACGATGGGAGTCA-1,11458,16323,0.5767552959241578,-0.2513075877902674,-0.2338144943405321,True,False,tumor_core,0.00300995193714413
GATAGCGTACCACGCG-1,4937,21175,0.3110737227359442,-0.00478191092685,0.2472579282548877,False,False,interface,0.031015109665123552
GATAGGATTAATTACA-1,10501,7142,-1.5842799472074067,-0.4407811468497151,-0.964155467941408,False,False,other,0.0021906395866573163
GATAGGTAACGTTGAC-1,12055,14625,0.2344297422483928,0.5541110815834797,2.2892119110203715,False,True,interface,0.028704776698431658
GATAGGTGTCCCGGGC-1,10303,7481,-0.8986372714852885,-0.3212366409240308,-0.3639083072117734,False,False,other,0.0012286250284360087
GATATCAAGCAGGAGC-1,13415,21088,0.0828601194037667,-0.4407811468497151,0.4097033816088679,False,False,interface,0.058794800335129904
GATATCTCATGCAATA-1,4957,14830,0.1809435267835961,0.0448335418650708,1.2364673285148302,False,False,interface,0.09083363146270912
GATATGAGACACTAAC-1,10288,12240,0.084991205406252,-0.2420503064696391,-0.8116856069035185,False,False,other,0.004088297740700312
GATATGCGGTAGCCAA-1,6348,11095,-0.8200746830098163,-0.3212366409240308,-0.1202912000262242,False,False,other,0.01002173586869721
GATATGGATTACGCGG-1,8097,19372,0.0126659777728484,0.6422460756523135,1.1468471714185249,False,True,interface,0.1282791561078336
GATATTGAGATTGGCG-1,9309,10084,-0.1624954121457077,-0.2513075877902674,-0.3304344216444143,False,False,other,0.004215912500114633
GATATTTCCTACATGG-1,5953,11320,-1.218644759427315,0.3735861821384743,-0.1392429861853637,False,True,immune_core,0.03272010390446737
GATCAACATAAAGGGA-1,14807,17353,0.1000974087543173,-0.2420503064696391,-0.2338772874741154,False,False,interface,0.022907640683651646
GATCATTCCAAACATT-1,8505,15067,0.2127455924595196,-0.0525767474101915,0.62780196456655,False,False,interface,0.026542223949852038
GATCCCTTTATACTGC-1,8112,14613,-0.1187777724540211,-0.4407811468497151,-0.1343701779681136,False,False,other,0.016210946885692912
GATCCGAATATAAGTG-1,9712,7366,-0.9046160810193026,-0.4407811468497151,-0.6470072292857721,False,False,other,0.0003097206502425844
GATCCGGGAATTAACA-1,10285,13147,0.0434159790424925,0.1772350728281728,0.0967439540290482,False,True,immune_core,0.008124918585872476
GATCCTAAATCGGGAC-1,7927,10647,-0.6262843548154462,0.0355234404286359,0.7127313043897695,False,False,other,0.005542310721230014
GATCCTCGACACTGGC-1,12439,17799,0.422927684830288,-0.4407811468497151,0.9011923377079236,False,False,other,0.007354923976691098
GATCCTCTTGCGCTTA-1,3980,11994,0.7256825393380997,0.093553550645775,0.5901807359951918,True,False,interface,0.012475896893733233
GATCGACACTATCTGA-1,7910,16085,0.2014912938759782,-0.0747109640606134,-0.1117757785402546,False,False,interface,0.013698706369548425
GATCGCGGGCTCTCCA-1,9686,15524,0.7049350120498856,-0.4407811468497151,-0.9129091741302467,True,False,interface,0.017858475679607144
GATCGCTACCCGATTT-1,12463,10321,-0.5459501444381151,-0.2513075877902674,-0.2633344986451723,False,False,other,0.0018351786923054556
GATCGCTATATCTCAG-1,14605,18599,-0.3534962555542877,-0.2513075877902674,0.4927748677481625,False,False,interface,0.012089408674883808
GATCGGATAGAACCAT-1,10658,19946,-0.5102000031533405,-0.1942554699862977,-0.6037732288991368,False,False,other,0.008567165781114093
GATCGGCGATAAGTCG-1,6518,19820,0.6184652060199924,0.1147625949988342,-0.4079938559619604,True,False,interface,0.04777599702219599
GATCGGTGGCCATAAC-1,8115,13707,0.1245017283143647,-0.4407811468497151,-0.71798240474501,False,False,other,0.004643027367243524
GATCGTGACTGATATC-1,10088,13259,-0.0919827037427545,-0.2016921349983465,-0.2106908916649595,False,False,other,0.004218219124745013
GATCTAACCGTATTCA-1,12824,20746,0.563005782660752,-0.4407811468497151,0.5474436832820215,True,False,tumor_core,0.011767126031499812
GATCTCGACGCTGTGG-1,12470,8055,-0.4098973654342592,-0.4407811468497151,-0.1712808154698562,False,False,other,0.004960033490754581
GATCTGCTATCTAAGG-1,14814,15087,-0.5733676367361441,0.1809417916414031,-0.5285213265337166,False,True,interface,0.7109456917847193
GATCTTCATTGTCCTC-1,6319,20386,0.5975553975717556,-0.16320739995144,0.6029521963914686,True,False,interface,0.18292072201357298
GATCTTGGAGGGCATA-1,11270,13490,0.0087359723941582,-0.2420503064696391,1.079148965061483,False,False,interface,0.007275279692995173
GATCTTTGCAGGGTAT-1,9681,17111,1.2410721134609377,-0.3212366409240308,-0.2310512031691009,True,False,interface,0.22327900927667355
GATCTTTGCTCAAAGA-1,4979,7805,-0.5706684728812587,-0.4407811468497151,-1.0527008866462346,False,False,other,0.0005632540735266754
GATGACAAGTAGGGCA-1,13820,17690,0.5727291152385191,-0.3212366409240308,0.0287881873187271,True,False,tumor_core,0.030237119788884173
GATGACGATGATCGCG-1,6356,8602,-0.8649008024625843,-0.4407811468497151,-0.7244663606850071,False,False,other,0.0016783221953654735
GATGCCAGCAGAAGGC-1,7111,19482,-0.585885022852871,0.6260913337884558,0.6939501774056206,False,True,interface,0.10440812632656293
GATGCCTTCTGCGGCA-1,14010,19844,-0.0795708148462593,-0.2513075877902674,0.0684375280400804,False,False,other,0.014847895504803393
GATGCGAATGGTATTA-1,7700,20277,-0.2731020351944077,0.7023040161818711,1.07524417792804,False,True,interface,0.6425492857273846
GATGCGTCCTGCATTC-1,9885,14958,0.207867905172828,-0.4407811468497151,0.4319961258988797,False,False,interface,0.02166423917745081
GATGCTACAAGCGCCT-1,5940,15626,0.9272148875527142,0.9895312924527736,1.234808115682943,True,True,interface,0.046770064159099005
GATGCTGTATTTCATC-1,11074,12923,0.1241848846656606,-0.2016921349983465,-0.0274624681292872,False,False,other,0.0016834254621585604
GATGGCGCACACATTA-1,6326,18120,0.5879116594118718,0.1832178478746389,1.0833095139065514,True,True,interface,0.004240976807999434
GATGGTGCCCTAGGCA-1,4569,12562,1.318711251477124,-0.2513075877902674,0.480578367007471,True,False,interface,0.04722219431527303
GATGTAACGAACCACC-1,12633,19046,0.3413378556830561,0.2028627828376617,1.4293578055908782,False,True,other,0.004138452454870506
GATGTCGGTCAACTGC-1,4371,13128,0.8472445316871645,0.8801150748566674,0.4374165832744923,True,True,interface,0.07502817157192591
GATGTTCAATCCACGA-1,10669,16547,0.5950828124640882,-0.4407811468497151,-0.7484723445340548,True,False,interface,0.027600298771387005
GATGTTTGTGCGAGAT-1,6524,18007,0.8385341868988306,-0.0029612946182705,0.3704377695468103,True,False,interface,0.004189354365883752
GATTAACCGAAAGCCC-1,13447,10891,0.1929625697378102,0.3257913456551328,0.9845289305396728,False,True,immune_core,0.00900082324339982
GATTACTGAATTTGGG-1,10667,17000,0.257763620438699,-0.0029612946182705,0.7109152689887851,False,False,other,0.01384189163692079
GATTCCCTTGTCGCAG-1,7523,13818,-0.1305548901470095,-0.2513075877902674,0.1868296987925528,False,False,other,0.013738254514276784
GATTCCGCGTTTCCGT-1,5752,12793,0.1710405338784582,0.4563722603096554,0.2446309335734189,False,True,interface,0.07457214780473707
GATTCCTATACGGCGC-1,7507,18803,0.1413691377852068,0.2275265533419777,2.129636034474006,False,True,immune_core,0.0482054899369617
GATTCGACGGTTCACG-1,10679,13375,0.4200342424320125,-0.2420503064696391,-0.6345441295263728,False,False,other,0.0006902893184730958
GATTTAGTGCGTACTG-1,5573,7013,-1.0164228857540782,-0.4407811468497151,-1.16198044260795,False,False,other,0.0039753143906677574
GCAAACCCTACATTAT-1,12063,12133,-0.1113041662307869,-0.0525767474101915,0.541941420264643,False,False,other,0.004495875707356957
GCAAACCTTGGCCATA-1,13832,13838,1.0137006754023037,0.042775231313975,-0.8543042394726488,True,False,tumor_core,0.006985335321560461
GCAAACGTCGCCAGGT-1,11878,8166,-0.5568191877103651,-0.2513075877902674,0.0540735849476847,False,False,other,0.002622249397404807
GCAAATATTACGCTTT-1,9485,16770,0.8987905610856531,-0.0029612946182705,0.1862630397419233,True,False,interface,0.20841726795924545
GCAAATGAGGACACTT-1,10655,20853,0.3390905201738826,0.6018860077744452,0.694338917707035,False,True,interface,0.1601326365476004
GCAACACACTAGAACT-1,11645,19610,0.7971747296549435,0.6376438181538299,0.5847523608870854,True,True,interface,0.07173335034555388
GCAACAGCAGTATGCG-1,11677,9412,-0.7333587896573689,-0.3212366409240308,-0.4859223944860418,False,False,other,0.020656985867435324
GCAACCACCAGACCGG-1,5363,10979,-0.6097812037298634,-0.0525767474101915,0.3228944290885774,False,False,other,0.006066741493189687
GCAACCACGGCCGCGT-1,11058,18135,-0.6903347841153297,0.3042162437659061,1.282150190699909,False,True,interface,0.08426180863708371
GCAACCCAAGTTGTTT-1,8683,21073,-0.1545972958230341,0.800665340667214,1.469467196906313,False,True,interface,0.09007648988021233
GCAACGGCTAGTTATG-1,11088,8617,0.4289900209182794,2.668685074855313,-0.7242905462540445,False,True,immune_core,1.8064573583706223
GCAAGAATTCCTTGGC-1,11258,17342,0.6784557635338747,-0.3212366409240308,-0.8484352760553681,True,False,tumor_core,0.003288060415944451
GCAAGATGTGTTCGCG-1,4776,9504,-0.2119109906588503,-0.1942554699862977,-0.1934029585341958,False,False,other,0.001899110870692961
GCAAGCTGGAAACCGC-1,13217,21201,-0.4224724865794994,-0.4407811468497151,0.626830569447057,False,False,interface,0.03143895974949392
GCAAGTGCACAGAGAA-1,7317,16650,0.4676065016712512,1.6773576813984792,1.1040170681904609,False,True,interface,0.6029711485115067
GCAATTAGTCGCACCG-1,8726,7476,-0.7068693535113967,-0.4407811468497151,-1.16198044260795,False,False,other,0.0012274705380256217
GCACAAACGAGGCGTG-1,11680,8506,-0.5449101267078066,-0.2016921349983465,0.4725101674433525,False,False,other,0.01762974589530258
GCACAACCTCGGGCGT-1,14009,20297,-0.0116157508250717,0.1361640204648246,-0.3715645306716436,False,False,interface,0.05043242919662975
GCACAAGTGGATCATA-1,5727,20724,1.2125883588176798,-0.0029612946182705,0.741721152578654,True,False,interface,0.2051681646227408
GCACAAGTGTCGGAAG-1,4564,14149,0.6589927184355328,0.424730269283596,1.1692050024738936,True,True,interface,0.08265836088214361
GCACACACTGGTAGCC-1,13644,10778,-0.3590992823529282,-0.4407811468497151,-0.3215192348833274,False,False,other,0.01725730225362219
GCACACGCCCATGGTC-1,9277,20282,0.6786328084240294,3.3585463673169222,0.7803845513289992,True,True,interface,0.5332383953335887
GCACGCCTACTTAGAT-1,13428,17009,-0.4202284176972801,0.2508708447751665,0.2280558475505476,False,True,interface,0.08338035945690804
GCACTAGTCGCGCTAT-1,5148,16530,0.6508703043380392,0.1132887947408756,0.9142486305152804,True,False,interface,0.1454273224829364
GCACTGTGCAAATGTA-1,4356,17661,1.2167658258932668,0.0075159993493725,0.0950840962222309,True,False,interface,0.02261514967551343
GCAGAAGGTAATCTCC-1,12471,7602,-0.8643905941270073,0.0576905669024885,-0.5260522830399592,False,False,other,0.002856454623281699
GCAGACCCAGCACGTA-1,10296,9748,-0.6755277633761662,-0.4407811468497151,-0.5241774261958643,False,False,other,0.0020265811758287088
GCAGATCCATAAGACT-1,12655,11794,-0.6466466453113554,-0.4407811468497151,-1.021639274350146,False,False,other,0.0030524080564137807
GCAGATCCTCGCAAAT-1,7109,19935,1.7535899010843674,0.0833182769119773,0.9272427452021462,True,False,interface,0.04749698681344497
GCAGATTAGGGATATC-1,9887,14505,0.6780469871616248,0.4276852141869606,-0.4007051355871716,True,True,tumor_core,0.02334562867726571
GCAGCACACAGCCCAG-1,10077,16659,0.3269393547569291,0.5059877131015763,1.208893245230794,False,True,immune_core,0.030335262677307614
GCAGCCTATATCACAT-1,9511,8612,-1.030908849400873,-0.4407811468497151,-1.16198044260795,False,False,other,0.0005667269308679885
GCAGCTATGGACAGGT-1,5173,8598,-0.1054133697781583,-0.4407811468497151,-1.021639274350146,False,False,other,0.0016299470792200182
GCAGGAACTTAGATCT-1,13025,19727,-0.1819799444166391,-0.4407811468497151,0.0258348806834984,False,False,other,0.009810467663974629
GCAGGACTATAGAATA-1,9484,17223,-0.1000597604066257,0.5480532139207918,0.0744715743112651,False,True,interface,0.06972892398330927
GCAGGTAGAGTATGGT-1,6152,10754,-0.6943529562689814,-0.1225058005439548,-0.3173718739045566,False,False,other,0.010941965974404416
GCAGTGCGGGCGGATG-1,13656,7152,-0.0726608875522489,-0.2420503064696391,-0.7396127440044459,False,False,other,0.003077914182630893
GCAGTGTGGCTATAGG-1,14232,12026,0.8335639112768453,-0.4407811468497151,-0.0510629685279067,True,False,interface,0.03824096508123891
GCAGTTCGATCCGAGC-1,13653,8058,-0.4810765807823272,0.1659066821439559,0.6806590470455867,False,True,interface,0.08937815810162661
GCATACGAGGTCTTTA-1,10067,19831,0.2418284471586666,0.3101990188123721,0.5883079139406906,False,True,immune_core,0.027072551556060597
GCATAGAGCACTCAGG-1,9886,14732,0.449002899109061,-0.2513075877902674,-0.4712044112128603,False,False,interface,0.04368110774544471
GCATCCCTAACTTTGA-1,5740,16645,-1.2346723471462653,0.8500248074728399,1.194470107430604,False,True,immune_core,1.1146851736568129
GCATCGGCCGTGTAGG-1,12267,9754,-1.5842799472074067,-0.4407811468497151,-1.0734350239031232,False,False,other,0.05803097572680992
GCATGAGGGACGCGGC-1,8517,11215,0.1694300707561234,-0.3212366409240308,-0.072278503203416,False,False,interface,0.07742813464653418
GCATGGGTACTGACGC-1,10655,21079,0.387192724450529,-0.4407811468497151,-0.6764236281733923,False,False,interface,0.024117528357206857
GCATTCAAGGCAACGC-1,8129,9174,-0.8499887123983898,0.0576905669024885,0.2073590283249387,False,False,other,0.012379080372253305
GCATTCGAAATGAACA-1,8096,19825,1.2194123993899748,0.5388100678892683,0.7865590439254565,True,True,interface,0.1822785050578526
GCATTGACTTGCGGAA-1,12429,20972,0.3427891879848747,-0.0747109640606134,0.6523654695043077,False,False,other,0.0015986999913005786
GCATTGTAATTCATAT-1,10661,19040,-0.2173551309189096,0.2540068699827834,0.5277595211547557,False,True,interface,0.02082994673899006
GCATTTCCAAGGCTCC-1,9116,8837,-1.3088578911482835,-0.1942554699862977,-0.950796593306198,False,False,other,0.01076231929880532
GCCAACCATTTCCGGA-1,7734,9400,-0.3025819562907098,0.0075159993493725,-0.673198712332577,False,False,other,0.01986257105891138
GCCAAGAATACTTCTG-1,11643,20289,-0.4100229005039018,-0.2420503064696391,-0.0229960944535091,False,False,other,0.004291356440404151
GCCAATAGGGCATCTC-1,7536,9739,-0.0866889441256816,-0.3212366409240308,-0.8335701022157599,False,False,other,0.002553252564009095
GCCACAATTTAAGGAC-1,11456,17003,0.4618811257309245,-0.4407811468497151,-0.8116856069035185,False,False,interface,0.0029321566258502
GCCACTCAGAGCGCGA-1,14236,10666,0.96805210394477,0.0075159993493725,-0.5420711092229887,True,False,interface,0.02976095474185494
GCCACTCCTTACGGTA-1,13456,7945,0.0603345804761094,-0.3212366409240308,0.3560688405750062,False,False,other,0.017734663050920727
GCCAGGAGTAACCGAT-1,6742,11323,0.073824461083206,-0.2513075877902674,-0.8415170373444825,False,False,other,0.005262975775692388
GCCAGGCGTTCGCATG-1,4376,11315,-0.3655998015143724,0.6376438181538299,1.0483584088206086,False,True,interface,0.12238622897366326
GCCATATTGCACACAG-1,6940,11210,-0.6604254694890473,-0.3212366409240308,-0.8990008437532209,False,False,other,0.003038853736460638
GCCATCGAGCTGCGTG-1,13036,16101,0.3537160169733924,0.246605011200741,0.9308637148440017,False,True,interface,0.042439762175868735
GCCATCGATGCTGCAT-1,8918,8950,-0.9357445679011656,0.0959776290101926,-0.6223914197801071,False,False,other,0.01242889953891494
GCCATTAGCCTCAAAC-1,13418,19955,-0.709074028575946,-0.3212366409240308,-0.723855305154622,False,False,other,0.008481363527783482
GCCCACCAAGGCTGTC-1,4950,17096,0.5127640570275839,0.1313263388494822,-0.001941552344376,True,False,interface,0.014270591346820282
GCCCAGATGCTGGAGA-1,9908,7707,-0.4304716881456501,-0.2420503064696391,-0.9002310256083452,False,False,other,0.0008809275195265208
GCCCAGTTGGTATGCC-1,6921,17102,0.6495179553396062,-0.0029612946182705,-0.1568796481798027,True,False,interface,0.02623236228394421
GCCCGACTTCTTCCCG-1,12240,18592,-0.1285759012394036,0.3646375225240319,-0.1924913904744876,False,True,other,0.07833590637690943
GCCCGATCTGTGGTCG-1,13042,14288,1.0433653743428246,-0.4407811468497151,-0.6243315517250628,True,False,interface,0.11129995948979965
GCCCGCGCGTAAACGG-1,12245,16779,0.9505000316819524,-0.1942554699862977,0.0045757068386038,True,False,tumor_core,0.00342292463124323
GCCCGCGCGTTTGACA-1,6528,16874,1.0539825507788012,2.968929729313985,1.1878352720737029,True,True,interface,0.2605503102997657
GCCCGTAATACCTTCT-1,7921,12460,-0.0690857594315747,0.4422952226252227,1.369504046576649,False,True,immune_core,0.014589747835429852
GCCCTAGCCGTCGCGA-1,13222,19615,0.1209962147163835,-0.3212366409240308,-0.5152278101943101,False,False,other,0.010241606550105416
GCCGAAATTCCTACGT-1,9487,16317,0.8020593788564261,0.897740439995409,0.8486515870931827,True,True,immune_core,0.07963353459705805
GCCGACCCACGACTGC-1,14804,18033,1.2457602477724383,-0.0062557111848086,0.1154059658762589,True,False,tumor_core,0.023054051487910822
GCCGATTGGCCAAGCT-1,10675,14508,0.5525078226359729,-0.3212366409240308,-0.7178499103297202,True,False,tumor_core,0.0018929075969235244
GCCGCACTCCGTTTCA-1,11091,7711,-1.0124413699300758,-0.1120285065763117,-0.8990008437532209,False,False,other,0.0030668830006115888
GCCGCATTAGTCCGGC-1,9477,19489,0.6998605625655777,0.5096944319148066,0.0284842911416414,True,True,interface,0.060837202624364484
GCCGCTTGTGAGAAAC-1,9682,16884,0.2751445685531221,2.0996020165288933,1.2072640644994528,False,True,interface,0.5996330703039516
GCCGGGTTAGGGTCGC-1,10674,14734,0.6978869593276731,-0.3212366409240308,-0.9082411714236271,True,False,interface,0.004678687931989821
GCCGTGGAAGAAATGT-1,10300,8388,0.0457940169801215,-0.4407811468497151,-1.031395076882302,False,False,other,0.007903022911479934
GCCTAGCGATCTGACC-1,6528,16648,1.0042045356907516,0.587723511702238,0.8622313675438585,True,True,interface,0.027806266761402135
GCCTATAGTGTCAGGG-1,8320,11101,-0.5359488482225485,-0.1225058005439548,0.293185759591397,False,False,other,0.02020875127519146
GCCTATGCTGGGCCTT-1,6159,8488,-0.8727047579207177,-0.1225058005439548,-0.2704753876333878,False,False,other,0.0014333035170059627
GCCTATTCCGATATAG-1,7313,18010,-0.2113445771830766,0.2342542808087118,0.8765730015696549,False,True,interface,0.024855434540210452
GCCTATTTGCTACACA-1,4165,15734,-0.5734426395274687,-0.3212366409240308,0.047921667318966,False,False,interface,0.1490608888482453
GCCTCATCTGGAAATA-1,10687,10655,-0.7080404450687199,-0.3212366409240308,-0.1259077679776416,False,False,other,0.0037512786868455672
GCCTCCGACAATTCAC-1,14434,10327,0.4876457497393272,-0.3212366409240308,-0.9848896051982966,False,False,interface,0.014876069523387716
GCCTCTATACATAGCA-1,13440,12930,-1.0235940741704754,-0.4407811468497151,-0.7051058497321295,False,False,other,0.0466110830914937
GCCTGCTACACTGAGA-1,4185,9389,-0.4011724562802796,-0.1120285065763117,-0.2180715027927101,False,False,other,0.00049778117419734
GCCTTCAGCCCTACCG-1,5742,15739,0.6589634248215211,0.0833182769119773,0.7519094308947469,True,False,interface,0.05652461132694057
GCCTTGTATATGCAGT-1,5927,19705,0.0347266355817656,-0.3212366409240308,-0.1091403454330183,False,False,other,0.051971121645985476
GCGAAACGATCGGGAG-1,13252,10097,-0.5319067266291502,-0.2513075877902674,-0.362714629140748,False,False,other,0.009815175896410431
GCGAAACTTAACTGGA-1,11274,12130,-0.1205011461467802,-0.0235668769154916,-0.950796593306198,False,False,other,0.0053343901588110395
GCGAAGCCATACCCGT-1,8704,14502,0.6956579152022263,-0.1942554699862977,-0.1376194011495796,True,False,interface,0.005220694367533578
GCGACATGTAAACATC-1,9903,9293,-0.0113586212481372,-0.4407811468497151,-1.0734350239031232,False,False,other,0.011345600011894824
GCGACCCAACCATCTG-1,14214,17691,0.1526862257261377,0.2820491172920533,0.6806022327907846,False,True,interface,0.0050329309822961564
GCGACGATAGTTGTAC-1,12053,15305,0.2676551569825127,0.6492356565416681,0.2675874815693328,False,True,interface,0.004864279719083817
GCGAGAAACGGGAGTT-1,5138,19929,-0.5022235649676731,-0.3212366409240308,0.4688312523019089,False,False,other,0.007057795554199548
GCGAGAGGCCATGTAA-1,6751,8603,-0.6291940249601794,-0.3212366409240308,-0.7053868105703209,False,False,other,0.0014138817503215092
GCGAGAGTTGCGTCCA-1,9114,9291,-1.020997277797463,-0.4407811468497151,-0.956384347243648,False,False,other,0.011295727372595134
GCGAGCGCATGCTCCC-1,9904,9066,-0.5598392879508964,-0.3212366409240308,-1.0527008866462346,False,False,other,0.0007354143111472162
GCGAGGCCCGAGCAGA-1,9882,16092,0.2858979963740143,-0.3212366409240308,-0.1759394379956982,False,False,other,0.0014402069433414706
GCGAGTTCTGCAAAGA-1,9493,14277,0.2070369386588819,-0.2420503064696391,-0.755213244346063,False,False,interface,0.01637865243991191
GCGATGTCTGTGCTTG-1,6119,21405,0.4900907861189447,-0.0747109640606134,-0.3745521366755711,False,False,interface,0.16660737611935328
GCGATTCTGGAAGCAG-1,4568,13016,0.3907100911631565,-0.2513075877902674,-0.7242905462540445,False,False,interface,0.004243845335761892
GCGATTGTTAACGTTA-1,9892,12692,-0.7144242336368437,-0.1942554699862977,0.1019853475119244,False,False,other,0.0031404398171314806
GCGCAAATATATTCAA-1,14015,18257,1.1540420318828943,-0.3212366409240308,0.8693514799226936,True,False,interface,0.08501376921947958
GCGCAAGAGCGCGCTG-1,10492,10088,-0.2867788509570083,0.9232019830357996,1.2299485688739948,False,True,immune_core,0.018523983367956725
GCGCATCCAGTCAGCA-1,8321,10648,-0.2040520461490292,0.1313263388494822,0.237618788382375,False,False,interface,0.019559000211128802
GCGCCGTTCCACGATA-1,10677,14054,0.6833407871155008,-0.2513075877902674,-0.8581910785875241,True,False,tumor_core,0.00899277247070636
GCGCCTCCCACTCCGA-1,12073,8960,-0.844622477123397,-0.4407811468497151,-0.5971567785438496,False,False,other,0.009324312645572326
GCGCGTCATTGGTACA-1,13837,12025,0.545049657950414,-0.4407811468497151,-0.9123597183884308,True,False,tumor_core,0.004624572439046882
GCGCTAATTGAATAGA-1,9298,13484,0.3687824909512951,0.3957203987888961,1.1708617243192845,False,True,interface,0.1765240171532911
GCGCTATGCCGAGGCA-1,11065,16095,0.8453692112334484,-0.4407811468497151,-0.8756100492365813,True,False,tumor_core,0.0019388123361512332
GCGCTCGATCACCTGT-1,11487,7259,-1.139570906112454,0.0959776290101926,-0.7178499103297202,False,False,other,0.008814162789848047
GCGCTGATCCAGACTC-1,5953,11547,-0.5783736922700315,0.2235753505391024,0.954112238331596,False,True,immune_core,0.01739090825596695
GCGCTGCTTTGCATTT-1,8124,10761,-0.8942870922978609,-0.4407811468497151,-0.4846014389976439,False,False,other,0.010113835635830183
GCGCTTAAATAATTGG-1,13840,11345,-0.832614170242785,-0.1942554699862977,-0.1899678315898258,False,False,other,0.032585725318264806
GCGGACCGCGTTGTGG-1,12640,16553,0.8230967118003155,-0.4407811468497151,-1.16198044260795,True,False,tumor_core,0.004996104582469804
GCGGAGAAACTTCGCA-1,13425,17689,0.9304828421662168,-0.4407811468497151,-0.127503508149441,True,False,tumor_core,0.011033836691713256
GCGGAGAGGGAGAACG-1,11667,12585,0.4470474100931571,-0.2513075877902674,-0.7374979468016535,False,False,other,0.0034637775304900676
GCGGCAAAGTATTGCC-1,14212,18371,2.1140102253625597,0.0867023338037641,-0.2274806043691336,True,False,interface,0.17843986935655795
GCGGCTCTGACGTACC-1,10076,17112,-0.1535975015829161,-0.3212366409240308,-0.6355624197530652,False,False,interface,0.14212344927617435
GCGGGAACCAGGCCCT-1,6136,15966,-0.1858995861685624,0.0075159993493725,0.0356938395319894,False,False,interface,0.03760715747797157
GCGGGCATTACGATGC-1,8724,7930,-0.2346320142341875,-0.4407811468497151,-0.6690281560056349,False,False,other,4.8399614488455605e-05
GCGGGCGAGCCTTACC-1,13432,15649,-0.0461245718124446,-0.4407811468497151,0.4180616109406537,False,False,interface,0.008535200175963667
GCGGTCCCGGTGAAGG-1,5964,7921,-0.6050098179286919,-0.4407811468497151,-0.3652315752428375,False,False,other,0.0034169379418602665
GCGGTCCCTAGACGCA-1,5149,16303,0.6210429185512935,2.858034127414719,1.346395735457525,True,True,interface,0.6795394434677449
GCGGTGAACTGCGCTC-1,6547,10756,-0.0311825160780942,0.0075159993493725,-0.8221565263916047,False,False,other,0.00874446843072546
GCGGTGCGGAGCATCG-1,6318,20839,1.225815941024965,1.512173533233309,0.1707756488716248,True,True,interface,0.18421443622494824
GCGGTTCCCTATCATG-1,11854,15871,0.0492255043609104,-0.00478191092685,1.059231478088205,False,False,interface,0.03583624673125967
GCGTAAATGGCCATAA-1,9310,9858,-0.1359096047114126,-0.4407811468497151,-1.16198044260795,False,False,other,0.003385670924215496
GCGTCGAAATGTCGGT-1,5945,14040,1.1725827715019983,-0.2513075877902674,0.2305128483412264,True,False,interface,0.034738693295945026
GCGTCGCCAGGGTGAT-1,13239,14402,1.405334590674778,-0.3212366409240308,-0.8116856069035185,True,False,interface,0.13441470783894982
GCGTCTAACCTCCTAA-1,8924,7137,-1.0152126060660691,-0.4407811468497151,-0.8401009889071006,False,False,other,0.0004574863442839792
GCGTCTCTGCATTGGG-1,10274,16773,-0.0785112143806359,-0.1225058005439548,0.8620764348130932,False,False,other,0.006692340408870405
GCGTGGTACTGGGTTA-1,9504,10652,-1.1427286371374905,-0.3212366409240308,-0.8990008437532209,False,False,other,0.008059143253332493
GCGTTATATTTGGAAC-1,8687,19940,-0.0767620089491627,0.5066538029592123,-0.0167464038954306,False,True,interface,0.10250599532979714
GCGTTCGGAGACCGGG-1,6353,9735,-1.268678037965204,-0.4407811468497151,-1.0734350239031232,False,False,other,0.004027343269412528
GCGTTCTGACTAAGCG-1,13853,7039,-0.924044551870592,-0.4407811468497151,-0.950796593306198,False,False,other,0.011795132006952985
GCTAAACCTGAGGTGA-1,7113,18802,-0.0208364295574047,-0.0821476290726622,2.3173865318047575,False,False,other,0.009151105015910384
GCTAACTGAAGTCTGA-1,14036,11459,0.0460186876773064,0.1939489294532258,0.4028420063075975,False,True,immune_core,0.0141953232966177
GCTAAGTAAAGGCGAT-1,7898,19938,0.5953258313540399,1.5514127790336814,0.726354254716352,True,True,interface,0.19266801121422575
GCTAAGTAGTTTCTCT-1,9302,12351,-0.2702464572810192,0.1939489294532258,0.5674070615111482,False,True,immune_core,0.005547529082890949
GCTAATACCGAATGCC-1,6727,16082,-0.0068099234114568,0.5504329449905664,1.6616827336491442,False,True,interface,0.020653026020061627
GCTACAGTACGGACCG-1,10461,19832,0.3972622062039045,-0.3212366409240308,0.0097543897620592,False,False,other,0.10367888827809481
GCTACGACTTATTGGG-1,11072,13602,-0.330109736652138,0.2062468397294485,0.9909380699003412,False,True,other,0.00579028234577712
GCTACTATAGTAGAGT-1,12461,10774,-0.2143004056773252,-0.4407811468497151,-0.8644928003077784,False,False,other,0.004473291664467698
GCTAGACCGTCTACTG-1,10888,9636,-1.0181958973281249,-0.2016921349983465,0.7502916961895255,False,False,other,0.011251183023202641
GCTAGAGTAGAGATGT-1,13645,10551,0.2046485339756932,-0.0029612946182705,0.5392996286424149,False,False,other,0.015902394115573048
GCTAGCACCTGGGCCA-1,10302,7708,-0.6018059285541401,-0.2420503064696391,-0.8415170373444825,False,False,other,0.0025674635119241934
GCTAGCAGGGAGTGGG-1,5563,9959,0.7397629178031756,-0.4407811468497151,-0.3445923089676895,True,False,tumor_core,0.010684696849045001
GCTAGCTTGAATAGCT-1,12838,16441,0.7608546535521664,-0.4407811468497151,-0.1900893163942787,True,False,interface,0.05463346594875438
GCTAGGCACCACGGAG-1,13246,11910,-0.4833574633438535,0.1751639634645842,-0.210237448151039,False,True,other,0.05242847547436802
GCTAGTAGAGCTTGTA-1,10282,14053,0.2812089927276403,-0.4407811468497151,-0.708936937633144,False,False,other,0.012506507966931063
GCTAGTTTCATTGAGG-1,5935,17212,0.1883052617188365,-0.2016921349983465,0.2794157647808285,False,False,interface,0.04275561229558056
GCTATACGTCTCGGAC-1,12853,11455,-0.4732519912326122,-0.4407811468497151,-1.16198044260795,False,False,other,0.001822407285891916
GCTATCATACTCATGG-1,13244,12589,-0.1835473220018748,-0.4407811468497151,-0.8301034615203273,False,False,other,0.004080242822381198
GCTATCGCGGCGCAAC-1,6522,18687,0.4811682930396723,-0.0029612946182705,0.7229406371501401,False,False,other,0.01295047507748913
GCTATGCCAGCTTATG-1,11246,21195,-0.1575600441510598,-0.0581472202099654,-0.3153719730527667,False,False,other,0.0013499417934901513
GCTCAACCTCTTAGAG-1,5925,20385,1.271624666068315,0.789627233203077,0.6207093915215742,True,True,interface,0.06758496914826864
GCTCAATCCGTTTATT-1,13032,17461,-0.0349301957712499,0.6086922252013067,0.7800685238446153,False,True,interface,0.006791374793010302
GCTCAATGTAATACCG-1,14814,14861,0.4132850310050321,0.8577016750633595,0.4690879441576404,False,True,interface,0.02629774023041274
GCTCATTACTGCATGT-1,5166,10865,-0.8450145984318603,0.0075159993493725,-0.2348585131942223,False,False,other,0.009082898272842857
GCTCCATGAGTGCAGA-1,13852,7266,0.207903176882545,-0.4407811468497151,-0.7109316716188346,False,False,other,0.003387798155457505
GCTCCCAGTCGGTCCA-1,11087,9070,0.3585476190984493,-0.3212366409240308,-0.0358107274738348,False,False,interface,0.06750272231993865
GCTCCGCTCGCTTCAG-1,10890,8730,-0.2599573452395903,-0.3212366409240308,-0.9009461425642754,False,False,interface,0.12556754904204764
GCTCCTGACATACTGG-1,13622,17803,0.7230647782616074,-0.3212366409240308,0.77487205086903,True,False,tumor_core,0.018696479457477846
GCTCGCGGTTCCGCTC-1,7504,19937,-0.6950987015252371,3.867650377104131,1.372886607137232,False,True,interface,1.495614319970004
GCTCGCTCATGTCCAA-1,10689,10202,-0.8999196234544055,0.5005673530762074,0.1112384371987346,False,True,immune_core,0.021595908490135138
GCTCGGAATTTAAAGC-1,6937,11890,0.4471115402799791,-0.00478191092685,0.1641224654692605,False,False,other,0.012608319390501131
GCTCTAAACCCTGACG-1,7323,14837,-0.1239066290880439,-0.0029612946182705,0.7737026188298166,False,False,other,0.002015708512409906
GCTCTATGTTACGTGC-1,7710,16878,-0.423157730570341,0.812377451377806,1.0855856548863343,False,True,interface,0.10249359183757578
GCTCTCGGGTACCGAA-1,7717,14838,0.0583512627436702,0.4426005497754741,0.3933744804012929,False,True,immune_core,0.03192608938002087
GCTGAACTCTCCAGGG-1,10499,7822,-0.939594387029532,-0.4407811468497151,-0.8543042394726488,False,False,other,0.002936631193139813
GCTGAATCTTCCAATC-1,14210,18824,0.6494441712462864,0.2382116551275129,-0.7684154780275728,True,True,interface,0.08451138302986116
GCTGAGCAACGGTTCT-1,6319,20613,1.1051766428709573,0.515785402025788,0.1363356187586108,True,True,interface,0.20647899020996818
GCTGAGGCGTGAGTAT-1,10479,14167,0.1892369335906065,0.1486836468237786,-0.1607696940891763,False,False,other,0.01649222821612655
GCTGCACGGTTTCTTA-1,10679,13148,0.2826365357791803,-0.3212366409240308,-0.7696456598826974,False,False,other,0.0005761476126665282
GCTGCGCCTCCCACGT-1,6711,21294,1.1889898980328522,2.936923472017601,-0.0226792888703648,True,True,interface,1.0105642379728157
GCTGCTAAGTAGTCGA-1,13631,15083,-0.3353546020753443,0.6043788837583937,1.1963926435989798,False,True,immune_core,0.10793233932890667
GCTGCTACTGCGTAGC-1,12652,12928,-0.3598640868963704,-0.0525767474101915,0.145909505946216,False,False,other,0.011601428619419022
GCTGCTCTCCGGACAC-1,8704,14275,0.3162244191275332,-0.3212366409240308,0.3766151800034157,False,False,interface,0.005157280306170222
GCTGGACCCAAAGTGG-1,5368,9392,-0.2421760106179383,-0.4407811468497151,-0.8548759119796924,False,False,other,0.001625186529828775
GCTGGCAGGTGCCGTG-1,7697,21184,1.1968762577348788,-0.0436628940257557,0.765069325321752,True,False,interface,0.031133000174077205
GCTGGCATATTCACCT-1,8693,17901,0.7107281563799112,-0.4407811468497151,-0.622386252914008,True,False,interface,0.02343991451286838
GCTGGCGGCGCATGCT-1,13239,14176,1.7501406994367816,-0.2513075877902674,-0.7208239055586121,True,False,tumor_core,0.031028864230221432
GCTGGTGACTCGTAGT-1,4780,8144,-0.8725704488714866,-0.1942554699862977,-1.0048339685655825,False,False,other,0.0027200924464830228
GCTGGTTTAGGCCATA-1,14404,19845,1.1429471577989485,-0.2513075877902674,-0.549856366104142,True,False,tumor_core,0.0005987892388152147
GCTGTATTACTGGCCC-1,11653,17117,0.6736281721683872,-0.4407811468497151,-0.95500753478984,True,False,tumor_core,0.0007048641141450407
GCTGTTGCTACCGAAC-1,10293,10654,-0.1966410877481396,-0.4407811468497151,0.9468719328345074,False,False,other,0.011552518720777926
GCTTAATGTAACTAAC-1,10881,11902,0.0135235155292809,-0.3212366409240308,-1.0734350239031232,False,False,other,0.0012030061670062224
GCTTACGTAGTTAGTA-1,9708,8726,-0.9719565974021008,-0.3212366409240308,-1.0734350239031232,False,False,other,0.0003626875174078444
GCTTAGGGAAGCGGTA-1,4980,7351,-0.9655658224172232,-0.3212366409240308,-0.9123597183884308,False,False,other,0.0007390614825934818
GCTTATGAAGCAGGAA-1,9502,11331,-1.0712983152552948,-0.2420503064696391,-0.5844115687731332,False,False,other,0.010466722892118717
GCTTCCGTCCCTAGAC-1,8315,12687,0.039482063536659,0.2947084693902685,0.5271292013401822,False,True,immune_core,0.04151763897009376
GCTTGATGATAATCAG-1,6920,17329,0.5904455942123386,-0.0525767474101915,0.0522889342129985,True,False,interface,0.009688956072159907
GCTTGCAGCACAATTG-1,6358,8149,-0.953165394228148,-0.4407811468497151,-0.4402174558504446,False,False,other,0.002884811991495347
GCTTGGATCGATTAGG-1,8716,10422,0.9026355779648068,0.0044753703937782,0.2193453207949707,True,False,interface,0.07426101485385982
GCTTTCAGAGGAGGTG-1,9110,10650,0.3005604706968477,-0.4407811468497151,-0.549856366104142,False,False,other,0.02100356567688229
GGAAACCTTGTTGAAT-1,6551,9396,-0.8139812669937802,-0.4407811468497151,-1.0412873108220793,False,False,other,0.0008636610420381139
GGAAACTAAATGGGCC-1,14436,9874,-0.1399867539458909,0.292284391025851,0.4940302308612359,False,True,immune_core,0.03439702348856281
GGAAAGTGCCCATGCC-1,6545,11209,-0.4832323002391488,-0.4407811468497151,-0.745768984299143,False,False,other,0.009715384364026162
GGAACCCGAACAAGAA-1,7108,20389,0.5429585536446232,-0.2513075877902674,-0.3859657124997263,True,False,interface,0.009689655911915042
GGAACCGTGTAAATTG-1,12247,16099,0.4638811717992391,0.042775231313975,0.4485400143318247,False,False,interface,0.0032934176264258746
GGAACCTTGACTCTGC-1,14210,19051,0.0423753987614392,-0.4407811468497151,-0.4820450846562041,False,False,interface,0.09005033989641929
GGAACGGCCTGCAGCC-1,7504,19710,-0.0628134398822661,0.4787744672368401,0.3761182516344815,False,True,interface,0.39627509888986895
GGAACTTTGGCGATTA-1,14438,8967,-0.9017064108745696,-0.4407811468497151,-0.9428496581774752,False,False,other,0.0020646398901705506
GGAAGCTCGCTTACAG-1,4768,11996,-0.9000539325036365,0.1659066821439559,0.4234370323925631,False,True,interface,0.47975134250343743
GGAATGCGCTAGCGTG-1,8908,12123,-0.1513902901897602,-0.4407811468497151,0.0377361271153236,False,False,interface,0.05941685124622343
GGACAAGTTGCAGTGA-1,9079,20621,0.5577770828634642,0.9281875841540818,0.8519196738975804,True,True,interface,0.022434478807632077
GGACACAAGTTTACAC-1,11876,8846,-0.1742520712065784,0.0576905669024885,-0.4310921649388066,False,False,other,0.013455336327948519
GGACCAACAGGATAAC-1,12649,13834,0.4121185475373744,0.042775231313975,-0.9009461425642754,False,False,other,0.005458357759330477
GGACCTACGGTAACGT-1,5961,9054,-0.9176537768857144,-0.3212366409240308,0.0250254142560703,False,False,other,0.005519921851798782
GGACCTCTAGGCCGCC-1,14016,18031,0.1639345635342526,0.8795957152847829,-0.1353083236183014,False,True,interface,0.14175024241997417
GGACGGCTTGCGCAAC-1,3986,9954,0.2839490612733668,-0.2016921349983465,0.1151995259694863,False,False,other,0.00048624987644329274
GGACGTCCATAGTTGG-1,5372,8259,-0.3818735776817562,-0.4407811468497151,-1.021639274350146,False,False,other,0.0014843470046119642
GGACTAAGTCAGGAGT-1,7895,20844,0.1355696600141001,0.3735861821384743,1.2615076218588182,False,True,interface,0.028087662393665263
GGACTCACAAATTAGG-1,12274,7714,-0.969547338241226,-0.4407811468497151,-0.2293929608406746,False,False,other,0.0073329258563567265
GGACTCTTCCGGTTGA-1,13852,7493,0.5070605556578942,-0.3212366409240308,-0.0004760229138157,True,False,tumor_core,0.002803417639862647
GGAGAAGTCATTGGCA-1,7119,16763,1.1050795068258832,0.2588345825037049,0.5571715087564547,True,True,interface,0.12107516714455956
GGAGACCAATGTGCTT-1,6949,8037,-0.8200746830098163,-0.3212366409240308,0.3007055757640344,False,False,other,0.00220710532264977
GGAGACCATCTACATA-1,12431,20518,0.4696549937439608,-0.4407811468497151,0.3684245109461075,False,False,interface,0.012944644559170451
GGAGACGACACCTTTG-1,11072,13829,0.1411077752988382,-0.0525767474101915,1.1357345008970348,False,False,interface,0.0017064302082747745
GGAGCAACATTTCAAG-1,13845,9759,0.8155173555964789,0.1659066821439559,0.100363432413288,True,True,immune_core,0.1412920524178021
GGAGCACCAAGAACTA-1,7725,12119,-0.5334956141792162,-0.2016921349983465,1.1430995425725825,False,False,interface,0.28206090007362555
GGAGGATTGAAAGGAG-1,3976,13127,0.4708384347577166,-0.1051772897343009,0.1220978845055999,False,False,interface,0.03228566914646711
GGAGGCCGAAGTCGTC-1,10498,8275,0.4075640972896354,-0.0767692746117092,-0.6690281560056349,False,False,other,0.023643237063018397
GGAGGGCTTGGTTGGC-1,8907,12576,0.3716183477302036,-0.1120285065763117,-0.4820502515223032,False,False,other,0.03267649580032752
GGAGTACACATGAGCT-1,5331,21176,0.9575828521570328,0.8466981863706886,0.1766694988731636,True,True,interface,0.04855989177578433
GGAGTGCCGCCCTGGA-1,6335,15401,-0.5186100618649575,0.5796234850485699,0.1757297024303046,False,True,immune_core,0.07814037187015964
GGATACTCATGAATTG-1,4361,16301,-0.0612852792420271,0.5746967535883248,1.049993016041857,False,True,interface,0.046064486027204456
GGATCAGAGCCATCAG-1,11048,21307,-0.3620880486931813,0.0044753703937782,0.1403361649348076,False,False,other,0.00519143370621256
GGATCATCCCGTACGC-1,5958,9961,-0.710723615749391,-0.16320739995144,0.3935810508223507,False,False,other,0.014021950186215701
GGATCCGGAATATACT-1,9303,12124,0.2102980953155628,-0.4407811468497151,0.2109493744094908,False,False,interface,0.003090587781103621
GGATCTTGACTCAACC-1,12631,19499,0.8606267372138986,0.1165832113074136,1.0171243341099838,True,False,interface,0.06761889344451907
GGATGAAGATCGCTGA-1,10884,10769,0.1431489944174584,-0.3212366409240308,0.2446614813357898,False,False,other,0.0048702734312197835
GGATGACGCGAGTTTA-1,9881,16318,0.0950442785204648,-0.0029612946182705,1.9853895515050053,False,False,other,0.004245799191352481
GGATGCTGGCGTTCCT-1,10266,19265,-0.3884310006286783,-0.1225058005439548,1.1894040600349232,False,False,interface,0.0995002024124134
GGATGTCCTTACCGCA-1,9503,11105,-1.0245866723130022,-0.1120285065763117,-0.8756100492365813,False,False,other,0.004791639034812791
GGATTAAGCTAAGGTC-1,3981,11541,0.0550639313109489,0.1957695457618053,0.7092783735647334,False,True,interface,0.07693913664424411
GGATTCAGTACGGTGG-1,6328,17667,1.1183881094754409,0.25404167621279,0.3276333353818624,True,True,tumor_core,0.01766056359276587
GGATTCCGCTATACCC-1,6345,12228,-0.4599070399243497,0.1655452403219633,1.2471476051271873,False,True,immune_core,0.0027189390164819548
GGATTGCTGTGACTCC-1,14429,11913,0.5912873936210123,-0.4407811468497151,-0.5628052464798774,True,False,interface,0.0371415366101508
GGATTTCACTTCTATA-1,8711,12009,-0.6360034711210245,-0.0525767474101915,-0.3406066142890243,False,False,other,0.10307203576074035
GGCAAAGGCGCCAATA-1,13229,17575,0.81381785307026,-0.2420503064696391,-0.5234725966862994,True,False,interface,0.00744768836136576
GGCAAATTACTTTACT-1,10672,15414,0.0303162660502506,-0.0767692746117092,-0.9162885498607556,False,False,other,0.00896086230241756
GGCAAGCCAGGGATAG-1,5965,7694,-1.0784671576256626,-0.1942554699862977,-0.8990008437532209,False,False,other,0.0007782518796513372
GGCAAGGCGAAATAGC-1,11467,13604,0.6354346713530534,-0.4407811468497151,-0.3718552423404961,True,False,tumor_core,0.005702488703011641
GGCAATAGTCAATGAG-1,8510,13481,-0.0241985077041709,-0.4407811468497151,-0.2893715218022835,False,False,other,0.022021401247311233
GGCACTCAGCCGACCC-1,13457,7491,0.3672565688751135,-0.2420503064696391,0.0140822487437001,False,False,other,0.009174801127361007
GGCACTCCACTGGGCA-1,9290,16203,0.0912181786515701,0.2062468397294485,0.6706418396246202,False,True,interface,0.0038401085519922627
GGCAGAGAGATCGGGA-1,9472,21076,0.7902521143064501,0.515785402025788,1.6418416448069917,True,True,interface,0.1365663482628714
GGCAGCAAACCTATGC-1,12662,9755,-0.2464604882130142,-0.1317630818645832,0.0227649860392996,False,False,other,0.007127839122710175
GGCAGCGGTAATCCTA-1,5366,10072,0.3786930255386198,-0.4407811468497151,-0.6345201125601925,False,False,other,0.01300570651647811
GGCATACAGGTAGCGG-1,9285,17789,0.2938080858584063,-0.2513075877902674,-0.5321536284432634,False,False,interface,0.023568478819460215
GGCATATCGGTTCTGC-1,5951,12000,-0.4632693550457116,0.1394263655031503,1.5439976731698846,False,False,other,0.014898710058616064
GGCCACACGAAAGCCT-1,6908,21181,2.5499501573749632,2.3938587679965915,0.1766246004000082,True,True,interface,0.9483399469023331
GGCCCAGTTATCAGCA-1,4977,8258,-0.6181264949776138,-0.4407811468497151,-1.021639274350146,False,False,other,0.001834454002585042
GGCCCGGAGCATGTCT-1,9513,7932,0.4649996389847844,-0.4407811468497151,-1.16198044260795,False,False,other,0.0205714105806598
GGCCCGTATACCATGC-1,7936,7927,-0.6406542949767058,0.3042162437659061,-0.5958251445972883,False,True,immune_core,0.007483761686298891
GGCCCTCACCCACTTA-1,9873,18811,1.543903875718723,0.1240198763194625,-0.4650866477835351,True,False,interface,0.030114032945021834
GGCCGAGACTCTGGTG-1,14805,17807,0.5230016525640208,-0.4407811468497151,-0.5706196871933102,True,False,interface,0.01505122872441746
GGCCGTTTGGGTTTCA-1,14218,16332,0.3759718757692676,0.0867023338037641,-0.2398526790043402,False,False,interface,0.014327909934560526
GGCCTTTGCAACTGGC-1,9671,20510,-0.0227144925813492,0.8447918299101351,1.136459989725709,False,True,interface,0.066669518828521
GGCGAAATCTAACTTG-1,11079,11563,0.2646409474572589,-0.2420503064696391,-0.5902385398329641,False,False,other,0.0024612384457041426
GGCGAACCGTTCTGAT-1,5967,7015,-1.219637357569842,-0.4407811468497151,-0.7494114394255381,False,False,other,0.0027543439515306982
GGCGAGCGAAACGGCA-1,12628,20632,0.92599219376427,-0.3212366409240308,0.1231468946407157,True,False,interface,0.019408398643635038
GGCGCAGGACATCTTC-1,9875,18358,0.1351964585822897,0.5636188559591172,1.0098543496914771,False,True,interface,0.023755053029996375
GGCGCATGAATTGATG-1,10870,15301,-0.0018728648304805,-0.3212366409240308,-0.5165582949677456,False,False,other,0.016013723806992657
GGCGCGGAGATCTTTC-1,14036,11685,0.3161812090224544,-0.1225058005439548,0.1024404261203524,False,False,interface,0.005921988418493236
GGCGCGTTCGAGTTTA-1,11857,14738,0.9476664883918658,0.5851740475559679,0.4428910589363966,True,True,interface,0.061272891730205475
GGCGCTCCTCATCAAT-1,5929,19252,-0.2144801849541289,0.673635677216788,-0.0178137199947916,False,True,immune_core,0.06267743036182975
GGCGGAGTAATATTAG-1,8895,16202,0.5041514522724101,-0.2513075877902674,0.6640312140281114,True,False,interface,0.06405495787472008
GGCGGGCTCTAAGAGT-1,13064,7037,-0.7347496401807153,-0.4407811468497151,-1.16198044260795,False,False,other,0.00496741560929932
GGCGGTAGGATCATTG-1,8706,13595,-0.6788262790266321,-0.2420503064696391,0.053106456819819,False,False,other,0.04541344740164657
GGCGGTTTGCCGGTGC-1,5531,20157,-0.1159328846179402,0.1276196200362519,1.9311664968371025,False,False,interface,0.019599088613186193
GGCGTCCTATCCGCTG-1,8694,17674,0.3300312652351841,-0.4407811468497151,-1.0734350239031232,False,False,other,0.03574614146583655
GGCTAAAGGGCGGGTC-1,6351,10188,-0.4118194154894748,-0.4407811468497151,-0.918648880225154,False,False,other,0.0019544246732678514
GGCTAATGATTGAAAT-1,4779,8597,0.0057625429758602,0.1368769013568803,-1.0734350239031232,False,False,other,0.012122920886888502
GGCTATTAAGTTGTAT-1,9091,16769,0.9296092809890416,0.1998239659223854,-0.6605419183519448,True,True,interface,0.003219194466449818
GGCTCCTCCACCTGTT-1,14215,17465,0.4659997576985212,0.1890418182950712,0.5223980665389537,False,True,interface,0.013386945891928568
GGCTCGCGTTGAGGTA-1,8715,10876,0.6853585844898468,-0.4407811468497151,-0.6345201125601925,True,False,tumor_core,0.017684762874625407
GGCTCGTGCCACCAGC-1,6527,17101,1.0417943767484783,1.286698416964695,1.539071471044099,True,True,interface,0.19465182596452835
GGCTCTGCTCCAACGC-1,7722,13252,0.0428050952307523,-0.4407811468497151,0.8011711392281696,False,False,other,0.029082577615278812
GGCTGAAATAGCAAAG-1,12259,12473,-0.0397416131902923,-0.1942554699862977,-0.5971528415515179,False,False,other,0.0013248427228070004
GGCTGAGCATCGTAAG-1,4380,10182,0.2099056850110346,-0.3212366409240308,-0.0147573114922932,False,False,other,0.019172427412052773
GGCTGGCTAGCTTAAA-1,4749,18115,-0.2484871195198279,0.6607786521793703,0.2413625876846173,False,True,other,0.08936307937660252
GGCTTGGCTCTCACCT-1,7303,21182,1.0663932471813304,-0.0821476290726622,0.427134392776158,True,False,interface,0.02744938761504938
GGCTTTCAATAAGGGT-1,14421,14406,0.5287107732172298,0.7374822265572619,0.9568750873882732,True,True,interface,0.02091610095566003
GGGAACGGGAGGTTAG-1,10272,17226,-0.8716811923818957,-0.3212366409240308,-0.1967075561326534,False,False,interface,0.15103292677005575
GGGAATGAGCCCTCAC-1,6354,9282,-1.214663243603313,-0.3212366409240308,-1.16198044260795,False,False,other,0.000640145780821601
GGGAATTCTGTCCAGT-1,8092,20958,-0.4574632898153419,-0.0747109640606134,0.3069798837187618,False,False,interface,0.1984858838279343
GGGACAGAGTTACTCC-1,13815,19276,0.4413981009158337,0.55856265706334,0.3984555248231295,False,True,interface,0.10847999575241218
GGGACCCGTATATCTT-1,13827,15424,0.3607877720754897,0.5442747752092802,1.461069269053614,False,True,immune_core,0.014964760084329598
GGGACTGCATAGATAG-1,8900,14615,0.7482928473040946,-0.0747109640606134,0.0492716708003817,True,False,interface,0.014562607074706533
GGGAGAACTCACAGTA-1,8902,14162,0.1860253137776286,0.4656494519226596,1.1390210208924787,False,True,interface,0.05162847374870692
GGGAGGATGCCCGAAA-1,9883,15638,-0.209346717758913,0.0959776290101926,-0.9848896051982966,False,False,other,0.01167961120107749
GGGAGTAATGGCTGGC-1,4557,16641,0.5579929474773814,0.076225039836121,0.2112934291618134,True,False,interface,0.005011412555944621
GGGAGTTAATGAGGCG-1,9103,12916,0.253664293355116,-0.0525767474101915,-0.6912888020130004,False,False,other,0.00271402638224604
GGGATACGGTAATAAT-1,6713,20614,1.2913609206755488,0.8031097241384696,0.2803472669081649,True,True,interface,0.0826420792001021
GGGATCCCAATACAAA-1,6162,7808,-1.3352144675886757,-0.0618539390231956,-0.3067438863360336,False,False,other,0.0036094787772243987
GGGATGGTCGTAACCG-1,11852,16551,0.5807005398588968,-0.4407811468497151,-0.95500753478984,True,False,interface,0.01665753587048592
GGGATTTACCGCACCT-1,10883,11222,0.6274611829765885,-0.4407811468497151,-1.16198044260795,True,False,tumor_core,0.008005271186572294
GGGCAACCGCACGTGC-1,13420,19275,0.1963915982222963,0.492216002567395,0.4504318802369844,False,True,interface,0.05226143850316966
GGGCACGAATTGGCCG-1,8288,21299,0.5333960132864483,0.3298439537753947,1.4625438113328446,True,True,interface,0.011570852144029175
GGGCAGACGTCACTGC-1,12035,20970,-0.4293729501808145,-0.2420503064696391,-0.1114794516449024,False,False,other,0.00013670367311422339
GGGCAGAGCAATCGTT-1,14026,14631,0.3351438214716262,0.3134934353789101,0.846271855974387,False,True,interface,0.2708326410103352
GGGCCCGTCTTAAACA-1,10869,15528,0.8067562285221469,-0.4407811468497151,-0.8821409359279218,True,False,tumor_core,0.0013107729500259331
GGGCCCTACGAAAGGG-1,10068,19605,0.3905571196153757,-0.2513075877902674,1.0017369876496056,False,False,other,0.0318243306976898
GGGCCCTTATCTATAC-1,9078,20848,0.6178428689266279,0.1132887947408756,0.5576862938255053,True,False,interface,0.04933183210731943
GGGCCGGCCGAAGTAC-1,9698,11899,0.0176402530057108,-0.1225058005439548,0.2452388910361178,False,False,other,0.0046148488279992685
GGGCCTAAATGGGCTA-1,11445,20402,-0.260291116287897,-0.2420503064696391,-0.1601364011488619,False,False,other,0.0010021127199426668
GGGCCTATTTAAGTAT-1,5175,8145,-1.0791820993665573,-0.4407811468497151,-0.9527418921172526,False,False,other,0.0011057431309566864
GGGCGAATTTCTCCAC-1,5924,20611,0.0122448449084977,0.4563722603096554,0.6099528126165037,False,True,interface,0.5246940695996369
GGGCGATATGTGTGAA-1,8111,14840,0.060969351328098,-0.3212366409240308,-0.446300897205877,False,False,other,0.017245578623555607
GGGCGCAGCGTTACTC-1,9316,7818,-0.8299357089793074,-0.4407811468497151,-1.0734350239031232,False,False,other,0.007185615572192966
GGGCGGCAAATGAATT-1,12247,16326,0.797257744896112,-0.3212366409240308,0.4726670588022888,True,False,interface,0.014640783722298519
GGGCGGGTTCCCTACG-1,11061,17228,0.0038200982502193,-0.3212366409240308,0.4272920702746548,False,False,other,0.012038034527201443
GGGCGGTCCTATTGTC-1,5340,18230,-0.0130982999980086,-0.16320739995144,0.3253424394832021,False,False,other,0.013542460432657765
GGGCGTACATTTATAT-1,7321,15290,-1.2132465825849643,-0.00478191092685,0.5219151709077173,False,False,other,0.035801209189942694
GGGCGTCACCACGTAA-1,12051,15758,-0.2594983085389091,0.2435643822451468,0.1123797295793983,False,True,interface,0.03565672668905749
GGGCGTCCACTGGCTC-1,5755,11886,-0.8736363752149224,0.3735861821384743,0.4340377820038265,False,True,immune_core,0.004078628130085258
GGGCGTGGTTTCCCAG-1,14625,12254,0.4845192134108805,-0.1225058005439548,0.2406116807438955,False,False,interface,0.021889846485963455
GGGCTACTATTTCGTG-1,12430,20745,0.4433423937817192,-0.1942554699862977,0.401779630702788,False,False,other,0.0007529594148871231
GGGCTATGATCGATGG-1,13826,15651,-0.1413290600514521,0.7646249890915631,0.4310989988708424,False,True,interface,0.23790545735627908
GGGCTCATCGAACCCA-1,7531,11325,-0.6513486326260105,-0.4407811468497151,-0.2241192571206968,False,False,interface,0.09192871359893746
GGGCTGCCTAGGGCGA-1,9101,13596,-0.3407077353736107,0.561839728550907,1.4902613252180763,False,True,interface,0.23061833597794446
GGGCTGGTTAGTCGCG-1,8700,15635,-0.0737572312427919,-0.2016921349983465,1.495901924017654,False,False,other,0.0024873281877351703
GGGTACCCACGGTCCT-1,5340,18457,-0.2755830634994261,-0.3212366409240308,-0.0808582473143354,False,False,other,0.0024982773002508256
GGGTACTTCATGAACT-1,9879,16998,0.4013450670577086,0.2435643822451468,0.4165111847822239,False,True,interface,0.05693463379040852
GGGTATGTATGCACTT-1,8100,18239,1.126898954274433,0.1147625949988342,1.1402809144243289,True,False,interface,0.23131573792099458
GGGTATTCTAGCAAAC-1,13419,19728,-0.2054063707510308,-0.4407811468497151,-0.3625405501271722,False,False,other,0.01133879061625208
GGGTCACCGTGACGGT-1,9487,16090,0.1437756991053909,-0.1225058005439548,-0.3903163651410296,False,False,interface,0.018503786477482662
GGGTCATGCGTACCAT-1,6913,19821,1.6697364456235635,-0.1051772897343009,-0.1050838986268254,True,False,interface,0.06826044391184528
GGGTCGTGGCAAGTGT-1,7537,9286,-0.029836862307693,-0.4407811468497151,-0.9087566462853768,False,False,other,0.028624936948580756
GGGTGACACCTTAACT-1,11659,15077,0.8170766391406993,0.042775231313975,-0.4476609127348523,True,False,tumor_core,0.0022160007822808222
GGGTGCATATGAAAGC-1,8525,8722,-0.7264485707315508,-0.2420503064696391,0.2508518101175301,False,False,other,0.001888429005533501
GGGTGGTCCAGCCTGT-1,3975,13580,0.200542801300467,0.9086673061955504,-0.0488503233843918,False,True,interface,0.1901248517118322
GGGTGTTTCAGCTATG-1,5749,13699,0.0360990273640755,-0.2513075877902674,0.9335744559484036,False,False,interface,0.23978269303592212
GGGTTAACATTTGAGT-1,13234,15762,-0.2353948512920707,0.0075159993493725,-0.1795526633156006,False,False,interface,0.047877462812747934
GGGTTCAGACGAACAA-1,6323,19253,0.4573904136919623,-0.2513075877902674,1.2657234953116705,False,False,interface,0.030521351873664244
GGGTTTAGGATAGGAT-1,11086,9297,-0.5449109490186184,0.9911660711022802,1.0348414189198012,False,True,immune_core,0.13930333998665623
GGTAAATGTGCGTTAC-1,4768,12223,0.4242451596010164,1.920504126283689,1.3745746406087302,False,True,interface,0.8405035268376949
GGTAACCGGGAGGATA-1,13818,18370,1.0669164531650206,0.7902692659600596,1.121115903007523,True,True,interface,0.1549688405665768
GGTAACTATGTATCTG-1,4952,16416,0.8132090409318898,-0.0747109640606134,-0.6129179759009077,True,False,interface,0.12875044018106946
GGTACAAACATGCTAT-1,10476,15300,0.2858580090049581,-0.0235668769154916,0.8821724699887448,False,False,other,0.0030530868671364768
GGTACACCAGATTTAT-1,7738,8040,-0.5492413253338636,0.1939489294532258,0.3402435959662733,False,True,immune_core,0.005646282034139808
GGTACATCTGGGACGA-1,10068,19378,-0.0891376615869584,0.0694973123693869,0.5523228859307618,False,False,interface,0.01639512229745572
GGTACCATTAAGACGG-1,8325,9515,-0.5971725562552316,0.8804640804947323,0.0684864511860784,False,True,immune_core,0.04341112766830049
GGTACTAAGTGCTTTG-1,12669,7489,-1.1531009279463702,0.2914140528237304,-0.7598898573505414,False,True,immune_core,0.03304948902988155
GGTAGAAGACCGCCTG-1,13045,13382,0.1052551308246676,-0.3212366409240308,-0.950796593306198,False,False,other,0.0006164435490639919
GGTAGACCGTTGGGCG-1,13038,15422,0.7802451368576516,-0.0747109640606134,0.5993189775341575,True,False,tumor_core,0.0011687027756802429
GGTAGTGCTCGCACCA-1,9299,13257,-0.3318480456682917,-0.4407811468497151,-1.0048339685655825,False,False,interface,0.019716253390893446
GGTATAGTGACACATA-1,9314,8498,-1.1958310550646605,-0.4407811468497151,-0.7011770989604461,False,False,other,0.0017688143440097268
GGTATGAAAGAACTGA-1,9273,21415,0.9753432334917764,0.5344074564275318,0.7485844223938329,True,True,interface,0.13086053845463463
GGTATTGCCGAGTTTA-1,9095,15409,0.8634417884382596,-0.3212366409240308,-1.0734350239031232,True,False,interface,0.02629758770581055
GGTCAAGACTACTTCG-1,13057,9530,-0.5046031466731598,-0.0581472202099654,0.1907014448956749,False,False,other,0.006289569853685288
GGTCAGTGGGTCCCAC-1,12056,14399,-0.4003050175028982,-0.4407811468497151,-0.9428496581774752,False,False,interface,0.17014239695230793
GGTCATTGTAGTCATA-1,5373,7806,-1.088713842775599,-0.2420503064696391,-0.964155467941408,False,False,other,0.005069212655086516
GGTCCTTCATACGACT-1,5136,20382,-0.6778106424797202,0.1394263655031503,0.6524980180589363,False,False,other,0.014141835328515318
GGTCGGATAAACGGCG-1,7139,10418,-1.23601090824774,-0.4407811468497151,-0.8990008437532209,False,False,other,0.001203912135034636
GGTCGGCCAGGAGCTT-1,8909,11896,0.3910810800378153,-0.0581472202099654,1.1698994569454932,False,False,interface,0.11045714685628362
GGTCGGTAATTAGACA-1,4949,17322,0.7342833121197267,0.1344971702871056,-0.029057330895259,True,False,interface,0.018543723478550482
GGTCGGTCGTCCACAG-1,13629,15537,0.1865345186990775,0.4047682902293466,1.0358001436988682,False,True,interface,0.018602461014317884
GGTCGTAAGCTCGCAC-1,12238,19272,-0.0136826814098513,0.0075159993493725,1.0045314915393486,False,False,other,0.005631403432070452
GGTCTCCAAGTAGTGC-1,12275,7261,-0.976501933730518,-0.1225058005439548,-0.3882093880824055,False,False,other,0.0008826961001324286
GGTCTCTGAATGGACT-1,12834,17574,0.2725046952118766,0.4527725165928659,0.5427679000784559,False,True,interface,0.11590778107050355
GGTCTGAGAATCTGGA-1,8513,12348,-0.2685849118733724,4.297890547080532,0.7259435543225755,False,True,immune_core,1.9961356279472666
GGTGAAGTACAGGGAT-1,11850,17231,0.5135306314058866,-0.4407811468497151,-1.0734350239031232,True,False,tumor_core,0.0029172143303530748
GGTGAGATGCAGATAA-1,5737,17325,-0.0758707082695321,-0.2513075877902674,0.8841962480905208,False,False,other,0.033508381792251594
GGTGATAAGGAGCAGT-1,9893,12466,-0.3191211470259477,-0.3212366409240308,0.0661814002741407,False,False,other,0.0012537729796888828
GGTGATGAAGGAAGTG-1,8682,21300,0.4379738382169735,0.6320741088349219,0.3922875888244835,False,True,interface,0.0843430150597293
GGTGATTTCATCTTGT-1,4358,16981,0.9277506705506272,-0.2016921349983465,0.4692875152947701,True,False,interface,0.009103695713646057
GGTGCAGAGCCTATCG-1,4973,9618,-0.2581229617545992,-0.4407811468497151,-0.8025084899196716,False,False,other,0.0005296818370057586
GGTGCGGATAAGTGGC-1,5741,16192,0.1734810712503791,-0.2016921349983465,0.3017123647027181,False,False,interface,0.29417285473417093
GGTGCTGATCACAAAG-1,7901,19031,-0.2330546491687199,0.4262573937220537,1.6766851559922864,False,True,immune_core,0.35262442686103806
GGTGCTGGTACACATT-1,10867,16208,0.4927541869101153,-0.4407811468497151,-0.6638137649441033,False,False,other,0.006833874704615967
GGTGGACTGCTCTGGC-1,13444,11797,-0.453864393279936,0.1368968116492561,0.0921098739701102,False,False,interface,0.01312054819491293
GGTGGAGGTTGATACG-1,11288,7598,-1.2120664472303002,-0.0767692746117092,-0.1274786153493433,False,False,other,0.003232846151839729
GGTGTTGGGCGTCTTA-1,12274,7488,-1.2092650667609617,0.0576905669024885,-0.1339356194641875,False,False,other,0.013906394889246929
GGTTACCACCCTCGGG-1,11454,17683,0.4075455706279331,-0.2420503064696391,-0.8644928003077784,False,False,interface,0.019446570059158386
GGTTACCCGACACTTT-1,9120,7478,-0.8450145984318603,-0.4407811468497151,-1.0734350239031232,False,False,other,0.0006392058395545571
GGTTAGCTATATGTCT-1,11867,11565,-0.4047923589239374,-0.4407811468497151,-1.021639274350146,False,False,other,0.00032031518785424523
GGTTAGGCTTGGAGAA-1,8103,17332,-0.0659762824035438,-0.2513075877902674,-0.1568796481798027,False,False,interface,0.01990265455242304
GGTTAGTTACGGCGCC-1,7902,18805,-0.0893701214409525,0.2028627828376617,2.295232391127708,False,True,interface,0.856120941189008
GGTTCGGATTATACTA-1,10262,20625,0.1753400247655552,0.6728341366341983,0.0524473052328148,False,True,interface,0.06416490536570144
GGTTCTACTCGTCTGA-1,10296,9521,-1.304368673362733,-0.4407811468497151,-1.0734350239031232,False,False,other,0.0024546339819073782
GGTTGTGCTCTTGTCC-1,7305,20276,0.5083335993922458,-0.4407811468497151,0.2231024856169488,True,False,interface,0.2564926811694166
GGTTGTGTAGCCTGGC-1,9081,19941,0.0159280976530955,1.4384384138377562,-0.2071347242839241,False,True,interface,0.2124468016849751
GGTTTAATTGAGCAGG-1,7737,8267,-0.9959010584195408,-0.2513075877902674,0.296520591029798,False,False,other,0.003639069715459131
GGTTTACAATCTCAAT-1,7525,13138,-0.2795337606085736,-0.1225058005439548,-0.5459810006149711,False,False,other,0.0033202770550533403
GGTTTAGCCTTTCTTG-1,11676,9865,-0.7199456784958266,-0.2513075877902674,0.8189662573840708,False,False,other,0.004881525035093723
GGTTTCAATCGGTCAG-1,9109,11104,0.3625218155104228,-0.2513075877902674,-0.4563155420926175,False,False,other,0.02749547751962006
GGTTTGACAAGAAGCT-1,4976,8711,-0.2634775169128502,-0.3212366409240308,-0.9527418921172526,False,False,other,0.000596737723195431
GGTTTGAGTGCTGGAA-1,4951,16643,1.3453871643912858,-0.2513075877902674,-0.0208017109037098,True,False,interface,0.04202721245553246
GGTTTGCGAACACGTA-1,5571,7467,-0.3813483153943405,-0.4407811468497151,-1.16198044260795,False,False,other,0.00417853049759224
GGTTTGTGACCTGAGG-1,14634,9535,-0.9681626187902358,-0.4407811468497151,-0.7955954180748849,False,False,other,0.007558906146198054
GTAACAACTGACCTTG-1,4781,7917,-0.9874303248099878,-0.3212366409240308,-0.9002310256083452,False,False,other,0.0008578519176637142
GTAACATCTAAGATAA-1,13650,8965,-0.2407823982888432,-0.1225058005439548,-0.4614333896633105,False,False,other,0.0029378060728089592
GTAACTTGCGGCAGTC-1,4556,16868,0.5880695233578275,-0.2513075877902674,-0.1831750146757249,True,False,interface,0.013033882779520412
GTAAGCGGGCAGTCAG-1,7127,14270,0.8606752891896166,-0.3212366409240308,0.5484749916092663,True,False,tumor_core,0.05838767041218062
GTAAGGATTTGTCGGA-1,4566,13695,1.5575836315841018,-0.3212366409240308,-0.0782822146286144,True,False,interface,0.03664968551393127
GTAAGTAACAGTCTGG-1,10485,12128,0.3828779817749717,-0.4407811468497151,-0.6457770474306476,False,False,other,0.005049399259818019
GTAAGTAGGGTATACC-1,7709,17331,-0.3158628653714652,-0.0618340287308198,1.7451015443930182,False,False,interface,0.2984346361857983
GTAAGTCCACACTCTA-1,11090,7937,-1.214663243603313,-0.1942554699862977,-0.4878187716311781,False,False,other,0.0127352617847923
GTAATAAAGGGCTCCC-1,8719,9743,-0.2892244049466115,-0.4407811468497151,-0.2236191483161082,False,False,other,0.006301722834831422
GTAATCTGATTCTTCG-1,12444,16439,0.7238466798314465,-0.0767692746117092,-0.5902385398329641,True,False,tumor_core,0.0009587871552628192
GTACACTTACCTGAAG-1,9690,14165,0.7897381618944517,0.7831599355157759,-0.1965431597236585,True,True,interface,0.009913985897997387
GTACAGAGGCAAGGGT-1,9894,12012,-0.3296240851375543,-0.2016921349983465,-0.2256886274907755,False,False,other,8.711700077917799e-05
GTACGACGGCGCTGCG-1,4945,18456,-0.3980342678494093,-0.4407811468497151,-0.1639568504059382,False,False,other,0.005507815552978119
GTACGAGATTGCGACA-1,6731,14949,-0.2695292186731173,-0.0525767474101915,0.6378468338545558,False,False,other,0.006371964204653237
GTACGCTTCATTGCAC-1,11665,13264,0.4479986203022625,-0.4407811468497151,-1.16198044260795,False,False,other,0.0021026673381640683
GTACGTCACGTATTAA-1,4777,9277,-1.0245866723130022,-0.4407811468497151,-1.0527008866462346,False,False,other,0.0024723973340046094
GTACGTTTGCCCGTCA-1,11269,13716,0.594557176242738,-0.2513075877902674,0.4912460818333746,True,False,interface,0.0027619449525011068
GTACTAAGATTTGGAG-1,7913,15179,0.1873172820799356,0.1751639634645842,0.4456127870286469,False,True,immune_core,0.008329969296699944
GTACTCCCTTATCGCT-1,9678,18244,0.6863741080370641,-0.0436628940257557,1.787121519486919,True,False,interface,0.051655638327323845
GTACTCCTGGGTATGC-1,7732,9853,0.0401145431626178,-0.0767692746117092,-1.0393420120110248,False,False,other,0.006257028705310219
GTACTGAGGTCGTAAC-1,4756,16075,0.7722224417282433,0.513960265489232,0.9272397374415718,True,True,interface,0.2242408439416238
GTACTGCATGAAGCGT-1,4753,16982,0.3433198574693925,0.1413483871291165,0.6527808945591428,False,False,interface,0.02734170667650167
GTACTGGAGTTAGACC-1,9105,12237,0.0653134130115217,-0.0525767474101915,0.243421785824256,False,False,interface,0.005587904847695828
GTACTTGGGCACTTCT-1,5934,17665,-0.04150574554908,-0.0747109640606134,0.6371239320821303,False,False,other,0.01106206136772902
GTAGAAACGGGTGGAG-1,7308,19596,0.0677923660365907,0.0075159993493725,0.4867804166534865,False,False,interface,0.13225777232035604
GTAGACGTCGTTACAT-1,5147,16983,-0.1582011156418543,-0.2016921349983465,0.5889945739652738,False,False,interface,0.05132852158369743
GTAGAGGGAGACAAGT-1,12636,17913,0.4195434999092559,-0.0525767474101915,0.0269922239086454,False,False,interface,0.0021558147554308397
GTAGCCAAACATGGGA-1,12453,13493,1.009673667046854,-0.3212366409240308,-0.6690281560056349,True,False,tumor_core,0.0012317138149318143
GTAGCGGCTATACACT-1,10284,13600,0.1069896007213452,1.2423063307860935,1.4156776819584116,False,True,immune_core,0.3366303167922568
GTAGCTTCCTCTTGTT-1,8714,11329,0.2871686827279837,-0.00478191092685,0.8878991544735167,False,False,interface,0.04624044968386668
GTAGGTGATCCGTGTA-1,5950,12453,-0.6012464469128797,1.0441006501802432,0.711176849900908,False,True,immune_core,0.0183528266507726
GTAGTCGCGGGAATCA-1,12260,12246,-0.3234004975287016,-0.4407811468497151,0.0729481867600319,False,False,other,0.0017805173317928691
GTATAATCTCCCGGAT-1,5335,20043,-0.9623982801225184,-0.4407811468497151,0.9696001440801174,False,False,interface,0.1091880715333627
GTATAGGACTCAGTAG-1,6534,14835,-0.6531846443271346,0.1832178478746389,1.207880589891486,False,True,interface,0.07712871113531915
GTATCAAACGTTAGCT-1,13448,10437,-0.2872903738019137,-0.0525767474101915,0.399618369490947,False,False,other,0.0011037884644633175
GTATCAGCTTGGGTTC-1,6525,17554,0.9943673979921248,-0.2513075877902674,0.3307493964320924,True,False,interface,0.009302346133029821
GTATCTCAGTCTTGAC-1,14013,18937,-0.1745383842906913,-0.2016921349983465,0.0495490113737506,False,False,interface,0.06004613253716676
GTATCTTTCATAACCA-1,11663,13944,1.0508319498921002,-0.2420503064696391,-0.6477223462417022,True,False,tumor_core,0.0028585599839870707
GTATGAAATTTCACTC-1,12830,18933,0.2363878598911512,-0.0029612946182705,-0.2655038640631996,False,False,interface,0.0031941792112699235
GTATGTGGGTCTAGTT-1,10095,10993,-0.8689590594493002,0.1517735297877821,-0.0985889332430339,False,True,immune_core,0.0047159160552124185
GTATTAAGGCGTCTAA-1,6523,18460,0.3440618229493761,-0.0525767474101915,0.7720764964031825,False,False,other,0.002787067556676959
GTATTCTGAGAAACGA-1,12047,17118,0.2185649808862707,-0.4407811468497151,-0.6489525280968269,False,False,other,0.0069342223731739165
GTATTTAATGGCATAA-1,12865,7829,-0.7216619939771591,-0.4407811468497151,-0.5066660610279682,False,False,other,0.0077869923621589
GTCAAAGAAGTGGTGT-1,13617,19389,0.6052834839932336,0.3957203987888961,0.0418831841229864,True,True,immune_core,0.013572381812924701
GTCAAAGTTTACATAG-1,5144,18116,-0.2759034156637457,-0.00478191092685,-0.2423780942313753,False,False,other,0.003876152053300528
GTCAAGCGGACTCGGG-1,10287,12694,-0.3234250675588867,-0.3212366409240308,-0.7358183367205934,False,False,other,0.006507708904877269
GTCAATGCTATAATTT-1,6950,7811,-0.7551380340880397,-0.3212366409240308,-0.5234725966862994,False,False,other,0.0025121372858899946
GTCACAAAGTTTCCAA-1,4366,14488,0.3134314199247647,-0.2513075877902674,0.952930507388137,False,False,interface,0.13695545157930972
GTCACTCTCCAAATCT-1,7116,17896,0.998468162953398,-0.1225058005439548,-0.1613537300500429,True,False,interface,0.0438276692349878
GTCAGAATAGTCTATG-1,8496,17787,1.024680812533034,-0.4407811468497151,-0.5330510603195782,True,False,interface,0.6167441924730518
GTCAGTTGTGCTCGTT-1,4370,13355,1.238533434172737,0.719006435335712,-0.5035488256826712,True,True,interface,0.03413970585106586
GTCAGTTTGGTAGTCG-1,8292,19939,1.08580733645139,1.5744958031893883,1.0958505242904255,True,True,interface,0.18375446228485523
GTCATCTCCTACAGCT-1,4940,20042,-0.5908224804897515,0.0075159993493725,0.1718132018257905,False,False,other,0.0007967391243159992
GTCATGCACCTCCGTT-1,8309,14500,-0.4393067485846519,0.0044753703937782,-0.443833525799302,False,False,other,0.009135744087405041
GTCATGGACATGACTA-1,7718,14385,-0.0756731356416726,-0.4407811468497151,-0.0690621394041212,False,False,other,0.012738342165758199
GTCATTAGAGCGAACG-1,9889,13825,0.3992750989991144,-0.1258002171104929,-0.3173718739045566,False,False,interface,0.026050677867699792
GTCATTGCATTGACCC-1,8688,19487,-0.6955419432004505,-0.0821476290726622,1.1906908883846536,False,False,other,0.28857075516805075
GTCCATTACTGCTACG-1,10888,9409,-0.7159633668449317,-0.2513075877902674,-0.282413621633122,False,False,interface,0.10247100730605353
GTCCCAACGTAAAGTA-1,9102,13143,-0.1764239295791501,-0.1225058005439548,-0.3998812596191235,False,False,other,0.006850224805711368
GTCCCAATCATCCCGC-1,10851,21193,0.0963549916760821,0.5865034990552231,1.3024744842550038,False,True,immune_core,0.009338948721381862
GTCCCGCGACGTTATG-1,14034,12139,0.4484005615087292,-0.4407811468497151,-0.6899583172395649,False,False,other,0.011757243133035946
GTCCGAGAGCAATCAT-1,8882,20507,0.3511680546098675,0.637898079255354,0.3972582394584561,False,True,interface,0.31702743127955474
GTCCGGACCTGAAATT-1,13248,11456,0.153943808341272,-0.2513075877902674,-0.2954288395592485,False,False,interface,0.017444169629871227
GTCCGGCTGAATTGCG-1,8109,15519,-0.179705345800955,-0.2513075877902674,0.0192666052727818,False,False,interface,0.011496468262089452
GTCCTACAGGCGGCTC-1,6125,19592,0.6267117773833463,-0.1120285065763117,0.5109105164009685,True,False,interface,0.015868904292900065
GTCCTACGAATAGTCT-1,13052,11116,-0.1820412337562187,-0.00478191092685,-0.71798240474501,False,False,other,0.008683113150465351
GTCCTACTCTACGGGC-1,13219,20748,-0.1099621143937779,-0.3212366409240308,-0.7184635751942136,False,False,other,0.005671167371856037
GTCCTATTGTTGTGGT-1,8290,20619,0.0675801085370463,-0.2513075877902674,-0.4603585206064974,False,False,interface,0.29289435942561975
GTCCTTCTACAACCCA-1,6910,20728,1.126808696294162,0.4761874772855248,-0.3585396358890109,True,True,interface,0.053531644333742336
GTCCTTCTAGTGGGTT-1,4571,12109,0.968381508647256,0.3239707293465533,0.2726375566830877,True,True,interface,0.30691348026597276
GTCCTTTAATGACTTC-1,4184,9615,-0.5345753145393871,-0.1942554699862977,-0.8415170373444825,False,False,other,0.001657942834556423
GTCGATAGGTGACTTT-1,13062,7717,-0.0204180216409102,-0.4407811468497151,-0.7450246835109332,False,False,other,0.005583371131978861
GTCGCCGTTGTGTGTT-1,13823,16557,-0.3991493806807061,0.0576905669024885,1.2933839912978038,False,False,interface,0.07281372763297907
GTCGCGTAACCCGTTG-1,10286,12920,-0.4310993605093754,-0.0500471935562973,-0.467841834090656,False,False,other,0.004073897235730487
GTCGGAAGGATACCAG-1,5174,8372,-0.5543959066991395,-0.4407811468497151,-1.0734350239031232,False,False,other,0.0012654011549357996
GTCGGATATCTCAGAC-1,8892,17335,0.8558576426301573,0.1147625949988342,0.6625236726321446,True,False,tumor_core,0.02553828791113658
GTCGGATGTAGCGCGC-1,5949,12680,-0.6834926609100054,1.2553680558763392,1.1066891586567416,False,True,immune_core,0.09764118797804795
GTCGGGAACATGGTAG-1,10458,20966,0.8275445928838405,-0.1942554699862977,-0.2996201757854962,True,False,other,0.09000433657635842
GTCGGGAAGCAGAAAC-1,14225,14066,1.049042203286693,-0.2513075877902674,-0.8415170373444825,True,False,interface,0.036054112183481035
GTCGTACCATCTCGGG-1,11661,14397,0.4901364142776771,-0.3212366409240308,0.2707543997843956,False,False,interface,0.018033693627562256
GTCGTACCTACGATTG-1,9868,20397,0.4301010769779338,0.5865034990552231,2.441140381673985,False,True,interface,0.04248341504279635
GTCGTATTGGCGTACA-1,6350,10642,-0.5339770030868396,-0.4407811468497151,-0.8955544126038669,False,False,other,0.017389707902902226
GTCGTCAATTATAAGG-1,4755,16302,-0.0450610379226276,0.8818510645869131,0.7776947088103529,False,True,interface,0.3477796669656659
GTCGTCTGGTTGGCTA-1,8528,7589,-0.6481974335601185,-0.4407811468497151,-0.9002310256083452,False,False,other,0.0009497622748082336
GTCGTGTCTGGTCATC-1,8130,8948,-1.4637287232220435,-0.4407811468497151,-0.676599442604355,False,False,other,0.006948817714155283
GTCGTTATTCGCTTAT-1,11666,12811,-0.1487875716232257,-0.4407811468497151,-1.0734350239031232,False,False,other,0.001224510610132507
GTCTACTCAATTACAA-1,9870,19944,0.4269046717537664,0.6025025583656219,1.329298198977046,False,True,interface,0.025645891995403545
GTCTATCTGAGTTTCT-1,10471,16660,0.3114107690997424,-0.4407811468497151,-0.0895911961733919,False,False,other,0.0113203027937882
GTCTATTGGTTCCGGT-1,12460,11227,-0.284457362605523,-0.4407811468497151,-0.9428496581774752,False,False,other,0.0011234277913476024
GTCTCAAGGCCCGGCT-1,14423,13953,1.041160034245156,-0.2016921349983465,0.8342382503003769,True,False,interface,0.06178242331689312
GTCTCCTGCCAGTATG-1,14207,19958,1.2623220890719569,0.0075159993493725,-0.4731878631734888,True,False,tumor_core,0.010584691748881788
GTCTCGACTAAGTTTG-1,7538,8832,-1.218644759427315,0.4099613848212308,-0.2359543572909504,False,True,immune_core,0.03900451534652519
GTCTCGATCTGCTTTC-1,6542,12342,-0.1072013986764536,-0.16320739995144,0.2099427697006508,False,False,other,0.0025715685405013878
GTCTGGGCGGTCGAGA-1,11655,16437,-0.0124190405842216,-0.3212366409240308,-0.7696456598826974,False,False,other,0.009320661622076195
GTCTTAGTACAGCCGG-1,4964,12564,0.6545674607626805,-0.1225058005439548,-0.7817743526627827,True,False,interface,0.0358755735280274
GTCTTCCTCACCTAAG-1,8485,21413,1.347723157638636,0.3646375225240319,-0.098953700305352,True,True,interface,0.051034028560988445
GTCTTGAGGAGCAGTG-1,10103,8274,-0.4576027569966361,-0.4407811468497151,-1.031395076882302,False,False,other,0.0029253152892252665
GTCTTGTAGCTATTCA-1,11285,8731,-1.3352144675886757,-0.4407811468497151,-1.16198044260795,False,False,other,1.1917122937323688
GTGAAACGGCGCCACC-1,7333,11438,-0.2872489182288509,-0.3212366409240308,-0.9527418921172526,False,False,interface,0.03919982140072784
GTGAAACGTGCTCCAC-1,4752,17209,1.6551930700515238,0.4841820284497161,0.6782863722599703,True,True,interface,0.03560399930755094
GTGAACTCCCATTCGA-1,8522,9629,-0.4222045640240013,-0.3212366409240308,0.1185753897157432,False,False,other,0.013149584758833897
GTGAAGATTTCAAGTG-1,6747,9736,-0.5848924247103442,-0.4407811468497151,-0.9221155209205866,False,False,other,0.0017935960221462743
GTGAAGCCGTATAGTC-1,6748,9283,-0.49130812010759,-0.4407811468497151,-1.0734350239031232,False,False,other,0.0007730412262724187
GTGAAGTCACGACTCG-1,12233,20631,1.1227708821953053,-0.0029612946182705,-0.1613859845863165,True,False,tumor_core,0.019882938562265803
GTGACCGCACACTACG-1,10292,11107,-0.7084188742353249,-0.2420503064696391,-0.1925866252337888,False,False,other,0.0021460281391371843
GTGACCTAAAGAATAA-1,8529,7363,-0.1855145926761122,-0.0500471935562973,-1.0734350239031232,False,False,other,0.004377664287387912
GTGACGAGGGTGACCC-1,8920,8497,-0.2019554476647058,-0.2420503064696391,-0.8303451863749446,False,False,other,0.004226254603722593
GTGACTTCAGTAGTGC-1,11657,15757,0.7386871790390498,-0.1225058005439548,-0.449421279736752,True,False,interface,0.024721256884046264
GTGAGCGTGCTGCACT-1,9085,18582,0.5594783336653022,1.4141575004064937,0.5740211405936132,True,True,interface,0.1883221153693034
GTGAGGACACTTAAGG-1,10681,12695,0.1609716833305794,-0.4407811468497151,-0.6811002411778707,False,False,interface,0.01183731914101429
GTGAGGAGCGGTTGAG-1,5164,11544,-0.7962759811193164,-0.1225058005439548,0.3896855533406936,False,False,other,0.004055946660984849
GTGAGTCTAAGACGGA-1,7503,20163,1.323689027603708,-0.2513075877902674,-0.0075400946260643,True,False,interface,1.6254514753586686
GTGAGTGGTACAACGC-1,12842,15081,0.1380692869835728,0.2435643822451468,-0.4412807257739362,False,True,other,0.022328116960241156
GTGATCACTAACGCCT-1,11871,10432,-0.7196916339213065,-0.2513075877902674,-0.2689997261156476,False,False,other,0.0016465563604869838
GTGATCATAGATCTGC-1,11462,14963,0.4428542274163029,-0.2513075877902674,-1.021639274350146,False,False,other,0.0016275265921943305
GTGATGCACAACATCT-1,4970,10524,-0.6363819002876296,-0.2016921349983465,0.7643967974308625,False,False,interface,0.033748348679489566
GTGATTCGCCGCTCAA-1,12048,16891,0.4897555229661542,-0.2420503064696391,-0.3601269378813082,False,False,other,0.000531134826566299
GTGCAACAAATGTGGC-1,5352,14378,0.0801131703659154,1.335760186824562,0.0571731273371142,False,True,interface,0.1494424293954311
GTGCACGAAAGTGACT-1,5947,13360,0.2334787636052474,0.6235672539599778,1.117895966828774,False,True,interface,0.15370769606038434
GTGCAGCGTAGAGTAG-1,12866,7376,-0.0012627773679455,-0.0235668769154916,-0.3776946750022368,False,False,other,0.020790410301236083
GTGCCATCACACGGTG-1,10863,17568,-0.2129670756952812,0.9579136774697136,0.4636085793611264,False,True,interface,0.15621159555289033
GTGCCCGTTCGGATTC-1,10289,11787,-0.2821512797046924,0.1147625949988342,1.0252497647752683,False,False,other,0.009784493527622642
GTGCCGCTTCAAAGGT-1,11261,16436,1.051841614200031,-0.1225058005439548,0.1957312868747789,True,False,interface,0.005183326719143563
GTGCCTAGCTATGCTT-1,5137,20156,-1.3431774992366807,0.3257913456551328,0.8720542907105828,False,True,immune_core,0.07720325408470566
GTGCCTCAGTGTACGG-1,4772,10863,-0.4932191754646703,-0.2513075877902674,1.4224024876554444,False,False,interface,0.07790451089757248
GTGCGAAATCGAACAC-1,11457,16550,0.8827190108421493,0.042775231313975,-0.697157765430281,True,False,tumor_core,0.006727342613355847
GTGCGACAGGGAGTGT-1,9703,10086,-0.7403680626532186,-0.4407811468497151,-0.9527418921172526,False,False,other,0.0047930282386714545
GTGCGGGTCTCCAAAT-1,6533,15061,-0.709565395762463,0.690964188026442,0.7558027062037613,False,True,immune_core,0.12240523604181193
GTGCGTGTATATGAGC-1,10683,12015,0.2498429960976528,-0.2420503064696391,-0.8434623361555372,False,False,other,0.0005141924875936144
GTGCTCAAGTACTGTC-1,9292,15523,0.4438562159040032,-0.1942554699862977,-1.0734350239031232,False,False,interface,0.006975764393019138
GTGCTGCAGATAAGGA-1,9867,20624,0.4066491374649431,0.1413483871291165,0.3606034242106178,False,False,interface,0.17707712114384597
GTGCTTACATCAGCGC-1,11680,8279,-1.3846548699071823,-0.2513075877902674,-0.5952114797327949,False,False,other,0.03503432474668019
GTGGAACCTACATGCG-1,5556,12225,-0.5336464344274752,-0.0122185759388988,1.9858069755622805,False,False,other,0.023853879701522095
GTGGACCAACCCGATT-1,11452,18136,0.9396068139467164,-0.1942554699862977,0.295395275755335,True,False,interface,0.03812502126966819
GTGGACGCATTTGTCC-1,13634,14177,0.8039716321173299,0.7432032885285588,0.382579976103793,True,True,interface,0.026796215269741786
GTGGACGTGCTGAGAC-1,5936,16986,0.0888644625632577,0.0669677585154927,0.1086956898547171,False,False,interface,0.06694889174699563
GTGGAGCATGTCGGCC-1,9909,7254,-1.064127126838898,-0.4407811468497151,-1.16198044260795,False,False,other,0.0006333599234813087
GTGGAGCGTTTACCGA-1,14011,19617,-0.2002684649994429,-0.4407811468497151,-0.2517532577048439,False,False,interface,0.09636490811453641
GTGGAGTCGGCGGTTG-1,13230,17122,-0.3161587282262764,0.7420360959973505,1.4019009408600624,False,True,interface,0.11982527650510412
GTGGCAAACAGCGGCA-1,12435,19159,-0.0742138945417251,-0.00478191092685,0.7735412444431364,False,False,interface,0.013606173790694094
GTGGCCTAATATCATT-1,9471,21302,-0.2642526609722674,-0.2420503064696391,0.5002504349756893,False,False,interface,0.34617615928222306
GTGGCGGTCCCAGCGT-1,10463,19153,-0.4349431133587366,1.0177518632325624,1.080801664266846,False,True,interface,0.1297749038978265
GTGGGAAGACTGAATC-1,11447,19722,0.8376187329785484,0.4237607496915904,0.4745792487671434,True,True,interface,0.08262359324906741
GTGGGCTTAGACACAC-1,8302,16993,0.1090853801297992,-0.0767692746117092,-0.7795378938224748,False,False,other,0.013039395258065805
GTGGGTACTGAGCGTA-1,12429,21198,0.6153247551487941,0.0959776290101926,0.7218459493818695,True,False,tumor_core,0.0034316785347379337
GTGGTATAGTCTGCCG-1,13823,16784,-0.7062116672582859,0.3759659132082489,1.0251766832322344,False,True,interface,0.017596895560346233
GTGGTCAGCGAAGTAT-1,4180,10975,0.589860667102715,0.2854331741838402,-0.7507127403666943,True,True,interface,0.01571357413468064
GTGGTGATGGTTTGTG-1,13261,7151,-0.9293537929162882,-0.3212366409240308,-1.031395076882302,False,False,other,0.007652410352918987
GTGGTGGCCAAGTGAA-1,11470,12471,-0.3230634565373944,-0.2420503064696391,-0.9527418921172526,False,False,other,0.004091491883506209
GTGGTTACTTCTTTCG-1,8719,9516,-0.8688176805866779,-0.3212366409240308,-0.2503250293600979,False,False,other,0.015493800820700546
GTGGTTTCCGCCTTTC-1,10862,17794,-0.6609168366755641,-0.2016921349983465,-0.4035237147455187,False,False,interface,0.10241320159140842
GTGTACCTTGGCTACG-1,7724,12572,-0.5220238192277781,0.5388100678892683,1.82397518974497,False,True,immune_core,0.018679978859094018
GTGTACGAACCGTTCC-1,11093,7031,-1.3074412301299354,-0.4407811468497151,-1.16198044260795,False,False,other,0.0038014801706088832
GTGTATATCAGCGGGC-1,14032,12819,-0.6277100596311358,-0.4407811468497151,-0.9848896051982966,False,False,interface,0.01900483732957052
GTGTCGTATAGCGTTC-1,13244,12816,-1.091515223244937,-0.0767692746117092,-1.16198044260795,False,False,other,0.009662842461971903
GTGTCGTATTCACCTT-1,4386,8143,-0.6654613506931696,-0.0618539390231956,-0.8910539086244983,False,False,other,0.002035799301225163
GTGTGAATAACTTAGG-1,9106,12010,0.5038957427884017,0.0075159993493725,0.9199384912214014,True,False,other,0.013946205892547102
GTGTGTCGACGTCGCT-1,5529,21063,-0.5989568626370559,-0.0029612946182705,-0.2364689955017909,False,False,interface,0.1088974806421414
GTGTTACTATGCGTCC-1,10680,12921,0.031372177956121,-0.4407811468497151,-0.3041644733569476,False,False,other,0.002971167406028201
GTTAAAGTAGGACTGG-1,12260,12020,-0.2093487876317195,-0.4407811468497151,-0.8093693242634388,False,False,other,0.0008384838467421337
GTTAACATCACTTAAA-1,13440,13157,0.3542850088997658,-0.4407811468497151,-0.8664621160850133,False,False,other,0.014381531609818103
GTTAACTATGTTGTCA-1,11087,8844,0.2905066754757776,0.1219615657683667,-0.5361116437478678,False,False,interface,1.017306126976974
GTTAAGGGTGCGATGT-1,14622,13387,0.373576471123341,0.8630341436600139,0.4957963508555644,False,True,interface,0.059645725380524005
GTTAAGTTAGAGTGGG-1,9709,8273,-0.883187096107638,-0.4407811468497151,-0.8301034615203273,False,False,other,0.008449795928883319
GTTAATGTCTATCTTA-1,8489,20053,-0.0660788663455047,-0.2513075877902674,0.2178509259319412,False,False,interface,0.17571777414632653
GTTACAATTGGTGACG-1,9877,17678,0.7846588338312646,0.5158240194757756,0.4240577039905715,True,True,interface,0.0630268319859194
GTTACCTACAACTTGC-1,11860,13832,0.3683850516527713,-0.4407811468497151,-0.9428496581774752,False,False,other,0.008925817060340185
GTTACTTTGGGCCTAG-1,11066,15642,0.0703481014706254,-0.4407811468497151,-0.7916665866025602,False,False,other,0.0040814475838125705
GTTAGAGTGTGCCGCT-1,3977,12900,0.4702928915120993,-0.0618539390231956,-0.2181546740391244,False,False,interface,0.011364806125729045
GTTAGCCGTAAATCAA-1,8524,8949,-0.9691552169327624,0.0075159993493725,-0.1650947772631028,False,False,other,0.0018981194263903336
GTTAGGCTACCCGTTT-1,13222,19841,-0.3797052659972095,-0.2513075877902674,-0.2636084149967684,False,False,other,0.005615478880613798
GTTATAATACGGTGAA-1,13057,9303,-0.461703724826203,-0.4407811468497151,-0.8756100492365813,False,False,other,0.0025134596135959744
GTTATATCAGGAGCCA-1,7146,8378,-0.6096468946806325,-0.0525767474101915,-0.2368038120052771,False,False,other,0.0018468891698210045
GTTATATTATCTCCCT-1,12053,15079,0.506051877213363,-0.0767692746117092,-0.0306775662234312,True,False,interface,0.015046736697641073
GTTATTAACGTGGGAG-1,6914,19368,-0.2425294228503451,-0.1317630818645832,0.4766220512797225,False,False,interface,0.09052001192375825
GTTCAAATCAGATGTC-1,6908,21408,0.7886295944356175,1.834002799227134,0.7142678202515579,True,True,interface,0.6472147125645342
GTTCACAGGAGTCTAG-1,8891,17561,0.6284060155836464,-0.4407811468497151,-0.5517904635907762,True,False,tumor_core,0.010158488194420437
GTTCATCGTTTGGCTG-1,9114,9517,-0.9850767173267332,-0.4407811468497151,-0.7875480396377569,False,False,other,0.0030741305393248565
GTTCCAGTCTGACCAT-1,5941,15399,0.2691154173244051,0.0833182769119773,1.5443448351515536,False,False,interface,0.00995374593219983
GTTCGCCATAAGTGCC-1,9884,15412,-0.3903767850534619,-0.3212366409240308,-1.0527008866462346,False,False,interface,0.020293501114051288
GTTCGCTGAGACGTCT-1,13058,9076,-0.5595084509288564,-0.4407811468497151,-0.6997598206492966,False,False,other,0.0011160348493131544
GTTCGGATCGGGAACA-1,11284,8957,-0.0121055610733016,0.0576905669024885,0.2325075823269171,False,False,other,0.18734871324185
GTTCGGGCGTACCATT-1,8917,9177,-1.0486232550976662,0.6234611096636719,-0.956384347243648,False,True,immune_core,0.03711524863552689
GTTCGTCTAAAGAACT-1,12657,11341,0.1906890416437925,-0.4407811468497151,-1.0412873108220793,False,False,other,0.0007149648359759349
GTTCGTCTGGGTCCCT-1,6753,7924,-1.1441452981558382,0.2601281260957948,-0.3068377047656924,False,True,immune_core,0.007321945973905563
GTTCTTCCCTCGATGT-1,5546,15625,0.6196058279050104,-0.4407811468497151,0.2427150174882484,True,False,interface,0.10833944670186955
GTTGAACCGGTTCCAT-1,10865,16888,-0.1256173726193893,-0.2420503064696391,-0.2289329318508056,False,False,interface,0.042124622688646605
GTTGAGTCCCGCCGGT-1,12850,12588,-0.0509782536277872,-0.4407811468497151,-0.9848896051982966,False,False,other,0.005860583024903346
GTTGCACGGAGTTTCG-1,7319,15970,-0.3032241548479285,0.2435643822451468,0.7079599291560911,False,True,interface,0.00479733557287573
GTTGCGCTAACATTAC-1,10696,7936,-0.481254704568777,-0.0767692746117092,-0.5342610326286242,False,False,other,0.0025581173490987525
GTTGCGGACGGTCAGG-1,13062,7943,-0.122156665569632,-0.3212366409240308,0.7161966795879238,False,False,other,0.0016240243855497008
GTTGGACCGCATCAGG-1,6554,8263,-0.9804834495545206,0.2062468397294485,-0.7372535628131734,False,True,immune_core,0.004407383612895659
GTTGGATTCAGTGGCT-1,5759,10527,-0.1653019784891491,0.2471641259619362,0.1330690727660818,False,True,immune_core,0.0020264438225969343
GTTGGATTGAGAACAC-1,8910,11443,0.431425397855806,1.1066363179305236,-0.964155467941408,False,True,interface,0.11156041998403625
GTTGGATTTGCGTTGG-1,9686,15751,0.5413337832913172,-0.4407811468497151,-0.8337459166467227,True,False,interface,0.00451503980721443
GTTGGTCATGCTATCC-1,13436,14290,0.7576388702949818,-0.2513075877902674,0.6621043759082029,True,False,interface,0.03303084847840881
GTTGTCGTGTTAGTTG-1,5544,16078,0.8226003602527207,-0.2016921349983465,0.6698879404681705,True,False,interface,0.26520693915622573
GTTGTTACATTGCGCT-1,4978,8031,-0.9066438685114502,-0.2513075877902674,-1.16198044260795,False,False,other,0.000715432965677392
GTTTACGTTCCATCTG-1,12056,14172,0.1404471146628997,-0.4407811468497151,-0.1376658570438505,False,False,other,0.02793458432602224
GTTTATGGGATTTAGA-1,6910,20501,0.357461237550331,0.2481117678266576,0.2859531447134185,False,True,interface,0.10876128086584946
GTTTCAAACGAGTTGT-1,14635,9081,-0.4111234642066326,-0.4407811468497151,-0.864196473412426,False,False,other,0.0019163535860933806
GTTTCATATCGTCGCT-1,10269,18359,-1.3441700973792077,-0.0525767474101915,-0.0255473701841536,False,False,other,0.03505809188565302
GTTTCCTGGAGGGTGA-1,7516,15857,0.0366876482994994,-0.0525767474101915,0.9322440390522624,False,False,interface,0.06730855910155532
GTTTCTGCAGTCTCCC-1,10482,13261,0.1519745530849716,-0.4407811468497151,-0.5958251445972883,False,False,other,0.021726004049477488
GTTTGACCAAATCCTA-1,8505,14841,0.9921293974001546,0.5162786959195662,0.8337911006973909,True,True,interface,0.11604349790828426
GTTTGGCCCAAGTTAT-1,10879,12355,0.4958513487915202,0.0774450524831358,-0.4652397788716403,False,False,interface,0.007510564718468498
GTTTGGCCGCTCAGCG-1,4947,17776,-0.5866531927566726,-0.3212366409240308,-0.3584666584646488,False,False,other,0.033058063648238226
GTTTGGGCTTGTGAGC-1,12648,14061,0.4061485912033439,-0.4407811468497151,-1.0734350239031232,False,False,interface,0.011547024845190141
GTTTGGTAGGGTCAAC-1,13040,14742,0.2193071621561125,0.5504329449905664,1.433661337754811,False,True,interface,0.13262172019093366
GTTTGTTAGCCAAGTA-1,13020,21087,0.065579122292543,0.1413483871291165,0.4142158300677333,False,False,other,0.03003466808748088
TAAACCCAGGAGGGCA-1,13229,17348,0.6685379789379413,-0.2513075877902674,0.3698515838815895,True,False,interface,0.006776586860030705
TAAACGTCGTCAATGA-1,6123,20046,0.547010999995957,0.2761758928632118,0.9896807535458588,True,True,interface,0.030785226311143
TAAAGACAACCCTTTA-1,10498,8049,-0.9239374126727544,-0.4407811468497151,-0.7277421442694977,False,False,other,0.006025051554259882
TAAAGAGCCCGAAACC-1,4558,16188,-0.5289567307707946,-0.3212366409240308,0.3414245550757097,False,False,interface,0.295429000474647
TAAAGCGTTAGGAGAA-1,8122,11440,-0.3017395592888856,0.0075159993493725,0.1454290028514392,False,False,other,0.023793803178113197
TAAAGCTGCAATAGGG-1,5956,10414,-0.2343387489444779,-0.1225058005439548,0.3821342594249343,False,False,other,0.0022608066727520734
TAAATCTTTACACCTC-1,7345,7812,-0.827599070911556,-0.3212366409240308,-0.165915063140374,False,False,other,0.005378110059963141
TAAATGAATCCGTTTC-1,7115,18122,-0.1491349447898748,0.3834224885126736,1.5973519337054167,False,True,interface,0.015952870203728785
TAAATGCCGTCTCATG-1,4775,9730,-0.2951866364863768,-0.4407811468497151,-1.021639274350146,False,False,other,0.001690439315888595
TAACAAAGGGAGAAGC-1,6723,17441,1.069571343174901,0.1655452403219633,0.1360801146861483,True,True,interface,0.011333409329827591
TAACAATATTTGTTGC-1,8096,19598,1.1578711751885922,0.2471641259619362,1.520694998771571,True,True,interface,0.17123516525609983
TAACATACAATGTGGG-1,10087,13486,-0.0481327676647878,-0.1051772897343009,1.0813445561730366,False,False,other,0.031504191046238104
TAACATACACGCGATC-1,13423,18595,0.2931937912220666,0.0959776290101926,0.6661499787328458,False,False,interface,0.005666707413781878
TAACCGCCCGCAGTGC-1,4362,15848,0.2692457048775575,1.2191111759202615,1.0619556824487175,False,True,immune_core,0.10250507101879434
TAACCTACCGTCCGAG-1,9112,9970,0.2222055666428196,-0.4407811468497151,-0.8990008437532209,False,False,other,0.012353785267958451
TAACCTAGGGAGTCCA-1,14437,9421,-1.0897064409181256,-0.2420503064696391,-0.9123597183884308,False,False,other,0.001621393139817129
TAACGCTTTGAGAGCG-1,7904,18125,-0.2586474732025844,-0.1317630818645832,1.444537839531377,False,False,interface,0.2997621714179391
TAACTATCGAAGGTCC-1,7314,17556,0.8038691046096096,0.1402020806750434,-0.3859729292420976,True,False,interface,0.01545868236255935
TAACTATTACGCCAAA-1,8326,9288,-0.903901139278408,0.1276196200362519,-0.0079302747386629,False,False,other,0.029133372180025537
TAACTCATCCGCGCGG-1,11065,15869,0.7327485031126086,-0.2420503064696391,-0.7549169174507107,True,False,tumor_core,0.002623512751916022
TAACTCCATGGAGGCT-1,6326,18347,0.1083384760239134,-0.0747109640606134,0.3913356195604289,False,False,interface,0.010564905188740079
TAAGCAGGCGACACGC-1,9477,19263,0.7350399412888012,-0.3212366409240308,-0.7763090409893278,True,False,interface,0.03784134525672354
TAAGCCCTTACGACCA-1,5371,8486,0.236749492680277,-0.1942554699862977,-1.0527008866462346,False,False,other,0.00296786748834068
TAAGGAACTTGTGGGA-1,5739,16872,-0.6108667459504262,0.0636733419489547,0.554977960987433,False,False,other,0.322827584383893
TAAGGCAACATAAGAT-1,7524,13365,-0.3265942098575554,-0.00478191092685,0.7261226975637466,False,False,other,0.010983865623782325
TAAGGCATAACATCAA-1,13825,15877,0.928132629264528,0.255708526390509,1.0356636693854704,True,True,interface,0.10968555367538513
TAAGGCCCGTCACCCT-1,14819,13501,0.2616730598985689,-0.2016921349983465,0.2886707814460301,False,False,interface,0.05026950280178797
TAAGGCTGAATCCCTC-1,11477,10431,-0.0881239123940284,0.5447569985110516,0.5054859927226069,False,True,immune_core,0.006906356475519927
TAAGGGCCTGTCCGAT-1,13842,10665,-0.5369414463650755,-0.2513075877902674,-0.0676393265671136,False,False,interface,0.023912902273144274
TAAGGGCTGGGAGAGG-1,9280,19376,1.088256903319134,0.951656532591762,0.3705821338797837,True,True,interface,0.39919297265772236
TAAGTAACATCTTGAC-1,11654,16890,0.2356417105283069,-0.3212366409240308,-0.5252253375810833,False,False,other,0.0005490982668236578
TAAGTCGCCGAGTATC-1,13228,17802,0.8513515333082908,-0.3212366409240308,-0.8041224696195881,True,False,tumor_core,0.005506568984367122
TAAGTTGCGACGTAGG-1,13053,10663,0.0534124455566345,-0.3212366409240308,-0.3245658659862973,False,False,other,0.0005978891761548896
TAATAAACAAGGAGAT-1,5954,11094,-1.1883066671629203,-0.16320739995144,0.6243260411778263,False,False,other,0.03066089339838787
TAATACACAGTAGTAT-1,6536,14155,1.358187690988047,-0.1225058005439548,-0.3342093711860993,True,False,interface,0.040671583959163
TAATAGAACAGAGTTA-1,12441,17119,0.4184524936651544,-0.2513075877902674,1.311191178061587,False,False,interface,0.0017567925398098247
TAATAGCTAAATGATG-1,7740,7360,-0.4290142568503858,-0.4407811468497151,-1.021639274350146,False,False,other,0.002836772194102052
TAATAGGTCACCAGAA-1,14604,19052,0.2365076247946689,-0.2016921349983465,-0.1799830264769664,False,False,interface,0.07701214607680444
TAATAGTGACGACCAG-1,7923,12006,-0.3286924678433496,2.4600456118464797,1.0747215157477066,False,True,interface,0.863349617207076
TAATATTGAAATTCGC-1,5939,16079,-0.259152873656805,-0.2513075877902674,0.2484684700998783,False,False,interface,0.06920603573450618
TAATCAACCAAATGGG-1,12669,7262,-0.6522259121773585,-0.2420503064696391,0.0210801711512888,False,False,other,0.005121581981890629
TAATCGATCCGTACGT-1,7532,10872,-0.1436246932355818,-0.4407811468497151,-0.4765961411732689,False,False,other,0.002036246795894582
TAATGAAAGACCCTTG-1,7505,19483,-0.2417419758507303,-0.2513075877902674,1.1469388421064295,False,False,interface,0.16789354921868646
TAATTAGATGGATATG-1,4553,17774,-0.3204319296833389,-0.00478191092685,-0.3804280681935839,False,False,other,0.03494290625241541
TAATTAGGACATCCGT-1,10889,9183,0.3492689124638682,0.3085863242207555,0.4050686538739755,False,True,interface,0.15397417158807494
TAATTGGAATCGGGAA-1,5959,9507,-0.5307837164987893,-0.2513075877902674,-0.2508473819195927,False,False,other,0.00443149736420335
TAATTTCCGTCCAGTA-1,10456,21419,0.6818662049009107,0.0075159993493725,0.2303844128050162,True,False,other,0.000661379003729072
TACAACGCACAACTCA-1,10671,15867,0.8546721738668736,-0.3212366409240308,-0.5584618105809455,True,False,tumor_core,0.0017321952403692301
TACAAGTCTCGTGCAT-1,8692,18354,0.4375651167765887,0.1772350728281728,-0.1503652767187488,False,True,interface,0.06129994492813396
TACACCGTCGTTAGTC-1,7541,8153,-1.1040547104779057,-0.16320739995144,0.5656642002002427,False,False,other,0.003443476292724124
TACAGAAACGGTGGGC-1,14232,11799,0.9975520823305376,0.424730269283596,0.4139790917754763,True,True,interface,0.13088631937011966
TACATAGGCATACACC-1,10478,14620,0.2152161647104344,-0.0581472202099654,-0.9527418921172526,False,False,other,0.0013197546591186054
TACATCCCTATCCCTG-1,11250,19835,0.1023737833112392,-0.4407811468497151,0.0645368718196328,False,False,interface,0.08485012099637651
TACATCTTGTTTCTTG-1,5923,21065,0.5190896719913537,0.3610505776197353,-0.2550917385861239,True,True,interface,0.06295703286881495
TACATGACCTTATCCG-1,7107,20842,0.5555290396668011,-0.4407811468497151,0.2288422294191987,True,False,interface,0.06627903670750766
TACATGCCGGAATTGT-1,13260,7604,0.0734349526462949,-0.3212366409240308,-0.6663714987458841,False,False,other,0.004270819094132284
TACATTTCTAACGTGC-1,10279,15186,-0.1722645281168539,-0.2016921349983465,0.3888671499543816,False,False,other,0.0017660967023448828
TACCAAATAGCCCAGA-1,14224,14519,0.4760640550609021,0.2967795787538572,1.4835245967404156,False,True,interface,0.08815235310194265
TACCAATAAAGTACCA-1,13443,12024,1.2359807365691822,-0.2016921349983465,-0.1491062403519199,True,False,interface,0.06030279373117667
TACCAGAAGTAGGTTC-1,12249,15646,-0.2579361290254711,-0.2016921349983465,0.3158022833114561,False,False,interface,0.07434930166977262
TACCAGCTAGGTTTAA-1,4762,14036,1.3577375634255997,0.4527377103628593,0.249655609142472,True,True,interface,0.2059500594372143
TACCATGTATTGATTT-1,12078,7374,-0.0653310630355943,-0.0747109640606134,-0.3698802342888039,False,False,other,0.033593250556422725
TACCGCGGACTTGCAG-1,9111,10424,-0.3457385166950229,-0.4407811468497151,-0.1433422966887187,False,False,interface,0.03896327832425337
TACCGGCTCACTGCCC-1,11860,14058,0.3791895614370476,-0.2513075877902674,-0.5745204840064816,False,False,other,0.003537138569971845
TACCGGTCGTTTCCAT-1,11257,17569,-1.3391959834126783,-0.4407811468497151,-1.16198044260795,False,False,other,0.03309202180583948
TACCGTAGGTTAACTA-1,14223,14972,0.9895049140523235,2.1174216961785106,0.7833306966221457,True,True,interface,0.4108351813362188
TACCGTGCCTCGGACC-1,12650,13607,0.5302571466540232,-0.4407811468497151,-0.9428496581774752,True,False,tumor_core,0.0011091907298250226
TACCTACTCCCAGTAT-1,14027,14405,0.8143139356411071,-0.4407811468497151,-0.4194594411482542,True,False,interface,0.027348019156765175
TACCTATCCCTAGAGG-1,10457,21192,0.3522486573578867,0.3101990188123721,-0.5333648306260769,False,True,interface,0.007642150690345839
TACCTCACGCTTGTAC-1,5745,15059,0.6543960890267702,0.8403356384486602,0.0827764431792373,True,True,interface,0.11171265796168957
TACCTCAGTTGTCTGT-1,14417,15766,0.0254464289458306,0.2564214072825646,0.2001835449430259,False,True,interface,0.0755269297644533
TACCTGCTGCACTGTG-1,8098,18919,-0.3307868557897491,3.105144353957535,2.0293205291529293,False,True,interface,2.7616465538823647
TACCTTAAGATTTCCC-1,12241,18138,1.006619072966946,-0.0525767474101915,1.1531489428085178,True,False,tumor_core,0.008453626930113662
TACGAACACGACTTCA-1,8701,15408,-0.0262312839795148,0.0576905669024885,0.7009383854855009,False,False,other,0.004114525896304525
TACGACGCTTGCTGCG-1,11658,15304,0.5018461731915891,-0.0767692746117092,-0.6823870306408448,True,False,interface,0.0013315107399856608
TACGACTGCCTCTTAG-1,11268,13943,0.4324533602716222,-0.2016921349983465,0.4290671419372908,False,False,interface,0.0012560475898475618
TACGAGAACTTCACGT-1,9484,16997,0.9193750821105736,-0.1258002171104929,-0.4521630142477476,True,False,interface,0.04769343426541691
TACGATGTTGATCATC-1,9483,17450,-0.3835306373644165,0.0669677585154927,0.4818037456367667,False,False,interface,0.09448385951412656
TACGCAGTTCTTTCCT-1,10672,15641,0.5567204331290883,-0.4407811468497151,-0.9527418921172526,True,False,tumor_core,0.0023357754179632643
TACGCCATATTCTAAT-1,10477,14847,0.4999848944116501,-0.0767692746117092,-0.7663304932748657,False,False,other,0.003639536877307538
TACGCCGAGGGTACCC-1,13623,17576,0.2681403227423561,-0.16320739995144,0.224832950345502,False,False,other,0.006273863892325535
TACGCCGCCTCAGAAG-1,11487,7032,-1.3352144675886757,-0.4407811468497151,-0.918648880225154,False,False,other,0.0035619398873936933
TACGCCTCCATTCCGA-1,13435,14743,0.8043857740758699,-0.3212366409240308,-0.6109726770898528,True,False,interface,0.17795017519028775
TACGCTATAGAAACCT-1,9310,9631,-0.6237673870955629,-0.4407811468497151,-1.031395076882302,False,False,other,0.0026697515723644286
TACGCTCGGTATTGGA-1,14637,8628,-0.4339085717423013,-0.4407811468497151,-1.021639274350146,False,False,other,0.0019248721303521182
TACGGGATGCTAGCAG-1,6740,12003,-0.0468751075555569,-0.2513075877902674,-0.5785374384897535,False,False,other,0.0011802781879174551
TACGTACTAGTGCTGA-1,14809,16673,0.6605919927864216,-0.1225058005439548,0.8873901712628848,True,False,interface,0.005787721020337203
TACGTGCAAGGTTCCT-1,9318,7138,-1.23601090824774,-0.4407811468497151,-1.0527008866462346,False,False,other,0.002499227966496352
TACGTGCACTATGCTG-1,6722,17668,1.0796203249921217,-0.0525767474101915,0.2954512256282267,True,False,interface,0.009498646529935937
TACGTTTACCGGCAAT-1,10468,17793,-0.4269721512869425,-0.3212366409240308,0.3342495541350441,False,False,other,0.01343759810391501
TACTATGGTTCCTCAG-1,13825,16104,0.3067448752184387,-0.00478191092685,-0.2118540226470348,False,False,interface,0.020167063425183842
TACTCGGCACGCCGGG-1,9673,19603,0.3282986890306825,0.5243127961550309,1.7611404686532033,False,True,interface,0.00981518283113489
TACTCTCCGAACAAAT-1,6739,12229,0.2898718619803919,-0.1225058005439548,0.4611306184734772,False,False,other,0.001868013926967318
TACTCTTTCGTCTTCA-1,14021,16218,0.382504215823641,-0.0029612946182705,1.3339497724562648,False,False,interface,0.010373927208941635
TACTGAACAGATTTAG-1,13626,16443,0.1257739875481975,0.5285747941554707,1.0441826809025043,False,True,interface,0.10849752658238687
TACTGAGGGAAGAAAG-1,14402,20751,1.3873319730319265,-0.0767692746117092,0.2004372170405634,True,False,tumor_core,0.02735430426634041
TACTGCAATCAATTAC-1,6944,9850,-0.5989813385820428,-0.4407811468497151,-1.0734350239031232,False,False,other,0.001751141500220361
TACTGGACAGCTCGGC-1,9479,18583,0.5407376031285864,-0.2420503064696391,-0.587397039019362,True,False,interface,0.007267905975108165
TACTGTTTCTCTGGTA-1,11879,7940,-0.6746529114546839,-0.4407811468497151,-0.4084713164420613,False,False,other,0.002060284509393754
TACTTGTTAGTAGTCC-1,9896,11559,0.056322654610085,0.5795340071738828,0.2673855731271933,False,True,immune_core,0.043313969551957564
TACTTTACTGAGCCGG-1,8519,10535,0.2411441963035574,0.8856981293704481,0.8992463288541794,False,True,interface,0.16491812563348948
TACTTTCCGCACGCCA-1,11843,19270,-0.1146293300319074,-0.0525767474101915,1.3173386632943165,False,False,other,0.003583195804429413
TAGAAACACAATAGTG-1,5725,21404,0.7886176993103223,0.1127042844477383,0.0541125602118624,True,False,interface,0.16582627813957368
TAGAAAGGTGGCGCTA-1,8711,12235,-0.6126747059664257,1.5281361495140182,0.2903117263990307,False,True,immune_core,0.3168909396539326
TAGAAATTCACGTATA-1,9671,20283,1.667521324256395,1.7259926278262196,1.6970273616219882,True,True,interface,0.544644503011912
TAGAATTAAGGGCAAC-1,4569,12789,0.0899942185296684,-0.1225058005439548,-0.3852251477099441,False,False,interface,0.042319356415557445
TAGACGCCCGTACCGG-1,8911,11216,0.9569791722039608,-0.3212366409240308,-0.5465311473450158,True,False,interface,0.11240761635449716
TAGACTACCTAGCGTT-1,10099,9634,-1.0900985622265889,-0.4407811468497151,-0.9162885498607556,False,False,other,0.004047161069206402
TAGAGATCATGCAACT-1,11254,18475,-0.2502449346591165,0.2235753505391024,1.2031802818643906,False,True,interface,0.003943973756424509
TAGAGCTACGAAGAAC-1,5152,15397,1.1817360440480629,0.3400792275091924,1.1645230803913262,True,True,interface,0.08858580834484299
TAGAGGTTCTACTTGT-1,13251,10550,-0.4238949815047345,-0.3212366409240308,0.0042887708745215,False,False,other,0.002373121412801556
TAGAGTCTAAGCGAAC-1,8307,15180,-0.8956539802232332,0.2947084693902685,0.2290535434277805,False,True,immune_core,0.03305377224322197
TAGATATGGACTGGAA-1,12250,15419,0.5250982810659831,1.6805810300245838,0.4419448062266864,True,True,interface,0.09663814912510332
TAGATCCGAAGTCGCA-1,4567,13242,0.4855649254176055,-0.2513075877902674,-0.6280743097697689,False,False,interface,0.012859100424737833
TAGATGGTTCCTTACT-1,14237,10440,0.9187000668829276,-0.3212366409240308,0.3375581935299165,True,False,interface,0.03855367706576326
TAGATTCCTGGTTATT-1,8886,19148,0.6098916590781825,-0.16320739995144,1.2985381280978352,True,False,interface,0.25339993930659754
TAGCAACCTGTCACAA-1,6917,18462,0.2244586633742304,0.5433052556172747,1.289034724069667,False,True,immune_core,0.009742211760047477
TAGCCATTTCAAAGTC-1,11079,11336,0.3885793318030487,-0.4407811468497151,-1.0734350239031232,False,False,other,0.0013422349406028587
TAGCCGGCGGTCAGCG-1,9106,11783,0.0364687069469022,0.5627975312019374,0.4455868825379352,False,True,interface,0.11938129889588432
TAGCGTCCCTCGATTG-1,11481,9071,-0.6472058347931203,0.3796726320214791,-0.1216920294462123,False,True,immune_core,0.03346625575130946
TAGCGTCCGGTGTGGT-1,13047,12702,-0.8325731848780855,-0.4407811468497151,-1.0412873108220793,False,False,other,0.013903130640413488
TAGCGTCGAATATTGA-1,9275,20962,0.4685576970919329,-0.1225058005439548,-0.7031211678977335,False,False,interface,0.11765904515190259
TAGCGTTGGGTCTTAC-1,10086,13713,-1.0951046177604762,0.042775231313975,-0.2443025060846257,False,False,interface,0.20484740843584026
TAGCTAAGTCCGGGAG-1,8308,14953,-0.3258295638385723,-0.3212366409240308,0.4066416837816063,False,False,interface,0.1052181140886721
TAGCTAGAAGGCATGA-1,12643,15647,0.7843103535651785,-0.2420503064696391,-0.8415170373444825,True,False,interface,0.039349824438333056
TAGCTAGTGATGATGG-1,14417,15992,-0.3503570143588313,0.8514562596831723,1.1828298342740453,False,True,interface,0.07668667327808996
TAGCTCGCCTGATAAC-1,12449,14853,0.5453978330863476,-0.3212366409240308,-0.8790577102597025,True,False,tumor_core,0.014409175498507863
TAGCTGATGTGAAGCG-1,10854,20287,-0.5084049208466028,-0.4407811468497151,-0.6843159612613798,False,False,other,0.0020060041060787136
TAGGCATGTTACGCCA-1,7135,11777,0.0500280501068267,-0.4407811468497151,-0.8356912154577774,False,False,interface,0.039761476648781886
TAGGCGATGAGGTCTC-1,13418,20182,0.0842882326822247,0.2415060716940509,0.0836293546148961,False,True,immune_core,0.023329457147049027
TAGGGAGCTTGGGATG-1,9702,10539,-0.9043819359268864,-0.2513075877902674,-1.021639274350146,False,False,other,0.007136771858520306
TAGGGTGTTTCAAGAG-1,6927,15289,-0.8335457875369896,-0.0525767474101915,0.1435682820117421,False,False,other,0.012391672090063475
TAGGTCCAAGTAAGGA-1,8296,18806,1.1300962981151486,1.4087033333621777,0.9593588755583576,True,True,interface,1.150129939171346
TAGGTCGCCGGAACTG-1,8915,10083,0.5914072669133427,-0.1942554699862977,-1.16198044260795,True,False,interface,0.01738816783863743
TAGGTGACGATAACCT-1,14625,12480,0.984815516272316,0.1846717378402217,-0.2268277842217075,True,True,interface,0.06299702520196718
TAGGTGAGCCCTACTC-1,8299,17673,-0.548923584099167,-0.4407811468497151,-0.598427199816304,False,False,interface,0.5353080854056144
TAGGTGCTCGCCTAGC-1,10487,11674,-0.1629804558698509,1.841078717262521,0.3979482351035003,False,True,immune_core,0.1424195623378289
TAGGTGTTCCACAGAT-1,14421,14633,0.3293077631701691,0.2471641259619362,0.8995813313247181,False,True,interface,0.06431744914312847
TAGGTTCGAGTTCGTC-1,9494,13824,0.6302435704061568,-0.1225058005439548,-0.764969046878219,True,False,interface,0.27772362847504645
TAGTACCTTAGTGGTC-1,6718,19028,0.354986511034756,-0.0029612946182705,0.8432176042344255,False,False,other,0.019376576637070052
TAGTAGCTTATACCAG-1,14612,16560,1.3108051555628986,-0.1225058005439548,-0.2127088674463385,True,False,interface,0.009593076123195666
TAGTCCGCAGAGAATG-1,10278,15413,0.3492019860788978,-0.2016921349983465,0.4572312147059902,False,False,interface,0.007614048301728349
TAGTCCGTATGCATAA-1,5532,19930,0.6238864651803465,-0.3212366409240308,0.8293472792412298,True,False,other,0.1250834369806386
TAGTCGATCACGGGTT-1,12068,10546,-0.2960877991963777,-0.4407811468497151,-0.7316658088757233,False,False,other,0.004772185744757376
TAGTCGGGATTCTTCG-1,4938,20948,0.0839332424470084,0.0576905669024885,0.0479850603196704,False,False,interface,0.016485404442877976
TAGTCTAACAACGAGA-1,10468,17566,-0.6534189986413288,0.1659066821439559,-0.5326158192201559,False,True,immune_core,0.017325178128771237
TAGTCTGTGACGTTGC-1,7141,9738,-0.4396723710113107,-0.4407811468497151,-0.9009461425642754,False,False,other,0.0005987684961351252
TAGTCTTTCCGAATTG-1,12469,8281,-0.1892115084214731,-0.2420503064696391,-0.8277431311559289,False,False,other,0.0018264934093077528
TAGTGCCCTCCAGAGT-1,8898,15522,-0.2926805803972216,-0.3212366409240308,0.4666058275077675,False,False,other,0.01129401944950894
TAGTGTCAGAAACGGC-1,6717,19254,-0.1384922998919718,-0.2016921349983465,0.934619476713542,False,False,interface,0.07769757200078908
TAGTTAAGATAGGATA-1,4965,12110,-0.4096220954572632,0.2471641259619362,0.7816555357209182,False,True,immune_core,0.105085866427581
TAGTTTATTCTTGCTT-1,5153,14944,0.9188498374023408,0.042775231313975,0.5845966490510573,True,False,interface,0.22328438268245046
TATAAATCCACAAGCT-1,6529,16421,0.6855413777780975,0.5560916828771973,1.090824586145686,True,True,interface,0.0080205091206972
TATAAGTGAGGATAGC-1,6724,16988,0.6174068843167856,0.6108017575654567,0.7738690244626844,True,True,interface,0.1341215195756951
TATACACAGACGCCTT-1,12449,14627,0.5826820412238706,-0.3212366409240308,-1.0734350239031232,True,False,interface,0.022562244214047403
TATACACGCAAAGTAT-1,6132,17326,0.8416208434217145,-0.0767692746117092,-0.2501170459462686,True,False,tumor_core,0.04087036056728505
TATACCGAGTGCCACA-1,12471,7828,-0.953165394228148,-0.2016921349983465,-0.0214396722712348,False,False,other,0.013188973615606612
TATACGCGTCATCACT-1,14424,13726,0.3546549081155074,0.3134934353789101,1.0324201738768013,False,True,interface,0.006558540619356369
TATACTCATGCGGCAA-1,6520,19367,0.2125504440061794,-0.2016921349983465,0.1912953414429881,False,False,interface,0.02504422435268773
TATAGATGGTCGCAGT-1,10493,9861,-0.7070554475408749,-0.2016921349983465,0.5706514041812498,False,False,other,0.003698416326602911
TATAGCGCACGTTATC-1,11839,20630,-0.4786556933129627,-0.3212366409240308,-0.6897622932625236,False,False,other,0.0019082289912713787
TATAGGGTACTCATGA-1,9675,19150,0.8031291180669525,0.0355234404286359,-0.8484352760553681,True,False,interface,0.019412175724330977
TATATATCGAGAAATG-1,14409,18259,0.6909098010988066,-0.2016921349983465,0.663093150172711,True,False,tumor_core,0.03174980694297943
TATATCATTGATCAGT-1,8487,20733,-0.4577548445587243,-0.2513075877902674,-0.038846248561334,False,False,interface,0.25760325976298715
TATATCCCTGGGAGGA-1,9703,10312,-1.1980257834684989,-0.4407811468497151,-0.3615479768473749,False,False,other,0.00469735585506948
TATATGCTGGGTTGCC-1,7107,20615,0.0079722644851511,0.4142529753159528,-0.0091141974017407,False,True,interface,0.04907555281114854
TATATTACAAATGTCG-1,5960,9281,-0.8484181834073572,-0.4407811468497151,-0.483977095674987,False,False,other,0.002148628481910405
TATATTCGCGTCGATA-1,4169,14374,1.2920713769417864,-0.00478191092685,-0.282079116372187,True,False,interface,0.10319796115163754
TATCAAAGGTCTGTAA-1,7698,20730,0.6865937320442169,-0.2513075877902674,0.6623054256107307,True,False,interface,0.17709539186358994
TATCACCATGTAAAGT-1,4378,10635,0.299879996368894,0.0448335418650708,0.318535769893968,False,False,interface,0.005862728471093852
TATCACCCAACCGACC-1,7337,10078,-0.5508065121836002,-0.1120285065763117,-1.16198044260795,False,False,other,0.008033194423908423
TATCACTTCGAGTAAC-1,5957,10187,-0.1012651138034211,-0.2513075877902674,0.2127251817006626,False,False,other,0.008087298307418554
TATCAGTGGCGTAGTC-1,13219,20521,0.0691713069749398,-0.4407811468497151,-0.3377833006961314,False,False,other,0.006908806296453536
TATCCAATTGGTTATC-1,13442,12477,-0.799723465970943,-0.4407811468497151,-0.7897212877915053,False,False,other,0.007225964086134466
TATCCATATCATGCGA-1,6137,15513,0.1175115510959035,0.6117605084930794,0.9437070300076832,False,True,interface,0.06384447981537905
TATCCATCTCGGTTAG-1,14603,19506,0.6954317703167906,0.0355234404286359,0.2623359951613297,True,False,interface,0.00817481116750587
TATCCGCACCGTCGGG-1,14221,15425,-0.2864937829666311,0.7387416794308125,1.1092406814476294,False,True,interface,0.2272828440066633
TATCCTGCATGGGAAT-1,5350,15284,1.5133824417906807,-0.3212366409240308,-0.3960560202928173,True,False,interface,0.2061983935673726
TATCGATCTATGCATA-1,6939,11437,-0.4595186785212849,-0.0747109640606134,-0.9123597183884308,False,False,other,0.012171773698477112
TATCGATGATTAAACG-1,7122,15856,-0.6626683920223911,-0.0029612946182705,1.3659063439906929,False,False,interface,0.015575063242539282
TATCTACAGAGGTAAT-1,8493,18693,0.9115967581867273,-0.4407811468497151,-0.7031211678977335,True,False,interface,0.4926641321185817
TATCTACCACAGCGGG-1,10872,14622,0.8819579815404518,-0.4407811468497151,-0.2597859003952419,True,False,interface,0.00803139507369657
TATCTAGCCTAAAGGA-1,9278,20055,-0.2482922242753518,0.4693362604435139,0.4209914270709999,False,True,interface,0.4140980211197713
TATCTTGCAATACAAC-1,13617,19616,-0.7176804781531566,-0.2513075877902674,0.305262443229838,False,False,interface,0.015381006324315709
TATGAAGACAGGTGCG-1,8295,19033,-0.1552648956296167,2.3856687370911236,1.5341693733815571,False,True,interface,0.9738177206241042
TATGACCTTGCGCTGG-1,12034,21424,0.3215698091899971,-0.2420503064696391,0.3153145963417311,False,False,other,0.002192925239069106
TATGATCCGGCACGCC-1,7736,8720,-1.0236423543109228,0.6309105734882137,0.0445950577959033,False,True,immune_core,0.005761052820716035
TATGATCTTCTCTTTA-1,14037,11232,-0.0966250227958085,-0.0747109640606134,-0.0066032868647035,False,False,other,0.006952428781528855
TATGCTCCCTACTTAC-1,7521,14498,-0.4348372808563033,-0.4407811468497151,0.0540330664619581,False,False,other,0.010882675792394261
TATGGATGTGCTACGC-1,7715,15292,-0.7892169812262539,-0.16320739995144,0.0654214500507521,False,False,other,0.029422118349382274
TATGGCCCGGCCTCGC-1,8496,18013,-0.0084708236973848,0.571675744934821,0.7392210080521996,False,True,interface,0.12028989641983778
TATGGCTAGGCTAATT-1,7938,7247,-1.0974452790243443,-0.3212366409240308,-0.7728613799662065,False,False,other,0.00021431434476246953
TATGGGACCGAGCAGG-1,9688,15071,-0.2732675823898173,-0.3212366409240308,-0.4526898465788709,False,False,interface,0.05338030400044005
TATGGGTACGTATCGT-1,8900,14842,0.1922219558385521,-0.3212366409240308,-0.4027794649004289,False,False,interface,0.013846072948197096
TATGGTCTGAGTAACA-1,9688,14845,0.9000375468175076,0.4805261700611855,0.4552882813564852,True,True,interface,0.12888169308158273
TATGGTTAGTGGGAGA-1,10691,9522,-0.871368318610175,-0.2420503064696391,-0.3813709731712921,False,False,other,0.018542553051108406
TATGTCAAGACCGACT-1,6546,10982,0.0605422670018855,-0.2513075877902674,-0.9162885498607556,False,False,other,0.004995091198060073
TATGTCTCATTGTGCC-1,8514,12121,-0.5270836517365879,0.042775231313975,-0.4988516203145353,False,False,other,0.27869426499861377
TATTAACACCAAAGCA-1,13220,20294,0.4584698469323878,-0.4407811468497151,-0.2108273906434991,False,False,other,0.01676189840396924
TATTAACCTGACCGCG-1,13824,16330,1.0538641291168438,0.5412341462536859,0.7653983678122354,True,True,interface,0.2939788839701037
TATTACCATCCTGCTT-1,10096,10540,-0.6572818550683186,-0.2420503064696391,0.1855366025699734,False,False,other,0.0005172094539539584
TATTATGTTTGCCTGC-1,13814,19503,-0.6910547889564792,-0.1942554699862977,-0.6175595966896001,False,False,interface,0.0866805021625555
TATTCAATTCTAATCC-1,9300,13030,-0.1915947178191417,-0.2513075877902674,-0.7615024061827864,False,False,other,0.003472699253887422
TATTCCACTCAGCTCG-1,12251,14966,0.1818508440045677,-0.3212366409240308,-0.7210656304132294,False,False,interface,0.018817702132894066
TATTCCGAGCTGTTAT-1,13247,11683,0.6439035053315684,-0.2420503064696391,-0.5609270953477136,True,False,other,0.045695506947976416
TATTCCTCCGCCCACT-1,12045,17798,0.6207889055649453,-0.4407811468497151,-0.7529716186396558,True,False,tumor_core,0.0038284544078904495
TATTCGTGCCAGAATA-1,9296,14163,0.354438931663513,-0.4407811468497151,-0.7430845515659776,False,False,interface,0.048696879508500386
TATTGACATTTCTGCC-1,9512,8159,0.071897952166335,-0.4407811468497151,-1.0734350239031232,False,False,other,0.0035301845484955
TATTTAGTCTAGATCG-1,6140,14833,-0.0011845453713486,-0.2016921349983465,0.4481765371245179,False,False,other,0.12501772237232578
TATTTATACCGAGTAG-1,5752,12566,-0.0874592382113887,0.1413483871291165,0.7981623797696946,False,False,interface,0.023908937535376994
TATTTGATTTGCACAG-1,13258,8057,-0.8975808362323623,-0.4407811468497151,-0.8484352760553681,False,False,other,0.001315109392774267
TATTTGTTACCCTTTA-1,7318,16197,-0.5193137925574867,0.0355234404286359,0.3749874110706289,False,False,other,0.04160710326387168
TCAAACAACCGCGTCG-1,7323,14610,-0.4362983944396469,0.0044753703937782,0.2181543873989191,False,False,other,0.012005360984653109
TCAAACTTAGATTGTT-1,8705,14048,-0.2333496622650705,0.3381572058832263,0.7584392579227116,False,True,immune_core,0.05478033739809431
TCAAAGAGCTATCTGT-1,12233,20858,-0.0488835219902804,-0.3212366409240308,-0.0024078790970163,False,False,other,0.001104506391231492
TCAAATTTGAGACTCA-1,14424,13500,-0.53752974127273,1.1687001156851575,0.9307680908589252,False,True,interface,0.18234094471207965
TCAACAAAGATAATTC-1,13030,18141,0.3521336767845294,0.0774450524831358,0.1702384657900598,False,False,interface,0.013544919286885601
TCAACACATTGGGTAA-1,4751,17435,1.298614350812501,0.0448335418650708,0.9178898512789472,True,False,interface,0.04283167120715078
TCAACATAGCGCCCTA-1,14021,16444,2.5396267121084017,-0.1225058005439548,0.415685984855951,True,False,interface,0.27598164921324325
TCAACATCGACCGAGA-1,11251,19608,0.3728457199692606,0.6688318677825958,1.2909853258868402,False,True,interface,0.04059322378752497
TCAACCATGTTCGGGC-1,7517,15631,-0.407544810145412,0.4274674685048206,-0.124090404357864,False,True,interface,0.026694094752134537
TCAACGAGGAGACAAA-1,10871,15075,1.0840580945252896,-0.4407811468497151,-0.7696456598826974,True,False,interface,0.02132837042819899
TCAACGCAGGAAATAA-1,12242,17912,1.276852268434666,-0.3212366409240308,0.3495804878058196,True,False,tumor_core,0.013327187751255395
TCAACGCGACCGGCAG-1,10267,18812,-0.3972073069283753,0.6885671118776965,1.5641260142592646,False,True,interface,0.12891109380224897
TCAACTAACGTATAAC-1,8689,19260,-0.5247889184463935,2.3265953878131964,1.6738239883986097,False,True,interface,0.3851955933137808
TCAACTGCAGAGTCAG-1,13649,9192,-0.3294189583541117,0.5134243781136252,0.7175867102763827,False,True,immune_core,0.014144227725097254
TCAAGAAATACTAGCT-1,9312,9178,-1.0651586468045449,-0.4407811468497151,-1.0527008866462346,False,False,other,0.0034003531777916634
TCAAGCTGCCTTGAAA-1,8135,7135,-0.9280720311123032,-0.2513075877902674,-0.4086484283177093,False,False,other,0.0007762472798916004
TCAAGGTTACTACACC-1,11873,9752,-1.171975859552367,-0.1942554699862977,-0.3993245871349362,False,False,other,0.009199207717425481
TCAATACAATTGCTGC-1,8486,21186,1.3325459067084775,-0.2513075877902674,0.1446017972557434,True,False,interface,0.04694595454498429
TCACAAACCGAGGTAC-1,14630,10668,0.7779524693370358,0.6111631993874493,-0.4365384969399502,True,True,interface,0.06923294424553002
TCACAGCAAACTCGAA-1,12642,15874,0.2611020406490493,-0.1051772897343009,0.4575713545005349,False,False,interface,0.0032449233093158852
TCACAGGAGAATAAGA-1,13431,15876,0.2387486570595569,0.9016287775531489,1.1607459509676712,False,True,interface,0.09433709317767153
TCACAGGGAATCGCAA-1,11865,12472,0.7884691024205932,-0.2513075877902674,0.3717742808947986,True,False,tumor_core,0.015940653014483563
TCACAGGTTATTGGGC-1,8896,15975,-0.3716868916685136,0.2402699656786087,0.8268677229037867,False,True,interface,0.007768519368902234
TCACATCTTATCTGAT-1,8098,19145,-0.2570099208750622,1.0979819365465897,2.0221109708162435,False,True,immune_core,0.3111420299044238
TCACCCTCTTAAGATT-1,11463,14737,0.7090100936955227,-0.4407811468497151,-0.755213244346063,True,False,tumor_core,0.0034580349673678577
TCACCGCTCGGCACTC-1,8517,10988,0.5685546421364641,-0.3212366409240308,-0.8742486028399343,True,False,tumor_core,0.033388075853691336
TCACGATGTCCGTGGA-1,12832,18254,-0.01844499535958,-0.2016921349983465,0.1902259610373932,False,False,interface,0.006321735987353601
TCACGCATTGTAGATC-1,9094,15862,-0.4469321200384983,-0.4407811468497151,0.5424253877405817,False,False,interface,0.023621720786931557
TCACGGTCATCGCACA-1,7121,16309,0.0152640178662127,1.2098815063350563,0.9490389069734838,False,True,interface,0.03174644880928446
TCACGTGCCCGATTCA-1,10084,14393,0.4653256472549931,-0.2420503064696391,-1.0527008866462346,False,False,interface,0.0008124305057097594
TCACTACGACCAATGC-1,5167,10638,-0.2766461961730408,0.2947084693902685,0.609102452461817,False,True,other,0.046738311131778676
TCACTCGTGCAACGGC-1,5561,10866,-0.867172272029136,0.2947084693902685,0.5724293460047463,False,True,immune_core,0.030498206262959574
TCACTCTTCGTCTGTC-1,6122,20499,0.7309762306430345,0.759732271026902,0.6851994701876716,True,True,interface,0.04806689056137589
TCAGAACCTCCACAGG-1,8522,9402,-1.022381997248453,-0.2513075877902674,-0.5232406557466873,False,False,other,0.032724060203066986
TCAGACGCTATAGAAG-1,12059,13266,0.3328466881109176,-0.4407811468497151,-1.16198044260795,False,False,interface,0.0036914847591236733
TCAGATGGAGACGTAG-1,5178,7012,-1.5842799472074067,-0.4407811468497151,-1.16198044260795,False,False,other,0.002929800487351643
TCAGCAAATGCATCTC-1,8708,13142,0.7143637092449658,-0.3212366409240308,-0.4692478303767433,True,False,tumor_core,0.025504624140642144
TCAGCAGTAGGCCCTG-1,14611,16786,0.3827549274182154,0.093553550645775,0.4527666760440151,False,False,interface,0.011804325081564888
TCAGGGCGACTTCCTT-1,7303,20956,0.9896261770203124,0.7065151781116159,-0.126702879141498,True,True,tumor_core,0.0816497664326802
TCAGGGCGCAAACTCG-1,6913,19595,0.7817131205865487,0.4916314922742578,1.083023014774796,True,True,interface,0.02922718145023569
TCAGGGTGCACGAAAC-1,3982,11314,0.6598267466315527,1.005021841874877,0.5155983622600873,True,True,interface,0.06449938453983119
TCAGGGTGTAACGTAA-1,8116,13253,0.3859910657794038,-0.2420503064696391,-0.6610812208769122,False,False,other,0.021907776049523556
TCAGGTTCTTTGAGAA-1,8500,16654,0.619128743756188,-0.4407811468497151,-0.7861182156884514,True,False,interface,0.12501309337874872
TCAGTACTGACCCGCG-1,7708,17558,-0.3176628970471259,1.5516075538248648,1.2979406688243535,False,True,interface,0.2420898203948402
TCAGTAGGGACTATAA-1,11656,15984,0.8440468360017569,-0.4407811468497151,-0.6995180957946795,True,False,tumor_core,0.016037249464686477
TCAGTGTATACGTCAT-1,14018,17351,0.0371457640628789,0.2564214072825646,-0.8238142996836041,False,True,interface,0.01310588146735886
TCATACTTACAGATCC-1,6916,18688,0.2631972551194065,0.0833182769119773,1.5707500440824893,False,False,other,0.01488888069429093
TCATCACTCGAGCTCG-1,5932,18119,-0.2532959973968663,-0.0525767474101915,1.1278767820175968,False,False,other,0.004664438964340649
TCATCCCAGAGGGTGG-1,4961,13470,-0.4713801436337262,0.0833182769119773,0.9594598168766558,False,False,interface,0.025248813791171235
TCATCGATGGTCCCAA-1,13818,18143,0.3847284362890266,0.6669098461566296,0.0075920353382795,False,True,interface,0.05507759130497709
TCATGCAGGTTCTCAT-1,6149,11887,-0.4094853999833961,-0.4407811468497151,0.9172047475988088,False,False,other,0.002556602248783043
TCATTTAAGTCTCCGA-1,9506,10198,-0.2429398612212712,-0.4407811468497151,-0.540650019313802,False,False,other,0.007861592979283598
TCATTTAGAAGTGTGA-1,13256,8964,-0.810119711273481,-0.3212366409240308,-0.5114906673761038,False,False,other,0.00909991467757199
TCCAACTTTAAATTCT-1,10471,16887,-0.1749982247634606,0.0833182769119773,1.0698367295010345,False,False,other,0.0033577032590339563
TCCACAATGGTTTACG-1,8498,17334,0.7531844163093889,-0.0618539390231956,-0.5364974914689321,True,False,tumor_core,0.017958677095794764
TCCACCTCTAGCCTTT-1,14615,15426,0.7293013162091887,-0.2513075877902674,-0.1935234329951496,True,False,interface,0.2340939190708718
TCCACTTTATCTAGGT-1,8710,12462,-0.3749317677693735,0.9869157645563642,-0.549856366104142,False,True,immune_core,0.05708086869937377
TCCAGAGCACCGGTTC-1,10481,13487,-0.715605818335159,-0.2513075877902674,0.2800998854888478,False,False,other,0.05792722287296958
TCCAGATGTACGCCAA-1,7342,8492,-0.6691382955102406,0.520275594955636,-0.2409843318120947,False,True,immune_core,0.01677506919307147
TCCAGCGCTATAAGCG-1,12863,8283,-1.0236833396756222,-0.3212366409240308,-1.16198044260795,False,False,other,0.0014716194312595085
TCCAGGCGAGTACGGT-1,8702,14955,0.0946289226720857,-0.2513075877902674,0.2465510289329837,False,False,interface,0.006323092072915642
TCCAGGGTATATACGA-1,14619,14293,0.3359898858042373,0.4724807584722945,1.0477517082462788,False,True,interface,0.005860437313036732
TCCATTCCCACTAGAG-1,6164,7129,-1.5842799472074067,-0.4407811468497151,-0.6005017576017667,False,False,other,0.0038610407410437733
TCCATTGTGACCTCGT-1,4174,12788,0.2658870324477553,0.2417437659365673,1.5278662365105986,False,True,interface,0.011043138491959995
TCCCAAACAGACAACG-1,6947,8944,-0.2066577470147055,-0.0747109640606134,-0.9848896051982966,False,False,other,0.009978167264343443
TCCCAAAGACGAAGGA-1,7718,14612,-0.8750820755142346,-0.3212366409240308,0.0660158373416475,False,False,other,0.03666506389627889
TCCCAAAGCCCTAAAT-1,10301,8161,0.1426004789062188,-0.4407811468497151,-0.7208239055586121,False,False,other,0.019397949658189004
TCCCACTCTCTTCCGG-1,8720,9289,-1.100470853035469,-0.3212366409240308,-0.4770496793495063,False,False,other,0.013350290768811343
TCCCAGCACACGACAT-1,13655,7379,0.4266661006269765,-0.4407811468497151,0.3191414222758358,False,False,other,0.01955048909208722
TCCCAGCTTTAGTCTG-1,9293,15070,0.2285645568196667,0.3912059695753433,-0.5732801029602952,False,True,interface,0.06984513971409892
TCCCAGGCTTAGCTAA-1,8502,15974,0.2995050323796992,-0.2513075877902674,1.0499124886984312,False,False,interface,0.02689714535426986
TCCCGCCTATGTGCGT-1,8922,7590,-0.8230109030220538,-0.4407811468497151,-0.8202112275805499,False,False,other,0.0004340132834698936
TCCCGCGTACTCCTGG-1,7918,13593,-0.7799431099671841,-0.1225058005439548,-0.3907975355902333,False,False,interface,0.04304328548388109
TCCCGGGTGTGCTGCT-1,9286,17563,0.1291272362494961,0.5177944585684746,0.4854490080066623,False,True,interface,0.04067391313748795
TCCCGTCAGTCCCGCA-1,7131,12910,-0.878892706511915,0.3021778435071861,-0.4997529891831818,False,True,interface,0.09669784994844673
TCCCGTCGCGTCATAG-1,8329,8382,-0.4745487593073921,-0.4407811468497151,-0.1650977179685164,False,False,other,0.004170815951814827
TCCCGTGTGCAATTTG-1,11273,12357,-0.0525294156025544,-0.4407811468497151,-1.021639274350146,False,False,other,0.0040054338110636165
TCCCTAGATCAATAGG-1,8131,8494,-0.8549572892918164,-0.16320739995144,0.0618825870703756,False,False,other,0.0010382739603202532
TCCCTGGCGTATTAAC-1,14012,19390,-0.0313375430372705,0.9533233827694808,0.3462471317971313,False,True,interface,0.13293659099921087
TCCCTGGCTCGCTGGA-1,9086,18355,0.502612521237242,-0.1225058005439548,-0.2855754663082567,True,False,interface,0.0066423287290024455
TCCCTTAGATTACTCG-1,6150,11661,-0.9655658224172232,-0.00478191092685,0.0689406316012392,False,False,other,0.005546062717709751
TCCGAACGTTGCCGCT-1,12668,7715,-0.4262352146394008,-0.3212366409240308,-0.5908091657561699,False,False,other,0.0022435213551855794
TCCGAACTTGGCTTAC-1,9083,19262,0.3250259484280746,0.2328333006665599,1.5777825485740904,False,True,interface,0.12760645452917999
TCCGAAGTAGTCACCA-1,5369,8939,-0.3285847859583949,-0.4407811468497151,-1.16198044260795,False,False,other,0.002338138674506076
TCCGAATGGTCCTGAG-1,8722,8610,-0.1142446948193843,-0.2420503064696391,-0.3957704754900639,False,False,other,0.007261502659976898
TCCGATAATTGCCATA-1,6142,14154,1.6580731670318518,-0.1225058005439548,0.1633305136470641,True,False,interface,0.016783799588041805
TCCGATGACTGAGCTC-1,6935,12796,-0.5798776312180491,-0.1225058005439548,0.0999477132492857,False,False,other,0.009749119900873985
TCCGATGGTGCGACAT-1,7518,15404,-0.294320518706144,0.4181573670683857,1.5267709006167347,False,True,immune_core,0.01740741096008327
TCCGATTACATTGCCG-1,8891,17788,0.5678137313615301,-0.1942554699862977,-0.8990008437532209,True,False,interface,0.009441910997649421
TCCGCAGCCACCTAGC-1,5136,20609,-0.5040487108917922,0.1832178478746389,1.0500460881629363,False,True,immune_core,0.02852210540786506
TCCGCCTGTCTACAAG-1,13637,13044,-0.5016429322760094,0.0576905669024885,-1.0527008866462346,False,False,other,0.04752503068391332
TCCGCGGCAGCATCTG-1,9303,11897,0.1282390487417046,-0.2513075877902674,0.2852701136894112,False,False,interface,0.00534559998589854
TCCGCGGCCCAATGAA-1,13055,10209,-0.2792644264400464,-0.0747109640606134,-0.1482911823101852,False,False,other,0.003382401846803489
TCCGCTGTCATCCCGG-1,11865,12245,-0.4805377259059851,-0.4407811468497151,-0.4681099035195788,False,False,other,0.015468633587953895
TCCGCTTATCCCATTA-1,12451,14173,-0.1723872201592754,-0.0235668769154916,-0.5902385398329641,False,False,interface,0.017898564703589966
TCCGGAGGAAGGGCTG-1,5369,9166,-0.10319469519331,-0.4407811468497151,-0.9123597183884308,False,False,other,0.002362662656408744
TCCGGCCTAGCGTACA-1,8125,10307,-0.757980399922077,-0.3212366409240308,-0.4416191173352993,False,False,other,0.04998641069742202
TCCGGTTCGTCCGGTC-1,12644,15420,0.6063347425335847,-0.0747109640606134,-0.9087566462853768,True,False,interface,0.025134505427749962
TCCGTAACCACAATCC-1,6519,19594,0.3134844759124695,0.6111759981999421,0.2139793589252627,False,True,interface,0.01773920710255952
TCCGTTAAGCTAATAT-1,12858,10096,-0.4962555376950407,0.386443207175892,0.1019850529177775,False,True,immune_core,0.014542140201032921
TCCGTTTAGCCTTGAA-1,8319,11328,-1.17457265592538,-0.2016921349983465,-0.1294239141603981,False,False,other,0.1050392368205138
TCCTAAATTGGGAAGC-1,13636,13497,0.9012889431491314,-0.4407811468497151,-0.6896258618549022,True,False,tumor_core,0.017275306616410826
TCCTAACCGTCGGGCA-1,14810,16220,1.7788503617915552,-0.1225058005439548,0.8442281428736252,True,False,interface,0.06918887100207542
TCCTACATCCACGGCC-1,11669,11905,-0.5896702573453371,-0.3212366409240308,-0.6724947967010674,False,False,other,0.0031449725557114797
TCCTAGCAAAGAAGCT-1,10668,16774,0.0920638778830893,-0.4407811468497151,0.3382847799186225,False,False,interface,0.02684118310180818
TCCTATCATAGGTAAC-1,11682,7826,-0.8128677238406544,-0.4407811468497151,-0.7430845515659776,False,False,other,0.002705130534075981
TCCTCCTAAGACATTC-1,11844,19044,-0.0451372827688339,-0.0029612946182705,1.2879614300194215,False,False,other,0.001772581857601981
TCCTCGGGCTGGGCTT-1,10483,12807,0.005605931843042,-0.4407811468497151,-0.1316755920180999,False,False,other,0.006005503782143074
TCCTCTACGAGATGGC-1,7708,17784,-0.3441504958288283,0.9940786780342844,1.5926236490672618,False,True,immune_core,0.05563342185702395
TCCTCTCCAGTTGTCC-1,8492,19146,-0.2136936239920059,1.0365797726625208,1.2322874136767,False,True,interface,0.3669042413171419
TCCTCTGGCCCATTAG-1,4573,11429,-1.063773927353555,-0.2016921349983465,0.0431661922466574,False,False,interface,0.11728468833829002
TCCTGCCAACTGGAGA-1,4968,11204,-0.994562497318066,0.1132887947408756,0.0075652712005843,False,False,other,0.015338940848203095
TCCTGCGTTGATACTC-1,10073,18018,-0.3607767266218102,-0.1225058005439548,-0.158189723009568,False,False,other,0.0644466471818473
TCCTGGCGCTGCCTGG-1,4974,9391,-0.347867847799803,-0.4407811468497151,-0.6001307737727417,False,False,other,0.002318316750125235
TCCTTACGACGGTCCG-1,12264,10660,-0.7015473026019693,-0.0767692746117092,-0.9221155209205866,False,False,other,0.010327230109171881
TCCTTCAATCCCTACG-1,10654,21306,0.2817141930088419,0.1772350728281728,-0.6027433833081738,False,True,interface,0.00920985507576011
TCCTTCAGTGGTCGAA-1,5552,13585,0.9585945855410806,-0.4407811468497151,-0.5762074411307603,True,False,tumor_core,0.06681952471067487
TCCTTTAAATCCGCTT-1,13643,11004,0.1666634598605388,-0.4407811468497151,-0.5483186560292446,False,False,other,0.017008537181921305
TCCTTTCTTACGCTTA-1,8507,14388,-0.4089686563202573,-0.2513075877902674,0.2590164412350492,False,False,interface,0.04605755670775711
TCGAAATTTAGGACCA-1,8304,16313,-0.708939719526715,-0.4407811468497151,0.1611647924783804,False,False,interface,0.07437724681216068
TCGAAGAACCGAGCAC-1,11477,10204,0.0160202787670714,0.1394263655031503,0.6098589671825893,False,False,interface,0.009596762731296449
TCGAATATCCCGCAGG-1,14017,17804,-0.1401729366934985,-0.00478191092685,0.3002509814515561,False,False,interface,0.08264041543993084
TCGACAACTGAACCCG-1,13813,19730,-0.1118893597663729,0.0448335418650708,0.7049646172689868,False,False,other,0.004797445977507969
TCGAGACCAACACCGT-1,9884,15185,-0.19063092944005,0.1623197372396593,-0.0469433424597985,False,True,immune_core,0.009903500214202018
TCGAGCCAGGCAGGCC-1,13821,17237,0.6354634516014505,-0.0618340287308198,0.0002668258625649,True,False,interface,0.0058111468451563396
TCGAGGGCAACAGACG-1,13850,7946,0.553721732454174,0.2668987012502077,-0.7679000031658233,True,True,interface,0.06606960135456921
TCGAGTCTACGATTCG-1,13612,21202,-0.3295050234230069,-0.1317630818645832,0.1499117116977146,False,False,interface,0.017441700318436646
TCGATAGGCTAGTCGC-1,4165,15960,-0.9268918957576384,0.1832178478746389,0.5675888995171608,False,True,immune_core,0.1300909620631438
TCGCAAAGATGCATTT-1,11863,12925,0.2452000670403467,-0.4407811468497151,-1.0734350239031232,False,False,other,0.0018783025037115274
TCGCACCAGGAGGCAG-1,12456,12360,-0.0836940693629589,-0.00478191092685,-0.223596322786249,False,False,other,0.003771934559673836
TCGCACTAACGTTTGT-1,5330,21403,0.4794159834214738,1.0646857525287443,-0.4302055415111442,False,True,interface,0.01722516381424874
TCGCATCCCTAAGTGT-1,5539,17891,-0.0910920914578038,0.1219615657683667,1.4356880525108129,False,False,other,0.0027483493162285114
TCGCATTCAATGACTT-1,4358,17207,0.4726328191351374,0.4181573670683857,0.6266459790041301,False,True,interface,0.015372046307287064
TCGCCCAACTGACTCC-1,4383,9049,-0.6941252821821026,-0.2513075877902674,-1.0734350239031232,False,False,other,0.0007474126261680038
TCGCCCACTGCGAGAG-1,9668,21190,-0.0103152692932876,1.635104721268831,1.3624100900114833,False,True,interface,0.25826914540661283
TCGCCGAAGTTGCGTC-1,11455,17230,0.7995177652407028,-0.3212366409240308,-1.021639274350146,True,False,tumor_core,0.0020115493930655827
TCGCCGCACCGCGTGA-1,11641,20743,-0.3441504958288283,-0.3212366409240308,-0.3232331092714326,False,False,other,0.0010037803080108405
TCGCCGGATGGGCAAG-1,7698,20957,0.0264556900289654,0.3901499259891222,0.4478330358423182,False,True,interface,0.062115709083780266
TCGCCGGTCGATCCGT-1,6338,14494,1.791576499450931,-0.2513075877902674,-0.1944760723088836,True,False,tumor_core,0.021227281325829416
TCGCGTAGCAGTGTCC-1,13843,10212,-1.3391959834126783,-0.4407811468497151,-0.8543042394726488,False,False,other,0.0385634352231577
TCGCGTCCAGAAGGTC-1,8692,18127,0.3373964587984862,-0.00478191092685,0.4721123813293119,False,False,interface,0.10419380352003105
TCGCTAAACCGCTATC-1,6348,11322,-0.8689590594493002,-0.4407811468497151,-0.1670850528703202,False,False,other,0.016341407852508396
TCGCTCGATATATTCC-1,8310,14274,0.4586870154783825,-0.3212366409240308,-0.1670850528703202,False,False,other,0.02029945523474584
TCGCTCGGCACCAGCG-1,7340,9172,-0.3528053520541934,-0.4407811468497151,-1.16198044260795,False,False,other,0.007103815813106818
TCGCTGGGCGGATTGT-1,8117,13027,-0.293475247139928,-0.3212366409240308,-0.1955888330267419,False,False,other,0.001908293153596653
TCGCTGTGCGTAAATC-1,5936,16759,0.0589123820876983,0.1809417916414031,1.1348284156879165,False,True,interface,0.4082537578995742
TCGCTTAATTACGAAG-1,5176,7692,-0.5917545549641128,-0.3212366409240308,-1.021639274350146,False,False,other,0.00010375453787308034
TCGCTTTAAACGTTTG-1,7530,11552,1.5508248523991506,0.2540068699827834,-0.2220074731250316,True,True,interface,0.20669343284982666
TCGGAATGCGCTCTGA-1,8495,18240,1.6084807322594952,-0.2513075877902674,-0.0584862638616305,True,False,interface,0.1522161654019216
TCGGACGCCCAGCCCA-1,9104,12463,0.2217831083356266,-0.2420503064696391,0.0870517893101882,False,False,other,0.0040393436829324475
TCGGAGAGTATCGGGA-1,11450,18816,-0.4730074618093423,-0.2016921349983465,0.2375292289050529,False,False,interface,0.033562465423840025
TCGGAGTACATGAGTA-1,8905,13029,0.1491415486770753,-0.0618539390231956,-1.021639274350146,False,False,other,0.008932704906649332
TCGGCGAACCCAAACC-1,12268,9527,-0.2820859795559017,-0.0525767474101915,-0.0430981556875746,False,False,other,0.009758925582756197
TCGGCGTACTGCACAA-1,12235,19951,0.0613432962910725,-0.4407811468497151,-0.4767909352765428,False,False,other,0.003388669429291315
TCGGCTTGTATCGACG-1,14039,10552,0.6255256612832778,-0.3212366409240308,-0.0205649666267068,True,False,tumor_core,0.024706136178747007
TCGGGAACGTGCCTAG-1,8721,9063,-0.9057985969452343,0.3268051368601186,-0.6265387807588779,False,True,immune_core,0.005129685286591852
TCGGGAGACAGCGTAC-1,14228,13386,0.6489295548838973,0.0774450524831358,0.3691211986140833,True,False,interface,0.026010290068045578
TCGGGATTCAAACATA-1,10265,19719,-0.4223759530045133,0.6742108910503779,0.3821500230075787,False,True,immune_core,0.1583678353946447
TCGGGCCGTCGTGGTA-1,10488,11448,-0.4874431923243363,-0.4407811468497151,-0.918648880225154,False,False,other,0.029647342980773792
TCGGGTGAAACTGCTA-1,4562,15055,0.2718772199282905,0.8360698048742349,0.5508007951343781,False,True,interface,0.04274243028607947
TCGGTCCCGACAATAG-1,13816,18823,0.0687422817860408,0.1655452403219633,0.50458591192887,False,True,interface,0.00965133713063847
TCGGTCCCTGACTCCA-1,4574,11203,0.5749683618479925,-0.2513075877902674,0.5468088855907748,True,False,interface,0.14949787630213493
TCGGTGACCGCTCCGG-1,5566,9053,0.3242831095704671,-0.1225058005439548,-1.0734350239031232,False,False,other,0.0027965091578272365
TCGTAAGACGACATTG-1,7921,12686,-0.7314179699357892,0.1394263655031503,0.819715650779879,False,False,other,0.011015844722687155
TCGTAAGCTCCGAGGA-1,5762,9393,-0.2383841537970054,0.1240198763194625,0.2202175058313377,False,False,other,0.011478194154056905
TCGTATAGTGCAATTA-1,4956,15056,-0.503441253801966,-0.4407811468497151,0.0428941705268302,False,False,interface,0.37678777511200273
TCGTATTACCCATTGC-1,9874,18584,0.864181811812735,0.2435643822451468,0.4637753954647056,True,True,interface,0.003790166366058913
TCGTCAAGTACGCGCA-1,13624,17123,-0.193213969966159,0.3134934353789101,0.0986056401009151,False,True,interface,0.011851657118850376
TCGTCACACTGTTAGC-1,7900,19258,-0.1941064511452865,0.8441497971531525,1.5108490543821544,False,True,interface,0.09764813395548859
TCGTCCGCTGGCGTCT-1,6922,16875,0.971386371769351,0.7051308557283443,-0.0553223698503306,True,True,interface,0.009635724885964462
TCGTCCGGGTACACTC-1,4388,7690,-0.7804633650934424,-0.4407811468497151,-0.8335701022157599,False,False,other,0.0019924336616926244
TCGTCTTAGGCGTTAA-1,13049,12022,-0.7055519383711024,-0.3212366409240308,-0.7817743526627827,False,False,other,0.0074521190163109536
TCGTGTACTATGGATG-1,11864,12698,-1.219637357569842,-0.4407811468497151,-1.16198044260795,False,False,other,0.008568366471807552
TCGTGTATTGGTCACG-1,13061,8170,-1.5842799472074067,-0.4407811468497151,-1.16198044260795,False,False,other,0.002557367430762935
TCGTGTCACGCTGACA-1,11056,18815,-1.458330546379693,-0.3212366409240308,-0.7128769704298895,False,False,interface,0.2196844169857672
TCGTGTTCGACCACAA-1,13845,9532,-1.2236188733938445,-0.4407811468497151,-0.5785374384897535,False,False,interface,0.012328984867828297
TCGTTAGGAGTCCCTA-1,12841,15308,0.2225690152489844,-0.4407811468497151,-0.687763622284501,False,False,interface,0.017061600504674895
TCGTTCGTTATTATGT-1,4564,14375,-0.377186933629357,0.0355234404286359,0.3960102731693111,False,False,interface,0.22185102011250812
TCGTTGACAGGGTCCC-1,8091,21185,0.4421166390666293,0.6961273620186599,0.6406399056237868,False,True,interface,0.06506678890582591
TCGTTGCTATCCGGTC-1,13233,16215,-0.0469020462474005,-0.1225058005439548,0.2207654041699055,False,False,interface,0.04298679512412709
TCGTTGGCTCGTCAAT-1,4356,17887,-0.1984847533103199,-0.4407811468497151,-0.956384347243648,False,False,other,0.05363028364773548
TCTAAAGAACAGTCTC-1,12826,20293,0.2303541567669857,-0.4407811468497151,0.6070585287173745,False,False,interface,0.008890205315279072
TCTAACTGTATGTAAA-1,7897,20164,0.1987695064645335,1.838221253849727,0.1861532043531894,False,True,interface,0.2454258447676951
TCTAATACTGCCTCAG-1,13817,18597,0.1811605521768984,-0.3212366409240308,0.4395834158487247,False,False,interface,0.025976518638265552
TCTACCCAATAGAGAG-1,13648,9418,-0.5094291169614256,-0.4407811468497151,0.6033483342312588,False,False,other,0.02591361056288242
TCTACCGTCCACAAGC-1,7917,13819,-0.6822645013199916,-0.3212366409240308,-0.6109726770898528,False,False,other,0.010648202265487823
TCTACGGGCTCAGTTG-1,5768,7581,-0.9456000209617088,-0.4407811468497151,-0.6096126615608776,False,False,other,0.005670954119088426
TCTAGCAATCTCCGCC-1,11650,18023,0.5650122847707294,0.1957695457618053,-0.77759259501142,True,True,interface,0.008687602151120239
TCTAGCATCTTCGATG-1,7120,16536,0.5056522092877217,-0.0029612946182705,1.57381647349729,True,False,interface,0.039660516260768594
TCTAGCATGCCCAGAA-1,12057,13945,0.328210053278974,-0.3212366409240308,-0.932007754860364,False,False,other,0.0026161874447041765
TCTAGGTGGCGACGCT-1,8323,10195,-0.4788993917100109,-0.1942554699862977,-0.2773081873180016,False,False,other,0.03175962530851697
TCTAGTGATATCGTGG-1,11280,10317,-0.3093119429044108,-0.2016921349983465,0.2851173396582215,False,False,interface,0.006134094809330419
TCTAGTTATCAGAAGA-1,9293,15297,0.7368074206058522,0.6463981578522656,-0.7795378938224748,True,True,interface,0.056065631843754404
TCTATCATGCAGTTAC-1,6133,16873,1.112854702576271,-0.00478191092685,0.3447488731316894,True,False,interface,0.1880990538148135
TCTATCGGTCGCAACA-1,6930,14156,1.0381817744873658,-0.3212366409240308,-0.049073982444753,True,False,tumor_core,0.035744308244399954
TCTATTACGCTGGCGA-1,5342,17550,-0.7769951776504077,0.5102535466760018,0.343892749225556,False,True,immune_core,0.026234614288846603
TCTATTACTAGAGGAT-1,10659,19720,-0.0309536518842189,-0.2513075877902674,0.2424883826365129,False,False,other,0.011183945573600482
TCTCATGAGATAGGGT-1,12262,11567,-0.5938343623590182,-0.4407811468497151,-1.021639274350146,False,False,other,0.0005365557004013067
TCTCCAACGTAGGTTA-1,6541,12569,-0.6903255465544577,0.2342542808087118,0.9167160713371402,False,True,immune_core,0.024309297911197902
TCTCCACAAGTTGAAT-1,14630,10894,0.6082960361220342,0.1344971702871056,-0.2378465041031404,True,False,interface,0.0015896432686732457
TCTCCCTGGGCAGCGT-1,13245,12363,0.3091674177941207,-0.4407811468497151,-0.5846936787844504,False,False,other,0.010573060925772032
TCTCGAACGAGGTCAC-1,4969,10751,-0.6339816910850874,-0.1942554699862977,0.3028121907196651,False,False,other,0.012690909946600637
TCTCGACGTATCGCCG-1,11482,8618,-0.5150261461731679,-0.2016921349983465,0.1103446617704197,False,False,other,0.08157538180628741
TCTCGAGGAGGTTCGC-1,12862,8736,-0.970963999259574,-0.3212366409240308,-1.021639274350146,False,False,other,0.0013222716022074194
TCTCGGCTCCAGGACT-1,5141,18796,-0.3868339129757246,-0.1225058005439548,-0.3781624255209966,False,False,other,0.001065820191161385
TCTCGTGTTACGAGGA-1,11444,20855,-0.994562497318066,-0.2016921349983465,-0.7011758690866786,False,False,other,0.0015080058717751546
TCTCTAATAGCTGGTA-1,6532,15514,-1.3869002244974975,-0.3212366409240308,0.3989689303219314,False,False,other,0.14917065362045354
TCTCTCGCCGCACATA-1,13455,8398,-0.2353223491624416,-0.4407811468497151,-1.021639274350146,False,False,interface,0.005166947298286478
TCTGAACCGGTCGGCT-1,6724,17215,0.8381148423656767,-0.2420503064696391,1.0500021688558945,True,False,interface,0.004119951721635613
TCTGAACTCGTACCCG-1,11870,10659,-0.2951866364863768,-0.1942554699862977,-0.8910539086244983,False,False,other,0.0015866166367285584
TCTGAAGCACGTGGTC-1,13641,11911,0.7159376569899033,-0.4407811468497151,-0.6109726770898528,True,False,interface,0.021504056361707217
TCTGAATTCCGTACAA-1,9307,10764,-0.7055288184259719,-0.1225058005439548,0.6124454616299962,False,False,other,0.003307529625015836
TCTGACGGGCTAACCC-1,8133,7815,-0.8782595045789108,-0.3212366409240308,-0.71798240474501,False,False,other,0.0021030070217699687
TCTGAGCAATTGACTG-1,13256,8737,-1.220029478878305,-0.4407811468497151,-0.8257989815180001,False,False,other,0.007088377929154233
TCTGATCGGGTGCTAG-1,9315,8045,-1.0726830347062848,-0.4407811468497151,-1.0393420120110248,False,False,other,0.0025353097398529536
TCTGATGTATTCTGTC-1,12655,12021,-1.0204708474397686,-0.2420503064696391,-0.9009461425642754,False,False,other,0.001502098827304361
TCTGATTGGAAATGGA-1,9514,7479,-0.3425477501391536,-0.4407811468497151,-1.0527008866462346,False,False,other,0.0022312076498327057
TCTGCACCATTAGTAA-1,7544,7020,-1.3391959834126783,-0.4407811468497151,-0.9162885498607556,False,False,other,0.0002654796649067916
TCTGCAGATTCGAGTC-1,7501,20843,1.6830674997410815,-0.4407811468497151,-0.3662810991780816,True,False,interface,0.481856876577126
TCTGCATACCTTGCTT-1,14632,10214,-0.4115086052593333,-0.3212366409240308,-0.9002310256083452,False,False,interface,0.0058161804944225175
TCTGCCAGAAACTGCA-1,10682,12468,0.6354673547513402,0.1405836201701105,-0.0674930566399004,True,False,other,0.01094709221411305
TCTGCGAATCGTTCGC-1,5965,7468,-1.051424635567004,-0.4407811468497151,-0.5394850974728596,False,False,other,0.005352230782534185
TCTGCGTCCGGTTTCT-1,5536,18797,-0.7972609786471614,-0.2420503064696391,-0.026339582233081,False,False,other,0.008260315678545306
TCTGCTTAGAACAAGC-1,12473,7148,-0.693088784163446,-0.4407811468497151,-0.7795378938224748,False,False,other,0.004228579202902655
TCTGGAGCGTAAGAGT-1,10107,7141,-1.0449417388149027,-0.4407811468497151,-1.021639274350146,False,False,other,0.002271732379192303
TCTGGCCGTTCAAGTT-1,9711,7593,-0.5546626221213445,-0.4407811468497151,-1.16198044260795,False,False,other,0.00034993742721093046
TCTGGCGCAAGCCGGG-1,9276,20735,0.8453875035251217,-0.4407811468497151,-0.9330938556453194,True,False,interface,0.05961832613392178
TCTGGGAACCTTTGAA-1,10491,10315,-1.0225705086316532,-0.1258002171104929,0.6851205297496035,False,False,other,0.012167440661303963
TCTGGGTAGCGCTCAT-1,10469,17340,-1.1477027511040194,-0.4407811468497151,-0.7748612808179963,False,False,other,0.16265637331194407
TCTGTCATACAAGAGC-1,4557,16415,0.9537770455315684,0.0355234404286359,1.4535921606292728,True,False,interface,0.0787678842016599
TCTGTGCCATCATAGT-1,8908,12349,-0.1061146100155219,-0.2513075877902674,-0.3121013563343756,False,False,other,0.00934182733979424
TCTGTTACCCAGCATA-1,12638,17460,-0.575234526830343,-0.1317630818645832,0.2601088286104453,False,False,interface,0.13173679362531757
TCTTAACTCGGATGTA-1,5725,21177,0.2579955383611981,0.6320741088349219,-0.2907509966810027,False,True,interface,0.05556272728174962
TCTTACAGAGGTACCG-1,5544,16305,0.6372573599490483,0.6924206432054297,0.3262727717893402,True,True,interface,0.05740921380325717
TCTTACCGGAACTCGT-1,6743,11096,-0.8939756015122345,-0.4407811468497151,-0.988776444313172,False,False,other,0.0007432215732279221
TCTTACGGCATCCGAC-1,7509,18124,-0.9000539325036365,0.8545922848907891,0.8584826455582599,False,True,interface,0.19879393157249722
TCTTACTTATGCCTCT-1,11475,10884,-0.2838055818187959,-0.4407811468497151,-0.918648880225154,False,False,other,0.0001604415142431535
TCTTAGAGCTCCAATT-1,10495,9182,-1.1040547104779057,-0.3212366409240308,-1.16198044260795,False,False,other,0.008029903508954845
TCTTAGAGTGAACTCT-1,11083,10203,-0.4226286268998224,-0.0525767474101915,0.7091809629632524,False,False,other,0.002194947785057456
TCTTCCCATGGGCACA-1,8913,10536,0.245829689621569,0.188378456653452,-0.1821460236637408,False,True,other,0.013859399628935077
TCTTCGAATAGACGTT-1,10284,13373,0.0316485910139755,0.0636733419489547,-0.5398487865660743,False,False,other,0.031554434741512496
TCTTCGATACCAATAA-1,8903,13936,0.0166771401357867,0.4996725778718197,1.0511860332452798,False,True,immune_core,0.01572882321627371
TCTTCTATAACCCGCC-1,11480,9298,-0.6981387395734631,0.5059877131015763,0.3253178834206195,False,True,immune_core,0.0608857738754586
TCTTGATGCGTAGCGA-1,8903,13709,-0.5445059190998796,-0.16320739995144,1.2419633542910564,False,False,other,0.09557751664553708
TCTTGGTAACACCAAA-1,6734,14042,1.401740144363049,-0.16320739995144,-0.155757087379799,True,False,tumor_core,0.044435368858573666
TCTTTAAGACTATGAA-1,9308,10311,-0.319047616498116,-0.0767692746117092,-0.7178499103297202,False,False,other,0.0068301632026391045
TCTTTAGAGTCTAACA-1,12468,8508,-0.8782595045789108,-0.4407811468497151,-1.021639274350146,False,False,other,0.0014659764353529734
TCTTTAGCAGGCGAAC-1,9315,8271,-0.5876867762638988,-0.4407811468497151,-0.8316299702708043,False,False,other,0.0006699901330777487
TCTTTCTCTTAAGGAG-1,3978,12447,0.2545039963100298,0.5600191122423276,1.1788280713605732,False,True,interface,0.1640056847806856
TGAAACTTATGCAAGC-1,4765,13129,0.3019339719334371,-0.1225058005439548,0.3514984514736271,False,False,other,0.001807520504801728
TGAAAGGACCTGACTC-1,9500,12011,-0.045348415916489,-0.3212366409240308,-0.4150580090185797,False,False,other,0.0011299094196606174
TGAACTGCTATGACTT-1,10260,21305,0.2827744916733333,0.0613972857157188,-0.6997598206492966,False,False,interface,0.004484736569365396
TGAAGAGCGGTCCTAG-1,6320,20159,0.0449924375200536,0.4787744672368401,0.7624550917069879,False,True,interface,0.09570608534880537
TGAAGTAGCTTACGGA-1,5924,20838,1.2810889418458766,1.2251517065936146,1.3449686541438928,True,True,interface,0.41536249442251555
TGAATATGCTATAAAC-1,5765,8487,-0.0607687803121301,-0.3212366409240308,-0.5839493779962408,False,False,other,0.008528902564518395
TGAATGAGATACAGCA-1,5966,7241,-1.4597472073980409,-0.4407811468497151,-0.5019894480234897,False,False,other,0.010553578778826218
TGAATGTCAGCCGGCC-1,11875,9073,-0.5160007869187445,-0.1258002171104929,-0.8556636214549942,False,False,other,0.005368922811761476
TGAATTTCACTTGCCT-1,10852,20967,-0.1615369704533405,0.1832178478746389,0.6071138047001231,False,True,interface,0.029022369807221084
TGACAACGCATGTCGC-1,10500,7369,-1.1922881829869232,-0.4407811468497151,-0.7828166598556556,False,False,other,0.0018657341320820026
TGACACTTCTCTTTGC-1,5761,9847,0.5013400692108786,-0.3212366409240308,-0.2857458262885369,False,False,other,0.009369488396931329
TGACAGGACAAGTCCA-1,13417,20408,-0.3615400335503977,0.165679278377978,-0.0634367191332874,False,True,immune_core,0.010522899878771046
TGACATATATGACGAT-1,10063,21191,0.1577508966863379,-0.1225058005439548,-0.9123597183884308,False,False,other,0.10559058017091326
TGACATCGAGCGGACC-1,9506,9972,-0.0674829090816744,-0.4407811468497151,-0.964155467941408,False,False,other,0.0030177567644127158
TGACCAGCTTCAAAGT-1,3985,10408,0.5051206123554044,-0.0029612946182705,0.3649026290953016,True,False,interface,0.004673591359173573
TGACCCACGTTAGACA-1,9093,16089,-0.3906324887216377,-0.0029612946182705,0.3645103551785735,False,False,interface,0.0886836184920109
TGACGAATATTTCCCT-1,11253,18928,0.5116852317588783,0.1809417916414031,0.7342036524734066,True,True,interface,0.017222225261193127
TGACGATGCACTAGAA-1,9899,10653,-0.8257166674674226,0.0959776290101926,-0.7795378938224748,False,False,other,0.0033523672314464113
TGACTATAATCCTTTC-1,11663,13718,0.5594513800689686,-0.2420503064696391,-0.2925466884136308,True,False,tumor_core,0.0003286902133185544
TGAGAATGCTTTACCG-1,6138,15287,0.4409039873450474,1.2611199609636154,0.9259795439087573,False,True,interface,0.3249127347933716
TGAGACGTACCTCTCA-1,10261,20852,-0.4272815496265937,0.7659869856096111,0.6697114286133327,False,True,interface,0.35129009712799625
TGAGAGATTTACCACG-1,10686,11108,-0.3549292551457252,-0.4407811468497151,-0.6267730088286131,False,False,other,0.0063078150454454205
TGAGATCAAATACTCA-1,3973,14260,-0.2625249018884028,0.1772350728281728,0.1590696568672894,False,True,interface,0.08297257307750744
TGAGATTAGGCCCTAA-1,5758,10753,-0.7848710073348453,0.1623197372396593,0.5008588767043471,False,True,immune_core,0.018731575529636574
TGAGCCATACAGTCTC-1,10864,17114,-0.2342142917675445,-0.2016921349983465,0.952973925792898,False,False,other,0.014718619980766873
TGAGCGGAAAGTGTTC-1,13437,14063,0.0932820086765894,-0.2513075877902674,0.6847588945806827,False,False,interface,0.017714806231099497
TGAGCTTTAATGACGC-1,6346,11775,-0.747273858458788,-0.1225058005439548,0.3448885988273797,False,False,other,0.005654889302256855
TGAGGAGTGCCAGCTT-1,14026,14858,-0.5120047622840349,1.5033219278776784,0.869652356893517,False,True,interface,0.9521276959084949
TGAGGCATGTACTGTG-1,13614,20522,0.0566673552647315,-0.0525767474101915,-0.4692045103610704,False,False,other,0.002377580213755052
TGAGTAAATTAGCGTA-1,11857,14965,0.5534820668806224,-0.0525767474101915,-0.5882932410219094,True,False,interface,0.012560461894304016
TGAGTGCCTCTTAAAT-1,11457,16776,0.5141449367570973,-0.4407811468497151,-0.7165194255562846,True,False,interface,0.0005230541205489452
TGAGTGGTCCGTGACG-1,8515,11895,-0.3594089892743493,0.9902101811229024,0.7444314621213993,False,True,immune_core,0.05113821836024335
TGAGTTAAAGACATTC-1,12073,8733,0.2438070003441075,-0.3212366409240308,-0.4128625559511485,False,False,other,0.014266300412353028
TGATACATTTAGCCGT-1,13429,16556,0.6522262547385163,0.0448335418650708,0.7649713730203161,True,False,interface,0.026697367197502663
TGATAGCGGGATTCTA-1,8095,20052,-0.0193942898331338,1.7995562605135738,0.6464878298544691,False,True,interface,0.20823710727666364
TGATCAGGGAACTGCT-1,10859,18701,0.0932617797081342,-0.2420503064696391,0.9323125471857872,False,False,interface,0.03362407661782003
TGATCCCAGCATTAGT-1,7931,9287,-0.2826442325174595,0.1276196200362519,0.0403386540233088,False,False,other,0.02481983785547057
TGATCGGTTTGACCCT-1,8110,15293,-0.3599564617300158,0.3735861821384743,0.8911212443521401,False,True,immune_core,0.008165984858223042
TGATCTACGCTGATCT-1,5760,10073,0.6955053876270654,-0.0747109640606134,-0.0388898766288438,True,False,tumor_core,0.012523535408555208
TGATCTCCGGCGCCAG-1,8108,15746,-0.2815968125237889,-0.2420503064696391,-0.371930914628965,False,False,interface,0.05576662217860343
TGATGGCTGTTTCTGA-1,8525,8496,-0.918163644415222,-0.2513075877902674,-0.1067874725832631,False,False,other,0.0012293701707259545
TGATGTCAATTAAGTG-1,14239,9760,-0.8736973560632445,-0.2420503064696391,-0.4518820534095562,False,False,other,0.004957305895036336
TGATTATGGCACGCAG-1,5173,8825,-0.395931531711655,-0.4407811468497151,-0.9087566462853768,False,False,other,0.0010158143089098448
TGATTCAGGTCCCGCG-1,12036,20517,-0.1402635476080097,-0.0747109640606134,0.1965069245809886,False,False,other,0.01565410934966483
TGATTCGTCTATCACT-1,8697,16768,0.8549891215768977,-0.3212366409240308,-0.8335701022157599,True,False,interface,0.04577214505492785
TGATTCTGTCGCCGGT-1,12049,16438,0.421507229678368,0.3553603309110278,-0.6345201125601925,False,True,other,0.04225534645325699
TGATTTATTAGCTGTG-1,10074,17565,-0.571979746736225,0.7166267042659373,0.3390519092494744,False,True,interface,0.2421617299083925
TGATTTCCTCCTGACG-1,5737,17552,-0.3299731029731663,-0.1225058005439548,1.3720057237562402,False,False,other,0.011442178517198379
TGCAACCCATCTGCGG-1,14431,11234,-0.4527519444986981,-0.2513075877902674,0.7779741185546808,False,False,other,0.00539939223300881
TGCAAGAATGACGTAA-1,8506,14614,1.5253257524929558,-0.4407811468497151,-0.6097451559761673,True,False,interface,0.11750669979673282
TGCAATTTGGGCACGG-1,5367,9619,0.1388758401337756,-0.4407811468497151,-0.741799767670118,False,False,other,0.004875210757657052
TGCACAGTGAAGTTAT-1,4972,10071,-0.1705937816374332,-0.2513075877902674,-0.6325202117084027,False,False,other,0.0028467482057439966
TGCACTATGTGAGTGC-1,5926,19932,-0.3840214033915735,0.093553550645775,1.9396350776271507,False,False,interface,0.06197057123010571
TGCAGAACTATATCGT-1,10859,18927,0.5342243318322809,-0.16320739995144,0.7265011661990399,True,False,interface,0.1032748552905519
TGCAGAGTACCGAGCA-1,10078,16205,-0.1905422484161154,-0.3212366409240308,-0.126481380912168,False,False,interface,0.009188484347770639
TGCAGATCGTCCTAGG-1,10857,19380,-0.4796022261978439,-0.2016921349983465,0.9075801971053216,False,False,other,0.00863913738932807
TGCAGCTACGTACTTC-1,10856,19607,-0.5104394858766697,-0.3212366409240308,0.8637880974449715,False,False,other,0.005595241576592354
TGCAGGATCGGCAAAG-1,7328,13024,-0.1988211560000482,0.6108017575654567,1.3495102188814,False,True,interface,0.07204690197510118
TGCAGTGAGGCTCGGG-1,5570,7693,-1.054021431940017,-0.0767692746117092,-0.9428496581774752,False,False,other,0.002889606836502207
TGCAGTTTCCTCCCAT-1,10488,11221,-0.6302658706394489,-0.4407811468497151,-0.4721580175825258,False,False,other,0.0030044299189913967
TGCATATGTCTGTCAC-1,9501,11785,0.0384643609968868,-0.3212366409240308,-0.3781584885286648,False,False,other,0.009504397207816524
TGCATGGATCGGATCT-1,6340,13814,0.1114548180754651,0.1368769013568803,0.7054805318047455,False,False,interface,0.046299331970736046
TGCATGTGGTAATCTA-1,8316,12234,0.4763534978018558,0.3759659132082489,0.6863255229211924,False,True,immune_core,1.367172477617116
TGCCAAAGTCAGACTT-1,11055,19268,-0.2819467241299309,-0.0062557111848086,1.358095153244913,False,False,interface,0.020427629787119105
TGCCAATGGGTACTCT-1,13235,15535,0.1086202568115696,-0.2420503064696391,0.0067258371705164,False,False,interface,0.007661177493073223
TGCCACACTAGAGGAA-1,11049,21081,-0.2009080321978034,-0.0747109640606134,0.4592726009768376,False,False,interface,0.003233333758511578
TGCCACCTGGCGAAAC-1,6540,12795,-0.1905200259271088,0.0669677585154927,0.646725272017955,False,False,interface,0.012136231119680858
TGCCAGTACGTGGAGA-1,12650,13381,0.5157309650765293,-0.4407811468497151,-1.0734350239031232,True,False,tumor_core,0.00016201089824687041
TGCCATTACTAAAGAA-1,6741,11549,0.5081410770855709,-0.3212366409240308,-0.5320343458526413,True,False,tumor_core,0.021762454331820086
TGCCCGTACCGTTAAA-1,11469,12924,0.367339411357967,-0.2016921349983465,-0.2956801429887507,False,False,other,0.0011857580195132628
TGCCGAAAGCGTATTC-1,9119,7931,-0.386792298103863,-0.4407811468497151,-0.964155467941408,False,False,other,0.0006397561195041595
TGCCGGATGTACGAGC-1,14806,17580,0.5344162083756268,-0.2420503064696391,0.050639735274067,True,False,interface,0.006779191651567576
TGCCGTGGATCGTCCT-1,13830,14291,0.4916449352690479,-0.2513075877902674,-0.3207577161445714,False,False,interface,0.03767747955438915
TGCCGTTCTTAATCGG-1,13808,21316,0.5142839511032747,0.6180187422207892,0.0829925496903294,True,True,interface,0.08867966909648561
TGCCTAAATTTAATAG-1,10304,7028,-1.4647213213645702,-0.4407811468497151,-1.031395076882302,False,False,other,0.003346364623970817
TGCCTAATTGAAGATT-1,13451,9531,-0.7177237802405945,-0.0525767474101915,-0.1462912814583953,False,False,other,0.009682166204264675
TGCCTGACATCGGTCA-1,5732,19138,-0.7000513940468786,-0.2513075877902674,0.0263972419746332,False,False,other,0.05195976300762437
TGCCTGATCAAACGAT-1,6538,13475,0.1946606820859833,0.9644057160374324,1.631175078001996,False,True,immune_core,0.06961607504345903
TGCCTTGGCCAGGCAA-1,12851,12135,-0.7848552516514081,-0.2513075877902674,-0.7242905462540445,False,False,other,0.003408661358921523
TGCGAATATGGGATTT-1,11447,19949,-0.8132917867164754,-0.0235668769154916,0.1987659807588579,False,False,interface,0.028601899004336226
TGCGACACCCTAGTGC-1,11656,16210,0.4296789434708152,-0.0747109640606134,-0.1560597526415045,False,False,other,0.000282478066300593
TGCGACGGCCGAACGT-1,14411,17805,0.1459298925081757,0.474904836836712,0.8270868693645286,False,True,interface,0.02762653021661282
TGCGAGAATATTACCC-1,12442,16893,1.1315922610934153,-0.4407811468497151,-0.2832242599717229,True,False,tumor_core,0.005145523770935193
TGCGAGATGGCGGCCA-1,4780,8371,-0.1098447425389808,-0.3212366409240308,-0.8014223891347161,False,False,other,0.0036005086303716968
TGCGAGCCCTTCCGCG-1,4972,9844,0.1751489131944212,-0.3212366409240308,-1.16198044260795,False,False,other,0.002359084394395033
TGCGATGCTAATGGCT-1,6714,20161,2.183432583841543,0.1165832113074136,-0.2159011646634383,True,False,interface,0.7055810005504597
TGCGCAAAGCATTTGG-1,8706,13822,0.3284564003163336,0.4237607496915904,0.6157289017581712,False,True,immune_core,0.03232330778334228
TGCGCCGTTAATAACG-1,10697,7483,-1.063773927353555,-0.4407811468497151,-0.8622511746013714,False,False,other,0.0017362052130408786
TGCGCGATTAACGGAG-1,7908,16765,-0.3857599441312923,-0.3212366409240308,-0.5019348459827547,False,False,other,0.0030388319769528165
TGCGGAGTAAAGGTGC-1,6932,13476,0.6082240400804195,-0.0747109640606134,0.3599019176811807,True,False,interface,0.025965616678442414
TGCGGCATAGTTCAAC-1,4955,15283,-0.219011103953963,0.3085863242207555,0.9709823449968816,False,True,interface,0.2161861264467885
TGCGGTGAAATTTCAT-1,4960,13923,0.0269902178071175,-0.2513075877902674,0.0840033083803214,False,False,interface,0.1901794755162203
TGCGTAAGAACCTGAT-1,11063,16548,0.1517859703710207,0.2820491172920533,1.4842497041143434,False,True,interface,0.015133444661046061
TGCGTCATGACTGAGC-1,13027,19047,1.0134641564028846,-0.4407811468497151,0.2583891140632267,True,False,tumor_core,0.027571749828959994
TGCGTTTGTTGACACT-1,10878,12809,0.4298577860727526,-0.4407811468497151,-0.5706196871933102,False,False,interface,0.0015721769447128704
TGCTAAGTGTCTATTT-1,12854,11229,-0.2910627734820584,-0.4407811468497151,-0.6289717416460837,False,False,other,0.0031634227241848834
TGCTCCACAGTTCTTA-1,11476,10658,-0.2671268674761735,-0.0618539390231956,-0.7336111076867782,False,False,other,0.0029690744655443096
TGCTCGGCGAAACCCA-1,13830,14518,0.8675436401057331,0.1165832113074136,0.94895432158654,True,False,interface,0.00917179477798639
TGCTCTGCCGGTTCAC-1,7938,7021,-1.4647213213645702,-0.4407811468497151,-1.0527008866462346,False,False,other,0.0011344316330648635
TGCTGCGTCAGAGTTA-1,4586,7350,-0.99823009587261,-0.2420503064696391,-0.7857031841351078,False,False,other,0.001057441074671986
TGCTGGTTGGACAATT-1,6725,16761,1.1023385523788098,-0.3212366409240308,0.5247213486088026,True,False,interface,0.10203450065488429
TGCTGTTGAAGAACTC-1,10086,13939,0.7532722999288847,0.0669677585154927,1.0119946591115117,True,False,interface,0.020245832541060278
TGCTTAGAGAGAATGC-1,14803,18486,0.1138513783014172,-0.3212366409240308,0.3856267622690825,False,False,other,0.0035925824577580263
TGCTTCCCAAGCAGTA-1,14817,13954,-0.1335517460232205,-0.16320739995144,-0.2406880049167425,False,False,interface,0.06545713714923125
TGGAACCACTGACACA-1,7338,9852,-0.5173734149127499,-0.4407811468497151,-0.9428496581774752,False,False,other,0.0029163705957643664
TGGAAGAAGGGAACGT-1,10272,17452,-0.4425350604957166,0.2682281527494629,-0.8910539086244983,False,True,interface,0.09059594530100316
TGGAAGACGAACACCA-1,5347,16191,1.688121045770942,0.7842275498574874,0.8466418767940287,True,True,interface,0.27114337444080105
TGGAAGGATAAAGATG-1,6537,13702,-0.5878838014534244,0.6447408232762012,0.5598416790394205,False,True,interface,0.07028582055938881
TGGAATATCCTTGACC-1,7143,9284,-0.4632237679540055,-0.3212366409240308,-0.8955544126038669,False,False,other,0.0005146950904241805
TGGAATTAGACGCTTT-1,7703,19371,0.769524326488088,0.5433052556172747,1.2422801610843766,True,True,interface,0.1766961733931598
TGGACACCGTTGCTTG-1,6517,20273,0.3801980496376727,0.7568834704198432,0.8272267156429284,False,True,interface,0.10676862575623756
TGGACGCAATCCAGCC-1,14012,19164,0.3348069850548469,-0.2513075877902674,0.2290771063609464,False,False,interface,0.01308795360661634
TGGACTGTTCGCTCAA-1,9891,13146,-0.4867660705607343,-0.0029612946182705,0.4382576023568408,False,False,other,0.004244682851624694
TGGAGGGAAACACCTC-1,6951,7584,-1.3391959834126783,-0.1258002171104929,-0.3171287197898439,False,False,other,0.0012100863312601922
TGGAGTGATGCGATGA-1,8302,16766,-0.7383738889885978,-0.1942554699862977,-1.0527008866462346,False,False,other,0.018700395596999955
TGGCAAACTAAATTAC-1,12456,12587,0.5807561771052511,-0.4407811468497151,-0.4997529891831818,True,False,tumor_core,0.00644753925248553
TGGCAACTCGCGCGCC-1,6938,11663,0.5563781498792582,-0.00478191092685,-0.5972892729591395,True,False,tumor_core,0.019934922223424287
TGGCAATGGGACGGCG-1,13254,9417,-0.1071982658146992,0.4659522035517271,-0.7450246835109332,False,True,immune_core,0.03449403053853586
TGGCAGATTACGATCA-1,11266,14849,0.9882513932029936,-0.3212366409240308,-0.467841834090656,True,False,tumor_core,0.0010609125883273807
TGGCAGCAGTAATAGT-1,10281,14506,0.4806210434140194,0.0075159993493725,-1.0734350239031232,False,False,other,0.002815735188148618
TGGCATGAAGTTTGGG-1,13615,20069,0.2678225491756415,0.0576905669024885,0.3174194945139937,False,False,interface,0.002951842659877272
TGGCCAAACTGAAGTA-1,8118,12800,-0.2680310952352248,0.0959776290101926,1.0816589245609936,False,False,other,0.0014720945911860558
TGGCCAATTTGGTACT-1,12235,20178,-0.1478771309448628,-0.4407811468497151,-0.6165604310273027,False,False,other,0.000837224905351994
TGGCCGTATATTGACC-1,7710,17104,-0.0135645715909865,0.8434716636562771,1.821709883499904,False,True,interface,0.11066327875344854
TGGCGACTGCTCCAAA-1,13430,16103,0.66961611214022,0.3400792275091924,0.5292562739949076,True,True,interface,0.03915864130876425
TGGCGATCAAGTTATG-1,12645,15194,0.8131799501488473,-0.0235668769154916,-0.8415170373444825,True,False,interface,0.02456579713669174
TGGCTATGTGACATAC-1,14429,12140,0.2970856789415861,-0.2420503064696391,-0.9002310256083452,False,False,interface,0.021843061940899855
TGGCTCTTGTCGCGTA-1,10855,20060,-1.115459684262377,-0.2513075877902674,-0.3853867452568718,False,False,other,0.007644801390783172
TGGCTTATGTATAATG-1,13414,21315,-0.4377780751277295,0.1939489294532258,0.1522850119931722,False,True,interface,0.05524553248958401
TGGCTTGTACAAGCTT-1,5766,8260,-0.855445800216256,-0.4407811468497151,-0.7857031841351078,False,False,other,0.0016620703991455966
TGGCTTTGGGTAGACA-1,6334,15627,-1.091515223244937,0.5851740475559679,0.4993213793244742,False,True,immune_core,0.10078499006579933
TGGGAAATGCCTTTCC-1,7114,18349,0.0655500991842144,0.8597071654986488,1.6480837326725908,False,True,immune_core,0.009427632257799995
TGGGATGCACTCATTC-1,4971,10297,-0.5712049359106057,-0.3212366409240308,0.608973186158884,False,False,other,0.03293981730761492
TGGGCAATAGTTGGGT-1,11678,9185,-1.1392194643297564,0.0774450524831358,-0.5705905033610308,False,False,other,0.0331443670063276
TGGGCACAAACAGAAC-1,4164,16187,0.1717188538603999,0.2820491172920533,0.1215443885665036,False,True,interface,0.012737156809305561
TGGGCACGTTCTATGG-1,5553,13132,-0.0580754585247439,-0.2420503064696391,-0.5290773886713328,False,False,interface,0.02182941981850094
TGGGCAGGCCACCGCA-1,13258,8284,-0.4653747842322073,-0.4407811468497151,-0.8257989815180001,False,False,other,0.0011199322157853424
TGGGCCACAAGAGCGC-1,6145,13247,-0.2041859869450629,-0.16320739995144,0.5147325383152831,False,False,interface,0.010352868710499683
TGGGCCCATACTAATT-1,11868,11339,-0.2882680880548071,-0.4407811468497151,-1.031395076882302,False,False,other,8.498856513103341e-05
TGGGTAAGGTTCCCGC-1,5161,12451,0.4709437717295087,-0.2016921349983465,1.0467790589287873,False,False,interface,0.059777664471432124
TGGGTGGGATGTCATT-1,4582,8710,-0.2793480618710843,-0.4407811468497151,-0.7936501192638303,False,False,other,0.0009068153261386181
TGGGTTCCCGGACGGA-1,6513,21406,1.3961014283986344,0.3877726586751472,-0.1793353160075004,True,True,interface,0.34713944010305575
TGGTAAGCAGGATTGA-1,10657,20173,-0.5904881567332367,-0.3212366409240308,-0.9527418921172526,False,False,other,0.008191626137340478
TGGTAGAATATATGGG-1,12069,10093,-0.7724817858671964,-0.2513075877902674,0.1780931019165149,False,False,other,0.012576093323192967
TGGTATCGCATCCCAA-1,4172,13694,1.0061624603083634,-0.3212366409240308,0.4828301689599301,True,False,interface,0.042869978448586164
TGGTCCCACGCTACGG-1,12848,13041,-0.0932414136335849,-0.3212366409240308,-0.8469099971786587,False,False,other,0.0015110885643618375
TGGTCGTGCAAGGCAA-1,10656,20626,-0.2625166629721421,1.5880583968096833,0.4298450885555576,False,True,immune_core,0.14313555597027228
TGGTCTAGCTTACATG-1,6712,20841,0.6961241311495495,1.0265468524697825,-0.4253055790356756,True,True,interface,0.1659904933034175
TGGTCTGTTGGGCGTA-1,9875,18131,0.3395744748814921,-0.0821476290726622,0.2559980913142149,False,False,interface,0.11953733628828052
TGGTGATCGTATTTGT-1,7702,19597,0.5768230695295543,1.1201122071072962,0.4972647601978096,True,True,interface,0.1615351395371253
TGGTTAACTTACATTT-1,14402,20525,0.9605610926188864,-0.2513075877902674,-0.2319057438756175,True,False,tumor_core,0.003668114780280826
TGGTTAAGGGCGCTGG-1,7737,8493,-1.091515223244937,-0.1225058005439548,0.6025614139289596,False,False,other,0.002646374072483557
TGGTTATGCTTGCGGT-1,7499,21296,1.3322440065962522,-0.0747109640606134,-0.343925765478905,True,False,interface,0.004195091396408444
TGGTTCAACGGGTAAT-1,12454,13040,-0.2733672189908127,-0.4407811468497151,-0.964155467941408,False,False,other,0.006834217731055174
TGGTTCGTAGCAAAGG-1,7124,15176,0.3234738158958409,0.1368968116492561,0.9289211382100436,False,False,other,0.006900309088043534
TGGTTGGAGGATCCTG-1,4771,11090,-1.0245982961238007,0.5480532139207918,1.1482961797589863,False,True,interface,0.06697338311134331
TGGTTTAAACGTGGGT-1,7342,8719,-0.3721395457004106,0.4544072952423725,-0.2071376649893377,False,True,immune_core,0.048263289556150425
TGTAATGACCACAATA-1,9673,19830,-0.0379169009879293,0.1165832113074136,0.9134620507013076,False,False,other,0.053062200094894575
TGTACCTACACGAGGG-1,14235,11120,-0.1344887292705825,-0.1317630818645832,1.1841003696560193,False,False,interface,0.0013506331551003034
TGTACGAACAAATCCG-1,10083,14846,0.4112932650928519,-0.4407811468497151,0.3212455039367617,False,False,other,0.010584577887441523
TGTACTACTCTCACGG-1,6556,7810,-0.9691552169327624,-0.3212366409240308,0.0024600696144506,False,False,other,0.0023210063444943784
TGTAGGAGAAATTTCC-1,9304,11671,-0.26014836299682,-0.3212366409240308,0.1271808341925466,False,False,other,0.04316236431866818
TGTAGTGATCTATAAT-1,9482,17677,-0.2887764090037639,0.3193684718480697,0.8939693158346028,False,True,interface,0.030072468807778988
TGTATAACAGATCCTG-1,8316,12461,0.0727792039763802,-0.0525767474101915,0.2812442593997575,False,False,other,0.3465355121648331
TGTATACGGATGATGA-1,7543,7246,-0.7812658571358686,-0.4407811468497151,-0.6211612379249826,False,False,other,0.0012988914162598128
TGTATCAGACTGAAGC-1,4581,8937,-0.1957561164124765,-0.2513075877902674,-0.9428496581774752,False,False,other,0.0011399730571631352
TGTATCCTTATTCCAT-1,4560,15735,-0.4002673407451318,0.1132887947408756,0.084200003253612,False,False,interface,0.22889861721552165
TGTATGGCGCAGACAG-1,11081,10883,0.2735261047157659,-0.4407811468497151,-0.8990008437532209,False,False,other,0.008647506536137696
TGTATTTACCTAATGC-1,4578,9843,-0.9026990090170964,-0.2420503064696391,-0.5487692187353488,False,False,other,0.006014580115497038
TGTCATTTGTTGGGAA-1,6749,9057,-1.051424635567004,-0.4407811468497151,-1.0734350239031232,False,False,other,0.0005892039458581447
TGTCCCGACATAGCAC-1,4759,14942,-0.0254590005650382,0.673993145368238,1.2307730293337704,False,True,interface,0.04777071082990467
TGTCCGTGGCGCCTTT-1,8491,19373,-0.1331137190679795,0.6839036918199831,1.4154080844586845,False,True,immune_core,0.014448552473908723
TGTCCTAAGTCACCGC-1,9284,18016,0.4620113738407246,-0.4407811468497151,-0.8543042394726488,False,False,other,0.023930417816560873
TGTCGTTATCACATAT-1,14602,19732,0.8439070948863849,-0.4407811468497151,0.8450512538772953,True,False,tumor_core,0.014192555628942699
TGTCTACAGTTTCTGT-1,4758,15396,-0.4765730222692315,0.1368968116492561,0.0904794362361854,False,False,interface,0.33302009963050394
TGTGACTACGCCAGTC-1,6736,13136,-0.2616077537377169,0.5689877997220055,0.3872262767230693,False,True,interface,0.08974540276644288
TGTGAGACTAGCCCAA-1,14225,14292,0.759801485888015,-0.4407811468497151,-0.4555143093448897,True,False,interface,0.014059826733957436
TGTGCCAGAGGCAAAG-1,13217,21427,-0.7407968402913309,-0.4407811468497151,-0.1538872775672837,False,False,interface,0.024989996004609282
TGTGCCGGTGCCGGAA-1,13054,10436,-0.5603747162331538,-0.2513075877902674,-0.3297595441058139,False,False,other,0.00024067529040184554
TGTGCTTTACGTAAGA-1,9674,19377,1.3256065406591484,-0.0747109640606134,-0.5857359859773231,True,False,interface,0.054034667616209835
TGTGGACTATCTACGT-1,12867,7150,-0.7369481841729083,-0.4407811468497151,-0.8238142996836041,False,False,other,0.00581046724791295
TGTGGCAAAGCGTATG-1,8319,11554,-0.5890630231753565,-0.3212366409240308,-0.3142340461956022,False,False,other,0.009566158272291554
TGTGGCTCCCACCAAC-1,11287,8051,-0.603390428744986,-0.4407811468497151,-0.3702517854358774,False,False,other,0.01583263177522441
TGTGGTAGGGTGCCTT-1,13064,7263,-1.140399599684421,-0.4407811468497151,-1.0734350239031232,False,False,other,0.0019459915050053372
TGTGTCGAAGTCGAGG-1,10851,21420,-0.4833974943116797,-0.2016921349983465,1.2880358073829477,False,False,other,0.007990044346927447
TGTGTCGCGAGTTGCA-1,7315,17330,1.00959796993511,-0.4407811468497151,-0.5243687986888468,True,False,interface,0.010891004909367842
TGTGTGACCATGAATC-1,12034,21197,-0.3871738088548784,-0.4407811468497151,-0.3382791896725605,False,False,other,0.0005958590176394009
TGTGTTCGTATCCAAG-1,8689,19034,1.1071239115823457,-0.2513075877902674,0.7144837297022032,True,False,interface,0.288344022976125
TGTTATTGTATGTGGC-1,11276,11677,-0.5713991140445615,-0.3212366409240308,-0.6472068713799529,False,False,other,0.001242803021082649
TGTTCATAAATGTGCT-1,7699,20504,-0.1565028314037493,0.6234611096636719,0.0967439540290482,False,True,interface,0.291427315096791
TGTTCCGCTTCCATGA-1,9683,16431,-0.5589899967821637,0.0669677585154927,0.9423145022874369,False,False,interface,0.042616978058483156
TGTTCGTATTGCGGTG-1,12252,14513,0.0373211759849401,-0.4407811468497151,-0.6709734548166898,False,False,interface,0.011503481630448044
TGTTCTCTACTCCCTA-1,5177,7465,-0.6862458658027714,-0.2420503064696391,-1.0734350239031232,False,False,other,0.0009874606421747972
TGTTCTTCCATTGACT-1,9092,16542,0.6685491019372655,-0.2420503064696391,-0.7994770903236613,True,False,interface,0.028473063360301556
TGTTGCCGTCGTCCCA-1,11683,7599,-0.7717845380201948,-0.1258002171104929,-0.4997478223170826,False,False,other,0.001801646231998118
TGTTGTCAAGAAGTCT-1,7331,12118,1.4305503133210775,0.901034856561947,0.9192748021269388,True,True,interface,0.29702631199800505
TGTTTAATACTTCATC-1,4372,12675,1.0780396244243915,0.5059877131015763,1.1748650005968533,True,True,interface,0.04144670372810837
TGTTTCGGTACTTCTC-1,6139,15060,0.8179099151434449,-0.4407811468497151,-0.8238142996836041,True,False,interface,0.318664163528438
TGTTTGAGATCGTCAG-1,12272,8394,-0.4665520283893837,-0.4407811468497151,-0.956384347243648,False,False,other,0.008424195360363365
TTAAACCGGTAGCGAC-1,4166,15507,-0.0058012643364236,1.8132583489612992,1.3605846413191467,False,True,interface,0.043433230720055824
TTAAACCTGGTTCCTT-1,7701,20050,-0.1830558749251606,3.4595616205523174,0.4970473997586495,False,True,interface,1.169725886765452
TTAAACTCGAATTCAT-1,8716,10649,0.6595899246070621,-0.0618539390231956,-0.4032606353496324,True,False,interface,0.02712512121642888
TTAACACCTCGAACAT-1,7310,18916,0.3253472299592263,0.3400792275091924,1.9253163264479456,False,True,interface,0.012935412691478299
TTAACCAACCCTCCCT-1,6336,15174,-0.3127091351752448,1.3237722427034166,0.4084439725094844,False,True,interface,0.2836268363468393
TTAACGAACAAGCAGT-1,6948,8491,-0.5184511827855415,0.1405836201701105,-0.6666678256412363,False,False,other,0.0030622877746358103
TTAACGTCGCAAGACC-1,4561,15282,0.1074320521701025,0.7907561047780548,0.0323650984177021,False,True,interface,0.06971465363118506
TTAACGTTAAAGCCTG-1,9669,20963,0.2925335350168822,2.0081814664601065,1.5909230636097724,False,True,interface,0.31272103430819864
TTAACTCACGCGTGGA-1,7307,19823,-0.5222974010390817,1.1291602090634765,0.5280440182145957,False,True,interface,0.8916046953149542
TTAACTTCAGGTAGGA-1,11649,18477,0.2121790744772862,0.5567246956757894,1.3119772931992124,False,True,other,0.09429647487980393
TTAAGATAGGATTGAC-1,11084,9977,-0.2728974559880011,-0.1225058005439548,-0.009022028455693,False,False,interface,0.007531409397157096
TTAAGCCGACAACTTC-1,5161,12677,0.6437129185011179,-0.1120285065763117,-0.2026803784363539,True,False,tumor_core,0.011115488286196212
TTAAGCGCCTGACCCA-1,8500,16427,0.6395158367091397,0.7803231581050546,0.6690992230281315,True,True,interface,0.24160135709379002
TTAAGGCCCGTACTTT-1,14211,18598,0.4851617202336332,-0.4407811468497151,-0.0530807233747948,False,False,interface,0.09688749569288498
TTAATCAGTACGTCAG-1,6146,12794,-0.5058395831412085,0.7550100339954571,1.291246434213586,False,True,interface,0.10941259125191842
TTAATGTAGACCAGGT-1,8509,13708,0.0479855516833167,-0.3212366409240308,-0.6568994632255496,False,False,other,0.01997196739566508
TTAATGTGTTTGCAGG-1,4938,20722,-0.7844768224848029,-0.3212366409240308,0.2498724529392127,False,False,other,0.026873256593626743
TTAATTTCAGACGCGG-1,5946,13586,-0.3846926369119782,0.6086922252013067,0.5815266440091819,False,True,interface,0.34041479125632274
TTACAACTACGCATCC-1,7320,15517,0.1788101735642432,0.5342815033866105,2.0357546044236297,False,True,interface,0.06970264863520023
TTACAGACCTAAATGA-1,7730,10533,-0.8372824060834307,-0.4407811468497151,-0.2234784873102852,False,False,other,0.008540749338966107
TTACATCGTGGCCTGG-1,6526,17327,0.9650084598587688,0.4049776801095244,0.1111885620358898,True,True,interface,0.01624470747960989
TTACATGCCACAACTA-1,10690,9749,-0.9225207516544064,-0.0525767474101915,0.4845438720518888,False,False,other,0.007413888654657227
TTACCATTGATTACCC-1,9283,18242,0.6251255026510849,-0.2420503064696391,-0.624627878620415,True,False,tumor_core,0.0044432398389572
TTACCCATTGCCGGGT-1,5952,11774,-0.580572015740785,-0.16320739995144,0.801485377409367,False,False,other,0.006505844336233341
TTACCCTAACAGTCCT-1,7310,18690,0.0172417975458174,0.0774450524831358,1.4217142715144422,False,False,other,0.015618316800028892
TTACCCTAGGGATTGG-1,14420,14859,0.5569357063503401,0.720409593027909,-0.1864975731853367,True,True,interface,0.06615206252274837
TTACCGCCTTAGGGAA-1,4746,19021,1.1877443656851956,-0.2513075877902674,-0.5800066454624,True,False,other,0.050393653225076905
TTACGGATGGTTCGAG-1,9109,10877,-0.1982968500228609,-0.3212366409240308,-0.1192516649946603,False,False,other,0.011895307921298065
TTACTAAAGGACTTTA-1,12061,12586,0.4458889847239206,-0.4407811468497151,-0.8434623361555372,False,False,other,0.005619267280951099
TTACTATCGGCTTCTC-1,9279,19602,-0.1267238597168368,2.405685183867147,1.017687681938424,False,True,interface,0.7477044612559592
TTACTCCGGCCGGGAA-1,9301,12577,-0.221450385833771,-0.1258002171104929,-0.0314160849597949,False,False,other,0.003613550906491202
TTACTCTGGTACGTAC-1,11059,17908,0.6892368214269998,0.1939489294532258,0.3075228305784234,True,True,interface,0.027083904987355755
TTACTGGGATATTTCA-1,11264,15303,0.4741975237822751,-0.4407811468497151,-0.755213244346063,False,False,interface,0.0027437175930240918
TTACTGTCTAGAGCTC-1,6357,8376,-0.831613052943216,-0.3212366409240308,-0.2560012283809431,False,False,other,0.000676116345391994
TTAGAAGAACATGACT-1,12845,14175,0.7407526350318365,-0.2513075877902674,-0.572400219777058,True,False,interface,0.0335782297114557
TTAGAATAAGGGTCGG-1,14613,16333,1.0772953072479967,0.3085863242207555,1.2637942508169395,True,True,interface,0.0505350501955132
TTAGACACGATCGTTG-1,5755,11660,-0.7836598271152008,0.9876194330278262,0.9785158597132656,False,True,immune_core,0.019731280068747598
TTAGACGAGTCACCTC-1,12062,12359,-0.1199874759064319,0.0355234404286359,0.508291995504256,False,False,other,0.014823664748321847
TTAGAGGGATATACAG-1,12428,21425,0.8289884470531217,0.0959776290101926,1.013016593128688,True,False,tumor_core,0.0028876781539687478
TTAGAGTTTAGAAGGA-1,11670,11678,-0.0314571006421277,-0.4407811468497151,-1.021639274350146,False,False,other,0.00016147158379261825
TTAGATAGGTCGATAC-1,5141,19023,-0.5577583113781304,-0.2016921349983465,0.5397487283898561,False,False,other,0.005936387579381783
TTAGCAACATGGATGT-1,6523,18234,0.3601124887654681,0.1550679463543202,0.8007230421754661,False,True,interface,0.0042154219842583185
TTAGCTAATACGATCT-1,6942,10304,-0.7254559725890241,-0.3212366409240308,-1.0734350239031232,False,False,other,0.0021892348878669115
TTAGCTCTGTAATCCG-1,8687,19714,-0.5036309884251491,0.4577017118089105,-0.2717469580789681,False,True,immune_core,0.027650291646613517
TTAGCTGATTTGCCGT-1,10095,10767,-0.7721676155313165,0.0833182769119773,0.3307218948315752,False,False,other,0.0032479477337586573
TTAGGATGGGAGGGTA-1,11882,7033,-1.1755652540679065,-0.4407811468497151,-1.0734350239031232,False,False,other,0.005641360575784208
TTAGGTCATAACCGAC-1,14019,17124,1.418320816847169,-0.0029612946182705,-0.5750364052996646,True,False,interface,0.07124284662435397
TTAGTAGGGCGGCGGG-1,9283,18469,0.9001338524474954,-0.1225058005439548,-0.6012181044314644,True,False,interface,0.056081122062097276
TTAGTTATTCGTGGCA-1,11869,11112,-0.5540065206126082,-0.4407811468497151,-1.16198044260795,False,False,other,0.0007191523452046723
TTAGTTCAAGTGTTCG-1,6947,8717,-0.8772257697304617,-0.4407811468497151,-0.9848896051982966,False,False,other,0.018568709004249492
TTATAGGTAATTGTCT-1,14623,13160,0.0023819827016709,0.1207254597529244,0.1010812101106573,False,False,interface,0.016196479898807882
TTATATACGCTGTCAC-1,10088,13033,-0.3270769139287549,0.0576905669024885,-0.676599442604355,False,False,other,0.0013641464356024735
TTATATTTGGCAATCC-1,7719,14158,-0.0777896539603315,-0.0525767474101915,-0.544524248745392,False,False,other,0.015282133980182869
TTATCCAATCGAACTC-1,5145,17663,-0.7294963993885423,0.0867023338037641,0.1492663509272077,False,False,other,0.04359437453742962
TTATCCGGGATCTATA-1,12656,11568,-0.3108610102957329,-0.4407811468497151,-1.0734350239031232,False,False,other,0.0008149181969362575
TTATCCTCAAGGAATA-1,12829,19387,-0.196362768477976,-0.2513075877902674,1.1003471191056566,False,False,other,5.9552557379212915e-05
TTATCGCCTGCGAAGC-1,7899,19485,0.7428342782529631,0.2471641259619362,1.1863386868676475,True,True,interface,0.2565362166029646
TTATCTGACATTAGGA-1,11642,20516,-0.3035268772027183,-0.4407811468497151,-0.5417311028828676,False,False,other,0.0004441244393241668
TTATCTGTATCATAAC-1,6929,14609,-0.2657497069319831,-0.2016921349983465,0.7810145944499428,False,False,interface,0.005363354373840469
TTATGAATGAAAGGGA-1,10676,14281,0.6640406519599286,-0.0500471935562973,-0.7817743526627827,True,False,tumor_core,0.007791440060464373
TTATGACAAACTGGAT-1,7906,17445,-0.6812307664715426,-0.2016921349983465,0.5850881556863549,False,False,other,0.11160116144643063
TTATGATCTTAACGAA-1,10091,12126,-0.3794982923215425,-0.4407811468497151,-0.3275298496651316,False,False,other,0.0029484083130994084
TTATGTTTGCGATAGA-1,7703,19144,-0.3364896938859247,-0.1317630818645832,1.3244876952841922,False,False,interface,0.07892665344218878
TTATTAGAGCGTGTTC-1,11664,13491,0.6165435344697634,-0.2016921349983465,-0.7178499103297202,True,False,tumor_core,0.0023824499507693452
TTATTAGGGAAGCATC-1,5548,14718,0.92686451334868,-0.1317630818645832,0.1807106142037679,True,False,interface,0.009200898679464537
TTATTATCTGGAAGGC-1,13457,7718,-0.0643000916215104,-0.4407811468497151,-0.8128359649588713,False,False,other,0.010448827531538049
TTCAAAGTCTCTAGCC-1,9497,12918,0.170767219472025,-0.3212366409240308,0.4895491905576469,False,False,other,0.023945141182431965
TTCAACGACCCGACCG-1,6530,15968,0.4371187411780563,0.3193684718480697,0.7325995447222065,False,True,immune_core,0.05534778369256926
TTCAAGCCGAGCTGAG-1,5160,12904,0.5325030751627952,0.0355234404286359,-0.7257968454584428,True,False,interface,0.005026270245135828
TTCAATACTCTGAATC-1,10093,11673,-0.4737716417998934,0.4144506482551554,0.4394579844958621,False,True,immune_core,0.0330317740971651
TTCAATTAGCCATAAT-1,3978,12674,-0.4365191407439775,0.1832178478746389,0.8062221413156114,False,True,interface,0.0765855811263636
TTCACGAAAGGATCAC-1,10081,15299,-0.1228542897426362,0.1715057371640468,1.100200745188432,False,True,immune_core,0.00866510525233242
TTCACTCGAGCACCTA-1,13438,13610,0.0273864725299662,-0.2420503064696391,-0.6207702233378193,False,False,other,0.013658010906577839
TTCAGCCCTGGTCCAC-1,11867,11792,-0.6055317927112613,-0.3212366409240308,-1.031395076882302,False,False,other,0.00109305867852099
TTCAGCTGGCGTGCCC-1,13447,10664,0.2319979626109807,-0.3212366409240308,0.1994759608873718,False,False,other,0.011380698635355147
TTCAGGCGTCAAAGCC-1,10462,19606,-1.021265036717406,-0.2513075877902674,1.4815382491126194,False,False,other,0.06730077134337566
TTCAGTTTGTGGCAGC-1,7896,20618,0.2213065884407233,0.9310219916676468,-0.1026227645745,False,True,interface,0.028553470272913457
TTCATAGGGTGTCCAT-1,5726,20951,0.9329438073786273,-0.1317630818645832,-0.1615527159552451,True,False,interface,0.2254612516835292
TTCATGGCGCAACAGG-1,6343,12908,0.991654997258497,0.2820491172920533,0.8352669665218856,True,True,immune_core,0.19940707287689308
TTCCAATCAGAGCTAG-1,7138,10644,-1.1892992653054473,-0.4407811468497151,-0.9123597183884308,False,False,other,0.0006778449136620007
TTCCAATCTGGCTATC-1,12050,16212,0.1342242677358982,-0.1942554699862977,0.6666275397624064,False,False,interface,0.006341646137232469
TTCCACACAGATTTGA-1,12444,16213,0.0568287820095922,0.0355234404286359,0.9091528037584096,False,False,interface,0.0094631422954886
TTCCAGACGAGATTTA-1,10299,8841,-0.9531244088634486,-0.4407811468497151,-0.964155467941408,False,False,other,0.0034858449146245355
TTCCATCATGCGGTGA-1,5168,10185,0.3494437644849659,-0.4407811468497151,-0.4944936729374214,False,False,other,0.02710848421075936
TTCCATCGACAGCGTG-1,14635,9308,-0.7986050185723859,-0.4407811468497151,-0.964155467941408,False,False,other,0.00028938693346393195
TTCCCGGCGCCAATAG-1,11644,20063,-0.6706222608392843,0.0959776290101926,-0.4316565612630815,False,False,other,0.023146405060180078
TTCCGCAGAGAAATAT-1,6746,9963,-1.3869002244974975,-0.4407811468497151,-1.16198044260795,False,False,other,0.0025318068781377333
TTCCGCGTGAGGCGAT-1,11662,14171,-0.0614599271952813,-0.3212366409240308,0.3884175765254624,False,False,other,0.004633727099786502
TTCCGGCCTTGAGGCT-1,13232,16442,0.1042769429436246,-0.0767692746117092,-0.226838985546128,False,False,interface,0.018923937365305916
TTCCGGCTCGACTTCT-1,4975,8938,-0.6493579395064817,-0.4407811468497151,-1.16198044260795,False,False,other,0.0003493361096656713
TTCCGGTATCTGTGTC-1,10694,8389,-0.2561703143731137,-0.4407811468497151,-1.0527008866462346,False,False,other,0.03758888892025187
TTCCGGTTACCCACTT-1,11473,11564,0.0390608448053465,-0.4407811468497151,-1.16198044260795,False,False,other,0.0005946346130550716
TTCCTCGAGGGTGTCT-1,6728,15855,-0.3598640868963704,-0.16320739995144,0.5679743239658611,False,False,other,0.02157297975768782
TTCCTCGGACTAACCA-1,12458,11681,-0.0975686681455257,-0.4407811468497151,-1.16198044260795,False,False,other,0.0008815215127092033
TTCCTCTGCCCGAATA-1,9476,19716,-0.1818464346551874,0.7525133899649937,1.1135954314617968,False,True,interface,0.1966269708576247
TTCCTTTCTGTGTTGC-1,4748,18568,-0.4618526940273636,-0.2513075877902674,-0.1114620211734401,False,False,other,0.009979234665356555
TTCGACAGAGCCCGTG-1,12846,13721,0.2792265604734467,-0.0235668769154916,-0.9221155209205866,False,False,interface,0.01164277994922504
TTCGACGGGAAGGGCG-1,7318,16423,0.1001776622893523,0.6712115988523705,0.2625693536416103,False,True,interface,0.061454726094320324
TTCGCACTCGCGTGCT-1,7515,16311,0.5009950670302016,1.1510507346134569,-0.3884735323696766,False,True,immune_core,0.07755442396795831
TTCGCACTGTACGACA-1,14618,14747,2.2715285142727852,0.4297435247380564,0.7727064892944432,True,True,interface,0.6832852928249424
TTCGCCGCTCGCGCTA-1,13811,20410,-0.3105633909463323,-0.4407811468497151,-0.308470102532401,False,False,interface,0.08451151691556243
TTCGCGCGCCATACGA-1,14219,16105,0.7559724233038876,0.8352565246948581,0.1293712679091054,True,True,interface,0.056231645225753225
TTCGCTAGGAAGTTGT-1,10695,8162,-0.8028157253053545,-0.1942554699862977,-0.2553855136401774,False,False,other,0.021334381530530504
TTCGCTATCTGACGTG-1,6549,10076,-1.056687913194992,-0.4407811468497151,-1.0734350239031232,False,False,other,0.0018968839118034856
TTCGGACTGATGCCTT-1,3985,10181,0.1959646936170651,-0.3212366409240308,-0.5167543189447871,False,False,other,0.0003119698960976078
TTCGGCAACCCGCTGA-1,5756,11433,-1.23601090824774,0.1270605052750567,0.7468647630413037,False,False,other,0.014560945832677724
TTCGGCTAGAGATGGT-1,6128,18686,-0.5138060585149061,0.1659066821439559,1.2406752189012702,False,True,immune_core,0.009769824008971861
TTCGGGACTAATCGCG-1,9693,13258,-0.4334283979624449,-0.4407811468497151,0.0715473573400438,False,False,other,0.020045450059340268
TTCGGGCGCTAGTCTT-1,13427,17236,-0.2507869383504172,0.0355234404286359,0.1819420146290645,False,False,interface,0.05406145959011363
TTCGGTGGAGACGCCC-1,11879,7713,-1.0465149696490932,-0.1225058005439548,-0.4869742309639521,False,False,other,0.0020635776507465617
TTCGTAATCCCAGCGG-1,4967,11657,-0.0718504214053447,-0.2513075877902674,1.1646897058706638,False,False,other,0.0028024028941927934
TTCGTACTCCAGAACG-1,8298,18126,1.4822913217961389,-0.3212366409240308,0.7395391009415747,True,False,interface,0.16683968135504681
TTCGTTCAACGAAGTT-1,7142,9511,-0.3850185466080914,-0.4407811468497151,-0.7128769704298895,False,False,other,0.0003001877891334523
TTCTAACCGAAGCTTA-1,9305,11217,-0.8541072391147813,-0.3212366409240308,-0.0699049692397009,False,False,other,0.029809587452681446
TTCTACTTGCGAGGGC-1,6919,17782,1.219512580392585,-0.2420503064696391,0.0200254175391734,True,False,interface,0.007052350401061117
TTCTAGAAAGTCTTAT-1,14416,16219,1.559420082553986,0.8680346202722993,0.9254210373925909,True,True,interface,0.12989933803922082
TTCTAGGCCAATTGTG-1,6923,16422,0.826603744192634,0.3926797698333018,0.6148931613283594,True,True,interface,0.031644311421751316
TTCTATGCCTTTCGCA-1,8331,7702,-0.1814657591966181,-0.4407811468497151,-1.0734350239031232,False,False,other,0.00038149190873728217
TTCTGACCGGGCTCAA-1,12852,11908,-1.0063351164660137,-0.4407811468497151,-1.031395076882302,False,False,other,0.008193849417345384
TTCTGCCGCGCCTAGA-1,12255,13606,0.6108460420103249,-0.3212366409240308,-0.950796593306198,True,False,interface,0.0003716539263681981
TTCTGCGAGCGCCCTT-1,9082,19488,-0.3918270401634195,0.8031097241384696,1.8322714678647725,False,True,interface,0.4414719558242073
TTCTGCGGGTTAGCGG-1,10485,12354,-0.0037235134184345,-0.2513075877902674,-0.7249944618855543,False,False,interface,0.0006977563747528813
TTCTGCTAGACTCCAA-1,8128,9401,-0.2930197468509387,1.0667468978241808,-0.1222416172141539,False,True,immune_core,0.04371362632475708
TTCTGTTTCCTGTCGC-1,6518,20047,1.7765494049143982,-0.3212366409240308,-0.3406178156134448,True,False,interface,0.2313768255204337
TTCTTAGTGAACGGTG-1,6131,17553,0.3898500438793871,-0.1225058005439548,-0.2611720995433084,False,False,interface,0.02077489804767559
TTCTTAGTGGCTCAGA-1,5943,14493,0.5851045534729515,-0.4407811468497151,-0.0257150184021857,True,False,tumor_core,0.08630406063569636
TTCTTATCCGCTGGGT-1,12267,9980,-0.4452188787532432,0.1127042844477383,0.2858696016117124,False,False,other,0.014787642768056318
TTCTTGAGCCGCGCTA-1,11851,16778,-0.122571797683396,-0.3212366409240308,-0.1181125082637283,False,False,other,0.0018428738547474103
TTCTTGCTAGCATCTC-1,10495,8955,-0.8095060034119939,-0.4407811468497151,-0.5174934528668975,False,False,other,0.008881084190688447
TTCTTGGACGATCTGC-1,12834,17800,0.7970094540989525,-0.4407811468497151,-0.6243315517250628,True,False,interface,0.04398686150555466
TTCTTGGAGTAATGAG-1,6738,12456,-0.7026422682263692,-0.1258002171104929,-0.080953383366547,False,False,other,0.008133183203474007
TTCTTGTAACCTAATG-1,7117,17443,0.6321887600309928,0.1809417916414031,-0.5763641903360048,True,True,tumor_core,0.007450416275637574
TTCTTGTGTCCATCAG-1,8488,20506,-1.0449417388149027,0.0833182769119773,0.974303674269376,False,False,other,2.0070148448417346
TTCTTTGGTCGCGACG-1,7339,9625,-0.5535617343034228,-0.3212366409240308,-0.9123597183884308,False,False,other,0.0008525153502647468
TTGAAAGGTGTAAAGG-1,5170,9732,0.3622644027823174,-0.0029612946182705,-0.7128769704298895,False,False,other,0.007004520776216084
TTGAACGAATCCTTTG-1,6324,19026,0.7206860132461008,0.5388100678892683,0.7359093389619448,True,True,immune_core,0.03298837943694105
TTGAACGACGTGCTGA-1,14431,11460,0.28747149104329,-0.2513075877902674,0.5764053096802214,False,False,other,0.016705590093895665
TTGAAGAATTCCCAGG-1,8897,15748,-0.4126196968769143,-0.2016921349983465,1.1160923969590066,False,False,interface,0.0010786863616566982
TTGAATATGGACTTTC-1,9300,12804,-0.2857493214499105,-0.4407811468497151,-0.6072398695945693,False,False,other,0.0033931010831620805
TTGAATCGTTGTATAA-1,12037,20291,-0.4317150563722164,-0.4407811468497151,-0.566408745709668,False,False,other,0.004744859451005028
TTGAATTCACGTGAGG-1,10294,10427,-0.8995017358100202,0.1517735297877821,0.4024186125779515,False,True,immune_core,0.008387974501930509
TTGACAGGAGCTCCCG-1,11872,10206,-0.3354880519460564,-0.4407811468497151,-0.285593205845926,False,False,other,0.0030928974454793074
TTGACATGAACGTGGA-1,11256,17795,0.2930695154780454,-0.4407811468497151,-0.77759259501142,False,False,interface,0.018173961600073313
TTGACCATGTTCTCCG-1,7330,12571,-0.7344414740741075,-0.1225058005439548,0.3449413558261777,False,False,other,0.008399465840045051
TTGACCGTGTTAATGA-1,12440,17573,-0.0921904033315631,-0.2513075877902674,0.8013523078637779,False,False,interface,0.00630214226484935
TTGACGATTCAGCACG-1,4363,15621,-0.3919121054688226,1.6081574873165565,1.3180455746227968,False,True,interface,0.22445716737830693
TTGACGCTCCATGAGC-1,10689,9975,-0.5935831617396923,0.3114351248278144,0.1846188275867199,False,True,immune_core,0.0031315150981694392
TTGACTACCATATGGT-1,11062,16775,0.5799047908717652,-0.0747109640606134,0.0795520508757346,True,False,interface,0.009012882323862484
TTGACTATTGTCCGGC-1,11676,9639,-0.7557446861535393,-0.2016921349983465,0.6585226348382266,False,False,other,0.0036338613689746832
TTGAGAAGTTTAGCAT-1,13445,11570,-0.200988868896015,-0.2016921349983465,0.4851724680135187,False,False,interface,0.029515883138465246
TTGAGAGTACTGCTAA-1,11258,17116,0.7780861737251821,-0.2420503064696391,-0.1276574883617022,True,False,interface,0.006865817025733496
TTGAGCAGCCCACGGT-1,11286,8278,-0.4380076995718936,-0.1120285065763117,-0.9123597183884308,False,False,other,0.04016433931823165
TTGAGCGCCACGTGAT-1,10104,8047,-1.0900985622265889,-0.4407811468497151,-1.16198044260795,False,False,other,0.0025659988885005243
TTGAGGCATTTAACTC-1,3983,11087,0.1080795826981785,1.1668233649383626,-0.5036384199391923,False,True,interface,0.00891409193460538
TTGAGTCCCGCTGCTG-1,10301,7935,-1.214663243603313,-0.4407811468497151,-0.8025084899196716,False,False,other,0.0055652381259482485
TTGATAGTCAATACAT-1,7934,8380,-0.8198682615492209,0.0448335418650708,-0.0766039605990111,False,False,other,0.0006053710674960478
TTGATCTAACTTTGTC-1,8304,16087,-0.0560704701522622,-0.16320739995144,0.1302636752257812,False,False,other,0.013545095527056628
TTGATGTGTAGTCCCG-1,7334,11211,-1.219637357569842,-0.4407811468497151,-0.8990008437532209,False,False,other,0.010309012669316081
TTGATTAGCTGTTTCT-1,12046,17571,0.5554657412913625,-0.4407811468497151,-0.8070089938990402,True,False,tumor_core,0.00555132173730894
TTGATTATGCAGATGA-1,7905,17672,-0.1816515802170463,0.6829128688297922,1.1962525330186586,False,True,immune_core,0.001593084882695093
TTGCACAATTCAGAAA-1,11068,14962,1.0875865247221068,-0.4407811468497151,-0.8323691041929149,True,False,interface,0.007849670471250838
TTGCACGGAGCAGCAC-1,6731,14722,-0.1547199177098402,0.3134934353789101,1.4349611665138728,False,True,interface,0.14195152333140307
TTGCATGCTGATCACG-1,10666,17454,-0.6590407500380572,0.6515213708587421,0.5052593855644882,False,True,interface,0.11233934762721516
TTGCCAAGCAGAACCC-1,11285,8504,-0.4263721752063042,3.0634732767290904,0.3259987324901607,False,True,immune_core,1.4436165782799215
TTGCCATAGCCCGCTC-1,13225,18708,0.6786751952695352,0.0522702068771196,0.2200696066429752,True,False,tumor_core,0.006331248930120274
TTGCCCTGATCACGGG-1,9680,17564,1.5345910042698612,-0.2016921349983465,0.2998238965933126,True,False,interface,0.04902957656957108
TTGCCGGTGATCCCTC-1,4773,10410,-0.7587199116931568,-0.0525767474101915,0.7121435781104009,False,False,other,0.017774094646952825
TTGCGCTCTCTCGCTT-1,6909,20954,0.9938973757012703,1.0766177451863594,0.3898195353612526,True,True,interface,0.0490350758357217
TTGCGGCATCAGAAAG-1,13035,16328,-0.172317702617317,-0.4407811468497151,-0.2597001928335665,False,False,interface,0.049288586178929235
TTGCGTAGTTTGAGGA-1,7506,19257,-0.1289132571119774,-0.1225058005439548,0.5302991068485183,False,False,interface,0.04230211228229419
TTGCGTCGGCCAACCG-1,12640,16780,0.3964297883367081,-0.2513075877902674,-0.8202112275805499,False,False,interface,0.0028060886331727603
TTGCGTGAACGCTTAG-1,5364,10525,1.1720207358707095,-0.0029612946182705,0.0507837135251998,True,False,interface,0.1308384690903516
TTGCTCCCATACCGGA-1,6933,13250,1.1454449775541506,-0.00478191092685,0.596884189622414,True,False,interface,0.13369134989209905
TTGCTGAAGGAACCAC-1,6336,14947,-0.5005760362222287,-0.16320739995144,1.0067358520756822,False,False,interface,0.3933680078795539
TTGCTGATCATGTTCG-1,9097,14956,-0.4647590883693663,0.1939489294532258,-0.9009461425642754,False,True,interface,0.04528547568586704
TTGCTGCACCTATCCA-1,6915,19142,-0.7099841506426904,0.7420360959973505,1.2373320373873482,False,True,immune_core,0.07227857485314691
TTGCTGGCCGGGCTTC-1,4175,12561,0.2815500989593912,-0.0525767474101915,1.0817314641195146,False,False,interface,0.06084419314808477
TTGGAAGAATACAGTC-1,12436,18706,0.3741516767304182,-0.4407811468497151,-0.2192517862523226,False,False,other,0.006776528537324712
TTGGACATGTGGCTTA-1,10664,18133,-1.091515223244937,0.0355234404286359,0.8586548673902344,False,False,other,0.01726911384970101
TTGGACCATCTGGCAA-1,12662,9528,-0.1560866224784618,-0.4407811468497151,-0.446020549464974,False,False,other,0.024355431712012238
TTGGACCTATAACAGT-1,13641,11684,-0.0092088421194134,0.1751639634645842,0.2751613433100588,False,True,other,0.014902459913624141
TTGGAGTCTCCCTTCT-1,4163,16414,-1.0152126060660691,1.0318284274264145,0.1827316430223476,False,True,interface,0.027925924568036498
TTGGATATCGTCTACG-1,12052,15532,0.1123259263918118,0.4910723775130626,1.153770158760267,False,True,interface,0.013223179529642802
TTGGATCGACTTCTGG-1,4563,14602,-0.0177300536186854,-0.2513075877902674,0.8159640145734378,False,False,interface,0.2914791911426008
TTGGATTGGGTACCAC-1,5941,15173,0.8626432151235199,0.2761758928632118,-0.616559281854177,True,True,interface,0.11260226560797389
TTGGCCATCTTGCGCT-1,5929,19025,0.0342429369940093,-0.4407811468497151,-0.619504895500655,False,False,other,0.02393721039999562
TTGGCCTAGAATTTCG-1,5754,12113,-0.6993206326307729,-0.2513075877902674,0.903495582004136,False,False,other,0.10117086210951302
TTGGCGATCCGAATAT-1,9514,7706,-0.4624390947136384,-0.0581472202099654,-0.9428496581774752,False,False,other,0.013443383273652985
TTGGCTCGCATGAGAC-1,7118,17216,0.5860441232631112,-0.0062557111848086,-0.0226491649028482,True,False,interface,0.016469412944628906
TTGGGACACTGCCCGC-1,8115,13480,0.5151878239337949,-0.4407811468497151,-0.4286836795874184,True,False,tumor_core,0.019524524918845057
TTGGGACGTAAGAGTT-1,12664,9075,-0.3994789162758637,-0.0747109640606134,-0.5232952577874224,False,False,other,0.002796536732290305
TTGGGCGGCGGTTGCC-1,8512,12801,-0.7130145590352494,0.1344971702871056,-0.9428496581774752,False,False,other,0.03289672348667453
TTGGGTTTATTCAGCG-1,5572,7240,-0.6185216038857532,-0.3212366409240308,-1.021639274350146,False,False,other,0.005365270701368882
TTGGTATGGCTTGTGT-1,9118,8158,-1.0449417388149027,-0.2420503064696391,-1.0412873108220793,False,False,other,0.0017455728817692667
TTGGTCACACTCGTAA-1,12051,15985,1.13752277701237,-0.3212366409240308,-0.0276401332847511,True,False,other,0.00733020299988641
TTGGTTCGCTCAAAGG-1,10304,7255,-1.018244177468572,-0.2420503064696391,-0.6909924751176482,False,False,other,0.0007039232665822798
TTGGTTGCGGTGCGCG-1,13028,18821,0.081067308265998,-0.0747109640606134,0.200925148284225,False,False,other,0.007588099198386108
TTGTAAGGACCTAAGT-1,11651,17797,0.3762447180106038,0.8456816673535238,-0.8221565263916047,False,True,interface,0.05644337403968178
TTGTAAGGCCAGTTGG-1,7922,12233,-0.8250022745385435,0.8389632435080884,1.0359567441031143,False,True,immune_core,0.3041759470854805
TTGTAATCCGTACTCG-1,9490,15184,0.7124046872556435,-0.3212366409240308,-0.7897212877915053,True,False,interface,0.011851217572279152
TTGTACACCTCGAACA-1,12625,21312,0.6741856012809025,-0.2513075877902674,0.1193010351833103,True,False,tumor_core,0.0032378121721930997
TTGTATCACACAGAAT-1,4962,13017,-0.2990268737527303,-0.3212366409240308,-0.7489115226258087,False,False,other,0.03711190960957931
TTGTCACCGCGGTATC-1,13021,20860,-0.3092663091951947,-0.2513075877902674,-0.0299323366068385,False,False,other,0.005236728497180887
TTGTCGTTCAGTTACC-1,6928,14836,0.2150401082183451,0.5158240194757756,1.2219264355290864,False,True,immune_core,0.017261401434858187
TTGTGAACCTAATCCG-1,13643,11231,0.2261814686377737,-0.0747109640606134,-0.5528439721080696,False,False,other,0.00867503712668374
TTGTGAGGCATGACGC-1,11052,19948,-0.5560713287128675,-0.2513075877902674,-0.4568156102860457,False,False,other,0.011230294805542045
TTGTGCAGCCACGTCA-1,14426,13046,0.1137792658900527,-0.0747109640606134,-0.3776946750022368,False,False,interface,0.011326580044656167
TTGTGCGGAAGCGGAT-1,14400,21205,0.5506903950608747,-0.4407811468497151,-1.021639274350146,True,False,tumor_core,0.0024784798604282625
TTGTGGCCCTGACAGT-1,6140,14607,0.4439853428354052,0.0774450524831358,0.5002417645212546,False,False,other,0.029783385670431428
TTGTGGTAGGAGGGAT-1,12438,18252,0.1453786969946568,-0.3212366409240308,0.2995141367749704,False,False,other,0.01627538942307062
TTGTGGTATAGGTATG-1,7347,7132,-1.0988666548049832,-0.4407811468497151,-0.7430845515659776,False,False,other,0.0007962306732023023
TTGTGTATGCCACCAA-1,13632,14630,0.7604152029815799,-0.1317630818645832,0.5459401565459834,True,False,interface,0.012266648241202995
TTGTGTTTCCCGAAAG-1,12646,14740,1.2372741696559888,-0.2513075877902674,0.0963387542534425,True,False,interface,0.09213616689203198
TTGTTAGCAAATTCGA-1,6923,16649,1.4913804312395684,-0.00478191092685,0.4740805997134703,True,False,interface,0.031647102886914934
TTGTTCAGTGTGCTAC-1,7325,14157,0.746869116783935,0.1207254597529244,0.305731051521825,True,False,tumor_core,0.023893293097483576
TTGTTCTAGATACGCT-1,6712,21067,0.7931417817958549,1.3885146486392497,-0.0261652501941794,True,True,interface,0.1189297224881046
TTGTTGTGTGTCAAGA-1,8709,12689,0.0112070562755481,0.0355234404286359,-0.5824674191352042,False,False,other,0.018345386599047272
TTGTTTCACATCCAGG-1,14020,16671,0.3949491927160244,-0.1225058005439548,0.689324763937275,False,False,interface,0.04505497813337111
TTGTTTCATTAGTCTA-1,14410,18032,-0.7311453766344119,-0.3212366409240308,-0.6970573221218752,False,False,interface,0.039015559383284985
TTGTTTCCATACAACT-1,11452,18363,-0.0744993396399193,-0.0525767474101915,0.7834714982098395,False,False,interface,0.06427904738247961
