spot,x,y,tumor_score,immune_score,stroma_score,is_tumor,is_immune,region,coexact_energy
AAACAACGAATAGTTC-1,3507,16469,0.6246721552808726,0.5795864655438823,0.5090623576040912,True,True,interface,0.017731236575481868
AAACAATCTACTAGCA-1,4109,13412,1.569143243333812,1.36857295343508,0.5607929694352264,True,True,interface,0.22397036820322627
AAACACCAATAACTGC-1,15138,16171,0.5036190777398911,-0.2791455895501271,0.6310222741437911,True,False,interface,0.02374683540093576
AAACAGAGCGACTCCT-1,6298,7643,-0.3999155541609985,0.0414970752462367,-0.3982404344611146,False,False,interface,0.012328788280347376
AAACAGCTTTCAGAAG-1,11980,17292,-0.1953874352465061,0.0622130289938608,-0.4866336661106091,False,False,other,0.0014391019120717713
AAACAGGGTCTATATT-1,12770,16842,0.2904251967734262,-0.2791455895501271,0.4537425488437513,False,False,interface,0.009009633424387613
AAACATGGTGAGAGGA-1,15721,18325,0.2122944596255392,-0.2791455895501271,0.5215929889787287,False,False,other,0.004213659622425568
AAACCGGGTAGGTACC-1,11791,15139,-0.5404683148062811,0.0414970752462367,-0.0013630749555622,False,False,other,0.01062553696316766
AAACCGTTCGTCCAGG-1,13767,13560,0.1603102649486107,0.3828556937902247,0.416913811786828,False,True,immune_core,0.03442557674580944
AAACCTCATGAAGTTG-1,10801,16155,0.5364197224504489,-0.2791455895501271,-0.6481734854350091,True,False,tumor_core,0.0027276571729175415
AAACGAAGAACATACC-1,4709,11036,2.0846389700380157,0.3172736661341069,-0.2334155431663239,True,True,interface,0.058424181517776154
AAACGAAGATGGAGTA-1,14934,17869,-0.456749737358237,-0.2791455895501271,-0.2514537759316771,False,False,other,0.0010370772355871138
AAACGAGACGGTTGAT-1,10432,9357,-0.9861345197868546,-0.2791455895501271,-0.0644885339516697,False,False,interface,0.01608441048878706
AAACGGGTTGGTATCC-1,3707,15676,0.919877167400342,-0.0824148177964695,0.0919938633378457,True,False,interface,0.04406279448510119
AAACTGCTGGCTCCAA-1,12398,10723,-0.9861345197868546,-0.2791455895501271,-1.3444694899202396,False,False,other,7.378815205304085e-05
AAACTTAATTGCACGC-1,16120,16967,-0.6705208359457748,0.2382278469998943,0.0632462098309322,False,True,immune_core,0.03983945512661275
AAACTTGCAAACGTAT-1,12378,16161,0.3835745939115151,0.032665306417353,-0.5683173565054579,False,False,interface,0.006691203576577099
AAAGAATGACCTTAGA-1,16116,18100,0.7093185623360182,-0.2791455895501271,-0.7643204087048625,True,False,interface,0.032608687345544285
AAAGACATGAAGTTTA-1,3538,7860,0.1620497601408458,0.0622130289938608,0.5030230120511121,False,False,interface,0.012762279374127791
AAAGACCCAAGTCGCG-1,5491,12851,1.9171012728782484,-0.2791455895501271,0.1189403786968739,True,False,interface,0.31659561652442386
AAAGACTGGGCGCTTT-1,9223,16603,-0.6745103599961977,-0.2791455895501271,-0.4269148246916882,False,False,other,0.0017965539591714371
AAAGGCCCTATAATAC-1,16519,15836,-0.5092932922684118,-0.2791455895501271,-0.1696504955643665,False,False,other,0.00579216456807639
AAAGGGATGTAGCAAG-1,8256,11275,-0.1507692723846249,0.3172736661341069,-0.6933356381813539,False,True,interface,0.02009551069055223
AAAGGGCAGCTTGAAT-1,8242,15353,-0.9861345197868546,-0.2791455895501271,-0.1104595490944242,False,False,other,0.000506435030542536
AAAGTAGCATTGCTCA-1,13564,15259,-0.1969196123448492,-0.2791455895501271,0.7686019790584113,False,False,other,0.0008763057442123575
AAAGTCACTGATGTAA-1,5493,12398,0.3664270415621138,0.8697033129025922,1.2779964848133398,False,True,interface,0.014337750486388252
AAAGTCGACCCTCAGT-1,10800,16608,-0.2364350034728534,-0.0824148177964695,-0.8064175375719932,False,False,other,0.0030791092595877033
AAATAACCATACGGGA-1,6296,8323,1.1888779650642165,0.3828556937902247,0.5944486087688176,True,True,interface,0.01871417182449406
AAATACCTATAAGCAT-1,12793,10498,-0.5705393348436223,0.0414970752462367,-0.7053484113567016,False,False,other,0.000931675536031735
AAATCGCGGAAGGAGT-1,14738,17755,-0.1730422670391193,-0.2791455895501271,-0.3089973230275399,False,False,interface,0.004266192829749046
AAATCGTGTACCACAA-1,12196,11969,0.3131011497675337,-0.2791455895501271,0.6062990273397544,False,False,other,0.11183426099098596
AAATCTGCCCGCGTCC-1,17496,17992,-0.3469858696533712,-0.2791455895501271,-0.112291583150353,False,False,other,0.0038599279424948326
AAATGCTCGTTACGTT-1,6664,15574,-0.1475315528257895,-0.0824148177964695,-0.1289557936457298,False,False,other,0.01600182349423271
AAATGGCATGTCTTGT-1,6091,10474,0.2289657733171325,-0.2791455895501271,-0.6602625717255,False,False,interface,0.013485552322751518
AAATGGCCCGTGCCCT-1,13166,16390,0.2471754070844225,-0.2791455895501271,0.0115726573730351,False,False,other,0.022580557875091906
AAATGGTCAATGTGCC-1,10026,12527,-0.3274317361715577,-0.0824148177964695,0.634855118907104,False,False,other,0.00739010211984156
AAATGTATCTTATCCC-1,8625,18300,0.3974284387578318,0.2165337983911238,-0.0840458053334407,False,True,interface,0.007938016709385784
AAATGTGGGTGCTCCT-1,3917,12166,-0.6310054448177708,0.658632284678095,0.6116033917292325,False,True,immune_core,0.008109425285559045
AAATTAACGGGTAGCT-1,10226,11735,0.6505018953870421,-0.0824148177964695,1.037897080927055,True,False,tumor_core,0.008587270638787907
AAATTAATAAGCGCGA-1,9810,17851,-0.6290601423768647,-0.2791455895501271,-0.2977006852887409,False,False,other,0.0012895597831278924
AAATTACACGACTCTG-1,6295,8549,0.044114246643413,-0.2791455895501271,-0.1214899536208558,False,False,interface,0.010941279968358404
AAATTACCTATCGATG-1,8664,7651,1.6558009473919255,0.374023924961341,-0.4474692362212544,True,True,interface,0.1328247537271218
AAATTGATAGTCCTTT-1,14354,14809,-0.3346365100496373,-0.2791455895501271,-0.0531764216832367,False,False,other,0.016956911434553492
AAATTGCGGCGGTTCT-1,4494,16132,-0.014897406707255,-0.2791455895501271,-0.10247533227686,False,False,interface,0.17429699955982594
AAATTTACCGAAATCC-1,4720,8090,-0.9861345197868546,0.3172736661341069,-0.3243765077535102,False,True,immune_core,0.004355334500862044
AAATTTGCGGGTGTGG-1,12778,14576,0.0931267693657877,1.154311672619346,0.456204093084815,False,True,interface,0.06693725257941326
AACAACTGGTAGTTGC-1,9037,13543,-0.7162992930570253,-0.0824148177964695,-0.6048510669733141,False,False,other,0.00016516420889174088
AACAATACATTGTCGA-1,15539,14133,-0.552414320400641,0.2382278469998943,-0.0856568772384783,False,True,immune_core,0.008515036348306733
AACAATTACTCTACGC-1,9227,15470,-0.6996323745647358,-0.2791455895501271,-0.4432163895458594,False,False,other,0.0004364499089690292
AACACGACTGTACTGA-1,5301,10924,1.9897833224998789,0.0622130289938608,0.0186266548161254,True,False,interface,0.03440562999895489
AACACGAGACGCGGCC-1,12379,15934,0.5004766283582732,-0.2791455895501271,-0.6040239365741338,True,False,interface,0.0020041381496759664
AACACGCGGCCGCGAA-1,4697,14434,1.1467998865109603,0.0622130289938608,0.2400119674955697,True,False,interface,0.09237213336237067
AACAGCTGTGTGGCAA-1,15143,14811,-0.5043369783450989,-0.2791455895501271,-0.3710248294700314,False,False,other,0.004305095869124216
AACAGGAAATCGAATA-1,6485,10702,0.3454053577735774,0.0622130289938608,0.3484022926943396,False,False,other,0.01853041928901235
AACAGGATGGGCCGCG-1,9229,14790,-0.9861345197868546,-0.0824148177964695,-0.8849411030336066,False,False,other,0.0007238803899416666
AACATTGAAGTTGATC-1,16716,15723,-0.1991620100989669,0.3533079712137169,-0.6576290581126779,False,True,immune_core,0.004858172492212782
AACATTGGTCAGCCGT-1,4099,16358,-0.605362297279055,0.0622130289938608,0.4405641249580075,False,False,other,0.054824552955725435
AACCAAGACTTCTCTG-1,10606,15588,-0.517432953077903,-0.2791455895501271,-0.2854777149077903,False,False,other,0.005230730700870361
AACCAGTATCACTCTT-1,4721,7864,-0.4506910659993507,-0.2791455895501271,-0.5888323009008181,False,False,other,0.003753402771951741
AACCATAGGGTTGAAC-1,16317,17081,-0.4060753024126464,-0.2791455895501271,-0.112610895427708,False,False,other,0.007574345080124914
AACCATGGGATCGCTA-1,6272,14893,-0.0785604575637135,-0.0824148177964695,0.1792265330333562,False,False,interface,0.009432859514154067
AACCCAGAGACGGAGA-1,6473,13874,0.5243108386082114,0.7247403982246642,0.7187836292885615,True,True,interface,0.029067865098582543
AACCCATCCCATGATC-1,14544,16735,0.2839105429908772,-0.2791455895501271,0.7116185327395576,False,False,interface,0.020556928995082074
AACCCTGGTGGAACCA-1,5106,10357,-0.6882075019405536,0.0622130289938608,0.1552804365309902,False,False,interface,0.10282714652179298
AACCGAGCTTGGTCAT-1,8260,10369,0.7413422654517243,-0.2791455895501271,0.4946152237306683,True,False,interface,0.10418845696900347
AACCGTTGTGTTTGCT-1,5892,11040,1.506010630040009,0.3172736661341069,0.1890570834582732,True,True,interface,0.006016262976312972
AACCTAAAGCCGTCCG-1,3533,9219,1.5375810119413562,0.4349586187535519,0.6997045354139609,True,True,interface,0.05850976646359707
AACCTTTACGACGTCT-1,6692,7871,-0.1127016423097624,0.0414970752462367,0.2873611482807998,False,False,interface,0.09291362471185664
AACGAAAGTCGTCCCA-1,14936,17416,-0.387197252672855,-0.2791455895501271,-0.9997080943289304,False,False,interface,0.025808457676076313
AACGATAGAAGGGCCG-1,6479,12288,1.4810688735369766,0.4257917820370709,-0.1555259542139322,True,True,interface,0.036534806170398816
AACGATATGTCAACTG-1,8262,9689,1.0391522522516548,0.5283446943586041,-0.2243333993459101,True,True,interface,0.047602361763784046
AACGCGAACGGCAACA-1,5086,15795,0.0481423155894639,-0.0824148177964695,0.594075906696685,False,False,interface,0.05814009307632543
AACGCGGTCTCCAGCC-1,8061,10934,-0.235158100607504,0.032665306417353,0.1949809998003115,False,False,other,0.009889504062472408
AACGGCCATCTCCGGT-1,12781,13897,-0.4114402310652925,-0.2791455895501271,0.4561995709948361,False,False,interface,0.0038887092422981904
AACGTACTGTGGGTAC-1,12979,13558,-0.8314632885071506,-0.2791455895501271,0.1452493919593959,False,False,other,0.002055098510285431
AACGTAGTCTACCCAT-1,3714,13637,0.8676216839008533,-0.2791455895501271,0.5865323467282832,True,False,interface,0.3739465048937986
AACGTCAGACTAGTGG-1,8247,13767,-0.6402191861944511,-0.2791455895501271,0.2130016204163945,False,False,other,0.0004611487675935221
AACGTGATGAAGGACA-1,5308,8885,1.69320602423512,0.2382278469998943,0.3311260814880395,True,True,interface,0.20393508145635542
AACGTGCGAAAGTCTC-1,10627,9924,-0.87546335281548,-0.2791455895501271,0.5626182133985849,False,False,other,0.0010704858396095437
AACGTTATCAGCACCT-1,7841,17164,-0.5427500120375297,-0.2791455895501271,-0.8212221499915506,False,False,interface,0.08183319559625664
AACTAGCGTATCGCAC-1,4309,12847,-0.1947693366929545,-0.0824148177964695,0.513381734752178,False,False,interface,0.06055227718848404
AACTCAAGTTAATTGC-1,11009,13324,-0.0593105963581477,-0.2791455895501271,-0.9258602280292624,False,False,other,0.0012283907281892801
AACTCCTAATCCCATG-1,5903,7868,-0.8640384801912979,-0.0824148177964695,0.6575940287082818,False,False,other,0.0012410835005892344
AACTCGATAAACACGT-1,4294,16925,0.8770246549521499,0.0622130289938608,0.5988169083235303,True,False,interface,0.014256864096006691
AACTCGATGGCGCAGT-1,5680,15230,0.1464380213593223,1.7792633867089582,0.5648509665957419,False,True,interface,0.45805289422665124
AACTCTCAGTGTGCTC-1,13964,13674,-0.1012767696855802,0.6290845621015871,0.5450954317862442,False,True,interface,0.07098190691769656
AACTGATATTAGGCCT-1,6681,10816,0.059089564065768,-0.2791455895501271,0.3821615455127423,False,False,interface,0.09833053634136694
AACTGGGTCCCGACGT-1,7470,10819,0.503388898186896,0.0622130289938608,-0.6421190951627754,True,False,interface,0.012901119694577039
AACTGGGTTCGAGCCG-1,4128,8201,-0.3748767879433721,-0.2791455895501271,0.0585271426722657,False,False,interface,0.012481805270381676
AACTGGTGTGGGCCTT-1,4900,12735,0.715597553742585,-0.0824148177964695,0.7148233435995742,True,False,interface,0.09423595837170445
AACTTCTGCGTCTATC-1,7056,16255,-0.5670770116260389,-0.2791455895501271,0.6759160880831876,False,False,other,0.004924117495619207
AACTTGCCCGTATGCA-1,9228,15243,-0.8314632885071506,-0.2791455895501271,-0.6456822644387094,False,False,other,0.000476878750277738
AACTTGCGTTCTCGCG-1,6268,16026,0.367271606520589,0.7171755274242195,0.4306647091856954,False,True,interface,0.10937810335534694
AACTTTACGGGAGCTT-1,9614,17510,-0.411844653033532,-0.2791455895501271,-0.6823628198853661,False,False,other,0.002144771441360535
AACTTTAGCTGCTGAG-1,4506,12734,0.9922136627162296,-0.0824148177964695,0.6481778074898823,True,False,interface,0.027744629035048752
AAGAAGGATCAGTTAG-1,6073,15458,-0.1187387031578988,-0.2791455895501271,0.7183135701125035,False,False,other,0.017796097869610363
AAGACCAAATAACTCA-1,15724,17646,-0.8291815912759019,-0.2791455895501271,-1.3444694899202396,False,False,other,0.008582965423087069
AAGACTAACCCGTTGT-1,4497,15226,0.6400261080867432,-0.2791455895501271,0.8807680420461755,True,False,interface,0.18587656043921316
AAGACTCACGCCCACT-1,3737,7520,1.5852271438731107,0.374023924961341,1.9113967870676956,True,True,interface,0.10640061674084132
AAGACTGCAAGCTACT-1,10624,10604,-0.8640384801912979,-0.2791455895501271,-0.971311198196039,False,False,other,0.0005188964163938631
AAGAGATGAATCGGTA-1,8834,15242,-0.9861345197868546,-0.2791455895501271,-0.2338072512947206,False,False,other,0.00018570094837198006
AAGAGCTCTTTATCGG-1,10431,9584,-0.87546335281548,-0.2791455895501271,0.2755641491695796,False,False,other,0.0027508384735274
AAGAGGATGTACGCGA-1,11200,15024,-0.9861345197868546,-0.2791455895501271,-0.033923054944408,False,False,other,0.00015280724088914674
AAGAGGCATGGATCGC-1,10629,9244,-0.9861345197868546,-0.2791455895501271,0.5143760635355062,False,False,interface,0.004192294812511531
AAGATGGCACCGGACC-1,15146,13905,0.4610427495959699,-0.0824148177964695,0.3740770108647057,False,False,other,0.010209194729293644
AAGATTGGCGGAACGT-1,8662,8105,-0.4578605857665144,0.2589438007475185,0.5082695744356969,False,True,interface,0.041233848016723536
AAGCCGCCGTGAAATC-1,16322,15722,0.0632548211857734,0.032665306417353,-0.282629538127415,False,False,other,0.004635769419901976
AAGCGGCGTCATGGGT-1,5314,7300,0.1761402782054155,-0.2791455895501271,-0.0369171923784057,False,False,interface,0.05163683198188777
AAGCGTCCCTCATCGA-1,14750,14357,0.3191155746572273,0.2947229236749599,0.1663672303955276,False,True,interface,0.0154405388585638
AAGCTCGTGCCAAGTC-1,10429,10037,-0.7623152257900078,-0.2791455895501271,-0.1095892376355022,False,False,other,0.00022148743556228343
AAGGAGAACTTATAAG-1,4115,11826,0.438971013305671,-0.2791455895501271,0.4460622124543315,False,False,interface,0.089990658490758
AAGGAGCGGTTGGTGC-1,9039,12864,-0.9861345197868546,-0.2791455895501271,0.0345621566062432,False,False,other,0.0014988874636628251
AAGGATGAGGGACCTC-1,8858,8445,0.0933013147955636,0.2618950201400714,-0.01119971440288,False,True,immune_core,0.009043586320499663
AAGGCGCGTAAAGCTT-1,8247,13994,-0.6073075997199613,-0.2791455895501271,-0.8991012700763902,False,False,other,0.0017265049655533912
AAGGCTGTGCTCATCG-1,9433,13092,-0.8732522215679782,-0.2791455895501271,0.6360303585825101,False,False,other,0.001222469015412872
AAGGGAACGACTGGCT-1,15927,15947,-0.2429626256500457,-0.2791455895501271,-0.5085842927607186,False,False,interface,0.012915400516752015
AAGGGACAGATTCTGT-1,8663,7878,0.3977456689422253,0.4257917820370709,-0.9098997624184691,False,True,interface,0.08032150811814323
AAGGGACTATGCATTC-1,15338,15379,1.1666239423232678,0.032665306417353,-0.5663262164251374,True,False,tumor_core,0.006905523703982376
AAGGGTTTGATTTCAG-1,15130,18210,-0.6962833143367424,-0.2791455895501271,-0.7723272881522047,False,False,other,0.0020307630064183226
AAGGTATCCTAATATA-1,8461,9123,0.2539300191648563,-0.2791455895501271,-0.234480365525191,False,False,interface,0.014458857896797433
AAGTAAGCTTCCAAAC-1,3517,13750,0.2551085668555487,0.5795864655438823,1.050666340484847,False,True,interface,0.9262778797270782
AAGTAGAAGACCGGGT-1,7265,12971,1.848043383455225,-0.2791455895501271,-0.2802057462346898,True,False,interface,0.11183926076207668
AAGTAGTGACGCGAGG-1,10018,14793,-0.8640384801912979,-0.2791455895501271,-0.1044326837474119,False,False,other,0.0013540991205979842
AAGTCTTCTGTGGCCT-1,11189,17969,-0.7531014844133275,-0.2791455895501271,-1.269365971609124,False,False,other,0.0006662840259576819
AAGTGACGACCGAATT-1,11592,15478,0.4951463700824055,-0.0824148177964695,1.0282522692778149,True,False,other,0.010565786323754907
AAGTGCAAAGGTAGAC-1,9024,17168,-0.3545040027491055,-0.2791455895501271,-1.2079545358315544,False,False,other,0.0025106650399004493
AAGTGCGTTAGAATCT-1,13170,15257,-0.5615390354678818,0.6065338196424401,0.35127222855688,False,True,immune_core,0.01315683409651299
AAGTTCGGCCAACAGG-1,12581,14462,0.0893351057554295,0.0622130289938608,0.8741351282621187,False,False,interface,0.016593430412171924
AAGTTTACTAATGGCA-1,4511,11375,1.757152803602292,1.1564061981615223,1.8437835274790433,True,True,interface,0.7413626362853069
AATAACAACGCTCGGC-1,10609,14908,0.3089003195079077,-0.0824148177964695,-0.5000077328648966,False,False,other,0.0021497144215170665
AATAACACTAGAACAA-1,13766,14014,1.0487926854014613,-0.2791455895501271,-0.3523008888986168,True,False,interface,0.007873418081556642
AATAAGTCCTCGAGAC-1,4515,10242,-0.6965491431433383,0.2589438007475185,0.0955377638316551,False,True,interface,0.192947170772083
AATACAATGTTTCAGG-1,8042,16145,-0.6098551257578054,-0.2791455895501271,-0.1533039981134013,False,False,other,0.001998318208389546
AATAGAACAGAGTGGC-1,13769,13107,-0.5741872747411857,0.2589438007475185,0.6143403470865765,False,True,immune_core,0.010995151587734996
AATAGTCGCGAGTCGG-1,8431,17506,-0.7926168755413316,-0.2791455895501271,-0.5685600462835391,False,False,interface,0.05951109358889855
AATATCAAGGTCGGAT-1,5095,13529,0.5233497594888049,0.5795864655438823,0.4910158819074534,True,True,interface,0.02132095033881852
AATATCCTAGCAAACT-1,12568,18087,0.3275646395793363,-0.2791455895501271,0.558472539303685,False,False,interface,0.028455299228080783
AATATTGGAGTATTGA-1,10605,15815,-0.7623152257900078,-0.0824148177964695,-0.892261247763485,False,False,other,0.004188098959162405
AATCAGACTGCAGGAC-1,4496,15679,1.0836846860727285,1.467457871875271,-0.0672264973132426,True,True,interface,0.32077833879173095
AATCCAAGGGCCTGAG-1,6082,12966,0.3126651110358702,0.6290845621015871,0.1702962606765221,False,True,interface,0.17749232219164535
AATCCATGCAAGGGTG-1,5088,15342,0.4077567514971963,-0.2791455895501271,0.5583853845494857,False,False,interface,0.20158226963499948
AATCGCCTCAGCGCCA-1,11220,9360,-0.6560536389464718,0.2382278469998943,-0.4148560510543199,False,True,immune_core,0.004343360742474769
AATCGGGACACTACGA-1,5102,11490,1.737413290928955,-0.0824148177964695,0.1970578014274246,True,False,interface,0.05858223430863523
AATCTAGGTTTACTTG-1,13757,16506,0.7897022488294245,-0.2791455895501271,-0.0614689396282416,True,False,interface,0.06059762947554418
AATCTCTACTGTGGTT-1,10995,17175,-0.8751975240088844,-0.2791455895501271,-0.8388023641848319,False,False,other,0.0005049266538608393
AATCTGGCTTTCTAGT-1,13559,16618,0.3821117178124681,0.2947229236749599,-0.1035095046097338,False,True,interface,0.013632576041204164
AATCTGGGTAGACCCT-1,4327,7636,-0.4576570366247458,0.032665306417353,-0.155107901469217,False,False,interface,0.10251892589378807
AATGACAGCAATGTCT-1,12974,14917,-0.1695686379869593,-0.2791455895501271,0.2705043233500852,False,False,other,0.01728705492317548
AATGACTGTCAGCCGG-1,8053,12973,0.9548165990157508,-0.0824148177964695,-0.0292212502498169,True,False,interface,0.02891502190584316
AATGAGTTCGCATATG-1,6466,15913,-0.7182445954979316,-0.2791455895501271,0.1471771736421616,False,False,other,0.0046070265965411725
AATGATGATACGCTAT-1,8072,7763,0.0298686674004022,-0.2791455895501271,-0.166432772628024,False,False,interface,0.0516722285277707
AATGCAACCGGGTACC-1,8452,11615,0.1536189875895235,0.032665306417353,0.747426305468677,False,False,other,0.016146332576876626
AATGCACCAAGCAATG-1,7285,7307,-0.4414773246226705,0.0414970752462367,-0.4730887235030643,False,False,other,0.000890413889946368
AATGGTCCACCGTTCA-1,9420,16490,-0.9861345197868546,-0.2791455895501271,-1.0590492788631214,False,False,other,0.00045651449416913436
AATGGTTCTCACAAGC-1,7260,14330,-0.0416404563619811,-0.2791455895501271,0.0501051976796901,False,False,interface,0.031108293286745445
AATGTATGGCACTGTA-1,16316,17308,-0.7531014844133275,0.114315953957188,0.0620212321326679,False,True,other,0.0071898954225283725
AATGTGCCCGAGGTGT-1,14352,15262,-0.1319216504260461,0.2382278469998943,0.6829172087880437,False,True,interface,0.005671824147521583
AATTAAAGGTCGGCGT-1,11405,12646,1.5503318511222628,-0.2791455895501271,0.2463063374731155,True,False,tumor_core,0.029724964814252536
AATTACGAGACCCATC-1,15132,17757,-0.5039035990717109,-0.2791455895501271,-0.0939702259636584,False,False,other,0.0006065656257799484
AATTACTCGTACGCTC-1,5475,17382,0.3367650683853799,-0.0824148177964695,0.5507487467235402,False,False,interface,0.025170717072638637
AATTAGCGCTGCAGCG-1,13579,11181,-0.1000960148355332,-0.2791455895501271,-0.971311198196039,False,False,interface,0.0018659493155966597
AATTCATAAGGGATCT-1,8071,7989,-0.3581266211001708,-0.2791455895501271,-0.8269158620679601,False,False,other,0.04187265028084746
AATTCATTGTCATGCA-1,15922,17306,2.736715183079089,-0.2791455895501271,-0.5642359572773709,True,False,interface,0.3580738602835156
AATTCCAACTTGGTGA-1,4097,16811,-0.2919425569724341,0.032665306417353,-0.1138882564250807,False,False,interface,0.0018958799928731277
AATTCTAGAGTTAGGC-1,13185,11179,-0.2814398621470823,0.2165337983911238,-0.1327170496111591,False,True,interface,0.045108595444495636
AATTGCGTGGATTACA-1,16710,17309,-0.2726123169973212,0.0622130289938608,-0.5144026067680443,False,False,other,0.005263150605915186
AATTTGGGACATAGTA-1,6100,7982,0.5143949823496164,-0.2791455895501271,0.0718269477523997,True,False,interface,0.045793415691000816
AATTTGGTTCCAAAGA-1,5696,10699,1.3503849159792038,0.2382278469998943,0.2146581317495711,True,True,interface,0.0052248800835410026
ACAAACCATGCGTCCT-1,16122,16514,0.1146102242255098,-0.2791455895501271,-0.2891577789052446,False,False,interface,0.009224334649279188
ACAAACCGACAAGGCG-1,3532,9445,1.229256372683569,0.3828556937902247,0.9709074885794168,True,True,interface,0.022424151609365853
ACAAAGAAGGTAGGCC-1,12569,17861,0.8332523614868789,-0.2791455895501271,0.5383612208392405,True,False,interface,0.07519095962807242
ACAAATTCAGATCTGA-1,4922,6618,-0.1435958258582119,0.2382278469998943,0.5574655926486409,False,True,interface,0.010029582602293348
ACAACAGCATGAGCTA-1,9837,10148,-0.1695686379869593,-0.0824148177964695,0.1189272237895281,False,False,interface,0.1942937340606904
ACAACGGTCCCTGCGA-1,7849,14898,-0.6424303174419529,-0.2791455895501271,-0.393631720890376,False,False,other,0.0024019555987296877
ACAAGCAGTGCCTAGC-1,9424,15357,-0.8640384801912979,0.0622130289938608,-0.5123157271913007,False,False,other,0.0003788801021674488
ACAAGCTATATGGAAG-1,10794,18194,-0.6424303174419529,-0.2791455895501271,-0.4628183895966821,False,False,other,0.00039216454100147536
ACAAGGACAAGAGGTT-1,9232,14110,-0.8732522215679782,-0.2791455895501271,0.2534180387870126,False,False,other,0.0008625928445756783
ACAAGGCCTACCAGCC-1,4332,6276,-0.4578605857665144,0.2165337983911238,0.4349110417120991,False,True,immune_core,0.005275416800730675
ACAATAGTCGTACGTT-1,11787,16045,0.8451098984425846,0.0414970752462367,-0.442576382721091,True,False,interface,0.0031293976043909218
ACAATCCATTTAAACC-1,10610,14682,-0.4068678041881776,-0.2791455895501271,0.4201757464626611,False,False,other,0.0007121630439934507
ACAATCGATCTTTATA-1,3920,11259,-0.1444679260321076,0.0622130289938608,1.0010486629923312,False,False,other,0.009393984756320075
ACAATGAATACGGAGA-1,14748,14810,0.0029392815882358,-0.2791455895501271,0.3173793365009104,False,False,other,0.0026950552753295335
ACAATTTAGGAGGCTC-1,9615,17284,-0.8640384801912979,-0.2791455895501271,-1.2160791773471669,False,False,other,0.0019506150962983386
ACAATTTGAGCAGTGG-1,9053,9012,-0.1880897580143667,-0.2791455895501271,0.1972741039177344,False,False,other,0.027522596625088755
ACACAAAGACGGGTGG-1,8254,11955,1.222906733876049,-0.2791455895501271,0.4102172420952474,True,False,interface,0.19086367390160705
ACACACTTTCTACACG-1,6286,11041,1.4732397384470488,0.2382278469998943,-0.1076065551925985,True,True,tumor_core,0.03597077794071459
ACACATGATCAAATCT-1,15334,16511,0.1049487212698876,0.2382278469998943,-0.0955288384123294,False,True,interface,0.006815249706954063
ACACATTGACGCAACA-1,5081,17381,0.4031349753506958,-0.2791455895501271,1.8444425004770255,False,False,other,0.01841349936472556
ACACCCAGCATGCAGC-1,8252,12634,0.3504332175789303,0.5283446943586041,0.7116984282867483,False,True,interface,0.1430223784996857
ACACCCGAGAAATCCG-1,7262,13877,0.6356514623559548,-0.2791455895501271,1.0788606917965655,True,False,interface,0.024662365083643247
ACACCGAGCGCTCTTT-1,6459,17725,0.8990238643233232,-0.2791455895501271,-0.2141466224522235,True,False,interface,0.07353116654256918
ACACCGGTCTGACCGC-1,16319,16402,0.5843932977068687,-0.2791455895501271,-0.753130743310036,True,False,interface,0.018423395348087776
ACACCTTAAGTAGGGC-1,8446,13428,-0.7511561819724213,0.0622130289938608,0.2108070600938952,False,False,other,0.0038367039939840755
ACACGAGACTCCTTCT-1,9640,10260,1.140550601084526,2.933959634841221,0.2237998297430456,True,True,interface,0.46567992450117685
ACACGGCACTATGCAT-1,4909,10243,-0.6513782300120374,0.032665306417353,0.3233713123733844,False,False,other,0.0026421786659522437
ACACGGGAACTTAGGG-1,8851,10258,0.2272747972148829,0.032665306417353,-0.0179151783072093,False,False,other,0.03537941889465529
ACACTCCAATGTCACT-1,6858,16368,-0.6402191861944511,-0.2791455895501271,-0.4168671990390282,False,False,other,0.012990508446316986
ACACTGATCAAGGTGT-1,13770,12881,0.0116070630346837,-0.2791455895501271,0.0717178827310034,False,False,interface,0.04191273960981388
ACAGAACTGAGAACAA-1,13760,15599,0.7873185395488119,-0.2791455895501271,0.8792166354209827,True,False,interface,0.07825312433088162
ACAGATTAGGTTAGTG-1,4904,11829,0.9030915183789584,0.5140044378877645,0.2033906072510542,True,True,interface,0.10135946261251139
ACAGCATAGAGCCAGT-1,5495,11718,0.1158628384820276,0.6553565636473866,0.4534956848771364,False,True,interface,0.08887626886276495
ACAGCGCACCCGCAGC-1,5504,9226,-0.2523228003836066,-0.2791455895501271,-0.1159247410775361,False,False,interface,0.21469476522784428
ACAGGAGGCGCAGCCG-1,3895,18283,0.7085975248544135,-0.0824148177964695,0.1279821429069196,True,False,interface,0.015071740844263331
ACAGGTGGAGGTGAGG-1,13569,13900,0.2623236223324563,-0.2791455895501271,-0.1405688991209774,False,False,interface,0.01873682185645622
ACAGGTGTGTTGTTGC-1,10991,18308,-0.8732522215679782,0.0622130289938608,-0.6729072472076972,False,False,other,0.0038120123601689975
ACAGTAATACAACTTG-1,12573,16728,-0.4097811691146235,-0.0824148177964695,0.150939428266946,False,False,interface,0.014383007811328598
ACATAAGTCGTGGTGA-1,15134,17304,-0.6816798797633614,-0.2791455895501271,-0.8760703923742931,False,False,other,0.006556612408066435
ACATAATAAGGCGGTG-1,7666,11160,-0.3727275240375096,-0.0824148177964695,0.532613491394283,False,False,other,0.004318318397300806
ACATCAGCTGGGACGC-1,9813,16945,-0.5039035990717109,-0.2791455895501271,-0.8187912205523478,False,False,other,0.0013589925941667553
ACATCGATCGTTTACC-1,11804,11288,-0.9861345197868546,-0.2791455895501271,-1.2239733019040506,False,False,other,0.0020692717318412743
ACATCGGTCAGCCGCG-1,11597,14119,-0.259712792493247,0.2382278469998943,1.005230824893527,False,True,interface,0.04367941335151131
ACATCGTTAACCTAGT-1,5305,9792,-0.7645263570375098,-0.2791455895501271,-0.1204152026880722,False,False,other,0.007660782286077
ACATCTCAACGCGTAA-1,4319,9901,0.4120669382085247,-0.2791455895501271,0.1539067882172654,False,False,interface,0.2262314810922966
ACATGGCTCAATTTAG-1,5083,16701,0.2275698259065472,0.032665306417353,-0.1230634633586042,False,False,other,0.015943005636807155
ACATTAGTTTATATCC-1,13578,11407,0.4500539445568336,0.0414970752462367,-0.6764354144612518,False,False,other,0.011394502090929194
ACCAAACTAGAAATCC-1,4119,10694,-0.3846591545460854,0.0622130289938608,0.2699620385976656,False,False,other,0.0037588921485266088
ACCAACGCTTATTTAT-1,13967,12768,0.0169308227523154,0.3533079712137169,0.090408252010424,False,True,interface,0.06383275097339097
ACCAAGAACGCGTGTC-1,6871,12743,1.8881659656118035,-0.0824148177964695,0.0722829833073342,True,False,interface,0.06843175926654461
ACCACAACTCAGAACA-1,4913,9111,-0.5753252037216772,-0.2791455895501271,0.4105215050582953,False,False,interface,0.004155547230628853
ACCACAAGTTTCTATC-1,9436,12185,-0.8314632885071506,-0.0824148177964695,-0.1480767382403479,False,False,other,0.0014861217751670648
ACCACTGTTCAAGAAG-1,5474,17609,1.0051663790849727,0.114315953957188,0.6930142770769265,True,True,interface,0.07123218927699983
ACCAGACCATAACAAC-1,10992,17855,-0.7625810545966036,-0.2791455895501271,-0.3959608552414478,False,False,other,0.0005439773002806476
ACCAGCCCGGTCTTTG-1,4318,10128,-0.2175874646420769,-0.0824148177964695,0.7029633296967821,False,False,interface,0.06844804508623971
ACCAGGAGTGTGATCT-1,4114,12053,-0.1270842611105505,-0.2791455895501271,0.3180332039270483,False,False,other,0.03177949312582735
ACCAGTGCCCGGTCAA-1,5317,6620,-0.2388102970943389,-0.2791455895501271,0.2026241181165799,False,False,interface,0.015353053835429524
ACCATATCCGCAATAA-1,11014,11965,-0.3411542393676585,-0.0824148177964695,1.3290329840189898,False,False,interface,0.037889389772352226
ACCATCCGCCAACTAG-1,12178,16953,-0.1537637414968739,0.114315953957188,0.2711014850709867,False,True,other,0.01043406681899147
ACCATCGTATATGGTA-1,11796,13553,-0.737370013718626,-0.2791455895501271,-0.8474308064633204,False,False,other,0.0012742558048331714
ACCATTAAGGGTGTCA-1,6065,17724,-0.0051437213984638,-0.2791455895501271,0.8459838253692081,False,False,other,0.00037969948756956046
ACCCAACGCCCGTGGC-1,9449,8561,0.7603818724022927,0.2165337983911238,-0.0987146178342491,True,True,tumor_core,0.0051310951724789795
ACCCACCTACATGCTC-1,8438,15467,-0.7511561819724213,-0.2791455895501271,-0.2084151899683699,False,False,other,0.00024350003897763786
ACCCATCTTGAGGGTA-1,10809,14116,-0.1882911878432808,0.2947229236749599,-0.4390747377930371,False,True,other,0.046215808651025835
ACCCGAGCGAAATTAC-1,15536,15039,-0.3822409387495422,-0.2791455895501271,0.4072814174289083,False,False,other,0.0021638656378856584
ACCCGGTTACACTTCC-1,11799,12874,0.0073731886720623,0.2382278469998943,0.2833396098573753,False,True,interface,0.016174759000234826
ACCCGTAGCAGAGAAT-1,17893,17314,-0.5853463185587721,-0.2791455895501271,0.4060305789465284,False,False,other,0.016841847523544614
ACCCTATAGGACTGAG-1,5874,16024,-0.1582129980017674,-0.2791455895501271,0.1463839444988416,False,False,interface,0.10046855808249237
ACCCTATGCCATATCG-1,14555,13790,-0.2145194866066417,-0.2791455895501271,0.5195152596947283,False,False,interface,0.029105978789946446
ACCCTTCATCTGCGAA-1,6090,10927,0.7320859679548211,-0.2791455895501271,0.0529289603254153,True,False,interface,0.007022064607300592
ACCCTTTAGTTCTCCA-1,4716,9223,-0.7623152257900078,0.3533079712137169,0.1243453342044103,False,True,immune_core,0.006845565064668391
ACCGAAAGGGCCCTGC-1,5296,12284,0.7442877731179858,0.5795864655438823,0.903611236555639,True,True,interface,0.0070735353332105995
ACCGAAGAGTCTGGTT-1,14740,17076,0.5307252619540911,-0.2791455895501271,-0.0858595859243943,True,False,interface,0.012495820989267914
ACCGACTGAGTCCCAC-1,9047,10825,1.1094786345458671,-0.2791455895501271,-0.6592328571527004,True,False,interface,0.0071564056408129255
ACCGGTCAGGTACACC-1,15136,16624,0.327848935056685,-0.0824148177964695,0.3204480473407688,False,False,interface,0.004919221029450873
ACCGGTCTGAGTACGG-1,4330,6956,-0.3999155541609985,-0.2791455895501271,0.0150828474540355,False,False,other,0.03083498818873677
ACCGTCCACTGGGCCC-1,15920,17760,-0.0385367364046403,-0.2791455895501271,-1.0545393580227669,False,False,other,0.011522145003426278
ACCGTGACCACGTGGG-1,15540,13907,-0.0852309810775695,0.0414970752462367,-0.535141730016168,False,False,other,0.008093476137257511
ACCGTTCCCGCTCTGA-1,4513,10922,0.5635945491259545,-0.2791455895501271,0.2520032295989894,True,False,interface,0.03871816676930697
ACCTAAGTACCTTTCA-1,13368,14918,-0.5387617605997566,0.0414970752462367,0.5299278250985756,False,False,other,0.002475525909772489
ACCTAATCGACTTCCT-1,9820,14906,-0.8103035415361104,-0.2791455895501271,-0.1737030189279227,False,False,other,0.00031266376239647773
ACCTCGAACTTATGCT-1,16319,16628,0.2551638858897908,-0.2791455895501271,-0.3908371497787662,False,False,interface,0.020780071855266365
ACCTGCGTGTCATGTT-1,12575,16275,0.1291835127197691,0.0414970752462367,0.5871839473737284,False,False,interface,0.009249012396518244
ACCTTTCCTTTAGAAG-1,3528,10805,-0.2552654377183892,-0.2791455895501271,0.813298252046791,False,False,other,0.01094807397920758
ACGAAATGGGCGGCAC-1,9818,15585,-0.9861345197868546,-0.0824148177964695,-0.4289663984557496,False,False,other,0.00032922308761449136
ACGAGAACCCATCACG-1,5091,14435,0.8914361207149977,0.4132645701447814,0.1848040438537037,True,True,interface,0.01989468780862635
ACGAGATATTTGCTTA-1,5308,9112,1.33424186657183,0.977440160762936,1.0360340007957531,True,True,interface,0.34364452684958774
ACGAGGATACCACTCT-1,13363,16278,-0.273336113997766,0.0414970752462367,-0.2141030713798609,False,False,other,0.00291525658077393
ACGAGGTTTACAACGT-1,14741,16849,0.4182485993680717,-0.0824148177964695,0.2534974986788055,False,False,interface,0.005423934028667325
ACGAGTCGCCGGCGTT-1,4292,17378,0.1414867673546661,-0.2791455895501271,-0.2168912871834449,False,False,interface,0.017457250875826197
ACGATACATAGAACTA-1,7870,9234,1.8855828573832265,0.0622130289938608,0.132895943602314,True,False,tumor_core,0.007978715806349674
ACGATACCTATCCTGA-1,10006,18191,-0.7926168755413316,-0.2791455895501271,-0.9759076724580968,False,False,other,0.006320453381350568
ACGATCATACATAGAG-1,8454,11162,0.3381379003884349,-0.0824148177964695,-0.0775100946762531,False,False,interface,0.019595107390744115
ACGATGCATATGTTAT-1,10811,13436,-0.6974212433172339,-0.2791455895501271,-1.0619840090652004,False,False,other,0.0014301108387540108
ACGATGGATCCGATGC-1,5500,10359,1.2856142119578702,-0.0824148177964695,0.1705002131105628,True,False,interface,0.12079211473720154
ACGCATTCGTGAGTAC-1,10030,11395,0.5758147711244027,-0.2791455895501271,-0.1168026911523288,True,False,interface,0.025553163163939602
ACGCCAGATGATTTCT-1,6881,10024,0.7502411285344711,0.0622130289938608,0.4077306814901619,True,False,interface,0.09302017344723955
ACGCCCAGCTGTCGAT-1,4121,10241,0.0508229116444371,0.2589438007475185,0.8630932739455996,False,True,interface,0.019423322113636444
ACGCCGCTAGACGACC-1,12005,10269,-0.87546335281548,-0.2791455895501271,0.0879619264720904,False,False,other,0.0004104423539768969
ACGCCTGACACGCGCT-1,3501,18281,0.4126356656766266,0.4257917820370709,1.282341668745162,False,True,interface,0.018394176081177424
ACGCGAAGTCAGACGA-1,13183,11633,-0.5387617605997566,-0.2791455895501271,0.9565049613373274,False,False,interface,0.0030140485776371712
ACGCGCTACACAGGGT-1,11595,14799,0.50596340334519,-0.2791455895501271,-0.0233030102575971,True,False,tumor_core,0.01140839158057551
ACGCGGGCCAAGGACA-1,10228,11282,0.1502891501115157,0.2947229236749599,-0.357579694006534,False,True,interface,0.06953465355218463
ACGCGTTTCTTAAGAG-1,9219,17735,-0.87546335281548,-0.2791455895501271,-0.3619875216602463,False,False,other,0.0028242783147759605
ACGCTGTGAGGCGTAG-1,11193,16836,-0.6313893318639686,-0.2791455895501271,-0.971311198196039,False,False,other,0.0013125815281596449
ACGCTTAGTGTCTCTC-1,4125,9108,-0.8751975240088844,-0.2791455895501271,0.3631627161282277,False,False,interface,0.022959006691929216
ACGGAATTTAGCAAAT-1,6468,15233,-0.5409728918472584,-0.2791455895501271,0.1792251453654058,False,False,interface,0.004775473783957445
ACGGCACTTGCTTGGG-1,13775,11521,-0.87546335281548,-0.2791455895501271,-0.2885904987352363,False,False,other,0.007544987902676248
ACGGCCAACATGGACT-1,13970,12089,-0.5867500763458592,-0.2791455895501271,-0.6021590265493163,False,False,other,0.00019075110756900412
ACGGCGGGTTGCCCTG-1,4499,14773,1.849842505146247,1.2986089114497514,0.7167482506725694,True,True,interface,0.25375861095359276
ACGGCTGGATGTAGAA-1,15529,17078,1.5384142080686485,0.2382278469998943,-0.6573379546496515,True,True,immune_core,0.05137639706055663
ACGGGAGTGTCGGCCC-1,12775,15483,-0.0620136222794619,-0.0824148177964695,-0.3924326879878933,False,False,other,0.005855745351327518
ACGGGTCATGTGACTT-1,6461,17272,0.6883759851846543,0.7575744080813224,0.5635536358256714,True,True,interface,0.015787561608641316
ACGGGTTGTGACCTGT-1,17891,17767,0.296429131595036,-0.2791455895501271,-0.1252425226904857,False,False,other,0.02827196635134352
ACGGTCACCGAGAACA-1,17500,16859,0.3575411391588617,-0.2791455895501271,-0.1601166916718348,False,False,interface,0.011830039028628397
ACGTACAGATTTCTCT-1,5499,10812,0.8196847014575026,0.6620943940137588,1.8925467613237497,True,True,interface,0.15092010569093503
ACGTAGATTGCTGATG-1,10032,10715,-0.3200039203076931,-0.0824148177964695,-0.4608914618421955,False,False,interface,0.032398996018403826
ACGTCCTAAACGAGAT-1,3526,11258,-0.6264330179406558,0.7083437585953358,0.7281120396398774,False,True,immune_core,0.04496241258213118
ACGTCGGGCAACTCGG-1,16905,18103,-0.5272744772902528,0.2165337983911238,-0.4473575241216891,False,True,immune_core,0.0015638842740984787
ACGTCTCGTTCCGGGA-1,12176,17633,0.1960577143635951,0.0414970752462367,0.0418277383798616,False,False,other,0.009518246968584668
ACGTGACAAAGTAAGT-1,13752,17865,0.5387923855762526,-0.2791455895501271,0.1924927391001097,True,False,interface,0.01809246125941674
ACGTGCGCCTCGTGCA-1,6877,11157,-0.6996323745647358,0.2382278469998943,-0.0131043010614968,False,True,interface,0.1456782082880719
ACGTGGTCGAATGTGC-1,3927,9447,-0.4748577320430814,0.5140044378877645,1.2170503489104991,False,True,interface,0.14669490125584028
ACGTTAATGTCGAAGA-1,11610,10494,-0.6965491431433383,-0.2791455895501271,-0.8745089442535079,False,False,other,0.004321573494385445
ACGTTAGATTTGCCCG-1,11204,13891,0.222840063495452,-0.2791455895501271,-0.6729072472076972,False,False,interface,0.007594505727809084
ACGTTATTGGTCACTC-1,7251,16822,-0.1136870054732483,-0.2791455895501271,0.0448271886324167,False,False,other,0.006993487648742237
ACGTTCCGCGCTCCGT-1,5100,12170,-0.1842013108567057,1.7281801858444332,0.8473042189224627,False,True,interface,0.11104313036439802
ACGTTCGTTCAGGAAA-1,15345,13340,-0.8751975240088844,-0.2791455895501271,-0.3423337188198546,False,False,other,0.02531093320978557
ACGTTTAGTTGTGATC-1,6288,10588,0.1418307892812375,-0.2791455895501271,-0.2635483448600451,False,False,interface,0.035732333499882425
ACTAATACGTCAGGCG-1,5117,7186,0.9605497733637874,-0.2791455895501271,0.350831332688866,True,False,interface,0.04238740553631686
ACTACATCCCGACAAG-1,15925,16400,-0.411844653033532,-0.0824148177964695,-0.411943029838166,False,False,other,0.00429214026104445
ACTACCAGCTCTCTGG-1,8445,13655,-0.8103035415361104,-0.0824148177964695,0.0152452178794149,False,False,other,0.00011086036099282436
ACTATCGCCGGCTAAA-1,6063,18177,0.7320863361036344,0.2589438007475185,1.0992847983929068,True,True,interface,0.013507418509958817
ACTATGTCCAGCTGCC-1,16124,15835,-0.5481989618862474,0.0622130289938608,0.0719514540649546,False,False,other,0.006031026787447138
ACTATTCGTCCGTGGT-1,6290,9908,-0.1051034285551821,0.2947229236749599,-0.0611426227924555,False,True,interface,0.06831964778908599
ACTATTTCCGGGCCCA-1,15147,13679,0.0424601502989977,-0.0824148177964695,0.4571495797848232,False,False,other,0.002366743088881088
ACTCAACGAATGTATT-1,4894,14548,0.7988297869367134,0.7339072349411453,-0.3640539814525328,True,True,interface,0.028344107012125714
ACTCAATAAAGGCACG-1,8456,10483,-0.6402191861944511,-0.0824148177964695,-0.2163080983569185,False,False,interface,0.02679213833296047
ACTCAGACCTGCTTCT-1,5292,13417,1.70417193633664,-0.2791455895501271,-0.1246466717374139,True,False,interface,0.1116055257727825
ACTCATGGCAGCCTTC-1,16714,16403,0.4931343002545539,-0.2791455895501271,-0.7726677396488538,True,False,interface,0.08938743136461448
ACTCCAATATCATCAT-1,15930,15041,-0.9861345197868546,-0.0824148177964695,-0.3302915363085618,False,False,other,0.0004508980795302602
ACTCCCATTCCTAAAG-1,12772,16389,0.1448005071882341,-0.2791455895501271,-0.0626379468155789,False,False,other,0.015576050570447088
ACTCGATGTATTTCAT-1,7053,17161,-0.7603699233491016,-0.0824148177964695,0.0832810728948372,False,False,interface,0.0205133661437594
ACTCGTAACCCGTCCT-1,13168,15711,-0.1518919479791539,0.032665306417353,0.661300198863865,False,False,other,0.015818700760884447
ACTCGTCAGTAATCCC-1,10628,9471,-0.7182445954979316,-0.2791455895501271,0.0636616755408568,False,False,other,0.0005996062946235255
ACTCTAAACCTGGGAT-1,8823,18187,0.0521432696240423,-0.2791455895501271,0.1712426585590102,False,False,interface,0.02997419553481334
ACTCTCTGACTTAGGT-1,11811,9475,-0.8291815912759019,-0.2791455895501271,-0.7414231511764344,False,False,other,5.211120936141498e-05
ACTCTCTTATACACGA-1,5112,8771,0.7529497637456993,-0.2791455895501271,0.0889263831013555,True,False,interface,0.10432812178111463
ACTCTTGTATAGTAAC-1,10625,10377,-0.9861345197868546,-0.0824148177964695,-0.2503499846930245,False,False,other,0.00041174321926695545
ACTGATTTAGTGATTC-1,4322,9222,-0.2016120410374206,-0.2791455895501271,0.0475939343727132,False,False,other,0.011347711130914914
ACTGCCGTCGTAACTC-1,6683,10363,1.773315097210246,0.0414970752462367,-0.4629117939921315,True,False,tumor_core,0.002353736105673654
ACTGCTCGGAAGGATG-1,13951,17299,1.39104652013866,0.0622130289938608,-0.7594500360181567,True,False,interface,0.00771228995402799
ACTGTACGATACACAT-1,9446,9467,-0.5638391930248231,0.0622130289938608,0.5826455895467425,False,False,other,0.010286343146349635
ACTGTAGCACTTTGGA-1,8838,13883,-0.8072203101147128,-0.2791455895501271,-0.0819603878814998,False,False,other,6.513549247365184e-05
ACTGTATACGCGAGCA-1,5486,14210,0.9076331219463312,1.134830785339257,0.1095038187603808,True,True,interface,0.14509820779752733
ACTGTCCAGGATTATA-1,10028,12074,-0.8640384801912979,-0.2791455895501271,0.4956649495673905,False,False,other,0.016934419300493126
ACTGTCTTCTTTAGAA-1,9440,11053,-0.5744531035477813,0.0622130289938608,-0.220876093309503,False,False,other,0.005473247099707893
ACTGTGCTAGTAGATC-1,6076,14779,-0.2177161326741658,0.5064876527171701,-0.0060286761903376,False,True,immune_core,0.005694220261554957
ACTGTTTAGTGTAGGC-1,4116,11600,0.5461063536589666,0.4132645701447814,-0.231871740808518,True,True,interface,0.07002363281489064
ACTTACCGGGCGCGCA-1,5708,7527,-0.0051437213984638,0.636081542218948,-0.1628366884291102,False,True,other,0.053301090636117626
ACTTAGTACGACAAGA-1,6273,14666,-0.1698465173768774,-0.2791455895501271,0.2640686405917686,False,False,other,0.038809855131912104
ACTTATCTGATCTATA-1,3514,14656,0.2695808350643028,1.2205918610208493,1.2523109151236262,False,True,interface,2.7528980963670775
ACTTATTAGGATCGGT-1,11012,12418,-0.7162992930570253,-0.2791455895501271,0.4524094724468891,False,False,other,0.006462334967639117
ACTTCCAGTGGAAGCT-1,14737,17982,-0.6882075019405536,-0.2791455895501271,-0.1130976836672523,False,False,interface,0.019502534731931236
ACTTCGCCATACGCAC-1,8853,9804,1.5842453361112223,-0.0824148177964695,0.0028449036155615,True,False,interface,0.2526172057553138
ACTTGACTCCCTCTTT-1,11808,10155,-0.87546335281548,-0.2791455895501271,-0.8095286890935578,False,False,other,0.00011423470807796631
ACTTGCCATATTGTAC-1,4312,11940,-0.1691381438288538,-0.2791455895501271,0.1926865211079783,False,False,other,0.08274437847591466
ACTTGCTCTATCTACC-1,17102,17990,-0.6076439945103036,-0.2791455895501271,-0.6339222086818036,False,False,other,0.006676469792350373
ACTTGGGACCCGGTGG-1,9237,12751,-0.9861345197868546,-0.2791455895501271,-0.1489756774359867,False,False,other,0.0002000939186608036
ACTTGTAGTCCCTTCA-1,12177,17180,-0.2589153926357841,-0.2791455895501271,-0.2256534582708499,False,False,other,0.00625444170613407
ACTTTCCTATAGCTTC-1,9045,11278,-0.2387287512874243,0.0414970752462367,-0.2512354746061246,False,False,interface,0.07827719577178224
ACTTTGACTGCATCCT-1,11192,17063,-0.5395962146323854,-0.2791455895501271,-1.2160791773471669,False,False,other,0.0006849119204795174
ACTTTGGTCGTGCTCC-1,15529,16852,0.135379466826914,-0.2791455895501271,-0.0899139566072772,False,False,interface,0.008234045334788003
AGAACCCTCAATTGGG-1,15528,17305,-0.8640384801912979,-0.2791455895501271,-1.315829904009267,False,False,interface,0.04099533242024037
AGAACGTGGTACATTC-1,8852,10031,0.1746876116899142,0.032665306417353,0.3883734856524476,False,False,interface,0.06021784902552204
AGAAGGTACACTTCAC-1,13756,16732,1.491596598636331,-0.2791455895501271,0.1841548143599556,True,False,interface,0.05939068261239419
AGAAGGTTGCCGAATT-1,11797,13327,-0.577536334969179,-0.2791455895501271,-0.5400070137942701,False,False,other,0.0032836871066724504
AGAAGTGATTCGTGAT-1,12973,15143,-0.1720925653545252,0.2382278469998943,1.5897600667905851,False,True,immune_core,0.008934020620154646
AGAATAAATCTTCAGG-1,10798,17061,-0.494761696291427,-0.2791455895501271,-1.3444694899202396,False,False,other,7.140033553919142e-05
AGAATTGTTTGACATA-1,6861,15688,-0.8103035415361104,-0.2791455895501271,-0.1991664682427902,False,False,other,0.0027946608915740503
AGACAGCTCAGAATCC-1,7842,16937,-0.7642605282309141,0.5140044378877645,0.5485588469485144,False,True,other,0.23216698590995943
AGACATAGATCCTTCC-1,4900,12962,-0.0422090815880141,0.4914536954286175,0.6103053655505006,False,True,interface,0.02702032808374082
AGACCAAACCACACCT-1,13557,17298,1.575716141885714,0.5140044378877645,0.0152486808571477,True,True,interface,0.19075592207107603
AGACCATGGGATACAA-1,7848,15125,0.0916483407628171,-0.2791455895501271,-0.1517563648092358,False,False,other,0.028210894924515558
AGACCCACCGCTGATC-1,13185,10953,-0.411844653033532,-0.2791455895501271,-0.0158750448427831,False,False,interface,0.009695741215628186
AGACCCGCCCTCCTCG-1,8648,11956,-0.3014393148687531,0.0414970752462367,0.6575517000888071,False,False,other,0.003026138505295852
AGACCGGGAAACCCTG-1,11589,16385,0.5344092355608632,-0.0824148177964695,-0.6911765136392509,True,False,interface,0.019389558018540965
AGACGACGATGCCGCT-1,13961,14581,0.2137278543597617,-0.0824148177964695,0.6406784074919623,False,False,other,0.011801992118784998
AGACGGGATTGGTATA-1,3730,9333,0.2650724268148572,0.6739506360100809,0.4232989631902256,False,True,interface,0.23816642999328932
AGACGGGCCGATTTAA-1,5119,6732,0.5256257631078488,0.2589438007475185,0.3522364702452787,True,True,interface,0.023585976691757576
AGACTAGCCTTCCAGA-1,9038,13090,-0.8640384801912979,-0.2791455895501271,0.361315705900196,False,False,other,0.0007484225462203404
AGAGAACCGTCTAGGA-1,8661,8331,-0.9861345197868546,-0.0824148177964695,0.2334889365356423,False,False,other,0.021083385238057986
AGAGAAGGAGTACAAT-1,14947,14471,-0.4944253015010846,0.032665306417353,0.0219358429681195,False,False,other,0.024828287583849067
AGAGATCTCTAAAGCG-1,11392,16271,0.4765332320929098,0.0414970752462367,-0.5547683960973481,True,False,tumor_core,0.004472712929520982
AGAGCAGTTATGAGAC-1,9224,16150,-0.5292821904164807,-0.2791455895501271,-0.5946864191736053,False,False,other,0.0014448948471578419
AGAGCGGGCTAATCAT-1,6680,11043,-0.3765833421498966,-0.2791455895501271,-0.0041385508086217,False,False,other,0.07071799244706661
AGAGCGTACAAGCTCG-1,8243,15126,-0.5426794460537829,-0.0824148177964695,-0.5581884432478458,False,False,other,0.0017714830746066428
AGAGCTACGAAAGCAT-1,5478,16476,-0.0862797118800904,-0.2791455895501271,0.8470146347904238,False,False,other,0.012370133562042758
AGAGGTATCTCGGTCC-1,4113,12506,-0.4114402310652925,-0.0824148177964695,0.3251905413600984,False,False,interface,0.013126523562295746
AGAGTTAGAGACCGAT-1,4723,7184,1.582330881601585,-0.2791455895501271,-0.149800857742746,True,False,interface,0.2243559701144374
AGATAACTTCAGGGCC-1,9826,13320,-0.8751975240088844,-0.0824148177964695,-0.0863889391355055,False,False,other,0.0005574312283924142
AGATACCGGTGTTCAC-1,11400,14005,0.0326013104216271,0.4349586187535519,0.4131060252870117,False,True,interface,0.023768727274332355
AGATACGACTTCATAT-1,6472,14327,1.1064957448292572,0.8911421793591939,0.2438702428240935,True,True,interface,0.054971255106256084
AGATCGTGCATAAGAT-1,7679,7308,0.0219356257823418,0.0414970752462367,0.4056355422805746,False,False,interface,0.031237785071478147
AGATCTCAGGTGTGAT-1,9247,9806,-0.6997878744482059,-0.2791455895501271,0.759717621393336,False,False,other,0.13606635204520323
AGATGACTCGCCCACG-1,7662,12066,1.425301644743009,0.0414970752462367,0.5337798766608415,True,False,interface,0.04053353871954544
AGATGAGGGTTGCGAT-1,6300,7190,-0.5407070630406627,0.3533079712137169,0.7550080660954072,False,True,interface,0.08149863415150356
AGATGCAAGACGTGCA-1,14943,15604,0.058239452669179,0.3533079712137169,0.5499717144946467,False,True,other,0.01031105130606016
AGATGCATCCTGTGTC-1,12964,17636,0.1200321820284106,1.0289864233916997,1.5865090915481923,False,True,interface,0.07736808740835159
AGATGCTATAACGAGC-1,5672,17496,0.7426459805332628,0.0622130289938608,0.0785279503798281,True,False,interface,0.19735044301641202
AGATTATAGGACGTTT-1,10618,12190,-0.5395962146323854,-0.2791455895501271,1.550026554981209,False,False,other,0.0036295252866721437
AGATTCACAACCGATA-1,13953,16846,1.1687526944114766,0.3828556937902247,-0.4796445946611536,True,True,interface,0.01281489448416443
AGCAACCGAAAGTAAT-1,14547,16055,-0.2167318208726345,0.8785350817314758,0.0807817229635633,False,True,immune_core,0.026010631900573872
AGCACCAGTACTCACG-1,8849,10937,-0.4665993391912086,0.2589438007475185,-0.0382039468079217,False,True,interface,0.19307567854223276
AGCACTACCGGCCTGT-1,10210,16040,-0.7623152257900078,-0.2791455895501271,-0.4887039173539879,False,False,other,0.0005818885078802004
AGCACTTAAGGACGCC-1,9625,14338,0.4946393256861088,-0.2791455895501271,-0.6014754379166433,True,False,tumor_core,0.011314230579717718
AGCATCATTTCGAAAG-1,13955,16167,-0.2039830780696347,-0.0824148177964695,0.7237522488014303,False,False,other,0.01123078787509439
AGCATCGTCGATAATT-1,7858,12406,1.1214987988433112,-0.0824148177964695,-0.3087862632932814,True,False,interface,0.007939586913116888
AGCCACTCCCGTGCTT-1,8067,9122,1.0103332545282264,-0.2791455895501271,-0.1350996046449394,True,False,interface,0.030520054190019286
AGCCCATACATGTAAG-1,11790,15366,-0.0119835952105333,0.2382278469998943,0.8426049077175998,False,True,interface,0.019565864199794083
AGCCCGGCATTAGAGG-1,16126,15381,-0.6356639470303789,0.0622130289938608,-0.227932867169899,False,False,other,0.004339095175424218
AGCCCTAAGCGAAGTT-1,6484,10929,-0.7185809902882738,-0.2791455895501271,-0.0204352335261873,False,False,interface,0.028787584832613636
AGCCCTTCTAATCCGA-1,6893,6626,0.6006875638267749,0.8911421793591939,-0.1355984696796827,True,True,tumor_core,0.13374420044099988
AGCCGCAAATTCAAAT-1,10795,17968,-0.9861345197868546,-0.2791455895501271,-0.3905405541495154,False,False,other,0.001781692715811586
AGCCGCTTGATTAGCG-1,5669,18176,1.904136848078064,0.0622130289938608,0.4344319606406819,True,False,interface,0.22241703619206565
AGCCGTGGCTAAATGT-1,13365,15825,-0.1465687283564837,0.0622130289938608,0.5436793104439235,False,False,other,0.00733036741085069
AGCCTAATACCCACGT-1,13362,16731,1.1758372414016665,0.0414970752462367,0.4219400351335342,True,False,interface,0.03106568244963265
AGCCTTAAAGCGGAAG-1,7646,16597,-0.7182445954979316,-0.2791455895501271,0.0527415653179436,False,False,other,0.0026331543546339355
AGCCTTGTCACTGATA-1,17693,18106,-0.7070855516803451,0.2947229236749599,-0.6481734854350091,False,True,immune_core,0.04154352856116359
AGCGACAGGAACGGTC-1,13568,14126,1.143664913760622,0.114315953957188,-0.2491341970502275,True,True,tumor_core,0.014350305778370305
AGCGACATCCCATTCA-1,6876,11610,1.2038979199612407,-0.2791455895501271,-0.255623975343879,True,False,interface,0.026439050754021632
AGCGACCAACGATATT-1,8451,12069,-0.6525490788350086,-0.0824148177964695,1.0621630610371384,False,False,other,0.0104370582215989
AGCGAGACGTGAAGGC-1,16913,15837,-0.2638692261816551,-0.2791455895501271,-0.5957816649886752,False,False,other,0.0037665651393312457
AGCGCGGGTGCCAATG-1,8269,7877,-0.4602542974697003,0.8346471026841285,-0.585897570698739,False,True,interface,0.22622984434217264
AGCGCTTATGGGCAAG-1,5117,7412,-0.5429181942881647,0.5140044378877645,0.2761755788722513,False,True,other,0.17042312858170314
AGCGGCGGTTAGCGGT-1,13361,16957,1.2977907278927197,0.812953054075358,-0.0281949265643597,True,True,interface,0.06257354642885445
AGCGGGAAGGGTCCAT-1,6078,14099,1.1424942634564257,-0.2791455895501271,0.1042527595318473,True,False,interface,0.2393969744094173
AGCGGTTGAGATGTAC-1,3537,8086,-0.6056281260856508,-0.2791455895501271,1.2813443598277223,False,False,interface,0.12924225069523743
AGCGTACGAGAGCTAG-1,5087,15568,-0.2528282406036707,0.2165337983911238,-0.0329159071389725,False,True,immune_core,0.17707617516032328
AGCGTAGCGCTAGACC-1,4102,15451,0.6671029756370349,0.9779674613848875,0.5270616593739964,True,True,interface,0.21800156954800812
AGCGTCTGAACCCGCA-1,4698,14207,1.2526728132846645,-0.0824148177964695,0.2894926763540389,True,False,interface,0.12654721346617856
AGCGTGGTATTCTACT-1,12399,10270,-0.72052629272918,-0.2791455895501271,-0.1194408913599177,False,False,other,0.00048410440749557587
AGCGTTCCGATTTAAA-1,3932,7861,-0.6356639470303789,-0.2791455895501271,0.9268631873175524,False,False,interface,0.0797951790502937
AGCTAACAAGCAATGT-1,15538,14586,-0.7531014844133275,-0.0824148177964695,0.3612322864234562,False,False,other,0.001258830430916615
AGCTAGAAGCAGAAGT-1,7680,7081,-0.6886288306306193,0.2165337983911238,-0.4663318411426292,False,True,immune_core,0.01995518946157994
AGCTATTTAATCCAAC-1,6685,9910,0.6333762231621141,-0.2791455895501271,0.2433191156160474,True,False,interface,0.031977108195676916
AGCTCTAGACGTTCCA-1,11022,9699,-0.3469858696533712,0.2382278469998943,-0.2531327543475793,False,True,immune_core,0.008707637469320201
AGCTCTTCCCAGTGCA-1,7084,8325,0.3927182810918261,-0.2791455895501271,-0.3505400028536237,False,False,other,0.006918535191506751
AGCTCTTTACTCAGTT-1,11600,13213,-0.4927458278667742,-0.2791455895501271,0.2079552362307891,False,False,interface,0.0022530980925893024
AGCTGAAGTAAACCAA-1,7477,8780,0.5571599278350552,-0.2791455895501271,0.2232743407612973,True,False,other,0.010742284737449712
AGCTGCATTTGAGGTG-1,3741,6161,-0.7533673132199233,0.3533079712137169,0.1305358501155067,False,True,other,0.052685418032960236
AGCTGTAACCTCAATC-1,14156,15148,-0.2360136747827877,-0.0824148177964695,1.0410705313789836,False,False,other,0.0029159878961498606
AGCTTATAGAGACCTG-1,4505,12961,-0.4646540367503025,-0.2791455895501271,0.3212692047367101,False,False,interface,0.09716010161312284
AGCTTCAATACTTTGA-1,3532,9672,0.4623875047541568,0.4132645701447814,0.7994175677294529,False,True,interface,0.004650942435395198
AGCTTGATCAGGGTAG-1,17696,17200,-0.0606083507933747,0.0622130289938608,-0.095538751837303,False,False,other,0.002785689457659527
AGCTTGATCTTAACTT-1,11591,15705,0.1637310008547125,-0.2791455895501271,0.3505993094700194,False,False,interface,0.010005748004586756
AGGAAAGCCTCTGATG-1,4491,16812,0.5800460675837769,-0.2791455895501271,0.417450731702937,True,False,interface,0.008796101629601849
AGGACATCGCACGTCG-1,6670,13988,0.7302173141807387,0.0414970752462367,0.0018705789500469,True,False,interface,0.009716709291685702
AGGACGACCCATTAGA-1,11995,13214,0.0326978972014556,-0.2791455895501271,-0.4459803616254628,False,False,other,0.011963249073820239
AGGACGCTCGATGTTG-1,7089,7193,-0.5387617605997566,-0.0824148177964695,0.1409246613696177,False,False,other,0.0021912408694221863
AGGACTTATAGGAGAA-1,6064,17951,-0.069506143522309,0.032665306417353,-0.4342258786841363,False,False,interface,0.020538751667965285
AGGATCACGCGATCTG-1,12968,16503,-0.0381538147183763,0.6304144842562389,0.2476081603034383,False,True,immune_core,0.024307591282308864
AGGCAAAGAGGAATCA-1,3714,13864,0.7243358843620706,1.3479368854228848,1.2559060676055471,True,True,interface,0.3191497611399923
AGGCAATACGGAGGAC-1,4092,18170,0.7936881776256789,-0.2791455895501271,0.5869979070567284,True,False,interface,0.03161559858406493
AGGCAGATGCGTAAAC-1,8660,8558,-0.9861345197868546,-0.0824148177964695,0.1438713860749383,False,False,other,0.01479457536514895
AGGCCACCCGTTATGA-1,9035,13996,-0.8314632885071506,-0.2791455895501271,-0.4534258588975793,False,False,other,0.00043816393510724103
AGGCCCAGTGACTGGT-1,5281,16588,-0.5964849506927171,-0.2791455895501271,0.1896817532363056,False,False,other,0.011985399078591882
AGGCCCATTGTACAGG-1,6480,12062,1.768895128261715,0.3533079712137169,0.0568029526760836,True,True,interface,0.03466242324864499
AGGCCCTAGAACGCCA-1,12381,15481,0.0051891379967744,-0.0824148177964695,0.6919824409331902,False,False,interface,0.011494537092229922
AGGCGGTTTGTCCCGC-1,15137,16397,-0.183366856824077,0.7186897262037621,0.477026615682171,False,True,interface,0.04246395802024086
AGGCTATGGTTAGCTT-1,8638,14901,-0.1704788076606048,-0.0824148177964695,0.6698858626931392,False,False,other,0.000699051648736041
AGGCTTCCCGAAGAAG-1,13373,13559,-0.4744364033530157,-0.0824148177964695,0.4071858166559848,False,False,other,0.02478385323290333
AGGCTTGCTAGACACC-1,8239,16259,-0.3729314855024659,-0.2791455895501271,0.0565382640288605,False,False,interface,0.003497454782623146
AGGGAAACGAGGTACT-1,6099,8209,1.0434774058452851,0.3172736661341069,-0.2810331373896323,True,True,interface,0.035646401240186726
AGGGACAGCACGGCGG-1,4308,13073,0.6479911552118054,0.3533079712137169,-0.1876366560526504,True,True,interface,0.020889645015411473
AGGGACTCTACGCGAC-1,14363,12316,-0.8732522215679782,-0.2791455895501271,-0.1496913185280436,False,False,other,0.0036988987242995534
AGGGCAGCGGCGTGGT-1,5108,9904,-0.7070855516803451,-0.2791455895501271,-0.1275440533799729,False,False,other,0.007536430814423827
AGGGCGAGCAGCTGAT-1,12181,16047,1.072727957311526,0.2589438007475185,-0.6494741925096513,True,True,interface,0.010230812774083635
AGGGCGTGATCGGCTA-1,6870,13196,0.9666960065293864,-0.2791455895501271,0.6521100372320989,True,False,interface,0.031366760043710674
AGGGCTGCAGTTACAG-1,10426,10943,-0.7070855516803451,-0.0824148177964695,0.6339071670780855,False,False,other,0.006797752874311111
AGGGTGGATAGTGCAT-1,9221,17056,-0.8640384801912979,-0.2791455895501271,-1.0133314156066795,False,False,other,0.0007611476294700982
AGGGTTCCCTTTGGTT-1,9450,8334,1.0089750929603645,0.0622130289938608,-0.8914550692664877,True,False,interface,0.008977092514788993
AGGGTTTAGTTCGGGA-1,10031,11168,-0.8732522215679782,-0.2791455895501271,-0.6048510669733141,False,False,interface,0.08426014870309938
AGGTAACCTCCTATTC-1,6080,13646,0.7041796984876033,1.487774812402964,0.6771584303077122,True,True,interface,0.2650714832240106
AGGTACGATATTGCCA-1,5897,9681,-0.7185104243045272,-0.2791455895501271,-0.1842076082500449,False,False,other,0.003996256805736917
AGGTAGGTACAAAGCT-1,10412,14794,-0.4510233683799772,-0.2791455895501271,0.0642886621289767,False,False,other,0.000251335227929685
AGGTCAGGTGAGAGTG-1,12576,16048,0.5344470655036543,-0.2791455895501271,-0.3796257871791973,True,False,interface,0.03886845645139935
AGGTCGCCACTTCGGT-1,4103,15225,0.664197200506411,0.032665306417353,0.0529891250180212,True,False,interface,0.08920496587416708
AGGTGTATCGCCATGA-1,10800,16382,-0.2725775273382713,-0.2791455895501271,-0.7094891450110259,False,False,other,0.0016854030555927626
AGGTTCTCCTTTCCGG-1,16513,17422,-0.6402191861944511,0.032665306417353,0.4949250595984774,False,False,other,0.004491356092073985
AGGTTGAGGCACGCTT-1,7867,9914,-0.577691834852649,-0.2791455895501271,0.3711990122024995,False,False,other,0.0023360842469396285
AGGTTTCACACACCTT-1,11609,10721,0.1611107873927276,-0.2791455895501271,-0.0132043447416731,False,False,other,0.02388422899414727
AGTAACGTTCATCCTG-1,4523,7976,-0.5826987824389219,-0.2791455895501271,-0.1650104940828608,False,False,other,0.00350006757308265
AGTAATGTCTTGCCGC-1,6679,11496,0.8302936773688199,-0.2791455895501271,-0.2654638448315866,True,False,tumor_core,0.02315981497506422
AGTAATTTGCAAGCGT-1,17105,17311,0.1637052098633137,-0.2791455895501271,0.1934031819039992,False,False,interface,0.0091565412982036
AGTACGGCCCGTATCG-1,10404,17060,-0.7645263570375098,0.0414970752462367,-0.922534324774436,False,False,other,0.00034943689509214353
AGTACGGGCACCTGGC-1,8461,9350,0.525699411427748,-0.2791455895501271,-0.1395071881414361,True,False,interface,0.05535148595161358
AGTACGTGGCCTGTCT-1,4719,8317,-0.7625810545966036,-0.2791455895501271,-0.7483016426323664,False,False,other,0.0012465349266876976
AGTAGCGTGAACGAAC-1,3924,10127,1.6662972433529544,-0.2791455895501271,0.3061967705875634,True,False,interface,0.10056263538600835
AGTAGCTAGACGCCGA-1,4331,6730,-0.6816798797633614,0.0622130289938608,-0.2423783500919905,False,False,other,0.01103256592889197
AGTAGGAAGGAAGTTG-1,6694,7191,-0.8103035415361104,0.2618950201400714,0.0235599520811221,False,True,immune_core,0.0185165862030172
AGTAGGTAACATACAT-1,6084,12513,1.632723677945868,0.2947229236749599,0.6093177768222277,True,True,interface,0.04170640708149484
AGTATAATACTAGGCA-1,8442,14561,-0.7623152257900078,-0.0824148177964695,-0.3302176301076899,False,False,other,0.0015187723483990323
AGTATCCATAATAACG-1,4299,15565,1.0241883453811382,0.2382278469998943,0.2625513161848237,True,True,interface,0.5123010148679009
AGTATGCTGGAGACCA-1,14943,15377,0.2103691304882116,-0.2791455895501271,0.0755475867487059,False,False,interface,0.0033611889226793615
AGTCAACACCACCATC-1,11601,12986,0.7746502164674586,0.3533079712137169,0.494408887773018,True,True,immune_core,0.014014300203387092
AGTCACTCCGCCTCAT-1,4696,14887,1.01242086738761,0.5138883342749851,0.208155337514045,True,True,interface,0.03206753612082194
AGTCAGCCACCGCCTG-1,6666,15121,-0.3366155262021985,-0.2791455895501271,0.2842372720082287,False,False,interface,0.011109525966790186
AGTCCAGCGGGTACGT-1,4297,16018,-0.0378164081820017,0.032665306417353,0.183365751942967,False,False,interface,0.07129605091450751
AGTCCCGCCTTTAATT-1,6889,7758,-0.2052765069335961,-0.2791455895501271,-0.3828905618885208,False,False,other,0.008774467248921714
AGTCGAAACGATTCAG-1,17101,18217,-0.525063346042751,-0.2791455895501271,0.4274607238566872,False,False,other,0.003612638812488798
AGTCGGCCCAAACGAC-1,8444,13881,-0.8103035415361104,-0.2791455895501271,-0.028280148791843,False,False,other,8.81304820642702e-05
AGTCGGCTCAACTTTA-1,12774,15709,0.721626504085347,-0.0824148177964695,-0.5584724097124014,True,False,interface,0.020586909065248488
AGTCGTGGGCATTACG-1,13565,15032,-0.5292821904164807,-0.2791455895501271,0.2784020753719742,False,False,other,0.0075289726847324705
AGTCTCACAAGACTAC-1,14157,14921,-0.1307322010081139,-0.2791455895501271,-0.0581861384630896,False,False,other,0.0023237273019816916
AGTCTGGACATCCTTG-1,7057,16028,-0.395443563347838,-0.2791455895501271,-0.0832022973754573,False,False,other,0.000454546876856791
AGTCTTCTCCTCAAAT-1,8258,10822,-0.6525490788350086,-0.2791455895501271,-0.4404336475612703,False,False,other,0.015216709068811231
AGTGACCTACTTTACG-1,12195,12422,0.1780141186564324,-0.2791455895501271,0.3587088750410214,False,False,interface,0.01737619617342778
AGTGAGGGTTTCTGAC-1,5113,8318,-0.5135507197217792,-0.0824148177964695,-0.2721973793473163,False,False,other,0.007381448675644418
AGTGATATGAGTAGTT-1,12390,12762,0.0034847031031046,-0.2791455895501271,0.4356777379110376,False,False,interface,0.02374901076297578
AGTGATTCAAGCAGGA-1,10041,8449,0.1451174506114088,-0.2791455895501271,-0.6096036775917497,False,False,interface,0.004021990300360341
AGTGCGTAGCTCGTAA-1,12585,13556,0.0359325281218054,0.114315953957188,0.3338578553700389,False,True,immune_core,0.006000773790776335
AGTGGCGGCAATTTGA-1,8270,7650,0.9961849416901816,0.0414970752462367,0.3009306882729625,True,False,interface,0.12246149939464929
AGTGGCTCCGTCGGCC-1,11390,16950,-0.8103035415361104,-0.2791455895501271,-1.0509246373475087,False,False,other,0.004149221968618266
AGTGGGAGTATACACG-1,4683,18285,-0.3458127415802666,0.032665306417353,0.1990055274012303,False,False,other,0.0012480283704553413
AGTGGTGTTACCCGTG-1,12768,17295,-0.2728653119801817,-0.2791455895501271,0.165364664586977,False,False,other,0.046782874436106216
AGTGGTTGCGTATAGG-1,10402,17513,-0.5687975815444848,-0.2791455895501271,-0.9553927280627368,False,False,other,0.0006753690844189202
AGTGTATTGCGCATTG-1,6890,7532,-0.6525490788350086,0.0622130289938608,-0.958375645600288,False,False,other,0.009293342665329616
AGTGTGCTAAGATCGC-1,6264,17158,0.397785574199748,0.3965328626278556,-0.1187842429431925,False,True,interface,0.10653056499109859
AGTGTGGTCTATTGTG-1,7649,15691,-0.3089041331421236,-0.2791455895501271,-0.196625776526963,False,False,other,0.0063830250709943775
AGTTAAACACTTGCGA-1,11403,13325,-0.3987776251805071,0.0622130289938608,-0.29772689157559,False,False,other,0.0013380053470956055
AGTTAAGCGGTCCCGG-1,6687,9230,-0.6974212433172339,0.8943485809039154,0.3218185104629216,False,True,immune_core,0.07025283628667545
AGTTAAGTCAACCGCT-1,13563,15485,-0.2502332223099711,0.2293960781710106,0.6561035260368272,False,True,interface,0.012028516856500937
AGTTACCCTTAAGACT-1,8234,17392,-0.9861345197868546,-0.2791455895501271,-0.3958260806498458,False,False,interface,0.01270346325756016
AGTTACCGCACATGGT-1,8631,16714,-0.2648770767879771,-0.2791455895501271,-0.503067359647257,False,False,interface,0.008200663944472079
AGTTACTCTATCGTGG-1,6494,8210,1.5528180846723008,-0.0824148177964695,-0.3607621342975701,True,False,interface,0.6066629327587199
AGTTATTGAAAGGTAA-1,3925,9900,1.3306982385315105,-0.2791455895501271,0.1724045894673427,True,False,interface,0.0429036876974938
AGTTCACCGGTTGGAC-1,7446,17389,0.4954231672899748,-0.2791455895501271,0.3707015293547905,True,False,interface,0.0581860472444432
AGTTCCTACAGAATTA-1,9434,12639,-0.8751975240088844,-0.2791455895501271,0.2640912247998329,False,False,other,0.00289065491794681
AGTTCCTATTTATGTT-1,12003,10949,-0.8751975240088844,-0.0824148177964695,-0.8792119063127412,False,False,other,0.0006715945688938353
AGTTCTGCGTTGTATC-1,6071,16138,0.6058176965240499,-0.0824148177964695,-0.1952709904145713,True,False,other,0.08910483774215129
AGTTGACATCGGCTGG-1,5482,15343,0.0815512086907206,0.0622130289938608,-0.1172479714133595,False,False,other,0.008386690423534902
AGTTGCGGTCCTCAAC-1,17302,17198,0.8490713439584147,-0.2791455895501271,-0.2560082721539177,True,False,interface,0.03191567408042997
AGTTGCTGACTGATAT-1,6662,16254,-0.8751975240088844,-0.0824148177964695,0.0319181649306858,False,False,other,0.04290192284718625
AGTTTCGCAGGTCGGA-1,5891,11266,1.2832753772522862,0.0414970752462367,1.6190740160811552,True,False,interface,0.016539209122528997
AGTTTGGCCAGACCTA-1,12777,14803,0.3724595946624019,0.032665306417353,0.4401328787085907,False,False,interface,0.031184233371460812
ATAAACCATTGGACGG-1,4110,13186,0.9853129133444976,0.374023924961341,-0.0119050128372044,True,True,interface,0.06500324564676925
ATAAACGGACCCGTAA-1,12790,11405,-0.8640384801912979,-0.2791455895501271,0.4697349278423131,False,False,other,0.004050356913619185
ATAAAGGCTCGGTCGT-1,10223,12641,-0.9861345197868546,-0.2791455895501271,0.6230363308682119,False,False,other,0.002296100028639948
ATAAAGGTCAAGTACG-1,4521,8656,-0.4912627335700602,0.0622130289938608,-0.0795502281406793,False,False,other,0.0014724212890460458
ATAAATATTAGCAGCT-1,11002,15136,-0.5867500763458592,-0.2791455895501271,-0.2851811192785395,False,False,other,0.00025058174735578294
ATAACGCCGGAGGGTC-1,10432,9130,0.6103391374900228,-0.0824148177964695,0.1561666881399994,True,False,interface,0.0052426376912899616
ATAACGGAGTCCAACG-1,8459,9803,0.8986127711148797,-0.0824148177964695,0.3276844843677127,True,False,interface,0.09060946573065609
ATAAGTTACCGCGACG-1,12589,12423,-0.6421644886353572,-0.0824148177964695,0.2531083888390329,False,False,other,0.06460678199733681
ATAATACCGTTAGCCG-1,6661,16480,-0.2248898300578143,-0.2791455895501271,0.3622144698245502,False,False,other,0.05655350254014965
ATAATAGCTGTTGAAT-1,12790,11178,-0.8103035415361104,-0.2791455895501271,1.4203876325403366,False,False,other,0.001657302617360806
ATAATAGTGTAGGGAC-1,7061,14896,0.1053918245666587,-0.2791455895501271,-0.3543375293992517,False,False,interface,0.025827468720839058
ATACAGCGTCCACTGA-1,18086,18334,-0.7162992930570253,-0.0824148177964695,-0.6384148207919599,False,False,other,0.0015215044699494393
ATACCACGGGCAACTT-1,10411,15021,-0.8640384801912979,-0.2791455895501271,-0.2364097380231611,False,False,other,0.001412194606674292
ATACCAGCAAATTGCT-1,4314,11487,1.3931033337081369,-0.2791455895501271,1.0554538495546482,True,False,interface,0.320066233329347
ATACCAGGCTAATAGA-1,5297,12057,1.0122202117488606,0.4914536954286175,0.5925670534543699,True,True,interface,0.04502740311599848
ATACCAGGTGAGCGAT-1,3720,12052,-0.0499790281451112,-0.2791455895501271,0.7716586506246205,False,False,interface,0.060880414685765084
ATACCCTGGCTCAAAT-1,3703,16809,-0.0528622915881034,-0.2791455895501271,-0.0593583823218981,False,False,other,0.003205871784749963
ATACGCCGATCTACCG-1,3710,14770,1.3169970719392603,-0.0824148177964695,1.1433466016660072,True,False,interface,0.23124848357488006
ATACGCCGGCGAAACC-1,11417,9474,-0.605362297279055,-0.2791455895501271,-0.3985464078682702,False,False,other,0.0006618769895382979
ATACGGAACGTCGTTT-1,14548,15829,0.3373900128466811,0.0622130289938608,0.4566018920043597,False,False,other,0.016759694242761632
ATACGGGTTTCGATTG-1,7870,9008,0.5440950241091091,-0.2791455895501271,-0.9523880643383472,True,False,tumor_core,0.04538139792631219
ATACGGTGAAGATGCA-1,10010,17059,-0.8751975240088844,0.2165337983911238,-1.3363448484046272,False,True,immune_core,0.011437580263678809
ATACTAGCATGACCCT-1,7665,11386,0.4632532041548656,-0.2791455895501271,0.1093162551682243,False,False,other,0.02268791336832507
ATACTCTCGCCACTCT-1,5285,15456,-0.2529837404871407,-0.2791455895501271,0.2656124429495746,False,False,other,0.0511836936387099
ATACTTGTTCTCGAGC-1,9418,17170,-0.5856121473653678,0.032665306417353,-1.1747467286185245,False,False,other,0.0007973523987181179
ATAGACAACGGGACCT-1,9057,7879,0.2708590874061077,-0.2791455895501271,-0.5115401215313246,False,False,other,0.01760426945384463
ATAGACGAAGAGAAAG-1,10023,13207,-0.7185809902882738,-0.2791455895501271,0.1162842147005913,False,False,other,0.00029026955627971707
ATAGAGTACTGGGACA-1,8645,12862,-0.87546335281548,0.0414970752462367,0.1815153052407925,False,False,other,0.00742109048073667
ATAGAGTTATCAACTT-1,8860,7765,0.1409988517635593,0.0414970752462367,-1.017775130596182,False,False,interface,0.024378200146502924
ATAGATTTGCAGTCGG-1,3725,10692,-0.8314632885071506,-0.2791455895501271,0.3673105112851825,False,False,other,0.013844640879700608
ATAGCCTCAGTACCCA-1,7054,16708,-0.2506314844419527,-0.2791455895501271,0.0566532570655474,False,False,other,0.01076819575642285
ATAGCTGCTCTTGTTA-1,6658,17160,0.3792860005874441,0.0414970752462367,0.1412487207340476,False,False,interface,0.047272921758351745
ATAGGAATCTAAGCTT-1,4528,6617,-0.6310054448177708,-0.2791455895501271,-0.0033461684459061,False,False,other,0.0032141771543919913
ATAGGCGGCTATAGAA-1,11990,14574,-0.4944253015010846,0.1776491165135635,0.4633236892062516,False,True,immune_core,0.001497235342242229
ATAGGCTAGCTTCGCA-1,8468,7311,1.012527137702302,-0.2791455895501271,-0.9758211190363932,True,False,interface,0.014826814932878324
ATAGGGATATCCTTGA-1,7669,10253,-0.5687975815444848,-0.2791455895501271,0.9923471203227884,False,False,interface,0.05276265971421318
ATAGGTTGGGCAGATG-1,9046,11051,0.0574685638430615,-0.2791455895501271,0.1626517495034385,False,False,interface,0.03725740699766194
ATAGTCTTTGACGTGC-1,4908,10696,1.415677255053043,0.2382278469998943,0.3813449516304369,True,True,interface,0.029634714356786662
ATAGTGAAGCGTTCTC-1,11605,11853,1.2293890232576323,-0.0824148177964695,-0.2324101142818123,True,False,tumor_core,0.015643541188394384
ATATACATGTATGGTA-1,13159,18203,0.1845135502664844,-0.2791455895501271,-0.5575006745658476,False,False,other,0.004572193043303926
ATATAGAGTATTGGTC-1,15923,17080,-0.1671928413879476,0.2382278469998943,0.0409951158144568,False,True,interface,0.13336943123022546
ATATCAATTCCAGCCT-1,14541,17641,0.2187603341293963,0.2165337983911238,-0.2545585159427249,False,True,interface,0.004000185633662526
ATATCGTGCCAGACCC-1,4124,9334,-0.9861345197868546,-0.2791455895501271,0.6413914785463231,False,False,other,0.04694024147001013
ATATCTCCCTCGTTAA-1,7281,8439,-0.5849602737884229,-0.2791455895501271,-0.6836571572805188,False,False,other,0.005050951439547416
ATATCTTAGGGCCTTC-1,10424,11396,-0.3735001107284989,-0.2791455895501271,0.6922808651473665,False,False,interface,0.029354452589826937
ATATTATCCCGTATTT-1,5275,18174,-0.2614629186736283,-0.0824148177964695,0.359214918572783,False,False,other,0.013693136632106298
ATATTCAGTTAAACCT-1,12190,13781,0.5093494487419217,-0.2791455895501271,0.3012801201329473,True,False,interface,0.03677612570314596
ATATTCCCACAGGTCA-1,5693,11606,0.9277568372632564,-0.2791455895501271,-0.2032321548975453,True,False,interface,0.027333714247307545
ATATTGCTGTCAAAGT-1,7062,14669,1.046655932113046,-0.0824148177964695,0.2277733793311853,True,False,tumor_core,0.007561845933923488
ATATTTAACCCTCAAG-1,9633,12073,-0.7645263570375098,0.2165337983911238,0.2644774105047039,False,True,immune_core,0.003716732947676255
ATCAAACGAAGGTTTG-1,13172,14578,0.6803214853379594,0.2382278469998943,0.3416281485214855,True,True,interface,0.02870288109272757
ATCAATCTGGGCTGCA-1,10032,10942,0.6102100970558666,-0.2791455895501271,-0.0258848329961968,True,False,other,0.18064215203887005
ATCAATGCCGTGGCTG-1,15532,16172,-0.2919425569724341,-0.0824148177964695,-0.3143029623323314,False,False,interface,0.004060338868623989
ATCACATTAGAATATC-1,7476,9007,-0.1602006693394588,1.174363165250948,0.6648972385258061,False,True,other,0.5312035259508997
ATCACGTGCTAATTAA-1,12582,14236,0.2073729717910169,-0.2791455895501271,0.4023905158451057,False,False,interface,0.034341938179923835
ATCACTTCATCCTCGC-1,7667,10706,0.7306863361825562,0.0622130289938608,0.4613440288289195,True,False,interface,0.03433551204549875
ATCAGACGGCACGCCG-1,12190,13555,-0.4375277949148727,-0.2791455895501271,0.276829122977249,False,False,interface,0.004871184019884645
ATCAGCTCGTCCACTA-1,13165,16617,-0.1887632888466441,0.032665306417353,0.647243496557843,False,False,interface,0.008419333498573225
ATCAGGTCGCCATTGC-1,5116,7639,-0.8732522215679782,-0.2791455895501271,-0.6433008409733512,False,False,other,0.03234798890482166
ATCAGTAGGCAGGGAT-1,8070,8442,-0.4414773246226705,-0.2791455895501271,-0.3115489041786644,False,False,other,0.010501959087847831
ATCATCCAATATTTGT-1,11212,11625,1.2605307181661467,-0.2791455895501271,-0.0019321122255068,True,False,interface,0.044492107766750645
ATCATCTGCCCAGTGT-1,3929,8767,0.7608168097547388,0.374023924961341,0.6082892137813377,True,True,interface,0.013712892159474568
ATCATTGTACCGCATT-1,15919,18213,0.2080304615936255,-0.2791455895501271,0.3331012893244214,False,False,other,0.0019406088770674596
ATCCAACGCAGTCATA-1,8443,14108,-0.9861345197868546,-0.2791455895501271,0.3725554808473695,False,False,other,0.0003936054753881672
ATCCAATGGAGGGTCC-1,11987,15253,-0.5741872747411857,0.2589438007475185,0.3113750479798884,False,True,immune_core,0.01607347541955678
ATCCAATGGTACCGAA-1,10599,17627,-0.8640384801912979,-0.2791455895501271,-0.6013318961501362,False,False,other,0.0002531843847134024
ATCCACGCTAAATGTT-1,4520,8883,-0.6535893612595395,-0.2791455895501271,0.2228828599816022,False,False,other,0.0031831455308172323
ATCCAGAGCAACAACC-1,13377,12426,0.5161663092249749,-0.2791455895501271,-0.3392052233340792,True,False,interface,0.025435733199084196
ATCCAGGATTCGTGAA-1,11404,13099,-0.7093672489115936,-0.2791455895501271,0.160022121181218,False,False,interface,0.005101874820919708
ATCCCATCCACAGCGC-1,15727,16739,0.3136386291978062,-0.0824148177964695,-0.3655991312812454,False,False,other,0.0027208287966107836
ATCCTACCTAAGCTCT-1,12193,12875,-0.4969728275389289,-0.2791455895501271,0.977410788061392,False,False,other,0.0023639114829560703
ATCCTGAATCGCTGCG-1,11001,15363,-0.605362297279055,-0.2791455895501271,-0.1346775780756124,False,False,other,0.002388915866190252
ATCCTGCGTGGAATGG-1,12390,12989,-0.8751975240088844,-0.2791455895501271,0.0719294391819054,False,False,interface,0.009141378190289623
ATCCTGCTGCAGATAG-1,4701,13301,0.8716130413580002,0.032665306417353,0.5088330596073186,True,False,interface,0.011318712854849545
ATCGACCCAATACAGA-1,12002,11175,-0.5705393348436223,-0.2791455895501271,-1.0803102924021828,False,False,other,0.0013951439898140013
ATCGACTCTTTCCGTT-1,8059,11388,0.6014326901037849,-0.2791455895501271,0.2798394829172834,True,False,other,0.021663033409500834
ATCGCACGATTGTTCA-1,4887,16360,0.3606924759943044,-0.2791455895501271,0.647731844860698,False,False,interface,0.010213496970705624
ATCGCACGCCGGGAGA-1,8452,11842,-0.7185104243045272,-0.2791455895501271,0.7047540758587132,False,False,other,0.02300782262940161
ATCGGCAAGCAGTCCA-1,7482,7421,-0.4197818722680771,-0.2791455895501271,-0.3682930044770288,False,False,interface,0.0035035607837069598
ATCGGTTACCTAGTAA-1,10205,17399,-0.8640384801912979,-0.2791455895501271,-0.4791967932769949,False,False,other,0.004300715928969352
ATCGTATTCCGAGAAC-1,9218,17962,-0.2131382081371833,-0.0824148177964695,0.0193129333937047,False,False,other,0.005308888528046123
ATCGTCCAATCGAGTC-1,5280,16815,-0.264904068833794,-0.2791455895501271,0.0620212321326679,False,False,other,0.01406365333601498
ATCGTGGAAAGTCTGG-1,15928,15721,-0.1115789667152333,0.3172736661341069,-0.0989076633300428,False,True,other,0.030224565453491434
ATCGTTCACTTTCGCC-1,5510,7640,-0.5449611432850315,0.0622130289938608,0.0437224333650081,False,False,other,0.012607115280713198
ATCTAACGTCCCTATG-1,5276,17948,0.1352450510617726,0.2382278469998943,0.3464979662770341,False,True,immune_core,0.008871424711084973
ATCTATCGATGATCAA-1,4093,17943,1.469151097816037,-0.2791455895501271,-0.2206603782089492,True,False,interface,0.0832709633328816
ATCTCATAAACCTACC-1,3543,6500,-0.6421644886353572,-0.2791455895501271,0.7178990928161169,False,False,other,0.002047496321284341
ATCTCCCTGCAATCTA-1,6684,10136,1.7057199342615514,-0.2791455895501271,-0.8607452321121364,True,False,tumor_core,0.008956769954662411
ATCTGATAGTGTCTTA-1,6659,16933,0.4105701777856135,-0.2791455895501271,0.1624540176908078,False,False,interface,0.19485782025354625
ATCTGGTTAAGACTGT-1,8656,9690,0.9156163000147872,0.2382278469998943,-0.3908371497787662,True,True,interface,0.009155745685347353
ATCTGTAATTGTACCC-1,6480,11835,1.8020683900088097,-0.0824148177964695,0.9304293769279756,True,False,interface,0.01476522484371627
ATCTTAGGGCATTAAT-1,17105,17084,-0.1539670730558236,-0.2791455895501271,-0.2861884205864778,False,False,other,0.0035750435097638175
ATCTTGACCTGCAACG-1,8643,13315,-0.7185104243045272,-0.2791455895501271,1.131913426274491,False,False,other,0.0011028971702641839
ATGAAGCCAAGGAGCC-1,7856,13086,1.5305469632005002,-0.2791455895501271,-0.095777319703143,True,False,tumor_core,0.058995971248867816
ATGAAGTGGACCCAGC-1,9415,17849,-0.5335362706608494,-0.0824148177964695,-0.6553013141490165,False,False,other,0.004523277173496311
ATGACGCCGGCTCTAA-1,6678,11722,0.9365565954744518,-0.2791455895501271,-0.0471182867715241,True,False,tumor_core,0.052818820993328054
ATGACGCGTTCTATCC-1,13762,14920,-0.3936658113737243,-0.2791455895501271,0.2322209134942398,False,False,other,0.0027699195388704747
ATGAGGAGTGTTAATC-1,8443,14334,-0.8314632885071506,-0.0824148177964695,-0.3022092550818344,False,False,other,0.002567177973571933
ATGATCGGGAATAGAC-1,6676,12175,1.780693039778684,-0.2791455895501271,-0.337068200223912,True,False,interface,0.06233296688980736
ATGATGCAATGGTACA-1,12194,12649,-0.1901969098158394,0.0414970752462367,0.3511228839776046,False,False,interface,0.002121263435655257
ATGCACCTTCCTTAAT-1,7445,17616,1.3685972087708589,-0.2791455895501271,-0.7129861036180137,True,False,interface,0.14056530939626327
ATGCACGCGCTGTTCA-1,15134,17077,-0.3857970835265768,-0.2791455895501271,-0.1683324355659772,False,False,other,0.01742705584990481
ATGCACTACCGCATTG-1,8841,13203,-0.4581264145731101,-0.0824148177964695,0.1591949907820376,False,False,other,9.844732110832746e-05
ATGCATGATCCAGGAT-1,8455,10936,0.0356666993152097,0.3172736661341069,-0.4151169012833526,False,True,immune_core,0.021749052964495502
ATGCATTCCGTGATGG-1,4310,12394,0.3874816606005394,-0.0824148177964695,0.72675990558648,False,False,interface,0.03200948352204111
ATGCCGGTCTTGCATA-1,9642,9807,-0.4598329687796346,0.0622130289938608,-0.2521982299685025,False,False,other,0.016380580258706093
ATGCCGGTTGATGGGA-1,7280,8893,0.1972415280307961,-0.2791455895501271,0.669582484939638,False,False,interface,0.07253820065295184
ATGCGACAGTCCCATT-1,10428,10263,-0.8732522215679782,-0.0824148177964695,0.4311793156435214,False,False,other,0.0004723366931095962
ATGCTCAGTGTTGCAT-1,7652,15011,-0.6722286627649491,-0.2791455895501271,-0.3812570707885426,False,False,interface,0.020300792881656784
ATGGAAATTTAAGGAG-1,13950,17526,1.4423020459903957,0.2382278469998943,-0.2811486951461001,True,True,interface,0.026798162181187826
ATGGAGCAGGCCGTGA-1,10623,10830,-0.5845389450983574,-0.2791455895501271,0.0601323547027561,False,False,other,0.001161777436225555
ATGGATCCGGCGTCCG-1,7278,9346,0.2685562594297039,-0.2791455895501271,0.3146194771424851,False,False,interface,0.04572753663315263
ATGGATTGACCAAACG-1,8847,11390,0.8684098685432182,-0.2791455895501271,0.3086620960162888,True,False,interface,0.18675136386661242
ATGGCAGCATTACGAT-1,16123,16288,-0.3065631792588582,0.2947229236749599,-0.3549475863501205,False,True,other,0.010257938139924082
ATGGCAGCCGAGAAAC-1,10009,17285,-0.1611044167431845,-0.2791455895501271,-1.2160791773471669,False,False,interface,0.008969142883047506
ATGGCTGGAAATGGCC-1,5313,7753,-0.5942032534614687,-0.2791455895501271,0.440632135747534,False,False,other,0.000792252977473265
ATGGGAACGGAAGCGG-1,4325,8315,-0.4576570366247458,-0.0824148177964695,0.2490665073976287,False,False,interface,0.006497395687885025
ATGGGACCTGCTGAAC-1,15537,14813,-0.4297971478349064,0.2618950201400714,-0.3314446794528303,False,True,immune_core,0.0034010848768077835
ATGGGTGTATACCTCC-1,16125,15608,-0.7182445954979316,0.0622130289938608,0.2590019727893324,False,False,other,0.011585212389604574
ATGGTATTTACTGATT-1,17106,16858,-0.5030314988978152,-0.2791455895501271,0.0707040295463301,False,False,other,0.006007689861398609
ATGGTGCTCAAAGCCA-1,3721,11825,-0.4309700712542265,-0.0824148177964695,0.119162601043606,False,False,interface,0.017963574447344484
ATGTCATTTCCCATTG-1,7050,17841,1.4778953844202842,0.2165337983911238,-0.3146853835946405,True,True,interface,0.008250606860033781
ATGTGAAAGCCTAATG-1,12576,15822,0.7588909142906629,0.5140044378877645,-0.7968358262758881,True,True,interface,0.0009771959242916687
ATGTGCATCCGACGCA-1,8057,11841,1.4049767320616986,1.4454066148392022,0.926693229677822,True,True,interface,0.4953225600146088
ATGTGGACATCTTGAT-1,12794,10272,-0.8732522215679782,-0.2791455895501271,-0.465644072460631,False,False,other,0.0006101461992986162
ATGTGTAGTTTAGTCA-1,4510,11601,0.8540470004124394,1.2770869376959149,1.3860279710936112,True,True,interface,0.24461749601608906
ATGTTACGAGCAATAC-1,6469,15007,0.4831828607720094,0.3828556937902247,-0.4204519272360547,True,True,interface,0.008179006448982765
ATGTTCCTGCCCACCT-1,6658,17386,-0.3200039203076931,0.2589438007475185,0.9982179632906204,False,True,interface,0.017313843793597638
ATGTTCGTCGACCCAC-1,10208,16719,-0.8751975240088844,-0.2791455895501271,-1.3444694899202396,False,False,other,0.0014202795311668538
ATGTTTGTAAGATCAT-1,3937,6502,-0.3301771022029767,-0.2791455895501271,0.0676918635946125,False,False,other,0.0034319492702458783
ATTAAACATGCGGACC-1,12000,11628,-0.7645263570375098,-0.2791455895501271,-1.0464147165071545,False,False,other,0.015732107428643893
ATTAAAGCGGACGAGC-1,3501,18055,-0.3800599089854941,0.2382278469998943,0.1531424007338606,False,True,immune_core,0.02119186017071734
ATTAACACCTGAGATA-1,7246,18181,0.3770313839284096,-0.2791455895501271,-0.0189152002481897,False,False,interface,0.0654023374991849
ATTAATACTACGCGGG-1,7864,10820,-0.0336199565635765,-0.0824148177964695,0.2047706725390314,False,False,interface,0.007798082098755379
ATTAATGAACCAGTCG-1,8066,9348,1.3390781538714265,-0.2791455895501271,-0.3896637751911327,True,False,interface,0.05534818744579262
ATTAATTCGGTCACTC-1,6287,10815,0.8559498755508426,-0.0824148177964695,-0.1049347834287507,True,False,interface,0.01311522888426747
ATTACAACTACCGGCC-1,5704,8434,-0.5161778441579881,-0.2791455895501271,0.0266789214846569,False,False,other,0.014343924401148055
ATTACGCGCTGGCAGG-1,11397,14911,-0.6188903786725976,-0.2791455895501271,-0.0308938432310663,False,False,other,0.0007098303757300831
ATTACGGGCTACGGTT-1,16905,17876,-0.5757465324117427,0.0414970752462367,-0.6768130713459817,False,False,other,0.0017118731187337423
ATTACTAGCCTCTTGC-1,7066,13310,1.0759004495890392,0.114315953957188,0.3354790203386958,True,True,interface,0.024875949957249597
ATTACTTACTGGGCAT-1,7878,6969,-0.6076439945103036,-0.2791455895501271,-0.4139379610031736,False,False,interface,0.02212494678388507
ATTAGATTGATAGCGG-1,7266,12744,1.6222495582606,-0.2791455895501271,1.0230945864044585,True,False,interface,0.022139048595893857
ATTAGGCGATGCTTTC-1,10823,10265,-0.8751975240088844,-0.2791455895501271,-0.6728206937859936,False,False,other,0.00020496845147460817
ATTATACTTTGCTCGT-1,7080,9458,-0.6516440588186331,-0.2791455895501271,0.0164614760414045,False,False,other,0.050068793764477815
ATTATCTCGACAGATC-1,4905,11376,0.6692911054048855,-0.2791455895501271,-0.4005876919203892,True,False,tumor_core,0.03229231218207953
ATTATGAGACCCAATT-1,16515,16969,-0.6421644886353572,-0.2791455895501271,0.2828401349953203,False,False,other,0.02309235297771357
ATTATGCCATAGGGAG-1,7661,12292,0.544780343999107,0.2382278469998943,-0.2744814004697005,True,True,interface,0.02311943896597525
ATTATTATGTCCGTCA-1,15145,14132,0.2007296580523546,-0.2791455895501271,-0.6136810590192717,False,False,other,0.016296261904603555
ATTCAAAGTACCTGTT-1,5080,17607,-0.0571163718324721,0.2165337983911238,0.7025615079298666,False,True,immune_core,0.002709263648313666
ATTCAGGACCTATTTC-1,7483,7194,-0.1969196123448492,0.2947229236749599,0.1060637637054951,False,True,immune_core,0.016417974328161295
ATTCAGGATCGCCTCT-1,3733,8427,0.4830127950217998,-0.0824148177964695,-0.0097865189910319,True,False,interface,0.011679473748501397
ATTCAGTAGCAGGGTC-1,8833,15468,-0.9861345197868546,-0.2791455895501271,-0.4477190796056463,False,False,other,0.000235708484015045
ATTCATATACTGTCCA-1,12592,11517,-0.4183722752107243,-0.0824148177964695,-0.4682211160244126,False,False,other,0.0033948060004258627
ATTCCCACATAAACAA-1,8635,15581,-0.7182445954979316,-0.2791455895501271,-0.4994151420431043,False,False,other,0.0001306751252598394
ATTCCCGAAGGTACAG-1,15327,18324,-0.0222765026752131,-0.2791455895501271,-0.2601890376711939,False,False,other,0.00279580701223838
ATTCCTCCGCCAGTGC-1,8050,13880,-0.8072203101147128,0.4556745725011761,-0.3967039917598792,False,True,immune_core,0.007413910154389831
ATTCCTTCCAGGCGGT-1,5481,15570,0.1176742653528043,0.2165337983911238,-0.0335319778038944,False,True,other,0.015465705579487935
ATTCGACGCCGGGCCT-1,10607,15362,-0.1252944585531144,-0.2791455895501271,-0.4650761891311816,False,False,other,0.0015427157346790548
ATTCTCGTCTCTTTAG-1,5690,12512,0.9369227197815668,0.032665306417353,0.2994577687142297,True,False,interface,0.03797509888124669
ATTCTGAGTATGAACT-1,4718,8543,-0.352340363757459,-0.2791455895501271,-0.3002512978363909,False,False,other,0.0020105057281628756
ATTCTTCGTACTTATG-1,5310,8432,-0.6076439945103036,-0.2791455895501271,0.054178977745316,False,False,other,0.07230369149386827
ATTGAAGATCTTAGTG-1,9631,12753,-0.8732522215679782,0.3828556937902247,0.1309925264105532,False,True,immune_core,0.013545018125594797
ATTGACGTAACTCGGT-1,5107,10131,-0.7185104243045272,-0.2791455895501271,0.03996937377308,False,False,other,0.02840496503228142
ATTGATAGCAACGAGA-1,5875,15798,1.1651553043244238,-0.0824148177964695,0.0474653232052448,True,False,interface,0.05769865530381415
ATTGATCACCACATTT-1,13753,17412,0.5825974319984132,0.0622130289938608,-0.0824710138391019,True,False,interface,0.050085485704855104
ATTGCCTATTAGACCG-1,16717,15497,-0.1253425078114131,-0.2791455895501271,-0.9070243618245336,False,False,other,0.008484548312042445
ATTGCTGCTCCTCCAT-1,10417,13435,-0.605362297279055,-0.2791455895501271,0.5020252887458875,False,False,other,0.0013546054440295642
ATTGGGAATATCTTGG-1,5887,12399,1.3210320563917708,-0.0824148177964695,-0.6780272249989203,True,False,interface,0.032173561147798464
ATTGGTAGGATCCGCT-1,8429,17959,1.3347529243239749,0.2589438007475185,-0.4012463817417781,True,True,interface,0.564653798723873
ATTGTCGCAATACCTT-1,6492,8663,0.0221097578600357,0.2947229236749599,-0.7175655991911659,False,True,other,0.041202857755652404
ATTTAACTCGTATTAC-1,6281,12401,1.4584332609411224,-0.0824148177964695,0.1496193094989582,True,False,interface,0.03910038836784386
ATTTACAGTTTACTGG-1,9429,13998,-0.4854773889310002,-0.0824148177964695,-0.3427333905876337,False,False,interface,0.005882962601392975
ATTTCATTATTTCGCG-1,6292,9455,-0.4606027428433651,-0.2791455895501271,0.7062262534697596,False,False,interface,0.020080897678718717
ATTTCCGGGTTCTGCG-1,14356,14356,0.1630311604916772,-0.2791455895501271,0.3716236368400968,False,False,interface,0.01976583698833056
ATTTGCCTAGTTACGA-1,3723,11372,-0.4162896498368026,1.2770869376959149,0.5848895278653161,False,True,immune_core,0.1014689480480715
ATTTGCGCGAGTAGCT-1,13960,14807,0.013226170022051,0.0414970752462367,-0.038215719718915,False,False,other,0.0034384083679112856
ATTTGGAGATTGCGGT-1,14933,18322,-0.570742883985391,0.0414970752462367,-0.5865617776579929,False,False,other,0.007239362935436327
ATTTGTTCCAGGGCTC-1,7275,10252,1.075629394860996,0.0414970752462367,0.4923791069718735,True,False,tumor_core,0.02257588717962111
CAAACCAGGTCTGCAT-1,10596,18307,-0.9861345197868546,-0.2791455895501271,-0.958375645600288,False,False,other,0.0011479993002985937
CAAACGAGTATCGCAG-1,12784,12990,0.8207925043341702,-0.2791455895501271,-0.0991894334041306,True,False,interface,0.07019243338073118
CAAACGGTCGCACTTT-1,9430,13771,-0.7623152257900078,0.1776491165135635,-0.2730521986552829,False,True,immune_core,0.00792464593513253
CAAACGTGGTCTTGCG-1,4321,9448,-0.9861345197868546,-0.2791455895501271,-0.0026450539399608,False,False,interface,0.02524991319641058
CAAACTACGATAGAGA-1,5900,8774,-0.0976515691039024,-0.2791455895501271,-0.0412652199172866,False,False,interface,0.048826687946881775
CAAACTATTGAGCTTC-1,5699,9793,-0.8640384801912979,0.032665306417353,0.7661434418277003,False,False,other,0.007599464768064334
CAAAGATTATTGGGCC-1,14551,14923,0.0773170392143937,0.0414970752462367,0.4448719293613296,False,False,other,0.0034776491547071527
CAAAGTCAGGTTAGCT-1,5279,17042,-0.2515887097880305,0.4982917813099274,1.0652285812510487,False,True,immune_core,0.004573458147433445
CAAATCTCTCACAAGG-1,12183,15594,0.9409068343201966,-0.2791455895501271,0.0150590575718693,True,False,interface,0.013894205110229896
CAAATGCGGAGTGTTC-1,3524,11711,-0.7511561819724213,-0.2791455895501271,0.6855627138168879,False,False,other,0.003143783961827056
CAAATGTCCTTCCGTG-1,12392,12309,-0.2246240012512186,0.032665306417353,0.4950231898715382,False,False,other,0.008034687661063354
CAAATTGTCAGCAAGC-1,6090,10701,0.9777684871884608,-0.2791455895501271,0.3777786184822168,True,False,tumor_core,0.005612866082483099
CAACAGAATAACGCTA-1,3736,7747,1.1176002345747285,0.0414970752462367,0.7295019696364768,True,False,interface,0.04752388191649125
CAACAGTGCCAAACGG-1,3529,10352,-0.2505696171003134,-0.0824148177964695,0.3888641582168208,False,False,interface,0.058741113921579616
CAACATGGCCTGATAA-1,4688,16926,0.4018161123340198,-0.0824148177964695,0.7341277099248836,False,False,interface,0.008294597407322506
CAACCGCACCTAGACA-1,5671,17723,1.5502491857367768,-0.0824148177964695,0.0179307634786486,True,False,interface,0.07380428864137956
CAACGACCCGTTTACA-1,7463,12631,1.1903375124555446,-0.2791455895501271,-0.650214769487128,True,False,interface,0.00809695550738239
CAACGGTTCTTGATAC-1,7064,13989,0.4311824276625739,0.0622130289938608,-0.0430325364421135,False,False,interface,0.020103808654876657
CAACTATATCGAATGC-1,6489,9343,-0.6962833143367424,-0.2791455895501271,0.6474873566831921,False,False,other,0.027623510879096907
CAACTCCAACGTTTAG-1,4324,8542,-0.7511561819724213,-0.2791455895501271,-0.0985150933536127,False,False,interface,0.001914568551560576
CAACTCCTTGATCCCG-1,7067,13083,1.0815404878152437,1.6202803449514256,-0.1796620395653027,True,True,interface,0.21063211210410634
CAACTTGTAGTGGGCA-1,5291,13643,0.3256987996721943,0.2589438007475185,0.1761441706366917,False,True,interface,0.08119013241571846
CAAGCAACGTCGGAGT-1,9824,13999,-0.6494329275711311,0.0414970752462367,-0.2462985826065161,False,False,interface,0.017237197778555303
CAAGCACCAAATGCCT-1,7075,10818,1.6653135928851075,1.5036530298537552,0.0980020289811846,True,True,interface,0.5264683929940541
CAAGGATCGCATGTTC-1,11413,10607,-0.9861345197868546,-0.2791455895501271,-1.0464147165071545,False,False,other,0.009931729208510624
CAAGGGAGTGTATTTG-1,3705,16356,0.3712858214359267,0.7242143123342126,0.5154121876504846,False,True,interface,0.03368455349817679
CAAGTGAACTTTGGTT-1,4705,12168,-0.2372199402811907,0.5140044378877645,0.1513179666420356,False,True,interface,0.12948979700467897
CAATAAACCTTGGCCC-1,8656,9917,1.658610973092473,0.9209450840878702,-0.4797816552953503,True,True,interface,0.2572616000457342
CAATACGCTCTGAGGC-1,11389,17177,-0.4419277920843545,-0.2791455895501271,-0.9600446213447222,False,False,other,0.001096599319883032
CAATATGTAGATTTAC-1,4529,6390,-0.7531014844133275,-0.2791455895501271,-0.3059691631610485,False,False,other,0.0034656532424903507
CAATATTCTTGACCTA-1,14161,13788,0.888613983175883,0.4132645701447814,0.1311996351574411,True,True,interface,0.13215468265418567
CAATATTGGACTAGTG-1,5085,16248,-0.8751975240088844,-0.2791455895501271,0.053580025530235,False,False,other,0.03841718169738106
CAATCCATTATCCGTT-1,3541,6953,-0.7182445954979316,-0.2791455895501271,0.613616296303755,False,False,other,0.008430714951909628
CAATCCCTATACCAGC-1,5902,8321,-0.3057287252262295,-0.0824148177964695,0.1380492607756819,False,False,interface,0.009283547447588388
CAATCCTGCCGTGGAG-1,6270,15572,-0.5027656700912194,0.0622130289938608,-0.2863479764129769,False,False,other,0.0023806154829635203
CAATGGAATCTACATA-1,5312,7979,-0.7625810545966036,-0.2791455895501271,-0.0204622458616698,False,False,other,0.0006884389923190397
CAATGGATCTCTACCA-1,9055,8559,0.4006006964886687,-0.2791455895501271,0.0298821673000874,False,False,interface,0.055258403873878946
CAATGGTCGGCCTGGG-1,4706,11942,-0.34229216834815,1.124763950042838,0.3771617690294709,False,True,interface,0.2570567557933337
CAATTAAGGGTGATGA-1,9243,10939,-0.7531014844133275,-0.2791455895501271,-0.3087862632932814,False,False,interface,0.007653003659394665
CAATTGGGCCGCACTC-1,14540,17868,-0.0735301438853311,0.2589438007475185,0.5053477474845071,False,True,interface,0.019900976682085302
CAATTTCGTATAAGGG-1,10819,11171,0.6220075735952787,1.133595718871722,0.224721762078658,True,True,immune_core,0.08565512301916063
CAATTTGACCGGGAAG-1,4886,16814,0.2648470052148354,0.4556745725011761,0.5183725473217878,False,True,immune_core,0.01975455216361373
CACAAGCTAAGAAAGG-1,16713,16630,-0.2521268936992073,-0.0824148177964695,-0.4972212416558755,False,False,interface,0.008981399755498597
CACAATGAGCTGCTAT-1,11799,12647,0.7785906388761897,0.2290610102834133,0.3301370437543585,True,True,interface,0.049920592562099596
CACACAGGGATAGATT-1,8439,15240,-0.7623152257900078,-0.2791455895501271,-0.6061214116310729,False,False,other,0.000223636356863976
CACACGTTTCAATGGG-1,4522,8203,-0.7531014844133275,-0.2791455895501271,0.7487813080341205,False,False,other,0.0009556765831189806
CACAGAGACGAGGACG-1,16124,16061,-0.6882075019405536,-0.2791455895501271,-0.7731028938121808,False,False,other,0.008403834842409849
CACAGCACCCACGGCA-1,9635,11620,-0.363920736265111,-0.0824148177964695,0.548251446296297,False,False,other,0.010027920603501956
CACAGCTAGGGAGTGA-1,7467,11499,1.172801042755142,-0.2791455895501271,0.2862506385508779,True,False,interface,0.031067390157172622
CACATAAGGCGACCGT-1,3710,14997,0.2284774061642726,0.032665306417353,2.105932817359555,False,False,interface,0.547105231559417
CACATCGTGCACGCGC-1,15342,14019,0.0027200266485334,-0.2791455895501271,-0.2877691850739808,False,False,other,0.006355463120413529
CACATGATTCAGCAAC-1,11017,11058,-0.3932324321003362,-0.0824148177964695,-0.8224059412276058,False,False,interface,0.013144152581094184
CACATGTTTGGACATG-1,5479,16249,0.0789796587410338,0.658632284678095,0.2271518047272316,False,True,interface,0.04511349456494231
CACATTCTTTCGATGG-1,7085,8099,-0.8072203101147128,-0.2791455895501271,-1.107826152284724,False,False,other,0.020795808698535815
CACCAATCATCCGTCT-1,14146,17866,-0.1132127645809634,-0.0824148177964695,0.5996986661804039,False,False,interface,0.00400281603421068
CACCACGCCACACAGA-1,11388,17403,-0.7531014844133275,-0.2791455895501271,-0.8429208856229661,False,False,other,0.0008753278325742635
CACCAGTCAGCATGCA-1,15336,15832,0.8494370496202593,-0.0824148177964695,-0.1646918835705609,True,False,interface,0.0076980106749630585
CACCATCGGAGGAGAC-1,5694,11379,0.0117389380180069,0.0414970752462367,-0.581940677783207,False,False,other,0.026510777631798887
CACCCACACGTCACCC-1,6869,13422,-0.1424934684226384,-0.2791455895501271,0.7960691898364203,False,False,interface,0.04461516389730986
CACCCACGAGGCAATT-1,7478,8553,-0.0356277562521287,-0.2791455895501271,-1.256488719475076,False,False,other,0.005402656188744182
CACCCGGTTTGTGACT-1,13963,13901,0.7755891892155768,-0.2791455895501271,0.250847200176244,True,False,interface,0.009937671621382434
CACCCTTGGTGAGACC-1,13362,16504,-0.4052408483800177,0.114315953957188,0.0619143955858854,False,True,interface,0.006328053334282415
CACCCTTTCCTCGCTC-1,5094,13756,1.1077984942786852,0.2947229236749599,0.4367827204794247,True,True,interface,0.008949204380594758
CACCGATACACCGAGC-1,5506,8773,1.3527310932408996,0.2618950201400714,0.636865358831617,True,True,interface,0.2548930171999619
CACCGCCAGAAGGTTT-1,8847,11617,-0.4852115601244044,0.032665306417353,0.3213686922822014,False,False,other,0.007518801355913404
CACCGCCGACCAGCGA-1,5302,10698,2.5256113579726036,-0.2791455895501271,0.3670682155794279,True,False,interface,0.09534978941047105
CACCGGAGATATCTCC-1,4918,7751,-0.5220115937565553,-0.2791455895501271,-0.1593095874655005,False,False,other,0.0024964268005531914
CACCGGTAGAGACATT-1,16516,16516,0.667703585068361,0.0414970752462367,-0.6934703789385298,True,False,interface,0.04534313075694766
CACCGTTAGGGATCAC-1,13962,14128,1.0303166651976652,-0.2791455895501271,-0.5453111911137979,True,False,tumor_core,0.00800563558617278
CACCGTTGCGCGATAT-1,12776,15030,-0.2809187591074927,0.6099953418984391,0.5689589838805748,False,True,interface,0.0288515572704114
CACCTAATAGAGTCGT-1,6862,15461,-0.5427500120375297,-0.2791455895501271,-0.3388004571965394,False,False,other,0.00318380841454211
CACCTAATCAGTTTAC-1,7472,10139,0.1806261299759473,-0.2791455895501271,0.3093363273230939,False,False,other,0.02019563961450038
CACCTCGATGGTGGAC-1,7077,10364,0.2101000216241737,-0.2791455895501271,-0.8975094595387214,False,False,interface,0.053509354417640376
CACCTTGCGAAACTCG-1,8265,8783,-0.2364350034728534,0.0622130289938608,0.33550373412025,False,False,other,0.005311131254510319
CACGAAAGTTAGTCCC-1,10017,15020,-0.5295480192230764,-0.2791455895501271,0.1426708755931733,False,False,other,5.286230981446058e-05
CACGACCACAGACTTT-1,3738,7067,-0.5427500120375297,-0.2791455895501271,0.4513133040946015,False,False,other,0.008313720863896472
CACGACTAAAGTTCTG-1,4112,12733,-0.5292821904164807,0.5283446943586041,0.4307867745491573,False,True,interface,0.07163512226643175
CACGATTGGTCGTTAA-1,3521,12617,-0.1687749171871304,-0.0824148177964695,0.791054988323719,False,False,interface,0.021812679828905317
CACGCACAGCGCAGCT-1,8261,10142,0.6047095169488832,0.5190077350575516,0.5412418863368232,True,True,interface,0.11593751527370154
CACGCAGCGAGGCTTT-1,9628,13432,-0.5942032534614687,-0.2791455895501271,0.0401824932004604,False,False,other,0.000592689373534176
CACGGCGCGCCAAAGG-1,6499,6624,-0.1705660513750808,-0.0824148177964695,-0.4537575703437593,False,False,interface,0.02012552359821217
CACGGGATTGAGGGTT-1,9615,17057,-0.7162992930570253,-0.2791455895501271,-1.269365971609124,False,False,other,0.00029450330740289437
CACGTCGGCAACCTCT-1,13174,14125,-0.0897842719915537,-0.2791455895501271,0.6538631975979795,False,False,other,0.015134686370656283
CACGTCGGGTTCTAGA-1,6458,18179,-0.2019437476441651,-0.0824148177964695,0.3888401249257539,False,False,interface,0.002754861606827027
CACGTCTATGATGTGG-1,4919,7525,-0.5046028071516947,-0.2791455895501271,-0.3582433535375363,False,False,interface,0.04289291151147028
CACGTTCGTGCTCTAG-1,10827,9132,-0.8291815912759019,-0.2791455895501271,-0.966452099780428,False,False,other,0.003289895930295209
CACTAAAGTTGCCTAT-1,10420,12529,-0.8291815912759019,-0.2791455895501271,0.6383684929041367,False,False,other,0.0007419981215315113
CACTACTCAGTTCTGT-1,4517,9789,0.0369769029560522,0.0622130289938608,-0.2085396962809249,False,False,interface,0.006616937140930407
CACTCAAGAGCTATGG-1,11211,11852,0.7467826338159326,0.3533079712137169,-0.146803636277002,True,True,tumor_core,0.07940785742850497
CACTCAGCTCTTGAGG-1,5698,10246,1.3130979957117923,-0.2791455895501271,-0.6683973263673428,True,False,tumor_core,0.08969779921524053
CACTCCTATGTAAGAT-1,14553,14243,-0.0436485502114231,0.2165337983911238,0.2251842817534199,False,True,interface,0.030823251672649096
CACTCCTCTCGGTCGG-1,6493,8437,-0.5867500763458592,-0.2791455895501271,-1.3444694899202396,False,False,interface,0.1312204213747916
CACTCGGTTAGGAGGA-1,10405,16833,-0.87546335281548,-0.2791455895501271,-1.18292967059584,False,False,other,0.00044606300841781935
CACTGTCCAAGTGAGA-1,7263,13424,1.383909161983556,0.1776491165135635,-0.0972922972060354,True,True,interface,0.017133150948139813
CACTTAATCAGACGGA-1,10222,12868,-0.6974212433172339,-0.2791455895501271,0.1836532194040964,False,False,other,0.00021285573604515491
CACTTCGCCACAGGCT-1,7653,14784,-0.577536334969179,-0.2791455895501271,0.3078844570988658,False,False,other,0.004990627305688565
CACTTCGTCTTATCTC-1,6266,16705,-0.7533673132199233,1.088943022322764,0.3604577477454039,False,True,interface,0.3546820242327348
CAGACACCGATCGCTG-1,13968,12542,0.3739717483393882,-0.2791455895501271,0.1619804608704478,False,False,interface,0.020535646924874792
CAGACGAACCTGATAC-1,13376,12653,0.385686911451457,-0.2791455895501271,-0.1316496668415132,False,False,interface,0.015483879541880588
CAGAGACGGTCACCCA-1,13576,11861,-0.6974212433172339,-0.2791455895501271,0.1450907774509568,False,False,other,0.0008178196741550704
CAGAGCATGAGCTTGC-1,8654,10370,-0.3289273287844204,-0.0824148177964695,-0.3002823273273477,False,False,other,0.005101860060097872
CAGAGGCGATGCATGA-1,14164,12882,-0.1131161009970819,0.3172736661341069,0.1434198441376273,False,True,interface,0.03279051707721193
CAGAGTGATTTAACGT-1,5303,10471,0.7729282460338085,-0.2791455895501271,0.7756096596240211,True,False,interface,0.08861535764173704
CAGATACTAACATAGT-1,8644,13089,-0.5690634103510804,-0.0824148177964695,0.4492034045106057,False,False,other,0.00044883709043304153
CAGATATGAAGATGAC-1,16714,16177,-0.3987776251805071,0.032665306417353,-0.4582533272693673,False,False,interface,0.013270225326544108
CAGATCCTGGTTTGAA-1,14348,16395,0.1749633688018476,0.2382278469998943,0.3371794542335619,False,True,interface,0.008226693601891242
CAGATGTTTGTCCCAA-1,13751,18092,1.0178574018623674,0.0622130289938608,-0.1471496743641516,True,False,interface,0.005037141532751782
CAGCAGCCCGTTCCTT-1,9051,9465,0.1084829167314287,0.2947229236749599,0.1454467004715865,False,True,interface,0.040920233575871795
CAGCCCTCACAGGCAG-1,4118,11147,-0.359619498721383,-0.2791455895501271,-0.0481480013443237,False,False,other,0.019837835732287198
CAGCCGGGCCCTCTAT-1,5703,8660,-0.0514621224418252,0.3828556937902247,0.2589891869838793,False,True,interface,0.059896713880999965
CAGCCTCCTGCAGAGG-1,8066,9575,0.2079771043338373,0.977783441512434,-0.971311198196039,False,True,interface,0.13550145057728877
CAGCCTCTCCTCAAGA-1,6496,7530,0.0425702967510919,0.032665306417353,-0.1778591692933755,False,False,interface,0.006270063921319368
CAGCGATTCCCTTCAA-1,13965,13448,-0.4874932573556529,0.3533079712137169,0.4200297441855243,False,True,immune_core,0.06267131705189531
CAGCGCCAACACGATA-1,10796,17741,-0.8751975240088844,-0.0824148177964695,-0.3332184883018216,False,False,other,7.073533687833513e-05
CAGCTCACTGAGACAT-1,10029,11621,0.9319104661531392,-0.0824148177964695,1.1486055180017714,True,False,interface,0.024030880102805435
CAGCTCGACAAGTTAA-1,9056,8106,0.2169355714775237,-0.2791455895501271,-0.6758901647452487,False,False,interface,0.03942727174959277
CAGCTCGTGCTTGTGT-1,6277,13533,-0.2198691618733255,-0.2791455895501271,0.2025710350389855,False,False,interface,0.05440528329655577
CAGCTGGCGTAACCGT-1,12971,15823,0.231681412011453,0.7546231886887695,0.1376363787370095,False,True,interface,0.062155305239936155
CAGCTTAGTAGGTAGC-1,9819,15132,-0.6402191861944511,-0.2791455895501271,-0.4039415332200349,False,False,other,8.383403848994774e-05
CAGGAAGACTTTATAT-1,6098,8662,0.2605119351097584,-0.0824148177964695,-0.0673217801330062,False,False,interface,0.015281199639679936
CAGGATATATCGTTGT-1,12198,11516,-0.6404850150010467,-0.2791455895501271,-0.7109158523746351,False,False,other,0.004470410973257003
CAGGATCCGCCCGACC-1,3718,12731,-0.6424303174419529,-0.0824148177964695,0.219628652120161,False,False,other,0.027667575874359335
CAGGCCGTTTGGGTGT-1,11205,13438,-0.0023908940405727,-0.2791455895501271,-0.7444633079012082,False,False,other,0.0038464026689846256
CAGGCGCACGGTGGTC-1,14550,15149,0.1155358512933793,-0.2791455895501271,1.1685593910835614,False,False,interface,0.004663354542295953
CAGGGCTAACGAAACC-1,3898,17376,0.1240423736323966,0.5932636343815132,-0.4979664488127778,False,True,immune_core,0.012607460400513857
CAGTAACTATTTATTG-1,7287,6853,-0.3274317361715577,-0.2791455895501271,0.080348571772564,False,False,other,0.010045029750280737
CAGTAAGGGACGTCTC-1,16117,17874,-0.387197252672855,-0.2791455895501271,-0.5987163951907544,False,False,interface,0.010550462029617975
CAGTAATCCCTCCCAG-1,7650,15464,0.3706760759456945,-0.2791455895501271,0.0249304238434037,False,False,other,0.0203767123706208
CAGTACATTCTCTAAA-1,7484,6741,-0.6502673816037602,-0.2791455895501271,-0.3259959131490045,False,False,other,0.00598321051623108
CAGTACCAGTTTACGT-1,12969,16276,-0.5039035990717109,0.5578924169351119,-0.6403145860320679,False,True,immune_core,0.038897795631708594
CAGTAGATGATGTCCG-1,6852,18180,0.3777082107774839,0.032665306417353,0.3901329271314538,False,False,interface,0.07030115763253446
CAGTAGCCCACGCGGT-1,8465,7991,-0.3034073516179261,-0.0824148177964695,-0.3477909680582624,False,False,interface,0.015013766880095267
CAGTAGCGAGGTAGTA-1,4301,14886,1.9352913966558312,-0.0824148177964695,1.3553999292821777,True,False,interface,0.45089604656737753
CAGTCGAGGATGCAAT-1,8469,7084,0.735684553626769,-0.2791455895501271,-0.7691191469656485,True,False,interface,0.011840264018265476
CAGTCGGCCTAGATAT-1,12372,17973,-0.5058489015126171,0.0622130289938608,0.2345677746031303,False,False,other,0.012532510057912448
CAGTCTCTCGGCTAAT-1,4695,15114,0.2274765167415585,0.6065338196424401,0.5218105817438606,False,True,interface,0.09638957788301354
CAGTCTGTATACTGGG-1,11806,10835,-0.5961485559023748,-0.0824148177964695,-0.5866436398424402,False,False,other,0.0017265144256311353
CAGTGAATAAATGACT-1,8462,8897,-0.41879360390079,0.0414970752462367,0.7003950457710905,False,False,other,0.005711909637964532
CAGTGGTTGCACATGA-1,6663,15800,-0.5942032534614687,-0.2791455895501271,-0.5933419953916996,False,False,other,0.005469443398247787
CAGTGTCCGCAGAATG-1,6472,14101,0.9363711057350936,0.77631723729754,0.0842081367710334,True,True,interface,0.016169055478973914
CAGTGTTAATCTCTCA-1,17305,16518,-0.3539828697789278,-0.2791455895501271,-0.478782435579474,False,False,other,0.0043871362965542055
CAGTTCAAATTGACAC-1,9238,12525,-0.7623152257900078,-0.2791455895501271,0.4442630174116834,False,False,other,0.00042741082809477686
CAGTTCCGCGGGTCGA-1,8636,15354,-0.4484432952480655,-0.2791455895501271,-0.2499607581243927,False,False,other,0.00010618699711353401
CATAAGCTCTCCGTCT-1,11785,16725,0.5049628226353517,-0.2791455895501271,-0.3618303677771575,True,False,interface,0.009393122800922136
CATAATGAGCGGGCGA-1,4702,13075,0.0382766360383756,0.5578924169351119,0.5528466297033398,False,True,interface,0.09979592628987967
CATACAAAGCCGAACC-1,6077,14326,1.3213394157960294,-0.0824148177964695,0.3275236404460576,True,False,interface,0.07796315026021923
CATACACAAAGTCAGC-1,14539,18321,0.0522782729967673,0.0414970752462367,-0.256905311497739,False,False,other,0.009971078161379144
CATACCCGTACCCAGT-1,10806,14796,-0.1509869279627786,-0.2791455895501271,-0.3159699517202946,False,False,other,0.00024625011609057595
CATACGGCGTCTGGGC-1,11213,11172,-0.5135507197217792,-0.2791455895501271,-0.2381620929854988,False,False,other,0.006794754771793162
CATACGGGTGCATGAT-1,4493,16359,0.115902836988123,-0.2791455895501271,0.0405535880447062,False,False,interface,0.02355244408983898
CATACTATGTAATTGT-1,10616,12869,-0.8103035415361104,0.2947229236749599,-0.0500832510747641,False,True,immune_core,0.002775167063515741
CATAGCCGCCCGGGAT-1,8634,15808,-0.8314632885071506,-0.2791455895501271,-0.5918643349701134,False,False,other,0.00039554051687465034
CATAGCGTTGCCCACC-1,14161,13562,-0.6516440588186331,0.5140044378877645,0.2861529166007295,False,True,interface,0.10321149217375176
CATAGTACATTGAGAG-1,6489,9569,-0.1830669705170233,-0.2791455895501271,-0.0026932459381079,False,False,interface,0.025067408966170546
CATAGTAGCATAGTAG-1,7264,13197,0.7393365010672596,0.2947229236749599,0.0630977333464437,True,True,interface,0.12480832315752773
CATAGTCCACAAGAAC-1,12383,14802,-0.0120367420779912,0.2947229236749599,0.9472928173564908,False,True,interface,0.004504502845762255
CATATACTACTGATAA-1,7090,6740,0.1656223586742355,0.0622130289938608,-0.4937614948246166,False,False,interface,0.01774283387174198
CATATAGGTACAGTCA-1,11999,12081,0.18294367830529,-0.2791455895501271,0.4085090349380363,False,False,other,0.008159630497707597
CATATGTCAGGCTACG-1,12972,15597,0.4216714171502695,0.032665306417353,-0.2911205132050078,False,False,interface,0.018592773442148675
CATATTATTTGCCCTA-1,5307,9339,-0.6079098233168992,-0.2791455895501271,0.0974964693420065,False,False,interface,0.09600361700870476
CATCAACACCTACTAA-1,6460,17499,-0.223733227983322,0.2290610102834133,0.7032560460661431,False,True,interface,0.015551921591904818
CATCATCTACCCGGAC-1,5697,10473,1.754845987679264,-0.0824148177964695,0.0136830816254166,True,False,interface,0.02617094670364073
CATCCAATATAGTTTG-1,16517,16289,-0.1690936500349733,-0.2791455895501271,-0.8960515435285457,False,False,other,0.017671650282438542
CATCCGCAGGCCCGAA-1,6463,16593,-0.7625810545966036,-0.2791455895501271,-0.1748180086399525,False,False,interface,0.2107071212163075
CATCGAATGGATCTCT-1,4100,16131,0.2518927894855801,-0.2791455895501271,0.2484317986695411,False,False,interface,0.08067143037018391
CATCGCCCGCGGCCAA-1,6278,13307,0.0822142896613835,-0.0824148177964695,0.2350192814544187,False,False,interface,0.019367125112116423
CATCGGACGGGTTAAT-1,11803,11741,-0.2186577239696478,-0.2791455895501271,-0.7151521358810395,False,False,other,0.018861895267928714
CATCGTCCGGTTACTA-1,8039,17051,-0.5849602737884229,-0.2791455895501271,-0.1761224618257233,False,False,interface,0.054884746396334394
CATCTATCCCGTGTCT-1,7089,6966,-0.72052629272918,0.0622130289938608,0.0143997147833189,False,False,other,0.06623914037503213
CATCTGCAGGATCATT-1,9023,17395,1.775413918819993,-0.2791455895501271,-0.8812018760457937,True,False,tumor_core,0.003162619768376195
CATGAACCGACATTTG-1,5686,13418,1.7395760821128274,0.032665306417353,0.0365294197763312,True,False,interface,0.09499660781127411
CATGAACCTCTTATCA-1,4514,10468,0.0680592170189874,0.2589438007475185,0.1908748736102886,False,True,immune_core,0.02944750856245704
CATGATGCACAATTCT-1,7668,10480,-0.4989181299798351,0.2618950201400714,-0.1666542196274603,False,True,interface,0.031243185600463515
CATGCACGTGTTACTG-1,4129,7975,-0.6516440588186331,-0.2791455895501271,-0.2985245121186152,False,False,other,0.020490554967985908
CATGCATGGAGACCCT-1,4712,10356,0.2440541639431528,-0.2791455895501271,-0.0418781115412546,False,False,other,0.011613073028217536
CATGCCAACTCGCAAA-1,11985,15933,0.9700202431431614,0.3828556937902247,0.1714657514455733,True,True,interface,0.0048374951313676995
CATGCGACCAGTTTAA-1,8665,7198,0.6961111965243975,-0.0824148177964695,-0.0001403426851886,True,False,tumor_core,0.005306695473067939
CATGCGTTAGACAGAA-1,6483,11155,-0.4487457635584446,0.0622130289938608,0.0856269454724249,False,False,interface,0.041105572861027014
CATGCTGGCTCCAATT-1,5890,11493,0.8723244469631709,-0.2791455895501271,0.8159872656735226,True,False,interface,0.02558912815315942
CATGGAAATGGGACCA-1,4726,6504,-0.3649381598009612,0.4132645701447814,-0.0858848051198888,False,True,interface,0.01141790417119839
CATGGCAGGAAGATCG-1,6875,11836,1.843218257873592,-0.0824148177964695,-0.1148122111915247,True,False,interface,0.0342916071916367
CATGGCTCCCTATGTC-1,8034,18184,1.1331155532383117,-0.2791455895501271,-0.6573379546496515,True,False,interface,0.012027667892559601
CATGGGTCGGGTGTGG-1,7675,8667,-0.5986960819402191,-0.0824148177964695,-0.8002775136366551,False,False,interface,0.001602588801679395
CATGGTAAGTAGCGTT-1,12400,10044,-0.9861345197868546,-0.2791455895501271,-0.7270211718688347,False,False,other,0.0013453563691109116
CATGGTATTAGTTTGT-1,15133,17530,-0.7185104243045272,-0.2791455895501271,-1.020479471019862,False,False,other,0.006964121103572554
CATGGTCTAGATACCG-1,8652,10823,-0.6996323745647358,-0.0824148177964695,0.2384451000050316,False,False,interface,0.04313720330262497
CATTACGTCGGCCCGT-1,7272,10932,0.6780801090804689,0.5140044378877645,-0.4356100421460437,True,True,interface,0.023578059263544022
CATTATAACAGGGTCC-1,3724,10919,-0.2451737568975476,0.032665306417353,0.3051020459418306,False,False,other,0.008367624174644102
CATTATGCTTGTTGTG-1,8647,12409,-0.8732522215679782,-0.2791455895501271,0.2275742061620201,False,False,other,0.002172584150262755
CATTCACTGACAGCTA-1,4514,10695,0.1527424646179208,-0.2791455895501271,0.1177756002019943,False,False,interface,0.032586786611169184
CATTCAGGTCAGTGCG-1,4495,15906,1.130733535910346,0.032665306417353,-0.2624036836894314,True,False,interface,0.4013624831801778
CATTCCCTAAGTACAA-1,5873,16251,0.3494771952513435,-0.0824148177964695,0.5597672591515741,False,False,interface,0.007833261517088323
CATTGCAAAGCATAAT-1,3732,8880,1.5311996035435338,0.7186897262037621,0.6221986641455598,True,True,interface,0.07042327594633592
CATTGCGAAATGGGCG-1,10601,16947,-0.8751975240088844,-0.2791455895501271,-0.8848165967210517,False,False,other,0.0002084195259717732
CATTGTGTGCTAGATC-1,6069,16591,0.3546624490972459,-0.2791455895501271,0.4493103293047662,False,False,interface,0.04069823197016579
CATTTAGCGGACCATG-1,8463,8670,-0.2962762356151675,-0.2791455895501271,-0.1795897722232112,False,False,other,0.007553932596511946
CATTTATCGTTCAAGA-1,4518,9562,1.1919286130973532,0.5795864655438823,0.1029730190067399,True,True,immune_core,0.006430574695705346
CATTTCTAGCAGACTA-1,6665,15347,-0.6421644886353572,0.6290845621015871,0.0571883400039062,False,True,immune_core,0.020893289341299425
CATTTGAGTGGTACGT-1,13376,12879,0.1165684311508952,-0.2791455895501271,-0.4074417441403118,False,False,other,0.011036527771570584
CCAAACAGAACCCTCG-1,7857,12859,1.76233875635366,-0.2791455895501271,0.0100407208859738,True,False,interface,0.09607478435010024
CCAAAGCAGTTGGTTG-1,5476,17156,0.2475434792065532,0.2589438007475185,0.6835648666908404,False,True,immune_core,0.005810408236317268
CCAAAGTCCCGCTAAC-1,4107,14092,2.18052785513849,1.5009539254245596,1.4845271060248468,True,True,interface,1.9386142332445935
CCAACGATGCACTGAT-1,9626,14112,0.600894163336789,0.032665306417353,0.2779874854553611,True,False,tumor_core,0.014668860845047057
CCAACGCTTGCCAGGG-1,5513,6960,0.355976522884609,-0.2791455895501271,-0.350806480703922,False,False,interface,0.017228436072993115
CCAAGAAAGTGGGCGA-1,13771,12428,0.4269058398321464,-0.2791455895501271,-0.3683236529186374,False,False,interface,0.008665839757215053
CCAAGACTTCTGCGAA-1,7468,11272,0.3196566579268103,-0.2791455895501271,0.1844828307589416,False,False,interface,0.025601194718098127
CCAAGCGTAACTCGTA-1,10034,10262,-0.4991007104355191,-0.0824148177964695,-0.2000294374679627,False,False,other,0.01845829938165216
CCAAGCTTGATCTCCT-1,3508,16242,0.6645416215215498,0.5825376849364352,0.3929999916782491,True,True,interface,0.009299772947148155
CCAAGGAACAGAGAGG-1,6280,12854,-0.2614629186736283,0.8346471026841285,-0.3298722548903772,False,True,interface,0.04891320086584097
CCAAGTTTCTACAGAT-1,6263,17385,-0.2517550383366603,-0.2791455895501271,-0.3749006611300844,False,False,interface,0.027840212588496862
CCAATAGATTTCATCT-1,9020,18301,-0.1887632888466441,0.636081542218948,-0.4646608057050732,False,True,immune_core,0.04420990374751123
CCAATAGTGCCGTCGA-1,10219,13548,-0.7162992930570253,-0.0824148177964695,-0.4473575241216891,False,False,other,0.0018492522340648966
CCAATCGGTAGATCGA-1,6294,8776,0.4793122170271339,-0.2791455895501271,-0.5657724560074613,True,False,interface,0.01567422929412045
CCAATGTCACAGCAAG-1,10814,12757,-0.72052629272918,-0.2791455895501271,0.2308981167298276,False,False,other,0.0018862558476502244
CCAATTACGGGTCGAG-1,7284,7760,-0.1625697069154149,-0.2791455895501271,-0.5317069455582297,False,False,other,0.0006219468286114673
CCAATTGAATGTTAAT-1,7462,13085,1.308292170116273,0.0414970752462367,-0.2455171903323748,True,False,interface,0.011044062277425262
CCACAATGTACGTCTT-1,9251,8673,0.3189141001118076,0.032665306417353,0.4913306443583761,False,False,interface,0.009284695282195249
CCACACTGAGATATTA-1,11208,12758,0.098210957378838,-0.0824148177964695,0.4383398526746433,False,False,other,0.0055195504078243245
CCACAGCTGAAATCAT-1,5089,15115,1.3345643376977336,0.2165337983911238,0.0376544968520231,True,True,interface,0.11506587686505891
CCACATGGCTCTTTAT-1,14343,17754,-0.4052408483800177,-0.2791455895501271,0.0738378172916145,False,False,other,0.013563779436950335
CCACCAACTTTACTGT-1,13766,13787,0.2085896335964334,-0.0824148177964695,-0.1902331944988575,False,False,interface,0.014016168324658912
CCACCCAAGGAAAGTG-1,10824,9812,-0.4600717170140163,-0.2791455895501271,-0.4745147831199446,False,False,other,0.006900428349981863
CCACGAGAAGAGAATC-1,6882,9797,-0.6962833143367424,0.5138883342749851,0.5163036286439213,False,True,interface,0.09720004840210263
CCACGGAGCCATAAGA-1,12776,15256,0.0042694937118227,-0.0824148177964695,0.038785356187552,False,False,interface,0.002241527704781809
CCACTAAACTGAATCG-1,4296,16245,-0.0086361614125572,0.114315953957188,0.3612875077006036,False,True,immune_core,0.007746156574051484
CCACTGGTGGCTGGTT-1,11196,15930,0.4124308777832091,-0.2791455895501271,-0.5344493403741639,False,False,interface,0.000561125058757178
CCAGAAAGCAACTCAT-1,13765,14240,1.536070189676204,-0.2791455895501271,-0.2780666640032641,True,False,interface,0.01373774837165719
CCAGAGACAAAGCCGG-1,8043,15919,-0.9861345197868546,-0.0824148177964695,-0.3954648326873907,False,False,other,0.0024764654077231944
CCAGATAGTTGAGTGA-1,9054,8786,0.2223123209732256,0.3172736661341069,-0.3279072345480194,False,True,immune_core,0.009465525231147577
CCAGCCTGGACCAATA-1,10820,10944,-0.8751975240088844,-0.2791455895501271,-0.1440999478163072,False,False,interface,0.008156846428433699
CCAGCTACGCCTCATA-1,5289,14323,0.4492174011693338,0.032665306417353,0.1937077846279593,False,False,interface,0.04386852241115647
CCAGCTGATGGTACTT-1,10802,15929,0.7239806151853895,-0.2791455895501271,0.0155909099154418,True,False,tumor_core,0.005421477138093146
CCAGCTTCCGCCCGCA-1,9224,16376,-0.5615390354678818,-0.2791455895501271,-0.6502437366783876,False,False,other,0.0009348036943015314
CCAGGGACGTGGCCTC-1,8844,12297,-0.5408896434963468,-0.2791455895501271,0.3550562426282206,False,False,other,0.0010258613833123917
CCAGTAGTCTGATCCA-1,8860,7992,0.8265119134536552,-0.2791455895501271,-0.3377571392531781,True,False,other,0.013820127769262251
CCAGTCAAATCTCTTA-1,11782,17405,-0.4382930163085112,-0.2791455895501271,-0.8188777739740514,False,False,other,0.0019845411055765933
CCAGTCCATTATTCGA-1,5481,15796,0.4954447836149764,0.0622130289938608,-0.5730699671238934,True,False,interface,0.011152115546840459
CCAGTCTAGACGGCGC-1,8266,8556,-0.4166657210041998,-0.2791455895501271,-0.2792821984236085,False,False,other,0.008556167921222765
CCAGTGAGCTCCTTGT-1,3506,16922,-0.0897842719915537,-0.2791455895501271,-0.1611857312000556,False,False,other,0.0023506884616359323
CCATAAACAACCCGAC-1,6291,9682,0.8445029794309357,-0.2791455895501271,0.0861243929752995,True,False,interface,0.12316478567726015
CCATAACCTGTGCAGT-1,13555,17751,0.8156115980057231,-0.0824148177964695,0.4749221813066446,True,False,interface,0.019856383912975034
CCATACTCGCCTCTCC-1,9808,18304,-0.3446587994791218,-0.2791455895501271,0.1763559607687152,False,False,interface,0.012181841154167367
CCATAGAGGCTGCCAG-1,15329,17871,-0.6494329275711311,-0.2791455895501271,-0.4416864967067087,False,False,other,0.0012689024814715579
CCATAGGTTGGCGTGG-1,7074,11271,-0.0617477934728662,-0.2791455895501271,-0.0313939929227014,False,False,interface,0.06178191046358781
CCATAGTCAGTAACCC-1,6464,16366,-0.2505696171003134,0.5932636343815132,-0.1166994151070851,False,True,interface,0.06900220611166245
CCATATTGGATCATGA-1,5673,17043,-0.3375062994700952,0.5707546967149987,-0.0955202637524711,False,True,immune_core,0.02432840623989763
CCATCCATACCAAGTC-1,6276,13987,1.7772570703918975,1.423549573197768,0.5141666207155116,True,True,interface,0.31060679169962563
CCATCGCAGTTAAACT-1,13381,11293,0.4961345501747366,-0.2791455895501271,-0.5215120527992385,True,False,interface,0.01679304887321076
CCATCTTGTTCACAAT-1,4897,13642,0.9913728326653272,0.2947229236749599,1.0831853985301323,True,True,interface,0.01051985488321591
CCATGCCTGTTTAGTA-1,10421,12302,-0.9861345197868546,-0.2791455895501271,0.3031504504386561,False,False,other,0.007620479581593378
CCATGCTCTGCAGGAA-1,7657,13425,-0.1290748317760637,-0.0824148177964695,0.4180114332476699,False,False,other,0.02692888161552757
CCATGGCCCTTGTACC-1,9817,15812,-0.6996323745647358,-0.2791455895501271,-0.895964990106842,False,False,other,0.00021073659510925752
CCATTAGCGATAATCC-1,9825,13546,-0.7185104243045272,-0.2791455895501271,-0.5206781466775597,False,False,other,0.00016506663576809695
CCATTCCCTGCCCACA-1,10021,13887,0.5600059421173167,0.2165337983911238,0.0252936782208286,True,True,tumor_core,0.01962926856961884
CCCAACATACGTCGCG-1,11990,14347,-0.6402191861944511,-0.2791455895501271,0.736057627978368,False,False,other,0.005554780095289918
CCCAACCACACTAACA-1,5104,10810,1.6592414491709326,-0.0824148177964695,0.1075850705368956,True,False,interface,0.010947010494855719
CCCAAGAATGCACGGT-1,3931,8314,1.280880043486048,0.8785350817314758,0.2743011070141412,True,True,interface,0.2740722443834882
CCCAAGACAGAGTATG-1,4309,12620,0.4770708839549314,0.032665306417353,0.5037483133303337,True,False,interface,0.02179310024334249
CCCAATGAGATTTGCA-1,15343,13793,0.3166978042898516,-0.2791455895501271,-0.9839457605520056,False,False,other,0.008355951235587968
CCCAATTTCACAACTT-1,11201,14571,-0.6997878744482059,-0.0824148177964695,-0.5116585313463238,False,False,other,0.0010506530974861833
CCCACTCCACGGTATC-1,13160,17976,0.438235806550711,0.032665306417353,0.5226887617588608,False,False,other,0.0026895353038371406
CCCAGTAAACTTGGGA-1,13755,16959,0.9867649984888044,-0.0824148177964695,-0.5137287825897024,True,False,interface,0.007669270482482418
CCCGAAGTTTCGCGAA-1,12375,17067,0.0202267361128508,-0.2791455895501271,0.0382634088016695,False,False,other,0.0034641966015976516
CCCGACCATAGTCCGC-1,7473,9913,-0.5635733642182273,-0.2791455895501271,0.1221189466046539,False,False,other,0.006874044349411162
CCCGCAGGGCCCAAAG-1,5701,9340,-0.9861345197868546,0.2293960781710106,0.4203757576669944,False,True,immune_core,0.02504444947855718
CCCGCCATGCTCCCGT-1,7262,13650,1.528035593356966,0.0414970752462367,0.0691728263848272,True,False,interface,0.0785637492639175
CCCGCGCAATGCACCC-1,7255,15689,-0.2416691967860842,-0.2791455895501271,0.1202111243442723,False,False,other,0.0011791970399230346
CCCGCTAGAGGGTTAA-1,3534,8992,1.776821250553957,2.171921931422391,0.0618176146570548,True,True,interface,0.033855556576051715
CCCGCTTGCCCTCGTC-1,3911,13751,1.7216198818540385,1.141042074438084,0.3968046752132729,True,True,interface,0.5785418752423522
CCCGGCTAGGTGAGAA-1,5472,18062,-0.1020413172764394,-0.2791455895501271,0.6211205319383843,False,False,interface,0.12791349087982093
CCCGGTGGAAGAACCT-1,8437,15920,-0.8751975240088844,-0.0824148177964695,-0.1897347458887596,False,False,other,0.0006660561941205409
CCCGGTGTATCGGAAT-1,13954,16393,0.274148585495074,-0.2791455895501271,0.4206133856234743,False,False,interface,0.029638574814849532
CCCGTAAGTCTAGGCC-1,11396,15138,-0.6533506130251576,-0.2791455895501271,0.5826150167097212,False,False,other,0.0008728077357236354
CCCGTAGCTGGGAAGA-1,14752,13904,-0.3920945031198448,0.4132645701447814,-0.4812133650186768,False,True,immune_core,0.008464492868891275
CCCGTCAGCGTCTGAC-1,8055,12520,1.019310650313446,-0.0824148177964695,0.1695027940480033,True,False,interface,0.05349080078637098
CCCGTGAGGGCGGTGA-1,12175,17859,-0.4559796823032899,-0.2791455895501271,-0.2184772944922302,False,False,other,0.009153799751527122
CCCGTGGGTTAATTGA-1,4096,17264,-0.3491618018082599,-0.0824148177964695,-0.2459240658625247,False,False,interface,0.020119287153026355
CCCTAGGCAACAAGAG-1,12766,17975,-0.3013453196482129,0.4132645701447814,0.5309144155581239,False,True,interface,0.04366100592424444
CCCTAGTGTCAGGTGT-1,5480,16023,-0.2962762356151675,0.5140044378877645,0.5237146171838849,False,True,interface,0.06367217060710399
CCCTATGTAGAGCAGA-1,15337,15605,0.7314927635021897,-0.2791455895501271,-0.1929538125968035,True,False,tumor_core,0.001021186499657176
CCCTCAAGCTCTTAGT-1,7444,17842,1.326591336376111,0.2382278469998943,0.1624320028077586,True,True,interface,0.04907343921861159
CCCTCATTCTGGAATT-1,6672,13308,0.0405308034262923,0.114315953957188,0.9984935713305934,False,True,interface,0.02535027051612057
CCCTCGGGAGCCTTGT-1,3919,11712,0.5315931612530015,0.4132645701447814,0.2014647519907882,True,True,interface,0.07369976318692623
CCCTGAAATGAGTTGA-1,9627,13885,-0.432078845066155,-0.2791455895501271,0.0332571399091404,False,False,interface,0.009700027277482313
CCCTGACTAACAAATT-1,10996,16949,-0.9861345197868546,-0.2791455895501271,-0.9710685084179576,False,False,other,0.00015431604325691884
CCCTGATGTAACTCGT-1,6267,16479,0.4958021270832552,0.4914536954286175,0.0702313881153992,True,True,immune_core,0.11377531629030442
CCCTGCCCAATCCGCT-1,11590,16158,0.1837917545673432,-0.0824148177964695,-0.4099611663298534,False,False,other,0.0017764804311421513
CCCTGCGCTACGCATA-1,10212,15587,-0.4175001750368286,0.2947229236749599,-0.8914550692664877,False,True,immune_core,0.004602250264672501
CCCTGGCTGTTCCTTC-1,12767,17748,0.9164092245882792,0.6304144842562389,0.7061335413888562,True,True,interface,0.17129030406560933
CCCTGGTATGGGCGGC-1,4713,10129,-0.4506910659993507,-0.0824148177964695,0.1427390355433379,False,False,interface,0.03653368229104377
CCCTGTTGGCAAAGAC-1,5870,17157,-0.4283933900478192,0.032665306417353,0.4423897057243841,False,False,other,0.02338862495268781
CCCTTCTCGTACGCGA-1,3910,14205,2.0458102556485724,1.5252224736675142,1.0672682658872623,True,True,interface,14.62210971873423
CCCTTTGACAGGTCTT-1,13379,11973,-0.5757465324117427,-0.2791455895501271,0.4126330083382751,False,False,other,0.0012137274956332876
CCGAAAGTGGTGAGCA-1,6862,15235,-0.570742883985391,-0.2791455895501271,-0.6247404307369632,False,False,other,0.01410900652141034
CCGAACACTGGGCCTC-1,12181,16273,0.7172318038655987,-0.2791455895501271,-0.4797816552953503,True,False,interface,0.00885042375264995
CCGAAGCATTGACCAA-1,15526,17758,-0.4969728275389289,-0.2791455895501271,-0.8766919552054393,False,False,other,0.0016368428030460727
CCGAAGTATATTGTTC-1,7846,15805,-0.8640384801912979,-0.2791455895501271,-0.6362189135522213,False,False,other,0.0026378247186135545
CCGACAAACACATGAG-1,6660,16707,-0.4967069987323332,0.4132645701447814,0.3604031682379605,False,True,immune_core,0.12655671950471173
CCGACAAAGGGAGTGC-1,10014,15926,-0.8314632885071506,-0.2791455895501271,-0.5918643349701134,False,False,other,0.00012485348035901653
CCGACGGGCATGAGGT-1,14155,15374,-0.1540295703034695,-0.0824148177964695,0.6530810910890368,False,False,other,0.0062664523783432825
CCGACGTAAACACAAC-1,6103,7302,-0.1551306792840215,0.0414970752462367,0.3955216877796815,False,False,interface,0.030345613299870493
CCGACTCGCATAGTCT-1,4320,9675,-0.5710087127919866,-0.2791455895501271,0.6012556376648408,False,False,interface,0.05532964508620638
CCGAGGGATGTTAGGC-1,4709,11262,0.3508615840676663,-0.2791455895501271,-0.6160729953281353,False,False,interface,0.15156717636296757
CCGATTCGAGGGACCC-1,10999,16043,1.0549150729021033,-0.2791455895501271,-0.5253229029610743,True,False,tumor_core,0.0023555780896565245
CCGATTGGTCAATGAA-1,3935,7181,-0.0237523605382883,0.114315953957188,0.7014084462709921,False,True,interface,0.03299518076555726
CCGCACAAAGACCAAC-1,10627,9698,-0.8732522215679782,-0.2791455895501271,0.3025794737307045,False,False,other,0.0011253165372455511
CCGCACGTGACCTCGG-1,9030,15356,-0.4158681035639181,-0.2791455895501271,-0.4067775371810579,False,False,other,0.0002740421902315105
CCGCCACCACAATCCA-1,4316,10808,-0.2164190247525705,0.2947229236749599,0.7506672580372825,False,True,interface,0.004253621571863741
CCGCCGGAACTTCTCG-1,14149,16960,0.4216198882000778,-0.0824148177964695,0.9510224134703152,False,False,interface,0.010691486710121906
CCGCCGGTCAACACAC-1,6085,12060,1.190868689758129,-0.2791455895501271,0.9513541535669424,True,False,interface,0.1463323871008051
CCGCCTGCGAATTGGT-1,6497,7304,-0.428659218854415,-0.2791455895501271,-0.0509083561871119,False,False,other,0.02097817960501645
CCGCCTTGCGATGTCG-1,11979,17519,-0.6851242705191561,-0.2791455895501271,-0.8827317688849444,False,False,other,0.0042809413126131445
CCGCGATTTGGTAGGT-1,11191,17289,-0.8751975240088844,0.0414970752462367,-0.6784836508215812,False,False,other,0.0012507382593183632
CCGCGCAAGATACCCA-1,15920,17986,2.815740989368201,-0.2791455895501271,-0.8316543087716494,True,False,tumor_core,0.029291251363776333
CCGCGGAATGCGTCAC-1,13571,13220,-0.3375062994700952,-0.0824148177964695,0.3008925426752959,False,False,other,0.013543606934643274
CCGCGGGTACGAAGAA-1,9819,15359,-0.8732522215679782,-0.2791455895501271,-0.7860193706857508,False,False,other,0.00029084264819753295
CCGCGTAGGTAAGGGC-1,9423,15810,-0.9861345197868546,-0.2791455895501271,-0.8142812997119934,False,False,other,0.008351379836600947
CCGCTATCAGCACCAG-1,12396,11177,-0.9861345197868546,-0.2791455895501271,-1.0333444231542277,False,False,other,0.0006382194418495516
CCGCTGGTGCCATTCA-1,4713,9903,0.0239849365033811,0.2290610102834133,0.596231881591233,False,True,interface,0.049367331792125206
CCGCTTACCTCACTCT-1,12779,14350,-0.0407754606188187,0.6099953418984391,0.6051252598537028,False,True,immune_core,0.03774979870077772
CCGCTTCGCGGTTAAC-1,3910,13978,1.5400168185307377,0.6881844671822751,1.121345034759122,True,True,interface,1.2315310216736803
CCGGAATGGTTTCAGT-1,8244,14673,-0.8291815912759019,-0.2791455895501271,0.1388720303987549,False,False,other,0.001973072221981176
CCGGCCGCGAGCATAT-1,14934,18096,-0.6962833143367424,-0.2791455895501271,0.2348969098677097,False,False,other,0.0009949151968989892
CCGGCGCATATTGGAT-1,6283,11948,2.2003857860852536,0.0414970752462367,-0.0040349599284164,True,False,interface,0.04699261324342873
CCGGCGTGAGACTCTG-1,12769,17069,0.0152102528338694,-0.2791455895501271,0.204960118853252,False,False,interface,0.012913483102210696
CCGGGACCCGCAGAGA-1,6676,12402,1.927843861058626,0.0414970752462367,0.9960381030800096,True,False,interface,0.05638033149437482
CCGGGCGGTCTCGTCA-1,9839,9695,-0.8103035415361104,-0.2791455895501271,-0.1807199932945827,False,False,other,0.040652888619610035
CCGGGTTCGAGGTTAC-1,11004,14683,-0.8640384801912979,-0.2791455895501271,-0.6170942299270609,False,False,other,0.0007326087525644162
CCGGTGCGAGTGATAG-1,4883,17493,0.3752106875831747,0.2293960781710106,0.571709475935539,False,True,immune_core,0.005279681916326703
CCGGTTTGTAATTGTG-1,14556,13563,-0.6882075019405536,-0.2791455895501271,0.7723438966960195,False,False,other,0.007682478181447167
CCGTAAGTTGGTCCCA-1,10037,9582,0.0565308898911632,-0.2791455895501271,0.6134221083906016,False,False,interface,0.08231652885285441
CCGTACCCAAGCGCCA-1,5880,14438,0.3585581352853689,0.458625791893729,0.7016363623842768,False,True,interface,0.024202098056545097
CCGTATCTCGTCGTAG-1,13958,15260,-0.3933999825671286,-0.2791455895501271,0.7172715808391187,False,False,other,0.0016317270134082202
CCGTCAACCTCTGGCG-1,16910,16744,-0.4852115601244044,-0.2791455895501271,-0.2047504180425755,False,False,other,0.00544977160661016
CCGTGCCCATGACGGC-1,5885,12852,1.209195424617331,-0.0824148177964695,-0.1951345527434962,True,False,interface,0.12937786686360034
CCGTGTTAAATTCCAT-1,12976,14237,-0.4503546712090084,-0.0824148177964695,0.0286958006380435,False,False,other,0.016770790885047085
CCGTTACGTTAGAACA-1,7479,8327,-0.7926168755413316,-0.2791455895501271,-0.7379939901648226,False,False,other,0.004142651326188737
CCGTTCCGAATCTCGG-1,11394,15817,0.3846642525829787,-0.2791455895501271,0.270455031698363,False,False,interface,0.002081569638713005
CCTAAACAGGGTCCGT-1,3523,11938,0.3565952532220034,0.6065338196424401,0.7830592503810365,False,True,interface,0.0788767904657545
CCTAAAGGCTGACGCT-1,6294,9002,-0.363920736265111,-0.0824148177964695,0.0236627342779474,False,False,interface,0.005497857883927347
CCTAAATTAACGGTTC-1,11807,10608,-0.3170703494994998,0.0622130289938608,0.1812541233506567,False,False,other,0.0038697046579945337
CCTAACTAAGGCTCTA-1,7678,7761,-0.5888508786702354,-0.2791455895501271,-0.170820547551409,False,False,other,0.005803255916485013
CCTAAGTGTCTAACCG-1,3904,15790,0.6469554443362818,-0.0824148177964695,1.161747861117412,True,False,interface,0.022894608436489623
CCTACATTCACAGACG-1,13567,14579,1.1181330681020607,-0.2791455895501271,-0.28294611907287,True,False,tumor_core,0.006378403217869036
CCTACGCGACCTTACA-1,4130,7748,-0.3858573432990703,-0.2791455895501271,0.3674874467180059,False,False,interface,0.09656986099691382
CCTACGGCTCAGTCGA-1,6667,14668,-0.2217170664791039,1.4454066148392022,0.2531241185534986,False,True,interface,0.26525644774689233
CCTACTGCTTACACTT-1,8842,12750,-0.1833143389979263,0.032665306417353,0.2745587911073937,False,False,other,0.001290363290988801
CCTAGGTAAAGGTAGC-1,13558,17071,1.0718316108372157,-0.2791455895501271,-0.8812018760457937,True,False,interface,0.010044808115680886
CCTAGTTAGTCGCATG-1,5895,10134,-0.7642605282309141,-0.2791455895501271,-0.1040016002963969,False,False,interface,0.050187696507860514
CCTATACCGTCCTGTC-1,14360,13223,0.6189590859621829,0.0622130289938608,0.7081488415019683,True,False,interface,0.08389746461749799
CCTATATCGTGTCACG-1,15331,17191,-0.4160716527056867,-0.2791455895501271,-0.7345117242041458,False,False,interface,0.020010823252467877
CCTATCTATATCGGAA-1,7277,9572,-0.2775631136699207,0.2589438007475185,0.2998560640186462,False,True,other,0.02978046176461222
CCTATGGCTCCTAGTG-1,15731,15607,-0.1903695535155795,-0.2791455895501271,0.1726208083994873,False,False,interface,0.015443964761777245
CCTATGGGTTACCGTC-1,9245,10486,-0.6516440588186331,0.5138883342749851,-0.3193991127319064,False,True,interface,0.1336780111740177
CCTATTATTCCGGCCG-1,16314,17988,-0.3918286743132491,0.2947229236749599,-0.0511319412706752,False,True,interface,0.03361395844513721
CCTCAACGATCGCTGT-1,13750,18318,1.1313452074968795,0.032665306417353,-0.1501898310889253,True,False,interface,0.005487917744714146
CCTCACCAATCTTGAC-1,6866,14329,0.8380632946475407,0.2382278469998943,-0.1115149555124838,True,True,interface,0.006650870190065449
CCTCACCTTAGCATCG-1,8862,7312,0.4327690885936964,-0.2791455895501271,0.4729011304156936,False,False,interface,0.007264155315719783
CCTCATGCAGCTACGA-1,5484,14890,0.7593064827579561,0.2589438007475185,0.7762031493333211,True,True,interface,0.037920355848272046
CCTCCCGACAATCCCT-1,5300,11151,1.014707293465924,-0.0824148177964695,0.3891253139586913,True,False,tumor_core,0.027100622531436146
CCTCCGACAATTCAAG-1,10019,14566,-0.2302443241619022,-0.2791455895501271,0.5244429693025585,False,False,other,0.0008506313990357265
CCTCCTAGCTAGAGTC-1,16712,16856,-0.1130620610119473,-0.2791455895501271,0.3504905027985558,False,False,other,0.002360477124224047
CCTCCTGAGCCCACAT-1,10994,17402,-0.6556323102564061,-0.2791455895501271,-0.9274670612545344,False,False,other,0.00027716532996119493
CCTCGAAGTGGACGGG-1,6486,10249,1.580174001992449,-0.2791455895501271,-0.6710151133693193,True,False,interface,0.05865316185598765
CCTCGACCCACTGCCT-1,4122,10014,0.5914928647795101,0.3533079712137169,1.0423821818823324,True,True,interface,0.006093689663426327
CCTCGCCAGCAAATTA-1,7079,9911,-0.4228651036894747,-0.2791455895501271,-0.1322612788533717,False,False,interface,0.0402839606610223
CCTCGCGCGATATAGG-1,7679,7535,0.6858022675163158,-0.2791455895501271,0.0070536140208716,True,False,tumor_core,0.025709878784069874
CCTCGGATGCTACCTG-1,9812,17171,-0.6816798797633614,-0.2791455895501271,-1.1984989631538856,False,False,interface,0.002012920915936534
CCTCTAATCTGCCAAG-1,8064,10028,-0.3528449407984363,-0.2791455895501271,0.2921603637563721,False,False,interface,0.0031665520592929473
CCTCTATCGATTAGCA-1,13761,15373,-0.6244877154997496,-0.0824148177964695,0.4741057186280786,False,False,interface,0.01610340404250494
CCTCTCTCCCATCTAG-1,10217,14227,0.0701204388750161,0.2290610102834133,-0.4630059378878029,False,True,interface,0.006285343985324315
CCTCTGGCCTAGACGG-1,6488,9796,0.5202790978285597,0.5578924169351119,-0.4395728831897569,True,True,interface,0.13631314112454873
CCTGAATATTTACATA-1,8063,10255,-0.4172343462302328,-0.2791455895501271,0.1483466787986047,False,False,interface,0.0201730489653849
CCTGACAAACTCGCGC-1,7247,17955,1.4548052508208436,-0.2791455895501271,-0.0746973394316304,True,False,interface,0.08082559771493779
CCTGACCACCGATGGT-1,12395,11403,-0.4721072138659118,0.032665306417353,-0.6949088377242353,False,False,other,0.0025582518092282583
CCTGACGCAACCTTTA-1,4127,8428,0.4851695729233132,0.2589438007475185,0.0871376034464476,True,True,interface,0.003786897871553972
CCTGCCCGTTGTCTAG-1,10403,17287,-0.9861345197868546,-0.2791455895501271,-1.1124226265467825,False,False,other,0.0005906720664397805
CCTGCGATAGAACTGT-1,5086,16021,1.0956717934617737,-0.2791455895501271,-0.6534587855858666,True,False,interface,0.02043881748073928
CCTGCGTTCTACGCTT-1,9814,16718,-0.5961485559023748,-0.2791455895501271,-0.8235296672560369,False,False,other,0.0007181093031106545
CCTGCTATTTGAGAAG-1,8646,12636,-0.7185104243045272,-0.2791455895501271,0.4377760222650882,False,False,other,0.0038323050390784465
CCTGGCTAGACCCGCC-1,9234,13431,-0.8732522215679782,-0.2791455895501271,0.6247179329414322,False,False,other,0.00017601058995575224
CCTGTAAGACATGATA-1,10810,13663,-0.87546335281548,-0.2791455895501271,-0.5834079820083208,False,False,other,0.0007028140849084922
CCTGTACTCACGCCCA-1,11395,15591,-0.0915823598390152,-0.0824148177964695,-0.0772433268169386,False,False,interface,0.008406025902682244
CCTGTCACCCGGGCTC-1,9244,10712,-0.2811575073418744,-0.2791455895501271,-0.2349078241565921,False,False,interface,0.10305129141913623
CCTGTCGCCCGTAAAT-1,10622,11283,-0.5612916669869789,0.5932636343815132,0.7345424370842422,False,True,interface,0.07159702769977135
CCTGTCGTGTATGAAG-1,17301,17425,-0.6167858972905874,-0.0824148177964695,-1.017716830134479,False,False,interface,0.01271216540935581
CCTGTGAAACCGTAAC-1,10203,18079,-0.2154102598745384,-0.2791455895501271,-1.1409756590360511,False,False,other,0.00044546092364204903
CCTGTGCATAGGAGAC-1,4296,16472,-0.6882075019405536,-0.2791455895501271,0.0218465872256089,False,False,other,0.04127392645103242
CCTGTGCGGATTGTAA-1,4132,7069,-0.2867050164502046,-0.0824148177964695,0.5015443144861604,False,False,interface,0.018492838399049565
CCTTCCGCAACGCTGC-1,17501,16632,-0.7531014844133275,-0.0824148177964695,-0.9258602280292624,False,False,other,0.001171781535737342
CCTTCTCAGCGTTCCT-1,11982,16613,0.5590896521716865,-0.2791455895501271,-0.0344320897764252,True,False,interface,0.009564523160636317
CCTTCTTGATCCAGTG-1,7275,10025,0.0502708423476043,-0.2791455895501271,0.431237119279837,False,False,other,0.020101051566009845
CCTTTCAATGAAGAAA-1,8467,7537,1.3530567235638802,-0.2791455895501271,-0.8124051188339338,True,False,interface,0.029734285880210324
CCTTTGAATTATGGCT-1,14935,17643,-0.2880956394052286,0.0622130289938608,-0.7643204087048625,False,False,interface,0.023116616649655086
CGAAACATAGATGGCA-1,5700,9567,-0.8751975240088844,-0.2791455895501271,0.1981482792230975,False,False,other,0.003558927104728961
CGAAACGCAATTCATG-1,11595,14572,-0.3546813176407243,-0.2791455895501271,0.7614744641587777,False,False,other,0.0038677876341801087
CGAACCCGCATGCGTC-1,13179,12765,-0.38375413452971,-0.2791455895501271,0.1167338836948142,False,False,other,0.005346354401190692
CGAACGCCCAGTGCCG-1,6289,10362,0.4826603503835499,0.636081542218948,0.5159513395281773,True,True,tumor_core,0.10530819787297852
CGAACGGCCGGACAAC-1,12771,16615,-0.2797973561256134,0.2947229236749599,0.4063477308022556,False,True,immune_core,0.024317780750186774
CGAAGACGGTGAGTGC-1,10006,17965,-0.6965491431433383,-0.2791455895501271,-0.8672363825277705,False,False,other,0.002948945889462741
CGAAGACTGCCCGGGA-1,3520,12844,0.1441907856780655,0.032665306417353,0.5452448742425352,False,False,interface,0.013441543121026689
CGAAGCCACAGCATGG-1,17696,17426,-0.0646127401987242,0.3533079712137169,-0.1056532589742917,False,True,interface,0.011990555873143842
CGAAGGGTTTCAGATT-1,16515,16742,-0.1979671373641532,0.5283446943586041,-0.0163131448141208,False,True,other,0.06100612522366553
CGAAGTTGCTCTGTGT-1,10019,14340,0.2673248284480197,0.2947229236749599,-0.4034055062838811,False,True,immune_core,0.0031484982806961087
CGAATCTGCTCGACGC-1,15730,15833,0.6169890462779186,-0.2791455895501271,-0.5269110015759436,True,False,interface,0.03847724022031968
CGAATGAAGTCATTGC-1,15729,16060,0.0116427122882845,0.1776491165135635,-0.0261005104387956,False,True,other,0.005262439295308112
CGAATTACATGGTGTT-1,3933,7634,1.1249562174483114,0.032665306417353,1.14953595222552,True,False,interface,0.12092145611594217
CGACAGTTCGCGTTAT-1,10614,13549,-0.8640384801912979,-0.2791455895501271,-0.3047920218182294,False,False,other,0.0010937593529474355
CGACATGCGATCTTCT-1,5104,11037,2.203908334273497,-0.2791455895501271,0.0363783212300353,True,False,tumor_core,0.017184060618445327
CGACCCTTAACGCCGG-1,12967,16956,1.1978023900174235,-0.2791455895501271,0.5181811269611011,True,False,interface,0.022663752077667066
CGACCTACTAGACAAT-1,12567,18314,-0.0606040252221091,-0.0824148177964695,0.2428695981593998,False,False,other,0.006430125047774185
CGACGCATCCGTACCT-1,13360,17184,1.159341490185589,0.8346471026841285,-0.2803007202111386,True,True,interface,0.06646693286104192
CGACTCAGGATGTTAT-1,8070,8216,-0.4989181299798351,-0.2791455895501271,-0.5243511678145206,False,False,other,0.012874711722077612
CGAGACCCTAGAGTGT-1,12001,11402,-0.7182445954979316,-0.2791455895501271,-0.9710685084179576,False,False,other,0.003003449014545844
CGAGAGATGTGAACCT-1,9247,10032,-0.0494215798899427,0.5704196288274013,1.005750812691714,False,True,interface,0.142102023735575
CGAGAGCGCGTAGATA-1,12373,17520,0.3201220931513088,-0.2791455895501271,0.2035458698893343,False,False,interface,0.0330135176589646
CGAGATGTTGCCTATA-1,3908,14658,0.1859194860073632,1.7514708469306617,1.0856567524367151,False,True,interface,0.3143218165973534
CGAGCACTTCAAGTTT-1,8044,15466,-0.5207181648925939,-0.2791455895501271,0.0843432692095727,False,False,other,0.00016594369115530746
CGAGCCGAGCACTCGA-1,5670,17949,0.411732585492488,0.812953054075358,0.8886842120596691,False,True,interface,0.2586206968940073
CGAGCGTTGATCAGCC-1,5885,13079,1.833666964361152,1.4217147844862454,0.1070387421077231,True,True,interface,0.3341915288737232
CGAGCTGGGCTTTAGG-1,6879,10704,0.9883578835964228,-0.0824148177964695,0.311965830483809,True,False,interface,0.14552324026028154
CGAGGCCAGGCATTGG-1,6269,15799,-0.4767181005842643,0.2618950201400714,0.0349191281400901,False,True,immune_core,0.03655040152963418
CGAGGCTAAATATGGC-1,9246,10259,-0.3051617374999303,0.6153655884713237,-0.8298505922700391,False,True,interface,0.03212302909831627
CGAGGGACTGCGGTCG-1,11023,9472,-0.9861345197868546,-0.0824148177964695,-0.4364703716533231,False,False,other,0.0049675527238485315
CGAGTACTAAAGAGGA-1,12385,14348,-0.4261029222906905,-0.0824148177964695,1.348467301083001,False,False,other,0.0020459731306419872
CGAGTGAAGGTACCAG-1,14353,15035,0.1033474165945018,-0.2791455895501271,0.9421778046227118,False,False,other,0.0006416248918233806
CGAGTGCTATAGTTCG-1,5487,13984,1.1045360825985346,0.3533079712137169,0.9100814272526048,True,True,interface,0.029248976633848494
CGAGTTCTGTCCCACC-1,8857,8672,-0.5744531035477813,-0.2791455895501271,-0.095538751837303,False,False,other,0.04044151194901661
CGATACCTCGCGGACA-1,11404,12872,0.1322692433596995,-0.0824148177964695,0.840633052956829,False,False,interface,0.013032515482624145
CGATAGCGATACAGTG-1,16514,17195,-0.3200330754762562,-0.2791455895501271,-0.2262380939397325,False,False,other,0.0016912310187874818
CGATATTAGCCGCAGG-1,4895,14321,1.4287598210272574,0.9351487941930464,0.2984322258016227,True,True,interface,0.04146028781799222
CGATCCGACCCAGTGC-1,11011,12644,-0.8732522215679782,-0.0824148177964695,0.2658409220398991,False,False,other,0.0049698570268280964
CGATCTGTTGGAGGAC-1,12577,15595,0.5882374588642459,-0.2791455895501271,-0.4303245156457134,True,False,interface,0.008608887305502196
CGATGGACCCTACGCC-1,7876,7422,-0.4854773889310002,-0.2791455895501271,-0.4168029867131944,False,False,other,0.007230808978400214
CGATGTTGTTATCTAC-1,14938,16963,0.5941029156045828,-0.0824148177964695,0.0428974035074257,True,False,tumor_core,0.006050210278969264
CGCAAACACGAGTTAC-1,8838,14109,-0.9861345197868546,-0.2791455895501271,-0.2956786213808346,False,False,other,0.0005527198285787484
CGCAATCGATCATTAG-1,8231,18298,0.7914656814281573,-0.2791455895501271,-0.1402534863153895,True,False,interface,0.005880789543961272
CGCAATTACTTTCGGT-1,8048,14559,-0.6402191861944511,-0.2791455895501271,-0.4011278966720136,False,False,other,0.0003948852275228
CGCAATTAGGGTAATA-1,9038,13317,-0.7185809902882738,-0.2791455895501271,-0.0095761338079424,False,False,other,0.00024366282135246818
CGCAATTCTACAATAA-1,8637,15128,-0.4297971478349064,-0.2791455895501271,-0.1398321553433316,False,False,other,0.00026276965568266234
CGCAGAAACATTTGCG-1,5101,11717,1.884891689261578,0.7546231886887695,0.5943259820418918,True,True,interface,0.13322229960870283
CGCATCATGGCTTCAG-1,5309,8659,0.0443435853982645,-0.2791455895501271,0.0429912617281938,False,False,interface,0.07498278568601628
CGCATGGTGCGATGCT-1,11412,10833,-0.4093972820684257,0.2382278469998943,0.0654979358092133,False,True,immune_core,0.016084599619847737
CGCATTAGCTAATAGG-1,8846,11843,-0.28068812939351,-0.2791455895501271,0.8059883255374911,False,False,other,0.005963971925898224
CGCCAAGAAGCCGAGT-1,11195,16383,0.3657644868774188,-0.2791455895501271,-0.4497805653852998,False,False,other,0.005356114153778219
CGCCAATTATTGCGTT-1,4882,17946,-0.6402191861944511,-0.2791455895501271,0.2565351828701414,False,False,other,0.011952890119641261
CGCCACAGGTCGCGAT-1,13162,17297,0.6506940252913321,-0.2791455895501271,0.6751782945365541,True,False,interface,0.05566425491869289
CGCCACCCGCATTAAC-1,4691,16246,0.2284436924526176,-0.0824148177964695,0.3183823160830155,False,False,interface,0.010811646478753182
CGCCAGTAGTACCTTG-1,18090,17428,-0.7625810545966036,-0.2791455895501271,-0.5626321582373484,False,False,other,0.004542746989777386
CGCCATCCGATTATGA-1,8264,9236,1.0498239188072385,0.4257917820370709,0.318338175263373,True,True,interface,0.023801499231258207
CGCCCGCTTCCGTACA-1,7081,9232,-0.1695686379869593,-0.2791455895501271,-0.2483624051142428,False,False,interface,0.03470175465153867
CGCCCTAATTGTTCAA-1,16711,17083,-0.2805176843482521,-0.2791455895501271,-0.1704076105300196,False,False,other,0.002143794383495499
CGCCCTTACATCCACC-1,3541,7180,-0.0838421378654479,0.032665306417353,0.7035111699107512,False,False,interface,0.004027231631859592
CGCCCTTGAAGGCTGA-1,8239,16033,-0.9861345197868546,0.2382278469998943,0.9810863946947294,False,True,immune_core,0.00562237288773606
CGCCGACTATTCGCTA-1,10401,17740,-0.5207181648925939,0.0414970752462367,-0.2606337507507399,False,False,other,0.0034212293275345577
CGCCTCCCTCCTCTAT-1,12006,10042,-0.8732522215679782,-0.2791455895501271,-0.6216041507674152,False,False,other,0.0007025311472693167
CGCCTGGCCTACGTAA-1,11593,15252,-0.2492771999823842,-0.2791455895501271,0.0999460583706423,False,False,interface,0.009795431897237873
CGCGACACTGCGCAGC-1,8236,16939,-0.8291815912759019,-0.2791455895501271,-0.5940343850337039,False,False,interface,0.03133475254310062
CGCGAGTCTGCCGGGT-1,13758,16053,-0.1493444219413097,0.2382278469998943,0.233445145747004,False,True,immune_core,0.0036835590362771817
CGCGCAAATGTCCAGA-1,14548,15602,-0.0779228172913435,0.2589438007475185,0.4668710991491714,False,True,interface,0.003308201714284717
CGCGCAAGGAACTACA-1,4498,15000,0.9703603995308202,0.7122131863323747,0.5101489845657491,True,True,interface,0.05873030139344867
CGCGCATGTTTGATTG-1,13378,12200,-0.5705393348436223,-0.0824148177964695,-0.0427967200540319,False,False,other,0.0013518565122106294
CGCGCCCGACTTAATA-1,7670,9800,-0.6997878744482059,-0.2791455895501271,0.2281064840983515,False,False,interface,0.02260807828461669
CGCGGCAGTATTACGG-1,5872,16477,-0.1725292893673666,-0.0824148177964695,0.3641142454735612,False,False,other,0.005089675283947831
CGCGGGAATTAGGCAG-1,9052,9239,-0.8732522215679782,0.2589438007475185,0.5597343910454798,False,True,interface,0.027539301891804636
CGCGTCATATTAAACC-1,3921,11033,-0.4648095366337724,-0.2791455895501271,0.9672270735348822,False,False,other,0.015776267948561257
CGCGTGCTATCAACGA-1,3709,15223,1.802562358264418,1.1741709325165934,1.239030323505899,True,True,interface,0.3760945532047546
CGCGTGGGCCTGTGTT-1,17299,18104,-0.7511561819724213,-0.2791455895501271,-0.2466348548695664,False,False,other,0.004098641336021358
CGCGTTCATGAAATAC-1,8843,12523,-0.7511561819724213,-0.2791455895501271,0.404978759347244,False,False,other,0.0006126290222003215
CGCTACCGCCCTATGA-1,3912,13525,0.4589274763159028,0.032665306417353,0.3021848130011339,False,False,interface,0.14518998687341397
CGCTACGGGACATTTA-1,11010,12871,-0.6167858972905874,-0.2791455895501271,0.024232649895957,False,False,other,0.003918717035613182
CGCTATACCGCCCACT-1,6275,14213,0.661520549767679,0.114315953957188,-0.1105599582426242,True,True,interface,0.032678556898512005
CGCTATTCAATGTATG-1,7258,14783,0.0277447285428269,-0.2791455895501271,0.1593432949010941,False,False,interface,0.04604269757847112
CGCTATTCTTAGGCTC-1,11015,11511,1.3892589682760994,0.3172736661341069,0.2656204895395512,True,True,tumor_core,0.07882885132824953
CGCTCGACATAATGAT-1,7658,13199,0.3995715134618272,-0.2791455895501271,-0.19205823414535,False,False,interface,0.048647412941036326
CGCTCTCCGTAGATTA-1,10020,14113,-0.2703663960907694,-0.0824148177964695,-1.0795642232584817,False,False,interface,0.004510739792713787
CGCTGAGGACGTCCAA-1,4305,13753,0.6142743639267877,2.4062348280503256,1.1997052090692657,True,True,interface,0.2908261300167095
CGCTGTGACGCCGCAC-1,8447,12975,-0.1510574939465252,-0.2791455895501271,0.1467752733997686,False,False,other,0.000868681210445647
CGCTGTGTGGATGTTG-1,15147,13452,-0.5427500120375297,0.2382278469998943,-0.8407292919393186,False,True,immune_core,0.026943915533359213
CGCTTATTCCCGGTCG-1,11791,14913,-0.1822560084157996,0.0622130289938608,0.6031425332753038,False,False,other,0.009230696486153808
CGCTTCCACTGAAATC-1,7066,13536,1.2839535350915965,0.2589438007475185,-0.0549982522069758,True,True,interface,0.017208755237346215
CGCTTTCATACCGGTG-1,6281,12627,0.6925588175255413,0.374023924961341,0.3629580871762033,True,True,interface,0.025016036413250824
CGCTTTCTTGCATTCG-1,9646,8674,0.1873135983005568,-0.2791455895501271,-0.2053238200017205,False,False,interface,0.017199806926335007
CGGAAAGAATCAAACG-1,14952,12885,-0.2614629186736283,-0.0824148177964695,-0.4739991037546423,False,False,interface,0.011502691971930728
CGGAAAGCAAATGTGC-1,7051,17614,0.2761535666191183,0.114315953957188,0.3084356412525006,False,True,interface,0.01042023485758394
CGGAAATTTCACATCC-1,4323,8995,-0.8103035415361104,0.2290610102834133,-0.4526603325294078,False,True,immune_core,0.011666507957713434
CGGAACGTAAACATAG-1,12783,13217,-0.4935684547131513,-0.2791455895501271,-0.5833011454615383,False,False,other,0.01569711954162099
CGGACGTTACTTGAAG-1,11782,17631,-0.5384959317931609,0.3172736661341069,-1.1874395914361942,False,True,immune_core,0.006971679011712146
CGGAGCATGGCGATCC-1,11215,10719,-0.7419424405957411,-0.2791455895501271,-0.7303367671232605,False,False,other,0.00019048235334652937
CGGAGCTTATAACACC-1,5507,8546,-0.353872540855802,0.7339072349411453,-0.065156090845523,False,True,interface,0.22803355166305006
CGGAGTCCTAACCTGG-1,3542,6727,-0.7070855516803451,-0.2791455895501271,0.4211215971154572,False,False,other,0.0017333301381433671
CGGAGTTTGAGAGACA-1,9428,14451,-0.6402191861944511,-0.2791455895501271,-0.4941879511892111,False,False,other,0.004572716076053481
CGGATAAGCGGACATG-1,7253,16369,-0.4532291641261204,-0.2791455895501271,0.2309441430996598,False,False,other,0.0040949561362311135
CGGCACCGTTAGCGCC-1,5705,8207,-0.1792124114280289,0.032665306417353,-0.0479954970096261,False,False,other,0.00542103375857653
CGGCACTCAAGAAAGT-1,5877,15118,-0.4957795859606532,0.032665306417353,0.2896867962126147,False,False,interface,0.17175405443430392
CGGCCACGCACAAAGT-1,10423,11623,-0.4746751515873974,-0.0824148177964695,0.8358341347013589,False,False,other,0.00034974076490060783
CGGCTCTTCGTCGAAC-1,5113,8545,-0.5741872747411857,-0.2791455895501271,0.4412278212516011,False,False,other,0.029904603641348167
CGGCTGCAAGATTAAG-1,4317,10581,-0.2855836134683253,0.3828556937902247,0.1295658190469439,False,True,immune_core,0.012518689799696331
CGGCTTTGTATGATAA-1,5100,11943,1.2101156707073997,-0.2791455895501271,0.4683232154630857,True,False,interface,0.04036271090865421
CGGGAACGCCCTGCAT-1,17499,17312,0.386224840727659,0.2382278469998943,-0.2670745201143178,False,True,interface,0.03573132948371097
CGGGAAGTACCGTGGC-1,17303,16972,0.6050553468661469,-0.2791455895501271,-0.6534587855858666,True,False,interface,0.005398123980232127
CGGGAATTTATGTAAA-1,12397,10950,-0.9861345197868546,-0.2791455895501271,-1.1328510175204387,False,False,other,3.4702371160099516e-05
CGGGAGTATACCGCCG-1,7252,16596,-0.150669468104513,0.0622130289938608,-0.402622231752099,False,False,other,0.003973258938883675
CGGGATCAATGTAAGA-1,8058,11614,0.3788505723650982,0.0414970752462367,0.2091193307731236,False,False,interface,0.16935995237262225
CGGGCAGCTAAACCGC-1,9831,11960,-0.7207921215357759,0.3172736661341069,0.2702676736352919,False,True,immune_core,0.027872376261115037
CGGGCCATAGCCGCAC-1,6267,16252,0.314531600556183,0.114315953957188,0.3277220678921523,False,True,interface,0.02279413705932984
CGGGCCTTCTTTGTAA-1,11604,12080,0.6815858029071394,0.0414970752462367,1.1840436361769568,True,False,interface,0.04443686242088802
CGGGTGTACCCATTTA-1,9843,8562,0.5838206387120566,-0.2791455895501271,-0.1482954606133348,True,False,interface,0.009588477080288876
CGGGTTGTAGCTTTGG-1,4101,15904,0.7844843640278825,0.4914536954286175,-0.5368076765451204,True,True,interface,0.033999143397051186
CGGTAACAAGATACAT-1,3896,17830,0.0707894170372014,0.7546231886887695,-0.0978480077161323,False,True,interface,0.06385522708950067
CGGTACGGCAAACCCA-1,13948,18206,1.3709859652360468,0.0622130289938608,0.3579128226417278,True,False,tumor_core,0.0029683240546688246
CGGTAGAGGTGCAGGT-1,7875,7875,-0.6313893318639686,-0.2791455895501271,-0.2856586159864545,False,False,other,0.008075317065635261
CGGTATAGGTATTAGC-1,5709,7074,0.7745690636243729,-0.2791455895501271,-0.6313008214786411,True,False,tumor_core,0.019762765788713443
CGGTCAAGTGGGAACC-1,8658,9237,0.8681120315575279,-0.2791455895501271,0.1064952283562784,True,False,interface,0.03486350267204399
CGGTCTATCAACCCGT-1,7082,9005,0.0194109704872791,0.0622130289938608,0.5650038786888543,False,False,interface,0.04421555732369444
CGGTGAAGACTAAAGT-1,10409,15701,-0.9861345197868546,-0.2791455895501271,-1.1747467286185245,False,False,other,0.0030197390927770434
CGGTGCAGATAGAACG-1,11794,14233,-0.8732522215679782,-0.2791455895501271,0.403777297060513,False,False,interface,0.019574292424414098
CGGTGCGCGTTGGTCC-1,13175,13898,0.0866692747103372,-0.0824148177964695,-0.0563166572420269,False,False,other,0.004950082611362562
CGGTGGGCTCCAGCCT-1,6498,7077,0.2351323376577946,0.0622130289938608,0.4794847531121649,False,False,interface,0.017627609928807627
CGGTGTACTTGATCCC-1,6864,14782,0.9942303742330164,-0.2791455895501271,0.3141790832965654,True,False,interface,0.1395720117556464
CGGTTCAAGTAGGTGT-1,8271,7197,0.9691855164830112,-0.2791455895501271,-0.8381682750045305,True,False,interface,0.019568120819356077
CGGTTCCGGCTTCTTG-1,5286,15003,-0.2181021774445149,0.3965328626278556,-0.3278718746159739,False,True,interface,0.07953390988755478
CGGTTGACCTGGCATA-1,11198,15477,-0.5079533828946272,-0.2791455895501271,0.453390460103142,False,False,other,0.01602236734443706
CGGTTGGGTTCAAGTT-1,5118,6959,1.392434289114313,0.0414970752462367,0.0281312547123259,True,False,interface,0.0074541071639987475
CGGTTTACTGAACATT-1,16510,18102,-0.4217594393151832,0.2947229236749599,-0.1287278446160282,False,True,immune_core,0.0035514703536136554
CGGTTTATGAAGGAAC-1,5514,6507,-0.3065631792588582,-0.2791455895501271,-0.5635186182446718,False,False,interface,0.009241517561734788
CGTAAACGCTTGAGTG-1,5678,15684,1.607248585853886,-0.0824148177964695,0.4951674246894744,True,False,interface,0.11178313418425827
CGTAATAATTACGAGT-1,6263,17611,-0.1487757967152767,-0.0824148177964695,-0.0178569116799324,False,False,interface,0.006999602391511974
CGTACCGAAAGTCTAG-1,5477,16929,-0.0075343387056398,0.2589438007475185,0.7336422520640602,False,True,immune_core,0.010380038357453878
CGTACCTGATAGGCCT-1,7865,10594,-0.5206001066529918,0.3533079712137169,-0.0135603366164312,False,True,interface,0.031730784749295894
CGTAGCGAATTGTCAG-1,6092,10248,-0.2619944897244955,-0.0824148177964695,0.2978450311278742,False,False,interface,0.07121848898940755
CGTAGCGCCGACGTTG-1,4902,12282,0.7575566447984832,0.2382278469998943,0.6531632147154729,True,True,interface,0.017758103634112652
CGTATTAAGAGATCTA-1,9830,12187,-0.9861345197868546,-0.2791455895501271,0.5338054329823503,False,False,other,0.004991695375317723
CGTATTGTTTGGCGCC-1,17496,18218,-0.8732522215679782,-0.2791455895501271,-0.0599353957178499,False,False,other,0.006287354773963354
CGTCAAGGCTATAAAT-1,9420,16717,-0.5710087127919866,-0.2791455895501271,-0.9663655463587244,False,False,other,0.0003196611011777115
CGTCAATCTTTAACAT-1,5672,17270,-0.4760789093744846,-0.0824148177964695,0.5861144364920793,False,False,interface,0.06297221789686687
CGTCACGTCCATTGGT-1,12785,12537,-0.1969196123448492,-0.0824148177964695,0.1955781633682024,False,False,other,0.0064816954662491365
CGTCAGCTATTTACTC-1,6856,17047,0.0830685428936601,-0.0824148177964695,0.0721328278784215,False,False,other,0.03740752629893674
CGTCAGTGCGCACAAG-1,5689,12738,1.279801302243569,0.6290845621015871,-0.1509135948364607,True,True,interface,0.026920632654267713
CGTCAGTTTATCGTCT-1,3919,11486,0.3855379918482206,-0.2791455895501271,0.2567763353350325,False,False,interface,0.05647597621388565
CGTCATACCATATCCA-1,7451,16030,-0.5690634103510804,-0.2791455895501271,-0.6902488443326101,False,False,other,0.00025705176075326784
CGTCCAGATGGCTCCA-1,5866,18290,0.0328813328380531,0.114315953957188,0.5276493368764704,False,True,interface,0.027205847699026002
CGTCGCGGCGGGATTT-1,5872,16704,0.3453115311426168,-0.0824148177964695,0.1334583849883101,False,False,other,0.014856019114568976
CGTCGCTTGGTTATAC-1,15929,15494,-0.7285467925275846,-0.2791455895501271,-0.0268625894458947,False,False,other,0.007716245123320174
CGTCGGGTCTAAGCGC-1,14153,15827,0.8065357725315085,-0.0824148177964695,-0.0470045681937813,True,False,interface,0.0357996347545125
CGTCTGGAAGGGCCCG-1,6680,11269,0.3329834879446002,-0.2791455895501271,0.1371628007683585,False,False,interface,0.036915244792659306
CGTGAACTGACCCGAT-1,18087,18107,-0.6797345773224551,-0.2791455895501271,0.2669124238981438,False,False,other,0.0029917548021324864
CGTGAAGTTAATTCAC-1,11408,11966,0.4236203986488097,0.0414970752462367,0.5003010223740104,False,False,interface,0.02384172399627985
CGTGACATTGGGTCGT-1,6491,8890,0.8336978915549141,0.0622130289938608,0.1981998395796176,True,False,interface,0.016343441602048984
CGTGCAGACTGGGACA-1,11415,9927,-0.8732522215679782,-0.2791455895501271,-1.0529948885908875,False,False,other,3.100747454963844e-05
CGTGCATTGTCGACGC-1,11200,14797,-0.7182445954979316,-0.2791455895501271,-0.1956950917174108,False,False,other,8.484831365107186e-05
CGTGCCCGACATTTGT-1,3722,11598,-0.2113421276759336,0.2618950201400714,0.8321609629089891,False,True,interface,0.032824350505564044
CGTGCTGGCCTAGTCG-1,5282,16135,-0.4306750872790678,-0.0824148177964695,0.0612396052299015,False,False,interface,0.05561959372126655
CGTGCTTCTACCTAAA-1,15733,15153,-0.7533673132199233,-0.2791455895501271,-0.2148907346448352,False,False,other,0.0016043686739638365
CGTGTCCCATTCGCGA-1,9036,13770,-0.7070855516803451,-0.2791455895501271,-0.336731596340571,False,False,other,0.00025132476223662905
CGTGTCTCGTTACGAC-1,15341,14472,-0.5710087127919866,-0.2791455895501271,-0.3619875216602463,False,False,other,0.00612907896168178
CGTTAGCTCACAACTG-1,6297,8096,-0.1068653104805826,-0.2791455895501271,-0.3272665894590936,False,False,interface,0.1471362833567931
CGTTATCATACTTCCA-1,12371,18200,-0.4727298491464912,0.0414970752462367,-0.3856446200421878,False,False,other,0.004401769182110353
CGTTCATGGTGCGCGT-1,12970,16050,-0.3712184134972505,0.9871330833698686,-0.2564854436972116,False,True,interface,0.12947695379901814
CGTTGAGCGACCGTCG-1,12204,9930,-0.3029858053450415,-0.2791455895501271,-0.6527414803875935,False,False,other,0.005027597917102106
CGTTGAGTAATTGCGT-1,5710,6848,-0.3146233721318268,-0.2791455895501271,-0.6522899384502826,False,False,interface,0.03697441779772942
CGTTGTAAACGTCAGG-1,7645,16823,-0.1979078807121364,0.032665306417353,-0.2966316457605202,False,False,interface,0.004627981319188177
CGTTGTTTCAATTCCC-1,10219,13774,0.0453739617957194,-0.0824148177964695,0.418164035223208,False,False,interface,0.0028396425415012916
CGTTTAAGCGGAGCAC-1,6087,11607,-0.4197818722680771,-0.0824148177964695,0.4038940745696308,False,False,interface,0.04288643733447572
CGTTTCACTTCGGGCG-1,7086,7872,-0.1230038393394154,-0.2791455895501271,-0.5542733417038977,False,False,other,0.000681041139078244
CGTTTCGCTCATTACA-1,10419,12755,-0.7182445954979316,-0.2791455895501271,0.5641677823733925,False,False,other,0.00047004486878862175
CGTTTGTGTAGAGGGT-1,14358,13676,-0.1808897657494848,-0.2791455895501271,0.4308607212823811,False,False,interface,0.04935557286419826
CTAAACGGGTGTAATC-1,4306,13526,0.2144690510275604,1.8682997773102457,0.8208156682377641,False,True,interface,0.26525437422599957
CTAAAGAATGCCTACT-1,10611,14229,0.6878765580271669,-0.2791455895501271,-0.0551965818499988,True,False,other,0.034974755772800535
CTAAAGGGAAATAGGA-1,12199,11289,-0.9861345197868546,-0.2791455895501271,-1.18292967059584,False,False,other,0.0027875607467767773
CTAAAGTCCGAAGCTA-1,4298,15792,0.1726911599003796,0.7546231886887695,0.4307573791429337,False,True,interface,0.07557179139742193
CTAAATCCGGTGTACA-1,15538,14360,-0.6797345773224551,-0.0824148177964695,-0.1838463602875897,False,False,other,0.0017060174291440887
CTAAATCCTATTCCGG-1,8660,8784,-0.6886288306306193,-0.2791455895501271,0.1149876169449654,False,False,other,0.006198634342203861
CTAACAGCACAATAAC-1,15524,18211,-0.353872540855802,-0.2791455895501271,-0.2455344990625729,False,False,other,0.002502680345927221
CTAACCGCGCGCCCGT-1,10808,14343,0.2311183997860373,-0.2791455895501271,0.0618967258201131,False,False,interface,0.012503880596645743
CTAACGAAACTTGCTG-1,9452,7654,0.7368606713379489,0.7546231886887695,-0.9049541105811548,True,True,interface,0.0442887869498663
CTAACTGGTCCGGTTC-1,13371,14239,1.0234143608439172,-0.2791455895501271,-0.2389902863655453,True,False,interface,0.010387203775850425
CTAAGGGAATGATTGG-1,12203,10156,-0.8751975240088844,0.0622130289938608,-0.6791894726149187,False,False,other,0.003693317958173801
CTAAGTACAGGGCTAC-1,4725,6731,-0.4508678684965071,0.374023924961341,0.1758989718065559,False,True,interface,0.00373715765999753
CTAATGCGCCCAACAA-1,4289,18284,-0.6313893318639686,-0.2791455895501271,0.5575936020867448,False,False,interface,0.0368612276404453
CTAATTCGCACGCGCT-1,9033,14450,-0.8751975240088844,0.0622130289938608,-0.657968706426221,False,False,other,0.00346713652075639
CTAATTTCAACAACAC-1,7651,15238,2.115990790673825,0.0622130289938608,1.79151579347617,True,False,interface,0.1870208026378339
CTACAAGAAATAACCC-1,14949,13791,-0.2778195145654418,0.374023924961341,0.3371480535903141,False,True,immune_core,0.011622850962411224
CTACACTAGCTTGTTC-1,4305,13979,1.759642771183044,-0.0824148177964695,0.9349936959758604,True,False,interface,1.0975935519626334
CTACATATCGCGGGAC-1,16909,16970,-0.4141263502647805,0.0414970752462367,0.0866753927918631,False,False,other,0.0011459878595758237
CTACCCTAAGGTCATA-1,9648,7995,0.4105963772148921,-0.0824148177964695,-0.8893848180231091,False,False,interface,0.007657709319384191
CTACGAACTAGGTCGA-1,4516,10015,0.6120299851010068,2.011435872691407,0.819760014315525,True,True,immune_core,0.3186660539601693
CTACGACTAGCTATAA-1,11000,15590,0.1093405314968133,-0.2791455895501271,-0.4569531799214505,False,False,interface,0.013157300793669285
CTACGATCCTATCCTA-1,17109,16178,-0.2418246966695542,0.0414970752462367,-0.8848165967210517,False,False,other,0.001362866561334725
CTACGCACGGAGTACC-1,10423,11849,-0.5408896434963468,-0.0824148177964695,1.604661819261784,False,False,other,0.0013699343455225814
CTACGCCATTTCCGAT-1,5899,9227,-0.7623152257900078,-0.2791455895501271,0.0371722727598978,False,False,other,0.009887336976892208
CTACGTGTTGCCACCA-1,4693,15567,1.3580532786400732,6.3712722780363205,0.794099108728444,True,True,interface,2.416221718739643
CTACTATCATAGGTTT-1,13957,15487,0.0895164540662713,0.0622130289938608,0.5552015442885734,False,False,interface,0.008119154253744033
CTACTATCTTTCAGAG-1,9255,7767,1.1630731793369502,-0.2791455895501271,-0.7609945054500361,True,False,interface,0.0284518336563519
CTACTCAAGGTATAGT-1,15344,13566,-0.0637030956143991,-0.2791455895501271,-0.1191069528323331,False,False,other,0.004893788592742184
CTACTCTAGGCCCGGC-1,9621,15471,-0.7533673132199233,-0.2791455895501271,-0.3921389294325644,False,False,other,0.00044551079244602485
CTACTGCCACCTGACC-1,8848,11164,1.586887509834101,1.0752658534851334,-0.1804542511819115,True,True,interface,0.3516651945030269
CTAGACTGCATTTCGT-1,5511,7413,-0.4854773889310002,-0.2791455895501271,-0.5657538616141676,False,False,interface,0.03512221940869661
CTAGATAAACTCCTCG-1,4891,15454,0.3077517495530301,0.6065338196424401,0.0456791643106155,False,True,interface,0.8101975705371275
CTAGATTTACGACGGC-1,11809,9928,-0.87546335281548,-0.0824148177964695,-0.5811571328996559,False,False,other,0.00035634327269673153
CTAGCAACTAATTTAC-1,3906,15111,1.805313331624413,1.2910858454419392,0.156371326039423,True,True,interface,0.2824182802984651
CTAGCATAGTATAATG-1,10229,10829,-0.8640384801912979,0.3172736661341069,0.7065330541598142,False,True,interface,0.05752551218346245
CTAGCCGATGTTATGA-1,8075,6856,-0.2386256584392507,-0.2791455895501271,0.0575495879663612,False,False,other,0.014890283014468412
CTAGGCGGCAGAGAAT-1,4302,14659,1.168006549501092,0.8697033129025922,0.6542845987589568,True,True,interface,0.15214058732814373
CTAGTATTCGGAATTA-1,6293,9229,-0.8291815912759019,0.1776491165135635,-0.0632225842878305,False,True,immune_core,0.0031887567481975556
CTAGTCACGTCTTAAG-1,10822,10491,-0.87546335281548,-0.2791455895501271,-0.4735831543125973,False,False,other,0.00032752306059006826
CTAGTGAAGGACAGGA-1,10218,14001,0.6070402201982078,-0.2791455895501271,-0.7064059315342808,True,False,interface,0.025223573546547095
CTAGTTGGGCCCGGTA-1,8653,10597,-0.6996323745647358,0.3172736661341069,1.0192752306944863,False,True,other,0.034092408212462594
CTATACTTAAAGCGAG-1,15723,17872,-0.4810281324261066,-0.2791455895501271,-1.017716830134479,False,False,other,0.008848574225378063
CTATAGGCGTTGATGT-1,15737,14021,-0.4172343462302328,0.0622130289938608,-0.3399458003115559,False,False,other,0.003591540789473411
CTATCGGGTCTCAACA-1,10428,10490,-0.8732522215679782,-0.2791455895501271,0.1907557588143389,False,False,other,0.0004251966405947386
CTATGTCACTAGCCCA-1,9441,10826,-0.7162992930570253,0.3172736661341069,-0.4371765758663543,False,True,interface,0.005971442752154725
CTATGTCTATTGAAAC-1,5691,12059,0.5981652890531456,0.2589438007475185,0.4273414489416459,True,True,interface,0.04604975131714098
CTATGTGAGTCACGGC-1,12377,16387,0.3697869519135522,0.114315953957188,-0.5651254514699439,False,True,interface,0.021098748152273028
CTATTGTGTTTGGTCA-1,6104,6849,0.9143962501541056,0.9497272268979512,-0.7860193706857508,True,True,interface,0.5114654572300058
CTATTTGGTTACGGAT-1,10630,9018,-0.7645263570375098,-0.2791455895501271,-0.1499762844631738,False,False,interface,0.015332012217688193
CTCAAGACATTAGCGC-1,6302,6737,0.2446739561685378,-0.2791455895501271,-0.6553752203498885,False,False,interface,0.05762627500416636
CTCACCAGTACAAGTG-1,9809,18077,0.0355557319472984,0.2947229236749599,-0.8030147228606767,False,True,other,0.0382645002043765
CTCACTTGGCTGGTAA-1,11395,15364,-0.1009304688681619,0.0414970752462367,0.2288716633816672,False,False,other,0.0016625785165964677
CTCAGATTGTGATAAG-1,11978,17745,-0.9861345197868546,0.0414970752462367,-0.5975297518961676,False,False,other,0.016698773025711187
CTCAGGACTCACCTGT-1,6667,14894,0.2315349786545723,0.2947229236749599,0.1058447249135192,False,True,interface,0.00405304537209854
CTCAGTCACGACAAAT-1,8270,7423,0.9238597064275992,0.7671504005810589,-0.2337027528865536,True,True,tumor_core,0.088077679611844
CTCATGGCTCACAATC-1,6089,11154,0.8668014142315814,-0.0824148177964695,0.2006025259726285,True,False,interface,0.006917372318388339
CTCATGGTAATTTGCG-1,13367,15371,-0.5961485559023748,0.3533079712137169,0.1766220012442109,False,True,immune_core,0.010594053975263732
CTCATTCGTGAACATC-1,8824,17961,-0.4957795859606532,0.0622130289938608,-0.4813849223079143,False,False,interface,0.04834285713367703
CTCATTTGATGGGCGG-1,7862,11274,-0.3907018127843182,-0.2791455895501271,0.5512701127922335,False,False,other,0.009688904607145459
CTCCCTCCTTTCGATC-1,13562,15712,-0.4836026524738406,-0.0824148177964695,0.4679191633729572,False,False,interface,0.0618991977268653
CTCCGCCCACATGAGG-1,11992,13894,0.0996147151659252,-0.2791455895501271,-0.2673278528902936,False,False,interface,0.0186901924877428
CTCCGGCCTAATATGC-1,7270,11611,1.6688438323634736,0.0622130289938608,0.5728516181086645,True,False,interface,0.011678227239975067
CTCCGGCTTGTAGACA-1,6465,16140,-0.4766000423446622,-0.0824148177964695,-0.1278406490092238,False,False,other,0.013719043585960313
CTCCTAAGTTATGTCT-1,5878,14891,0.3302688201043252,-0.0824148177964695,0.4522271381375374,False,False,interface,0.05168734494369661
CTCGAATGGAACGTAT-1,4724,6958,0.2019240219422992,0.2382278469998943,0.7618152772045741,False,True,interface,0.04342509447624473
CTCGAGACATACGATA-1,14344,17527,0.4739068077523879,0.0414970752462367,0.4238057440958506,False,False,interface,0.007582295925341651
CTCGAGATCCAAAGCA-1,5674,16816,-0.4265242509807562,0.3172736661341069,0.1172305068927707,False,True,immune_core,0.011972641543289508
CTCGAGGTCGAACAGT-1,9241,11618,-0.7623152257900078,0.3172736661341069,0.5864355771235532,False,True,immune_core,0.004086363064396612
CTCGATATTTGCGAGC-1,8074,7083,0.6755020555279933,-0.2791455895501271,0.376001341934733,True,False,tumor_core,0.02460414279698205
CTCGCACCTATATAGT-1,8259,10595,-0.308579047683511,-0.2791455895501271,-1.0509246373475087,False,False,interface,0.02786382626069342
CTCGCATTGCATAGCC-1,15332,16964,0.3996597750615798,-0.2791455895501271,0.2192292005049256,False,False,interface,0.02177115745415394
CTCGGGCATCGTCGGG-1,3528,10578,-0.5984302531336233,0.2382278469998943,0.5348346849831749,False,True,immune_core,0.0324511088911049
CTCGGGTTCTCTGGCC-1,15535,15266,0.0832759069425545,-0.2791455895501271,0.7085288707765299,False,False,other,0.007341223410108487
CTCGGTCCGTAGCCTG-1,7069,12630,1.017471444633625,0.0414970752462367,1.1634535235887444,True,False,interface,0.03960399512878328
CTCGGTTGTCGGCCCT-1,14549,15376,0.5038847305282325,0.2165337983911238,1.4950604512575936,True,True,immune_core,0.014608671863104815
CTCGTCGAGGGCTCAT-1,15334,16285,-0.2962762356151675,-0.0824148177964695,-0.041065174267313,False,False,interface,0.01580671973521697
CTCTACACTGGCGATT-1,11983,16386,0.4678137907735439,-0.2791455895501271,-0.2252933494000409,False,False,interface,0.01297034333317988
CTCTATTTGGCTGCAG-1,12989,10612,-0.9861345197868546,-0.2791455895501271,-1.1124226265467825,False,False,other,0.005961767406828302
CTCTCACAATCGATGA-1,9837,10374,-0.0416404563619811,1.5158728318100796,0.0023850326433472,False,True,interface,0.21393083171087982
CTCTCGATGTGCGCCT-1,4314,11261,-0.3031893544868101,-0.2791455895501271,0.4424307963837283,False,False,interface,0.2994920392909539
CTCTCGCTGTACTATG-1,8234,17619,-0.3375062994700952,-0.2791455895501271,-0.0719002358796847,False,False,other,0.05290380323213718
CTCTCTAACTGCCTAG-1,14744,15943,0.0004143055054423,0.114315953957188,0.5759036159190926,False,True,immune_core,0.004217249810791043
CTCTGCGAAGCAAGCA-1,5886,12626,1.4000813117349225,0.4914536954286175,-0.2123003865349162,True,True,interface,0.051938619663276314
CTCTGGACGCCTGGTG-1,9833,11281,-0.1051080347875734,-0.2791455895501271,-0.3701906946397565,False,False,interface,0.009490798693141502
CTCTGTGCCTGCTATG-1,3914,12845,-0.3005032352873223,-0.0824148177964695,0.7027006746174944,False,False,interface,0.04931547214665483
CTCTGTTTGAGGATTC-1,6290,10135,0.8363223652656381,-0.2791455895501271,2.2071818653353565,True,False,interface,0.04950207814506244
CTCTTCTGGAAGTTAG-1,15738,13794,-0.7623152257900078,-0.2791455895501271,-0.7260933241332045,False,False,other,0.005534938655607597
CTGAAAGAGATCCGAC-1,7274,10478,1.214015934033746,-0.2791455895501271,-0.7303054789970401,True,False,interface,0.07055599510289158
CTGAATCCGAGACCTC-1,12786,12311,-0.6886288306306193,-0.0824148177964695,0.7070666832438476,False,False,other,0.005404051336819408
CTGAGCAAGTAACAAG-1,6467,15460,-0.4206539724419729,-0.2791455895501271,-0.3009715567919057,False,False,other,0.002471613376512523
CTGATAGTGTATCTCA-1,9815,16491,-0.512797852379875,-0.2791455895501271,-1.107826152284724,False,False,other,0.0016383981158890483
CTGCAAATGGGCTCCA-1,3527,11031,-0.0155763608564138,-0.2791455895501271,0.2828988985875268,False,False,other,0.011112546183684737
CTGCACCTGGAACCGC-1,6477,12741,-0.221123291260156,0.0622130289938608,0.1078163273326325,False,False,interface,0.09153019680938662
CTGCAGGTGCTCGGCC-1,4686,17606,-0.1786080685182362,0.0622130289938608,0.3493035493345343,False,False,other,0.003072176940644353
CTGCCAAGGTTGGAAG-1,7671,9574,0.6023222246200328,0.2382278469998943,-0.1236412999541396,True,True,tumor_core,0.04333374678683877
CTGCCATGCATCACAT-1,11410,11286,0.3001199121070014,-0.2791455895501271,-0.4373876356006128,False,False,other,0.016755281755135937
CTGCCCACGAAGCGTT-1,9810,17624,-0.1790774464666006,-0.2791455895501271,-0.7277866982370061,False,False,other,0.002121974021200634
CTGCCTAGCCACCAAG-1,5110,9225,-0.5705393348436223,-0.2791455895501271,0.104215355342429,False,False,interface,0.04946122778688339
CTGCCTTTAATACCTT-1,16127,15155,-0.7531014844133275,-0.0824148177964695,-0.2095303952501183,False,False,other,0.004619094553957642
CTGCGGGTGAAATGTT-1,9620,15698,-0.8072203101147128,-0.2791455895501271,-0.3692567459822518,False,False,other,0.0007381819704357379
CTGCGGTAGTCACGTG-1,5509,7867,-0.7645263570375098,0.0414970752462367,-0.5839064306184186,False,False,other,0.0006430770369838008
CTGCGTTACGATATAA-1,6691,8097,1.0811914752623883,1.5031945719026465,0.7999982903391372,True,True,interface,0.3928136140454448
CTGCTGAGGCCACGAA-1,13173,14351,0.3230132256942248,-0.2791455895501271,0.4289153831989834,False,False,interface,0.022830668317285197
CTGGAAATGGATGCTT-1,9238,12298,-0.8732522215679782,-0.2791455895501271,-0.2851585350704752,False,False,other,0.00033503521639016384
CTGGACGCAGTCCGGC-1,13558,16845,1.4027484546761162,0.2290610102834133,-0.62402800942404,True,True,interface,0.03582167020777477
CTGGATTTACACTTGA-1,13181,12086,-0.8291815912759019,-0.2791455895501271,0.2841798599144227,False,False,other,0.0023464600123071235
CTGGCATCCGAATGAG-1,12972,15370,-0.2514040711329422,0.0414970752462367,-0.0158403061038246,False,False,other,0.007400932001161444
CTGGCGACATAAGTCC-1,6885,9118,-0.5281713420082033,1.1895667864529678,-0.0895258351774528,False,True,interface,0.16515381010887661
CTGGCGGGAATAAGTA-1,7452,15803,-0.2965149838495492,-0.2791455895501271,0.8157711898713141,False,False,other,0.0005702750524354138
CTGGCTCCTGCGGGAT-1,4891,15228,1.4628163683352458,-0.0824148177964695,-0.4476143847528995,True,False,interface,0.20006570848786623
CTGGCTGCTAACGTAA-1,4496,15453,1.5939417769801625,4.840306906879288,-0.036913631876867,True,True,interface,1.269164862769484
CTGGGATCGCCCAGAT-1,3723,11145,-0.6535893612595395,-0.2791455895501271,1.3457864238105322,False,False,other,0.07813104301239074
CTGGGCACTAGTCGGA-1,3737,7294,-0.14636948920725,0.0622130289938608,0.6022005482122974,False,False,interface,0.045492596643332
CTGGGCCTGCTATATC-1,12186,14914,-0.2039830780696347,-0.2791455895501271,0.4159398058350355,False,False,other,0.011196285211669309
CTGGGCGGCCAAATGT-1,3728,10013,0.5774008389194573,-0.2791455895501271,1.1355846287889813,True,False,interface,0.07160016631186399
CTGGGTTGAGTTAAAG-1,13952,17073,0.9669783396738724,0.0622130289938608,0.2410269227436314,True,False,interface,0.005550791558828156
CTGGTCATTCCAATCC-1,8040,16598,0.6840227280012128,0.032665306417353,-0.54916882791661,True,False,tumor_core,0.007569634581138267
CTGGTCCTAACTTGGC-1,4907,10923,2.265128857484542,-0.2791455895501271,-0.6453341440702542,True,False,interface,0.0586513217960228
CTGGTGAATGGGCCTA-1,16320,16175,-0.1798232124344914,0.0622130289938608,-0.7896340913610088,False,False,interface,0.004714624372335941
CTGGTTCAACGCATCA-1,5093,13982,0.9899798529467936,0.5588705117962582,0.6433946741510167,True,True,interface,0.008247992361744132
CTGTACTTCTTAGCAT-1,11209,12532,-0.6034169948381489,-0.2791455895501271,0.7395560563591947,False,False,other,0.03455741302543104
CTGTAGCCATCTCACT-1,14557,13110,0.7619204033970445,0.2947229236749599,-0.1497652247289154,True,True,tumor_core,0.014014025224179999
CTGTATGGTGTAGAAA-1,7456,14670,0.1821407421819508,0.8256992302424653,-0.1712720894887198,False,True,immune_core,0.04193102313698052
CTGTCAAATGGCTCGG-1,8068,8895,0.6221663535361909,-0.2791455895501271,0.1669003880910464,True,False,tumor_core,0.010465348546902955
CTGTCACGCCAGGCGC-1,5512,7187,0.793236501555416,-0.2791455895501271,-0.7389350916227965,True,False,interface,0.018221422179122395
CTGTCTGTGGCTGGCT-1,5077,18287,-0.3987776251805071,-0.2791455895501271,0.4383650029765614,False,False,other,0.005456520944069108
CTGTGCAGGGTAGGTC-1,11808,10382,-0.810724870226176,-0.2791455895501271,-0.640016987526101,False,False,other,0.0006745291368209287
CTGTTACCCAATCTAG-1,12985,11745,-0.7625810545966036,0.2618950201400714,-0.2672794392053484,False,True,immune_core,0.001971822343300183
CTGTTCACTGCCTGTG-1,7860,11953,2.1154062310029476,0.3172736661341069,-0.1821533259808918,True,True,interface,0.18835577081652669
CTGTTCATCTCACGGG-1,7851,14445,-0.3077011082393497,-0.2791455895501271,0.2160658078326766,False,False,other,0.028225287641210645
CTGTTGGCTCTTCTGA-1,7444,18069,0.9178898439928944,0.6304144842562389,-0.0718785712952211,True,True,interface,0.08735035919434332
CTGTTGTTCAGTCGTA-1,16715,15950,-0.4855479549147468,-0.2791455895501271,-0.7628717154745359,False,False,other,0.0033126996206411033
CTTAAATAAGACCCAT-1,8432,17279,0.4904770527041396,-0.2791455895501271,-0.4830980565984092,True,False,interface,0.014762528696489627
CTTAACTTCGAAGTAC-1,5695,11152,1.269136953774409,-0.0824148177964695,0.0947002283187166,True,False,interface,0.015022889624451684
CTTAAGCAGCGAGCCG-1,13554,17978,0.933379767866567,0.2382278469998943,0.1869804972239045,True,True,tumor_core,0.003773686147628865
CTTACACGGTATTCCA-1,9629,13206,-0.7182445954979316,-0.2791455895501271,0.0281256562376398,False,False,other,0.00132178619473357
CTTACACTGGGAAATA-1,6674,12855,1.7534672117400807,0.3533079712137169,0.3261695693533026,True,True,interface,0.034650999993286635
CTTAGCCCGGATAGTG-1,8826,17281,-0.8291815912759019,-0.2791455895501271,-0.9663655463587244,False,False,interface,0.03253337831951329
CTTAGCCTTCCACATG-1,7869,9461,1.045900641500066,-0.0824148177964695,-0.4219926689964756,True,False,interface,0.03923064045454769
CTTAGGTATAGACCAG-1,15924,16627,0.1069207534983835,-0.2791455895501271,0.0650582249851556,False,False,other,0.003211909439543413
CTTATGCGCTCAGGGC-1,11981,17066,-0.1294926701924737,-0.2791455895501271,-0.6468717057812109,False,False,other,0.006406541669523654
CTTATGTTGACTACCA-1,6074,15232,-0.8291815912759019,-0.2791455895501271,0.1809278956537832,False,False,interface,0.031062864741690007
CTTCAGTGGTCGCCTA-1,14152,16281,-0.463516107769811,0.2589438007475185,0.1982315540471355,False,True,interface,0.01601079476524036
CTTCATAGCTCAAGAA-1,7261,14103,1.1562020179681876,-0.2791455895501271,-0.7508215937396683,True,False,interface,0.051691294798050326
CTTCATTGTCAGTGGA-1,10621,11510,-0.5961485559023748,-0.2791455895501271,0.7075162872681863,False,False,other,0.01286763736671774
CTTCCGCTCCGTGAAG-1,14559,12657,0.4278559785683909,-0.2791455895501271,-0.4995396483556591,False,False,interface,0.009222845814723676
CTTCCTGCATATTTAC-1,4332,6503,-0.5247269512524085,0.0622130289938608,0.3577567085347278,False,False,other,0.0016235803429575733
CTTCGTAGATAGGTGA-1,11206,13211,-0.3427134970382157,-0.2791455895501271,-0.0985884783851474,False,False,other,0.002052164265224216
CTTCGTGCCCGCATCG-1,3510,15789,1.1522199508343094,0.114315953957188,0.8183055274311318,True,True,interface,0.018474726720549516
CTTCTATGTTGAAGTA-1,12579,15142,0.623177564768362,-0.0824148177964695,0.6474264460349666,True,False,other,0.017620163175881866
CTTCTATTAATGCTAG-1,13572,12993,-0.72052629272918,-0.2791455895501271,-0.3992667581465719,False,False,other,0.029052066529064568
CTTCTTACGTCGTATA-1,6285,11494,-0.0862484453734746,0.0622130289938608,0.2081408168058079,False,False,other,0.003873819560970342
CTTGACCCGAAAGATA-1,5298,11831,1.401174293121093,-0.0824148177964695,0.4093809852539665,True,False,interface,0.03966751792742819
CTTGAGGTTATCCCGA-1,5876,15571,1.897096594037622,0.0414970752462367,0.0087344378707107,True,False,tumor_core,0.02545512005116538
CTTGCAACCGCCTCCT-1,11986,15480,0.3534476767882035,0.114315953957188,0.4932439854943579,False,True,interface,0.008570511693189552
CTTGCCCAGGCTCTAC-1,12393,12083,-0.5404683148062811,-0.2791455895501271,0.1686505634597065,False,False,other,0.02033092754955574
CTTGTACTTGTTGACT-1,7661,12519,1.3379908710977335,-0.2791455895501271,-0.0125781270676747,True,False,interface,0.006179957505410804
CTTGTCGTACGTGTCA-1,3909,14431,0.2479682530593537,2.710696062730814,1.0212096778155666,False,True,interface,5.062868666463378
CTTGTGAGGACAGCGG-1,4687,17153,-0.300704108113793,-0.2791455895501271,0.1512085026820985,False,False,interface,0.021396359520243963
CTTGTGAGTCTTTGAC-1,5486,14437,-0.1059644281715374,0.6099953418984391,0.1879394532363113,False,True,interface,0.14502879679463224
CTTGTGCTCACCGATT-1,7875,7649,-0.5449611432850315,-0.0824148177964695,0.5230106736136962,False,False,other,0.003993194734665948
CTTGTTGCTGAGTCAA-1,11023,9246,-0.4475188082685138,0.3172736661341069,-0.1731061684072135,False,True,immune_core,0.011430069957447905
CTTGTTTATGTAGCCA-1,7060,15122,-0.38262482579574,-0.2791455895501271,0.2108044305378757,False,False,other,0.014686403122115313
CTTTAACTTTCAAAGG-1,8061,10708,0.1205972218703604,-0.2791455895501271,-0.3944163858095684,False,False,other,0.015492914747345238
CTTTAGTGCTATTATT-1,12199,11063,-0.9861345197868546,-0.0824148177964695,-1.0799621720337276,False,False,other,0.00016601030087357588
CTTTGAAACATATTCC-1,3540,7406,0.1086540242155391,0.7688268987939456,1.0905612207174316,False,True,interface,0.12856284798862358
CTTTGACGTCGCTTCT-1,12173,18312,0.3678227241988568,-0.2791455895501271,-0.1136095989551934,False,False,other,0.0027641322607517495
CTTTGGCGCTTTATAC-1,9815,16265,-0.6816798797633614,-0.2791455895501271,-1.1124226265467825,False,False,other,0.0007303391355488815
CTTTGGCTTTAGTAAA-1,9824,13773,-0.6404850150010467,-0.2791455895501271,-0.1382999676226765,False,False,interface,0.004710969190837623
CTTTGTCGAATGCTCC-1,14739,17529,0.7816507841418687,0.5704196288274013,-0.3758539301477009,True,True,interface,0.055084545144302416
GAAACAGCCATGCAGT-1,6088,11380,1.5420644041371414,-0.2791455895501271,0.2731018413443905,True,False,tumor_core,0.02192711128846631
GAAACATAGGAAACAG-1,15335,16058,0.6557710602660558,-0.2791455895501271,0.4179626105340037,True,False,interface,0.0062774134560845
GAAACCGAATTACCTT-1,12391,12536,-0.4261029222906905,-0.0824148177964695,0.7656569451771154,False,False,other,0.035285257967395504
GAAACTCGTGCGATGC-1,9029,15582,-0.5869055762293292,-0.2791455895501271,-0.722366397145074,False,False,other,0.0012328024996058331
GAAACTCTAATGAAGG-1,6093,10021,-0.6502673816037602,0.5140044378877645,0.6837877749140063,False,True,interface,0.05658057739614331
GAAAGCCCTTTGGACC-1,10408,15927,-0.7162992930570253,-0.2791455895501271,-0.1712720894887198,False,False,other,0.0014854327857800594
GAAAGTGACTAACTGC-1,8441,14787,-0.6745103599961977,-0.2791455895501271,-0.0744306799774514,False,False,other,0.0005119906104924428
GAAATACCTGCTGGCT-1,4915,8657,-0.1847329684698971,-0.2791455895501271,-0.4591296502657934,False,False,other,0.0219605249066082
GAAATACTAAACGTTT-1,7058,15802,-0.4559796823032899,-0.2791455895501271,0.2279437403912716,False,False,other,0.0009196107814931604
GAAATATCACCATCAG-1,10015,15699,-0.8751975240088844,-0.2791455895501271,-1.4728598024933126,False,False,other,0.00042644335567198463
GAAATCGCGCGCAACT-1,7076,10591,1.2727902517368552,0.3172736661341069,-0.5777729291831266,True,True,interface,0.21709752316616762
GAAATCTGACCAAGTT-1,7049,18067,0.5241814341470047,-0.0824148177964695,-0.053012586666449,True,False,interface,0.015595342200931485
GAAATGGCGGTGTTAG-1,9435,12412,-0.87546335281548,-0.2791455895501271,0.1970866358223219,False,False,other,0.000572433440759865
GAAATGGGATGTAAAC-1,6070,16365,0.0466846742814311,0.2618950201400714,0.5678502564843465,False,True,interface,0.004346524025539413
GAAATTAGCACGGATA-1,7088,7419,-0.8751975240088844,-0.2791455895501271,-0.7499944633404879,False,False,other,0.005363244462353588
GAAATTCACATCGCTG-1,6083,12740,1.5517221808947836,0.032665306417353,0.6301326974250213,True,False,interface,0.017701386500990623
GAAATTGTCTCTATAA-1,11998,12308,-0.7182445954979316,-0.0824148177964695,0.5497058895426162,False,False,interface,0.018638218269328457
GAACACACATCAACCA-1,7857,12633,1.521059452923256,-0.2791455895501271,0.3203736686984654,True,False,interface,0.02307972030948946
GAACCATCTGGGAGAC-1,4311,12167,-0.3932324321003362,0.790402311616211,0.8090167762440114,False,True,interface,0.08909471447551941
GAACCTCGACCTACAC-1,11586,17291,-0.3089041331421236,-0.2791455895501271,-0.971311198196039,False,False,other,0.0007909157841215278
GAACGACCGAATGATA-1,7271,11158,0.9325460385641822,0.5588705117962582,0.211630397840477,True,True,interface,0.039653978456171406
GAACGTCTCATGGTCG-1,9646,8448,0.7231908447135309,0.0414970752462367,0.0884732132881764,True,False,interface,0.007598863852651479
GAACGTTAGGAAGACG-1,10011,16605,-0.8751975240088844,0.2947229236749599,-1.0545393580227669,False,True,immune_core,0.002525546428527708
GAACTTAGCGCCCGGT-1,4527,6844,-0.463516107769811,0.8346471026841285,0.2878113651603403,False,True,immune_core,0.04196811364163063
GAAGAAACGATATTGT-1,15142,15038,0.6531177191403081,-0.2791455895501271,-0.0434571105761766,True,False,tumor_core,0.006904325961696625
GAAGAACGGTGCAGGT-1,6276,13760,0.1659869070945622,0.7546231886887695,0.0498332426570303,False,True,interface,0.12456929873798078
GAAGACTTCAATGCCG-1,4118,10920,-0.3168653762885113,0.0622130289938608,0.102623889391875,False,False,other,0.013674588740087945
GAAGCAAGGCAATGTT-1,3715,13411,0.5866942909341937,0.2382278469998943,0.2293408615879866,True,True,interface,0.07692893467940591
GAAGCCGGGTAAGCTC-1,8035,17958,0.1873316292607969,-0.2791455895501271,-0.1991953026376876,False,False,interface,0.03333353747362167
GAAGCGTGAGGAATTT-1,10227,11509,0.4918429640235455,0.032665306417353,0.2654869866425677,True,False,interface,0.025336276235391076
GAAGCTCGGACCCGTC-1,14350,15941,-0.2809187591074927,0.0414970752462367,0.858811650372876,False,False,interface,0.013899723501798108
GAAGCTCTTTGCTTAG-1,6262,17838,-0.2857398270781606,-0.2791455895501271,-0.0085755292103793,False,False,other,0.02074837289635187
GAAGCTTGCTGACCGC-1,9231,14337,-0.6073075997199613,-0.0824148177964695,-0.6826262124295971,False,False,other,0.0034601866555317028
GAAGGACTAAATTGAA-1,4295,16698,-0.1412393712487556,0.0414970752462367,0.0048589603921939,False,False,interface,0.008937404441627222
GAAGGGCATAACCATG-1,4885,17040,-0.0913349913581121,0.2382278469998943,0.2424117120085931,False,True,immune_core,0.009035915534852878
GAAGTCAGTTGCACTA-1,13774,11748,-0.3489311720942774,-0.2791455895501271,-0.1784048106398881,False,False,other,0.0017674921247768135
GAAGTGATTTATCGTG-1,11207,12985,0.4637606570634239,-0.2791455895501271,0.3171543610299366,False,False,other,0.00927755609354477
GAAGTGCTGGATAGCT-1,6482,11382,0.6998735941456291,-0.2791455895501271,-0.4473575241216891,True,False,tumor_core,0.010103295153177158
GAAGTTTCCACTCAAT-1,10615,13096,-0.8751975240088844,-0.2791455895501271,-0.627183891785031,False,False,other,0.0030051167188825563
GAATAGTGCTCGATTA-1,15342,14246,-0.87546335281548,-0.0824148177964695,-0.2673278528902936,False,False,other,0.0228628944352565
GAATATTCGGAGTCCC-1,6097,8888,-0.4957795859606532,0.3828556937902247,0.5664827612485649,False,True,other,0.030965159201326368
GAATCGACATGGTCAC-1,8643,13542,-0.7162992930570253,-0.2791455895501271,-0.1076690600275027,False,False,other,9.352187906945743e-05
GAATCGCCGGACACGG-1,5686,13645,1.4115641935980194,0.0414970752462367,0.5476937764205001,True,False,interface,0.1346686082212509
GAATCTATACTCGGAC-1,3926,9673,0.6090993355050088,0.0414970752462367,0.3727947499113639,True,False,interface,0.005795104507601424
GAATCTGAACATTCTC-1,11805,11061,-0.5157618509692811,-0.2791455895501271,-1.0258997721117942,False,False,other,0.0016726596384787327
GAATGCCGAAATGACC-1,7647,16370,-0.2840371896215033,0.6153655884713237,-0.0839218100643636,False,True,immune_core,0.01655472806551794
GAATGGGCTTATCGAC-1,11387,17630,-0.7533673132199233,-0.2791455895501271,-0.8250979816516036,False,False,other,0.0006106960546192849
GAATGTATGGCAGGTC-1,6494,7983,0.948691609759494,1.0238610892671915,0.174627196045767,True,True,interface,0.21190569945926677
GAATGTTGGGTAATCT-1,8062,10481,0.1893470364590223,0.3172736661341069,0.6306788271056194,False,True,interface,0.036919747536027094
GAATTATAGTGAAAGG-1,10230,10602,-0.9861345197868546,-0.2791455895501271,-0.0585286603568585,False,False,other,0.01985690871535044
GAATTCACCCGGGTGT-1,12787,12084,-0.3735001107284989,-0.2791455895501271,1.435278888628444,False,False,other,0.006303059857811928
GAATTTCTCGCTGCAG-1,9032,14903,-0.9861345197868546,-0.2791455895501271,-0.814367853133697,False,False,other,0.00018818529432920532
GACAACGACCATTGAA-1,8460,9576,1.3547528130331437,0.7339072349411453,0.4829494487591583,True,True,interface,0.058881464966537955
GACAACGCAGCTTACG-1,7465,12178,1.011398856383851,0.0414970752462367,0.4713304660514401,True,False,interface,0.026186564498805808
GACACAAGGGAAGAAA-1,9443,10146,1.1878139279375854,2.3464325686768266,1.0004195708378465,True,True,interface,0.224318573521104
GACACGAGTTAGAGGA-1,7256,15463,-0.7623152257900078,-0.2791455895501271,0.0104155119748301,False,False,other,0.007383839766873849
GACACTGAGTTCAGTG-1,12192,13102,-0.6516440588186331,-0.2791455895501271,0.3035125667943191,False,False,other,0.003374733367389721
GACAGATTTCTGGCTC-1,12177,17406,-0.0865607636378185,-0.0824148177964695,0.0448676145839889,False,False,other,0.01125482313308522
GACAGGCACACACTAT-1,11000,15816,1.3429561902741611,-0.2791455895501271,-0.8347962441073536,True,False,interface,0.05254982661899471
GACATACTGTCGCAGA-1,7644,17277,-0.3828972877417767,0.3533079712137169,-0.2827271356393706,False,True,interface,0.06650166294783809
GACATCGATTTATAAC-1,13771,12654,0.967594051033014,-0.2791455895501271,-0.6362266917610405,True,False,interface,0.07231382218060405
GACCAGAGCCCTGTAG-1,9630,12979,-0.2268351324987205,-0.0824148177964695,-0.346769733459337,False,False,other,0.012931118183784647
GACCAGGTCATTCATA-1,4120,10467,-0.0008047072543717,-0.2791455895501271,-0.0435070729440944,False,False,interface,0.01161255429317249
GACCCAATTATGATAC-1,14153,16054,0.1920188265203266,0.2165337983911238,0.5713197824725306,False,True,interface,0.0021292780321108228
GACCCGTCGCCGGCTA-1,5299,11604,1.0650445541065652,-0.2791455895501271,0.0835812816803781,True,False,interface,0.08887048348022213
GACCGACCGCTAATAT-1,3899,17150,-0.0468639611026954,-0.2791455895501271,-0.0985052035611092,False,False,other,0.006242299548829204
GACCGACTGAAGCGTC-1,10211,15813,-0.6816798797633614,0.2947229236749599,-1.1984989631538856,False,True,immune_core,0.003319643753238519
GACCGATTAAATATGT-1,16910,16517,0.07291561438498,-0.2791455895501271,0.0904553567840682,False,False,interface,0.02215492883677506
GACCGGTGATACTCTC-1,18088,17881,-0.5661114623449969,-0.2791455895501271,-0.8068739633946541,False,False,other,0.005416477633361497
GACCGTCAGGTCGTGA-1,6096,9115,-0.3916251251714805,-0.0824148177964695,-0.0705091288798019,False,False,other,0.0023214335107845153
GACCGTGCTGACGGTG-1,11406,12419,-0.1222592763900154,-0.0824148177964695,0.7842509259549758,False,False,interface,0.015583989013861335
GACCGTTACATGCGAC-1,10993,17629,-0.6882075019405536,-0.2791455895501271,-0.4286976624057247,False,False,other,0.0003851449127833409
GACCTGGTCTGGGCGT-1,5472,18288,0.0696133841802444,-0.2791455895501271,-0.0312485268471125,False,False,interface,0.09103958467982552
GACGACTTTCCAAGAA-1,3702,17036,-0.4074519796275196,0.0414970752462367,0.1466394514752792,False,False,other,0.0005418021275732881
GACGCATACCCGTCGG-1,16118,17647,1.694633743567863,-0.2791455895501271,-0.7277866982370061,True,False,tumor_core,0.03911941038522455
GACGCCGTAAAGGCTA-1,14166,12202,-0.9861345197868546,-0.2791455895501271,-0.3592831812365663,False,False,other,0.00016754626330312117
GACGCCTGTTGCAGGG-1,5681,14777,0.7424860066689293,0.2290610102834133,0.6570078320229287,True,True,interface,0.03257408638643144
GACGCTTGCTTCTAAA-1,11005,14230,-0.5888508786702354,-0.2791455895501271,-0.4735831543125973,False,False,other,0.008005948138592192
GACGGACCGCGTTCCT-1,4313,11714,0.3202897706891971,-0.2791455895501271,0.992545182888694,False,False,interface,0.2085549682506581
GACGGGATGTCTTATG-1,3708,15450,1.1561088749801556,-0.0824148177964695,0.5171057027754821,True,False,interface,0.021962520857230123
GACGTGAGACTCCATG-1,5090,14889,-0.2538422084674536,-0.2791455895501271,0.5999582610784204,False,False,interface,0.09651505198762
GACGTGTAGGGATTAT-1,9033,14676,-0.7162992930570253,-0.2791455895501271,-1.4728598024933126,False,False,other,0.0005136297392239525
GACTAACACAGCACCT-1,5114,8092,-0.8103035415361104,-0.2791455895501271,0.0693845422203449,False,False,other,0.00021538073627442957
GACTAAGATCATGCAC-1,8056,12294,1.104646347443904,1.022211037721305,-0.0215599280352171,True,True,interface,0.054463656352525945
GACTAAGTAGGCTCAC-1,8840,13429,-0.87546335281548,-0.2791455895501271,-0.1482954606133348,False,False,other,0.000125889865842245
GACTACAAAGCGGTGG-1,13167,15937,-0.1121970652687849,-0.2791455895501271,0.512667765325783,False,False,other,0.015618689232713727
GACTACAATTGCTCGT-1,5111,8998,1.0232872856743491,0.3828556937902247,0.8257770959294068,True,True,interface,0.06101677056465941
GACTCCTTCCAATTGA-1,14543,17188,-0.0975149190715199,-0.2791455895501271,-0.2911321428991283,False,False,interface,0.039565070154596406
GACTCGCGGGAATGAC-1,9059,7426,0.1196896742921648,-0.2791455895501271,0.2482992059970118,False,False,interface,0.07392092911035258
GACTGATTGGTCACAA-1,5316,6846,1.1891111370474754,0.3172736661341069,-0.0864952923039875,True,True,interface,0.020248343050638468
GACTGCGGCACGTGTA-1,8829,16601,1.1165375075241355,-0.2791455895501271,-0.3917781214774797,True,False,tumor_core,0.042740569214111006
GACTGGGCGCCGCAAC-1,4722,7637,-0.8732522215679782,-0.2791455895501271,-0.5875199628388662,False,False,other,0.05373208855266806
GAGAATCTCACGATCA-1,9613,17737,-0.0476550940199829,0.0414970752462367,-0.7678173673118504,False,False,other,0.006370460218713983
GAGACTGATGGGTAGA-1,9042,11957,-0.8751975240088844,-0.2791455895501271,-0.1608877845235439,False,False,other,0.004934152296184721
GAGACTTCGCGACCGA-1,13971,11862,-0.3818088320888038,-0.2791455895501271,-0.0616393396445831,False,False,other,0.0010182812928201765
GAGAGCGCAGTCCCTG-1,9022,17621,-0.0848190988650781,-0.2791455895501271,-0.5683173565054579,False,False,other,0.0047365454652089035
GAGAGGGCGCGAGGTT-1,11007,13777,-0.295138306634676,-0.2791455895501271,-0.9187121726160798,False,False,other,0.001973139883505198
GAGAGGTGCATTCTGG-1,12185,15141,-0.2857398270781606,-0.0824148177964695,0.1691119507143225,False,False,other,0.0050486839042440225
GAGATCGATCTTACTC-1,16708,17989,-0.4788170011786047,-0.2791455895501271,-0.5863260923110064,False,False,other,0.004111597911399925
GAGATCTGCTTGGCAT-1,10220,13321,-0.8640384801912979,-0.0824148177964695,-0.220876093309503,False,False,other,0.0007853241068602815
GAGATCTGTCACTCCG-1,9444,9920,-0.7623152257900078,0.7339072349411453,0.3794426461795998,False,True,interface,0.1807236652674474
GAGCATCAACAACTTG-1,16128,14928,-0.7645263570375098,-0.2791455895501271,0.1935451492795518,False,False,other,0.0009286604843365071
GAGCATCATCCCTGGG-1,5882,13759,0.3434693878206641,0.5138883342749851,0.492879670691445,False,True,interface,0.09933089464455552
GAGCCACGGTAGTAGG-1,5294,12963,0.7440405858427628,0.2382278469998943,-0.0213749121558425,True,True,interface,0.17364054442431034
GAGCGAGGGAGTACCG-1,6284,11721,-0.2571734217538278,0.0622130289938608,0.4599942795761566,False,False,other,0.027614341991224298
GAGCGCTATGTCAGGC-1,3509,16016,0.7299501053537423,-0.2791455895501271,0.5710817084196927,True,False,interface,0.010663220969405092
GAGCGCTGTTAGGTAA-1,15533,15719,0.8277231971758711,0.0414970752462367,-0.4371026696654825,True,False,tumor_core,0.0003631025576586772
GAGCTAAGGGCATATC-1,9251,8900,-0.3525791119918406,-0.0824148177964695,-0.0786362835640333,False,False,other,0.015390485241523458
GAGCTCTCGGACCTAA-1,6471,14554,0.3504631168367036,-0.2791455895501271,0.1746640989297838,False,False,interface,0.04082397963543766
GAGGAATGGAGAGGTT-1,8835,14789,-0.4969728275389289,-0.2791455895501271,-0.5042138803038905,False,False,other,0.00047955650115846554
GAGGAGATCCTCATGC-1,5869,17383,-0.04921435169054,1.2846037228665093,0.0306190053363123,False,True,other,0.22197267652109112
GAGGAGTAATTCCTAC-1,3915,12619,-0.4931779345275125,0.032665306417353,0.401564348267393,False,False,other,0.011736774641512918
GAGGCCCGACTCCGCA-1,14351,15715,-0.0983106074774007,0.3533079712137169,0.6133661751661901,False,True,interface,0.009602930904083979
GAGGCTATCAAAGTCG-1,10410,15248,-0.7645263570375098,-0.0824148177964695,-0.0985807665852652,False,False,other,0.0016094961397982782
GAGGGCATCGCGTATC-1,5682,14551,0.7454164577675269,0.0414970752462367,0.4778712467928906,True,False,interface,0.011990498244409164
GAGGGCGCAGCTCTGC-1,8859,8219,0.1359096901114931,0.2589438007475185,0.2909957459954765,False,True,interface,0.005846320420941134
GAGGGTAGTAACAAAG-1,15931,14814,-0.6533506130251576,-0.2791455895501271,0.0905522497388878,False,False,other,0.0003234474296233317
GAGGTACATCCATCTT-1,5894,10587,1.2472474421280877,-0.2791455895501271,-0.5723356494022884,True,False,interface,0.011117663132256305
GAGGTCCCAAAGATCT-1,7059,15349,-0.4140557842810339,-0.2791455895501271,-0.2911687005404803,False,False,other,0.0019534135144792008
GAGGTCTTAGTGGGTC-1,4131,7522,0.8520623628449818,0.2947229236749599,0.2574956996545641,True,True,interface,0.07134212639497094
GAGTAAGGCCACGGGA-1,12967,16729,-0.3443461732821647,0.2947229236749599,0.3773059541357734,False,True,interface,0.02250153855076645
GAGTACGGGTATACAA-1,6475,13421,-0.6882075019405536,0.2589438007475185,0.1575201122472525,False,True,interface,0.02522050924724785
GAGTATGCCCGCCTTG-1,13176,13445,-0.5449611432850315,-0.2791455895501271,-0.1158606550137842,False,False,other,0.0023905696738559952
GAGTCAGACCAGAATC-1,14558,12884,0.5406467221226036,-0.0824148177964695,-1.071439581742869,True,False,interface,0.007035168759696869
GAGTCCGCTTACCGGA-1,12591,11744,-0.72052629272918,0.032665306417353,0.1828709051339075,False,False,other,0.010785098717699358
GAGTCGACAGACCCTC-1,9220,17282,-0.7162992930570253,-0.2791455895501271,-0.5764541708404226,False,False,other,0.0008473658680867805
GAGTCTTGTAAAGGAC-1,12765,18201,-0.1901037247089839,0.374023924961341,0.444012745577255,False,True,interface,0.00999214936680513
GAGTTCTGTGGGTGCT-1,15131,17983,-0.6421644886353572,-0.0824148177964695,-0.7813881074051275,False,False,other,0.0005922871379014847
GAGTTGATGGCAATTT-1,13561,16165,0.0606746412124061,-0.0824148177964695,-0.0422306752120138,False,False,other,0.005002534139742558
GAGTTGTCACCAGTCT-1,16907,17423,-0.7926168755413316,0.2293960781710106,0.3117413734871849,False,True,immune_core,0.007120320064947866
GATAAATCGGTGGATG-1,6474,13647,-0.1953874352465061,0.2165337983911238,-0.4788689890011775,False,True,interface,0.11249165565894903
GATAAGGCAGATGCAA-1,5483,15116,0.0328791898115452,0.2165337983911238,0.1706380298294819,False,True,interface,0.005791144518230565
GATAAGGGACGATTAG-1,3699,17942,-0.1487757967152767,0.2589438007475185,0.4815695809482723,False,True,immune_core,0.01194498560461949
GATACGATGGGAGTCA-1,12389,13216,-0.7645263570375098,0.4132645701447814,-0.0470809382120041,False,True,immune_core,0.020310875695520876
GATAGCGTACCACGCG-1,5867,18063,1.5011395773415306,-0.2791455895501271,-0.1158261706846596,True,False,interface,0.04704572880721078
GATAGGTAACGTTGAC-1,12986,11519,-0.8732522215679782,-0.2791455895501271,-0.661013261829207,False,False,interface,0.01003851243878974
GATATCAAGCAGGAGC-1,14343,17980,0.2172419179816265,-0.0824148177964695,-0.2289727784918378,False,False,interface,0.005431616524455006
GATATCAGTATGTATC-1,5278,17268,0.3745809760900319,0.032665306417353,1.0017037575010137,False,False,other,0.005649092672182
GATATCTCATGCAATA-1,5890,11720,0.3387406347274974,0.3533079712137169,1.4316916397172157,False,True,interface,0.022247416566122516
GATATGCGGTAGCCAA-1,7283,7986,-0.5867500763458592,-0.2791455895501271,-0.8848165967210517,False,False,other,0.0004310092779552563
GATATGGATTACGCGG-1,9027,16262,-0.5616280617773212,-0.0824148177964695,-0.7042143378506333,False,False,other,0.0002994251094131703
GATATTTCCTACATGG-1,6888,8211,0.3396307780096471,-0.2791455895501271,-0.6778528990450117,False,False,interface,0.012899796486887773
GATCAACATAAAGGGA-1,15736,14247,-0.2641223726210858,-0.2791455895501271,-0.4467209386029394,False,False,other,0.0010692818435011132
GATCATTCCAAACATT-1,9437,11959,-0.7511561819724213,-0.2791455895501271,0.5407840996515817,False,False,other,0.0013080529174494114
GATCCCTTTATACTGC-1,9044,11504,-0.5281713420082033,-0.0824148177964695,0.655031444285939,False,False,interface,0.01912563439272666
GATCCGGGAATTAACA-1,11218,10040,-0.8640384801912979,-0.2791455895501271,-0.8097713788716391,False,False,other,8.957893067008672e-05
GATCCTAAATCGGGAC-1,8861,7539,1.4561671418141489,-0.2791455895501271,-0.1125304034972439,True,False,interface,0.06621285159408077
GATCCTCGACACTGGC-1,13369,14692,0.2659339044846679,-0.2791455895501271,0.2941943043000697,False,False,interface,0.002623801781939921
GATCCTCTTGCGCTTA-1,4914,8884,-0.5314933216639826,0.032665306417353,0.2048514611289091,False,False,interface,0.0493544078736568
GATCGACACTATCTGA-1,8842,12976,-0.8291815912759019,-0.0824148177964695,0.1276167643799918,False,False,other,0.00271300268306348
GATCGCGGGCTCTCCA-1,10618,12416,-0.8732522215679782,-0.2791455895501271,0.4712854902034727,False,False,other,0.003182099568704005
GATCGCTATATCTCAG-1,15534,15493,0.6783365436712793,0.0414970752462367,-0.2079405407137522,True,False,tumor_core,0.006275910783327951
GATCGCTGTGGTGCGT-1,17305,16292,-0.3287718289009503,-0.0824148177964695,-0.5390793516353038,False,False,other,0.0025947116836133356
GATCGGATAGAACCAT-1,11587,16838,0.0184133086552679,-0.0824148177964695,-1.2079545358315544,False,False,interface,0.0016882202428331328
GATCGGCGATAAGTCG-1,7448,16710,-0.4172343462302328,-0.0824148177964695,0.3304231071028285,False,False,other,0.006562155036843874
GATCGGTGGCCATAAC-1,9047,10598,-0.1460979318565941,-0.2791455895501271,-0.7219752240923265,False,False,interface,0.012608979252747787
GATCGTGACTGATATC-1,11020,10152,-0.6424303174419529,-0.2791455895501271,-0.5205292420056373,False,False,other,5.668866947998644e-05
GATCTAACCGTATTCA-1,13753,17638,0.9541964919369852,0.4914536954286175,0.1831437167719276,True,True,interface,0.040031131840677414
GATCTTCATTGTCCTC-1,7249,17275,-0.2878406294025367,-0.2791455895501271,0.2234807699467417,False,False,interface,0.06443913261754808
GATCTTGGAGGGCATA-1,12202,10383,-0.9861345197868546,-0.2791455895501271,-0.4473575241216891,False,False,other,0.0003975182093575227
GATCTTTGCAGGGTAT-1,10612,14002,-0.7645263570375098,-0.2791455895501271,-0.4653731999997993,False,False,interface,0.021905919674596232
GATGACAAGTAGGGCA-1,14749,14583,0.0840746582025664,-0.2791455895501271,0.3069887421662193,False,False,interface,0.010301306158060046
GATGATTTGAAACTGG-1,3515,14430,1.2781029909957684,5.33786727059366,1.4006808781721036,True,True,interface,1.5691732447125246
GATGCCACACTACAGC-1,3516,13977,1.0429121558150831,1.8679582002925796,1.5402076664143094,True,True,interface,0.43185062925767437
GATGCCAGCAGAAGGC-1,8041,16372,-0.2552654377183892,-0.2791455895501271,-0.4218681626839208,False,False,other,0.004325609200894897
GATGCCTTCTGCGGCA-1,14938,16737,1.0390258797219123,-0.2791455895501271,-0.0436532400627543,True,False,tumor_core,0.017262161883615967
GATGCGAATGGTATTA-1,8629,17167,0.9002091452968496,-0.2791455895501271,-0.6664997687719915,True,False,interface,0.03699845566965362
GATGCGTCCTGCATTC-1,10817,11851,-0.4561400158480684,-0.2791455895501271,2.0500291671245807,False,False,interface,0.014439780293634333
GATGCTACAAGCGCCT-1,6872,12516,-0.0218682462831253,0.114315953957188,1.7361988043718952,False,True,interface,0.03571874680954868
GATGCTGTATTTCATC-1,12007,9816,-0.5705393348436223,-0.2791455895501271,-0.5783552672747511,False,False,other,0.0004751407729954293
GATGGCGCACACATTA-1,7257,15010,-0.5171671242713074,0.2947229236749599,0.0016883833502523,False,True,immune_core,0.00809162067779221
GATGGTGCCCTAGGCA-1,5504,9453,-0.6745103599961977,0.0414970752462367,0.2227128501726335,False,False,other,0.01987956429972346
GATGTAACGAACCACC-1,13562,15939,-0.3768220903842783,-0.0824148177964695,0.7677620219567357,False,False,other,0.015982864081643313
GATGTCCGGATCACAT-1,4895,14095,2.3955880144896367,0.4349586187535519,0.2874709670877431,True,True,interface,0.28696092056203404
GATGTCGGTCAACTGC-1,5304,10018,-0.2807835131548478,-0.0824148177964695,-0.0213560963633164,False,False,other,0.018734366598810646
GATGTGTTGTCACAAG-1,4715,9450,-0.5295480192230764,0.0414970752462367,0.6814956066480854,False,False,interface,0.0021143924740930024
GATGTTCAATCCACGA-1,11600,13439,-0.4924799990601785,-0.2791455895501271,-0.8362193710989642,False,False,other,0.00019421668619774455
GATGTTTGTGCGAGAT-1,7455,14897,-0.8072203101147128,-0.2791455895501271,-0.7473889763381937,False,False,other,0.044078863095864264
GATTAATCCTGGCTCA-1,4300,15112,0.6852027957231703,-0.2791455895501271,0.0631900792682519,True,False,interface,0.12420832850183022
GATTACTGAATTTGGG-1,11598,13892,-0.0230301972005994,0.6553565636473866,0.4993988167198794,False,True,interface,0.08213137033240527
GATTCCCTTGTCGCAG-1,8456,10709,-0.4169315498107955,-0.2791455895501271,-0.1344037249951802,False,False,other,0.011449098008547626
GATTCCGCGTTTCCGT-1,6685,9683,-0.3099122394868515,0.2165337983911238,0.5624503462183884,False,True,interface,0.0561698984883103
GATTCCTATACGGCGC-1,8438,15694,-0.577536334969179,-0.2791455895501271,-0.8429208856229661,False,False,other,0.0010551892659572246
GATTCGACGGTTCACG-1,11611,10268,-0.7625810545966036,-0.2791455895501271,-1.2079545358315544,False,False,other,0.00033359913488856247
GATTGACACTCTGCTC-1,4512,11148,1.6634446550210136,-0.2791455895501271,0.362122956458111,True,False,interface,0.37351009073950364
GATTGCTCCAGTTGCA-1,15929,15267,-0.8751975240088844,-0.2791455895501271,-0.1922243345791779,False,False,other,0.0012472484700117431
GCAAACGTAAGCGACC-1,17103,17764,-0.3726656566958702,-0.2791455895501271,-0.280407556757921,False,False,other,0.016019157865427087
GCAAAGGGCGTTAGCC-1,16518,16063,0.1729526649516489,-0.2791455895501271,-0.380525787252187,False,False,other,0.009374293471194211
GCAAATATTACGCTTT-1,10416,13662,-0.3400198990279761,-0.2791455895501271,-0.0943295713911561,False,False,other,0.0017437631976642825
GCAAATGAGGACACTT-1,11584,17744,-0.3910213008528344,-0.2791455895501271,-1.3444694899202396,False,False,other,0.0021222674442321994
GCAACACACTAGAACT-1,12574,16501,-0.0034019680993262,-0.2791455895501271,0.272285826051095,False,False,interface,0.008892242014214369
GCAACCACCAGACCGG-1,6298,7869,-0.0047581690330947,0.3533079712137169,0.2520342904718493,False,True,interface,0.10225370452923503
GCAACCACGGCCGCGT-1,11988,15027,-0.0617047954586949,-0.0824148177964695,1.201944376282716,False,False,other,0.00044183368750791717
GCAACCCAAGTTGTTT-1,9612,17963,-0.7625810545966036,-0.2791455895501271,-0.4070509481655352,False,False,interface,0.02041283101286794
GCAAGAATTCCTTGGC-1,12188,14234,-0.1048993880366455,-0.2791455895501271,0.6053562849252039,False,False,interface,0.0021233624413029336
GCAAGCTGGAAACCGC-1,14145,18093,1.502463344265682,0.0622130289938608,-0.7557462936747997,True,False,tumor_core,0.006868848139963843
GCAAGTGCACAGAGAA-1,8248,13541,-0.5427500120375297,-0.2791455895501271,0.5778925383332636,False,False,other,0.00034925401672392586
GCACAAACCCTAGATG-1,16321,15949,-0.2429626256500457,-0.2791455895501271,-0.8362193710989642,False,False,other,0.005379824002607212
GCACAACCTCGGGCGT-1,14937,17190,-0.2592517874261265,0.0622130289938608,-0.3952225643065658,False,False,other,0.006902261453149177
GCACAAGTGGATCATA-1,6657,17613,0.1895802597286618,0.2382278469998943,0.6235465736930655,False,True,interface,0.020756627910400522
GCACAAGTGTCGGAAG-1,5498,11038,0.3160797321342424,-0.0824148177964695,0.178495510252763,False,False,interface,0.13200778990521836
GCACACGCCCATGGTC-1,10206,17173,-0.9861345197868546,-0.2791455895501271,-0.9868804907540848,False,False,other,0.005058576843001526
GCACGCCTACTTAGAT-1,14357,13902,1.298203055682779,0.77631723729754,-0.2894465963256764,True,True,interface,0.033882095012829405
GCACTAGTCGCGCTAT-1,6081,13419,1.0929527137990105,1.0146871229988028,0.137890276811955,True,True,interface,0.07744735445518945
GCACTCCCACAGTCCC-1,3717,12958,-0.2425794008364456,-0.0824148177964695,0.7332328962930521,False,False,interface,0.0382300042242037
GCACTGTGCAAATGTA-1,5288,14549,0.3670901693125851,0.812953054075358,-0.2662473897151375,False,True,interface,0.08388062080210085
GCAGATCCTCGCAAAT-1,8039,16825,1.4219259790125964,0.0414970752462367,-0.4553278372613711,True,False,interface,0.15426596121681277
GCAGATTAGGGATATC-1,10818,11397,-0.4854773889310002,-0.2791455895501271,0.2448601153207041,False,False,interface,0.02595171529866268
GCAGCACACAGCCCAG-1,11008,13550,-0.548620290576313,-0.2791455895501271,-0.5710788270435729,False,False,other,0.0026610822966437408
GCAGCGGTGGGCATTA-1,4893,14775,0.4689677972054743,-0.2791455895501271,0.469924279942069,False,False,interface,0.10783861762825053
GCAGGAACTTAGATCT-1,13953,16620,0.9579343131928754,0.3172736661341069,0.1381942613254326,True,True,interface,0.0022810336043937447
GCAGGACTATAGAATA-1,10414,14115,-0.0425312296298777,-0.2791455895501271,-0.1692735370239513,False,False,interface,0.006043268963444897
GCAGGTAGAGTATGGT-1,7087,7646,-0.6851242705191561,-0.2791455895501271,-0.6868627222854743,False,False,other,0.0026518212775619326
GCATACGAGGTCTTTA-1,10996,16722,-0.7511561819724213,-0.2791455895501271,-1.315829904009267,False,False,other,0.0010569321273247465
GCATAGAGCACTCAGG-1,10818,11624,0.0684620853833604,-0.2791455895501271,0.510053857712255,False,False,interface,0.017970580844477866
GCATCCCTAACTTTGA-1,6671,13535,1.2060518780981513,0.2290610102834133,0.2256048303075963,True,True,interface,0.0251110842534374
GCATCCTCTCCTATTA-1,3503,17602,0.3475907051362676,0.2589438007475185,0.4468529941490007,False,True,immune_core,0.012400952686157918
GCATGAGGGACGCGGC-1,9451,8107,0.8198564353101394,0.2382278469998943,-0.4684566013966186,True,True,interface,0.003566614564647749
GCATGGGTACTGACGC-1,11583,17971,-0.6424303174419529,-0.2791455895501271,-0.7557462936747997,False,False,other,0.0009393910598582449
GCATTCGAAATGAACA-1,9025,16715,-0.3088448764901068,0.0414970752462367,-0.7691191469656485,False,False,other,0.017525529298760122
GCATTGACTTGCGGAA-1,13358,17864,0.1451940658228796,-0.2791455895501271,1.4939939335782608,False,False,interface,0.01316469317699363
GCATTGTAATTCATAT-1,11591,15931,0.6423780084314049,0.0414970752462367,-0.1581057700365993,True,False,interface,0.0023065829743949204
GCCAAGAATACTTCTG-1,12572,17181,-0.081887038474078,0.3828556937902247,-0.0582338779628546,False,True,immune_core,0.0126301356802401
GCCACAATTTAAGGAC-1,12386,13895,0.1098792069784139,0.3172736661341069,0.403594619767865,False,True,interface,0.06456571667934015
GCCACCCATTCCACTT-1,4487,18171,-0.1291001295352034,0.2618950201400714,0.4978298536254845,False,True,immune_core,0.0042752716843497225
GCCAGGAGTAACCGAT-1,7676,8214,-0.9861345197868546,-0.2791455895501271,-1.1123360731250789,False,False,other,0.0049443727145488245
GCCAGGCGTTCGCATG-1,5311,8206,-0.38262482579574,-0.2791455895501271,-0.508802912307303,False,False,other,0.004454938947054743
GCCAGGCTTAGTGGTA-1,5277,17721,-0.5670770116260389,-0.0824148177964695,0.4247689339416975,False,False,interface,0.05636552630477266
GCCATATTGCACACAG-1,7874,8102,-0.9861345197868546,-0.2791455895501271,-1.1747467286185245,False,False,other,0.006757944049988943
GCCATCGAGCTGCGTG-1,13966,12995,-0.8103035415361104,-0.2791455895501271,0.1636739091573754,False,False,other,0.03962226384851803
GCCATTAGCCTCAAAC-1,14347,16848,0.9331442815571858,-0.2791455895501271,0.2627880699758612,True,False,interface,0.034326661211128644
GCCCACCAAGGCTGTC-1,5881,13985,0.6297464986762475,0.0622130289938608,1.1963782349723495,True,False,interface,0.041534125515073406
GCCCAGTTGGTATGCC-1,7852,13992,-0.9861345197868546,0.5140044378877645,0.2191389067431329,False,True,immune_core,0.02901870831192264
GCCCATGGGTGCAATG-1,3537,8313,0.9567516781570508,-0.0824148177964695,0.6422370185892106,True,False,interface,0.008011579615400825
GCCCGACTTCTTCCCG-1,13169,15484,-0.5757465324117427,-0.2791455895501271,0.4660743025341646,False,False,other,0.017627595727832422
GCCCGAGAGTCTAAAT-1,15725,17192,0.0726603916139797,0.2947229236749599,-0.8482064121232965,False,True,interface,0.21556215552657632
GCCCGCGCGTAAACGG-1,13176,13672,-0.9861345197868546,-0.2791455895501271,0.1735998323852953,False,False,other,0.0073465884334553465
GCCCGCGCGTTTGACA-1,7459,13764,0.469358505239907,0.6099953418984391,-0.1874363156583297,False,True,interface,0.13109993648446963
GCCCGTAATACCTTCT-1,8855,9351,1.287276006948184,-0.2791455895501271,0.1034504504660402,True,False,interface,0.03243324067023287
GCCCTAGCCGTCGCGA-1,14151,16507,0.7552243434368704,0.0414970752462367,0.2841557893051083,True,False,interface,0.011791321115426726
GCCGAAATTCCTACGT-1,10418,13209,-0.9861345197868546,-0.2791455895501271,0.1870273409892115,False,False,other,0.0010085135749882102
GCCGACCCACGACTGC-1,15733,14927,-0.6882075019405536,-0.2791455895501271,0.16185777771827,False,False,other,0.0009023173639974476
GCCGATTGGCCAAGCT-1,11607,11400,-0.9861345197868546,0.0622130289938608,-1.0288345023138734,False,False,other,0.009507429500029169
GCCGCATTAGTCCGGC-1,10406,16380,-0.5744531035477813,-0.2791455895501271,-0.610787468827805,False,False,other,0.0009420576028421
GCCGCTAGATACGCAG-1,3934,7408,1.5187488060476269,0.5704196288274013,0.2552330617050621,True,True,interface,0.4160726674512794
GCCGCTTGTGAGAAAC-1,10613,13776,-0.7623152257900078,-0.2791455895501271,-0.0624162574214585,False,False,other,0.000670255814807359
GCCGGAAACACATCTT-1,4114,12280,-0.0701846722981467,-0.2791455895501271,0.8926552229517243,False,False,other,0.027191031122915998
GCCGGGTTAGGGTCGC-1,11606,11627,-0.529813848029672,-0.2791455895501271,-0.4629117939921315,False,False,other,0.02126562856557503
GCCGGTTTGGGCGGAT-1,3907,14884,0.5976931890709372,1.4321827890493926,0.8158893847904711,True,True,interface,0.3620806682056683
GCCTAGCGATCTGACC-1,7460,13538,0.3543768855408627,0.0622130289938608,0.7075989838257627,False,False,interface,0.008655229311623982
GCCTATAGTGTCAGGG-1,9254,7993,0.7212330818699371,-0.2791455895501271,-0.7515389327723673,True,False,interface,0.006116632862072252
GCCTATTCCGATATAG-1,8243,14900,-0.7623152257900078,-0.2791455895501271,0.075655014204511,False,False,other,0.0005329288891366422
GCCTATTTGCTACACA-1,5098,12623,1.4510332810401694,0.0622130289938608,0.2075247306926983,True,False,interface,0.2507118835772472
GCCTTCAGCCCTACCG-1,6675,12629,0.1366445259933104,-0.2791455895501271,0.0616731117642127,False,False,interface,0.1347019422982901
GCCTTGTATATGCAGT-1,6858,16594,-0.1611044167431845,0.2589438007475185,-0.3916723239943448,False,True,immune_core,0.02180227796152227
GCCTTTGTCAGTGGAC-1,16119,17194,-0.1112101319814748,-0.2791455895501271,-0.2023194886033726,False,False,interface,0.06263390999065795
GCGAAGCCATACCCGT-1,9636,11393,-0.7645263570375098,0.4132645701447814,0.4307446625142782,False,True,immune_core,0.006558925699597303
GCGACCCAACCATCTG-1,15143,14585,-0.134132781673548,-0.2791455895501271,0.1962086994992971,False,False,other,0.0031451590227225125
GCGACGATAGTTGTAC-1,12984,12198,-0.1700169624221354,-0.2791455895501271,1.4828315611277338,False,False,other,0.0022154058476353696
GCGAGAAACGGGAGTT-1,6068,16818,-0.5247269512524085,0.2293960781710106,1.3806238197464915,False,True,interface,0.0926562223467609
GCGAGGCCCGAGCAGA-1,10813,12983,-0.6356639470303789,-0.2791455895501271,-0.6043874226057346,False,False,other,0.0009207456747375714
GCGAGGGACTGCTAGA-1,3701,17489,-0.0378164081820017,-0.2791455895501271,0.029840460515468,False,False,other,0.005235533506011983
GCGAGTTCTGCAAAGA-1,10425,11169,-0.8103035415361104,0.3828556937902247,0.3965504624709681,False,True,immune_core,0.042597304682375325
GCGATGTCTGTGCTTG-1,7049,18294,-0.4484093687681022,-0.2791455895501271,0.4642959745637607,False,False,other,0.015789816675741954
GCGATTCTGGAAGCAG-1,5502,9906,-0.6348938919754319,-0.0824148177964695,-0.5985443058740583,False,False,other,0.018524444266519325
GCGATTGTTAACGTTA-1,10825,9585,-0.8314632885071506,-0.2791455895501271,0.0720482236696846,False,False,other,0.0014517726470677321
GCGCAAATATATTCAA-1,14944,15151,1.364344283961621,-0.2791455895501271,-0.3237509271217989,True,False,tumor_core,0.0063405587506138285
GCGCATCCAGTCAGCA-1,9255,7540,0.6285392652429073,0.3172736661341069,0.2786076429400082,True,True,interface,0.052286943087826235
GCGCCGTTCCACGATA-1,11609,10947,-0.5961485559023748,-0.2791455895501271,-1.0529948885908875,False,False,other,0.0026355975565909968
GCGCGATGGGTCAAGT-1,3913,13298,0.402718327254641,-0.2791455895501271,0.0672780018618764,False,False,interface,0.027170063023666216
GCGCGTTTAAATCGTA-1,3701,17262,-0.3054405036643292,-0.2791455895501271,0.4283758691336137,False,False,other,0.006656561411754318
GCGCTAAGTATGCATG-1,3930,8541,0.5828938368599348,0.4556745725011761,1.5179491329195292,True,True,interface,0.02436851659329434
GCGCTAATTGAATAGA-1,10231,10376,-0.87546335281548,-0.2791455895501271,0.1888006483771018,False,False,other,0.00044144160616253265
GCGCTATGCCGAGGCA-1,11995,12988,-0.2805176843482521,-0.2791455895501271,0.1618457201132717,False,False,other,0.0017340577946228803
GCGCTGATCCAGACTC-1,6887,8438,0.0935226110866005,0.5371764631874877,-0.8914550692664877,False,True,interface,0.046526502441889384
GCGCTGCTTTGCATTT-1,9058,7653,1.2027826873814205,-0.2791455895501271,-0.8393061649477079,True,False,interface,0.012331303637635066
GCGCTGGCGGAAAGTC-1,5078,18060,0.4089469330434511,0.3172736661341069,0.8769354344238633,False,True,immune_core,0.013797219662063908
GCGGACCGCGTTGTGG-1,13571,13446,-0.8732522215679782,0.6304144842562389,0.6591375116521414,False,True,immune_core,0.11758842290442682
GCGGAGAAACTTCGCA-1,14355,14582,0.8574327738419202,-0.2791455895501271,0.1320995930443239,True,False,interface,0.10200687951839116
GCGGCAAAGTATTGCC-1,15141,15265,0.4974312571402243,-0.0824148177964695,-0.8666148196966242,True,False,tumor_core,0.008856863678907412
GCGGCTCTGACGTACC-1,11006,14004,-0.3285244604200473,-0.2791455895501271,-0.7480780285764662,False,False,other,0.0019773643288822254
GCGGGAACCAGGCCCT-1,7068,12857,1.012422898613353,1.0289864233916997,0.3762945204812054,True,True,interface,0.04845365248924441
GCGGGCGAGCCTTACC-1,14362,12543,-0.5276027167821702,-0.2791455895501271,-0.4502468692192813,False,False,other,0.0035337880141033426
GCGGTAACCCAAATGA-1,4890,15681,0.1240737887059579,-0.2791455895501271,1.1500821201103515,False,False,interface,1.0949183368654525
GCGGTCCCTAGACGCA-1,6081,13193,0.3031593714400657,0.2165337983911238,0.2855940500657838,False,True,interface,0.008426974028891416
GCGGTGAACTGCGCTC-1,7481,7647,-0.1267521048687659,-0.2791455895501271,-0.2591468675493043,False,False,other,0.0036424896206972927
GCGGTGCGGAGCATCG-1,7248,17728,1.8332847583430472,0.0414970752462367,0.5652249737962083,True,False,interface,0.11205079387498873
GCGGTTCCCTATCATG-1,12785,12764,0.2282874788427822,0.0622130289938608,-0.2227478795770292,False,False,interface,0.01541514676814476
GCGTCCAGCTCGTGGC-1,4106,14319,1.3181858349843971,0.8120963602249813,1.6889196948439489,True,True,interface,2.0453793615542892
GCGTCGAAATGTCGGT-1,6878,10930,-0.0132946636251653,0.5795864655438823,0.2518270853382239,False,True,interface,0.3789678009984212
GCGTCTCTGCATTGGG-1,11204,13664,1.1219484680132124,-0.2791455895501271,-0.7170493538099271,True,False,tumor_core,0.01781938593675377
GCGTGTATGTCGTATT-1,4117,11373,-0.1016371883877652,0.0414970752462367,0.0462008151603698,False,False,interface,0.04052239445569569
GCGTTATATTTGGAAC-1,9616,16831,-0.8072203101147128,-0.2791455895501271,-0.8379752337856515,False,False,other,0.00018847564360285202
GCGTTCGGAGACCGGG-1,7288,6627,-0.570742883985391,0.2947229236749599,-0.0286933751744576,False,True,interface,0.013307862458898704
GCTAAACCTGAGGTGA-1,8043,15692,-0.9861345197868546,-0.2791455895501271,-0.1726631064032801,False,False,other,0.0021502703971323363
GCTAAGTAAAGGCGAT-1,8828,16828,-0.5161778441579881,-0.2791455895501271,-0.6934221916030575,False,False,other,0.013619987330918815
GCTAAGTAGTTTCTCT-1,10235,9243,0.6206300387305176,0.2290610102834133,-0.3521374118659785,True,True,tumor_core,0.024972192713737202
GCTAATACCGAATGCC-1,7659,12972,1.5169599776205465,-0.2791455895501271,-0.7938529087383367,True,False,tumor_core,0.03223580652244529
GCTACACTGTCCGAAC-1,3903,16017,1.4514544104311715,0.2382278469998943,0.496882652715688,True,True,interface,0.08757897700633861
GCTACAGTACGGACCG-1,11391,16724,-0.512797852379875,-0.0824148177964695,-0.7928422325475649,False,False,other,0.021642787268599934
GCTACGACTTATTGGG-1,12004,10495,-0.9861345197868546,-0.2791455895501271,0.3228007452048764,False,False,other,0.0007933855550446055
GCTACTCGGACGCAGA-1,18089,17654,0.139069099241752,-0.2791455895501271,-0.3451730601846093,False,False,other,0.006009295721996439
GCTAGCAGGGAGTGGG-1,6498,6851,0.7122327457946879,-0.2791455895501271,-0.4606666774390273,True,False,interface,0.04620027789446171
GCTAGCGATAGGTCTT-1,16519,15609,-0.2751259165552022,0.2589438007475185,-0.6361527855601686,False,True,immune_core,0.006328834996259189
GCTAGCTTGAATAGCT-1,13768,13334,-0.7623152257900078,-0.2791455895501271,0.1957245557753937,False,False,other,0.04965233949950846
GCTAGTAGAGCTTGTA-1,11214,10946,-0.5449611432850315,0.0622130289938608,0.2030654336154057,False,False,other,0.0009963610778937963
GCTAGTTTCATTGAGG-1,6867,14102,0.4454202030521002,-0.2791455895501271,-0.2457787572791262,False,False,interface,0.023834198226369032
GCTATCGCGGCGCAAC-1,7453,15577,-0.1979370358806994,-0.0824148177964695,0.4560539772912154,False,False,other,0.001412439938538055
GCTATGCCAGCTTATG-1,12174,18086,-0.2234049884914046,-0.2791455895501271,0.0751825102327171,False,False,other,0.0009610947179912033
GCTCAACCTCTTAGAG-1,6855,17274,-0.1271548270942973,0.5140044378877645,0.5493466021205257,False,True,immune_core,0.011559658921569052
GCTCAATCCGTTTATT-1,13962,14354,1.669833468247233,0.032665306417353,0.2062791566359855,True,False,tumor_core,0.01712867130616866
GCTCATTACTGCATGT-1,6101,7755,-0.6974212433172339,-0.2791455895501271,0.4341802788529257,False,False,interface,0.03620308815822657
GCTCCGGACGTTGATA-1,4134,6616,-0.6300494224901839,-0.0824148177964695,1.1673987393599654,False,False,other,0.001601598913566563
GCTCCTGACATACTGG-1,14552,14696,-0.3062514657655529,-0.0824148177964695,0.782703351495397,False,False,interface,0.04239739008931717
GCTCGCGGTTCCGCTC-1,8434,16826,-0.6997878744482059,0.2165337983911238,-0.5424122287971177,False,True,other,0.043891585312575636
GCTCGGAATTTAAAGC-1,7871,8781,-0.5869055762293292,-0.2791455895501271,0.105886782659284,False,False,interface,0.017990088935223043
GCTCTAAACCCTGACG-1,8255,11728,-0.0008273340931311,-0.2791455895501271,0.2536119697739091,False,False,interface,0.19521544588336662
GCTCTATGTTACGTGC-1,8642,13769,-0.6974212433172339,-0.0824148177964695,-0.4363120969076541,False,False,other,0.0001643982572250344
GCTCTCGGGTACCGAA-1,8649,11729,-0.7185104243045272,-0.2791455895501271,0.7560181940205817,False,False,other,0.016911836388180963
GCTGAAGGGTTCTTGG-1,17300,17878,-0.8751975240088844,0.0414970752462367,-0.5141782561041527,False,False,other,0.047305572797561694
GCTGAATCTTCCAATC-1,15139,15718,0.647236375774369,-0.0824148177964695,0.5392900744238734,True,False,interface,0.008217934666305701
GCTGAGCAACGGTTCT-1,7248,17502,0.2811410442824854,0.6290845621015871,0.3473189701346784,False,True,interface,0.1430310372097207
GCTGAGGCGTGAGTAT-1,11411,11060,-0.4163998921976041,0.0622130289938608,-0.6456822644387094,False,False,other,0.0011292787838378614
GCTGCACGGTTTCTTA-1,11612,10041,-0.8314632885071506,-0.2791455895501271,-0.5480738319991808,False,False,other,2.8811374806638084e-05
GCTGCGCCTCCCACGT-1,7640,18183,-0.1903714552456153,-0.2791455895501271,-0.004673618696834,False,False,interface,0.02298033158687454
GCTGCTCTCCGGACAC-1,9637,11167,-0.6996323745647358,0.5283446943586041,-0.1037851440688249,False,True,immune_core,0.006008906374554412
GCTGGCAGGTGCCGTG-1,8626,18073,0.5349997086587397,-0.2791455895501271,-0.5399204603725664,True,False,interface,0.09814655914160247
GCTGGCATATTCACCT-1,9624,14792,-0.7182445954979316,-0.2791455895501271,0.6236423683277273,False,False,other,0.0004045569013580096
GCTGGGTCCGCTGTTA-1,4098,16584,-0.2593845530013296,0.0622130289938608,-0.0104059480461811,False,False,other,0.0018130647235692378
GCTGGTTTAGGCCATA-1,15333,16738,0.805885051029942,-0.0824148177964695,-0.3477909680582624,True,False,interface,0.014725837049710902
GCTGTATTACTGGCCC-1,12583,14009,0.5226791029758299,-0.0824148177964695,0.2556726172109891,True,False,other,0.006982494168748648
GCTGTCTGTGATCGAC-1,3735,7974,-0.9861345197868546,0.2382278469998943,0.2402598576537458,False,True,other,0.09846127069026246
GCTTCCAGCTTAGATT-1,5084,16474,0.2512508039877774,-0.0824148177964695,0.5106584860326574,False,False,other,0.005760684222640251
GCTTCCGTCCCTAGAC-1,9248,9579,-0.5407070630406627,0.8999491962244854,0.1438179085605817,False,True,immune_core,0.06474255846157016
GCTTCGACGTTCAATC-1,17107,16631,-0.4668651679978043,-0.0824148177964695,-0.3344716617777048,False,False,other,0.01159830661841579
GCTTGATGATAATCAG-1,7852,14219,-0.72052629272918,-0.2791455895501271,0.0017352871294505,False,False,other,0.011993056661553115
GGAAAGTGCCCATGCC-1,7479,8100,-0.7603699233491016,-0.2791455895501271,-0.8873353774810856,False,False,other,0.001590996523077261
GGAACCCGAACAAGAA-1,8038,17278,-0.6404850150010467,0.2589438007475185,-0.3885296325142798,False,True,immune_core,0.014813462038398437
GGAACCGTGTAAATTG-1,13178,12992,-0.6076439945103036,-0.2791455895501271,-0.6838998470586001,False,False,other,0.007659372365630486
GGAACCTTGACTCTGC-1,15138,15944,0.3068878368905071,0.3828556937902247,0.8910754497213585,False,True,other,0.014833086944859956
GGAACGGCCTGCAGCC-1,8434,16600,-0.0793617741710437,-0.2791455895501271,-0.7352313492794397,False,False,interface,0.0022543031529561296
GGAAGCTCGCTTACAG-1,5703,8887,1.3416730480118573,0.032665306417353,0.223113061883045,True,False,interface,0.059953686666228266
GGAATAACCTCAAGAA-1,4708,11489,1.6496244730755467,-0.0824148177964695,-0.2041481852555697,True,False,interface,0.12239118010732675
GGAATGCGCTAGCGTG-1,9841,9015,0.5393938028716382,-0.2791455895501271,-0.7089218648410175,True,False,interface,0.011613236310343965
GGACAAGCCATGATCG-1,16115,18327,-0.4195483080676814,-0.2791455895501271,-0.4166971892300594,False,False,interface,0.005259867686284936
GGACAAGTTGCAGTGA-1,10008,17512,-0.1225770778012433,-0.2791455895501271,-1.1874395914361942,False,False,interface,0.007912738607664496
GGACCTCTAGGCCGCC-1,14945,14924,-0.1694131381034893,-0.2791455895501271,0.0052799584067437,False,False,other,0.004545269139971846
GGACGGCTTGCGCAAC-1,4922,6845,1.0677701113669449,0.0414970752462367,0.691987540393623,True,False,interface,0.010631864075684045
GGACTAAGTCAGGAGT-1,8825,17734,-0.5753252037216772,-0.2791455895501271,-0.6809453353016062,False,False,other,0.02530187787056906
GGAGAAGTCATTGGCA-1,8051,13653,-0.3633813493354433,-0.2791455895501271,-0.3253672577706865,False,False,other,0.00784472854226796
GGAGACATTCACGGGC-1,4488,17718,-0.5705393348436223,-0.2791455895501271,0.6126929653648064,False,False,other,0.019823714087404968
GGAGACCATCTACATA-1,13359,17411,0.9681532993273702,-0.0824148177964695,0.1351502468272416,True,False,interface,0.06265942291534701
GGAGACGACACCTTTG-1,12004,10722,-0.6379456442616274,-0.2791455895501271,-0.3241834665346312,False,False,other,0.0012161154940722673
GGAGCACCAAGAACTA-1,8659,9011,-0.4989181299798351,0.3172736661341069,0.111542787386661,False,True,other,0.00837282022578729
GGAGGAGTGTGTTTAT-1,3897,17603,-0.1256083366180088,0.0622130289938608,-0.6885953275626007,False,False,other,0.028686537772063207
GGAGGATTGAAAGGAG-1,4910,10017,-0.4944253015010846,-0.2791455895501271,0.168738287228678,False,False,other,0.02019758890147506
GGAGGCGAAGAACCGC-1,4133,6842,-0.577691834852649,-0.2791455895501271,0.1941131046536209,False,False,other,0.004850941523418163
GGAGGGCTTGGTTGGC-1,9840,9468,-0.2364350034728534,0.2165337983911238,0.1797422911099361,False,True,interface,0.010751477698072893
GGAGTACACATGAGCT-1,6261,18065,-0.5942032534614687,-0.2791455895501271,0.1967749505228652,False,False,interface,0.0036451698750711594
GGAGTGCCGCCCTGGA-1,7267,12291,1.078594074159057,0.0414970752462367,0.4029185697906438,True,False,interface,0.015308836689404548
GGATACTCATGAATTG-1,5293,13190,1.442909712925626,0.2290610102834133,-0.3199701413235277,True,True,interface,0.0032780143084434805
GGATCAAAGGACGAGG-1,4704,12395,1.3220908017834472,-0.2791455895501271,0.0507967234064912,True,False,interface,0.07118938108474543
GGATCAGAGCCATCAG-1,11977,18198,-0.3986221252970371,-0.2791455895501271,-0.258114969990706,False,False,other,0.000792220347835535
GGATCATCCCGTACGC-1,6893,6852,0.2700375306455022,0.032665306417353,1.3984073824196612,False,False,interface,0.016540157117772188
GGATCCCTACCAGCTA-1,5082,16928,-0.3200039203076931,0.6379163309304708,0.9533335983183816,False,True,immune_core,0.020158491406416203
GGATCCGGAATATACT-1,10236,9016,0.7057483063732425,-0.2791455895501271,-0.4162331098587268,True,False,interface,0.010098841490755328
GGATCTTGACTCAACC-1,13560,16392,-0.0770659705034101,0.0414970752462367,0.3497708491460886,False,False,interface,0.012117908106333931
GGATGACGCGAGTTTA-1,10812,13210,-0.4667548390746786,-0.2791455895501271,-0.9839457605520056,False,False,other,0.0017776543348082402
GGATGCTGGCGTTCCT-1,11196,16157,0.5467043438263268,-0.2791455895501271,-0.776563798008082,True,False,tumor_core,0.003402221077266114
GGATTAAGCTAAGGTC-1,4916,8431,-0.9861345197868546,-0.0824148177964695,-0.221485483321297,False,False,other,0.004312496239176399
GGATTCAGTACGGTGG-1,7259,14556,-0.3705163927900076,-0.0824148177964695,-0.0471101302816196,False,False,interface,0.0146608711226419
GGATTCCGCTATACCC-1,7279,9119,0.8675826970922076,-0.2791455895501271,0.4206416908510101,True,False,interface,0.041070515882120684
GGATTTCACTTCTATA-1,9645,8901,1.3819000578930627,-0.0824148177964695,-0.2877691850739808,True,False,interface,0.06492533857486957
GGCAAAGGCGCCAATA-1,14158,14468,0.5582784818855829,-0.2791455895501271,0.5977456977588583,True,False,tumor_core,0.009120074467180364
GGCAAATTACTTTACT-1,11604,12307,0.2722651878916162,-0.0824148177964695,0.9524261127971122,False,False,interface,0.006739128217499284
GGCAAGGCGAAATAGC-1,12399,10497,-0.8314632885071506,-0.2791455895501271,0.0938173016921984,False,False,other,9.163292860305104e-05
GGCAATAGTCAATGAG-1,9442,10373,0.6026118975385947,1.8026016460413483,-1.0274915826494628,True,True,interface,0.3343877142647098
GGCACTCCACTGGGCA-1,10221,13095,-0.8751975240088844,-0.2791455895501271,0.4132701708650624,False,False,other,5.6815467696368854e-05
GGCAGAGAGATCGGGA-1,10401,17966,-0.3274317361715577,-0.2791455895501271,-0.7307214284390853,False,False,other,0.0046495923030704525
GGCAGCGGTAATCCTA-1,6301,6963,1.635993455518038,0.2382278469998943,-0.3425496298613472,True,True,interface,0.21529507734524791
GGCATACAGGTAGCGG-1,10215,14680,-0.8291815912759019,-0.0824148177964695,0.2738510145210076,False,False,other,0.0012861716172623714
GGCATATCGGTTCTGC-1,6885,8891,0.5259360553801377,-0.2791455895501271,-0.4555564358894934,True,False,interface,0.09318714778643344
GGCATCAACGAGCACG-1,4507,12508,2.23564385225034,0.2382278469998943,0.4918901070129841,True,True,tumor_core,0.02509822833484084
GGCCACAAGCGATGGC-1,4307,13300,1.2374694349230808,-0.0824148177964695,0.1869410169680829,True,False,interface,0.1484111549490962
GGCCACACGAAAGCCT-1,7838,18070,1.227183893016769,-0.2791455895501271,-0.4501286857537549,True,False,tumor_core,0.001777360909656695
GGCCCTCACCCACTTA-1,10803,15702,0.7025166421522535,-0.2791455895501271,0.2424742280367084,True,False,tumor_core,0.008469224577443667
GGCCGAGACTCTGGTG-1,15734,14700,-0.6533506130251576,-0.2791455895501271,-0.2598909800566794,False,False,other,0.0008380406543787697
GGCCGTTTGGGTTTCA-1,15148,13226,0.1522803372391315,-0.2791455895501271,-0.514263531243383,False,False,other,0.011749092914574523
GGCCTTTGCAACTGGC-1,10600,17401,-0.7645263570375098,-0.2791455895501271,-0.8188777739740514,False,False,other,8.872535341053406e-05
GGCGAGCATCGAGGAC-1,3511,15336,1.5281343954776097,1.8740330543456456,0.7381404996563286,True,True,interface,0.49767215120818215
GGCGAGCGAAACGGCA-1,13556,17524,0.500112819642457,1.341018913806146,0.0832099400611276,True,True,interface,0.2823429537718178
GGCGCAGGACATCTTC-1,10805,15249,-0.87546335281548,-0.2791455895501271,-0.1738745762171602,False,False,other,0.0010426905803020239
GGCGCATGAATTGATG-1,11801,12194,-0.5030314988978152,-0.2791455895501271,0.9800757637170452,False,False,other,0.013031223280690493
GGCGCGTTCGAGTTTA-1,12789,11631,-0.9861345197868546,0.2589438007475185,0.0096645466772952,False,True,immune_core,0.009774878814760796
GGCGCTCCTCATCAAT-1,6859,16141,-0.5690634103510804,0.0622130289938608,0.401124427113699,False,False,other,0.0033000479576606365
GGCGGAGTAATATTAG-1,9827,13093,-0.8751975240088844,-0.0824148177964695,0.2652001388866122,False,False,other,0.0010467942264180397
GGCGGTAGGATCATTG-1,9639,10487,0.3548279666763075,0.9073498777823004,0.1765158446965817,False,True,interface,0.12315298547897925
GGCGGTTTGCCGGTGC-1,6462,17046,0.5061084186015907,-0.0824148177964695,-0.0379219611635861,True,False,interface,0.16453414981367973
GGCGTACCCTATATAA-1,3916,12392,-0.5227816488115024,0.5138883342749851,0.5951228732594249,False,True,immune_core,0.004022908926363524
GGCGTCCTATCCGCTG-1,9624,14565,-0.0786080404609243,-0.2791455895501271,-0.0721112956139432,False,False,other,0.002434598411385464
GGCTAAAGGGCGGGTC-1,7286,7080,-0.6079098233168992,-0.2791455895501271,-0.3501184856724511,False,False,other,0.007907421278448448
GGCTATTAAGTTGTAT-1,10022,13660,-0.8072203101147128,-0.2791455895501271,0.1895546212146922,False,False,interface,0.0022874520738151664
GGCTCCTCCACCTGTT-1,15144,14358,-0.5661114623449969,0.2382278469998943,0.2169692811387073,False,True,immune_core,0.05112755003022277
GGCTCGCGTTGAGGTA-1,9649,7768,0.2417156073892672,-0.0824148177964695,-0.4236532488633993,False,False,interface,0.030194856457980698
GGCTCGTGCCACCAGC-1,7458,13991,0.5062205318810752,-0.2791455895501271,-0.5269849077768155,True,False,interface,0.05340132784314896
GGCTCTGCTCCAACGC-1,8655,10144,-0.8291815912759019,-0.2791455895501271,0.5280400919640237,False,False,interface,0.08379193475468756
GGCTGAGCATCGTAAG-1,5315,7073,1.4729960004560072,0.2382278469998943,-0.398452623665999,True,True,interface,0.02076832896636383
GGCTGGCAGCTTTATG-1,4684,18059,-0.1394405021647301,0.0414970752462367,0.8310609901238558,False,False,other,0.0033749550054067174
GGCTGGCTAGCTTAAA-1,5681,15004,0.8907433375583488,0.8328123139726056,0.5233273796923672,True,True,interface,0.28709155217884785
GGCTTGGCTCTCACCT-1,8232,18072,0.5737283678268821,0.5138883342749851,-0.0807963782003596,True,True,interface,0.11974188196722935
GGGAACCACCTGTTTC-1,3712,14317,0.9035649132021384,10.446254760773506,0.9497782609115664,True,True,interface,14.351652180185399
GGGAACGGGAGGTTAG-1,11203,14118,-0.2954041354412718,-0.2791455895501271,-0.6637625595479698,False,False,other,0.007726906690496509
GGGAATTCTGTCCAGT-1,9021,17848,-0.6851242705191561,-0.2791455895501271,-0.7973444845161134,False,False,other,0.006407789029085071
GGGACAGAGTTACTCC-1,14743,16169,-0.1922794392810538,-0.0824148177964695,0.0812130507312643,False,False,other,0.005714702217514595
GGGACTGCATAGATAG-1,9833,11507,0.3131818937074522,-0.2791455895501271,-0.3838140159175055,False,False,interface,0.010623119101575082
GGGAGAACTCACAGTA-1,9834,11054,-0.3380745965870699,-0.2791455895501271,-0.2353927710636015,False,False,interface,0.020330958251987403
GGGAGGATGCCCGAAA-1,10814,12530,-0.8640384801912979,-0.2791455895501271,0.2636818828855271,False,False,other,0.002655787140849488
GGGAGTAATGGCTGGC-1,5489,13531,1.6791970576780844,0.2382278469998943,-0.2278159749855857,True,True,interface,0.013260612715794866
GGGAGTTAATGAGGCG-1,10036,9809,-0.87546335281548,-0.0824148177964695,-0.0232577217129684,False,False,other,0.01982559039601128
GGGATACGGTAATAAT-1,7643,17503,-0.1689365237214861,-0.2791455895501271,-0.7446869219571084,False,False,interface,0.0735085303823217
GGGATGGACCCGCGTC-1,16315,17761,-0.3032518517344562,-0.0824148177964695,-0.3319167086480235,False,False,interface,0.009131636787329233
GGGATGGTCGTAACCG-1,12782,13444,-0.6130929443590212,-0.2791455895501271,-0.0779642496936752,False,False,other,0.004765119307700733
GGGATTATCTCACAAC-1,4291,17604,-0.0391098370459631,0.6290845621015871,0.4675967149579682,False,True,immune_core,0.07000440523397619
GGGCAACCGCACGTGC-1,14349,16168,-0.5350291482820616,0.2382278469998943,0.7237997496654865,False,True,immune_core,0.012525065245844222
GGGCACGAATTGGCCG-1,9217,18189,0.3715249563410832,-0.2791455895501271,0.2326319897487435,False,False,interface,0.017423641375469916
GGGCACTATTGACCAT-1,15525,17985,-0.4303182808050841,0.0414970752462367,-0.8056528574335049,False,False,other,0.007778169443847292
GGGCAGACGTCACTGC-1,12963,17862,-0.2693586405306656,0.032665306417353,0.8861201729050693,False,False,interface,0.033504444366046694
GGGCAGGATTTCTGTG-1,16315,17534,-0.8072203101147128,-0.2791455895501271,-0.0322959663765509,False,False,interface,0.02795214730333299
GGGCCATTCGTGCTGG-1,17104,17537,-0.5849895120847883,-0.2791455895501271,-0.6199567151637805,False,False,other,0.01047687473411892
GGGCCCGTCTTAAACA-1,11800,12421,-0.4195160434614814,0.0414970752462367,0.0354594529327256,False,False,interface,0.019056597176542265
GGGCCCTACGAAAGGG-1,10997,16496,0.195768470725266,-0.2791455895501271,-0.6339191744965541,False,False,other,0.0033333370079706424
GGGCCCTTATCTATAC-1,10007,17738,-0.6137026658691899,-0.2791455895501271,-0.4836989359085302,False,False,other,0.0012944520322326397
GGGCCTAAATGGGCTA-1,12374,17294,-0.1510574939465252,0.4132645701447814,0.2430677380376414,False,True,immune_core,0.01725100539753041
GGGCGAATTTCTCCAC-1,6854,17500,-0.1977283891297715,0.0622130289938608,-0.1338203298974797,False,False,interface,0.007646057718126014
GGGCGATATGTGTGAA-1,9043,11731,-0.4484432952480655,-0.2791455895501271,0.4057867762550233,False,False,other,0.0045583536208393515
GGGCGATCCATAGGCC-1,17298,18331,-0.2246240012512186,0.2947229236749599,-0.2824184783931566,False,True,immune_core,0.00539687570140634
GGGCGGCAAATGAATT-1,13177,13218,-0.8751975240088844,-0.2791455895501271,-0.1031916083286929,False,False,other,0.004338020018218368
GGGCGGGTTCCCTACG-1,11991,14120,0.0876569798874071,-0.2791455895501271,0.6527641845250762,False,False,interface,0.02114008230977478
GGGCGGTCCTATTGTC-1,6272,15119,0.4925450050468538,0.0414970752462367,-0.7833866598698961,True,False,interface,0.019432334835992063
GGGCGTACATTTATAT-1,8253,12181,0.3998252612266599,-0.2791455895501271,-0.0405413617048723,False,False,interface,0.036835657660618575
GGGCGTCACCACGTAA-1,12982,12651,-0.2260149252145705,-0.2791455895501271,0.1948956342259368,False,False,other,0.005705751539313527
GGGCGTCCACTGGCTC-1,6689,8777,1.395101723398413,-0.2791455895501271,0.0594221698623079,True,False,interface,0.025191764823245543
GGGCGTTTACATTCAT-1,16520,15383,0.2884404244784017,-0.2791455895501271,-1.1874395914361942,False,False,other,0.00694611513765953
GGGCTACTATTTCGTG-1,13358,17637,0.0293287234682911,0.0414970752462367,0.3187063282025284,False,False,interface,0.1553254203421762
GGGCTCATCGAACCCA-1,8465,8217,-0.4946911303076803,-0.2791455895501271,-0.1701182059052835,False,False,other,0.004912221135749018
GGGCTGCCTAGGGCGA-1,10033,10488,-0.7162992930570253,-0.2791455895501271,0.3288956239916974,False,False,other,0.03450763133200022
GGGCTGGTTAGTCGCG-1,9632,12526,-0.6722286627649491,-0.2791455895501271,0.0119960889339347,False,False,other,0.0007050552823831594
GGGTAATGCTGTGTTT-1,5283,15909,0.4704326899615059,-0.0824148177964695,-0.3087862632932814,False,False,interface,0.019075117349607502
GGGTACACTCTGGAGG-1,4687,17379,-0.4576570366247458,0.2589438007475185,1.4582892335741775,False,True,immune_core,0.01833488732441697
GGGTACCCACGGTCCT-1,6271,15346,-0.5853463185587721,-0.2791455895501271,-0.1154583579768243,False,False,other,0.006079017989807173
GGGTACTTCATGAACT-1,10809,13890,-0.2360488738754007,-0.2791455895501271,-0.2039479132561232,False,False,other,0.00015879926319536705
GGGTATGTATGCACTT-1,9031,15129,-0.8732522215679782,-0.2791455895501271,-0.7483016426323664,False,False,other,0.00022923004435217048
GGGTATTCTAGCAAAC-1,14348,16621,1.2000526209832685,-0.0824148177964695,-0.0564849861504687,True,False,interface,0.018197544130928844
GGGTCACCGTGACGGT-1,10419,12982,-0.605362297279055,-0.2791455895501271,0.0317734668954588,False,False,other,0.000350008612413625
GGGTCACGTGCTTATG-1,3936,6728,-0.6962833143367424,0.2589438007475185,-0.2709503517743708,False,True,immune_core,0.006844654769026623
GGGTCATGCGTACCAT-1,7843,16711,-0.5295480192230764,-0.0824148177964695,0.3282314170324436,False,False,interface,0.01664744468789317
GGGTCCTTGGAAGAAG-1,17500,17086,-0.0228702839235386,0.3172736661341069,-0.7379939901648226,False,True,interface,0.014931108914114415
GGGTGACACCTTAACT-1,12590,11970,-0.483532086490094,0.3172736661341069,0.5512698998931163,False,True,immune_core,0.004570792392387374
GGGTGGTCCAGCCTGT-1,4909,10470,-0.106986863654449,0.0414970752462367,0.2086477819671068,False,False,interface,0.029456166327238808
GGGTGTTTCAGCTATG-1,6682,10590,1.6485823918272826,0.0414970752462367,-0.1294613400678136,True,False,tumor_core,0.030237694276714997
GGGTTAACATTTGAGT-1,14165,12656,-0.87546335281548,-0.2791455895501271,-0.262740174363766,False,False,other,0.056316752924966344
GGGTTCAGACGAACAA-1,7253,16142,-0.3659347029597281,-0.2791455895501271,0.3322976812533108,False,False,other,0.0007307026834654207
GGGTTTCCGGCTTCCA-1,3506,16695,0.2778046664216572,-0.2791455895501271,0.0649250385071611,False,False,interface,0.01836548050800894
GGTAAATGTGCGTTAC-1,5702,9113,-0.7207921215357759,-0.2791455895501271,0.5008522151518143,False,False,interface,0.12417096175554221
GGTAACCGGCAAAGGT-1,4685,17832,0.0318410504135223,0.0414970752462367,0.3224405029786209,False,False,other,0.015115164198597477
GGTAACCGGGAGGATA-1,14747,15263,0.0547096308412202,-0.2791455895501271,0.5744706255546481,False,False,interface,0.004234026231374519
GGTAACTATGTATCTG-1,5884,13305,0.4830792411963357,0.862887337171065,0.579632622696957,True,True,interface,0.17559933934368885
GGTACAAACATGCTAT-1,11407,12193,0.119705145554984,0.9002291303402462,0.4956025994933317,False,True,other,0.1379289967506682
GGTACATCTGGGACGA-1,10998,16269,0.5761504208032084,-0.2791455895501271,-0.9335936964921274,True,False,tumor_core,0.0015353551681379259
GGTAGACCGTTGGGCG-1,13969,12315,-0.8640384801912979,-0.2791455895501271,-0.0842126338997652,False,False,other,0.0017947628497400313
GGTAGTGCTCGCACCA-1,10232,10149,-0.6402191861944511,-0.0824148177964695,0.1195024041260521,False,False,other,0.00044323504515849423
GGTATCAAGCATAGAA-1,4096,17037,-0.6424303174419529,-0.2791455895501271,-0.0229679011142372,False,False,interface,0.013643349218245652
GGTATGAAAGAACTGA-1,10202,18305,-0.459602339065652,-0.2791455895501271,-0.7300998656079389,False,False,other,1.619676815518805e-05
GGTATTGCCGAGTTTA-1,10027,12301,-0.5964849506927171,0.032665306417353,0.5353079074036989,False,False,other,0.0015882355091887933
GGTCACGTTAGATTCA-1,4699,13981,1.3347187201544843,1.5240662032030488,1.2545802253285945,True,True,interface,0.26007044279059927
GGTCAGTGGGTCCCAC-1,12987,11292,-0.9861345197868546,-0.2791455895501271,-0.4705956219692524,False,False,interface,0.0173789068554751
GGTCCCATAACATAGA-1,3740,6614,-0.5046028071516947,-0.0824148177964695,0.1869682721368305,False,False,other,0.0017121593040760365
GGTCCTTCATACGACT-1,6067,17271,-0.2726123169973212,-0.0824148177964695,-0.3979852051919487,False,False,other,0.05327742067919212
GGTCGGATAAACGGCG-1,8074,7309,1.1275312323057498,0.0414970752462367,-0.3115489041786644,True,False,interface,0.026798825844207206
GGTCGGCCAGGAGCTT-1,9842,8788,0.9377037564945354,0.4132645701447814,-0.9645476659423676,True,True,interface,0.017881426588158507
GGTCGGTAATTAGACA-1,5881,14212,1.0640675427297763,0.114315953957188,0.7688778976376501,True,True,interface,0.018422386427497835
GGTCGGTCGTCCACAG-1,14560,12430,-0.1724814576918868,-0.2791455895501271,-0.6097757669084457,False,False,interface,0.007221431464958183
GGTCGTAAGCTCGCAC-1,13167,16164,-0.3379855702776306,-0.0824148177964695,-0.4494234720174021,False,False,other,0.035431480408211
GGTCTCTGAATGGACT-1,13764,14467,0.7418191483840079,-0.2791455895501271,-0.895964990106842,True,False,tumor_core,0.016082642514495527
GGTCTGAGAATCTGGA-1,9446,9240,-0.5710087127919866,-0.2791455895501271,0.0028749978767931,False,False,other,0.02848458058635019
GGTCTTGGTGTTAACT-1,4881,18173,0.2897408091544284,-0.2791455895501271,0.2470483549818257,False,False,other,0.022739644042750348
GGTGAAACCGGGAATG-1,4703,12848,0.8536497965553035,0.0622130289938608,0.522205650738081,True,False,interface,0.02216214336487558
GGTGAACGGGCTAGCC-1,5091,14662,-0.1545227545808576,-0.0824148177964695,-0.2041712658700347,False,False,interface,0.03662098820154366
GGTGAAGTACAGGGAT-1,12780,14123,-0.7070855516803451,-0.2791455895501271,0.4145996527088562,False,False,interface,0.0270774283462742
GGTGAGATGCAGATAA-1,6669,14215,1.0226750563374782,-0.2791455895501271,0.413996935481003,True,False,interface,0.0664405177976015
GGTGATAAGGAGCAGT-1,10826,9358,-0.9861345197868546,0.2589438007475185,0.3594850064684848,False,True,immune_core,0.00945674856022769
GGTGATGAAGGAAGTG-1,9611,18190,0.6284598942301659,-0.2791455895501271,-0.3552039665228078,True,False,interface,0.049836597387854134
GGTGATTTCATCTTGT-1,5291,13870,0.9522552522348066,1.088943022322764,0.889297497948973,True,True,interface,0.11036166719493123
GGTGCAGAGCCTATCG-1,5908,6509,-0.377087919190874,-0.2791455895501271,-0.8426781958448848,False,False,interface,0.030005795442861038
GGTGCGGATAAGTGGC-1,6673,13082,0.4798123398705192,-0.0824148177964695,0.7679406910987895,True,False,interface,0.01666936440029969
GGTGCTGATCACAAAG-1,8831,15922,-0.7185104243045272,-0.2791455895501271,0.566209289008987,False,False,other,0.0004270507297405527
GGTGCTGGTACACATT-1,11798,13100,-0.3099828054705982,0.032665306417353,0.6577457828606788,False,False,interface,0.008313277295800442
GGTGGACCACGTGTTA-1,4923,6392,-0.5356463836565266,-0.2791455895501271,1.1605649413951618,False,False,interface,0.024889018725219786
GGTGTTCTGTTTCTAC-1,4326,8089,-0.7531014844133275,0.0414970752462367,0.2328470667798028,False,False,other,0.008658521163571844
GGTTACCACCCTCGGG-1,12384,14575,-0.1315612317238612,0.4132645701447814,0.5696430601413576,False,True,interface,0.010859583214844934
GGTTAGGCTTGGAGAA-1,9034,14223,-0.6313893318639686,-0.2791455895501271,-0.2874169192310255,False,False,other,0.0013900033122076448
GGTTAGTTACGGCGCC-1,8832,15695,-0.8103035415361104,-0.2791455895501271,-0.496089238788278,False,False,other,0.00048751269673258916
GGTTCCACCCGCTTCT-1,3932,8087,-0.0435617348910447,0.0622130289938608,0.5248373425869927,False,False,interface,0.08438999800646262
GGTTCGGATTATACTA-1,11191,17516,-0.7645263570375098,0.0414970752462367,-0.362774757014343,False,False,other,0.0011101552074230959
GGTTGTATCGTGAAAT-1,3719,12505,-0.2984873668626693,0.6379163309304708,0.367372453681319,False,True,interface,0.017266575893746555
GGTTGTGCTCTTGTCC-1,8235,17165,-0.6516440588186331,-0.2791455895501271,-0.6624579324408746,False,False,interface,0.0022674052408263204
GGTTGTGTAGCCTGGC-1,10010,16832,-0.7531014844133275,-0.2791455895501271,-1.3444694899202396,False,False,other,0.00042185221621528413
GGTTTACAATCTCAAT-1,8458,10030,-0.6075734285265569,-0.2791455895501271,0.5240043462745625,False,False,interface,0.10335601387479136
GGTTTGAGTGCTGGAA-1,5883,13532,1.7736151886538478,0.8346471026841285,0.2966707926547038,True,True,interface,0.2820717676465047
GTAACTTGCGGCAGTC-1,5488,13757,-0.0321271724670501,0.032665306417353,0.505324436528799,False,False,interface,0.07529495708601512
GTAAGCGGGCAGTCAG-1,8060,11161,0.4643831567503858,0.0622130289938608,-0.4683361128846288,False,False,interface,0.01955183381379579
GTAAGGATTTGTCGGA-1,5499,10585,1.5567963253391002,-0.2791455895501271,0.3147955140830799,True,False,interface,0.019876563683885934
GTAAGTAGGGTATACC-1,8640,14222,-0.8751975240088844,-0.0824148177964695,0.9558336015776042,False,False,other,0.0004445465415964262
GTAATCTGATTCTTCG-1,13374,13332,-0.2594469636866513,-0.2791455895501271,1.443709107324633,False,False,other,0.0077616527613385685
GTACACTTACCTGAAG-1,10623,11057,-0.5092932922684118,0.2382278469998943,0.920892199144001,False,True,interface,0.0069829559217870095
GTACGACGGCGCTGCG-1,5877,15344,-0.4624429055028006,-0.2791455895501271,0.2579014115303126,False,False,interface,0.14446382072884068
GTACGAGATTGCGACA-1,7663,11839,1.2343977360540568,0.0414970752462367,1.0300771808691176,True,False,interface,0.028930703405578698
GTACGCTTCATTGCAC-1,12597,10158,-0.9861345197868546,-0.2791455895501271,-0.4683466058750937,False,False,other,0.00043757596334628246
GTACGTTTGCCCGTCA-1,12201,10609,-0.9861345197868546,-0.2791455895501271,-0.5318823722786576,False,False,other,0.00028656210473391184
GTACTAAGATTTGGAG-1,8845,12070,-0.6137026658691899,-0.2791455895501271,0.878053003715453,False,False,other,0.00348022397122763
GTACTCCCTTATCGCT-1,10608,15135,-0.3219783779171624,-0.2791455895501271,0.2112835082858728,False,False,other,0.001067076811821247
GTACTGAGGTCGTAAC-1,5688,12965,1.6528797377149906,-0.2791455895501271,-0.0696137456567206,True,False,interface,0.15242546201768536
GTACTGCATGAAGCGT-1,5685,13871,0.2437994896763457,0.0622130289938608,1.036482099809931,False,False,interface,0.05781340770530093
GTACTGGAGTTAGACC-1,10038,9129,0.3633585141959404,0.032665306417353,-0.3507127902837474,False,False,interface,0.007290588672911794
GTACTTGGGCACTTCT-1,6865,14555,0.3347221860179798,0.0622130289938608,0.6115190602557696,False,False,interface,0.006216126197526567
GTAGAAACGGGTGGAG-1,8238,16486,0.5402568164879152,-0.0824148177964695,-0.3784694805124647,True,False,tumor_core,0.005595633331798085
GTAGACAACCGATGAA-1,4903,12056,-0.0102659850668609,1.2503025766300204,0.5407982329540488,False,True,interface,0.10481459060924701
GTAGACGTCGTTACAT-1,6079,13873,0.3460570098826628,0.658632284678095,0.6228793549589285,False,True,interface,0.11920559422729254
GTAGAGGGAGACAAGT-1,13566,14806,-0.2576238892155117,-0.2791455895501271,-0.0504983498068677,False,False,other,0.006944621943437902
GTAGCGCTGTTGTAGT-1,4704,12622,1.3629952573673954,-0.2791455895501271,0.6204806260822934,True,False,interface,0.03497699686255517
GTAGCGGCTATACACT-1,11216,10493,-0.5964849506927171,-0.2791455895501271,-1.3444694899202396,False,False,other,0.0013188759093707737
GTAGCTAGTAAGCGCG-1,3928,9220,-0.3033846173096593,-0.0824148177964695,0.3776562197390344,False,False,interface,0.043311883500216135
GTAGCTTCCTCTTGTT-1,9647,8221,0.0764471685063331,-0.2791455895501271,-0.9600446213447222,False,False,interface,0.015963617691633653
GTAGGTGATCCGTGTA-1,6884,9344,-0.8072203101147128,0.032665306417353,-0.5309313398982537,False,False,other,0.06874249021283557
GTATAATCTCCCGGAT-1,6265,16932,0.4994642502810093,1.7069402230029893,0.4832621983043021,True,True,interface,0.24003047010028275
GTATAGGACTCAGTAG-1,7466,11725,2.341996354252338,0.2947229236749599,0.2195773046105355,True,True,tumor_core,0.021693111632917653
GTATAGTGGCCCATGT-1,4327,7862,-0.7623152257900078,-0.2791455895501271,0.2601989469736185,False,False,other,0.030112003716523412
GTATATGTTACGGCGG-1,4691,16020,0.3178843591873131,0.790402311616211,0.2388933510493298,False,True,interface,0.11294806768496528
GTATCAGCTTGGGTTC-1,7457,14444,-0.2729147853077003,0.7339072349411453,0.1708986891728426,False,True,immune_core,0.04195388796523077
GTATCGGGACGAGCTG-1,4492,16586,-0.1985933848729339,0.5500387429673745,0.1582054049579166,False,True,interface,0.034529123741207875
GTATCTCAGTCTTGAC-1,14942,15830,-0.0809208107908717,-0.0824148177964695,0.3440216817141919,False,False,interface,0.011453323719911236
GTATCTCCCTAACTGT-1,3525,11484,-0.4832662576834983,-0.0824148177964695,0.9000872147765847,False,False,other,0.001753124717571065
GTATCTTGTTGCTCAC-1,3523,12164,1.2898062889853374,0.2618950201400714,0.4600639808800736,True,True,interface,0.18428678616906566
GTATCTTTCATAACCA-1,12594,10837,-0.7531014844133275,-0.2791455895501271,-0.8048257270343245,False,False,other,3.866941735653062e-05
GTATGAAATTTCACTC-1,13759,15826,-0.5208736647760638,0.6065338196424401,0.997328669092412,False,True,interface,0.17319032150141178
GTATGACGTGGGAAAC-1,4892,15001,0.0338408905729126,0.4914536954286175,0.4307965266398135,False,True,interface,0.109693968035235
GTATTAAGGCGTCTAA-1,7453,15350,0.1958685007684701,-0.2791455895501271,0.2103786312165102,False,False,interface,0.0194763892253974
GTATTCTGAGAAACGA-1,12977,14011,-0.6797345773224551,0.032665306417353,0.2249974463344866,False,False,other,0.004520580401183595
GTATTCTTACCGTGCT-1,4889,15907,0.004641305177597,0.458625791893729,0.1863282205099887,False,True,interface,0.030185879258598686
GTCAAAGAAGTGGTGT-1,14546,16282,0.0304855629354629,0.2589438007475185,0.1487569115283217,False,True,immune_core,0.004688903659163521
GTCAAAGTTTACATAG-1,6075,15005,-0.301244052045904,0.2618950201400714,-0.2039052691280156,False,True,interface,0.015661245338159536
GTCAAGCGGACTCGGG-1,11219,9586,-0.6424303174419529,-0.2791455895501271,-0.250020690891977,False,False,other,0.0043551620415906685
GTCAATTGTACTGAAG-1,4505,13187,0.4906806049099987,-0.0824148177964695,0.4340104127239507,True,False,interface,0.0863435609747117
GTCACAAAGTTTCCAA-1,5299,11378,0.9750498357077813,0.032665306417353,0.4546666430854982,True,False,tumor_core,0.007611293146363604
GTCACCTGTCTATGTC-1,4132,7295,0.7521118907802041,1.5443116938706622,0.5123709518530349,True,True,interface,0.6503772042542567
GTCACTCATGAGCGAT-1,16707,18216,-0.7533673132199233,0.3172736661341069,-0.4866336661106091,False,True,immune_core,0.006979563955523054
GTCACTCTCCAAATCT-1,8047,14786,-0.6882075019405536,-0.2791455895501271,-0.4776445456362964,False,False,other,0.0006147483076390524
GTCAGAATAGTCTATG-1,9427,14678,-0.4561811121322039,-0.2791455895501271,-0.5381094561989186,False,False,other,0.0012868037767772495
GTCAGACAGCGTTGGA-1,5079,17834,-0.2064989868082372,0.114315953957188,0.2736068109395452,False,True,immune_core,0.007449888401448278
GTCAGTTGTGCTCGTT-1,5304,10245,-0.2325260213931507,0.7575744080813224,0.6604453941623759,False,True,other,0.1669234016641051
GTCAGTTTGGTAGTCG-1,9222,16829,-0.8640384801912979,-0.2791455895501271,-0.7014602796969663,False,False,other,0.0017842040071230773
GTCATCTCCTACAGCT-1,5871,16930,-0.6556323102564061,-0.2791455895501271,0.7161594269189793,False,False,other,0.026733821663799465
GTCATGCACCTCCGTT-1,9242,11392,-0.6525490788350086,-0.2791455895501271,0.2867560527682626,False,False,other,0.003889002510773004
GTCATGGACATGACTA-1,8651,11276,0.8048403734496148,0.5140044378877645,0.2090176949290103,True,True,interface,0.006766224225319393
GTCATTAGAGCGAACG-1,10821,10718,-0.5984302531336233,-0.2791455895501271,-0.8849411030336066,False,False,other,0.0006567188856533985
GTCATTGCATTGACCC-1,9618,16377,-0.2832004563387413,-0.0824148177964695,-1.1874395914361942,False,False,other,0.00098899999644314
GTCCCAACGTAAAGTA-1,10035,10035,-0.2809187591074927,-0.2791455895501271,-0.0849223418971392,False,False,other,0.031058942167069458
GTCCCAATCATCCCGC-1,11780,18084,-0.0268055573056649,0.1776491165135635,-0.444581592306673,False,True,immune_core,0.0058213199851747536
GTCCGAGAGCAATCAT-1,9811,17398,0.7521375509610289,0.0622130289938608,-0.7794985282101609,True,False,tumor_core,0.0022872491918871133
GTCCGGCTGAATTGCG-1,9041,12411,-0.6056281260856508,-0.0824148177964695,0.2745944389517814,False,False,other,0.000908236405094375
GTCCTACAGGCGGCTC-1,7055,16482,-0.2437946804074975,-0.0824148177964695,-0.3441646176888838,False,False,other,0.008083202774140699
GTCCTACTCTACGGGC-1,14147,17640,0.2276677166756986,0.374023924961341,-0.1361870722511901,False,True,interface,0.022120513446640785
GTCCTAGGATACCTTA-1,16512,17648,-0.5438523694731031,-0.2791455895501271,-0.0910570069073055,False,False,other,0.004979002482470187
GTCCTATTGTTGTGGT-1,9220,17509,-0.5247269512524085,-0.2791455895501271,-0.6661516484035364,False,False,other,0.0023296262802124617
GTCCTTCTACAACCCA-1,7839,17617,-0.0443040124291769,0.3965328626278556,-0.909617847900866,False,True,interface,0.044521474426330594
GTCCTTCTAGTGGGTT-1,5505,8999,1.4808892932071962,-0.2791455895501271,-0.1648570205790462,True,False,interface,0.35330283813564867
GTCCTTTAATGACTTC-1,5120,6506,-0.3059113056819135,-0.2791455895501271,0.1333918438219052,False,False,interface,0.02054320691801543
GTCGAATTTGGGCGCT-1,17108,16404,-0.7093672489115936,0.5140044378877645,-0.6502437366783876,False,True,immune_core,0.047146411239329
GTCGCCGTTGTGTGTT-1,14753,13451,-0.5404683148062811,-0.2791455895501271,0.0863840604380781,False,False,other,0.0031563596769323666
GTCGCGTAACCCGTTG-1,11218,9813,-0.8751975240088844,-0.2791455895501271,-1.1984989631538856,False,False,other,0.00042548112246215675
GTCGGATATCTCAGAC-1,9823,14226,0.0520124441901716,-0.0824148177964695,-0.8991012700763902,False,False,interface,0.000555642449852351
GTCGGATGTAGCGCGC-1,6883,9571,-0.9861345197868546,-0.2791455895501271,-0.0865766436984728,False,False,other,0.020901534482094298
GTCGGGAACATGGTAG-1,11386,17857,-0.6537719417152231,-0.2791455895501271,-1.1409756590360511,False,False,other,0.0002052722392074225
GTCGTACCATCTCGGG-1,12593,11291,-0.6402191861944511,-0.2791455895501271,-0.3190394565139755,False,False,other,0.0018227783213757367
GTCGTACCTACGATTG-1,10797,17288,-0.4637819365764067,-0.2791455895501271,-0.7638709351904122,False,False,other,7.292226536786316e-05
GTCGTATTGGCGTACA-1,7284,7533,-0.810724870226176,-0.2791455895501271,-0.5789397417302761,False,False,other,0.0031682158250630043
GTCGTCAATTATAAGG-1,5687,13191,1.2920028783582662,-0.0824148177964695,-0.3123512132444715,True,False,interface,0.11356449461018862
GTCTACTCAATTACAA-1,10799,16835,-0.8732522215679782,-0.2791455895501271,-1.1328510175204387,False,False,other,0.00037235741250533206
GTCTATCTGAGTTTCT-1,11402,13552,-0.553137142966906,-0.0824148177964695,-0.2503499846930245,False,False,other,0.0010823947811372978
GTCTCCTGCCAGTATG-1,15135,16851,0.7236166328612004,-0.2791455895501271,0.3314306048695982,True,False,tumor_core,0.011108244900095656
GTCTCGATCTGCTTTC-1,7475,9233,1.4324861192288945,-0.2791455895501271,-0.5234639722077162,True,False,interface,0.130835524452553
GTCTCGCCAACACGCC-1,3530,10125,0.210424677524624,0.0414970752462367,1.0813104140571923,False,False,interface,0.02431148972167692
GTCTGGGCGGTCGAGA-1,12585,13330,-0.1082409930412795,-0.0824148177964695,-0.7023410895978435,False,False,other,0.015295742517083917
GTCTTAGTACAGCCGG-1,5898,9454,-0.6494329275711311,-0.0824148177964695,-0.1994396462044993,False,False,other,0.0037367318019326558
GTCTTCCTCACCTAAG-1,9414,18303,0.3686898148455806,-0.2791455895501271,0.1298663526327926,False,False,other,0.0149231087041805
GTGAAACGGCGCCACC-1,8267,8330,-0.5869055762293292,0.032665306417353,0.481299599519725,False,False,other,0.00712594877359574
GTGAAACGTGCTCCAC-1,5684,14098,1.2543369949645058,0.3533079712137169,0.2158987814626731,True,True,interface,0.06492599643380569
GTGAAGTCACGACTCG-1,13162,17523,0.4335662275845418,0.2589438007475185,-0.0864213861031157,False,True,interface,0.018986548583494908
GTGACTTCAGTAGTGC-1,12588,12650,-0.1235527052539768,1.0238610892671915,0.1340455829622398,False,True,interface,0.20968281873666786
GTGAGCGTGCTGCACT-1,10015,15473,-0.6402191861944511,-0.2791455895501271,-0.5253329214013206,False,False,other,0.0028876397292004756
GTGAGGACACTTAAGG-1,11613,9588,-0.9861345197868546,-0.2791455895501271,-1.269365971609124,False,False,other,5.20545006136927e-05
GTGAGGAGCGGTTGAG-1,6099,8435,0.1668377745195866,0.032665306417353,0.4178628473445072,False,False,interface,0.019043506153786086
GTGAGTCTAAGACGGA-1,8433,17053,0.3025496499298971,-0.2791455895501271,-0.6580270068879238,False,False,interface,0.006949399905017364
GTGAGTGGTACAACGC-1,13773,11975,-0.9861345197868546,0.0622130289938608,-0.335790494882597,False,False,other,0.003245072806272637
GTGATCAAGCGTGCAC-1,16324,15269,0.0254459842642937,0.0414970752462367,-0.4710643735525634,False,False,other,0.0060917607147455925
GTGATCATAGATCTGC-1,12394,11856,-0.5092932922684118,1.0095677222162365,0.2905912783975786,False,True,immune_core,0.12435320889307126
GTGATGCACAACATCT-1,5905,7415,-0.4317424502758126,-0.0824148177964695,-0.1412863112682859,False,False,interface,0.014246754646598475
GTGATTCGCCGCTCAA-1,12978,13784,-0.4477846370751095,-0.2791455895501271,-0.0094215106203227,False,False,other,0.003319741073300971
GTGCAAATCACCAATA-1,3502,17828,-0.1715410210000794,-0.2791455895501271,0.7942539833467178,False,False,other,0.02534184081465185
GTGCAACAAATGTGGC-1,6285,11268,0.5002587523609582,0.0414970752462367,0.7364199402119714,True,False,interface,0.0063744809704932084
GTGCACGAAAGTGACT-1,6880,10250,1.3229646560590875,0.032665306417353,-0.455763738578949,True,False,tumor_core,0.018508735004090268
GTGCCATCACACGGTG-1,11793,14460,-0.5630282309235992,-0.2791455895501271,0.6421202742135915,False,False,other,0.0015614422993852908
GTGCCGCTTCAAAGGT-1,12191,13328,-0.9861345197868546,0.0414970752462367,0.3068389797589557,False,False,other,0.006411829519248648
GTGCCTAGCTATGCTT-1,6067,17044,-0.4297971478349064,0.374023924961341,0.2262028807170524,False,True,interface,0.03813330849515415
GTGCCTCAGTGTACGG-1,5707,7754,-0.4086238401965229,-0.0824148177964695,0.0667464076475167,False,False,other,0.0016317552819370845
GTGCGAAATCGAACAC-1,12388,13442,-0.5741872747411857,-0.0824148177964695,0.14598773229966,False,False,other,0.00386242146440517
GTGCGCAGCTTGCTCC-1,4500,14547,0.7260443665161065,-0.2791455895501271,0.6570059713394266,True,False,interface,0.1359992301952806
GTGCGCTTACAAATGA-1,3519,13070,0.4627057942876383,0.4914536954286175,1.0177469942245505,False,True,interface,0.011555581163448446
GTGCGGGACCATCGGC-1,4700,13754,1.372591316066557,0.6620943940137588,0.1953752500315537,True,True,interface,0.013231184550409933
GTGCGGGTCTCCAAAT-1,7466,11952,1.6273217100431754,-0.0824148177964695,0.690956739322678,True,False,interface,0.016276862890599833
GTGCTCAAGTACTGTC-1,10223,12415,-0.6313893318639686,0.2290610102834133,0.7226465677996463,False,True,immune_core,0.0040128278420968905
GTGCTGCAGATAAGGA-1,10796,17515,-0.8732522215679782,-0.2791455895501271,-0.291293206853035,False,False,other,0.0001735970792490051
GTGGAACCTACATGCG-1,6490,9116,-0.4529021972468526,-0.2791455895501271,-0.482397156254732,False,False,interface,0.042728495031102876
GTGGACCAACCCGATT-1,12382,15028,0.0829080718231837,0.032665306417353,0.1323802911479991,False,False,interface,0.005185236125799245
GTGGACGTGCTGAGAC-1,6867,13875,1.1100499297060098,-0.2791455895501271,-0.6394270547387776,True,False,interface,0.011738784885138631
GTGGAGCGTTTACCGA-1,14939,16510,-0.3092645518443085,-0.0824148177964695,0.6448449419907973,False,False,interface,0.03992539797733697
GTGGAGTCGGCGGTTG-1,14160,14015,1.2433721231815995,-0.0824148177964695,0.0662119731357071,True,False,interface,0.04640451671801596
GTGGCAAACAGCGGCA-1,13364,16051,0.134550940590948,0.032665306417353,-0.1150609720140883,False,False,other,0.00473229927551239
GTGGCCGGTTTCTCGG-1,16908,17197,-0.1707515373932528,-0.2791455895501271,0.1381737670882368,False,False,other,0.002018264045969507
GTGGCCTAATATCATT-1,10400,18193,-0.8640384801912979,-0.2791455895501271,-0.7190404938902475,False,False,other,0.00034912324889177526
GTGGCGGGCCGTAGCT-1,3726,10466,-0.6056281260856508,-0.2791455895501271,0.0329030694069526,False,False,interface,0.028521487857011744
GTGGCGGTCCCAGCGT-1,11393,16044,0.3882213173526878,0.0414970752462367,-0.2371792821918975,False,False,other,0.0011226660107709091
GTGGCGTGCACCAGAG-1,3739,6841,-0.8640384801912979,-0.0824148177964695,0.2489081179466582,False,False,other,0.008086882605366018
GTGGGAAGACTGAATC-1,12377,16614,0.6014757669306964,-0.2791455895501271,0.0306860651154431,True,False,interface,0.020122343985409154
GTGGGCTTAGACACAC-1,9233,13884,-0.9861345197868546,-0.2791455895501271,-0.1721005944342351,False,False,other,0.0011503765728350579
GTGGGTACTGAGCGTA-1,13357,18090,0.7121719491044056,-0.0824148177964695,-0.500308056165606,True,False,interface,0.004208031418069369
GTGGGTCTTCTTTGCG-1,3902,16244,0.2898334934056977,0.5140044378877645,0.4611528196687362,False,True,interface,0.05244637418397746
GTGGTATAGTCTGCCG-1,14752,13677,-0.5961485559023748,0.0622130289938608,0.3593687466526219,False,False,other,0.006213173945461358
GTGGTCAGCGAAGTAT-1,5115,7865,-0.7623152257900078,-0.2791455895501271,-0.2520146784255945,False,False,other,0.0006655550376454285
GTGGTTTCCGCCTTTC-1,11792,14686,-0.2739879875747107,-0.0824148177964695,0.5527413982749207,False,False,interface,0.002190753537712642
GTGTACCTTGGCTACG-1,8657,9464,1.353074298874997,0.0622130289938608,-0.0720247421922396,True,False,interface,0.05372544258394286
GTGTATGACTTTAAAG-1,4503,13640,1.0352307733016806,0.3172736661341069,-0.1071753551752251,True,True,interface,0.056135322716153346
GTGTCCGATAAGGCAT-1,4329,7183,-0.8640384801912979,-0.0824148177964695,0.6635669362773953,False,False,interface,0.20623794599482026
GTGTGAATAACTTAGG-1,10039,8902,0.7625130839718929,0.2382278469998943,-0.5481922418141799,True,True,interface,0.006369151591591252
GTGTGAGCCGAGGTGC-1,3711,14544,0.4376899310257411,1.4716786163850015,1.1158308358921276,False,True,interface,1.1916923789884755
GTGTGTCGACGTCGCT-1,6458,17952,0.0584689523077185,-0.0824148177964695,0.1601503613016368,False,False,interface,0.0073315145607149405
GTGTTACTATGCGTCC-1,11613,9814,-0.8640384801912979,-0.2791455895501271,-0.8187912205523478,False,False,other,5.7537231610421686e-05
GTTAATGTCTATCTTA-1,9419,16943,-0.5961485559023748,-0.2791455895501271,-1.256488719475076,False,False,other,0.0007015864564879769
GTTACAATTGGTGACG-1,10807,14569,-0.3489311720942774,-0.2791455895501271,0.0981430980133925,False,False,other,0.002056958249833626
GTTACCTACAACTTGC-1,12792,10725,-0.7070855516803451,-0.2791455895501271,-0.895964990106842,False,False,other,0.0021225122985110744
GTTACGAAATCCACGC-1,4105,14545,0.0653801435655386,1.30476301427957,1.0616814949310571,False,True,interface,1.1378507987866422
GTTACGGCCCGACTGC-1,4108,13865,0.6033812080223208,2.184105515501365,1.3189821542456437,True,True,interface,0.4501458177353717
GTTACTTTGGGCCTAG-1,11997,12535,0.5711860241958696,0.2382278469998943,0.444399411187551,True,True,interface,0.026793990505209985
GTTAGAGTGTGCCGCT-1,4911,9790,-0.4949569591142762,0.8552469528189731,0.2656964368303234,False,True,immune_core,0.06359495890193276
GTTAGGCTACCCGTTT-1,14150,16734,1.2372774405565108,0.2165337983911238,-0.5832061714850896,True,True,interface,0.006120847196371134
GTTATATTATCTCCCT-1,12985,11972,-0.8732522215679782,0.0414970752462367,0.1316605163715181,False,False,other,0.004252728367143571
GTTATCACCTTCTGAA-1,4707,11715,1.3814456180667398,0.7106191060286428,0.7350965636756285,True,True,interface,0.22191435418703734
GTTATTAAATACGACC-1,4127,8655,-0.8732522215679782,-0.2791455895501271,0.4003499810158777,False,False,interface,0.008781668594385676
GTTATTAACGTGGGAG-1,7844,16258,-0.8751975240088844,-0.0824148177964695,-0.4019048927194,False,False,other,0.007391383254920909
GTTCAAATCAGATGTC-1,7837,18297,0.1266166265602042,-0.2791455895501271,0.3073560540252379,False,False,other,0.0010609230826638422
GTTCAATCTATGTCAA-1,4323,8769,-0.5964143847089706,-0.0824148177964695,-0.0784869254166139,False,False,other,0.0016409769532626163
GTTCACAGGAGTCTAG-1,9822,14452,0.0841314384723054,-0.2791455895501271,-0.7720538771677276,False,False,interface,0.003343491029339037
GTTCCAAGACAGCGAC-1,4300,15339,0.3195797715328018,0.3621397400426007,0.3604393064161693,False,True,interface,0.35849666992365053
GTTCCAGTCTGACCAT-1,6873,12289,0.3330104799904171,0.3533079712137169,0.4812783264532865,False,True,interface,0.15696507651339164
GTTCGCCATAAGTGCC-1,10815,12304,-0.7623152257900078,0.0414970752462367,0.5950563427214889,False,False,other,0.008612361242708868
GTTCGGTGTGGATTTA-1,4487,17945,-0.5753252037216772,0.4132645701447814,0.0428974035074257,False,True,immune_core,0.018989824607346346
GTTCGTTGCGGACCAG-1,3515,14203,1.302253518583811,2.40105928149529,0.8986222637235844,True,True,interface,1.0469204425392604
GTTCTTCCCTCGATGT-1,6478,12515,0.5085941546259111,0.114315953957188,1.029477516242431,True,True,interface,0.041539950735812826
GTTGAACCGGTTCCAT-1,11795,13780,-0.6525490788350086,-0.2791455895501271,-0.3012980684668597,False,False,interface,0.03303880196211294
GTTGCACGGAGTTTCG-1,8251,12861,0.1706521939832928,-0.2791455895501271,0.7472929998911686,False,False,interface,0.02786201087266542
GTTGGATTCAGTGGCT-1,6694,7418,-0.3677740227414557,0.2290610102834133,-0.3451658294040418,False,True,immune_core,0.011489237970054944
GTTGGATTGAGAACAC-1,9844,8335,-0.4559796823032899,-0.2791455895501271,-0.2998595016425939,False,False,other,0.00572819962036734
GTTGGATTTGCGTTGG-1,10617,12643,-0.7162992930570253,-0.2791455895501271,0.7511000532918697,False,False,other,0.0010220301950385237
GTTGTCGTGTTAGTTG-1,6476,12968,0.0372242714369552,-0.0824148177964695,-0.3667214861844962,False,False,interface,0.00840008713075121
GTTTACGTTCCATCTG-1,12988,11065,-0.6079098233168992,0.3172736661341069,-0.4825442961807332,False,True,immune_core,0.023252286942237493
GTTTATGGGATTTAGA-1,7840,17391,-0.1786080685182362,0.3828556937902247,-0.6303929992422813,False,True,immune_core,0.017266929926333885
GTTTCATATCGTCGCT-1,11199,15250,-0.6502673816037602,-0.2791455895501271,0.1388720303987549,False,False,other,0.0008475004306875928
GTTTCCTGGAGGGTGA-1,8448,12748,0.2067670086478912,-0.2791455895501271,0.5184553679690805,False,False,other,0.007336599692901897
GTTTCTGCAGTCTCCC-1,11414,10154,-0.87546335281548,-0.2791455895501271,-0.3736280304297309,False,False,other,8.189817584694366e-05
GTTTCTTGTTAGAGCT-1,17891,17993,-0.2609501148902488,-0.2791455895501271,-0.3517892914975234,False,False,other,0.009944561904894443
GTTTGACCAAATCCTA-1,9437,11732,-0.4874932573556529,0.114315953957188,-0.0377189335674944,False,True,immune_core,0.003162530760030176
GTTTGAGCGGTTATGT-1,3518,13523,0.5020818166623489,1.7211832057270724,0.7940148443410714,True,True,interface,0.10464431252982506
GTTTGGCCGCTCAGCG-1,5879,14665,0.228076331405032,-0.0824148177964695,0.7580006945284591,False,False,interface,0.006971993042616716
GTTTGTTAGCCAAGTA-1,13948,17979,0.0472718046136666,0.0622130289938608,0.1923428652274833,False,False,other,0.00802693737345574
TAAACCCAGGAGGGCA-1,14159,14242,1.527953296257513,-0.0824148177964695,-0.6703590093059688,True,False,tumor_core,0.02145281065900925
TAAACGTCGTCAATGA-1,7053,16935,-0.4855479549147468,0.0414970752462367,0.0243705108643334,False,False,interface,0.014471147981016905
TAAAGAGCCCGAAACC-1,5490,13077,1.555545649486143,0.2165337983911238,-0.254617165154035,True,True,interface,0.010672219765145652
TAAAGCGTTAGGAGAA-1,9056,8333,0.3731782060241638,-0.2791455895501271,0.1563748096144626,False,False,interface,0.03076207699727278
TAAAGCTGCAATAGGG-1,6891,7305,0.0292642658496724,-0.0824148177964695,0.5647933803652981,False,False,other,0.0032612420910906187
TAAAGGAGAAACTAGT-1,3531,9899,0.180891958782543,0.4556745725011761,1.1554825744917672,False,True,interface,0.009359014094714726
TAAATGAATCCGTTTC-1,8046,15012,-0.8291815912759019,-0.2791455895501271,0.1070142300699624,False,False,other,0.0020959751567678777
TAAATGCCGTCTCATG-1,5711,6621,0.1217662455241603,-0.2791455895501271,-0.5325016068158654,False,False,other,0.003419819922302475
TAACAAAGGGAGAAGC-1,7654,14331,-0.7645263570375098,0.032665306417353,0.2704903980367899,False,False,other,0.03890487308063298
TAACAATATTTGTTGC-1,9026,16489,-0.5030314988978152,-0.2791455895501271,-0.6305932712417278,False,False,other,0.007111290040604126
TAACATACAATGTGGG-1,11019,10379,-0.9861345197868546,-0.2791455895501271,-0.9180244039340816,False,False,other,0.00019428459694739586
TAACATACACGCGATC-1,14352,15488,-0.5710087127919866,0.1776491165135635,0.43203421923086,False,True,interface,0.022781328839366444
TAACCGCCCGCAGTGC-1,5295,12737,0.3274634680728456,2.5017306902157306,0.2966063761298029,False,True,interface,1.2099286950078592
TAACCGTCCAGTTCAT-1,3704,16583,-0.0401475787407689,-0.2791455895501271,-0.1914553224379,False,False,interface,0.0059771847928606755
TAACGCTTTGAGAGCG-1,8834,15015,-0.7162992930570253,-0.2791455895501271,-0.6553013141490165,False,False,other,0.0004586894927340324
TAACTATCGAAGGTCC-1,8245,14447,-0.4946911303076803,0.2382278469998943,0.0454579471813797,False,True,immune_core,0.009410317005783797
TAACTCATCCGCGCGG-1,11996,12761,-0.0342239984650415,-0.0824148177964695,0.5231207799176959,False,False,interface,0.0011369255622369204
TAACTCCATGGAGGCT-1,7257,15236,-0.6978425720072996,-0.0824148177964695,0.8920089244150622,False,False,other,0.016988856244639496
TAACTGAAATACGCCT-1,17498,17539,1.2124162081710794,0.2947229236749599,-0.5379293202922459,True,True,immune_core,0.07246203069848303
TAAGAGGGACAGGGAC-1,15926,16174,-0.5753252037216772,-0.2791455895501271,-0.6757180754285527,False,False,other,0.004304902724000103
TAAGATTTAGCGGGAG-1,4304,14206,1.1092509552733545,0.114315953957188,0.8733735466333137,True,True,interface,0.40820536675884306
TAAGCAGGCGACACGC-1,10407,16154,-0.6056281260856508,0.0414970752462367,-0.7023410895978435,False,False,other,0.0020704786127576326
TAAGCGCGAATCAAAT-1,16323,15495,0.3746173297863194,-0.2791455895501271,-0.5221595741308731,False,False,other,0.0073353717692057705
TAAGGAACTTGTGGGA-1,6671,13761,0.8511540542605446,-0.2791455895501271,0.0957059594055544,True,False,interface,0.07763025444285951
TAAGGCAACATAAGAT-1,8457,10256,-0.7182445954979316,0.2589438007475185,0.681555987667399,False,True,interface,0.07272055868505178
TAAGGCATAACATCAA-1,14756,12771,0.6423321095067047,0.4257917820370709,-0.5502584752569938,True,True,interface,0.027845028590581238
TAAGGGCTGGGAGAGG-1,10210,16266,-0.9861345197868546,0.0622130289938608,-1.12339544484277,False,False,other,0.001025309476137913
TAAGTAAATGTGCCGC-1,4526,7297,0.7775434813606085,0.4132645701447814,1.0687957045481686,True,True,interface,0.18143215433148754
TAAGTAACATCTTGAC-1,12584,13783,-0.2014437073302155,0.114315953957188,0.7060146907411509,False,True,interface,0.018053805819206833
TAAGTCGCCGAGTATC-1,14157,14695,-0.2260149252145705,-0.2791455895501271,0.3354366025600611,False,False,other,0.011459604494755788
TAATAAACAAGGAGAT-1,6889,7985,0.3024782567626683,0.114315953957188,0.0338380720443562,False,True,interface,0.01841024322919608
TAATACACAGTAGTAT-1,7469,11046,-0.2805056337649296,-0.2791455895501271,0.5031979928957474,False,False,interface,0.029287246729797604
TAATAGAACAGAGTTA-1,13371,14012,0.8557452949485759,-0.2791455895501271,0.0489291333962852,True,False,interface,0.00986463962184175
TAATAGGTCACCAGAA-1,15533,15946,0.2933009359809939,-0.2791455895501271,-0.0943295713911561,False,False,interface,0.003217319740983464
TAATAGTGACGACCAG-1,8856,8898,-0.1835111173357146,-0.0824148177964695,-0.3676989262152051,False,False,other,0.0055703046965378976
TAATATTGAAATTCGC-1,6871,12969,1.432984380251853,0.2618950201400714,0.2052573006963895,True,True,interface,0.03815661455039711
TAATCAGGAATGCTGC-1,3545,6047,0.6560701453574753,-0.2791455895501271,0.8205387033644255,True,False,other,0.08837641077337996
TAATCGATCCGTACGT-1,8466,7764,0.7804431830389065,0.2382278469998943,-0.1590823452809079,True,True,interface,0.09330222461124626
TAATGAAAGACCCTTG-1,8435,16373,-0.4744364033530157,-0.2791455895501271,-0.087395196758616,False,False,other,0.0033980920577121464
TAATTAGATGGATATG-1,5485,14663,1.5452023636581664,-0.2791455895501271,0.4099135114780293,True,False,interface,0.13613223848830325
TAATTGCGCTGATTAC-1,17497,17765,-0.1909381787416126,0.6153655884713237,-0.6436635645946547,False,True,interface,0.10620683104947926
TAATTTCCGTCCAGTA-1,11385,18310,-0.1707515373932528,-0.2791455895501271,-0.7938529087383367,False,False,other,0.0018918169613168958
TACAAATTGCGGAGGT-1,3731,9106,1.676098827870684,1.2645062867351966,0.7890619426289235,True,True,interface,0.18658315244724885
TACAACGCACAACTCA-1,11602,12760,0.1257606667288131,-0.2791455895501271,0.3014842624669379,False,False,interface,0.013022863862317033
TACAAGCTGTTCACTG-1,3719,12278,-0.2411005715600513,0.2165337983911238,0.3758178705389249,False,True,interface,0.02537862670949138
TACAAGTCTCGTGCAT-1,9622,15245,-0.6516440588186331,-0.2791455895501271,-0.4282300995201492,False,False,other,0.00014233373779696002
TACAATGAAACCAGCA-1,3716,13184,0.5989424143451606,-0.2791455895501271,-0.1040755064972687,True,False,interface,0.0771073995670003
TACATAGGCATACACC-1,11409,11513,-0.2617286609178998,-0.2791455895501271,-0.5205292420056373,False,False,other,0.04065258383056341
TACATCCCTATCCCTG-1,12179,16727,1.520815823757827,-0.2791455895501271,-0.052638947582284,True,False,interface,0.07502247644628217
TACATCTTGTTTCTTG-1,6853,17953,0.118777732783304,-0.0824148177964695,0.5725052370466586,False,False,interface,0.016367960982534197
TACATGACCTTATCCG-1,8036,17731,-0.3727275240375096,-0.2791455895501271,-0.3397471089862306,False,False,interface,0.03644538363171907
TACATTTCTAACGTGC-1,11210,12079,-0.0378469562357313,-0.0824148177964695,1.122407828732187,False,False,interface,0.019872070117887605
TACCAGAAGTAGGTTC-1,13180,12539,-0.548620290576313,0.2589438007475185,0.4425938124824187,False,True,other,0.03589049346996253
TACCAGCTAGGTTTAA-1,5695,10926,1.420779154166428,0.4556745725011761,-0.4645742522833695,True,True,interface,0.011684162161446124
TACCGATCCAACACTT-1,3698,18169,-0.1193073283839318,0.8120963602249813,0.4648077792774402,False,True,interface,0.031299162764864975
TACCGGCTCACTGCCC-1,12791,10951,-0.5027656700912194,0.7032184244708277,-0.0004717639923626,False,True,immune_core,0.005599839936801133
TACCGGTCGTTTCCAT-1,12187,14461,-0.7511561819724213,-0.0824148177964695,-0.3892593407174459,False,False,other,0.005984729368486631
TACCTATCCCTAGAGG-1,11386,18083,-0.483532086490094,-0.2791455895501271,-0.9433889174833394,False,False,other,0.0003166574072435751
TACCTCACGCTTGTAC-1,6677,11949,2.8944332153493257,-0.2791455895501271,-0.1125304034972439,True,False,interface,0.08842032898679815
TACCTGCTGCACTGTG-1,9029,15809,-0.459602339065652,-0.2791455895501271,0.0513435062278899,False,False,other,0.0038170630714396588
TACCTTAAGATTTCCC-1,13171,15031,-0.5753252037216772,-0.0824148177964695,0.4809976996712984,False,False,other,0.006478044448460236
TACGAACACGACTTCA-1,9633,12299,-0.5964849506927171,-0.2791455895501271,0.3567501022909267,False,False,other,0.002463657785856507
TACGACGCTTGCTGCG-1,12590,12197,-0.8751975240088844,-0.2791455895501271,0.5087738974670843,False,False,other,0.012793607126432
TACGACTGCCTCTTAG-1,12200,10836,-0.9861345197868546,-0.2791455895501271,-1.315829904009267,False,False,other,0.00026407901624487666
TACGAGAACTTCACGT-1,10415,13888,-0.3539828697789278,-0.2791455895501271,-0.3904699536881302,False,False,other,0.005884549862141562
TACGATGTTGATCATC-1,10414,14341,-0.1417731865860983,-0.2791455895501271,-0.4223468297391037,False,False,interface,0.005390795969357292
TACGCAGTTCTTTCCT-1,11603,12533,1.1711552545148225,-0.2791455895501271,0.6939044650921465,True,False,interface,0.04440384318372544
TACGCCATATTCTAAT-1,11409,11739,1.9831863499637927,-0.0824148177964695,-0.4645435310769735,True,False,interface,0.0604891012623513
TACGCCGAGGGTACCC-1,14552,14470,0.8123671438917281,0.8553630564317526,0.3091339485389719,True,True,interface,0.13009280555834182
TACGGGATGCTAGCAG-1,7674,8894,-0.5292821904164807,-0.2791455895501271,0.142285770631559,False,False,interface,0.3692150430107975
TACGTGCACTATGCTG-1,7653,14558,0.3422217750728213,0.4914536954286175,0.3047288461821513,False,True,immune_core,0.03899521792038755
TACGTTTACCGGCAAT-1,11398,14685,-0.6538551900661351,-0.2791455895501271,-0.2980315237498078,False,False,other,0.0008169658840333213
TACTATGGTTCCTCAG-1,14755,12998,0.2170113524418066,-0.2791455895501271,-0.1629402428394821,False,False,interface,0.022223392383898657
TACTCACAACGTAGTA-1,4290,18057,-0.1689437601551249,0.032665306417353,0.4877011667173453,False,False,interface,0.0036850909472772894
TACTCGGCACGCCGGG-1,10603,16494,-0.9861345197868546,-0.2791455895501271,-1.1409756590360511,False,False,other,0.001998615820346818
TACTCTCCGAACAAAT-1,7673,9121,1.3203778996484057,-0.2791455895501271,0.1868132288850785,True,False,interface,0.1864753507948355
TACTCTTTCGTCTTCA-1,14952,13112,-0.3723292619055279,-0.0824148177964695,-0.093077345829635,False,False,other,0.001725038799501747
TACTGAACAGATTTAG-1,14557,13337,-0.3806861564942748,-0.0824148177964695,0.2729031569654021,False,False,interface,0.00962443536840084
TACTGAGGGAAGAAAG-1,15329,17644,-0.8103035415361104,-0.0824148177964695,-0.3911304869368389,False,False,other,0.0006705698207967628
TACTGCAATCAATTAC-1,7879,6742,-0.414640935505679,-0.2791455895501271,-0.4381532350833936,False,False,interface,0.010348974017577839
TACTGGACAGCTCGGC-1,10410,15474,-0.8640384801912979,-0.2791455895501271,-0.5913962504608757,False,False,other,0.0010652216039414846
TACTTTCCGCACGCCA-1,12772,16162,0.2713929606466245,0.0414970752462367,0.2647789934818311,False,False,interface,0.016525951573531948
TAGAAACACAATAGTG-1,6654,18293,0.5227256294445793,1.2924157675965908,0.938501233361552,True,True,tumor_core,0.11006308892677957
TAGAAACCACTAAGTA-1,4518,9336,-0.3379855702776306,0.0414970752462367,0.3125568295610773,False,False,interface,0.006269338471334237
TAGAAAGGTGGCGCTA-1,9644,9128,0.464472183746173,0.2165337983911238,-0.1083600401466691,False,True,interface,0.04431824055800193
TAGAAATTCACGTATA-1,10601,17174,-0.7926168755413316,-0.2791455895501271,-1.1280984069020032,False,False,other,9.894909838817547e-05
TAGAACGCCAGTAACG-1,4489,17492,0.3561290887016146,0.114315953957188,0.395992053681781,False,True,immune_core,0.01801401190037302
TAGAATTAAGGGCAAC-1,5503,9679,-0.6152739741230694,-0.2791455895501271,0.2882172924863912,False,False,other,0.008235532737195328
TAGACTCAGTTGGCCT-1,17304,16745,-0.5638391930248231,-0.0824148177964695,-0.7970787424034421,False,False,other,0.0018539122179858818
TAGAGATCATGCAACT-1,12184,15367,-0.1479189499273433,-0.0824148177964695,0.1602988956196374,False,False,interface,0.007299501554081211
TAGAGCTACGAAGAAC-1,6085,12287,1.8354893487155264,1.1534549787689694,0.7190615175383833,True,True,interface,0.06710932274213459
TAGAGTCTAAGCGAAC-1,9239,12071,-0.9861345197868546,0.374023924961341,0.1550541210911078,False,True,immune_core,0.0022425658274328932
TAGATATGGACTGGAA-1,13180,12312,-0.9861345197868546,-0.2791455895501271,0.4479576765471412,False,False,interface,0.02648668569651939
TAGATCCGAAGTCGCA-1,5501,10132,0.3054345762432041,0.0622130289938608,-0.3100775483185596,False,False,interface,0.01409843076551459
TAGATTCCTGGTTATT-1,9816,16038,-0.7511561819724213,-0.2791455895501271,-0.2506981050614796,False,False,other,0.0001633706109382977
TAGCAACCTGTCACAA-1,7848,15352,0.8009311963981599,0.0414970752462367,-0.0724755695402143,True,False,tumor_core,0.02365002125816179
TAGCCAGAGGGTCCGG-1,4884,17267,-0.2674050527997341,0.0622130289938608,0.86846702006469,False,False,other,0.01522096076024113
TAGCCATGATTGCCTA-1,17892,17540,0.2284436924526176,-0.2791455895501271,-0.755672387473928,False,False,other,0.01726963089995442
TAGCCGGCGGTCAGCG-1,10040,8676,0.2915092277055964,-0.2791455895501271,-0.1962635127408274,False,False,interface,0.0015854238817914288
TAGCGTCGAATATTGA-1,10204,17852,-0.9861345197868546,-0.2791455895501271,-0.9508828072223824,False,False,other,0.005638192654874295
TAGCGTTGGGTCTTAC-1,11018,10605,-0.9861345197868546,-0.2791455895501271,-1.169859377242913,False,False,other,0.0003563923349566485
TAGCTAAGTCCGGGAG-1,9240,11845,-0.8732522215679782,-0.0824148177964695,0.4877785494368277,False,False,other,0.0018677320498348597
TAGCTAGAAGGCATGA-1,13574,12540,1.2914600949171244,0.5578924169351119,0.3441091140727316,True,True,interface,0.050609152731674545
TAGCTCGCCTGATAAC-1,13380,11747,-0.7645263570375098,-0.2791455895501271,-0.2346180157752212,False,False,other,0.002425826154899512
TAGCTGATGTGAAGCG-1,11783,17178,-0.1024316244903768,-0.2791455895501271,-0.4938354010254884,False,False,other,0.0017728400649083135
TAGGAACAGCCTCCAG-1,4522,8429,-0.5272744772902528,-0.2791455895501271,0.3368467634486617,False,False,other,0.0011138041766573213
TAGGCATGTTACGCCA-1,8069,8669,-0.3496657470653947,-0.0824148177964695,-0.5208230005609662,False,False,interface,0.015282392964574976
TAGGCGATGAGGTCTC-1,14346,17074,-0.2515887097880305,0.2947229236749599,-0.2747722775832542,False,True,interface,0.10290558460080852
TAGGCGGCTGCAAAGA-1,16318,16855,-0.2982215380560737,-0.2791455895501271,-0.2032837062968693,False,False,other,0.010347424183051138
TAGGGTGTTTCAAGAG-1,7859,12180,1.029303558848352,0.3172736661341069,-0.1782909841269398,True,True,interface,0.01810820867071179
TAGGTCCAAGTAAGGA-1,9226,15696,-0.9861345197868546,0.5932636343815132,-0.6526831799258906,False,True,immune_core,0.011830781000889025
TAGGTGAGCCCTACTC-1,9230,14564,-0.9861345197868546,-0.2791455895501271,-0.5094752940449194,False,False,other,0.003395878359808003
TAGGTTCGAGTTCGTC-1,10427,10716,-0.5964143847089706,-0.2791455895501271,0.3916765065177806,False,False,other,0.001159593636936905
TAGTACCACAACTTTC-1,15924,16853,-0.1231482832857375,0.032665306417353,0.1272589625814624,False,False,other,0.008377328081543919
TAGTACCTTAGTGGTC-1,7648,15917,-0.8751975240088844,-0.2791455895501271,-0.3600619684520946,False,False,other,0.0004655414767618649
TAGTAGCTTATACCAG-1,15542,13454,-0.2715697717781675,-0.2791455895501271,-1.1328510175204387,False,False,other,0.0025133599950166586
TAGTCCGCAGAGAATG-1,11209,12305,-0.8751975240088844,-0.2791455895501271,0.4317925443263685,False,False,other,0.10063297415515528
TAGTCCGTATGCATAA-1,6463,16819,0.1104812871080647,1.9177978738679504,0.0203708871229846,False,True,interface,0.25708467540576835
TAGTCGGGATTCTTCG-1,5868,17837,0.3078744567515549,0.114315953957188,0.236105367792301,False,True,interface,0.04304634577675757
TAGTCTAACAACGAGA-1,11399,14458,-0.5393303858257897,-0.2791455895501271,-0.3193991127319064,False,False,other,0.0028508231605328827
TAGTGAGAAGTGGTTG-1,4109,13639,0.535443855477431,0.77631723729754,0.7809319644573994,True,True,interface,0.19232471671572315
TAGTGCCCTCCAGAGT-1,9829,12413,-0.6962833143367424,-0.2791455895501271,0.01935514269724,False,False,other,0.0024369661101796883
TAGTGCTTGAATCCTT-1,5473,17835,0.3395191768938203,0.374023924961341,0.2463955863437226,False,True,interface,0.03177506679170435
TAGTGGAACTCATACA-1,4126,8881,-0.3029152393612948,-0.2791455895501271,-0.2905844862688539,False,False,interface,0.023269329708201236
TAGTGTCAGAAACGGC-1,7648,16144,-0.5961485559023748,-0.2791455895501271,-0.1542868089070026,False,False,other,0.002120367466390134
TAGTTAAGATAGGATA-1,5899,9001,-0.8072203101147128,-0.0824148177964695,-0.1075830440992827,False,False,interface,0.025531895404265637
TAGTTTATTCTTGCTT-1,6086,11834,-0.1833143389979263,0.0414970752462367,0.2486774227708475,False,False,interface,0.02094543320652684
TAGTTTGATCGGTCGC-1,16904,18330,-0.5273368879755745,0.3172736661341069,-0.7726677396488538,False,True,immune_core,0.006576741179236931
TATAAATCCACAAGCT-1,7461,13311,0.2449785440812489,0.2589438007475185,0.3381539831222787,False,True,interface,0.06392318014252217
TATAAGTGAGGATAGC-1,7656,13878,-0.4858137837213425,0.114315953957188,0.1997019803749243,False,True,interface,0.09326666827423287
TATACACAGACGCCTT-1,13380,11520,0.0297401508248834,-0.0824148177964695,0.0985743998249945,False,False,other,0.002461703861607692
TATACACGCAAAGTAT-1,7063,14216,0.2312480297053216,0.3172736661341069,0.153692605429232,False,True,interface,0.028484915961058982
TATACTCATGCGGCAA-1,7450,16256,-0.8732522215679782,-0.2791455895501271,0.1413661891393683,False,False,other,0.0035655052626666754
TATAGCGCACGTTATC-1,12767,17522,-0.0560558519326268,0.7339072349411453,0.9684196762343172,False,True,interface,0.049018816378126856
TATAGGGTACTCATGA-1,10605,16041,-0.8103035415361104,-0.2791455895501271,-0.4640996030287517,False,False,other,0.005707185946225851
TATAGTTAGGTGTACT-1,17697,16973,-0.3706497882712174,-0.2791455895501271,-0.4316291427528086,False,False,other,0.02244941430797227
TATATATCGAGAAATG-1,15338,15152,-0.0413221713119559,-0.0824148177964695,-0.1838463602875897,False,False,other,0.003845219548160071
TATATCATTGATCAGT-1,9416,17623,-0.2663505236267246,-0.2791455895501271,-0.4100552531004119,False,False,other,0.004860756815945833
TATATGCTGGGTTGCC-1,8037,17505,-0.6797345773224551,-0.2791455895501271,-0.3225281427554044,False,False,other,0.014625538025131191
TATATTCGCGTCGATA-1,5103,11264,1.411542957379375,-0.0824148177964695,-0.3487954329416176,True,False,tumor_core,0.00681829406966539
TATCAAAGGTCTGTAA-1,8628,17620,-0.8751975240088844,0.3828556937902247,-0.8612442363346788,False,True,immune_core,0.18410128972637677
TATCACAGCACGGGCA-1,4315,11034,-0.0323930012736458,-0.2791455895501271,-0.2866515528777597,False,False,interface,0.07670272426248252
TATCACCATGTAAAGT-1,5313,7526,-0.7623152257900078,-0.2791455895501271,-0.2953564570449482,False,False,other,0.052772023260887126
TATCACCCAACCGACC-1,8272,6970,0.3151142414941375,-0.2791455895501271,-0.272199892515935,False,False,other,0.021489202936941558
TATCACTTCGAGTAAC-1,6892,7079,-0.5984302531336233,-0.2791455895501271,-0.0050060087701792,False,False,other,0.03007190420232052
TATCAGTGGCGTAGTC-1,14148,17413,0.7828208701619105,0.0622130289938608,0.0866386473917841,True,False,interface,0.006340879906523845
TATCCATATCATGCGA-1,7070,12403,0.1787757374217379,0.032665306417353,0.9920098820738888,False,False,interface,0.1191535356707023
TATCCATCTCGGTTAG-1,15531,16399,0.0531046088756856,-0.0824148177964695,-0.7306475222382133,False,False,other,0.0009478036019584529
TATCCTGCATGGGAAT-1,6282,12174,1.8914541339320152,-0.0824148177964695,-0.2378917702687204,True,False,interface,0.05330638406751512
TATCGATCTATGCATA-1,7873,8328,-0.9861345197868546,-0.2791455895501271,-1.0509246373475087,False,False,other,0.014683679468309613
TATCGATGATTAAACG-1,8054,12747,1.2529472693571826,0.812953054075358,0.3338179858030047,True,True,interface,0.19886217112715454
TATCTACAGAGGTAAT-1,9424,15584,-0.8103035415361104,-0.2791455895501271,-0.2406818957234259,False,False,other,0.0014067021782188632
TATCTACCACAGCGGG-1,11804,11514,-0.8751975240088844,-0.2791455895501271,-1.1123360731250789,False,False,other,0.009741747785294226
TATCTAGCCTAAAGGA-1,10207,16946,-0.9861345197868546,-0.2791455895501271,-0.7643204087048625,False,False,other,0.0025076559273033983
TATCTGAGCCGATATT-1,16119,17420,0.5988468441218944,-0.2791455895501271,-0.9553927280627368,True,False,interface,0.04702912834019927
TATCTTGCAATACAAC-1,14545,16509,0.2508228685325494,0.2165337983911238,0.8193095838630052,False,True,interface,0.014424079762049768
TATGAAGACAGGTGCG-1,9225,15923,-0.5869055762293292,-0.0824148177964695,-0.5914828038825793,False,False,other,0.0022829795776862674
TATGACCTTGCGCTGG-1,12962,18315,-0.2348757458022963,-0.2791455895501271,-0.196625776526963,False,False,interface,0.011068391506798649
TATGATAAATCTAACG-1,4717,8997,-0.5867500763458592,0.4132645701447814,0.7172099892731836,False,True,immune_core,0.0023235610728190876
TATGATTCTGCTTGGT-1,4500,14320,1.1985992747196783,-0.2791455895501271,0.1064213221554065,True,False,interface,0.15013091384484953
TATGCTCCCTACTTAC-1,8453,11389,0.2708757797440522,-0.2791455895501271,-0.2088050196724525,False,False,interface,0.010034284508531824
TATGGAGTTTCTCGTT-1,4696,14661,0.7154506060424544,-0.2791455895501271,-0.0225687826837023,True,False,interface,0.09225129455841978
TATGGATGTGCTACGC-1,8647,12183,-0.7645263570375098,-0.2791455895501271,0.7499141855154808,False,False,other,0.0013128582592007469
TATGGCAGACTTTCGA-1,3706,15903,0.5102814742786153,0.6065338196424401,0.1814063550469357,True,True,interface,0.02093904676095918
TATGGCCCGGCCTCGC-1,9426,14904,-0.8751975240088844,-0.2791455895501271,-0.8347962441073536,False,False,other,0.0008530918979424393
TATGGGACCGAGCAGG-1,10619,11963,-0.6424303174419529,-0.2791455895501271,0.2197509855177815,False,False,other,0.00467113920016799
TATGGGTACGTATCGT-1,9832,11734,-0.08715346538985,0.2382278469998943,0.3712247297046854,False,True,interface,0.03514677421173757
TATGGTCTGAGTAACA-1,10620,11737,-0.6266988467472514,-0.2791455895501271,0.7641394880807187,False,False,other,0.002225875581084414
TATGTAGAAACCCGGC-1,15527,17532,-0.7531014844133275,0.0414970752462367,-0.9511739106854088,False,False,other,0.0013563193953510567
TATGTCAAGACCGACT-1,7480,7874,-0.5867500763458592,-0.2791455895501271,-0.6757180754285527,False,False,other,0.0006613604799508543
TATGTCTCATTGTGCC-1,9447,9014,-0.577536334969179,0.2382278469998943,-0.3135083010746957,False,True,interface,0.050235127091686815
TATTAACACCAAAGCA-1,14148,17187,1.693489686243567,0.374023924961341,0.1562602605799587,True,True,interface,0.08783231198255492
TATTAACCTGACCGCG-1,14754,13224,-0.7531014844133275,-0.2791455895501271,0.6152849708201655,False,False,interface,0.01578399596096322
TATTATGTTTGCCTGC-1,14743,16396,-0.4578605857665144,0.8029295235085002,0.5150933772451551,False,True,immune_core,0.027627594076672965
TATTCAATTCTAATCC-1,10232,9923,-0.7511561819724213,-0.2791455895501271,-0.6784836508215812,False,False,other,0.0035756066068319305
TATTCCACTCAGCTCG-1,13182,11859,-0.6502673816037602,-0.2791455895501271,-0.3831498089582517,False,False,other,0.001348822038012145
TATTCCGGCAGTCCTA-1,4509,11828,0.0252424351225251,-0.0824148177964695,0.7638330883781742,False,False,interface,0.1959001643744047
TATTCCTCCGCCCACT-1,12975,14690,0.0073902695436496,0.114315953957188,1.8587099180871904,False,True,interface,0.02281408451893453
TATTCGTGCCAGAATA-1,10228,11055,0.3423875653071323,0.8553630564317526,1.922065137123047,False,True,interface,0.26380267247741435
TATTTAGTCTAGATCG-1,7072,11724,1.4595952354415185,0.2589438007475185,0.2104291987042996,True,True,interface,0.0027852772043669405
TATTTATACCGAGTAG-1,6686,9457,-0.7162992930570253,-0.0824148177964695,0.2235610514570678,False,False,other,0.01526866856866574
TATTTGTTACCCTTTA-1,8250,13087,-0.5409728918472584,-0.2791455895501271,-0.6729554345431695,False,False,other,0.0032233471749387563
TCAAACAACCGCGTCG-1,8256,11502,-0.6535893612595395,0.2382278469998943,-0.3088218963071121,False,True,interface,0.02902394567165903
TCAAACTTAGATTGTT-1,9637,10940,-0.5753252037216772,0.6379163309304708,-0.3637931020769205,False,True,immune_core,0.014476249667839431
TCAAAGAGCTATCTGT-1,13161,17750,0.0373797713204252,-0.0824148177964695,0.694393599807137,False,False,other,0.005367980989954499
TCAACAAAGATAATTC-1,13959,15034,-0.1721631313382719,-0.2791455895501271,0.4834509374052743,False,False,other,0.001953260546283773
TCAACACATTGGGTAA-1,5683,14324,1.0415740733009724,-0.2791455895501271,0.402524102985051,True,False,interface,0.07309792651690424
TCAACATAGCGCCCTA-1,14951,13338,-0.1671928413879476,0.2947229236749599,0.0367048984793963,False,True,immune_core,0.013223438880126661
TCAACATCGACCGAGA-1,12180,16500,0.9375506829419924,0.5408719062508935,-0.1314524801481341,True,True,interface,0.06417658213911558
TCAACCATGTTCGGGC-1,8449,12522,-0.2660676750619919,-0.2791455895501271,0.992504781700058,False,False,other,0.03079941273862966
TCAACGAGGAGACAAA-1,11802,11967,0.2482880383057742,0.0622130289938608,0.5456130199888342,False,False,other,0.004406108604549075
TCAACGCAGGAAATAA-1,13171,14804,0.2047320688106077,-0.2791455895501271,0.1933830418483396,False,False,interface,0.00197863569207206
TCAACGCGACCGGCAG-1,11197,15703,0.0313716724651579,0.3172736661341069,-0.2205676888272607,False,True,other,0.058933250736325486
TCAACTAACGTATAAC-1,9619,16151,-0.6974212433172339,-0.0824148177964695,-0.4703260826176814,False,False,other,0.001423776006298872
TCAATACAATTGCTGC-1,9415,18076,0.8161888228196188,-0.2791455895501271,-0.4873214347926073,True,False,tumor_core,0.005804452660458784
TCACAGATCCTCAAAC-1,5675,16590,0.3214330196291274,-0.2791455895501271,0.3170658998444861,False,False,other,0.01757458546875113
TCACAGCAAACTCGAA-1,13573,12767,0.3293467395697577,0.2382278469998943,-0.2316481267526177,False,True,interface,0.04390569404421744
TCACAGGAGAATAAGA-1,14361,12770,0.0872387606349784,-0.2791455895501271,-0.3605812332189059,False,False,interface,0.00879664268905202
TCACAGGTTATTGGGC-1,9828,12867,-0.605362297279055,-0.2791455895501271,0.3233810446954401,False,False,other,0.0008464553795944862
TCACATCTTATCTGAT-1,9028,16036,-0.8751975240088844,-0.2791455895501271,-0.2817702579772464,False,False,other,0.0004899590775924333
TCACCCTCTTAAGATT-1,12394,11630,-0.4175001750368286,0.2382278469998943,-0.7515389327723673,False,True,immune_core,0.0010598105681654559
TCACCGCTCGGCACTC-1,9451,7881,0.9656543521341326,-0.2791455895501271,-0.4637815435477789,True,False,interface,0.028391528160148394
TCACGATGTCCGTGGA-1,13762,15146,-0.1256083366180088,-0.0824148177964695,0.5764354297522546,False,False,other,0.0008497075504111058
TCACGATTAATACGTT-1,18284,18221,-0.0896828120932183,-0.2791455895501271,-0.3774702607965884,False,False,other,0.0031132722522528872
TCACGCATTGTAGATC-1,10025,12754,-0.6535893612595395,-0.2791455895501271,0.3454405022772305,False,False,other,0.002077268960125611
TCACGGCCCAAGAGAG-1,16911,16291,-0.3171535978504116,1.111044976412575,-0.5272275975548968,False,True,interface,0.1081588571966122
TCACGGTCATCGCACA-1,8052,13200,-0.5350291482820616,-0.2791455895501271,-0.183901728124023,False,False,other,0.03945884988101569
TCACGTGCCCGATTCA-1,11016,11285,-0.6098551257578054,-0.2791455895501271,-0.3233491053548834,False,False,interface,0.009784034383711324
TCACTACGACCAATGC-1,6102,7529,-0.3662024334963596,0.032665306417353,0.2148082433306249,False,False,other,0.004508193561958622
TCACTATCGTGCAATC-1,4303,14433,1.0299927093870207,0.6099953418984391,1.0193106588834142,True,True,interface,0.45246207664424637
TCACTCAGCGCATTAG-1,3519,13297,1.3034567625679592,0.0622130289938608,0.4674184785940719,True,False,interface,0.18482534957442415
TCACTCGTGCAACGGC-1,6495,7757,0.5835801170094544,-0.0824148177964695,0.7117770779870961,True,False,interface,0.04348851502605613
TCACTCTTCGTCTGTC-1,7052,17388,-0.6076439945103036,-0.2791455895501271,0.330097397845308,False,False,other,0.04523468111813728
TCAGCAAATGCATCTC-1,9641,10034,0.0964692040797005,1.8424036162078792,0.0702402218493449,False,True,interface,0.39995000074154263
TCAGCAGTAGGCCCTG-1,15541,13680,-0.014959903954901,-0.2791455895501271,-0.9963360634317536,False,False,other,0.007368269840927509
TCAGCTTGAGCTTTCG-1,15722,18099,0.1650864883327719,-0.0824148177964695,-0.5114582593468773,False,False,other,0.035264528323725175
TCAGGGCGACTTCCTT-1,8233,17845,1.6255422489833316,-0.2791455895501271,-0.556025779866766,True,False,interface,0.2782213208992588
TCAGGGCGCAAACTCG-1,7843,16484,-0.6516440588186331,-0.2791455895501271,0.03661367381808,False,False,interface,0.0032750015337638713
TCAGGGTGCACGAAAC-1,4917,8204,-0.8751975240088844,-0.2791455895501271,-0.6481734854350091,False,False,other,0.0012918360667478607
TCAGGGTGTAACGTAA-1,9049,10145,-0.1235527052539768,0.8552469528189731,0.5321453564144228,False,True,immune_core,0.07065902927838884
TCAGGTTCTTTGAGAA-1,9431,13545,-0.9861345197868546,-0.2791455895501271,-0.9180244039340816,False,False,other,0.0009309253060005295
TCAGTACTGACCCGCG-1,8639,14448,-0.8732522215679782,-0.2791455895501271,-0.2413726985906736,False,False,other,0.0008440359776403402
TCAGTAGGGACTATAA-1,12587,12876,0.8516657357322553,0.2382278469998943,0.909655245028754,True,True,interface,0.17817004120149546
TCAGTGTATACGTCAT-1,14947,14244,0.2008002240361013,0.6881844671822751,0.3640004227841422,False,True,immune_core,0.07092898785085865
TCAGTTACGGAATGAT-1,4123,9787,0.4940879682609236,-0.0824148177964695,-0.0673047791443379,True,False,interface,0.019822770795248325
TCATACTTACAGATCC-1,7847,15578,-0.6797345773224551,-0.0824148177964695,-0.3206146471522508,False,False,other,0.016943714533889386
TCATCACTCGAGCTCG-1,6863,15008,0.2509143694921881,-0.2791455895501271,0.1473936544189191,False,False,interface,0.0436002502614948
TCATCCCAGAGGGTGG-1,5894,10360,0.0214425765048549,-0.0824148177964695,-0.0050060087701792,False,False,other,0.005746183959953612
TCATCGATGGTCCCAA-1,14748,15037,-0.2593367213258498,-0.2791455895501271,0.0725206164926036,False,False,other,0.0026704679109160576
TCATGCAGGTTCTCAT-1,7083,8779,-0.2271376008090995,-0.2791455895501271,-0.6973998323710621,False,False,interface,0.03761701556963435
TCCAACTTTAAATTCT-1,11401,13778,0.5816827247526477,-0.0824148177964695,-0.8815210558831088,True,False,interface,0.06250122031052717
TCCAATGCGTCGCCGC-1,16313,18214,-0.4467015419489281,-0.2791455895501271,-0.4630059378878029,False,False,interface,0.01362834378199131
TCCACAATGGTTTACG-1,9429,14224,-0.0590071681548677,-0.0824148177964695,-0.0443895389983546,False,False,other,0.0030999934292352104
TCCACTTTATCTAGGT-1,9643,9354,-0.6537719417152231,0.4132645701447814,-0.337550355516809,False,True,interface,0.0645064470601792
TCCAGAGCACCGGTTC-1,11413,10380,-0.9861345197868546,0.0622130289938608,-1.0529948885908875,False,False,other,0.001811007222610418
TCCAGGCGAGTACGGT-1,9634,11846,-0.8103035415361104,-0.2791455895501271,0.9647067367108672,False,False,other,0.006544053786468277
TCCATCAATACTAATC-1,16121,16741,-0.3723292619055279,-0.2791455895501271,-0.3384748658487074,False,False,other,0.011849708177577183
TCCATTAGTTGGATAG-1,4694,15340,0.7768208338657013,1.1895667864529678,0.063010919168978,True,True,interface,0.1508924608748429
TCCATTGTGACCTCGT-1,5109,9678,-0.87546335281548,-0.0824148177964695,-0.4550614222338533,False,False,other,0.028271904011683724
TCCCAAAGACGAAGGA-1,8650,11503,0.3042647601601834,-0.2791455895501271,-0.0783614944765378,False,False,interface,0.03638174688385837
TCCCACGGAGGGAGCT-1,3728,9786,0.738011883606465,0.3533079712137169,1.0507700166959797,True,True,interface,0.02251571237444377
TCCCAGCTTTAGTCTG-1,10225,11962,-0.3272005206470709,-0.2791455895501271,0.5028206011273335,False,False,interface,0.0221448433394151
TCCCAGGCTTAGCTAA-1,9433,12865,-0.8732522215679782,-0.2791455895501271,-0.0399421229929043,False,False,other,0.0033319388972125326
TCCCGCGTACTCCTGG-1,8851,10484,-0.0541174005080184,-0.0824148177964695,-0.2911524201870355,False,False,interface,0.002184525966052633
TCCCGGGTGTGCTGCT-1,10216,14454,-0.1926117416616801,-0.2791455895501271,-0.084337201631942,False,False,other,0.0008962326730050438
TCCCGGTCAGGAATTT-1,5092,14209,0.6955553891631282,0.4257917820370709,-0.3207662422317511,True,True,interface,0.033619580882943
TCCCGTCAGTCCCGCA-1,8065,9802,0.0906228153018004,-0.2791455895501271,0.1090500186467784,False,False,interface,0.05647541967271295
TCCCTCCGAAATCGTT-1,3905,15337,1.7658735945013786,0.3533079712137169,1.0157493311171764,True,True,interface,0.17930814870340692
TCCCTGGCGTATTAAC-1,14940,16283,0.0388420191206808,-0.2791455895501271,0.8239834213656215,False,False,interface,0.004825138022004241
TCCCTGGCTCGCTGGA-1,10016,15246,-0.6556323102564061,-0.2791455895501271,-0.4168726912052526,False,False,other,0.00016818686203392815
TCCCTTAGATTACTCG-1,7084,8552,0.188534742689968,-0.2791455895501271,-0.4878478197635477,False,False,interface,0.0210828942345607
TCCGAACTTGGCTTAC-1,10013,16152,-0.87546335281548,-0.2791455895501271,-0.7704371627704889,False,False,other,0.0004047510394424949
TCCGAGAAGGCTAAGC-1,4700,13528,1.337132195997352,-0.0824148177964695,-0.0508588567347402,True,False,interface,0.016941419221428458
TCCGATAATTGCCATA-1,7075,11044,1.1171976372156698,0.5138883342749851,-0.0563166572420269,True,True,interface,0.053860351332056335
TCCGATGACTGAGCTC-1,7868,9688,0.3590813648167565,-0.2791455895501271,-0.0954893368487857,False,False,interface,0.045401441929962816
TCCGATGGTGCGACAT-1,8450,12295,0.0839914098516547,-0.2791455895501271,0.6813259156727913,False,False,other,0.007513759457276749
TCCGATTACATTGCCG-1,9821,14679,-0.4375277949148727,-0.2791455895501271,0.0178474886546105,False,False,other,0.000919168722202285
TCCGCAGCCACCTAGC-1,6066,17497,-0.0582725931837502,-0.2791455895501271,-0.4473575241216891,False,False,other,0.004807424009615298
TCCGCGGCAGCATCTG-1,10237,8790,0.1272993079306565,-0.2791455895501271,-0.402967784191527,False,False,interface,0.001976962303643109
TCCGCTGGGTCGATCG-1,17692,18332,-0.6502673816037602,-0.0824148177964695,-0.2002050125577652,False,False,other,0.0035151201724201424
TCCGCTTATCCCATTA-1,13382,11067,-0.2573914188849436,-0.2791455895501271,-0.6114092580084238,False,False,interface,0.002272578474881169
TCCGGCCTGCATCGAT-1,3928,8994,0.5367309340773428,0.0414970752462367,0.8081243384414654,True,False,interface,0.05993903897877458
TCCGGTTCGTCCGGTC-1,13575,12314,0.1623351657878815,-0.2791455895501271,-0.3765696368745187,False,False,interface,0.0048128648665841925
TCCGTAACCACAATCC-1,7449,16483,-0.3169854155997766,-0.0824148177964695,0.1157749468458059,False,False,other,0.00968038492413863
TCCGTTTAGCCTTGAA-1,9253,8220,0.8617425474084089,0.7671504005810589,-0.6677434589412049,True,True,interface,0.0996568136735785
TCCTAGCAAAGAAGCT-1,11599,13666,-0.4402548447480295,-0.2791455895501271,-0.7307214284390853,False,False,interface,0.018310259376734375
TCCTCCTAAGACATTC-1,12773,15936,1.1466185194366303,0.032665306417353,-0.3506339354252694,True,False,interface,0.11683311558429386
TCCTCGGGCTGGGCTT-1,11416,9700,-0.87546335281548,-0.2791455895501271,-1.0619840090652004,False,False,other,0.0010178851788873392
TCCTCTACGAGATGGC-1,8638,14675,-0.5942032534614687,-0.2791455895501271,-0.3426740609794905,False,False,other,0.0005027764705605924
TCCTCTCCAGTTGTCC-1,9422,16037,-0.8732522215679782,-0.2791455895501271,-0.46901493301054,False,False,other,0.0022686872818441462
TCCTCTGGCCCATTAG-1,5508,8320,-0.4972386563455246,-0.2791455895501271,0.104920097555405,False,False,other,0.017294835615655386
TCCTGCCAACTGGAGA-1,5903,8095,-0.0146713408400384,-0.2791455895501271,0.0435626805875416,False,False,interface,0.012178712528196177
TCCTGCGTTGATACTC-1,11003,14910,-0.7531014844133275,-0.2791455895501271,-0.5317375183952511,False,False,other,0.00016134132520526694
TCCTTCAATCCCTACG-1,11582,18197,-0.6745103599961977,-0.2791455895501271,-0.892261247763485,False,False,other,0.002397832044634121
TCCTTCAGTGGTCGAA-1,6485,10476,1.0841469848484997,-0.2791455895501271,-0.3470595507017016,True,False,interface,0.04849573891753039
TCCTTTCTTACGCTTA-1,9439,11279,-0.4230206035729447,0.374023924961341,-0.2795251145511625,False,True,immune_core,0.005268182342955428
TCGAAATTTAGGACCA-1,9235,13204,-0.9861345197868546,0.0414970752462367,0.3408389551262122,False,False,other,0.0011171489116871714
TCGAATATCCCGCAGG-1,14946,14697,-0.5027656700912194,-0.0824148177964695,0.2349844221586032,False,False,other,0.008916253328769278
TCGACAACTGAACCCG-1,14742,16623,0.2913906061123107,0.032665306417353,0.806970264786024,False,False,interface,0.013198229442381684
TCGAGACCAACACCGT-1,10816,12077,-0.4509568948059465,0.374023924961341,1.0002802551823844,False,True,immune_core,0.010032363014940383
TCGAGCCAGGCAGGCC-1,14751,14130,0.2346826676945885,0.032665306417353,0.2839086085076044,False,False,other,0.009255311560584114
TCGAGTCTACGATTCG-1,14539,18094,0.547398358284705,-0.2791455895501271,-0.2073563264421258,True,False,other,0.020432517624946002
TCGATAGGCTAGTCGC-1,5097,12849,-0.1144321050873794,0.2382278469998943,0.4218054027232756,False,True,interface,0.9217267018214784
TCGATGTTACGGCCGT-1,18285,17995,-0.3673403624768511,-0.2791455895501271,-0.8049122804560281,False,False,other,0.000898753116558016
TCGCACTAACGTTTGT-1,6260,18291,-0.2591888768263986,-0.2791455895501271,0.1997124730745765,False,False,interface,0.0027120234408161835
TCGCATCCCTAAGTGT-1,6470,14780,-0.5738755612478804,-0.0824148177964695,0.2159974925767657,False,False,interface,0.2199125947531265
TCGCATTCAATGACTT-1,5290,14096,1.1652664928897671,0.4349586187535519,0.386878665084935,True,True,interface,0.043560970262352484
TCGCCCACTGCGAGAG-1,10597,18080,-0.5295480192230764,0.0414970752462367,-0.2412957582045523,False,False,other,0.00335830170836901
TCGCCGAAGTTGCGTC-1,12385,14122,-0.1445923690169788,-0.2791455895501271,0.7458122635078389,False,False,interface,0.010977445044941954
TCGCCGCACCGCGTGA-1,12570,17634,1.1127961736535477,-0.2791455895501271,0.3187435568171108,True,False,interface,0.07951520066419195
TCGCCGGAGAGTCTTA-1,4094,17717,0.3500644792797691,0.032665306417353,-0.0674329591674379,False,False,interface,0.02498780295594218
TCGCCGGATGGGCAAG-1,8627,17847,-0.3458292675788787,1.1618359533586584,0.5035777764167084,False,True,interface,0.6479549005123076
TCGCCGGTCGATCCGT-1,7271,11385,0.7765106086559914,-0.2791455895501271,0.2925271383993669,True,False,interface,0.03342899516979447
TCGCCTCGACCTGTTG-1,4491,17039,0.5447899894930007,-0.0824148177964695,0.5169990674830162,True,False,interface,0.0069945866531114865
TCGCGCGTTTACATGA-1,17300,17651,0.1814844258693358,-0.0824148177964695,-0.627929960928732,False,False,interface,0.035452782297039555
TCGCGTCCAGAAGGTC-1,9623,15018,-0.5638391930248231,0.0622130289938608,-0.2340424012000967,False,False,other,0.0008143556426026054
TCGCTAAACCGCTATC-1,7282,8213,-0.6996323745647358,-0.2791455895501271,-1.0701086505808128,False,False,other,0.003099133890433105
TCGCTCGATATATTCC-1,9242,11165,-0.5964849506927171,-0.2791455895501271,-0.0350087135979594,False,False,other,0.006706548854717492
TCGCTGGGCGGATTGT-1,9050,9918,-0.5312545734296009,-0.2791455895501271,0.0538990383663849,False,False,interface,0.16400622923123243
TCGCTGTGCGTAAATC-1,6868,13649,1.9160167056891508,0.0414970752462367,-0.0676332311668844,True,False,interface,0.07262602964370597
TCGCTTTAAACGTTTG-1,8464,8444,-0.8103035415361104,-0.2791455895501271,-0.2865394258873315,False,False,other,0.012107497542909795
TCGGAATGACCATCAA-1,4714,9676,0.0401096305780143,0.3172736661341069,0.7979508191888467,False,True,interface,0.030942214291257302
TCGGAATGCGCTCTGA-1,9425,15131,-0.5295480192230764,-0.2791455895501271,-1.0949489001506765,False,False,other,0.0010320435274085475
TCGGACGCCCAGCCCA-1,10037,9356,1.438038835224415,-0.2791455895501271,-0.6449944957567111,True,False,interface,0.11440420491805135
TCGGAGAGTATCGGGA-1,12380,15708,0.5911296072497129,0.2947229236749599,0.3833765101148459,True,True,interface,0.01246413919938546
TCGGAGTACATGAGTA-1,9838,9921,-0.8751975240088844,0.0622130289938608,-0.0861101914951167,False,False,other,0.18521984267075495
TCGGAGTCCTGGTTGC-1,17694,17879,-0.5314933216639826,0.636081542218948,-0.1307898784765648,False,True,immune_core,0.05407106402693201
TCGGATCTGGATGACC-1,16709,17762,-0.7926168755413316,0.2947229236749599,-0.4243577513743392,False,True,immune_core,0.005776974166548497
TCGGCGTACTGCACAA-1,13164,16843,0.4771283985433394,0.0622130289938608,1.889661732516778,True,False,interface,0.02927768058804653
TCGGCTAACTTCCCTT-1,4123,9561,-0.6098551257578054,0.0622130289938608,0.8173917705016179,False,False,interface,0.04064275184084867
TCGGGATTCAAACATA-1,11194,16610,-0.3949613515757385,-0.2791455895501271,-0.9433889174833394,False,False,other,0.002339180631487873
TCGGGCACTTCTGGAT-1,3914,13072,0.8001214430651004,0.2589438007475185,0.1519779715960696,True,True,interface,0.06570988380359816
TCGGGTGAAACTGCTA-1,5495,11945,-0.1545227545808576,0.9871330833698686,0.5393068474526459,False,True,interface,0.06078780357233552
TCGGTCCCGACAATAG-1,14745,15716,-0.0552423766269052,0.0414970752462367,1.0361347330913788,False,False,other,0.004413640585437269
TCGGTCCCTGACTCCA-1,5508,8093,-0.7185104243045272,-0.2791455895501271,0.8789026701705657,False,False,other,0.003195755180944008
TCGGTTAGCCATGTAG-1,4525,7523,-0.810724870226176,0.0622130289938608,0.957747988665742,False,False,interface,0.1867544924598865
TCGTAAGACGACATTG-1,8854,9578,1.0235843896677603,-0.0824148177964695,-0.1883257082909228,True,False,interface,0.016593260554671155
TCGTATAGTGCAATTA-1,5889,11946,-0.5635733642182273,-0.2791455895501271,-0.7821972185273945,False,False,interface,0.16249615684185745
TCGTATTACCCATTGC-1,10804,15476,-0.605362297279055,-0.0824148177964695,-0.4873214347926073,False,False,other,0.0017876938210133631
TCGTATTTCGTCCGGA-1,4519,9109,-0.5208736647760638,0.2947229236749599,0.1071680167523402,False,True,immune_core,0.00751527987664146
TCGTCAAGTACGCGCA-1,14554,14016,0.4762302999184213,-0.0824148177964695,-0.5912717441483208,False,False,interface,0.03132182568222055
TCGTCACACTGTTAGC-1,8830,16148,-0.87546335281548,-0.2791455895501271,-0.4556898323780771,False,False,other,0.00566958751565792
TCGTCCGCTGGCGTCT-1,7853,13766,-0.72052629272918,-0.2791455895501271,0.3566358121613983,False,False,other,0.007164982017996348
TCGTGTCACGCTGACA-1,11986,15706,0.3473749361290439,-0.2791455895501271,-0.7352896497411424,False,False,interface,0.007715328776460732
TCGTTAGGAGTCCCTA-1,13772,12201,-0.810724870226176,-0.2791455895501271,-0.6573379546496515,False,False,other,0.0029126454297184238
TCGTTCGTTATTATGT-1,5497,11265,1.0254781928766328,0.032665306417353,0.441181895353044,True,False,tumor_core,0.01427118458231619
TCGTTGACAGGGTCCC-1,9020,18075,-0.5247269512524085,0.0622130289938608,-0.4944694902057898,False,False,other,0.020433748124049318
TCGTTGCTATCCGGTC-1,14163,13109,0.1208359701047421,-0.2791455895501271,-0.472656184090232,False,False,interface,0.07465396823374461
TCGTTGGCTCGTCAAT-1,5287,14776,-0.0323930012736458,-0.0824148177964695,-0.5323410347385311,False,False,interface,0.11891906755267738
TCTAAAGAACAGTCTC-1,13754,17185,1.4191336106464962,-0.2791455895501271,-0.0814637237438328,True,False,interface,0.054223039945870834
TCTAACTGTATGTAAA-1,8827,17054,0.0192584373031699,-0.0824148177964695,-0.8672363825277705,False,False,other,0.007123739125148621
TCTAATACTGCCTCAG-1,14746,15490,0.1235363035063259,0.0414970752462367,0.4664216865816042,False,False,interface,0.0027313243093507085
TCTACACGTTCATGCA-1,4524,7750,-0.9861345197868546,-0.2791455895501271,-0.4648711908881627,False,False,other,0.03216063548856666
TCTACCGTCCACAAGC-1,8850,10711,1.0938834442651035,-0.2791455895501271,-0.5729741909223407,True,False,interface,0.039571106921224
TCTAGCAATCTCCGCC-1,12580,14916,-0.1611721629298648,-0.0824148177964695,0.3887093645166462,False,False,interface,0.016639472497546343
TCTAGCATCTTCGATG-1,8052,13427,-0.7093672489115936,-0.0824148177964695,1.0027535695326817,False,False,other,0.007178544508162463
TCTAGCATGCCCAGAA-1,12989,10839,-0.8751975240088844,-0.2791455895501271,-0.7880726432402236,False,False,other,0.005144320161133712
TCTAGTTATCAGAAGA-1,10224,12188,-0.6974212433172339,0.658632284678095,0.6537169981760871,False,True,immune_core,0.013844317599132723
TCTATCATGCAGTTAC-1,7065,13763,0.9561191555356228,0.2589438007475185,0.412947471079326,True,True,interface,0.031777630446706596
TCTATCGGTCGCAACA-1,7863,11047,-0.3263133291725454,-0.2791455895501271,0.623735122147831,False,False,other,0.023701656739643986
TCTATTACGCTGGCGA-1,6274,14440,0.2208535334785944,-0.0824148177964695,-0.0952953770471481,False,False,interface,0.03169975884198697
TCTATTACTAGAGGAT-1,11588,16611,0.2114927282796919,0.4349586187535519,-0.9963360634317536,False,True,interface,0.04233188080510298
TCTCCAACGTAGGTTA-1,7475,9460,1.1547002043371657,-0.2791455895501271,-0.922534324774436,True,False,interface,0.06130149312332772
TCTCGAACGAGGTCAC-1,5904,7641,-0.7533673132199233,-0.2791455895501271,-0.2486781240161916,False,False,other,0.0042698034906829925
TCTCGGCTCCAGGACT-1,6072,15685,-0.1016371883877652,-0.2791455895501271,-0.1355655094200438,False,False,interface,0.009937093267500648
TCTCGTGTTACGAGGA-1,12372,17747,0.781678424180119,0.0414970752462367,-0.1451616161327742,True,False,tumor_core,0.012763948599209733
TCTCTAATAGCTGGTA-1,7464,12405,1.2558924298152423,0.4257917820370709,0.1928157627993011,True,True,interface,0.026324175456572934
TCTGAACCGGTCGGCT-1,7655,14105,-0.6318106605540343,-0.2791455895501271,-0.3165915145514408,False,False,interface,0.04321948027302409
TCTGACTGTAATGGTT-1,4689,16700,0.1787816346132604,0.3828556937902247,0.5178116448278703,False,True,interface,0.01592699766388098
TCTGCAGATTCGAGTC-1,8430,17733,-0.5027656700912194,-0.2791455895501271,-0.5605357007071204,False,False,interface,0.141557961619429
TCTGCGTCCGGTTTCT-1,6467,15686,-0.5942032534614687,-0.2791455895501271,-0.0275181612626483,False,False,other,0.004543155486823023
TCTGGCGCAAGCCGGG-1,10205,17626,-0.8103035415361104,0.2382278469998943,-0.6275818405602769,False,True,immune_core,0.012536772780242086
TCTGGGTAGCGCTCAT-1,11400,14232,0.1061517461726615,-0.2791455895501271,-0.3149076352554086,False,False,other,0.005675666380406068
TCTGTCATACAAGAGC-1,5490,13304,1.547124392603133,0.5795864655438823,-0.0166720984659839,True,True,interface,0.00705373331516024
TCTGTGACTGACCGTT-1,4101,15678,0.2136343538782321,0.2382278469998943,-0.0206355055256338,False,True,interface,0.10232142611385664
TCTGTGCCATCATAGT-1,9841,9242,0.4770025085119487,0.4132645701447814,1.036524013706805,True,True,interface,0.08431916586040739
TCTGTGGCTACATTTC-1,4111,12959,-0.2337218037011514,0.9497272268979512,0.4627867295871667,False,True,interface,0.17271053482387352
TCTGTTACCCAGCATA-1,13567,14353,0.9507644486632264,0.0414970752462367,0.0437640286112173,True,False,interface,0.004524038351056756
TCTTAACTCGGATGTA-1,6655,18066,-0.6404850150010467,-0.2791455895501271,-0.4657422555764552,False,False,interface,0.06739769888000646
TCTTACAGAGGTACCG-1,6476,13194,-0.4578605857665144,-0.0824148177964695,0.3374215748406803,False,False,interface,0.02220580429804783
TCTTACCGGAACTCGT-1,7677,7988,-0.7533673132199233,-0.2791455895501271,-0.9130787520967673,False,False,other,0.0028145062042849345
TCTTACGGCATCCGAC-1,8440,15014,-0.2088925305565172,-0.0824148177964695,-0.535476745383064,False,False,other,0.0018294421208318223
TCTTATGGGTAGTACC-1,3522,12391,0.5808602001491892,-0.2791455895501271,0.4704966546157454,True,False,interface,0.06617179127330095
TCTTCGAATAGACGTT-1,11217,10266,-0.9861345197868546,-0.2791455895501271,-1.3444694899202396,False,False,other,0.00031216843024367476
TCTTCGATACCAATAA-1,9835,10828,-0.8751975240088844,-0.0824148177964695,-0.696950358856612,False,False,interface,0.03876140381262621
TCTTGATGCGTAGCGA-1,9836,10601,-0.4509568948059465,0.4914536954286175,-0.6060348582093693,False,True,immune_core,0.0984458672530135
TCTTGGTAACACCAAA-1,7666,10933,1.1575979044238989,-0.2791455895501271,0.8584458440331079,True,False,tumor_core,0.043880781892319476
TCTTTCATCCGTCCTT-1,16511,17875,-0.1464544231069733,-0.2791455895501271,0.0281415942454418,False,False,other,0.003674501062274786
TCTTTCGGCGGGACAC-1,4291,17831,-0.6962833143367424,-0.0824148177964695,0.0323478394525475,False,False,interface,0.057477236742837015
TCTTTCTCTTAAGGAG-1,4913,9337,-0.1272397609940206,0.032665306417353,0.3253880750966705,False,False,other,0.014829980614988122
TGAAACCTCAACTCAC-1,3512,15109,-0.5183889754054899,0.2382278469998943,0.9382504765807972,False,True,interface,0.1791906008756108
TGAAACTTATGCAAGC-1,5699,10020,-0.449078065939071,-0.2791455895501271,0.6175652141006241,False,False,other,0.03776756182946712
TGAAAGGACCTGACTC-1,10433,8904,0.4719886959768655,-0.2791455895501271,-0.7786340492514606,False,False,other,0.015525910328117978
TGAACACCCGAAGCAG-1,3901,16470,-0.3525791119918406,-0.0824148177964695,0.2774234760174328,False,False,other,0.02361312407602187
TGAACTGCTATGACTT-1,11188,18196,-0.3174359825862075,-0.2791455895501271,-0.6006145571174369,False,False,other,0.0018158502587076332
TGAAGAGCGGTCCTAG-1,7250,17049,0.9704361663863084,-0.2791455895501271,-0.1817705587124938,True,False,tumor_core,0.013597553162268296
TGAAGTAGCTTACGGA-1,6853,17727,0.5222255771324965,-0.0824148177964695,0.2917558052824969,True,False,interface,0.00928576693905046
TGAATTTCACTTGCCT-1,11781,17858,-0.4484432952480655,-0.2791455895501271,-0.8812018760457937,False,False,other,0.002773778618960692
TGACACTTCTCTTTGC-1,6696,6738,0.731005709667813,-0.2791455895501271,0.5321950597398267,True,False,interface,0.08276622548635666
TGACAGAAATCTTGCT-1,17695,17653,0.1596375384840543,0.2947229236749599,-0.2760221422301215,False,True,interface,0.03222045638707271
TGACAGGACAAGTCCA-1,14345,17301,0.4542568141900364,-0.2791455895501271,-0.551446284293614,False,False,interface,0.04127203407761165
TGACATATATGACGAT-1,10991,18082,-0.8751975240088844,-0.2791455895501271,-0.7941440122013631,False,False,other,0.001947284316979058
TGACCAGCTTCAAAGT-1,4920,7298,1.077753908141469,0.0414970752462367,0.4433545418135801,True,False,interface,0.1310965660899718
TGACCCAACTCACATT-1,3513,14883,0.0542235754376735,0.6946665897577049,1.191773025340421,False,True,interface,0.3491691636364549
TGACCCACGTTAGACA-1,10024,12981,-0.9861345197868546,-0.2791455895501271,-0.0849223418971392,False,False,other,0.0008065504057234446
TGACCCAGCATTCCCG-1,4135,6389,-0.577691834852649,-0.2791455895501271,-0.1955308561605851,False,False,other,0.0013681790582543167
TGACGAATATTTCCCT-1,12182,15820,0.6184078214826866,-0.0824148177964695,-0.2321734233844508,True,False,interface,0.00023913017551093285
TGACTATAATCCTTTC-1,12595,10611,-0.8640384801912979,-0.2791455895501271,-0.2780502198520809,False,False,other,9.929517164618529e-05
TGACTCCGAATCATAC-1,15728,16513,-0.3414200681742542,0.032665306417353,-0.5654813525444349,False,False,other,0.005703956373734001
TGAGAATGCTTTACCG-1,7071,12177,1.2906940263624946,0.9478924381864282,1.1899329082257335,True,True,interface,0.3098284125606827
TGAGACGTACCTCTCA-1,11190,17743,-0.4854773889310002,0.0622130289938608,-0.6514993886898354,False,False,other,0.0008672205642260247
TGAGATCAAATACTCA-1,4906,11150,0.9979632202033673,-0.2791455895501271,-0.0158657715996119,True,False,interface,0.04278564874478771
TGAGATTAGGCCCTAA-1,6693,7644,-0.0514621224418252,-0.2791455895501271,-0.8188777739740514,False,False,interface,0.02136016334386887
TGAGCAGTCGTGAAGT-1,4502,13867,0.6207855386139877,-0.2791455895501271,-0.63183532910506,True,False,interface,0.5814055898707516
TGAGCCATACAGTCTC-1,11795,14006,0.4762904961373057,0.2382278469998943,0.4883474102809573,True,True,immune_core,0.041139673815049814
TGAGCTTTAATGACGC-1,7280,8666,0.3420674858322401,-0.2791455895501271,-0.2268955161341821,False,False,other,0.006971611519645889
TGAGGCATGTACTGTG-1,14542,17415,0.1164688614551558,-0.0824148177964695,0.1788435886602431,False,False,interface,0.003611854599922014
TGAGGTTGATCCCAAG-1,3713,14091,0.7485994239910985,4.26283088882706,1.796738798660201,True,True,interface,1.1962899595284586
TGAGTAAATTAGCGTA-1,12788,11858,-0.7185809902882738,0.0622130289938608,0.367823597979413,False,False,other,0.0031343381347013074
TGAGTGCCTCTTAAAT-1,12387,13669,-0.2813400877975583,-0.2791455895501271,0.1794279386749409,False,False,interface,0.01587888104648934
TGAGTGGTCCGTGACG-1,9448,8787,-0.0420928811816751,-0.2791455895501271,0.7707310868372035,False,False,interface,0.03860356533010691
TGATACATTTAGCCGT-1,14359,13449,-0.2989623548146555,0.0622130289938608,0.1007349375258624,False,False,interface,0.02331235125370502
TGATAGCGGGATTCTA-1,9024,16942,-0.8640384801912979,-0.0824148177964695,-0.5910481300924207,False,False,other,0.00901268028495093
TGATCAGGGAACTGCT-1,11789,15592,0.2866622231971338,0.4257917820370709,0.058914694807181,False,True,interface,0.04446686381274276
TGATCGGTTTGACCCT-1,9042,12184,-0.9861345197868546,-0.2791455895501271,0.1530022298314324,False,False,other,0.002617960016991669
TGATCTACGCTGATCT-1,6695,6965,0.0750996037485298,0.0414970752462367,0.1352896852661104,False,False,interface,0.00870513990413447
TGATCTCCGGCGCCAG-1,9040,12637,-0.8751975240088844,-0.2791455895501271,0.2361068237541184,False,False,other,0.00031786517357187895
TGATGGGACTAAGTCA-1,4490,17265,0.4459912714082683,0.114315953957188,0.4481565055255986,False,True,interface,0.011337935176939344
TGATTCAGGTCCCGCG-1,12965,17409,0.0501766443398094,0.2165337983911238,0.4255666775011212,False,True,interface,0.005996061478350366
TGATTCGTCTATCACT-1,9628,13659,-0.9861345197868546,-0.2791455895501271,-0.1966374062210836,False,False,other,0.0016393419297984786
TGATTCTGTCGCCGGT-1,12980,13331,-0.7533673132199233,-0.2791455895501271,-0.5635186182446718,False,False,other,0.005289807370430882
TGATTTATTAGCTGTG-1,11005,14457,-0.3725950907121236,-0.2791455895501271,-0.3639674280308292,False,False,other,0.0021564555706581265
TGATTTCCTCCTGACG-1,6668,14441,0.2106479022257898,0.032665306417353,-0.5689197025014701,False,False,interface,0.030513620324308714
TGCAAACCCACATCAA-1,3510,15563,0.9831847583773716,1.7202104082639162,1.176295815301062,True,True,interface,0.20082432356478003
TGCAAGAATGACGTAA-1,9438,11506,-0.6075734285265569,-0.2791455895501271,0.3664012994222343,False,False,other,0.00407921200149688
TGCAATTTGGGCACGG-1,6303,6510,-0.276369872091645,-0.0824148177964695,-0.4034055062838811,False,False,interface,0.010047546386777064
TGCACAGTGAAGTTAT-1,5907,6962,0.1174084365462087,-0.2791455895501271,-1.1131116787850546,False,False,interface,0.15743007922479638
TGCACGAGTCGGCAGC-1,4710,10809,2.1988548715751683,0.3172736661341069,-0.5048947727431798,True,True,interface,0.08752910417960554
TGCACTATGTGAGTGC-1,6857,16821,0.0722725113339154,0.1776491165135635,0.1582054049579166,False,True,immune_core,0.02980054412433494
TGCAGAACTATATCGT-1,11788,15819,1.2668178673204176,0.2382278469998943,-0.0458165071177259,True,True,interface,0.04269428673675469
TGCAGAGTACCGAGCA-1,11009,13097,-0.2708718363108334,-0.0824148177964695,-0.4887039173539879,False,False,other,0.0015671490012644982
TGCAGATCGTCCTAGG-1,11786,16272,-0.3346536977626802,-0.2791455895501271,-0.449112874911803,False,False,interface,0.020391469667067313
TGCAGCTACGTACTTC-1,11786,16499,0.2771343325190197,0.4132645701447814,-0.7500810167621915,False,True,interface,0.021433943619595015
TGCAGGATCGGCAAAG-1,8261,9916,0.193867362909348,-0.2791455895501271,-0.3622786251232727,False,False,interface,0.051860806023063
TGCAGTGGTAGGGAAC-1,16912,16064,-0.3987776251805071,-0.2791455895501271,-0.581098832437953,False,False,other,0.0067841700205355845
TGCATATGTCTGTCAC-1,10434,8677,0.190499149318117,-0.2791455895501271,-0.2519122587144182,False,False,other,0.0007546584036853568
TGCATGAGTAGATTCG-1,3900,16923,-0.1896749420024605,0.2947229236749599,-0.0545244189071696,False,True,immune_core,0.0069897249419599876
TGCATGGATCGGATCT-1,7273,10705,0.1411571949560386,0.2165337983911238,-0.6136810590192717,False,True,interface,0.02788864233797987
TGCATGGCAGTCTTGC-1,3741,6388,-0.6424303174419529,-0.0824148177964695,-0.1585486538340288,False,False,other,0.0011036273002676565
TGCATGTGGTAATCTA-1,9250,9126,-0.9861345197868546,-0.2791455895501271,0.1215257190527718,False,False,other,0.035319608761866926
TGCCAAAGTCAGACTT-1,11984,16159,0.3805178308422732,0.0414970752462367,-0.3338111285289961,False,False,interface,0.0038997600265773375
TGCCAATGGGTACTCT-1,14166,12429,-0.810724870226176,-0.2791455895501271,-0.1026522294134042,False,False,other,0.00307941430904348
TGCCACACTAGAGGAA-1,11977,17972,0.0419168863247096,-0.2791455895501271,-0.5364595561766653,False,False,other,0.004124953295251836
TGCCACCTGGCGAAAC-1,7474,9686,-0.3290391732224852,-0.2791455895501271,0.0878270068977125,False,False,interface,0.04747092061784211
TGCCATGGCTTATAAG-1,4328,7409,-0.3400198990279761,0.7032184244708277,0.6390649491910609,False,True,interface,0.3807211596873518
TGCCATTACTAAAGAA-1,7675,8441,-0.5612916669869789,-0.2791455895501271,-1.1874395914361942,False,False,other,0.006069188520627519
TGCCGATGTCATCAAT-1,3901,16697,-0.5273368879755745,0.032665306417353,0.3550064673364335,False,False,other,0.0035224112583326027
TGCCGTTCTTAATCGG-1,14736,18208,-0.3914426295429,-0.0824148177964695,0.4200952187502208,False,False,interface,0.0011925701087364972
TGCCTGACATCGGTCA-1,6662,16027,-0.8640384801912979,0.0622130289938608,-0.204998396269215,False,False,other,0.0037662891089348545
TGCCTGATCAAACGAT-1,7471,10366,0.6091550933393902,-0.2791455895501271,0.2334730499573976,True,False,interface,0.05020672568505422
TGCCTTGCCCTTACGG-1,3505,17148,-0.062791754955031,-0.2791455895501271,-0.038225280990175,False,False,other,0.000794669312830641
TGCGAATATGGGATTT-1,12376,16841,-0.1191154993324057,-0.0824148177964695,0.0662957923131199,False,False,interface,0.002276910765825971
TGCGACACCCTAGTGC-1,12586,13103,-0.5393303858257897,-0.2791455895501271,0.3040101614761378,False,False,interface,0.011010058247439142
TGCGACGGCCGAACGT-1,15340,14699,-0.3723292619055279,-0.2791455895501271,0.2822461319279082,False,False,other,0.0033665443230877375
TGCGAGAAACGTTACG-1,4293,17151,0.8836030586483734,0.3533079712137169,0.058940694966244,True,True,interface,0.012466192685587607
TGCGAGAATATTACCC-1,13372,13786,0.3784909269664782,0.032665306417353,0.3134384006307491,False,False,interface,0.0189403659190791
TGCGAGCCCTTCCGCG-1,5908,6735,-0.3613026514133274,0.2947229236749599,-0.9553927280627368,False,True,interface,0.24387190595004873
TGCGATGCTAATGGCT-1,7644,17050,1.1751402253581862,-0.2791455895501271,-0.4616088008748945,True,False,interface,0.11312764156875348
TGCGCAAAGCATTTGG-1,9638,10714,-0.9861345197868546,-0.2791455895501271,-0.5299848146833062,False,False,interface,0.1447687638474523
TGCGCGATTAACGGAG-1,8839,13656,-0.8751975240088844,-0.2791455895501271,0.3058147899384833,False,False,other,4.84476077297862e-05
TGCGGAGTAAAGGTGC-1,7866,10367,-0.5888508786702354,-0.0824148177964695,-0.1788375367846728,False,False,other,0.030749947129971564
TGCGGCATAGTTCAAC-1,5888,12173,1.9028971436270228,0.2290610102834133,-0.5345001592806341,True,True,interface,0.0709923582476351
TGCGGGTATTGGGATC-1,3727,10239,0.2734048832442822,0.374023924961341,1.0776078842362964,False,True,interface,0.027468100795038537
TGCGGTCTACGAGTAA-1,3539,7633,0.4178999257209641,-0.0824148177964695,0.9592582576394536,False,False,interface,0.0462842222353815
TGCGGTGAAATTTCAT-1,5893,10813,1.3202540885896918,-0.0824148177964695,-0.5873544141297591,True,False,interface,0.0063701488925238066
TGCGTAAGAACCTGAT-1,11994,13441,-0.6404850150010467,0.2165337983911238,0.180398874206664,False,True,immune_core,0.012904001170712118
TGCGTCATGACTGAGC-1,13956,15940,0.2133833567645855,-0.0824148177964695,0.5345364442565916,False,False,interface,0.00751900981408677
TGCGTGATTGGGTGTC-1,5676,16363,-0.3486653432876817,0.2589438007475185,-0.2206225140961245,False,True,interface,0.010326208735366786
TGCGTTTGTTGACACT-1,11810,9702,-0.9861345197868546,-0.2791455895501271,-1.0955829893309776,False,False,other,0.00023895023403814594
TGCTATACAAACGGAC-1,4509,12054,-0.2110330106135035,0.7515176297386505,0.4411716059613671,False,True,interface,0.08329446844142548
TGCTGGTTGGACAATT-1,7657,13652,0.0517345648002535,0.114315953957188,0.2106782231289924,False,True,immune_core,0.01277383869791445
TGCTGTTGAAGAACTC-1,11018,10832,-0.8751975240088844,-0.2791455895501271,-1.12339544484277,False,False,other,0.0019669644598666104
TGCTTAGAGAGAATGC-1,15732,15380,-0.8751975240088844,-0.2791455895501271,-0.2351976440633443,False,False,other,0.006985491637076994
TGCTTGAAACCATGCA-1,5282,16362,-0.5314933216639826,-0.2791455895501271,-0.2032837062968693,False,False,other,0.021947494935100172
TGGAAACGGAGTGAAC-1,4690,16473,0.5042622479425121,-0.2791455895501271,1.4723945855793197,True,False,other,0.023393872064344273
TGGAAGAAGGGAACGT-1,11202,14344,-0.7645263570375098,-0.2791455895501271,-0.7445498613229118,False,False,other,0.0004978410199397055
TGGAAGACGAACACCA-1,6279,13080,-0.0668388832237529,0.2947229236749599,-0.314093804676661,False,True,immune_core,0.007218958682117902
TGGAAGGATAAAGATG-1,7471,10592,0.747671108103715,-0.0824148177964695,-0.6811383765204849,True,False,interface,0.00826451446351186
TGGAATTAGACGCTTT-1,8633,16261,-0.8640384801912979,0.032665306417353,-0.3644238538534901,False,False,other,0.022536174617504266
TGGACACCGTTGCTTG-1,7447,17163,0.5563878693388121,-0.2791455895501271,-0.2138149968231066,True,False,interface,0.021796239520300284
TGGACCACGGCGTTGA-1,4888,16134,0.8513999069256596,-0.2791455895501271,-0.0120227749054745,True,False,interface,0.06099118877692817
TGGACGCAATCCAGCC-1,14941,16057,0.1846480557426204,-0.2791455895501271,0.5740266489141137,False,False,interface,0.005342226474935441
TGGACGTAGGCGAATC-1,5277,17495,-0.5039035990717109,0.7378914811718436,0.2379502970693108,False,True,interface,0.07129806905374235
TGGACTGTTCGCTCAA-1,10823,10038,-0.8732522215679782,-0.2791455895501271,-0.5112808744615936,False,False,other,0.00034774704352702885
TGGAGCTAAAGTTCCC-1,4711,10582,0.2892221718706523,0.2382278469998943,0.0492391320542361,False,True,interface,0.08391104549922161
TGGAGTGATGCGATGA-1,9233,13657,-0.9861345197868546,-0.2791455895501271,-0.3683236529186374,False,False,other,0.0006362502785710563
TGGATAGAGTAACAGA-1,5477,16702,-0.087170485147987,0.5371764631874877,-0.2074711787222347,False,True,immune_core,0.02425941729722561
TGGCAACTCGCGCGCC-1,7872,8555,-0.6797345773224551,0.5138883342749851,-0.922534324774436,False,True,immune_core,0.022845472031423605
TGGCACGAGCTCGAGT-1,4527,7070,-0.2636304779472734,-0.2791455895501271,0.4757096971996338,False,False,interface,0.20025397532294098
TGGCAGATTACGATCA-1,12197,11742,-0.8640384801912979,0.0622130289938608,-0.4067775371810579,False,False,other,0.0414624220882772
TGGCAGCAGTAATAGT-1,11213,11399,-0.2072151762350613,0.032665306417353,-0.1269392950186572,False,False,interface,0.05187544937480928
TGGCATGAAGTTTGGG-1,14543,16962,0.2891089088810621,0.636081542218948,-0.317862541520629,False,True,interface,0.038518370725566194
TGGCCAAACTGAAGTA-1,9051,9692,0.1462181224981707,0.4132645701447814,0.95616987392329,False,True,interface,0.06463465902510528
TGGCCAATTTGGTACT-1,13163,17070,-0.0646658749242003,0.374023924961341,0.4339647792949075,False,True,interface,0.13899573628790332
TGGCCGTATATTGACC-1,8641,13995,-0.9861345197868546,-0.2791455895501271,-0.5325016068158654,False,False,other,0.0001986689328363012
TGGCGACTGCTCCAAA-1,14361,12996,0.5578268150293461,-0.2791455895501271,-0.2186890124341224,True,False,interface,0.019443231349342206
TGGCGATCAAGTTATG-1,13575,12087,-0.7623152257900078,-0.2791455895501271,-0.3546284065128054,False,False,other,0.002296846637132338
TGGCGGTGTGCGATTG-1,4898,13415,0.8815118632486364,0.3828556937902247,0.5860154209502113,True,True,interface,0.0014891123798147618
TGGCTCTTGTCGCGTA-1,11784,16952,-0.1521880419492389,-0.2791455895501271,-0.4464950879098266,False,False,other,0.0074473007559049675
TGGCTTATGTATAATG-1,14342,18207,-0.5744531035477813,0.0622130289938608,-0.3602846375896552,False,False,interface,0.009622855601968877
TGGCTTTGGGTAGACA-1,7266,12517,0.9901258672610712,-0.2791455895501271,0.5072050361499321,True,False,interface,0.05054304832112657
TGGGAAATGCCTTTCC-1,8045,15239,-0.8751975240088844,-0.2791455895501271,-0.6013318961501362,False,False,other,0.003414112948648152
TGGGACCATTGGGAGT-1,4882,17720,-0.2271376008090995,-0.2791455895501271,0.3754943193829603,False,False,other,0.00391914860202269
TGGGATGCACTCATTC-1,5906,7188,1.654423229427733,-0.2791455895501271,0.5486656324570577,True,False,tumor_core,0.07646293830902987
TGGGCACAAACAGAAC-1,5096,13076,2.2287063644568232,0.2589438007475185,0.1488867972960832,True,True,interface,0.0839882012657016
TGGGCACGTTCTATGG-1,6487,10022,1.4765916740420415,-0.2791455895501271,0.4264992837166929,True,False,interface,0.04776790108867692
TGGGCCACAAGAGCGC-1,7078,10138,0.6269712891056797,-0.2791455895501271,-0.3823802647895152,True,False,tumor_core,0.05206718641457427
TGGGCCTTGCCTGCAT-1,5082,17154,0.1940487468649945,0.5795864655438823,1.6720434297682245,False,True,immune_core,0.009369162937476444
TGGGTAAGGTTCCCGC-1,6095,9341,-0.4598329687796346,-0.2791455895501271,-0.1285306552582615,False,False,other,0.0011980676580559302
TGGGTTCCCGGACGGA-1,7443,18295,0.2956375077640203,-0.0824148177964695,0.5690134605517749,False,False,interface,0.014932495296219594
TGGTAAGCAGGATTGA-1,11586,17064,-0.2651939215522323,-0.2791455895501271,-1.269365971609124,False,False,other,0.0030523704957897218
TGGTACCGGCACAGCC-1,3504,17375,0.2857353307383233,-0.2791455895501271,-0.183901728124023,False,False,other,0.0027332674426747985
TGGTATCGCATCCCAA-1,5105,10584,0.5578789523667534,-0.0824148177964695,0.2765463583602591,True,False,interface,0.0320095601255481
TGGTATCGGTCTGTAT-1,4904,11603,0.810601045816578,0.032665306417353,-0.3633602606163082,True,False,interface,0.025263919870637
TGGTCGTGCAAGGCAA-1,11585,17517,-0.6962833143367424,-0.2791455895501271,-0.9671926767579048,False,False,other,0.0008671014124771236
TGGTCGTTTGATAGAT-1,3938,6275,-0.8751975240088844,-0.2791455895501271,-0.2994817536676545,False,False,other,0.0244988101936745
TGGTCTAGCTTACATG-1,7642,17730,0.8740052865751341,-0.0824148177964695,-0.562786201066178,True,False,interface,0.040667890814965996
TGGTCTGTTGGGCGTA-1,10805,15022,0.2324220631195681,-0.2791455895501271,-0.617542759443716,False,False,other,0.001376290210759592
TGGTGATCGTATTTGT-1,8632,16487,0.3297851506787597,0.0414970752462367,-0.436952961810454,False,False,other,0.032702029001983296
TGGTGTGACAGACGAT-1,3896,18056,0.2245940182044741,0.4349586187535519,1.478334407397894,False,True,interface,0.010649364985712412
TGGTTAACTTACATTT-1,15330,17418,-0.3929666032937405,-0.2791455895501271,-0.9335936964921274,False,False,other,0.0047182101235736665
TGGTTATGCTTGCGGT-1,8429,18186,0.0927006070144135,-0.2791455895501271,0.0910306904445979,False,False,interface,0.05979960145599741
TGGTTCGTAGCAAAGG-1,8057,12067,1.142324531666644,0.9214711699783218,-0.4344203102904256,True,True,interface,0.06578115455924592
TGGTTGGAGGATCCTG-1,5706,7981,-0.428659218854415,-0.2791455895501271,0.0103089026533466,False,False,other,0.004189022003021771
TGTAACTTGTCAACCT-1,4105,14772,0.8524005291363476,1.06643408465625,1.27683081107034,True,True,interface,0.09171873793501062
TGTAAGACTGATAAGA-1,16510,18328,-0.6167858972905874,-0.2791455895501271,-0.7812275353277932,False,False,other,0.009914896968067959
TGTAATGACCACAATA-1,10602,16721,-0.7070855516803451,-0.0824148177964695,-1.269365971609124,False,False,other,0.001954717864464386
TGTACCCGACCCTAAT-1,16710,17536,-0.3725950907121236,0.5140044378877645,-0.0422810296039502,False,True,immune_core,0.009800364466898427
TGTACGAACAAATCCG-1,11014,11738,1.1239112263532791,-0.0824148177964695,0.2996329907568163,True,False,interface,0.03619054294120011
TGTACGCTATCAGCTT-1,3535,8766,1.1577882409352411,0.4349586187535519,0.7611450447454352,True,True,interface,0.035444240181276565
TGTACTGTGCCAAAGT-1,4504,13414,1.680548239514808,-0.2791455895501271,-0.1992755407939117,True,False,interface,0.038476393772201446
TGTAGGAGAAATTTCC-1,10237,8563,-0.2186338350577064,-0.2791455895501271,-0.6034384329721686,False,False,interface,0.0002860745722855019
TGTAGTGATCTATAAT-1,10413,14568,-0.8732522215679782,-0.0824148177964695,-0.2086262497026285,False,False,other,0.008051865050044073
TGTATAACAGATCCTG-1,9249,9353,-0.5427500120375297,-0.0824148177964695,0.4125886706583554,False,False,other,0.02023608901803387
TGTATCCTTATTCCAT-1,5492,12624,1.3630576259098297,0.3533079712137169,0.3354724970158805,True,True,interface,0.0961149927398799
TGTATTTACCTAATGC-1,5513,6734,0.212482950795466,-0.2791455895501271,-0.9130787520967673,False,False,interface,0.008442775223750715
TGTCCCGACATAGCAC-1,5692,11832,-0.0275142111523486,0.6733285044548145,1.0040746638591025,False,True,interface,0.10430268806336267
TGTCCGTGGCGCCTTT-1,9421,16263,0.0014688346784517,-0.0824148177964695,-0.3032771227370508,False,False,other,0.0020453448062119823
TGTCCTAAGTCACCGC-1,10214,14907,-0.5416120830570382,-0.2791455895501271,-0.4243577513743392,False,False,other,4.297480247264243e-05
TGTCGGCATGGTGGAA-1,5284,15682,0.3663816223073571,0.032665306417353,0.0309101087993387,False,False,interface,0.01591544701511038
TGTCGTTATCACATAT-1,15530,16625,0.0438908674990054,0.2382278469998943,-0.3849608131318995,False,True,interface,0.009895260193751457
TGTCTACAGTTTCTGT-1,5690,12285,0.6072656125188701,-0.0824148177964695,-0.0060286761903376,True,False,interface,0.01440831388252489
TGTGACTACGCCAGTC-1,7670,10027,-0.7533673132199233,-0.2791455895501271,0.3059379431589036,False,False,other,0.00698414354600509
TGTGATTCCAGCGCTT-1,3536,8539,0.1190434750275755,0.0414970752462367,0.1444517714163708,False,False,interface,0.02230055119079618
TGTGCCAGAGGCAAAG-1,14144,18320,0.0954609641440555,0.0622130289938608,0.1813809363667928,False,False,other,0.004629197451382286
TGTGCTTTACGTAAGA-1,10604,16268,-0.7185104243045272,-0.2791455895501271,-0.7014602796969663,False,False,other,0.0012303985052271394
TGTGGAGGAAGCTTAA-1,3918,11939,-0.4551744665670265,0.5825376849364352,-0.1365192256395063,False,True,interface,0.04974131994203965
TGTGGCAAAGCGTATG-1,9252,8447,1.4708808178531414,-0.2791455895501271,-0.5831471026327086,True,False,interface,0.0928876954916645
TGTGTCGAAGTCGAGG-1,11779,18311,-0.2783144758210063,-0.2791455895501271,-0.3282131146740412,False,False,other,0.0015979516819398167
TGTGTCGCGAGTTGCA-1,8246,14220,-0.4529021972468526,-0.2791455895501271,-0.4982714156649709,False,False,other,0.005058369502804569
TGTGTGACCATGAATC-1,12963,18089,-0.0157318607398838,-0.0824148177964695,0.4054828242128105,False,False,other,0.011359116166947583
TGTGTTCGTATCCAAG-1,9619,15924,-0.87546335281548,0.0622130289938608,-0.7727416458497257,False,False,other,0.0006006625172522713
TGTTCATAAATGTGCT-1,8629,17393,-0.9861345197868546,0.2589438007475185,-0.5407475907717466,False,True,interface,0.05843442509062718
TGTTCCGCTTCCATGA-1,10614,13322,-0.9861345197868546,-0.2791455895501271,-0.2986270035481209,False,False,other,0.0013992525509825963
TGTTCGTATTGCGGTG-1,13184,11406,0.4997509547242648,-0.2791455895501271,-1.0274915826494628,True,False,interface,0.02733910878326229
TGTTCTTCCATTGACT-1,10023,13434,-0.9861345197868546,-0.2791455895501271,-0.0829451511971463,False,False,other,0.00033932551530790303
TGTTGGCTGGCGGAAG-1,3700,17716,0.1872425550770122,-0.2791455895501271,-0.119310339313239,False,False,other,0.010034304409986991
TGTTGTCAAGAAGTCT-1,8265,9009,0.3015336665192274,-0.2791455895501271,-0.2154886200394885,False,False,interface,0.010435232468644728
TGTTTAATACTTCATC-1,5306,9565,-0.9861345197868546,-0.0824148177964695,-0.2921827083170395,False,False,other,0.00762905446786667
TGTTTCGGTACTTCTC-1,7071,11950,2.3259271713620833,0.2589438007475185,-0.0709316498523882,True,True,interface,0.10844997013642461
TGTTTCTGAAGCGTGC-1,15921,17533,2.008122015453012,0.0414970752462367,-0.5912717441483208,True,False,tumor_core,0.033609876074564386
TTAAACAGAGTCCCGC-1,5286,15229,0.2606713603705948,-0.0824148177964695,0.132675121160526,False,False,interface,0.009962502784202071
TTAAACCGGTAGCGAC-1,5099,12396,1.1645816411773569,0.5500387429673745,1.0949454577140736,True,True,interface,0.12277248536855896
TTAAACCTGGTTCCTT-1,8630,16940,0.9094447885664432,-0.2791455895501271,-0.7557462936747997,True,False,interface,0.02484383463801546
TTAACACCTCGAACAT-1,8240,15806,-0.4414773246226705,-0.0824148177964695,-0.2948886720732657,False,False,other,0.003936962375227914
TTAACCAACCCTCCCT-1,7268,12064,1.8314734544727729,0.5371764631874877,0.5846850724447374,True,True,interface,0.04094527248758542
TTAACGTCGCAAGACC-1,5494,12171,0.5115244450908218,0.3965328626278556,0.368984695402909,True,True,interface,0.0050137972481036144
TTAACGTTAAAGCCTG-1,10598,17854,-0.7531014844133275,-0.2791455895501271,-0.9553927280627368,False,False,other,0.00022120280653471061
TTAACTCACGCGTGGA-1,8237,16712,-0.005300473149871,-0.0824148177964695,0.2710321156835457,False,False,interface,0.006257530670043851
TTAACTTCAGGTAGGA-1,12578,15369,0.1783955050158077,0.0622130289938608,0.2740009524949238,False,False,other,0.0006937345658973205
TTAAGACGAACGAACC-1,4722,7411,0.6666394063537958,-0.2791455895501271,-0.2466364871754477,True,False,interface,0.10758939793409934
TTAAGCCGACAACTTC-1,6094,9568,-0.6402191861944511,0.2165337983911238,-0.6934703789385298,False,True,other,0.01360997469406903
TTAAGCGCCTGACCCA-1,9432,13318,-0.8072203101147128,-0.2791455895501271,-0.5171034966302607,False,False,other,0.00037520511057526686
TTAAGGATACGGAGGT-1,4896,13868,1.576732102352821,0.2290610102834133,0.0479678766702562,True,True,interface,0.026928363781430372
TTAAGGCCCGTACTTT-1,15140,15491,0.5518004672798004,-0.2791455895501271,0.2201488241811128,True,False,interface,0.005612502642946027
TTAATCAGTACGTCAG-1,7080,9685,-0.8751975240088844,-0.0824148177964695,-0.2000628340700956,False,False,other,0.032670405584311564
TTAATGCGAGGTAACT-1,4318,10354,-0.2093619085048815,-0.2791455895501271,0.244685194491252,False,False,other,0.022472968565695448
TTAATGTAGACCAGGT-1,9442,10600,0.4904989098034443,-0.0824148177964695,-0.5563705628314893,True,False,interface,0.5093426524006041
TTAATGTGTTTGCAGG-1,5868,17610,-0.4309409160856635,-0.2791455895501271,1.1679712660102388,False,False,interface,0.10964342177592933
TTAATTTCAGACGCGG-1,6880,10477,1.6538529811453186,-0.2791455895501271,-0.3040762968029535,True,False,interface,0.059955369916716884
TTACAACTACGCATCC-1,8252,12408,-0.0109178586438057,-0.2791455895501271,0.5302592137301606,False,False,interface,0.08943004939069303
TTACAGACCTAAATGA-1,8665,7425,1.0507382363297089,-0.0824148177964695,-0.1615936085878848,True,False,interface,0.008464735279771792
TTACATCGTGGCCTGG-1,7457,14217,-0.1776159839189497,0.2589438007475185,-0.2936711257526578,False,True,interface,0.01462073397381596
TTACCATTGATTACCC-1,10214,15134,-0.8751975240088844,-0.2791455895501271,-0.278387224607985,False,False,other,0.00017682231080232147
TTACCCATTGCCGGGT-1,6886,8665,1.110213473020591,0.2290610102834133,-1.0701086505808128,True,True,interface,0.044333291970739964
TTACCCTAACAGTCCT-1,8241,15580,-0.8751975240088844,-0.2791455895501271,-0.8094222012963825,False,False,other,0.0006470817520809166
TTACCGCCTTAGGGAA-1,5677,15910,-0.0797294434428036,0.7106191060286428,0.263997530726048,False,True,interface,0.20731334819521144
TTACGGTGTCACCGAG-1,4501,14093,1.104886597191311,0.0414970752462367,-0.2401140123939765,True,False,interface,0.17257092767070573
TTACGTAGCGCGTGCT-1,3936,6955,-0.2325260213931507,0.032665306417353,0.2260883316825485,False,False,other,0.007996388775623446
TTACTATCGGCTTCTC-1,10209,16493,-0.7207921215357759,-0.2791455895501271,-1.269365971609124,False,False,other,0.0005002792008205707
TTACTCCGGCCGGGAA-1,10234,9470,0.2658844218765133,-0.0824148177964695,0.1417763981839505,False,False,interface,0.009727143361044152
TTACTCTGGTACGTAC-1,11989,14800,-0.6244877154997496,0.032665306417353,1.5702877708549463,False,False,other,0.0028737102713107827
TTACTGGGATATTTCA-1,12195,12195,-0.5942032534614687,-0.2791455895501271,0.4448719293613296,False,False,other,0.016825510131564907
TTACTGTTTCTCTACG-1,3923,10580,-0.3288608552103897,-0.2791455895501271,0.4091714669997049,False,False,interface,0.004059744282742559
TTAGACACGATCGTTG-1,6689,8551,0.8034690925014255,-0.0824148177964695,-0.2737129926597538,True,False,interface,0.01488562739315425
TTAGAGGGATATACAG-1,13356,18317,0.5523988861619304,-0.2791455895501271,-0.4927351711391594,True,False,interface,0.021232324839942786
TTAGATAGGTCGATAC-1,6072,15912,-0.8072203101147128,-0.2791455895501271,-0.4902483867858672,False,False,interface,0.047603407791101136
TTAGCAACATGGATGT-1,7454,15124,-0.4946911303076803,0.2165337983911238,-0.0664554227499917,False,True,interface,0.16258741068474108
TTAGCATCCCTCACGT-1,17890,18220,-0.87546335281548,-0.2791455895501271,-0.6494741925096513,False,False,other,0.014984504775246045
TTAGCTAATACGATCT-1,7877,7195,-0.1054920286752268,-0.2791455895501271,0.7278230145342588,False,False,interface,0.006502228691730628
TTAGCTCTGTAATCCG-1,9617,16604,-0.9861345197868546,-0.2791455895501271,-1.0287762018521704,False,False,other,0.0004990875644812293
TTAGGTCATAACCGAC-1,14948,14018,0.1212913323411849,-0.0824148177964695,-0.2003261062118229,False,False,other,0.0038443215779639162
TTAGGTGTGACTGGTC-1,4095,17490,-0.0391864522574338,-0.0824148177964695,-0.5986308592957619,False,False,other,0.009981839609411477
TTAGTAGGGCGGCGGG-1,10213,15360,-0.8732522215679782,-0.2791455895501271,-0.5453111911137979,False,False,other,0.000406556727293496
TTATAGATGCACATTA-1,4508,12281,1.1207083449760706,0.0622130289938608,0.8039120019258119,True,False,interface,0.07113006536857701
TTATATACGCTGTCAC-1,11021,9926,-0.9861345197868546,-0.2791455895501271,-1.18292967059584,False,False,other,0.0007413714302423749
TTATATTTGGCAATCC-1,8652,11050,-0.1787720371916573,-0.2791455895501271,-0.5081976271504226,False,False,interface,0.031096286753023752
TTATCATACTCGCAAA-1,3905,15564,1.0775302560875943,-0.2791455895501271,0.3242888101965235,True,False,interface,0.03677748265347989
TTATCCAATCGAACTC-1,6076,14552,0.0318593427843091,-0.2791455895501271,0.8753777619905091,False,False,interface,0.05152026634086188
TTATCCTCAAGGAATA-1,13757,16279,-0.113602243942235,0.1776491165135635,0.4425649841263575,False,True,interface,0.004116478344600426
TTATCGCCTGCGAAGC-1,8829,16375,-0.123059843071224,-0.2791455895501271,-0.4390709463419448,False,False,other,0.006822176215279661
TTATCTGACATTAGGA-1,12571,17408,0.3787696583420263,0.2290610102834133,0.3326196799174279,False,True,interface,0.026233034734406514
TTATCTGTATCATAAC-1,7861,11500,0.239791949865329,-0.2791455895501271,0.5427721142680821,False,False,interface,0.02929612637252774
TTATGAATGAAAGGGA-1,11608,11174,-0.4506910659993507,-0.2791455895501271,-0.9340431700065778,False,False,other,0.008117978325306136
TTATGACAAACTGGAT-1,8837,14336,-0.6962833143367424,-0.2791455895501271,0.0516129597623976,False,False,other,0.0004649192742964522
TTATGCGTCCCGGTCC-1,4899,13189,0.4613623119895098,0.5795864655438823,0.5543474598264096,False,True,interface,0.06402640495432475
TTATGTTTGCGATAGA-1,8634,16034,-0.8732522215679782,-0.0824148177964695,-0.3397471089862306,False,False,other,0.001357418880200604
TTATTAGAGCGTGTTC-1,12596,10384,-0.9861345197868546,-0.2791455895501271,-0.6690796028831166,False,False,other,0.00035807931487777937
TTATTAGGGAAGCATC-1,6481,11608,0.8822956342561327,-0.2791455895501271,-0.5840472146052393,True,False,tumor_core,0.024858001853024374
TTATTTCATCCCAAAC-1,3705,16130,0.4623965039263667,0.3533079712137169,0.3793109844608479,False,True,interface,0.009084445133376022
TTCAAAGTCTCTAGCC-1,10430,9810,-0.4484432952480655,0.5138883342749851,0.1392972629537599,False,True,immune_core,0.007938972088562004
TTCAACGACCCGACCG-1,7462,12858,1.2302074804223593,-0.0824148177964695,-0.4748054306210144,True,False,tumor_core,0.008054720108462726
TTCAAGCCGAGCTGAG-1,6094,9794,-0.5384959317931609,-0.2791455895501271,-0.283552717265093,False,False,interface,0.03356365410056935
TTCAATTAGCCATAAT-1,4912,9564,-0.6098551257578054,-0.2791455895501271,0.2235610514570678,False,False,other,0.013126727121205715
TTCACGAAAGGATCAC-1,11013,12191,-0.5690634103510804,0.2382278469998943,0.7541596408539032,False,True,immune_core,0.013602053918050866
TTCAGAGTAACCTGAC-1,4692,15793,1.203288391364291,1.5270572623790373,-0.2756092719726318,True,True,interface,0.7803833626413471
TTCAGGCGTCAAAGCC-1,11391,16497,-0.4533526647085367,-0.2791455895501271,-0.6150239786836821,False,False,interface,0.01185272166924351
TTCAGTTTGTGGCAGC-1,8825,17507,-0.6290601423768647,-0.2791455895501271,-0.9671926767579048,False,False,interface,0.007678851012067373
TTCATAGCCTTGTAAC-1,4886,16587,-0.4578605857665144,0.4349586187535519,0.1240783435006852,False,True,interface,0.004613488659736846
TTCATAGGGTGTCCAT-1,6656,17839,1.0469238187459473,0.5795864655438823,0.310454381452454,True,True,interface,0.07228182348338415
TTCATGGCGCAACAGG-1,7276,9799,-0.6075734285265569,-0.2791455895501271,0.4759071009574262,False,False,other,0.011884032018797735
TTCCAATCAGAGCTAG-1,8073,7536,-0.3727893123255687,-0.2791455895501271,0.1422131773633128,False,False,interface,0.09684045650929139
TTCCAATCTGGCTATC-1,12980,13104,-0.7182445954979316,0.032665306417353,-0.564945325608281,False,False,other,0.002964759662256126
TTCCACACAGATTTGA-1,13375,13106,-0.6851242705191561,-0.0824148177964695,0.0239161162659755,False,False,other,0.009445561544417303
TTCCACATTTCTCGTC-1,3729,9559,0.4528699316195439,0.032665306417353,0.4120339780834329,False,False,interface,0.03859640120838938
TTCCATCATGCGGTGA-1,6103,7076,1.9363315722047552,-0.2791455895501271,-0.1396039763562803,True,False,interface,0.4217936771694941
TTCCCGACGCTTCACT-1,3734,8200,1.75467925188981,-0.2791455895501271,-0.2251989074510507,True,False,interface,0.21624946987369953
TTCCCGGCGCCAATAG-1,12572,16955,-0.4944253015010846,-0.2791455895501271,0.092661348738631,False,False,other,0.011209772726995568
TTCCGCAGAGAAATAT-1,7681,6855,-0.5705393348436223,-0.2791455895501271,-0.2415362909391397,False,False,other,0.011869773616348028
TTCCGCGTGAGGCGAT-1,12594,11064,-0.6886288306306193,-0.2791455895501271,-0.9340431700065778,False,False,other,0.0011714330398270739
TTCCGGCCTTGAGGCT-1,14162,13335,0.4197246625102769,0.9567242070153118,0.5430860747671427,False,True,interface,0.13441766835663613
TTCCTCGAGGGTGTCT-1,7660,12745,1.5717494703012396,0.0414970752462367,-0.3890240633238128,True,False,tumor_core,0.0049262239345580225
TTCCTCTGCCCGAATA-1,10405,16607,-0.5474687740226313,-0.2791455895501271,-0.8960515435285457,False,False,other,0.0008274791661458743
TTCCTTTCTGTGTTGC-1,5679,15457,0.3204212197549778,-0.2791455895501271,0.1148731294729036,False,False,interface,0.09274561246160255
TTCGACGGGAAGGGCG-1,8249,13314,-0.8732522215679782,-0.2791455895501271,0.0281036413545906,False,False,other,0.0057342945066490335
TTCGCACTCGCGTGCT-1,8447,13201,-0.1585920897979533,-0.2791455895501271,0.4364192242113116,False,False,other,0.0030625482346700746
TTCGCATCCGGAAGCA-1,5677,16137,0.5056729066556515,-0.2791455895501271,-0.0554182770274662,True,False,other,0.03824196571374932
TTCGCCGCTCGCGCTA-1,14739,17302,0.6768481766247577,-0.2791455895501271,-0.3573910473981883,True,False,interface,0.05587590436212689
TTCGCTATCTGACGTG-1,7484,6967,-0.7185809902882738,0.3828556937902247,-0.1701182059052835,False,True,immune_core,0.010631663537400667
TTCGGACTGATGCCTT-1,4921,7072,1.409345874281756,0.0622130289938608,0.2917020335000822,True,False,interface,0.028460645480621317
TTCGGACTGGGCATGG-1,16906,17650,-0.4957795859606532,-0.0824148177964695,-0.1517919978230665,False,False,other,0.00326414231681941
TTCGGCAACCCGCTGA-1,6690,8324,-0.0368603858544149,-0.0824148177964695,-0.7594500360181567,False,False,interface,0.1737141575862272
TTCGGCTAGAGATGGT-1,7058,15575,-0.87546335281548,-0.2791455895501271,-0.4629268166797349,False,False,other,0.0011225382178682581
TTCGGGACTAATCGCG-1,10626,10151,-0.8751975240088844,-0.2791455895501271,-0.2500460332636229,False,False,other,0.00026445573992640723
TTCGGGCGCTAGTCTT-1,14357,14129,0.8990199599493367,0.0622130289938608,0.0603262022850318,True,False,interface,0.012426205298888498
TTCGTAATCCCAGCGG-1,5901,8548,-0.418611023445106,0.6065338196424401,0.5070734056158414,False,True,immune_core,0.026835745101010177
TTCGTACTCCAGAACG-1,9229,15017,-0.9861345197868546,-0.0824148177964695,-0.9997080943289304,False,False,other,0.00012932699972900667
TTCTACCTTTATGTTG-1,4718,8770,-0.4099366689980935,0.0414970752462367,-0.0538007239352901,False,False,other,0.002281472177712163
TTCTACTTGCGAGGGC-1,7850,14672,-0.3489311720942774,-0.0824148177964695,0.0843432692095727,False,False,other,0.00243163896270091
TTCTAGGCCAATTGTG-1,7855,13313,-0.1821764100174349,0.0622130289938608,0.115278494058519,False,False,other,0.012040586824646758
TTCTCTTACAGGTGAT-1,15724,17419,-0.7026362951754516,-0.2791455895501271,-1.1747467286185245,False,False,interface,0.1336316791584069
TTCTGCGAGCGCCCTT-1,10012,16379,-0.8291815912759019,-0.0824148177964695,-1.087688864774094,False,False,other,0.00021217417565113893
TTCTGTTTCCTGTCGC-1,7448,16936,0.022041121044159,-0.2791455895501271,-0.4628814315752481,False,False,other,0.01875709345641015
TTCTTAGTGAACGGTG-1,7062,14443,-0.4378716876184456,0.0414970752462367,0.0557084497906217,False,False,interface,0.01824373721497717
TTCTTAGTGGCTCAGA-1,6876,11383,0.7590822106706325,-0.2791455895501271,0.8680029362693837,True,False,interface,0.014465843891800098
TTCTTCCCTTTGATAT-1,3923,10353,0.6224199971297415,0.6553565636473866,0.5899413578959735,True,True,interface,0.08052397138366012
TTCTTCGCAATAGAGC-1,3732,8653,0.7915622585541318,-0.2791455895501271,-0.2078022017970821,True,False,interface,0.034276990784431964
TTCTTGAGCCGCGCTA-1,12781,13670,-0.0611651525349116,0.0414970752462367,-0.0832932715656014,False,False,other,0.0023674043713591913
TTCTTGGACGATCTGC-1,13763,14693,-0.2573502242509841,-0.2791455895501271,0.6486010952009514,False,False,other,0.006917230481162017
TTCTTGGAGTAATGAG-1,7672,9347,1.4124326468711033,-0.2791455895501271,-0.6758033505677828,True,False,interface,0.005947784079202112
TTCTTGTAACCTAATG-1,8048,14333,-0.4484432952480655,-0.2791455895501271,-0.0384896181435627,False,False,other,0.006930805051753167
TTCTTGTGTCCATCAG-1,9417,17396,-0.87546335281548,-0.2791455895501271,-0.5541000395886642,False,False,other,0.0010954916654659851
TTGAAAGGTGTAAAGG-1,6105,6623,0.1398839710245433,-0.2791455895501271,-0.3079800847962841,False,False,interface,0.02736214191083806
TTGAACGAATCCTTTG-1,7254,15916,-0.3910213008528344,-0.2791455895501271,0.0113499882354745,False,False,other,0.0004496700869905523
TTGAAGAATTCCCAGG-1,9828,12640,-0.7603699233491016,0.2589438007475185,0.2793099592851039,False,True,immune_core,0.001646960312272347
TTGAAGGATGGGCGCC-1,15726,16966,-0.0034136977834846,-0.2791455895501271,-0.473077834067767,False,False,interface,0.017424419147767774
TTGAATATGGACTTTC-1,10233,9696,-0.4413762477299087,-0.2791455895501271,0.0705893804244354,False,False,other,0.010855423871085493
TTGAATCGTTGTATAA-1,12966,17183,0.2978197405465592,-0.0824148177964695,-0.2060813492046319,False,False,interface,0.024782040439200126
TTGACATGAACGTGGA-1,12186,14688,-0.6974212433172339,-0.0824148177964695,0.6989310057907483,False,False,other,0.007427509590101932
TTGACCATGTTCTCCG-1,8263,9462,0.0858042789671748,0.3172736661341069,-0.3891973229877766,False,True,interface,0.09099756384863628
TTGACCGTGTTAATGA-1,13370,14465,0.9471670506790698,-0.2791455895501271,0.2155611401223891,True,False,interface,0.017523966401488806
TTGACGATTCAGCACG-1,5295,12510,1.0441873564135078,0.4257917820370709,0.1891261333029434,True,True,interface,0.014399608789016855
TTGACTACCATATGGT-1,11993,13667,-0.7531014844133275,-0.2791455895501271,-0.3904205813580379,False,False,interface,0.009605311320336887
TTGAGAGTACTGCTAA-1,12189,14008,1.2440047669588377,0.5704196288274013,0.2936201211885197,True,True,interface,0.06516062444004649
TTGAGGCATTTAACTC-1,4918,7978,-0.7182445954979316,-0.0824148177964695,-0.7962142634447418,False,False,other,0.0005180532706055272
TTGATCTAACTTTGTC-1,9236,12978,-0.5616280617773212,-0.2791455895501271,0.3077391284844736,False,False,other,0.0009360602347812382
TTGATGTGTAGTCCCG-1,8268,8103,-0.8291815912759019,-0.0824148177964695,-0.4899595693654355,False,False,other,0.08504117403867269
TTGATTAGCTGTTTCT-1,12976,14464,-0.5043369783450989,-0.0824148177964695,0.2444458682533854,False,False,interface,0.04812640345568994
TTGATTATGCAGATGA-1,8836,14562,-0.9861345197868546,-0.2791455895501271,-0.4168726912052526,False,False,other,0.0011707822418481307
TTGCACAATTCAGAAA-1,11999,11855,-0.0362669474619083,-0.0824148177964695,-0.2179672733457934,False,False,other,0.0017640104176864235
TTGCACGGAGCAGCAC-1,7664,11613,1.168393701918302,0.0414970752462367,0.1650310893330366,True,False,interface,0.009625481622522884
TTGCAGGTCATGAAGT-1,3544,6274,-0.6816798797633614,-0.2791455895501271,0.393467172928721,False,False,interface,0.017783019481717767
TTGCATGCTGATCACG-1,11596,14346,-0.8640384801912979,-0.2791455895501271,-0.6646937323933606,False,False,other,0.022396161637092172
TTGCCATAGCCCGCTC-1,14154,15601,0.1975073568373919,-0.2791455895501271,0.8206876128834454,False,False,interface,0.028319596241142136
TTGCCCTGATCACGGG-1,10610,14455,0.0594380094394328,0.0414970752462367,0.1554245897123585,False,False,other,0.010565979238087641
TTGCCGCAGACCTACA-1,15729,16286,-0.2405065032615381,-0.2791455895501271,-0.5634447120437999,False,False,other,0.0012178577885413012
TTGCCGGTGATCCCTC-1,5708,7301,0.5026653322343337,-0.2791455895501271,0.1817010752577184,True,False,interface,0.0647977656312551
TTGCGCTCTCTCGCTT-1,7839,17844,0.4103086727343442,-0.2791455895501271,-0.7525879494168206,False,False,interface,0.017578724079487622
TTGCGGCATCAGAAAG-1,13966,13221,-0.5753252037216772,-0.2791455895501271,0.2436883816896471,False,False,other,0.053916671072831344
TTGCGGCGACTCATGC-1,3922,10806,0.1177983164726418,-0.2791455895501271,-0.25754247806902,False,False,other,0.009431813186061677
TTGCGTAGTTTGAGGA-1,8436,16147,-0.8732522215679782,-0.2791455895501271,-0.3445800011149923,False,False,other,0.005303155784357402
TTGCGTCGGCCAACCG-1,13570,13673,0.4729958313646198,0.458625791893729,-0.6430667140739456,False,True,immune_core,0.07047820165926814
TTGCGTGAACGCTTAG-1,6299,7416,-0.7182445954979316,-0.2791455895501271,-0.1847874617455638,False,False,other,0.020696314008175388
TTGCTAGCTACCAATC-1,4104,14998,1.163292322801898,-0.2791455895501271,0.3721155510238866,True,False,interface,0.30124721388347925
TTGCTCCCATACCGGA-1,7866,10141,-0.4310411033713492,-0.2791455895501271,-0.029743413796804,False,False,other,0.005516482136705417
TTGCTGAAGGAACCAC-1,7269,11838,2.0780502002900048,-0.0824148177964695,0.4303826171200335,True,False,interface,0.024720181232280678
TTGCTGATCATGTTCG-1,10028,11848,-0.0849550165095132,-0.0824148177964695,0.9072188448381056,False,False,interface,0.010657535049395643
TTGCTGCACCTATCCA-1,7845,16031,-0.3051969365925435,-0.0824148177964695,-0.0117190674787273,False,False,other,0.0011999504628840653
TTGCTGGCCGGGCTTC-1,5109,9451,-0.8314632885071506,0.032665306417353,0.1908104029854004,False,False,other,0.004115510543370339
TTGGAAGAATACAGTC-1,13366,15598,-0.3912460333752945,0.2165337983911238,0.8080897320551345,False,True,immune_core,0.012393790598809252
TTGGACATGTGGCTTA-1,11594,15025,-0.5687975815444848,-0.2791455895501271,-0.0622797041087421,False,False,other,0.0068523613881565
TTGGAGTCTCCCTTCT-1,5095,13303,2.614821756749471,-0.0824148177964695,-0.4534592554997121,True,False,interface,0.08228626226288206
TTGGATATCGTCTACG-1,12983,12425,-0.6264330179406558,-0.2791455895501271,0.8130442331170036,False,False,other,0.004855545423787473
TTGGATCGACTTCTGG-1,5496,11492,-0.2282260564620724,-0.2791455895501271,-0.7420045625820515,False,False,interface,0.14231239558960362
TTGGATTGGGTACCAC-1,6874,12063,2.0759742142071307,0.032665306417353,0.3798610820402152,True,False,interface,0.07911277390108164
TTGGCCATCTTGCGCT-1,6860,15914,-0.4924799990601785,0.032665306417353,-0.0682470936480107,False,False,other,0.001578123007929172
TTGGCCTAGAATTTCG-1,6688,9004,0.1774182185777055,-0.2791455895501271,0.7011658285458336,False,False,interface,0.042361266261409396
TTGGCTCGCATGAGAC-1,8049,14106,-0.9861345197868546,-0.0824148177964695,-0.5268116481128516,False,False,other,0.014235774072397565
TTGGGACACTGCCCGC-1,9048,10372,-0.2990267537923371,-0.0824148177964695,-0.7102064840437251,False,False,other,0.004052865013344748
TTGGGCGGCGGTTGCC-1,9445,9693,-0.5193782555188092,0.812953054075358,-0.3296930048873257,False,True,immune_core,0.011857905198514132
TTGGTCACACTCGTAA-1,12981,12878,-0.0578692391743762,-0.2791455895501271,-0.6048510669733141,False,False,other,0.016048975999062014
TTGGTTGCGGTGCGCG-1,13957,15713,1.110846148885607,0.5140044378877645,-0.2317197499266406,True,True,interface,0.19257499599295733
TTGTAAGGACCTAAGT-1,12581,14689,0.6442810942080716,-0.0824148177964695,0.5082042114556679,True,False,other,0.04256731263789604
TTGTAAGGCCAGTTGG-1,8856,9125,-0.459602339065652,0.0414970752462367,0.1843382278785104,False,False,interface,0.01996157966329444
TTGTAATCCGTACTCG-1,10422,12076,-0.6535893612595395,-0.2791455895501271,0.6905768044548353,False,False,other,0.008578062574721223
TTGTACACCTCGAACA-1,13553,18204,1.3929006882565145,-0.2791455895501271,-0.6468717057812109,True,False,interface,0.020255077149472677
TTGTATCACACAGAAT-1,5896,9907,-0.3857265175428301,-0.2791455895501271,-0.2959213111589158,False,False,other,0.0019905316276628616
TTGTCACCGCGGTATC-1,13949,17752,-0.1498541635567412,-0.0824148177964695,-0.0903805620454969,False,False,interface,0.024738608101096345
TTGTCGTTCAGTTACC-1,7861,11727,1.4459933016848046,0.2947229236749599,0.5818375245795208,True,True,interface,0.021131711227052156
TTGTGAGGCATGACGC-1,11981,16839,0.4056655946667137,-0.2791455895501271,-0.1106575600229163,False,False,interface,0.01214991042611383
TTGTGCGGAAGCGGAT-1,15328,18097,-0.4158681035639181,-0.2791455895501271,-0.6784836508215812,False,False,other,0.0009010494586814212
TTGTGGCCCTGACAGT-1,7073,11497,0.7931437343814178,-0.2791455895501271,0.4838801335687105,True,False,interface,0.00877216680559055
TTGTGGTAGGAGGGAT-1,13367,15145,-0.6851242705191561,0.3172736661341069,0.6425583225285064,False,True,immune_core,0.010703016022277337
TTGTGTTTCCCGAAAG-1,13577,11634,0.2484663043123415,-0.2791455895501271,-0.6150239786836821,False,False,other,0.004573408756848362
TTGTTAGCAAATTCGA-1,7854,13539,-0.6402191861944511,-0.2791455895501271,0.0172665565193948,False,False,other,0.0032696178155384964
TTGTTCAGTGTGCTAC-1,8257,11048,-0.7625810545966036,-0.2791455895501271,-1.1542900846848672,False,False,other,0.02660921654974042
TTGTTCTAGATACGCT-1,7641,17956,0.1130307749177231,-0.2791455895501271,-0.0662723108356749,False,False,interface,0.007917802116182229
TTGTTGTGTGTCAAGA-1,9642,9581,-0.7926168755413316,-0.2791455895501271,0.3213485267612395,False,False,other,0.01832202884223935
TTGTTTCACATCCAGG-1,14950,13565,-0.6886288306306193,0.114315953957188,0.6053131313333843,False,True,immune_core,0.007196140401856306
TTGTTTCATTAGTCTA-1,15339,14925,-0.5961485559023748,-0.2791455895501271,-0.28540226423386,False,False,interface,0.004753372407003702
TTGTTTCCATACAACT-1,12381,15255,0.4469738403932811,-0.0824148177964695,-0.0098527248418839,False,False,other,0.0036262004106070063
TTGTTTGTGTAAATTC-1,4901,12509,1.4700961675059614,0.2618950201400714,0.3414624248622325,True,True,interface,0.08292708324711347
