node,ks_value,coexact_energy,region
0,-0.006914964516643227,0.0124862284077887,interface
1,0.0007085858911416973,0.0041501238144451,other
2,0.0002563439749694198,0.0018051518177493,other
3,-0.684174233955275,0.0141440511126027,interface
4,0.01843630879024788,0.0253867087478785,interface
5,0.02137555297330943,0.0160581755078886,interface
6,-0.0014395824167788144,0.0097143012571053,immune_core
7,-0.0002843117847703178,0.0020667756778242,other
8,-11.923043514912447,0.677300524391621,interface
9,0.000193838037717175,0.0030463117116638,other
10,0.03806495056014754,0.0139220669547896,interface
11,-0.5600101282542673,0.1376430181291291,other
12,-0.002064944306952604,0.0086829071563164,tumor_core
13,-0.22075157217951807,0.1257023527388121,interface
14,0.02909339372603245,0.0319407745253091,interface
15,0.00041016287594549273,0.0063929628365288,other
16,2.189076016456848,0.1607855529695806,interface
17,0.0013714836193549915,0.0033465280060411,immune_core
18,-0.33199599686637243,0.035350302569595,immune_core
19,0.07382957958150052,0.0285603813907219,interface
20,-0.0014113246494934987,0.0209271791020405,other
21,-0.0029262243784250307,0.0148730371264421,tumor_core
22,0.004026259474352747,0.0107473768498845,other
23,6.269914937602051,1.3573812671787968,interface
24,0.00039705862015676193,0.0047062609881427,interface
25,-0.22939213974359124,0.0951196889902909,tumor_core
26,0.07173790733677518,0.0730728125935524,interface
27,3.2187843325903524e-05,0.0007033227898902,other
28,0.0002500669942301906,0.0059639256010618,other
29,0.0005129330618930438,0.0004425205071712,other
30,0.0011993627277089454,0.0038602149480386,interface
31,-0.051245363354156956,0.0537786999523044,interface
32,0.0036134467669817656,0.0118305969983034,other
33,-0.010616497001852574,0.0315143847008796,other
34,-0.035857071974449664,0.0627175879629906,interface
35,-0.02068274001297042,0.0257396578956734,other
36,155.71542129528095,4.400936206847744,interface
37,0.008584042088069049,0.0039634176152219,other
38,-0.053998297043276765,0.0390330936728485,interface
39,-0.0009635390596359483,0.0127537517592094,immune_core
40,-0.007759343497863006,0.0254646495374217,other
41,-0.0014170276101610473,0.0053999369903993,other
42,0.020422923872162976,0.0169117789359542,interface
43,-0.01564617913108779,0.1250424398465489,interface
44,-0.4251839342140852,0.0746788537801264,interface
45,0.02316622684569697,0.018617280641261,interface
46,5.730957010362049,0.8538798645983863,interface
47,-0.00013717670630139625,0.0003767115156185,other
48,2.0268129310965215e-05,0.0019519084580691,immune_core
49,0.0025886848813701686,0.0091677191465445,other
50,0.0076162137878977056,0.0023090939580786,tumor_core
51,0.0001440312838417946,0.0016962495235188,tumor_core
52,-0.00282665001470665,0.0098852548170529,immune_core
53,-0.08856660102952618,0.0530066714033229,interface
54,0.0011120101823181574,0.002245293033912,other
55,-0.02782360897470744,0.210514741764293,interface
56,0.3414700241608043,0.0739943237670555,interface
57,0.06543682473340667,0.0223802507569156,immune_core
58,-0.07502379522828227,0.0881788100303964,interface
59,-0.008430067796629581,0.0217900575229285,interface
60,2.481638160854699e-05,0.0026592295609162,other
61,0.0007649221085883878,0.0064758113166962,interface
62,-17.76057696006002,1.255591719576568,interface
63,-0.027061037113686577,0.0462298349384476,other
64,2.7508418578842734e-05,0.0003408727163685,other
65,-0.019196691250493683,0.0055534789132263,other
66,-0.005140728924104301,0.0213363904180771,interface
67,-0.34758619666112045,0.0943382371557589,immune_core
68,-0.06905692714526951,0.0893155792005614,interface
69,0.11807585544884303,0.0615680770164373,interface
70,0.0010655238473396417,0.101026696939422,interface
71,0.23468183233026957,0.0521976364711635,interface
72,0.017563037166364932,0.0247784519284586,interface
73,-0.00989826032646861,0.0433402867727289,interface
74,0.01463920203725904,0.0110011797729735,interface
75,-0.01335347531435039,0.012066099765857,other
76,-0.0005832637257519643,0.0091926314682718,other
77,-1.6855927729401943,0.3128071970874757,interface
78,0.00011078383231577076,0.0003468139623451,other
79,0.01458998743678164,0.0299311451729816,interface
80,0.006086816425008212,0.0072325536281329,interface
81,-0.006033835069915814,0.0158116735742506,other
82,0.006912749633494723,0.0057749882517076,interface
83,-0.21448580981903137,0.1409233235833505,interface
84,4.985576790464995,0.4570563998235502,interface
85,0.7050301857084191,0.0890212585511503,immune_core
86,-0.0013844540819930055,0.001950780589175,other
87,-6.736444455618408e-06,0.0003983514582869,other
88,3.0514674659499937e-05,0.0025706418015513,other
89,0.09882938876051092,0.0838130572512466,interface
90,0.0004987721088719066,0.0011333283940219,other
91,0.003043134073239087,0.0054476933550908,other
92,0.033226116557314625,0.0450039852540642,interface
93,0.13321542391400393,0.0625512048742386,interface
94,0.03060801181064369,0.0895695753382215,other
95,-0.11929783279644653,0.0845186679178073,interface
96,-1.4538806106882205,0.1075435874431521,immune_core
97,-0.0008208924337697306,0.0146718644302522,interface
98,0.003405451653888077,0.0088345216761128,interface
99,-0.014365349264691577,0.0552942932277921,interface
100,-0.0004149009151829568,0.0024398493476104,other
101,0.04814320149527808,0.0181023348055512,interface
102,-0.011491169241871598,0.0099259329555377,interface
103,-0.0006178746802793237,0.0047980990287788,immune_core
104,0.02325116234324463,0.0197786227162563,interface
105,-0.02524814700745205,0.008800740530821,other
106,0.0007237716190716349,0.001906943297967,other
107,-0.037086668277181156,0.0352327546800791,other
108,0.04091621887638857,0.0400401475075954,other
109,0.6012443901379427,0.14890390469915,interface
110,-0.20756553414431092,0.0873966303792878,interface
111,-0.0008176935925532802,0.0023712973185026,other
112,0.0024673498793376892,0.0098614025998981,other
113,0.0006990174661613865,0.0084479838175855,other
114,-0.1141673534491104,0.0422181532710523,interface
115,-0.003652420790074117,0.0098478736465611,interface
116,0.019508651878159526,0.0666050565597244,interface
117,0.007358955370403004,0.0129076392530296,other
118,-10.099863225909752,0.4764393372641804,interface
119,0.00021272473379662537,0.0024711084350138,other
120,-0.00021777169057911805,0.0050480199345421,interface
121,0.003910174459860174,0.0020490521621786,interface
122,-1.930946756430384,0.1057473867889646,interface
123,-0.16259091949464516,0.062998490241475,tumor_core
124,-0.054942643110991174,0.0017837874075572,other
125,-30.840671481842477,1.2707037342644525,interface
126,-0.035741854295567824,0.0400753556706151,other
127,0.3198835461143199,0.1681218280412147,other
128,4.288461260771623,0.292916903625173,interface
129,0.0006494012636805096,0.0017901105041382,other
130,0.046112096165720456,0.0320333162780259,immune_core
131,-0.003922816034555373,0.0234220133020227,interface
132,0.0020621327210874675,0.0043087173466177,other
133,0.006009428316295552,0.0257155845930397,interface
134,0.021685178804736156,0.0320398157415244,interface
135,0.08549388239166755,0.0205813060315792,interface
136,0.007718708350592893,0.0159709003405659,other
137,0.0012913491427027658,0.0029679946277683,tumor_core
138,6.495340440815123e-05,0.0039271618847547,other
139,-0.00568397742780994,0.0106220146734864,other
140,-0.014287675695708407,0.0621538196284808,other
141,-0.00365716223687604,0.0389557187282321,interface
142,0.0046285106938431875,0.00190538482679,other
143,-0.0005326802715744719,0.0048612860672582,tumor_core
144,0.0011886133398633942,0.0047244461724384,other
145,-0.01173858740740172,0.0176796642115522,interface
146,-0.00019851566481527447,0.0008149677513528,other
147,0.0004850379252413304,0.0026811717975042,other
148,-31.601298729684114,1.8382755766008916,interface
149,0.0004702019984723099,0.0031137836289999,other
150,1.1445461224029432,0.1583396111124381,interface
151,0.596562978135448,0.0834456145835443,interface
152,0.0071528437434634565,0.0100587228917561,tumor_core
153,-0.0015223626366397535,0.0009537824467438,other
154,-0.001923810394329404,0.001373581442513,interface
155,-0.0015883627712289818,0.0261879620460982,interface
156,-4.304950584850985e-05,0.0054009000460358,other
157,-0.023198541079012824,0.0654424604876698,interface
158,5.78284584561154e-05,0.0009142974247742,other
159,-0.055004605014644645,0.0782642940324902,interface
160,-25.554945128973177,0.6155118836919701,interface
161,1.7874322054386131,0.1133798666628348,interface
162,0.00015975308339384435,0.0011935496938793,other
163,0.0014741247222720252,0.0045417734188,other
164,-0.00024141189483467334,0.0019363603928189,other
165,0.0029250617169752904,0.0257314580600765,interface
166,1.7327788828352443e-05,0.0001986311952024,other
167,0.002972476065730631,0.004556055610882,other
168,0.0008792395006370772,0.0025047636837106,other
169,0.012341103068242069,0.0188839830619342,interface
170,-0.0011366909051493566,0.007114030708271,interface
171,-0.012491387957713708,0.0285867832651954,other
172,0.009168400122810502,0.0037450357932476,interface
173,-0.0042514044872762865,0.0082332940144009,other
174,-0.005279852072590099,0.0180424342194324,other
175,0.003154197332152022,0.0028561163008428,other
176,29.900165891167383,1.070888845416383,interface
177,0.0001895778817210864,0.0008282714775487,other
178,0.0033120269005098542,0.0046711670131067,other
179,-0.11902980041687741,0.0617436749882217,interface
180,5.090595825152876e-05,0.0005709688032846,other
181,0.0065851959746893035,0.0072293434208676,tumor_core
182,0.08246577297910393,0.0324259491420934,interface
183,0.0060654133927194155,0.0081826164103538,other
184,0.0035103788304204258,0.0031383074857495,interface
185,0.27774519000600056,0.1536964651294673,interface
186,0.017693113861025324,0.0192200386123457,tumor_core
187,0.006770763622185656,0.0029206883250677,tumor_core
188,0.004817583564070227,0.0136699452628393,interface
189,-0.21936947914716382,0.1226697762278498,interface
190,0.00035780317668622437,0.0023305593064972,other
191,-0.04538922061315584,0.0167225378691496,interface
192,0.11527628688697583,0.0371081152482603,interface
193,-0.08034440180840208,0.0475870745183206,other
194,0.26341725591008847,0.3135373563688177,other
195,0.00026397126150929165,0.0142040133625749,other
196,-0.05212743687313627,0.0503850012324452,interface
197,0.938372540228624,0.1250753215656855,interface
198,0.006371080768641572,0.0071286140498954,interface
199,-2.3016554134168814,0.232975763678924,other
200,-0.0601408630493809,0.0075799640098299,interface
201,-90.41705514409887,2.232305630700139,interface
202,-0.0023277272933052966,0.0052568597329312,other
203,0.0017477789072161377,0.0042956623103481,interface
204,-14.968723286665016,0.2113233505825901,interface
205,0.003254166018286932,0.006016456039109,tumor_core
206,0.00015836438005288337,0.0009849367310332,other
207,-0.0007469630301424297,0.0062620932382639,other
208,-34.08761474063769,1.097342544715049,interface
209,0.14534003292120612,0.0507570955243969,interface
210,7.352859887296854e-05,0.000616594756131,other
211,-0.023406761939704975,0.027297197185072,immune_core
212,0.005715769403455636,0.0181783523312416,interface
213,0.00899654831499319,0.0099753483861753,other
214,0.00029818127837084353,0.0082560109467689,interface
215,0.0033690181946642865,0.005499105726675,interface
216,-8.971927660733191e-05,0.0013107772809857,other
217,-0.006857573477113428,0.0137629162610672,tumor_core
218,-0.011325777769108786,0.241561792920622,interface
219,-0.00019271697095453466,0.0023799620825145,other
220,0.003988542637416627,0.0175822889263394,other
221,0.00701135405207071,0.0117862515159571,interface
222,0.0005344279929355902,0.0024704118754443,other
223,-0.8387160136808447,0.2654393923432644,interface
224,-0.03812810806473684,0.0406363567454726,interface
225,-0.11285459872274936,0.0551372628294696,immune_core
226,-0.03541249346100972,0.0318332372791423,other
227,8.446735640954178e-05,0.0005980237765838,other
228,-0.0001497463525076931,0.0017057081839071,other
229,-0.0002438890588418085,0.0031617788105442,immune_core
230,-0.0005893711300909543,0.0032587161025681,other
231,0.06591767122555064,0.0147802310583145,other
232,0.017334532083286575,0.0205032774914934,interface
233,-0.0007151437139421352,0.0030577562126308,immune_core
234,0.0001044614296773176,0.0017805819683983,other
235,-0.037980323322941205,0.0087706083943909,interface
236,-0.04285840248934529,0.0365383970271293,interface
237,9.441409963994721e-05,0.0005993961346786,other
238,-0.13136925608904299,0.1073812971867127,interface
239,-0.26585026720550897,0.1348221088787863,immune_core
240,0.0009893541205568855,0.002634549525994,other
241,-0.014054110777681934,0.0340849914150377,interface
242,-0.010280565293637665,0.0215922569228238,interface
243,9.354105831815134e-05,0.000724203373907,other
244,8.96353080491859e-05,0.0005418295965074,other
245,0.012318070834768147,0.0209035464214899,interface
246,-0.04211924799259644,0.0451960383502636,other
247,0.007738763185577269,0.0123417361463275,other
248,-0.08346504848366812,0.0191014298297463,interface
249,0.004045320111673413,0.0079559823639557,other
250,0.027447746356935126,0.0127796189109085,other
251,-0.0379232500953051,0.1150931720522831,interface
252,-20.653057226703346,1.3897024420904158,interface
253,-0.0425614527114754,0.0500635178271663,interface
254,0.0025220694440871855,0.0099104004214892,other
255,0.006397186962247834,0.0049792179999869,interface
256,-0.00016115312881381978,0.0144281376063477,interface
257,0.0007492603670884888,0.0131848226055201,other
258,0.002168895661768064,0.0046805665721694,other
259,-0.13775088839251987,0.0750399964991096,other
260,0.03728093623577418,0.0358120238406941,interface
261,0.020561480009524714,0.0157045043480327,interface
262,-0.04705242544704648,0.0349663657634087,other
263,0.018988997954155568,0.0078048019188082,interface
264,-0.008755313995407488,0.0189564536393415,tumor_core
265,0.001489521489698275,0.0202153602671543,other
266,-0.057861248451308085,0.0442309983876172,interface
267,-0.06760517641577324,0.0445447503027477,interface
268,0.02571000313131625,0.0170684787669845,other
269,0.00028141433525954215,0.0015288902220347,interface
270,0.0061394170602866,0.0198400682006826,other
271,0.017271121527970244,0.0114777549803595,interface
272,0.8287874640600138,0.1734078644737618,interface
273,-0.056131767526389924,0.0078213096120356,other
274,15.048913522090695,1.136389127778153,interface
275,-0.02595328270942948,0.0058702740082085,other
276,-0.000805869585583582,0.009561112144529,tumor_core
277,-0.0016754021253655364,0.0051498301892586,tumor_core
278,0.00015196405837967472,0.0029272041368726,other
279,-159.4216142005528,2.269821589792074,interface
280,-0.0018359447358663285,0.006874822203563,other
281,0.0003211535534824786,0.0009860786586429,immune_core
282,-0.1678565596091103,0.1461820353255301,interface
283,4.9172683968673825e-06,0.0001144420355049,other
284,0.08905861461661213,0.0350100300107338,other
285,0.039448429069471214,0.0227573116160495,other
286,0.011137205791389137,0.0097843937379073,other
287,-0.008290953473288325,0.0110369733628602,other
288,0.010351990325932085,0.0230336259501109,interface
289,0.03318045445382836,0.0306231197404675,immune_core
290,0.07208758287794224,0.0107943680652264,interface
291,-3.183332407647593,0.7058469267558606,interface
292,2.8492492598923563e-05,0.0029769464208132,other
293,-10.302049165517136,0.6042261031959226,other
294,-8.749495302904706e-05,0.0016444830762143,other
295,-0.007238654985961504,0.001695994268083,immune_core
296,0.011785949709882136,0.0080049451135147,other
297,0.000586272781486176,0.00278943358095,other
298,5.2550605361695345e-05,0.0004359097727304,other
299,-1.2665456884927582,0.1391497759169434,other
300,0.0037942878636631466,0.0043303786662805,other
301,0.0015474705086018002,0.0178216558593246,interface
302,-6.077472671539159,0.5820539866395273,interface
303,-0.0036854903422462726,0.001874896820963,other
304,0.1342088346462492,0.0543094204778722,other
305,-0.09813283819830745,0.0646520879247834,interface
306,0.00021605462737114058,0.0023014769103194,other
307,-0.0002949653518650976,0.0120341514755993,other
308,0.014517065658804312,0.015352741281,other
309,-1103.8488467352888,6.890271600008635,interface
310,-0.0005082398379602495,0.0201457220355299,interface
311,0.12098114550410433,0.0292126675670555,immune_core
312,0.002207891920568322,0.0025392020377138,interface
313,0.0017046191683299976,0.0064014293904794,other
314,-0.2823767674441033,0.0404029188251739,interface
315,0.0038178073604822997,0.0088551435686352,other
316,0.0017354117170551252,0.0056815026811795,interface
317,0.01226468869595405,0.0054996094288315,interface
318,-0.010858310623406559,0.0218002965112274,other
319,-0.059474703496627424,0.0762420749786233,other
320,0.021038718216638858,0.0059177037772641,tumor_core
321,0.015032416669247936,0.0062948874917075,interface
322,0.006675382700075607,0.0146567412518012,immune_core
323,0.2554768795050574,0.1555042055254416,interface
324,0.24031188918358132,0.039838169255722,interface
325,0.0005551066032858547,0.0202459244237306,other
326,-10.49695890714871,1.0191191109132771,interface
327,0.00023839250139092404,0.0005089161564584,other
328,0.0002329109247423633,0.0028159155521311,other
329,-0.0027535030222926903,0.0077538178624724,other
330,-0.03801641938856125,0.1799474740306792,interface
331,0.01843490138022986,0.0193848467075283,tumor_core
332,0.005603204154704656,0.0229684245114364,interface
333,0.001479068838572021,0.004188000719239,tumor_core
334,0.06957212700946117,0.0452354467288176,interface
335,0.0024616935797033834,0.0092048959804428,other
336,0.005376532589170213,0.0069333274981689,interface
337,-0.0003653276986456109,0.0026980465689205,other
338,-0.0022515238060064535,0.0074920748825246,other
339,-0.051952431008307404,0.0378755613650389,interface
340,-8.870242239622487e-05,0.0046025915052246,other
341,0.010479536245588863,0.0292300988737853,interface
342,0.006299440767290361,0.0207417379743796,interface
343,0.007989599446451095,0.0031286410433808,other
344,0.005803252820930696,0.0070273361230744,interface
345,0.00013322669100263837,0.0004726587124122,other
346,-0.4399236003304258,0.2059944612705775,interface
347,0.48852815372890046,0.0621466895297268,interface
348,0.09840155847809959,0.028898321593836,interface
349,0.0007879175007655286,0.0016454645568044,immune_core
350,-0.009276556054977703,0.0159743768411941,interface
351,-0.5571148775576348,0.0892147794644844,interface
352,0.00029010631598414157,0.0114977613641312,immune_core
353,0.042667281568804394,0.0306299336813203,interface
354,-0.6482070351994493,0.0108531134847884,interface
355,221.94663510893238,2.2532194487758357,interface
356,0.0011140465016902191,0.0018283517644326,other
357,-0.5598111721875113,0.0121239113776018,interface
358,-0.0029842794309500745,0.0082884750134135,other
359,0.07370348572602055,0.0156232996689744,immune_core
360,5.379044160263034e-05,0.0008815684464539,other
361,-1.685614517665565,0.4202626774843155,interface
362,0.00020957020389515685,0.0042945896788696,other
363,0.0002499759932785257,0.001268700554382,other
364,0.003655080883868715,0.0201258137295465,other
365,0.0011235487185272683,0.005809820347337,other
366,2.3939300433265367,0.1972900525654077,interface
367,0.0009393164072093373,0.002326180403035,other
368,3.5357184706743765e-06,0.0002425353719213,other
369,0.009118309868950732,0.027216601634139,interface
370,0.012513380772114568,0.0061164171969067,other
371,0.0162084881778704,0.0058587798596355,other
372,-0.02294323560297087,0.0561357671916529,interface
373,-0.004937864369097442,0.0044122792976676,interface
374,1.6672673551224844e-05,0.0014827381897132,immune_core
375,0.021086169561487338,0.0201201866737313,interface
376,0.0006822542368668426,0.0005100754713455,other
377,-0.0006097605165665959,0.0518885118879995,interface
378,0.020754585582934026,0.0266356308389596,interface
379,-0.011728695504313057,0.027425357952517,interface
380,-0.011601172514271868,0.0091199773300873,tumor_core
381,0.0024942446192627882,0.0030873827106809,other
382,0.051263613322646936,0.0273886786538618,interface
383,0.002901626713970132,0.0075743724514013,interface
384,0.0002917547747119602,0.0012859322477058,other
385,0.00014252808496736805,0.0009578843447349,tumor_core
386,-0.01445543440820758,0.0209329475387135,interface
387,-0.0006464894848829288,0.009694995141115,tumor_core
388,0.37884137300749704,0.0527897209150526,interface
389,0.06544440064719884,0.0296078586801074,interface
390,0.0006389247433866164,0.0017924515602124,other
391,-0.002999563336682042,0.0239734089271158,interface
392,-0.038037361119046986,0.0051009147260167,interface
393,-1.2523600073253665,0.1251938534639743,immune_core
394,-0.23243047799290048,0.1024520505254304,interface
395,-0.0003869436138030865,0.003104683314588,other
396,-0.004691791632925371,0.0188846875056645,interface
397,-0.6407537264506997,0.0402338406744398,immune_core
398,0.01847144526150893,0.0074428170600017,interface
399,0.00010811680228784256,0.0132527017787146,tumor_core
400,0.018345888308877786,0.0099265584050997,interface
401,0.0064146169053632945,0.0189488309510017,immune_core
402,-0.22890539141586919,0.0983785088403619,interface
403,-0.0019656738770634733,0.0107684450782603,other
404,8.140396065900024,1.2931854596594334,interface
405,5.8627254383417074e-05,0.0002542859505461,other
406,0.008779439804970198,0.0200958659281299,interface
407,0.018965883812957315,0.0190588975681231,interface
408,6.526460207690379,0.2871821430208965,interface
409,-0.007061894236259435,0.0163583930718382,interface
410,-0.008748760939612169,0.0182002196316724,interface
411,-0.0017090508641835608,0.0033194127873043,other
412,-0.009275873676957917,0.0384202659932217,interface
413,0.000546280837424801,0.0069617497864032,other
414,0.002944465825810052,0.0183588484669283,immune_core
415,-0.0014225766303733263,0.0009275538435545,other
416,0.005147696306545174,0.0109267572373891,other
417,-0.01105318519343058,0.0158094082359324,other
418,0.002126363930200901,0.0050123845537189,interface
419,-0.001984940401669033,0.0108641954225071,interface
420,-0.003688319172984667,0.02110773348072,immune_core
421,0.004167239830290803,0.0072020398986578,immune_core
422,-0.002000205945644084,0.0072616117459144,other
423,-1.7411888434702874,0.1714283554110007,immune_core
424,-1.5513874606957792,0.3812171322286826,interface
425,-0.0015944981833591373,0.0081370971079236,other
426,0.0003908874498773718,0.0024202492629376,other
427,-0.010973118894618914,0.0179017945078207,tumor_core
428,0.006686578797084212,0.015113001028329,other
429,0.001019753089296137,0.0033083925602742,other
430,0.011862584701395715,0.0107760896388603,tumor_core
431,-0.09502284845776503,0.0731666670605534,interface
432,-0.025142322065045842,0.04548644345278,interface
433,-0.3471908798386409,0.1224486183502951,interface
434,0.00447312941660696,0.0025892864816427,other
435,-1.8286274391977373,0.2583606671498916,interface
436,0.1467604544728286,0.024123482218378,interface
437,0.6925244946745763,0.2294672923225268,interface
438,-0.015196929176605,0.0284442081983348,tumor_core
439,-0.007557056042162451,0.0095432330090955,other
440,0.0024768865408245173,0.0040222252142841,other
441,0.207592084981194,0.1277117710990073,interface
442,0.005070136624849636,0.0063773121199834,interface
443,-0.6089766808936934,0.1542694968993977,interface
444,0.0033117375994698283,0.0024283805803537,other
445,-0.0008646352623497013,0.0033130834340442,tumor_core
446,-0.17847367175876272,0.0537445407456147,interface
447,0.008145647269320502,0.0034285485057397,interface
448,-0.004929571804644445,0.0266638829438994,interface
449,0.11101237289580256,0.0384408734145229,immune_core
450,-0.0005863506051877576,0.0018034035986475,other
451,-0.00014691559100615264,0.0016214757937152,other
452,0.020223688441922398,0.0192133734991646,interface
453,0.05861916918177978,0.0395204214610547,interface
454,0.0012631110370342911,0.0041361175239094,other
455,0.0014706665777831911,0.0031070111747211,other
456,0.001963869613227317,0.0105404909877316,tumor_core
457,0.0038276008927435497,0.0071050497341147,interface
458,0.009164681604216747,0.0045919200106437,other
459,0.0004515182193280549,0.0044017681255385,other
460,-5.570160414073535e-05,0.0008759799687322,other
461,1.196144616997234e-05,7.284554420968228e-05,other
462,0.011484729386720603,0.0128292212965413,interface
463,-0.008237663921009115,0.0010726156870218,immune_core
464,-12.488629696829054,1.261294778699859,interface
465,0.028882134900297767,0.012137461397519,interface
466,0.5206216050967404,0.0405861281082962,interface
467,0.01162878462609315,0.0155323814937844,interface
468,0.001617994417470592,0.0032567597696245,other
469,0.17541840502962353,0.2356155662776264,interface
470,-8.438161693047623e-05,0.0056917860043686,tumor_core
471,0.0297840976096264,0.024550327774113,interface
472,0.02885104436583134,0.006310191141863,other
473,-0.5688071042848013,0.1493285046452336,interface
474,-0.0025453252182602235,0.001772567619133,other
475,0.07367119783309528,0.0213866007878335,interface
476,0.00047359581803125395,0.0014775574615606,other
477,-0.012650209288964178,0.0004970496684389,other
478,-0.00023627643734894493,0.0010466854092562,other
479,0.0037458434534940344,0.0045966462520411,other
480,-4.160205454285425,0.1564719601138056,interface
481,0.0004012393203078878,0.0015176519444662,other
482,0.0017486816483921848,0.0127286001662492,other
483,-0.00022737029355171472,0.001733798114647,other
484,0.028335954273528363,0.0224292111216854,interface
485,-3.7894784972008555,0.8319000684168341,interface
486,0.5067863590312597,0.0559286677597269,interface
487,0.05379581866973596,0.0513531543977655,other
488,-0.014560025293498492,0.0057332248426375,immune_core
489,8.084170864500205e-05,0.000629401421789,other
490,-0.002640789164109089,0.0190589400876854,other
491,9.390957140669235e-05,0.0008233513419802,other
492,0.7992867243150867,0.0784891504639285,interface
493,0.0010676604182469668,0.003823203046841,other
494,-0.008800135890031504,0.0223736832460641,interface
495,0.2539744086000851,0.0599327954250479,other
496,-0.00693290520479579,0.0154325703632178,other
497,0.0026655214667389137,0.0227935297704037,interface
498,-0.1562537224450212,0.0378207865881638,interface
499,-0.09665076271194019,0.0093026401837274,other
500,-0.00913151152517829,0.0076758907839619,other
501,-0.03230415883060149,0.0150279695830392,other
502,-1.1696026459045292,0.0730077416175957,other
503,-0.0035352466443398563,0.0132175573479152,other
504,0.008483380612464734,0.008043994218867,interface
505,-0.0017390509507408344,0.0344228355988953,interface
506,0.005084435604840702,0.0224318034411654,interface
507,-0.020470396821214636,0.0016318966467918,other
508,0.00030460065230418666,0.000488611637233,other
509,-0.0010824719281135654,0.0035309088383246,other
510,0.00015978680292070522,0.0011010616647664,other
511,-0.02589276834826523,0.0485836360143567,interface
512,0.06293278130631659,0.0122182914482005,interface
513,0.021081513738484246,0.0272475611850635,interface
514,0.0004843590042725027,0.0009534727849848,other
515,0.03269906608181496,0.0238570298935771,interface
516,0.0015844874037416294,0.0076043512867941,tumor_core
517,0.0035570937574543812,0.0105265404767026,interface
518,-0.0005298027110246298,0.0061414264048184,other
519,0.00043585076660029284,0.0022784510005196,other
520,9.368917212142531e-05,0.00022913808418,other
521,1.8118699683804515e-05,0.0001086549714959,other
522,-0.018570379088898036,0.0240201546071911,interface
523,0.0004072785410875838,0.0016520598568357,other
524,1.2185532700398731,0.1258097224315622,interface
525,-0.08634022613100922,0.0627952486274609,immune_core
526,-0.09322123763461876,0.4232324204402018,interface
527,-0.0018428897047544723,0.0074233240664408,other
528,0.0007128696890731784,0.0173732307998741,tumor_core
529,0.003644179112495548,0.0225460101348773,other
530,0.005237490756740475,0.0078605463009781,other
531,-0.008801297554976733,0.0354566159098077,interface
532,-0.0032864224830906298,0.011895162892198,other
533,-0.018347644664208927,0.0041795814808814,interface
534,0.0015413868329188774,0.0025256619597852,tumor_core
535,-0.011962783310323579,0.0205353547031763,interface
536,-0.0018588352409508787,0.0094606794366582,other
537,0.03883733312482563,0.0330665939781397,interface
538,0.000590623493581668,0.0015117851987617,other
539,-0.001857207126328423,0.0200403912547398,other
540,-2.085486196295788,0.3331836869173286,interface
541,-0.005084287097117581,0.0133546591135504,other
542,-0.002581557298491319,0.0086409072243925,immune_core
543,-0.00047265964485681514,0.0009991973258328,other
544,-0.0014162031872550164,0.0116275955766001,interface
545,0.10243450378112784,0.0465430245297921,tumor_core
546,-0.31287089142597124,0.0195000309413279,interface
547,1.319851237042244,0.1810999037751423,interface
548,0.00035264378102352106,0.0007036360353692,other
549,-2.969884577534686,0.1104002071793858,interface
550,0.004561824461328009,0.0138617009313092,tumor_core
551,-0.0026781911803080306,0.0068442350267111,other
552,0.008377472415438032,0.02091377972874,interface
553,-7.358367134243737e-05,0.0033250248222567,other
554,-0.13778495562262594,0.1295550292381151,interface
555,-0.0017693045984643226,0.0207461132395159,interface
556,-0.026118896247173427,0.0134049580395393,tumor_core
557,-0.0022285122240014036,0.0092608606058511,tumor_core
558,0.0027678865061969314,0.0027402273209086,interface
559,-0.00024595313633845586,0.0013006059577749,tumor_core
560,0.23261569317097358,0.0365286976949227,interface
561,0.00010255720593283307,0.0003398986133717,other
562,-0.014220471611845142,0.0304574900282678,interface
563,0.0010083193137563789,0.0008481033228308,other
564,8.595856953081348e-05,0.0007265936823762,other
565,-0.0026914671625311885,0.0127065290571784,interface
566,0.00279705410418512,0.0042249158597434,other
567,8.78880106310187e-05,0.0004650858399021,other
568,0.6855709634920664,0.068706575165259,interface
569,0.009124564239592133,0.0232095196901174,interface
570,4.2414497954995445e-06,0.0011420101885995,other
571,-0.0010754395358470858,0.0102874991829802,immune_core
572,0.0031941912032680073,0.0173965322697391,interface
573,-0.09510353158431738,0.0088350359497359,immune_core
574,0.24453550258198709,0.0572329374887883,interface
575,-0.00010804290585272728,0.0109209039928834,other
576,-0.0006018396861599787,0.0107763375961109,immune_core
577,-1.0424947855602158,0.2609377821749271,interface
578,-0.0005364137518865844,0.0073405583077022,other
579,-2.2517297789948767,0.1864868150612171,interface
580,-0.0005482512549889822,0.0070873726556095,other
581,-0.25466946454449896,0.0609691507304013,immune_core
582,0.4215498281361111,0.0745406063787466,other
583,0.00034588033950632975,0.0025339477775867,other
584,0.009677704831016406,0.0247751137559272,interface
585,0.0008530829074129256,0.0135358066235317,other
586,-0.05441302975117642,0.0165250351237605,other
587,0.0014027019780014948,0.0017458915605631,tumor_core
588,-0.006252497626028497,0.0041691337476628,other
589,-0.021256270425551668,0.1119814770969809,interface
590,169.22192011456843,1.114200827824477,interface
591,-0.032470616542296174,0.09637962762773,interface
592,-0.21635553263202428,0.0863902296079713,tumor_core
593,0.00014605635203775267,0.0011537254334682,other
594,-0.003384241741520125,0.0144657504437635,other
595,5.516603401170392e-05,0.0011766328989444,other
596,-0.5362730385895107,0.1740355954293636,interface
597,-0.00013313479860916277,0.0009570106237393,other
598,-0.0006135844844634682,0.0070640795318659,other
599,0.15340503916279224,0.0550122837168189,interface
600,2.7877473565475833e-05,0.0475846825834252,interface
601,-2.6567051758358384,0.3517035578648988,interface
602,0.003425735213536387,0.0043120190518119,other
603,-0.05279384183652226,0.0891605447669954,interface
604,0.0380614526124028,0.0427686767314972,interface
605,-0.0014517414725748494,0.0066134010848044,other
606,-0.004446080605566286,0.0297621323480955,interface
607,0.00013253091074205432,0.0021136440503858,other
608,0.028734968563491406,0.0345234217860757,interface
609,-0.0001590068548748572,0.001548969719621,other
610,0.11129159297894839,0.0321530920983567,interface
611,-0.00048130663191934533,0.0157210530878393,interface
612,1.2676824445440016,0.1143298976945307,interface
613,3.3451519976538355,0.2769649737541846,immune_core
614,0.03771439197891195,0.0450675180265155,interface
615,0.0007142271561151046,0.0033001543167973,other
616,0.01950344647928521,0.0108887484034306,interface
617,0.0003770955454485114,0.0009618450390957,other
618,-10.591136875285423,0.4649425015816182,interface
619,-0.0004028384791254318,0.0021262894866042,other
620,-2.3861496303065594e-05,0.0016246862183826,other
621,-0.045608153513153615,0.0450296380989941,interface
622,-0.0012067214280443769,0.0211850924299399,interface
623,0.0009068783699135801,0.0194628416019642,interface
624,0.06210747772556156,0.0252097849069901,interface
625,-0.006991178104977402,0.0073927523058462,interface
626,-0.017824351747293493,0.0356911950127292,interface
627,0.09439471496571183,0.0694862696338905,immune_core
628,6.43127504296853e-06,0.0002170573600191,other
629,0.0008368777274039181,0.0150414074829351,interface
630,-0.019223642549022712,0.0454161950936235,interface
631,-0.0008845386705373385,0.0170685694879922,interface
632,0.0004570536128293258,0.0021833309273241,other
633,9.753867341340868e-05,0.0111394373088354,interface
634,0.00011973112094198021,0.0005129597287637,other
635,7.366653811223413,0.4577118654136674,interface
636,-0.00031096726464611366,0.0029301121861816,other
637,-0.027627603791301886,0.0309349835159667,tumor_core
638,0.00289788018948524,0.010151291343086,other
639,0.028899323436633546,0.0280202466231725,interface
640,-1.597318951463469e-05,0.0053440493473045,other
641,0.0003117894523104634,0.0010558004035868,other
642,-0.0021080769825877962,0.0048721985094374,interface
643,0.001893957164922383,0.0101543361483312,other
644,-0.007672740319756203,0.0354095644723716,immune_core
645,-0.2647581997462509,0.0648077853302132,interface
646,0.0020733962149676387,0.0041754233052482,other
647,-0.11923914350962979,0.0663250644849732,interface
648,0.0287195363922346,0.0096952823534494,interface
649,-0.0026308417252360067,0.0096370514083707,immune_core
650,0.001721014801028038,0.0012955514168318,other
651,0.003435358437585208,0.0046020957614633,other
652,-0.0781121298389839,0.2224219751666964,interface
653,-0.005585899485997937,0.0079510908837292,interface
654,-0.0393357170027391,0.0620576778955384,other
655,-8.374325037673592e-06,0.0007529800597096,other
656,0.06587639136243233,0.0306570154976254,interface
657,-0.0030652120291247047,0.0470457275503787,interface
658,-0.0007218288091191765,0.0007779551712627,interface
659,-0.008988895043818144,0.0036869457958551,interface
660,0.0003070166254991073,0.0049655006494249,other
661,0.0009794494868004687,0.0071868400219769,interface
662,-0.0015278394805481861,0.0010505299872325,other
663,0.15634223379201634,0.043113495375185,interface
664,-0.005281093986439416,0.006063699075011,interface
665,0.0017333169846161772,0.0175828667356359,interface
666,0.005468286157980321,0.0138564126522886,tumor_core
667,1.3301037846464271e-05,0.0002270489119157,other
668,0.00014236157082120655,0.0006303692400806,other
669,-0.0036794180452780377,0.0074419181072291,other
670,-2.491848619841273,0.3588693502406448,interface
671,-3.0900452397129823,0.3941690524090538,interface
672,0.007031370698834044,0.0076500967857559,interface
673,0.001780014103479056,0.009778369746539,other
674,-0.004100747768696015,0.000676581786786,interface
675,0.08514926523550359,0.0607278959980658,interface
676,-0.0007641344340944415,0.0273946591486889,interface
677,0.0007524007487159575,0.0025775846663051,other
678,0.00022614291809634494,0.0011497362614431,other
679,0.003805039629739267,0.0046098220120928,other
680,0.0031969810635284687,0.0188534916815746,tumor_core
681,0.0881802784639959,0.0306884837541329,interface
682,0.17355509598180313,0.1991646193693413,interface
683,-12.77224861695786,1.0733134617431954,immune_core
684,0.020206662160049415,0.006145122309976,interface
685,2.8910270470781462e-05,0.000343204538643,other
686,16.097973663454766,0.8327661044511491,immune_core
687,0.001145243566594883,0.0024499239518864,other
688,0.07958088828088464,0.0635462905552466,other
689,-1.635427676650571,0.2674002913111581,interface
690,0.0002489373269597907,0.0021851097597791,tumor_core
691,0.0003100071563107238,0.0018665536631246,other
692,0.059719303927192664,0.0298725358622811,interface
693,-0.009510112608070834,0.007964688674035,interface
694,0.002324402798420749,0.0083063720308392,other
695,0.008877214696263604,0.0083612514581659,interface
696,-0.24873458903201823,0.0764429011096931,tumor_core
697,-0.04205772831709119,0.0112354061395968,interface
698,0.0013540380606861622,0.014178209804197,other
699,0.13497703922431192,0.049687606293512,other
700,-0.00034800127871518214,0.0221388137525435,interface
701,-0.012459867087207074,0.0028448575344606,tumor_core
702,0.0019756640756008323,0.00489729715642,other
703,0.0390077625216706,0.0104279156198631,interface
704,0.007359981534096168,0.0055398893528298,immune_core
705,0.24206427317977514,0.0359671596796497,interface
706,0.016717330698664604,0.0162776517492688,interface
707,-1.6995262323557373e-05,0.0008846321537452,other
708,0.009473511297781508,0.0254477008650043,interface
709,0.002164197243765726,0.0021094112345062,interface
710,0.00045043807327507736,0.0024409983278125,other
711,0.0022263744793356807,0.0024955093206883,other
712,0.06588586635397303,0.071973504776788,immune_core
713,-0.04929997296927066,0.0887120434943813,interface
714,1.147547608821442,0.1243532405078963,interface
715,-0.012990027791359276,0.0176481324181693,other
716,-0.0006445069638199566,0.0024244849199246,other
717,-5.388862137889919,0.2358437852881215,interface
718,0.34324190558983697,0.0640568904118732,interface
719,0.2638362197314646,0.0667150006370357,interface
720,0.0010306960207035628,0.0010216360230275,interface
721,-0.030508858593868957,0.043132957150803,interface
722,-0.0006226804449357159,0.0086924019231812,other
723,-0.024042403574847427,0.0156463701165944,immune_core
724,-0.01075203821060331,0.0240707586649756,immune_core
725,2.328860426531185,0.3821633749882023,interface
726,-0.0002470496823405947,0.0002981258946127,other
727,-0.20656400672046735,0.0780190716273855,interface
728,0.0015879930324320373,0.0031475852501418,other
729,-0.6745860904281328,0.1140954148821474,other
730,-0.011838135591656118,0.0231219178533969,immune_core
731,-0.0045529355565700775,0.0170354191158179,interface
732,0.008739481011008847,0.02846032466346,interface
733,0.12093435548325018,0.0545808267051979,interface
734,0.009610326499930587,0.007746213046902,interface
735,0.00020924761301146247,0.0009300928850054,other
736,-0.030385067268241823,0.0335216885963434,tumor_core
737,0.01139866961834423,0.0867820737875551,interface
738,0.0030777765052561125,0.0037022401095863,other
739,0.4571212540063492,0.2087118805732956,interface
740,-4.095505212592152,0.4202271655205599,interface
741,0.0012889842315609024,0.0559987243583133,tumor_core
742,0.0012171513514513171,0.0044900465659858,other
743,-2.641645231128401e-05,0.000740583066411,other
744,0.25481080094169606,0.0596934749232064,interface
745,0.004411990997528669,0.0057144500300847,interface
746,0.019998976505555214,0.0209977218713595,interface
747,-0.004909027654263598,0.1031348815939087,interface
748,-0.03481548301832928,0.0360663387533169,interface
749,0.00911893294905415,0.0181488108258302,interface
750,0.002241768845037413,0.0025133316338953,other
751,0.13248110710252678,0.0329587213144974,other
752,-0.001954413660957559,0.001209313283029,other
753,0.002214939588440083,0.0220921274526313,other
754,0.0003763352730081978,0.0005516896229251,other
755,-0.0003457524423689186,0.0084778711442642,other
756,0.06678617692359358,0.0205535506445685,interface
757,0.14505468796021148,0.030079690089285,interface
758,-0.02037920587044668,0.0522445424027369,other
759,0.3421979406629055,0.0678359564820978,interface
760,-0.9284529106910883,0.0109910942756457,interface
761,-0.5093603872857418,0.159241153040032,interface
762,-0.001845809507490371,0.0063008002058359,other
763,-0.03461601919646326,0.031362263345173,immune_core
764,-20.69550302674964,1.1082361283046376,interface
765,0.00023539058738795415,0.0014222891695619,other
766,-0.0009078513353074391,0.0028125493821566,other
767,0.6175431360167114,0.6021779177836389,interface
768,-0.5148399364466317,0.1515939613881333,immune_core
769,0.043392969541450985,0.0190340309765593,other
770,-0.003080647133983402,0.0218263983914202,interface
771,-0.003987523130076327,0.0132117005762896,immune_core
772,0.2673490756645449,0.044668676539078,interface
773,0.00015355998526512442,0.037370812336199,other
774,0.00010266814700050946,0.0003549858915553,other
775,0.01018917065961327,0.0238792445872155,interface
776,0.2903193402960644,0.0746762288579831,interface
777,0.0008113799079234492,0.0217113679691365,interface
778,-5.225906824808679e-05,0.0021789158305505,other
779,-0.09516521170079076,0.0081429658930105,immune_core
780,0.09914853973420538,0.0334847132743639,interface
781,-0.8814192464177781,0.1900221536462725,immune_core
782,0.0009839907406881414,0.0052067089963454,other
783,-0.044484910936110136,0.0672078916187337,interface
784,0.004655792022460647,0.0395376251063603,interface
785,-0.0011299879769202806,0.0037002841655549,other
786,0.14738311756458128,0.0312059297145604,interface
787,-0.011877666224779967,0.0279510806621079,other
788,-0.00023074942730455682,0.0023789828108148,other
789,0.005977917321939603,0.0053573204388085,other
790,0.0012459104884614042,0.001684743948412,other
791,-11.69115556416163,1.0278138152060488,interface
792,0.0397095767120575,0.0975451810082973,interface
793,0.006636683086661505,0.0290896575151084,other
794,0.002114646109805809,0.0045681921674383,tumor_core
795,0.0022376064982060524,0.0045039918097571,other
796,6.071347384214051e-05,0.0007339857086838,other
797,-0.12756278950878286,0.1102057458237352,interface
798,-0.018780661520833075,0.0182922268990093,other
799,0.0026943132468599702,0.0044987841171532,other
800,0.0005858046362732421,0.0036810785030463,other
801,-0.006890988978999681,0.0163272747834037,other
802,-0.15695319326377083,0.0187382006619056,other
803,2.9296813409210564e-05,0.0015574917553393,other
804,-0.06974019226743876,0.0060605579284205,other
805,1.4069077636599463,0.138690219903384,other
806,-1.3027901427958613e-05,0.0085356361176247,tumor_core
807,0.0006466055742084764,0.0016918757115051,other
808,-0.05305559351880024,0.0101449470280014,interface
809,-0.0005238039673499662,0.009891599235888,other
810,-0.030152372516746375,0.0222819720465461,immune_core
811,-0.41640629340216684,0.2056924424896296,interface
812,-0.5098875504463024,0.156638124941586,interface
813,0.0031714294315561276,0.0093227382799815,interface
814,-0.025015383241336724,0.0047698630368515,interface
815,0.0032590595688676252,0.0131176158377244,interface
816,-0.00024593684901118344,0.002729730132372,other
817,-0.02466563580530103,0.0299410335077946,tumor_core
818,-0.0021029977312520577,0.010847857965443,other
819,-0.19437562605769598,0.1436042024214421,interface
820,0.0017166588747860821,0.0047582542787387,other
821,-0.009862136158669672,0.0151624488933666,interface
822,0.004262367896455893,0.015874065611768,tumor_core
823,-0.0016672939281778066,0.0168350912893269,interface
824,0.00018081569322543164,0.0018040037235311,other
825,-0.027932290626784102,0.0267112656618413,other
826,0.00039682031084640654,0.0026235662271064,interface
827,0.012277604184183917,0.0203744909604786,interface
828,0.16449942144643914,0.0449379383663024,interface
829,-0.0003383986659534583,0.0064408417913375,other
830,-0.010316616534202199,0.0139992078355563,other
831,-0.040199690562763006,0.0583690231978511,interface
832,0.013525369392461937,0.0130029654810212,tumor_core
833,0.015439210971075912,0.0143705224548326,interface
834,0.6156107093250072,0.0688165658577058,interface
835,-0.048091743902129475,0.0453802953832719,interface
836,-0.1088094348419454,0.0257523053366618,other
837,0.003402634370496766,0.004616939872007,other
838,0.0008773739242447125,0.0024912901044265,other
839,-0.5266164258133067,0.1513732695914789,interface
840,0.004720339100970951,0.0107559077164051,other
841,-1.728661099882132e-05,0.0001512819800295,other
842,-0.2866026348410755,0.165256631389543,interface
843,0.005555509660095044,0.0091467079045247,interface
844,0.0005812931141516309,0.0018576912927052,interface
845,-0.04173621572615398,0.0135724769056074,interface
846,0.0018694771668604812,0.0016956824563224,interface
847,0.010263865627374212,0.0153805594823809,interface
848,-0.002145137760091796,0.0045667143915248,other
849,-0.014705315492141144,0.0273579664498999,other
850,0.0003894392879343259,0.0045397780820319,other
851,0.00014564994534386745,0.0004337529259313,other
852,0.0027001357475068444,0.001762257399472,other
853,-0.00027182498465244345,0.0094085723623671,immune_core
854,-1.6962649243786633e-05,0.0005436947977764,other
855,-0.009007625784722625,0.0195294864406542,other
856,0.39702559188467434,0.0529677702659852,interface
857,0.0003636181006193958,0.0026743928459815,other
858,-0.12475239194512476,0.0604583708383493,immune_core
859,-0.2958062392497641,0.1071339526064775,interface
860,0.05993613752462301,0.0378047506044278,interface
861,-0.00976306596569082,0.018405614791342,tumor_core
862,0.0007670393465690473,0.0026248808376541,other
863,0.002139851320761079,0.0123568676089351,interface
864,0.018783379999299767,0.0141129031641842,other
865,-0.0005910642933553769,0.0037883532005906,other
866,0.0002400991601938311,0.0072055117668046,other
867,0.008301479467877732,0.0135812368273521,other
868,-0.0003474820582996668,0.0018599232722585,other
869,0.0035852721012660524,0.0052925669773094,interface
870,-1.652755222605637,0.2943794975095725,interface
871,0.38424956114950193,0.0566817643967177,interface
872,0.018553146801533305,0.0105188294841946,other
873,-0.0006292962139413363,0.0062550503695743,immune_core
874,-0.011299934928765902,0.0533554860253935,immune_core
875,-0.17216058610539228,0.1072283976306947,interface
876,0.009577440970789053,0.0073830814720101,other
877,0.009390917863856247,0.011159690887862,interface
878,-0.009991940266985827,0.0227081562468001,interface
879,0.02210253420063023,0.0228069564188114,interface
880,0.001609835169278304,0.0031462393694173,other
881,-0.07449156143541806,0.0696187600162122,interface
882,-4.150528713450957e-05,0.0030618389700331,other
883,0.03442506898802039,0.0264462791442969,interface
884,0.0017945249353417281,0.0029084541875036,other
885,0.0029631002873252814,0.0021091037674391,immune_core
886,0.004125165672235791,0.0032973313430351,interface
887,-0.004321277219494014,0.0111955322608257,other
888,-0.013966417499615007,0.0283128820205084,interface
889,-0.20927208365342986,0.089871512522473,interface
890,-0.41810459050038357,0.1263955577316674,interface
891,-0.1723867974674683,0.0633222902436864,immune_core
892,-3.381818135582043,0.4393724399348288,other
893,-0.04572225155761248,0.0247095702535603,other
894,0.01859009165687426,0.0087723516560655,interface
895,0.0006413876996867691,0.0038725390574893,other
896,0.014758258195291744,0.0331223496018818,interface
897,0.09259486022866861,0.0451086755788225,interface
898,-0.2556094211938456,0.0355710758855945,interface
899,-0.0013512724658077298,0.002301942591997,tumor_core
900,0.8432704641426165,0.0382993525832095,interface
901,0.00938774631679362,0.0065831974527918,interface
902,-0.018281408775365535,0.0191407576774666,other
903,-0.0006706760090817629,0.0015230577205216,other
904,0.0027159564522174218,0.0041525398407351,interface
905,-0.0013158809216987782,0.0022417463127857,other
906,0.0024178841087771326,0.0170500661929274,interface
907,0.15123945787251192,0.0911121238643943,interface
908,0.005039446984158182,0.0036191499540419,other
909,0.01993536879624638,0.0176606843783133,other
910,0.00020236776686226527,0.0009319562305146,other
911,0.010804062539034931,0.0097514185226735,immune_core
912,-0.0033690828919687174,0.0018192348596767,other
913,-0.6074665447663073,0.2397804729588411,interface
914,0.025498378915544156,0.018064405053239,interface
915,-0.04880042201454931,0.0427020350371993,interface
916,0.0029082094107737723,0.0046401445231638,tumor_core
917,-0.9494345402617311,0.2191862459432943,interface
918,-0.0015318655618864374,0.0084814691758702,immune_core
919,-0.12427721053497873,0.0921634990977206,other
920,5.517842167234833e-05,0.0014057232042124,other
921,0.09164713236188288,0.0458478974188001,interface
922,0.005831619720584789,0.0156703832682273,interface
923,0.07765303587987224,0.0368655732600269,interface
924,0.00010072121319504778,0.0401420891119136,interface
925,-6.304783657765567e-05,0.0040833798623759,other
926,0.007488456371476644,0.0147505758707023,interface
927,0.012803923291046557,0.0099496475692812,interface
928,-0.0009679840248747478,0.0098755766662499,other
929,0.34247465910519714,0.0599423693685761,interface
930,2.4838136884926274e-05,6.823110848365822e-05,tumor_core
931,0.004665043511891922,0.0074239313052209,other
932,0.0021727203950207014,0.0045697784435313,other
933,-0.23079107931780415,0.063233807624047,interface
934,-0.0018330304448375416,0.0165388121871842,immune_core
935,0.09278790141697502,0.0300341341527072,interface
936,-0.00019743362818045785,0.0047284559851441,other
937,0.010579136057483444,0.010220539454353,interface
938,-0.00021374030195699687,0.0040449277931056,other
939,0.00343114341576982,0.0145085771860729,tumor_core
940,-0.13816753770889637,0.0345427888579256,interface
941,-0.0007370191618864949,0.0036733669003501,other
942,0.32517739900603554,0.1727466388901459,interface
943,0.01946379252973357,0.008558012590664,other
944,0.0003449445387336785,0.001834027178614,other
945,0.00038319927699878727,0.001408006878968,other
946,26.525909320896762,0.9631478388065208,interface
947,-0.06056200760446985,0.0555420119867857,immune_core
948,0.004561814078512581,0.0271392588510041,other
949,0.0071401548910056505,0.0211969865835632,other
950,-2.917267014902167e-05,0.0014657206008668,other
951,-0.019948597012780483,0.0517428115137246,interface
952,-0.061120612305991986,0.0497566338314317,immune_core
953,5.875000202831126e-05,0.000189122163967,other
954,-1.8176391209599875e-05,0.0101672998327343,interface
955,5.8626751241257775,0.6042367721020057,interface
956,0.00012511109159869785,0.0006904772336765,other
957,0.06925156657468877,0.0156998672475474,interface
958,0.00246314092273924,0.0014203898530231,other
959,-2.6294953109911208,0.2377142763398061,interface
960,0.0028342411212659855,0.0054574915587611,interface
961,0.020359693010984545,0.0223827820027656,other
962,0.00549497381026455,0.015836126707726,interface
963,0.342870055627757,0.082126771927023,interface
964,-0.23615478898191067,0.0826651964410709,interface
965,0.37675863948124866,0.0534525854578283,interface
966,21.89503187001153,0.2982764466244471,interface
967,0.003878999784107097,0.0027509352198229,interface
968,-0.0075771611133185176,0.0063319959090645,interface
969,0.17454990217427457,0.0361130444682743,interface
970,-0.01844495471317535,0.0196480644012024,other
971,0.0041422219293673545,0.0099671127022892,interface
972,0.6032062468517041,0.1000090552688309,interface
973,0.0002250280300627687,0.0008638460799779,other
974,0.02411634386279126,0.0195616819332916,immune_core
975,-0.015624782720060307,0.0151984907042069,tumor_core
976,-0.13939969172961453,0.0839194276602704,interface
977,0.04065832463621579,0.0194435861486006,interface
978,-0.01677731676982245,0.0557983328088951,interface
979,-0.007293935465657471,0.050010274647048,interface
980,-0.0004425328366508745,0.0075438824125435,tumor_core
981,-0.00019742061759189897,0.0026656518149774,other
982,-0.015746231773767775,0.0403034035952429,other
983,-0.00019737014680440727,0.0023529245589463,immune_core
984,-0.4466960713812851,0.2194655282788322,interface
985,-0.010929108606138585,0.0170664358227027,tumor_core
986,0.020870062170565848,0.0275164086633336,other
987,0.0025718694870324656,0.0181848232853227,interface
988,0.031749172745895664,0.0107026077958174,immune_core
989,-0.33884259018235724,0.0311495689668213,immune_core
990,0.09518892666370377,0.0240788063813571,other
991,-170.8878683714575,6.564980829071388,interface
992,2.3439698753186738e-05,0.000903746958737,other
993,0.0004978224459988459,0.0186484741549146,other
994,0.002693640866851009,0.0030089625272138,interface
995,7.798578144768158e-05,0.0001791796542702,other
996,4.810640877703694e-05,0.0004691455051136,other
997,7.46275362880319e-05,0.0002853404641022,other
998,-0.00010209674690173541,0.0016834881082334,other
999,-0.0008044381992854465,0.0021852025185025,other
1000,-6.837055652632511,0.5088919827398062,interface
1001,0.00022067446533159926,0.0010419832502788,other
1002,-0.011515757181652417,0.0220479176109435,interface
1003,-0.004929338991466189,0.004151294090302,other
1004,0.08333145323094844,0.0341974587025463,other
1005,-0.014323671602215975,0.0131688322326623,other
1006,0.11767613319583722,0.0360539541115901,other
1007,-2.6161180007305473,0.1498414425706148,interface
1008,0.006400738888117067,0.0047247992691302,other
1009,8.219535710142635e-05,0.0013516876240158,other
1010,0.02102049948534801,0.0254421430997327,interface
1011,-0.25830575279570833,0.0712351380785162,interface
1012,0.00030666225022581595,0.0009524760721071,other
1013,-0.00260971017125921,0.0202396668865322,immune_core
1014,0.23296818401639433,0.085094648779769,interface
1015,-0.004844672511260434,0.0111706403405486,other
1016,0.016078206247959484,0.0169396991866217,interface
1017,0.0029357392155197623,0.0100841159704526,other
1018,0.002819957153015554,0.0058050479627379,interface
1019,-0.006792604677815259,0.0054874804596656,tumor_core
1020,0.15373711935585951,0.0298650198104456,interface
1021,0.00018089030437239853,0.0002845392596006,other
1022,-0.00011663507781437647,0.0046707550800777,other
1023,-0.08328429437056238,0.0495062519530906,interface
1024,0.008904557601926377,0.0446412168813959,interface
1025,0.0018129301381566024,0.0046020255337861,tumor_core
1026,0.00011847796579713448,0.0019526951244212,other
1027,0.6267727325049411,0.181950710896438,interface
1028,250.4141710315751,2.8712938558933225,interface
1029,-0.006471770160884901,0.0236507219530599,other
1030,-0.014245854371409813,0.0227366170275756,other
1031,-0.5377293533355832,0.1452767665762072,interface
1032,0.002581328376791112,0.0115045768892675,interface
1033,-0.032962083792319685,0.0102922583849509,tumor_core
1034,-0.006408649845560596,0.0160747832012824,interface
1035,0.009646631296725805,0.0176778766074039,interface
1036,-0.03611302266685715,0.0082113402311181,interface
1037,-0.24836529200154722,0.0871726219387083,interface
1038,-0.0003746558562469812,0.0105454406298339,other
1039,4.4378035231140746e-05,0.0010645692390072,other
1040,1.7826406613476558,0.3544112766188967,other
1041,0.00357340597916388,0.0071304611914245,interface
1042,-0.0026057967653164305,0.0154506332324082,tumor_core
1043,1.917236712657668,0.0549832671298557,interface
1044,-0.01922003636416772,0.0199480809978881,interface
1045,-0.019788668404034898,0.0141763543314684,other
1046,0.00021895414265312067,0.0013566871520487,other
1047,0.0009427715924443093,0.0010878108646811,other
1048,0.0005093401283065787,0.0020741276206257,other
1049,-0.001578852731572847,0.0029761385674379,interface
1050,-0.03823392088945554,0.0075584688639832,other
1051,-12.543406518878218,0.2815064000755157,interface
1052,0.9696486148000543,0.0832860939483916,interface
1053,0.002964762150433364,0.0064641679706925,other
1054,0.007359995083123894,0.0271204562294608,interface
1055,-2.869601938037109,0.4595287822998422,interface
1056,-0.1710324460217657,0.0524800629081223,interface
1057,-0.12403760863481224,0.0643817731818817,interface
1058,0.2984734544491,0.1598381424470158,interface
1059,3.1005141283582467,0.4244298864443117,interface
1060,0.009109665536875429,0.0136509778151585,other
1061,-0.09099484879128357,0.0339211968695215,other
1062,-90.7870476351313,2.6908868333742824,interface
1063,-0.0016666683741843793,0.0114602740352121,immune_core
1064,-0.003034479038398057,0.0003798038180849,interface
1065,-0.005502984489160669,0.0005609659501581,other
1066,-1.1865024596647447,0.3580166629941785,interface
1067,-0.002848437754092625,0.0372190433315638,interface
1068,-0.014296232861231144,0.0233051265650981,interface
1069,-0.05413181689874678,0.0141740370857301,interface
1070,-0.007017168301653586,0.0014667691007629,other
1071,-0.6678817303013576,0.1276501834714698,immune_core
1072,9.320364226299561e-06,8.094770897350686e-05,other
1073,0.02479509050010811,0.0202730015249099,immune_core
1074,-0.007511224620311193,0.0524036195352064,interface
1075,0.03441249549059024,0.0365293867130672,interface
1076,0.0004189599725282028,0.0016098726534818,other
1077,0.0003049567929463634,0.0078131434596247,tumor_core
1078,-1.028584911729434e-06,0.003752597766121,other
1079,-0.00618046087655532,0.0221218935808255,interface
1080,0.03788744506609494,0.0244754315823829,interface
1081,0.0003999967876078029,0.0019286254524683,other
1082,-1.3252160780605446e-06,0.0001767077930461,other
1083,-0.09277077000812642,0.0139511834633714,other
1084,0.037079184536500304,0.034649012393174,interface
1085,0.0025831872987110583,0.0014797995035573,interface
1086,9.810851302016189e-05,0.0027547978257378,other
1087,0.0008552310413267115,0.0008013847188986,other
1088,-0.006497768776408295,0.0570841550362349,interface
1089,-0.037926277749511975,0.0554016221574614,interface
1090,-0.009011968284745127,0.0066414380374978,tumor_core
1091,0.0005303671563982744,0.0012598488228152,other
1092,0.0005208642456498505,0.0045323042038808,other
1093,20.71209007615507,0.2775309457687975,interface
1094,-0.027374516809725507,0.0224086300494138,other
1095,0.0026246256667969096,0.0166536625014511,other
1096,-0.03722845154736015,0.0454651550476647,immune_core
1097,-1.7926103364803836,0.227609071888839,other
1098,0.0006717466492707454,0.0011665073391818,other
1099,-2.5164915272812068e-05,0.000907739848325,other
1100,0.4852561023204988,0.0345472596195406,interface
1101,0.0062731749314616685,0.0089956190576962,tumor_core
1102,0.0026167646811411874,0.0060455741145316,other
1103,-3.301906952959455,0.3035081923522852,interface
1104,-0.042230681695123104,0.0152520030558684,interface
1105,0.07139782252465492,0.0464087237120726,interface
1106,-4.418553559021239,0.3311384960870653,other
1107,-0.007293587215617393,0.004083185792342,interface
1108,85.03243052452018,1.4555914666408942,interface
1109,-2.308237602675493,0.5181572555983013,interface
1110,0.00016501743679429054,0.0057978446778414,other
1111,8.031698504309886e-05,0.0018051846585315,other
1112,-9.374174600848809,0.5990522952725575,immune_core
1113,0.005376172665113845,0.0063901154292711,other
1114,0.005563109364058784,0.0021700910659627,other
1115,-8.108522578454751e-05,0.0014526400751207,other
1116,-0.008142555481831099,0.0156067859582756,other
1117,0.0026840228158311018,0.0037909621635459,other
1118,0.0017381739928526698,0.0049993199165472,other
1119,-0.0027053142321177325,0.0083358992662186,other
1120,0.0023077774305448754,0.0052590116119349,other
1121,-0.012901224068934944,0.0048984565190421,other
1122,17.776598166846753,1.0733823799659588,interface
1123,0.0013984851720573784,0.0025581238649113,other
1124,0.0002431762800229972,0.003689467818107,interface
1125,0.05438216377228397,0.018409639255054,interface
1126,0.013278831172582037,0.1052799224865219,other
1127,-0.005064384477335935,0.0648418157930093,interface
1128,-0.001646947216621327,0.0041852096731502,other
1129,-0.029447371085230465,0.0395880591340395,immune_core
1130,0.0010633626015268342,0.0021631091459167,other
1131,-0.2610685622048479,0.0325253276257949,other
1132,0.0015781017035568475,0.0024839012586216,other
1133,0.009508837035808005,0.0573634421019775,interface
1134,0.006933465397274194,0.0117422629102426,other
1135,-1.6119341166446455e-06,0.0001938321060492,other
1136,0.00024919535514857674,0.0025826287239192,other
1137,-0.05884156102771011,0.0697535669265934,interface
1138,1.8007911895877655,0.0696925055884982,other
1139,-9.219714373810007e-05,0.0026931616677663,other
1140,0.00048451629878080017,0.0039526885247916,other
1141,-0.12330492258256519,0.0739798819365253,other
1142,-0.03314104737259531,0.0264701456215956,immune_core
1143,-0.0001206318174213501,0.0021477618285688,other
1144,0.00011926293654506231,0.000361394261117,other
1145,0.00044340375783238515,0.0055437502069949,other
1146,0.0036609236432549727,0.0058152980672245,other
1147,0.00010626619531825289,0.0007104168134757,other
1148,-0.002627427314232297,0.0091646886299991,other
1149,0.02413720730130052,0.0411437874310164,interface
1150,-1.495492611254773,0.2417266025600374,other
1151,-0.0029010172299174554,0.0102010518925382,other
1152,0.049062342586607584,0.0113817147013796,interface
1153,225.96323939651865,2.633589388157013,interface
1154,0.020435725910919376,0.0130423731755983,interface
1155,0.000481481045980844,0.001351728242842,other
1156,0.016926111769504495,0.0076663492469784,interface
1157,0.0015313643328662692,0.0042279477029634,other
1158,0.18804472563067315,0.0531752804150816,immune_core
1159,0.010516406346246475,0.0120744625798001,other
1160,-0.005674931155893947,0.0182401168778256,tumor_core
1161,-0.0011803403794563697,0.0088447198288093,other
1162,-0.8497577644883845,0.2015055165237526,other
1163,0.004285012309773671,0.0178028065371963,interface
1164,-0.4896755487407293,0.0777060013884127,interface
1165,-0.0010954895546790048,0.0247658871496673,interface
1166,0.02623043502209603,0.013464009575372,interface
1167,0.012899136120324686,0.0129340487024888,other
1168,0.005620426787191381,0.0132284444345423,interface
1169,-0.005515176296292934,0.0118459084463852,tumor_core
1170,0.057692279810990295,0.0158687110716896,interface
1171,0.06733719655330199,0.08883061618166,interface
1172,7.224795256901541e-05,0.0024294397437122,other
1173,0.009456148795941505,0.008814460889329,tumor_core
1174,-0.001670307677416074,0.0072160642986819,other
1175,-0.09393500946825716,0.0464935330120625,interface
1176,-0.22152151564003406,0.0943458302634899,interface
1177,0.20775353810777566,0.11267047253331,interface
1178,-0.10235482458071551,0.1185109117980901,interface
1179,-0.0004664348198304704,0.0051223874046728,other
1180,0.02365463488773588,0.0310903344379003,interface
1181,-0.047708433021278876,0.0280910254690257,interface
1182,0.9568445487281575,0.0994195391258162,interface
1183,0.00038775768978230535,0.0017587772365151,other
1184,0.005031428119060467,0.0056813636263262,other
1185,0.08820313262985627,0.0464751279382065,interface
1186,0.00031807475305422304,0.0040410531074782,other
1187,-0.0009459145837401534,0.0100703541128917,other
1188,-0.0007541209032383327,0.0085805557551812,other
1189,0.003328318912431855,0.0058965191024543,immune_core
1190,173.78482663839313,1.6781007710860958,interface
1191,5.435111062485871,0.228245264214708,interface
1192,0.00035208847644551013,0.0029383407618074,other
1193,0.036153511342165205,0.044476540136608,tumor_core
1194,0.00043531023898715077,0.0021514658608936,other
1195,0.05936292105975878,0.0529374809438348,interface
1196,0.0010205168676974176,0.0040686166512625,other
1197,0.03341034856159129,0.0100382241754878,tumor_core
1198,-0.0063568063309201355,0.0245018489804391,tumor_core
1199,0.007067359297622952,0.0081320040851305,interface
1200,1.0405650176768142e-05,0.0001367034461477,other
1201,-3.3719367363691832,0.6193377040184974,interface
1202,-0.018795168787983835,0.0092802377683155,other
1203,-0.07709262709131988,0.0744138464484065,immune_core
1204,0.016986146219859333,0.1860035305781813,other
1205,-11.361762951806586,0.8239950914330603,interface
1206,0.01799666356439146,0.0469077001955122,interface
1207,377.0411503883741,4.372174170852662,interface
1208,0.026293557132190365,0.0091359295010511,interface
1209,5.5791624801921716e-05,0.0006842747127096,other
1210,-2.0312552808289785,0.302305442888847,interface
1211,-0.003520192746051559,0.0071617679048087,tumor_core
1212,0.38205571699283714,0.0721546356951577,interface
1213,0.00016785752426824732,0.0007188730721243,other
1214,0.0010125358070550196,0.001459243513995,other
1215,0.7446699703656957,0.1624857114756175,tumor_core
1216,0.031114171657874747,0.0598987977853604,interface
1217,0.9859635973391252,0.0930411193975696,interface
1218,77.64963164082775,1.218832842934874,interface
1219,-0.6043322901530217,0.03311940639068,other
1220,0.28427193294840375,0.0277070476464382,interface
1221,-0.07424895690961947,0.0489184070954968,interface
1222,0.038265687495284584,0.2410926805354662,other
1223,-0.05854672375175426,0.0389365303740342,other
1224,-0.048276006686015,0.0401665532416176,other
1225,-0.00010211353640396155,0.0005589319075589,other
1226,-0.02608295294993734,0.0548081019150119,interface
1227,0.01924176524064844,0.0142602813819157,interface
1228,0.007124848120230462,0.0127709407340092,other
1229,22.369197613873627,0.7779563324788189,interface
1230,0.0001192573677621768,0.000303318018038,other
1231,-0.013119791296733518,0.0240860935973893,other
1232,0.0003655980624033914,0.000580629187115,other
1233,-0.0018564020364487603,0.0079359114389177,other
1234,0.007599981478459747,0.0231283109291999,interface
1235,0.022369977803051937,0.007214539922665,interface
1236,7.35080908960446e-05,0.0019069538898482,other
1237,-0.0020840185148593804,0.0038952722309176,other
1238,0.04042965145323511,0.0125511620215264,interface
1239,-0.0008564356268674487,0.0041081911550853,immune_core
1240,0.00228550479460066,0.0095545779253886,other
1241,0.0007442120279038719,0.0020511508000913,other
1242,0.0031368189118878187,0.0023701422023135,other
1243,0.021910530111100605,0.0120867030316173,other
1244,-0.00039512054085329726,0.0032982305874859,other
1245,-0.0031465726624353052,0.0090293687217854,other
1246,-5.294168202911823e-05,0.0015566409821801,other
1247,0.011636532821477192,0.0106515794015015,other
1248,-0.04863898653617512,0.0630002052048131,other
1249,6.305319602312217e-05,0.0005837277430634,other
1250,0.0048129004619164245,0.0067664112723794,other
1251,-0.03331446784480737,0.0414627417025062,interface
1252,0.003982507768510373,0.0017217519182614,interface
1253,-0.006125777514235587,0.0110467856797192,other
1254,-0.02484406599866894,0.0916279641468343,interface
1255,-0.03013481923415532,0.0494626434627226,interface
1256,-12.911558753758886,1.011053938035871,interface
1257,0.004512157268238826,0.0056720552295495,other
1258,0.018541769028050582,0.0370645795984057,interface
1259,0.017908454158819052,0.0461513856672858,interface
1260,0.0046892708638818,0.0053732636369784,other
1261,0.002423244870845221,0.0287439266070127,interface
1262,0.1600079459584367,0.0768352152205496,interface
1263,-0.0007033901281133175,0.0014570250277168,other
1264,-0.0317421743686425,0.0725108560105355,other
1265,4.233794821759214e-05,0.0004691116248699,other
1266,-0.015828426185339528,0.0301041472630593,interface
1267,-0.6244998730460748,0.1470685611211341,interface
1268,-11.563312995726102,0.5476841836415475,immune_core
1269,0.05341856399303924,0.0202649348860938,interface
1270,-0.2729900011681615,0.0322252324460467,other
1271,8.83043803760689e-05,0.0008385016717087,other
1272,-0.02558898042664347,0.0303940087989102,other
1273,-0.0012927273476622762,0.0032555065779511,interface
1274,0.010691590627970576,0.0181258608980136,interface
1275,0.02794617354227911,0.0178298307165759,interface
1276,-1.154574541115692,0.1562782412413283,interface
1277,0.0018653242441111714,0.0020238702824234,other
1278,-0.26708380140961163,0.0845422403326175,other
1279,-0.0043839151036677215,0.0177083281327652,interface
1280,0.008176938330418508,0.032322759846568,interface
1281,0.03714392811622619,0.0342789095030117,other
1282,0.0034764656365743538,0.0158414740921197,tumor_core
1283,-0.0003441634050304508,0.0009520852228349,other
1284,-4.4610005597019005e-05,0.0019631789728339,other
1285,-3.8839426441424536e-05,0.0002889617950408,other
1286,-0.0008964569022421082,0.0065314087131926,interface
1287,21.89556926596778,0.7942749320059518,interface
1288,0.01724343436406238,0.0389512289032509,interface
1289,0.0018660280772408628,0.0019111920781063,tumor_core
1290,0.004139166244662436,0.0028973394026587,interface
1291,0.018991028610755575,0.022832799160446,interface
1292,0.003132246158789596,0.0089816475098906,interface
1293,0.15897732379570212,0.0172522016697698,other
1294,0.013766360919594019,0.0302503693351879,interface
1295,-0.0006243790510627805,0.018380473778774,interface
1296,0.004124220371558101,0.0077061658996089,interface
1297,0.042143030307172986,0.0122423408872185,interface
1298,0.03136644428225384,0.0162786892464604,interface
1299,0.007634512143460432,0.0225206822130329,tumor_core
1300,0.22334253761005035,0.0340821152267446,interface
1301,0.008756774305132328,0.0140242068364363,interface
1302,0.0016742662048179566,0.0058874629670453,other
1303,4.788274126264316e-05,0.0019934843807219,other
1304,-0.001572722548179827,0.0064497500325803,other
1305,0.0035357565492586678,0.0080044415758902,interface
1306,0.00018995856432561697,0.0026298648863568,other
1307,0.04952209883156582,0.0170185730277939,interface
1308,0.00019974418352802371,0.0010691354162723,other
1309,-0.08252495544738103,0.0409351272504883,interface
1310,-0.002296780238806095,0.0090710767825452,other
1311,-0.0021284927081968706,0.007858014762488,immune_core
1312,0.0001280735948714772,0.000324433896794,other
1313,0.00039775291357414604,0.0029989887939692,other
1314,-0.08861750053494412,0.0190350103181763,interface
1315,0.0025521015258405107,0.0097189772183626,other
1316,-0.00017611507763400623,0.0022279438007083,other
1317,-0.006565326674787994,0.0168964460175482,other
1318,-0.01998568212566808,0.0119342809450599,immune_core
1319,0.008602504895535395,0.0054931267406669,interface
1320,0.0014439442587499437,0.0036187676083775,other
1321,-0.002552791501729056,0.0174118456742506,interface
1322,0.0029010185503576032,0.0023236000499933,other
1323,2.074370058739521,0.2547862559533703,interface
1324,0.10873913812236075,0.0387183154846267,interface
1325,0.15499949158947401,0.0379470456211669,interface
1326,-0.06766362351592395,0.0612785721668598,interface
1327,8.783759577261721e-07,1.057965357893612e-05,other
1328,-0.048678499232462286,0.0299340268515149,interface
1329,-0.025998101894316308,0.0243801368247787,other
1330,-0.017656632786068174,0.0344865619674513,other
1331,0.00840013161762798,0.0122284241952492,other
1332,0.00922001474293168,0.004764401349353,interface
1333,0.004835981375486256,0.0157921077782163,interface
1334,-0.04772217591006009,0.0704349928120468,other
1335,0.004542126320240129,0.0062117560996975,other
1336,-0.00022654640218134226,0.0018912854891781,other
1337,0.0031208333192270345,0.0063220507557302,tumor_core
1338,-0.015086514517745056,0.032921988869801,interface
1339,0.005988106424587849,0.0065656505284184,other
1340,-0.009448739001658088,0.0241553590645732,immune_core
1341,-6.980387269675566,0.5678546175001137,interface
1342,-0.0021761007923801466,0.0062701638086207,other
1343,0.0003422509211066831,0.0030393702618384,other
1344,0.0021162886454689504,0.0009292228514601,other
1345,0.00011476811860172647,0.0023531527136148,other
1346,0.04348328230473848,0.0209792865033616,interface
1347,0.016486331182304553,0.536250485336334,interface
1348,0.02055289576404998,0.0057634049114435,interface
1349,9.121915600517423e-05,0.0026558756144248,other
1350,0.00026985875624084695,0.0031699569186718,other
1351,0.0012575534017009908,0.0023935570036337,other
1352,0.03935599636783037,0.0262195087204282,other
1353,0.0031307641916609318,0.0212047548368234,interface
1354,-0.00016619960263529625,0.0013133472164839,other
1355,0.0024632563944272635,0.0149534256767533,immune_core
1356,1.6074265675666297,0.1407580269282358,immune_core
1357,0.0016959163209178275,0.0056397972193222,immune_core
1358,0.0028075012373003664,0.0066766644720423,other
1359,0.0035608641552765737,0.0039426486570128,tumor_core
1360,-38.85823578829515,1.1561352282780344,interface
1361,0.012009141553787158,0.0106076886439814,tumor_core
1362,0.0017360289505559713,0.0026380758677958,interface
1363,0.0010766468553190403,0.0031537042839675,other
1364,-0.00042684101325317207,0.0003033359105874,other
1365,0.0008547590473126599,0.0010515542859112,other
1366,-0.7086003442585549,0.0839474348856845,interface
1367,-0.01963374903002684,0.0018939160590823,other
1368,0.0003859507490449063,0.0017597265119315,other
1369,0.002304993637563451,0.0041571461310507,interface
1370,0.043964340399275804,0.0323665812758174,interface
1371,0.19572923481010615,0.1104292454925803,other
1372,0.0030222461037062256,0.0083956619387106,tumor_core
1373,-0.013192366854410149,0.0282468747749616,immune_core
1374,-0.000646527703542505,0.0032168637691966,other
1375,0.0003927297236303673,0.0006236289496595,other
1376,0.13814272395065952,0.041809799127177,interface
1377,6.725794631005789,0.4685144346408383,interface
1378,0.00040169515290462026,0.0006756482842704,interface
1379,0.0008661954866436982,0.0042929000210177,other
1380,-0.011178350249272703,0.0021465370578035,interface
1381,0.02073466465203531,0.016442245796466,other
1382,-0.00032899385130057064,0.0043518727594402,other
1383,0.3310215612299553,0.0644445541466984,interface
1384,-0.009992332171450909,0.0207015734721019,interface
1385,-0.02490502835148469,0.0181045278417324,other
1386,-0.0015026523953866578,0.0014375420145232,other
1387,0.0013930196098877335,0.0135244635596399,tumor_core
1388,0.00019605517180361744,0.0124566047830587,other
1389,-0.0002524470816563912,0.0051974476163962,other
1390,-0.10620751630650088,0.0203531679951031,other
1391,-0.0034878810822995517,0.0123751751555996,interface
1392,0.07827102689126016,0.0451685442668896,immune_core
1393,-0.0002082001185747966,0.0014778513731613,other
1394,0.009497346892063845,0.0323453890897326,other
1395,-7.9543017372132e-05,0.0040321166409494,other
1396,-0.0004684048499888913,0.0004250053838345,other
1397,-0.017122931446935614,0.0247658968022005,interface
1398,-0.0007838914618640593,0.061933801147065,interface
1399,-0.14247201234791668,0.1383027247892343,interface
1400,-0.31915098258004043,0.1284189885825177,interface
1401,-0.031000326536235797,0.0331239483666501,interface
1402,0.059657152961260076,0.0342034368801872,tumor_core
1403,0.004840213142384507,0.0094118523384158,interface
1404,-3.173428810894743e-06,0.0001343426057611,other
1405,0.00670509459179354,0.0502734018490856,other
1406,0.04475528863539079,0.0062839405039144,other
1407,-0.009230686042730852,0.0252317561029236,other
1408,-0.018245939366807216,0.0398264857801597,immune_core
1409,0.00882472696173538,0.0075077039031943,interface
1410,0.0023799256113897563,0.0100647555477966,other
1411,-0.00024458597554137925,0.0026624413400885,other
1412,1.7559141944586596,0.0547380507611153,interface
1413,0.007987932478892151,0.009944940900519,other
1414,0.037130652616279,0.0173951044052209,other
1415,-9.60333372696776e-05,0.0166652224180077,interface
1416,0.0653550009831225,0.015634827430752,interface
1417,0.0007178262632872524,0.0014661047271213,other
1418,0.0015116595854918495,0.0057827442614343,other
1419,-0.029997163375727047,0.0110681790547046,other
1420,-0.0371627456572984,0.031027022261154,interface
1421,0.027047411284500673,0.0200211254655495,interface
1422,0.06658736721924957,0.0554309246644449,interface
1423,48.07185227760661,0.6405385988183517,interface
1424,-0.0001064883554311889,0.0024296770798091,other
1425,-0.04702888365368982,0.0599765385814874,interface
1426,-0.03568548036556098,0.0106705215846384,other
1427,-0.8096369178694043,0.0701451978896435,immune_core
1428,0.0036997551374392257,0.0075859117043574,other
1429,-0.0020077546776102666,0.0232387120218035,interface
1430,0.009647096310059344,0.0038312173198502,interface
1431,0.07320679508112914,0.0217046649473285,interface
1432,-5.9731937909214765e-05,0.0017264376202778,other
1433,-0.0008140236765382305,0.0102287936066515,other
1434,-23.197692510290764,0.21512554970356,interface
1435,-0.008345693077419999,0.0213112018406366,other
1436,0.021769633946128977,0.0260305449267582,interface
1437,0.00012700245615749933,0.0018708327932743,other
1438,0.0006976911051545354,0.0067110174541596,other
1439,-1.3458833225207951,0.1056659986164728,interface
1440,-0.01346401513162136,0.0513408921719383,tumor_core
1441,0.0023869900627716037,0.0051260183771718,other
1442,0.036250767327643915,0.029820069373728,other
1443,-0.008081250546851574,0.0147304803912758,interface
1444,3.435536210845954e-05,0.0002045488197798,other
1445,-0.00010377140103436729,0.0013123588943516,other
1446,0.014292644852854502,0.0172738753107833,interface
1447,-0.003580775603865525,0.0112940540220022,interface
1448,0.004225039723418182,0.0068648359860449,interface
1449,-0.035137003745994745,0.0394901840046197,tumor_core
1450,-0.09495411629123604,0.0535432374862716,interface
1451,-0.2492343369489275,0.1141292711786016,interface
1452,-0.019683260259627383,0.0359915391837188,interface
1453,-0.00048326998080173815,0.0041477972067663,other
1454,0.013732998892997433,0.0396383221855457,other
1455,0.0021007461037325253,0.006243323279684,other
1456,-0.03551348841763044,0.0089611656274271,other
1457,0.0003112997762926143,0.0048584687211882,immune_core
1458,0.00038018482834740477,0.0004004555484252,other
1459,0.039045984293728804,0.0273401846257377,interface
1460,0.000343552088866436,0.0027989194112632,other
1461,-3.934490312755137e-05,0.0018880665601074,other
1462,-0.989132001970634,0.3587952418693907,interface
1463,0.002377898853692554,0.0044341874619711,interface
1464,0.0003867094538688035,0.0012331124203888,interface
1465,0.0013033569812319476,0.0058722240097047,immune_core
1466,0.07652315573053523,0.014358638092655,interface
1467,0.0014309513020581825,0.0077015551455095,other
1468,2.6419088806362152e-05,0.0006829688058283,other
1469,0.13480816675324803,0.0295061450497049,interface
1470,0.012653091949099252,0.0257574428760418,other
1471,8.678538446506111e-05,0.000310901100849,other
1472,0.2754352970024933,0.0494810903977951,interface
1473,-7.541286128517148e-05,0.0030863198848053,other
1474,-0.0299751280164924,0.0289886945857269,other
1475,0.46752188697591435,0.1176136055780162,interface
1476,0.0031001736066009642,0.0064766000498461,other
1477,0.0006079338817393883,0.0010759141207263,other
1478,-0.0033763598044276926,0.0175365708630266,interface
1479,0.0012405879986511865,0.0011311191611808,other
1480,-0.5525295078629382,0.1263758116119309,other
1481,0.008792542308196864,0.0328126425663499,interface
1482,0.03127869596473477,0.0464126572270541,interface
1483,0.14300058333140114,0.0603355287469611,interface
1484,0.2219283984079251,0.0381335672559704,immune_core
1485,0.006486193778804148,0.0079415538092582,interface
1486,-0.007101316831474841,0.0204761347950862,immune_core
1487,0.007700171673436157,0.0281430866224663,interface
1488,0.0927614744919375,0.034357695532732,interface
1489,0.004887814159032132,0.0064170672942731,other
1490,0.006513752519024724,0.0066615647589389,interface
1491,-0.01872148984067854,0.0180934128994524,interface
1492,-0.1324195973944192,0.0294390711021546,interface
1493,-0.6763111331110156,0.1336279243436116,immune_core
1494,-5.0352034510194326e-05,0.0010810904157899,other
1495,0.00509194176422359,0.0051641606180056,interface
1496,0.018494380873216892,0.023264996908291,other
1497,0.03508857021149796,0.0222353636513605,interface
1498,-0.0038629952768207635,0.0139781119958272,other
1499,0.003966077782583132,0.0015786295800398,other
1500,-0.0018907537680120726,0.0005838391884721,interface
1501,-0.01209408034833818,0.0081678441013765,other
1502,0.002034155993436627,0.0212308394420382,tumor_core
1503,3.999001093656543e-05,0.0007763457450252,other
1504,0.003333472366261134,0.0050527526207115,interface
1505,2.051090155303153,0.1644324524849459,interface
1506,0.006518188830299878,0.00489537158426,other
1507,-0.01284906224401179,0.01116021228006,other
1508,-0.0019083123357117458,0.0086667492673797,other
1509,0.0023925394618856746,0.0040108953950416,other
1510,0.0011460940227143173,0.0011144340453746,other
1511,0.2595633320043297,0.0540026156193762,interface
1512,0.0006110075567399699,0.0013043342590216,other
1513,0.0027766253004697667,0.0165051045559313,other
1514,-0.003372031075853383,0.0031816330392891,other
1515,-0.023142474358047765,0.0313975731211838,other
1516,0.00043757261233742843,0.0011053536421099,other
1517,0.003005887770726648,0.0033178205624341,other
1518,0.020625302001342653,0.030052784981446,interface
1519,0.0010819685591428692,0.0086691179060127,interface
1520,-10.925336106876447,0.6225558308913902,interface
1521,0.01402393473142475,0.0050950080019218,other
1522,5.493071517549841e-05,0.0008297586321462,other
1523,0.0006137884448867729,0.0033942669034414,other
1524,5.4616338867012894e-05,0.0008572577113955,other
1525,-0.02113421328864453,0.0083013722204712,other
1526,-0.003617026724207301,0.0101177639400344,immune_core
1527,-0.012840905221564796,0.0465565860463913,other
1528,0.13427043687378426,0.1617136303213786,interface
1529,0.0004934396926088084,0.0073939561105625,other
1530,-0.0058193418250426865,0.0148359757812199,interface
1531,0.08113365762799837,0.0270548763066287,interface
1532,-0.0447651932825581,0.0183616814194778,immune_core
1533,-0.0007435151448789124,0.006598489635725,other
1534,0.0004899373179704609,0.0031360580950772,other
1535,0.0004046218252825339,0.0058351374438422,other
1536,32.6379871064243,3.793723050516281,interface
1537,0.00020032161008051881,0.0015727384003941,other
1538,0.0038211091146646663,0.0275712547884117,interface
1539,102.00132824260388,1.4537674545568182,interface
1540,1.565189700371594e-05,0.0003079487663406,other
1541,0.0006758234783983859,0.0258606957990238,other
1542,-0.03126800616933123,0.019752700995362,interface
1543,0.07911675807675411,0.0302913090337824,interface
1544,0.0023850529148324207,0.0099097388030964,interface
1545,0.00024522914773408264,0.0015891924927365,other
1546,0.0004741167614593419,0.0015423542091534,other
1547,0.004055730621676398,0.001939325733012,interface
1548,0.011141557722816041,0.0113956529306775,immune_core
1549,-0.002274173759504382,0.0089349615267747,other
1550,0.017330961750148293,0.0162887241636089,other
1551,-0.005916958896378378,0.0163999145294387,tumor_core
1552,0.3508194276187372,0.1177692266752484,interface
1553,0.0005474117094715931,0.0012655630454941,other
1554,-0.016892119182006195,0.0134088223991053,other
1555,-0.005637975485822861,0.0275373620737195,interface
1556,-2.5246863813762332,0.2304355911261343,interface
1557,-6.497886159602781e-05,0.001867015313884,other
1558,-1.1924051703031928,0.0148899464382411,interface
1559,0.6836102697950156,0.0845313089112532,interface
1560,0.08027845770920872,0.0489821910368836,interface
1561,-0.8056554528682133,0.0426791282372542,interface
1562,0.008458214165179462,0.0129411993161477,interface
1563,0.09506621285468701,0.027760656503124,interface
1564,-0.006003791306551508,0.0195777696948777,immune_core
1565,-0.023746553990802832,0.0257333774954347,tumor_core
1566,-0.10253936984742319,0.0299872669998296,other
1567,-1.2276331685087793,0.1257038130878252,other
1568,-0.06867096505424755,0.0111305494628986,other
1569,0.014708007897060114,0.0109184557208803,interface
1570,0.008195138399148408,0.0109199285316025,interface
1571,0.04033301217202885,0.0344218759004921,immune_core
1572,0.023118857235466375,0.0644800900104064,interface
1573,0.00034949327146810785,0.0033443750706661,other
1574,0.009895229977560696,0.0083890899731921,other
1575,-0.5283320620926089,0.19386417854207,interface
1576,3.259865379805871e-05,0.0008807976997565,other
1577,0.10998825892173625,0.0710634794110522,interface
1578,-0.06515643806962415,0.0043861547571648,other
1579,0.0016773115479449428,0.0036413292221072,interface
1580,-0.0014323007583744685,0.0062304625492605,other
1581,0.012880403423837047,0.0077663343485502,interface
1582,-1.3591942478576332e-05,0.0008386379542859,other
1583,0.001755772918615792,0.0409905506965885,other
1584,-0.007113836596811982,0.0248738637428547,other
1585,0.004271824303660935,0.0239343527533973,interface
1586,0.25730423080816384,0.2500406803313431,interface
1587,-0.5460308078075664,0.2491677577310592,other
1588,-0.013658778556571629,0.0437204650322904,interface
1589,-0.029147572854233528,0.032876803600815,interface
1590,0.007784014511029233,0.0356806399700247,interface
1591,0.005158754653464178,0.0128450679302656,interface
1592,0.006730232130996317,0.0077598304229791,tumor_core
1593,-2.8657567459261606,0.1440859017631339,interface
1594,2.8000256489225288e-05,0.0004124175528521,other
1595,0.04760490382685381,0.0278303654127945,interface
1596,58.26041377812231,0.8949820294557758,interface
1597,0.0009101634704967724,0.0018661483226289,other
1598,-0.0012859619045871593,0.0081647184962275,other
1599,0.008620359581595786,0.035253527677384,immune_core
1600,0.0015371007322516515,0.0032045364133077,other
1601,0.1426120952549475,0.0547361377699577,interface
1602,-0.2500578258555611,0.0428834228134876,other
1603,-0.004976834740358431,0.03712714071169,other
1604,0.00301223033403854,0.0121954710316776,interface
1605,-0.008207908038179444,0.0180528084769574,immune_core
1606,-0.02025363061979777,0.0451255672124387,other
1607,-0.011186479749142608,0.0342947061338396,interface
1608,-0.00015763144952901306,0.0072459312620073,immune_core
1609,0.030790658709865498,0.0123665294080619,other
1610,0.0035436618028714347,0.012633058504185,interface
1611,-0.011347468082519836,0.0233723834764828,interface
1612,0.001783812022601688,0.0106201922115159,other
1613,0.0049127772680842945,0.0080999990201661,other
1614,0.21473107546856113,0.0637922233767051,interface
1615,-0.002721121712443547,0.0038759280757436,tumor_core
1616,0.017129331647152808,0.0208191197288208,interface
1617,-0.06188759695810672,0.0531706183292618,interface
1618,-0.06317222505987974,0.0110621378702734,immune_core
1619,-0.003479566570746355,0.011195450365786,tumor_core
1620,-0.14892265599430746,0.0302885917697036,other
1621,-0.005490559767664868,0.0125160480305448,other
1622,0.00779122108155856,0.0282531984135297,interface
1623,-0.03368647380043724,0.0398544657462323,interface
1624,0.00946977438508719,0.0135092209432331,interface
1625,-0.0076515308460467415,0.0184239276894806,tumor_core
1626,0.22465387205239457,0.0465874759176429,interface
1627,-6.8048255952212664e-06,0.0024673690838379,other
1628,2.894102624799591e-05,0.0007787300870485,other
1629,0.0012074809338833495,0.003112083504512,interface
1630,0.00017053100942274272,0.0003369188000341,other
1631,0.002094053826896327,0.0012114609390197,interface
1632,-0.07285033228830429,0.0477884815773378,interface
1633,-0.034395147206372136,0.008265048543776,interface
1634,-1.0748678919818096e-06,0.000551824661294,other
1635,2.2763270282989687e-05,0.0009381269168651,other
1636,0.00042401269572264234,0.0107506259537559,interface
1637,0.003623634819799428,0.0018675629114233,other
1638,0.002047817035512656,0.0095896578118705,other
1639,-0.0004249001718530027,0.0067782207475222,tumor_core
1640,0.00010752199106286161,0.0048546430378274,other
1641,-0.06718088094021477,0.0217659952708145,immune_core
1642,-0.03755856198156951,0.0476107884710591,interface
1643,0.03220582538887007,0.0142644793882834,interface
1644,0.010413763609039126,0.0833004296016197,interface
1645,-3.813866810821721e-05,0.0036318962089252,other
1646,0.03313815598945788,0.0518861195488671,interface
1647,0.002542014456925104,0.0047415518112888,other
1648,0.022425964767215006,0.0312454531214501,interface
1649,0.0007354899869301952,0.0111845666178796,tumor_core
1650,0.002799138300612842,0.0081581411568005,interface
1651,-0.42070226440995595,0.1231619335040024,interface
1652,-0.027534687648777492,0.005455697568882,other
1653,-0.0025844624048491026,0.0063638385403258,interface
1654,0.0038868170712536856,0.0033843300832676,other
1655,0.7985277044373802,0.0723322156472286,interface
1656,-0.009450138245721449,0.0150110106034165,interface
1657,-0.02673493586636086,0.0057034841686612,interface
1658,0.016981236791621786,0.0758435993841105,interface
1659,0.007259355047019318,0.0208424908334719,interface
1660,-8.181852766687316e-05,0.001656586294724,other
1661,8.270279788032646e-05,0.0022355031832316,other
1662,-0.11323098626475164,0.0325572470779939,interface
1663,2.259393691505377,0.0765170272320372,interface
1664,-0.0013060578056479167,0.0268288020059841,interface
1665,-0.008895180380152053,0.0227896622873926,interface
1666,0.002817214854521807,0.0030538484577056,other
1667,-0.547750174974186,0.1428593359806206,interface
1668,-0.006268940196776087,0.0092104406399608,tumor_core
1669,1.8756790224972695,0.386053797133267,interface
1670,-0.5075607529461219,0.1555587172573655,interface
1671,-0.0036794779431747874,0.0147123404484294,interface
1672,0.003176298103347568,0.0019475101164222,other
1673,0.0013757383088136973,0.0049551482251884,other
1674,0.000470236956318406,0.0065764513593498,interface
1675,0.00475335817082387,0.0075388019318002,interface
1676,34.176469751173244,0.5978814256143304,interface
1677,0.000103681024920882,0.0009399535178933,other
1678,-0.0001931279919966649,0.0084915830159051,interface
1679,0.32608532855475936,0.0640797244672393,interface
1680,0.000428643506921252,0.0019833128855215,interface
1681,0.00339962067067486,0.0022022886736535,interface
1682,-1.4972579454417008,0.2664983480631544,interface
1683,0.002526571789416373,0.0128088518156996,other
1684,0.0004797649561849044,0.0059138456611604,other
1685,-1.4521943180415953,0.0605127988457151,tumor_core
1686,0.0018281939282266315,0.0028213012706477,other
1687,0.19262761946601262,0.0633197507873472,interface
1688,-0.030193007788075224,0.1855862799375477,other
1689,0.05445678319589458,0.0425201845237427,interface
1690,0.7789584517333924,0.0915008578016664,interface
1691,0.0037874404091045467,0.0040603095418836,other
1692,0.00023448539125958285,0.0010945272649068,other
1693,0.00023757260541494178,0.0004329254370455,other
1694,0.000859349984697027,0.003685485474272,other
1695,0.00029693798944192183,0.001403065075787,other
1696,0.005557341798315154,0.0034989693384759,interface
1697,-0.0013467065327149557,0.0070048715896739,other
1698,-0.005012801213146726,0.0169042802700058,other
1699,1.184485639573059,0.1454909894608324,interface
1700,0.00023233259328955632,0.0107514663436793,immune_core
1701,0.0005735519160751607,0.0029373392575625,other
1702,0.00019924826986103438,0.0026562241423719,other
1703,-0.021603528088250536,0.0262604864655459,other
1704,70.28010180248988,0.6566781763459432,interface
1705,0.02371055804100009,0.0220190003103721,immune_core
1706,0.00022352649924411893,0.005122942689038,other
1707,40.94123721150018,0.958825523644432,interface
1708,5.328556278492742e-05,0.0001684815515085,other
1709,0.0010760875180495432,0.0090192019041116,interface
1710,-0.021838297887196306,0.0223199034148951,immune_core
1711,0.1276021516656094,0.0215712202335769,tumor_core
1712,-1.9534430401466483,0.4557742565026499,interface
1713,0.009790662727666679,0.0833014839787844,tumor_core
1714,0.011748993294812035,0.0109287753650467,tumor_core
1715,-0.002468635270822173,0.0142508155611027,tumor_core
1716,-0.001580090628884064,0.0054614625257129,tumor_core
1717,0.00015724202682957495,0.0030451316790444,other
1718,-0.009186952050965522,0.0171591738499932,immune_core
1719,-0.0012176234327450032,0.0234512924548266,other
1720,0.011295533547511043,0.0125939080753578,interface
1721,0.9557284565138863,0.0857633180297647,interface
1722,0.18131685640596837,0.1718930312652112,interface
1723,2.586466603822648,0.3978467546934945,interface
1724,0.15957016371213795,0.0843143154817756,interface
1725,-0.00023292982047315696,0.0048938655212633,other
1726,0.0003086329220544073,0.000726047603712,other
1727,0.0002391362069142346,0.0012723969224711,other
1728,-0.0026199734540524235,0.0002526937801966,interface
1729,0.0008592683086137119,0.0043372856137888,other
1730,-0.01073299975705551,0.0220981167914287,interface
1731,-0.1141313245933399,0.0589779393067551,other
1732,10.290577718231344,0.2654642897142411,interface
1733,0.44256192535499017,0.074917366620137,immune_core
1734,0.09316444251444429,0.0331974194883065,immune_core
1735,-0.04059697460835277,0.0547716100183976,interface
1736,0.42593333679548623,0.0438614489745474,interface
1737,8.084907779342313,0.993320612505236,interface
1738,0.25640313056702835,0.0297732249363041,other
1739,-1135.2873251072413,8.43327221253795,interface
1740,0.1494392473916011,0.1011739676087788,interface
1741,0.3518231120583325,0.0391124476048509,other
1742,-4.740435143502633,0.4091913919008847,interface
1743,0.10317117261744863,0.0490287555774454,interface
1744,0.0002046268641789714,0.0015387006742025,interface
1745,0.13670474906753216,0.0902146873367082,interface
1746,0.0002820982289332722,0.0023220036552185,other
1747,-51.558938669275136,3.7993940010294383,interface
1748,-0.01760442943240469,0.000933247621963,interface
1749,0.025318593598811015,0.0167301867214979,other
1750,-3.0481890897846733,0.3113534336194863,interface
1751,0.0010931725827058258,0.0026187405507446,other
1752,0.007963083417806455,0.0137258536643268,other
1753,-0.9528118304559194,0.2749786100452163,other
1754,0.004190024886060807,0.0061156378437295,interface
1755,-28.730064171777524,1.072218539509792,interface
1756,-0.19869973888705478,0.0767251497098849,immune_core
1757,0.04442300332494658,0.0681963330246322,interface
1758,-0.02129015742866241,0.0275822279217923,tumor_core
1759,0.009619638701024395,0.0041562619227782,other
1760,-0.0011364921955318624,0.0553603675332941,interface
1761,0.0020479400424042275,0.0015416636209361,other
1762,-0.8239402766591358,0.1489530538075703,tumor_core
1763,0.003156545799037563,0.0062056797762161,other
1764,0.00043752084822977884,0.003752681796944,other
1765,-0.01000455929904838,0.0114533695599732,interface
1766,-0.6847821004445241,0.0537779754733445,interface
1767,0.45129418192676823,0.2454123571156483,interface
1768,0.22106901032509557,0.0370775028485043,interface
1769,0.09969809334867645,0.0678903609615149,interface
1770,-2.301916587803673,0.3562599908790067,interface
1771,4.832825025238673e-05,0.000190627082639,other
1772,0.0007557299873012777,0.0327111588052957,interface
1773,0.026951579028058937,0.0141239450350235,interface
1774,-6.898782316642719e-06,0.0006767236078213,other
1775,-0.0165782356314656,0.0464029274068442,other
1776,0.0026491324770111196,0.0226982447546769,interface
1777,0.000498331152701836,0.0044612724777631,other
1778,-0.105187267892894,0.1737936070752401,interface
1779,0.08696685767383712,0.0317691997697746,interface
1780,-0.02906383718263387,0.0153913819027208,other
1781,6.930329163569403,0.3336725296678789,interface
1782,0.0027990109569952927,0.0052221883837879,interface
1783,1.0875922247428615,0.1448578106815066,interface
1784,-0.07054989461819734,0.0419167008926851,interface
1785,-0.002486039742757399,0.0087479798961787,other
1786,4.7637011608751664e-05,0.001054511063905,other
1787,-0.0002564480503666842,0.0026824262874686,tumor_core
1788,-0.09531598568412629,0.1034456975635788,interface
1789,-0.028954891471364375,0.0174314406096702,interface
1790,-0.0015906039889852725,0.0112221575346034,other
1791,0.006837565454798336,0.0123409055746745,other
1792,0.024950483475293134,0.0153334817230726,interface
1793,-0.1523684417929786,0.1087340083715991,interface
1794,-0.005509953555852962,0.0094122194431734,immune_core
1795,0.6438152678964008,0.0983840993852009,interface
1796,0.01855362450770369,0.0353110210703671,interface
1797,-0.023846911166852593,0.0137191253442538,interface
1798,-0.00420779513651975,0.0113844931744777,immune_core
1799,-4.7245960352217304e-05,0.0001653577285227,other
1800,0.054717043326504226,0.0385157530892294,interface
1801,0.33352532756008185,0.1035663930318532,interface
1802,0.0055850156155406285,0.0078441944296819,interface
1803,0.005975225137860212,0.0049964960540145,interface
1804,-0.0619700193198018,0.0329164965177189,interface
1805,0.0016326457636178275,0.001763733619363,other
1806,0.013598673839161041,0.0302089093755687,other
1807,-0.0009481548064606266,0.0068204216512657,tumor_core
1808,-0.006338207284916479,0.0270731077192308,other
1809,-0.020302701601463642,0.0505530212364843,immune_core
1810,-0.004895535964084699,0.015561292378166,other
1811,0.0003738064150652675,0.0011586120266652,other
1812,-0.06345910700487904,0.0241742544590018,immune_core
1813,0.0030548987701297095,0.0064399109740914,interface
1814,-0.005184824089848394,0.0039879671662271,other
1815,-0.014638197470386347,0.0244665737527985,interface
1816,0.5836565845488428,0.2907831033669022,interface
1817,0.005935393520758385,0.0268030989346913,other
1818,-0.0006535052358668742,0.0036848808124058,other
1819,0.014578679664310458,0.0089857968172602,interface
1820,0.00313369752814077,0.0116179755812787,other
1821,0.04387915340413226,0.0783256943497442,interface
1822,0.005806742256240657,0.0297213754517351,other
1823,0.48833714229134256,0.0606002719274752,interface
1824,-0.5712798831715549,0.1425550368294966,interface
1825,0.09021732949666075,0.0475272203607239,interface
1826,-0.017780135668266143,0.0226988356636058,interface
1827,0.00418874393987347,0.0118172093597603,other
1828,0.04193808756558609,0.138048895295721,interface
1829,2.868128631372008e-05,4.6099203982736505e-05,other
1830,0.00028032844318162046,0.0009216877684565,other
1831,0.00022608119075210524,0.0007146164553826,other
1832,0.004005344769435384,0.0077872832307822,interface
1833,2.9858649833067097,0.2900353647528582,immune_core
1834,0.01045376084575711,0.0228728576144846,interface
1835,-0.23383376617558357,0.110782169225512,other
1836,0.008317948538998908,0.0426493644013526,interface
1837,-0.004931554739367208,0.0191619418834363,interface
1838,-0.17591794224855914,0.0205082924110474,other
1839,0.0003123635058106973,0.000711825365359,other
1840,-0.010192519397411394,0.0266015273048557,other
1841,0.8346219002571695,0.1692336479267522,interface
1842,0.018098500288798627,0.0229490581407658,other
1843,-0.6227740056254571,0.211173717684737,interface
1844,0.00019738901039538016,0.0077264820385632,tumor_core
1845,0.02459583179484856,0.0141584647054915,other
1846,0.37951491653337494,0.0707422616629249,interface
1847,-0.0002673821807125107,0.004555080966071,other
1848,0.0669006115686476,0.0263834806062033,interface
1849,0.006501076822050002,0.0045514296692994,other
1850,-0.012527510418743464,0.0145549630761242,interface
1851,-8.76987265732097,0.285145085682652,immune_core
1852,0.00605261875413148,0.0042372769051653,interface
1853,0.0015380794091270295,0.00487687982,other
1854,-0.0341833971808025,0.0771944448935243,interface
1855,0.006598752446941648,0.003733960015799,other
1856,0.053408980904481394,0.020506140257325,interface
1857,-0.05417421951976248,0.0674969780717747,interface
1858,0.0008152946326357286,0.0009185910606516,other
1859,0.0040588442358558685,0.0043839857614009,other
1860,-0.08957542965446139,0.0055329157689718,interface
1861,0.00030473024591147707,0.0027718704371106,other
1862,-0.037679288055887,0.0427536604349641,interface
1863,0.0001079099696689238,0.0007896563398981,other
1864,-0.3383796684429774,0.1348896476850624,interface
1865,0.0012385508700757093,0.0019615960669266,other
1866,0.036515290577559374,0.0327031738933621,interface
1867,0.0031982313245777477,0.0036599243856635,other
1868,2.2928638882867456,0.1487180706940674,interface
1869,0.0001159454539279763,0.0005078288718429,other
1870,-1.2401836029394986,0.2488927723995649,interface
1871,0.36893582872377767,0.044348968969986,interface
1872,-0.003175256469358559,0.0380369304268423,interface
1873,-0.15119161974242357,0.0126851274015989,tumor_core
1874,-0.0003383487081946836,0.0010838206734484,tumor_core
1875,-0.0002766647458671079,0.0068660242485562,other
1876,1.2966232723993585,0.0966455346675019,immune_core
1877,0.0012435577654039093,0.0021368732762429,other
1878,0.14405988185448593,0.0136103874957141,interface
1879,1.683944531381371,0.0479781120964083,interface
1880,-0.10486456600393562,0.063614650486843,other
1881,-0.0022901276422245057,0.0240225156419032,other
1882,5.548806460951028,0.2016693113907128,interface
1883,0.2079259922149462,0.0525540031073402,interface
1884,0.20398727925262883,0.0915980362435591,interface
1885,-0.00033187890922756614,0.0041827502488019,other
1886,-0.10242737793749722,0.0777592151447634,other
1887,1.8108319144163506e-05,0.0001978627268094,other
1888,0.00269445661813802,0.0130185715317268,interface
1889,3.0392550939131674e-05,0.0003076749939251,other
1890,-0.05102940871397554,0.066510585981945,interface
1891,-0.009460643965898954,0.0163927526594517,immune_core
1892,0.0018851121724417787,0.0028453945324063,interface
1893,-0.02201854512046327,0.0231164973074924,other
1894,3.412538295435536,0.1427055560033273,interface
1895,-0.019533096751314535,0.0478663409210437,interface
1896,1.1477290795676887,0.0571148839709881,other
1897,5.734270942315101e-05,0.0007138471737096,other
1898,0.0019136088276641603,0.0027392098885506,interface
1899,-0.4700830672044425,0.1605412793355896,interface
1900,2.751136529990007,0.1548811191348182,interface
1901,0.0004531761438624701,0.0016983840809384,other
1902,-0.004113802443948807,0.0189655910473047,interface
1903,0.0011270868398337282,0.0030699670712628,other
1904,-0.10751397017529367,0.1061784725931328,interface
1905,0.027889957070493583,0.0923442074399343,interface
1906,-0.008882914835349698,0.0350674612987976,interface
1907,0.0015813968189094564,0.0025181868004065,other
1908,0.00042605756739282844,0.0013752975742122,other
1909,-0.004642546633773913,0.0019077997830062,other
1910,-0.12498117840045611,0.1120095559796753,interface
1911,-0.19644034383240888,0.1492381806914372,interface
1912,-0.0038064893077318176,0.0111737165554123,tumor_core
1913,0.014708198622392593,0.011338220062165,interface
1914,0.0011174960563440466,0.0036091195354385,other
1915,1.9406559413990835e-05,0.0017088324541906,tumor_core
1916,-0.12655636485754213,0.0397797110841218,other
1917,0.024534118833422103,0.0107104594149951,interface
1918,-0.005742331916270213,0.0473659753952232,immune_core
1919,0.0004710235611014502,0.0024943772029906,other
1920,0.012439418758177875,0.0340425163690778,interface
1921,0.0018465732007309655,0.0014419757293632,interface
1922,-0.010049368129479624,0.0126753955449246,interface
1923,0.0052072076951281306,0.0123285921240735,immune_core
1924,0.02788843346712683,0.0214409409616281,interface
1925,-0.01948363201415934,0.0017940808396069,interface
1926,0.010896735330925686,0.0280952903833879,immune_core
1927,-0.0010847661139787984,0.0067166412745925,interface
1928,0.7993786950204679,0.0697356830631027,interface
1929,-2.718065523714068,0.0591207782447507,interface
1930,-0.00022894163072381327,0.0019072953771078,other
1931,-0.014094459447970144,0.0300521444300233,interface
1932,0.00016175562213318538,0.0005222133364681,other
1933,-0.008168366682665552,0.0147092538820851,other
1934,0.01998285869774858,0.0169631774106509,interface
1935,-0.0031203425761907808,0.01073011529016,other
1936,0.6200449524168984,0.0377062920489294,immune_core
1937,0.00480081557896354,0.0103725616520604,other
1938,6.259165959008497e-05,0.0008614214493335,other
1939,-0.22455124142258012,0.1225562089602636,interface
1940,-0.005296972878266852,0.0244134649057919,interface
1941,0.02161575476710803,0.0215360065255653,interface
1942,0.776335219058919,0.0508598208816996,interface
1943,0.002872596675755421,0.0167130346107639,interface
1944,-0.021464642563571508,0.0341306925101104,interface
1945,2.243808432960582e-05,0.0002192273418104,other
1946,-0.04808862761991503,0.1379244119538729,tumor_core
1947,0.09402701586365653,0.0262612419169025,interface
1948,-0.0020861282769447554,0.0104908987557684,other
1949,0.028768208454984623,0.0163469022520711,interface
1950,-0.010927059787427628,0.0165380975390752,tumor_core
1951,4.2903870043948e-06,0.0010714282962698,other
1952,-0.033507560838772654,0.0561708862329881,interface
1953,0.00014313176984186705,0.002316987822859,other
1954,0.12688073006273995,0.0287164323959647,interface
1955,-0.007751127985037741,0.0382853796279036,interface
1956,2.034804749637271e-05,0.0002147183631326,other
1957,-0.019134933675608017,0.0069065964958238,other
1958,0.14242972943028803,0.0287810427416493,other
1959,0.04510812191398557,0.020559098085261,other
1960,-0.00012719436044630116,0.0012663614705453,other
1961,-3.940613979766913e-06,0.001778211572904,other
1962,-0.0006336535363893134,0.0064354628130149,other
1963,30.78615682256089,1.7173848398060156,interface
1964,0.20295467642834147,0.0611481130678992,interface
1965,0.0028489846933524472,0.0056603338340587,interface
1966,-0.0008484338105517239,0.0025024770287732,other
1967,0.011878020006307952,0.0074360569350089,interface
1968,0.03133479335552421,0.0113412748458521,other
1969,-0.0061912191317816815,0.0178126116880823,tumor_core
1970,0.08368730105939497,0.0501544691303745,interface
1971,0.0017707807018648878,0.0018901758687756,other
1972,-0.005254162304422775,0.0045110256810719,other
1973,0.0337581805053902,0.0175960786557531,interface
1974,0.3715178163139892,0.1470241790269123,interface
1975,0.0005477857667233046,0.0019649684161303,other
1976,0.005364035337462606,0.0058940462593636,interface
1977,0.0016413124757772987,0.0014585040226912,other
1978,0.0011616089363261169,0.0012863466508014,other
1979,0.0009057864597510833,0.0107726207794587,immune_core
1980,0.00011978583463147036,0.0010080758129112,other
1981,0.001888146373323442,0.0037797959472611,immune_core
1982,0.059166810815862114,0.009670523605417,interface
1983,0.712570166953213,0.2168660492406146,interface
1984,24.180863525588936,2.611443549810341,interface
1985,-0.7117260253652002,0.283426009192593,interface
1986,-0.04478082788305963,0.0721808925381603,other
1987,-0.004089306918401021,0.0217089393030167,immune_core
1988,-0.007414646789347518,0.0035097665762582,other
1989,0.27182997083679467,0.0508699914019192,interface
1990,1.8330745879735175e-05,0.0002794631481041,other
1991,0.3870063442808916,0.2213094522852916,interface
1992,0.0003345786806405784,0.0006011047167304,other
1993,-0.1629408498539535,0.1147776773701117,interface
1994,0.17464808844381485,0.3327208250703248,interface
1995,0.031857849582481265,0.0186769852371108,other
1996,0.003413942711850579,0.0086479311323976,other
1997,0.0003217147595410895,0.0004680490241649,other
1998,0.00018414981007754065,0.0022082631746744,other
1999,-0.025165247668349346,0.0247755984051127,immune_core
2000,0.00010653303231628611,0.0005537826386276,other
2001,0.0054471197890785285,0.0160513690871171,interface
2002,95.66313732486836,1.92619962082221,interface
2003,0.09476011236003387,0.0189438752965847,immune_core
2004,-0.05274366758272156,0.0686552721018943,interface
2005,2.4566837837772542e-06,0.0003398336160502,other
2006,0.4241087260076526,0.1889534766287306,interface
2007,-0.01154385725804229,0.0218467885318495,tumor_core
2008,0.5326722053025149,0.0739427471734571,interface
2009,-0.06593821019910881,0.0274835626837153,interface
2010,0.0642858760021009,0.0284159721415889,interface
2011,-4.246959370381058,0.4524522926075711,interface
2012,-0.004621861151759074,0.0402528358919742,other
2013,-0.048989812953714566,0.1051340959982973,interface
2014,-2.1996711504274047e-05,0.0071538985496769,other
2015,0.0005495588447184243,0.018924405242092,other
2016,-0.004895506370403422,0.0206195705050769,other
2017,0.011411873947135616,0.0085281441848638,tumor_core
2018,0.00040349635691162725,0.0030969669788947,other
2019,0.0016636089615448281,0.0062801489850162,other
2020,-0.011755566766217673,0.0275393637469524,other
2021,0.0022800546624066782,0.0050877862677737,tumor_core
2022,-0.06382587980594524,0.0081782963909028,other
2023,0.011953811441588181,0.0176706633172209,interface
2024,0.33207278302819754,0.0317455750015933,other
2025,-0.14148900960129282,0.0198576999607021,other
2026,152.9506073298571,0.6462133007758674,interface
2027,0.21673275599498487,0.0312717623301854,interface
2028,2.501328578099948e-05,0.0013594394804781,other
2029,-5.240557667087752,0.4915632828485184,interface
2030,0.0021715098774589647,0.023005819608249,other
2031,0.008898215627192788,0.023555083548443,interface
2032,-0.2233123509574998,0.0848240880486679,interface
2033,0.008490949181883273,0.0151715219934018,interface
2034,6.054611715375929,0.2671964399168177,interface
2035,0.00875774909479641,0.0189254439965063,other
2036,0.002037543207466997,0.0123108113835219,other
2037,0.01677041213568566,0.0128349143694426,interface
2038,0.0020921230748465022,0.0099172449343771,other
2039,-0.5478848055864592,0.0295893191788437,other
2040,-0.03534031357751871,0.04842449052351,interface
2041,0.005617914689511581,0.0032286168376842,interface
2042,0.00981397245176684,0.0544946783411647,interface
2043,-0.34134136136139404,0.0159592168004302,interface
2044,0.697009833333109,0.137267936799157,interface
2045,280.4116582386677,1.8871870423979624,interface
2046,0.0028337326301253745,0.0098421644333524,interface
2047,0.009580397526718356,0.0093715794147915,interface
2048,0.001621421117319637,0.0036267548050754,other
2049,-0.1422419454636068,0.0932090927609722,interface
2050,0.027939554490505517,0.008889252709967,other
2051,0.0014732124734091068,0.0025195793729289,other
2052,0.005243471382116286,0.0211673334484161,tumor_core
2053,-0.024336956983298647,0.0297172344052552,interface
2054,0.00044923243743490426,0.0095655441633201,other
2055,0.0614110545382423,0.0290178511729783,interface
2056,0.0005328235246008325,0.0008524915133758,other
2057,0.0013460930886762044,0.0012289545642549,interface
2058,0.26496290568348174,0.1201981209894003,interface
2059,0.023216916817000995,0.0258505341180431,tumor_core
2060,0.0001328032892147933,0.0015027899171429,other
2061,0.043401735819408364,0.1078997373767021,interface
2062,0.05051081702348853,0.0102044968459583,interface
2063,-0.021993093880820123,0.0016051402126629,interface
2064,2.062988442436892,0.1681805559226187,other
2065,-0.0010382808450986266,0.0059317735362143,other
2066,-0.002504332554360363,0.0140143201310711,other
2067,-1.2793393759923386,0.2678910139885205,tumor_core
2068,0.07191886493545055,0.0826972211918282,interface
2069,0.9914283186519751,0.199252879075981,interface
2070,0.0008855893115427725,0.0067155802473465,interface
2071,0.0017412827721593324,0.0279926604783578,interface
2072,-0.12791163569430475,0.0112535532578118,immune_core
2073,0.000444181288098486,0.003761748207838,interface
2074,-3.333186778860463e-05,0.0035216361971465,other
2075,-0.0005428006384473411,0.0081119630703659,other
2076,-0.047508778667863516,0.0511221053092899,other
2077,0.012980279139240797,0.0317765586938969,interface
2078,0.022456755210100494,0.0064629978746391,other
2079,21.052568993211693,0.608349280580192,interface
2080,0.13813677916127456,0.0422380302109126,interface
2081,0.11362949532294916,0.0521901001567013,interface
2082,5.594997793415899e-05,0.000301885932931,other
2083,0.025640692259021727,0.0209932997090577,interface
2084,-0.05701796204252092,0.0559746811809829,interface
2085,0.1587169285757747,0.1777553646650232,other
2086,0.4786348538400124,0.037262318193413,interface
2087,-0.015823832265118014,0.0456773442583974,other
2088,0.002420816608079812,0.0046088764672937,interface
2089,0.5559601600388526,0.0699419982185646,interface
2090,0.00019612480930871374,0.0034932477300077,interface
2091,0.05657238681418367,0.0259123359511776,interface
2092,0.00406081703307061,0.0079606640924703,other
2093,0.004520168041606898,0.0082110353208502,other
2094,0.0030038007815780185,0.0091956995674494,other
2095,-0.0028071698466737493,0.0104870627898503,other
2096,-0.05854110344069749,0.0579602254561614,interface
2097,4.498713555293685e-05,0.000556619683697,other
2098,-0.00856017966193273,0.0375374588188029,immune_core
2099,0.027712387480652953,0.0040144669271468,other
2100,-0.0329741453888272,0.0140223127788631,other
2101,0.00012915109472588662,0.0133688888451504,interface
2102,-0.10168506903648125,0.0149040338337472,interface
2103,0.1325867602485412,0.0241316788179421,interface
2104,-0.09694090533756657,0.1218426303746136,interface
2105,-0.3435967423029163,0.150399331770655,interface
2106,-0.0011325269696446031,0.031092101654399,interface
2107,0.28308694494518677,0.0623820148244332,other
2108,-2.5333152260492557,0.8128474572215159,interface
2109,0.005398998334152117,0.0069439919977838,interface
2110,-6.329582574961587,0.7483373507633001,interface
2111,-0.0001707788112314547,0.0078659682548639,other
2112,0.6821934429031984,0.1065891179697036,interface
2113,0.010424223743992878,0.0121232984698497,other
2114,0.0002768381751456081,0.0007087140796917,other
2115,-0.09652214048013333,0.0552215203422382,tumor_core
2116,0.40686489618509747,0.0307330834607913,interface
2117,0.2078051608756211,0.044302965133662,interface
2118,-1.0457461268440869,0.2270901289900008,tumor_core
2119,0.0005182184515803051,0.004311974393229,other
2120,0.0014625171770787895,0.0016215883216941,other
2121,-1.028224267007975,1.0458595211251187,interface
2122,1.0908476047165199,0.2043538263414752,interface
2123,0.20739984325203567,0.0697046564107227,interface
2124,-1.671442264486959,0.6374310165391225,other
2125,0.033870442369598,0.0152840553599468,tumor_core
2126,0.0018790321298379326,0.0040017880267317,interface
2127,0.02068223497295193,0.0305376362974047,interface
2128,-0.01828666367251789,0.0540713161711631,interface
2129,0.0004756078783437641,0.0033634915512452,other
2130,0.0033289428038218525,0.0161699325152264,other
2131,20.059589177868865,0.6791867243954343,interface
2132,0.24051501052531907,0.0552559741266316,interface
2133,0.004843872335365396,0.0063152350846225,other
2134,0.6014439085306115,0.2113161737570921,interface
2135,0.004858173062952057,0.0069101341946543,interface
2136,0.0001514790938224883,0.0010646666363934,other
2137,0.004363194682888755,0.0110919634927577,interface
2138,0.02383048265504315,0.0091659202835182,interface
2139,0.0007847686846521909,0.0057069809077198,other
2140,0.012680801101040133,0.0127261521804663,tumor_core
2141,0.0004384028557717255,0.000781320926253,other
2142,3.957360248829682,0.5672004505029795,interface
2143,0.023349809118689342,0.0082421708786694,interface
2144,-0.0034628319936429587,0.0115314933172915,interface
2145,0.19825435554061466,0.0293898418821713,interface
2146,0.002043842781404101,0.0329469508792792,interface
2147,-0.02361954113436532,0.0201519747543065,other
2148,-0.0003500328025744002,0.0008578470054823,other
2149,-1.6232579658642416,0.329301703328442,interface
2150,0.02708223799411051,0.0279918872886551,interface
2151,-0.006437712619712113,0.0618311438310144,interface
2152,0.02683238777148429,0.0237540531109252,interface
2153,0.00021074424836640653,0.0003243386766314,other
2154,-0.02447042819933232,0.0309706048016735,immune_core
2155,0.046380316601235864,0.0367684336973831,interface
2156,0.006061106897624004,0.0061263958949886,tumor_core
2157,-0.8265960148529023,0.1739412933634208,interface
2158,1.03853844810101,0.3392231696096545,immune_core
2159,-0.021324185927819428,0.0157497574305858,immune_core
2160,0.026381927605900312,0.0076566478818951,other
2161,0.0006424890570863644,0.0056935562127079,other
2162,0.05872000221668086,0.0358648560291215,interface
2163,0.1738827931075175,0.0493643070927994,interface
2164,0.0008844589349901735,0.002903308941455,other
2165,-0.611731170115421,0.1954393185310504,interface
2166,10.38533765523485,0.2848907931709242,interface
2167,-0.006914449798076739,0.0136599464221415,immune_core
2168,0.03137909013521542,0.0099883145810109,interface
2169,0.011854197672543386,0.0185289514639537,other
2170,0.10192360998210194,0.0296907156900539,immune_core
2171,0.060731592840522715,0.01108105489885,immune_core
2172,0.01968664513172852,0.0071736982322836,interface
2173,-0.22089225419714656,0.0225964031319362,other
2174,0.0011891362066215807,0.0057394796597558,other
2175,-0.10287932336508303,0.0789185369685396,other
2176,0.02345506519086455,0.0049551281041274,interface
2177,-0.01405251760742872,0.0284746028377791,other
2178,0.42046998869601404,0.1017205292449222,interface
2179,0.02786774670170011,0.0114361617716316,interface
2180,0.004541127883023232,0.0102066663631203,other
2181,-0.9531820395382049,0.1730014135891816,other
2182,0.014540996470637132,0.0424107502355393,interface
2183,-0.00016404132852541114,0.0013973304613424,other
2184,0.0020945399650866142,0.0314972045253489,interface
2185,0.012270511975751,0.0223210202069027,tumor_core
2186,0.11089600760045182,0.0477323246282548,interface
2187,0.016975839539078243,0.0223447760153339,interface
2188,-0.003308067893317981,0.0074969798213856,other
2189,0.00117560275568771,0.0027642376589451,interface
2190,0.02813440998367995,0.0484621081558564,interface
2191,-0.018872748547833308,0.0128334206485727,interface
2192,-0.036076289901402436,0.0511187012217613,tumor_core
2193,-0.006328151280847488,0.0270699981688556,other
2194,0.00247676234564035,0.0128085449519839,interface
2195,2.007541308276619,0.2698813088293523,interface
2196,0.0058089610925580295,0.0115994598540965,interface
2197,0.00014535430147512632,0.0001972575149594,other
2198,3.5693349186324537,0.3335477386730902,interface
2199,0.0037355815088343466,0.0087732855898046,interface
2200,0.03676993482718195,0.0134323734983264,interface
2201,0.0004405233369109931,0.0024938833784451,other
2202,2.6513169423671014e-05,0.0015426851801243,other
2203,7.721995019251647e-07,0.0005620733284759,other
2204,-0.04825235942317731,0.0256312838815934,interface
2205,-0.0016051267052662173,0.0024677842636636,other
2206,4.331549403144717e-05,0.000230633990342,other
2207,-0.3631543391996592,0.1437154197913651,interface
2208,-4.80806938314948,0.3929555383513124,interface
2209,-0.0532820718804383,0.0528215178234104,interface
2210,-1.811048694758743,0.4721295699895798,interface
2211,2.0733353342602083e-06,0.0004981774656189,other
2212,0.028526758814373512,0.0177104974310947,interface
2213,0.0001980482498719733,0.001186924526401,other
2214,-8.333808153363195,1.223357710453322,interface
2215,-0.010368870015823529,0.0243718710343669,other
2216,0.009006965400476036,0.0089410031169399,interface
2217,0.006130039583593003,0.0052768052201879,interface
2218,0.17398363727071392,0.0997310402487973,interface
2219,-0.0016402869954576817,0.0059966715080906,other
2220,0.19446466552315425,0.1275925104298904,other
2221,0.00968950252263268,0.0129028634109232,tumor_core
2222,0.008511132153642178,0.0167729644298795,tumor_core
2223,1.2509320808926123,0.2464412272470634,immune_core
2224,-0.0022878700996774755,0.0144855120385345,other
2225,0.13796553468968198,0.0218878966411665,interface
2226,-0.0011870445526070523,0.0048103965556227,interface
2227,-1.6338163723891785,0.2133816989772375,immune_core
2228,0.17532699126215184,0.0508123740840677,interface
2229,-2.098672028581593e-06,0.00074383367631,other
2230,0.006124392442626238,0.0347417822928607,tumor_core
2231,0.0009370483563244452,0.0033506540345626,immune_core
2232,0.004505362388619377,0.0338816733477407,interface
2233,-0.328038608841068,0.1238207244898641,interface
2234,0.010583998365023883,0.1248355235698854,interface
2235,-0.000615528656911431,0.0120225505550851,immune_core
2236,3.7547999557301375,0.1990740946130416,immune_core
2237,2.6192813092836307,0.1231040376735599,interface
2238,-0.024075978085715013,0.02019545195186,interface
2239,-3.611895716721718,0.607758058777459,interface
2240,0.007045144017283681,0.0043011927261862,other
2241,0.14132287991518128,0.0408087819345568,interface
2242,0.7253798041993724,0.0487238113206161,interface
2243,7.22075929428345e-05,0.000866157729573,other
2244,-0.026613031663879242,0.0142562280519451,other
2245,-0.0017464506377098418,0.0070278210368172,other
2246,-5.693802658191782,1.3627844972248535,interface
2247,0.029182304395190393,0.0089067927479004,other
2248,0.004659214863792745,0.0056023492839025,interface
2249,0.027425671461269813,0.0063474543792305,interface
2250,0.0005842466589233179,0.0124824850496483,interface
2251,-0.004528618634160616,0.0583054846349002,interface
2252,0.04901972751029708,0.0298790718447158,immune_core
2253,-8.508998579992997e-05,0.0288591395347068,other
2254,-0.034592467464267015,0.0401992569015199,tumor_core
2255,1.2182502899733212,0.4277187409405252,interface
2256,0.8366065736151116,0.1400367613145234,interface
2257,-0.024635491365382758,0.0162359896797332,other
2258,-1.4799721597964859,0.3268038938267161,interface
2259,-0.2918327165679089,0.0936931736095934,interface
2260,-0.006350717621377549,0.0190749417743905,other
2261,0.0020799538337510064,0.00364788261139,other
2262,0.0008335051961655742,0.0060960469029791,other
2263,-0.12401090989953681,0.0638946898218415,immune_core
2264,-0.0001273672884033748,0.0017358745847745,other
2265,-0.011091658365351345,0.0222663606347142,interface
2266,0.0017632962821611728,0.0047114458820686,other
2267,0.2677778778311519,0.1555425881823192,interface
2268,-0.0071603301317411435,0.0129795778270016,tumor_core
2269,0.024450032692949403,0.0166090243934062,interface
2270,0.046635550293609794,0.0914908708271033,immune_core
2271,0.005491553733151082,0.0037597328955227,interface
2272,0.02039517954362801,0.0308537026730369,tumor_core
2273,0.000732818018969721,0.0040222518858315,tumor_core
2274,-2.199628117640565e-05,0.0017745348248184,other
2275,0.004707587397130783,0.0039506851635942,interface
2276,-0.0002795811020962584,0.0021250878094506,other
2277,-0.000695443673538492,0.0081372083083443,other
2278,0.007474622672804708,0.0180744605720244,other
2279,-0.041477100080231616,0.0701056793946863,interface
2280,-0.003307318392746954,0.001679805029893,other
2281,-0.010696289290553588,0.0157377016410152,interface
2282,0.01740464944568396,0.0132755760160174,other
2283,0.589326706357668,0.2990579253013294,interface
2284,0.1411624668947519,0.0387071012119631,interface
2285,-0.0001607231760263783,0.0046014682288713,interface
2286,-0.006431729901383323,0.0193164789795837,interface
2287,0.14864809049075198,0.1053065805652262,interface
2288,-1.3545465438626308e-05,0.0006943131653655,other
2289,-0.12720350792304716,0.0885784443756452,interface
2290,-0.0348937903519714,0.0444126095173131,interface
2291,1.0538673879481979e-05,0.0001662452394449,other
2292,-0.010736548382188089,0.0157323190496648,immune_core
2293,0.07413330904490154,0.0122487198807157,interface
2294,0.00040973652289906954,0.0024213933828311,other
2295,-0.06754259289655297,0.0353342868773985,interface
2296,0.034556183074181776,0.0315725048324248,interface
2297,370.6763232947794,1.961923574636618,interface
2298,0.0013650640438309426,0.0051191771669992,other
2299,0.0020636620309925956,0.0077376435094793,other
2300,0.0008623487076822983,0.0122234689406096,tumor_core
2301,-0.009701113303979731,0.0321737896699055,interface
2302,20.864021332070624,0.2850681477357429,interface
2303,0.00023402485854022892,0.0092842207496336,other
2304,0.05085458022783494,0.0258730956867397,immune_core
2305,-0.002010702993966543,0.0115792052862185,immune_core
2306,2.6809480841076185e-05,0.0003806852801649,other
2307,-10.807652580857935,0.8084397133061483,interface
2308,-0.2676667320219824,0.0717378091463016,interface
2309,0.0652862307313628,0.0361665446565348,interface
2310,0.02480221815841888,0.030846000645042,interface
2311,0.0020933751501259067,0.0181505305915677,interface
2312,0.0038722627931934706,0.0136857451435603,interface
2313,0.041526364614892744,0.0196871320978469,other
2314,0.0004950497446331713,0.0025606020785039,other
2315,0.29301612710961,0.0947112541154343,interface
2316,0.0001849378793662438,0.0021009432922323,other
2317,0.2647392334116566,0.0512775191963101,other
2318,-0.006791660607632323,0.0139124658748397,other
2319,-0.05764925202745305,0.0637688222779119,interface
2320,-0.0009716726954342693,0.0032741718641075,other
2321,0.0029135724844345985,0.0022487103743511,other
2322,0.0009009186740852126,0.0078411148187725,interface
2323,0.004396801492451549,0.0064131358560296,other
2324,-0.2736517870089788,0.123783750630672,interface
2325,0.0027783872957346523,0.0292380940799739,interface
2326,0.007960107636164719,0.0139793448781462,interface
2327,0.30151031716646687,0.039508652274233,interface
2328,0.15030932174741962,0.0057866037104478,interface
2329,-0.0008591651009660223,0.0107204614388189,other
2330,1.061315331379397,0.2125341148016466,interface
2331,0.00012817331749070867,0.0055315665948188,other
2332,0.0035869766547476883,0.0052128930540063,interface
2333,0.0031869811960517093,0.0049605927272346,tumor_core
2334,-0.05565692421744978,0.0080775236793812,other
2335,0.039759626221729134,0.0068232478867872,immune_core
2336,-0.001308423200893061,0.0127470483257812,tumor_core
2337,8.249222083180549e-06,0.000345945195463,other
2338,-0.002353698448493385,0.010605058473387,other
2339,-0.00014597536327963468,0.00314581289364,other
2340,-0.00647576681243311,0.0166173205170445,other
2341,0.002725580649344966,0.0026380112561037,other
2342,-2.266701029112041,0.248778270650307,interface
2343,0.001691594140213012,0.0091618891743851,other
2344,0.2765817352279854,0.1391097345098605,interface
2345,0.00018756016801918922,0.0013495608296806,other
2346,-0.0011522209426081422,0.0094464984220263,other
2347,0.0013535276146164723,0.0023449569452189,other
2348,0.006846426863721512,0.0056877166089149,interface
2349,0.0006661547462886229,0.0023539007424487,other
2350,0.14733108522738492,0.0459861603757789,interface
2351,-0.06675374051665878,0.0275206266604676,immune_core
2352,-0.0020857151271868454,0.012795545286299,other
2353,0.0748256594574084,0.0086260142335203,other
2354,-0.14029997613472658,0.2077742062581773,interface
2355,0.0025928926374440375,0.0058755960675621,interface
2356,0.015264393933004692,0.0063845288125094,interface
2357,0.009598678649248665,0.0089678309234118,other
2358,-0.12443159234847187,0.0645224443063465,tumor_core
2359,0.012979040502912681,0.0099681227717945,other
2360,-0.12879651767177366,0.022723186722579,interface
2361,7.307000221743444,0.2388359352679607,interface
2362,0.036742188540505274,0.022215511312958,other
2363,-0.023672645083312547,0.0076636545213824,interface
2364,-0.6055008141753002,0.2921793429677013,interface
2365,0.0027325798617507356,0.1251565356947211,interface
2366,-0.9700045504039942,0.2003922287056251,interface
2367,2.130951336418757e-06,0.0008823425863816,other
2368,0.010677039128943284,0.0118350102223129,interface
2369,4.646377722776437,0.164397534477248,interface
2370,0.09280659049833744,0.0152335058354669,interface
2371,0.000391259742677494,0.0026527215713461,interface
2372,-0.17239729612240312,0.0918069706831235,interface
2373,0.05401675986147273,0.0295527204800221,interface
2374,0.006095807217292243,0.0039512641264895,other
2375,-0.00045085788749893267,0.0008296820472829,other
2376,1.442763491671381,0.062653724671281,immune_core
2377,0.007007717196704881,0.0100194922765681,interface
2378,0.004004500241869865,0.0033133055271385,other
2379,0.030542735211156052,0.0165986025269112,interface
2380,-0.0421605440642015,0.0352889272232505,interface
2381,0.016879257537654187,0.0077436460698062,immune_core
2382,-0.004324970703395048,0.0058733903162152,other
2383,0.03527322158387891,0.0130556030977639,interface
2384,-5.986706015851582e-06,0.0009113714324864,other
2385,0.0449783594077325,0.0482880007979944,interface
2386,-0.0011355500621330029,0.0062109983444615,other
2387,0.00022858214079355622,0.0025506830334993,other
2388,-0.012044506112765231,0.0353929563725828,interface
2389,-0.13819799724246906,0.0862316780612855,immune_core
2390,-0.2156966258767927,0.2672446705015827,interface
2391,0.0005249199169849999,0.0088369904392852,interface
2392,0.0041258532714724475,0.0094816862541506,interface
2393,0.01615890181728586,0.0637015949813244,tumor_core
2394,0.08137784947491761,0.0406619922719371,interface
2395,125.62803844954881,2.074526520108279,interface
2396,0.0007879176795804888,0.0055699334288774,other
2397,-0.0004988108385046155,0.000865295302967,other
2398,-0.005819637295042569,0.0089644828714412,interface
2399,0.000655428104608477,0.003144404693478,other
2400,-0.0013466925665615603,0.0075983608792828,interface
2401,-0.006544418556323621,0.0218339604348649,interface
2402,0.004528439129851277,0.0068964735634831,other
2403,0.02822377963423098,0.0168343422491449,interface
2404,1.4006436725817053e-05,3.130168083157746e-05,other
2405,0.00019810013980994118,0.0026399548690542,other
2406,-0.4564724780302715,0.3277571222290502,interface
2407,0.00038419270410425466,0.0011467558477533,other
2408,0.004427014842685509,0.0107797674752433,interface
2409,-6.265751461818876e-06,0.0043248341553834,other
2410,0.1870736967776159,0.0423888125165995,interface
2411,7.173869383104504e-05,0.0004232155910202,other
2412,0.0009696039502196288,0.0061702844902576,other
2413,-0.14156514029173584,0.0832361417056203,interface
2414,0.0010752068856671557,0.0002857905423843,other
2415,6.264139205006337e-05,0.0006441026284273,other
2416,-0.03756189024662634,0.0570779932488975,interface
2417,-0.0008569821441432046,0.0198654862391087,interface
2418,0.4690313046960412,0.1342221644957303,interface
2419,0.004432675863152073,0.003676302047376,interface
2420,0.020397649878483033,0.0169547377622493,other
2421,-0.009576318095073054,0.0115665487994848,other
2422,-0.011378343633203723,0.0278249371266006,other
2423,0.00011448033551639337,0.0009989040039762,tumor_core
2424,0.002773228531676478,0.0049771694185406,other
2425,-0.14701742572943885,0.0910106405195439,interface
2426,9.265058966623618e-05,0.0004316775211274,other
2427,0.0020459575513518107,0.0119703674849976,tumor_core
2428,0.002473623703810666,0.0032147420260084,other
2429,0.17136117883866148,0.0351078296914545,interface
2430,2.4617422677906318e-06,5.183869409989893e-05,other
2431,0.0411172698720143,0.0644827591903304,interface
2432,4.655095035276798e-05,0.0005148428884596,other
2433,-17.20287723583099,1.0680790619033775,interface
2434,3.502624388555818e-05,0.0008099395525909,other
2435,10.134172314104768,0.9313879103680852,immune_core
2436,-0.00045120499525583274,0.0023837017025631,tumor_core
2437,0.0021184189946700203,0.0051191227162722,other
2438,0.07409349324794588,0.0561753168079871,other
2439,0.003085698074015811,0.0027508046440865,interface
2440,0.000628182103391477,0.0010277407748236,other
2441,-0.0055289667080808515,0.0048945574543497,tumor_core
2442,0.006434244369908324,0.0025118460058881,interface
2443,0.0023146352632113093,0.0031172859233426,other
2444,0.0004767461491237229,0.0012192295285795,other
2445,-0.22185010492328341,0.050192655378872,interface
2446,-0.004780652132157982,0.025383926778763,interface
2447,-0.14833535654025592,0.4073429906156739,interface
2448,0.0022688898739984527,0.0304930845591949,other
2449,0.0001354105738602431,0.0030653153044751,other
2450,-0.00048689389033769383,0.0185104766714094,tumor_core
2451,0.15344142102018557,0.0284866745265606,interface
2452,7.763739226510235e-05,0.001404035106807,other
2453,0.04105747203848192,0.1013340286992502,interface
2454,0.04926118468171876,0.0307483290013797,interface
2455,-1.1883495314786034,0.2920046148334309,interface
2456,0.1325782066482032,0.0460278534456222,other
2457,-0.08717498199883275,0.0138289589469032,interface
2458,0.010329310400278215,0.0171709951540491,other
2459,0.001789470996418852,0.0173237589221489,interface
2460,0.00020236055345736905,0.0020763480266053,other
2461,0.0019384352143217581,0.0029064886831881,immune_core
2462,-0.052023910367873176,0.0998159197349772,interface
2463,0.009024254321319754,0.0130582215446275,interface
2464,0.0001793142334913295,0.0019079252729086,other
2465,-1.076138596321169,0.3029776178569193,interface
2466,-0.001195760086163104,0.019192221848591,interface
2467,0.466287438379362,0.092996946037399,interface
2468,0.00031641067514671966,0.0052271011162424,other
2469,-0.0028068494438956864,0.0192293836026428,immune_core
2470,-0.8883566907419521,0.1968402942324326,other
2471,-0.0007109044214657082,0.0045144414335129,other
2472,-0.0012950445671756836,0.0535501310761892,interface
2473,0.4746595727310052,0.0666000177921638,interface
2474,0.00010058655363093893,0.0009084577482121,other
2475,-0.0006731841235110064,0.0033270239015707,other
2476,-1.0134752147372694,0.2506558429483439,interface
2477,-0.007775102190259817,0.0318757093128894,interface
2478,0.0015725454818541443,0.0040503006371808,other
2479,0.0001309482532738037,0.0003563984371245,other
2480,0.0002859982198195092,0.0012191551767669,other
2481,0.03353629962394583,0.0182345489838185,other
2482,0.08549088905177599,0.0165886557135423,interface
2483,8.691254856697982e-05,0.0010372733822973,other
2484,0.06286205786156804,0.0255547623123108,interface
2485,0.0001938544712374281,0.0007998237417288,other
2486,-0.14120019062089656,0.0413213489855072,interface
2487,0.004757114849680339,0.017366883302818,other
2488,0.25056704459922907,0.1537881660473634,interface
2489,0.017002880211205124,0.0420989634778894,other
2490,0.002200581264209395,0.0105862348161955,other
2491,3.267452684431505e-05,0.000371775435266,other
2492,-0.18522131812832318,0.0942285435505445,interface
2493,0.02231489022834074,0.0224952396619459,other
2494,0.0017560251961470756,0.0074651550137549,other
2495,0.01773773334602947,0.0171270245321569,other
2496,0.001873229982400558,0.0083969398357672,other
2497,0.22385585801313268,0.0371312231228754,interface
2498,-0.00411948649080025,0.0391352201153333,tumor_core
2499,0.053450371755093325,0.0855614629860339,other
2500,-0.00024127904744840572,0.0044114738820422,other
2501,0.0009818020264941991,0.0014898251765557,other
2502,-0.0005677377902972951,0.011596262203285,interface
2503,0.013893053953238992,0.0050033752368443,other
2504,0.0006705816643664028,0.0061914070770819,interface
2505,-0.0001838016159755328,0.0008521186688535,other
2506,-0.10116556204015453,0.0310499787460764,interface
2507,-0.004912479162768157,0.0119009081196233,other
2508,0.013386573184390469,0.0096859978586093,other
2509,0.0033137797170342334,0.005287872782712,other
2510,-0.2927960038503186,0.1394673577679975,other
2511,-0.59602672156038,0.0276108541979571,other
2512,-0.15009329336912938,0.0168033031105819,immune_core
2513,-0.01763018611196574,0.0255275139029766,other
2514,0.004291302120502181,0.0044159541421879,immune_core
2515,0.005680350172601226,0.0090245681293646,other
2516,-13.173573645861719,0.7311858623450137,interface
2517,0.00012630560842256803,0.0026610516422588,other
2518,0.005906552360723369,0.0121481717106125,interface
2519,2.1095741415555446e-06,3.05261905271856e-05,other
2520,-27.369647567932006,1.0142757810039436,interface
2521,0.12796550788505134,0.034048807852129,immune_core
2522,0.00031615506264123544,0.0002780514868919,other
2523,17.804099331393566,0.2134929808737536,interface
2524,-6.241924230495143e-05,0.0021072945135561,other
2525,-0.08821114977069233,0.2122587033012156,interface
2526,0.21682878490927537,0.0580183761720915,tumor_core
2527,-0.157289135180099,0.0903568669689223,interface
2528,0.00048079467185055305,0.0006341712457243,other
2529,-0.06151636576221849,0.0864946037617424,interface
2530,0.005136044042397691,0.0073164506458775,interface
2531,0.0016747614201362564,0.0073243943551836,tumor_core
2532,-0.025336280103442663,0.0252365715987094,other
2533,0.019655668857464614,0.0118559319962626,interface
2534,-0.24046515032124405,0.1275097211502189,interface
2535,0.003720234195707316,0.0097774491372359,other
2536,0.0019077452244750691,0.0032397471065956,other
2537,-0.01313782460591373,0.0284410662454019,interface
2538,0.005046867342032809,0.0088207738416538,other
2539,0.0009680488368810562,0.0043857914368259,other
2540,0.00031245789465426433,0.0012211256773521,other
2541,0.04212159465115984,0.0191177356068421,interface
2542,-0.0015261686829683902,0.0031581548852594,other
2543,-0.013652401876442037,0.0185662185516068,interface
2544,0.0003606476623405888,0.0024208215231278,other
2545,-0.019478965893383476,0.0338470212535298,tumor_core
2546,0.04542224149599828,0.0149743995515276,interface
2547,0.06326595462359531,0.0218994616259803,interface
2548,6.221799547359099e-05,0.0008778628331719,other
2549,0.008382931843572217,0.0231262327418001,interface
2550,0.016582206792616478,0.0156965716405129,interface
2551,0.6302579658550849,0.2636213734549407,other
2552,0.00031866442896920437,0.0023083427875309,other
2553,-0.007229717608472293,0.005591123350465,other
2554,3.725665087510296e-05,0.001141892515186,other
2555,0.001841114147644891,0.0037025507499965,other
2556,0.0033071302332344133,0.0039561747473214,interface
2557,-0.0006274896424754082,0.0202148938684915,tumor_core
2558,-0.2266621091342445,0.0818896547635651,other
2559,0.1529482596572241,0.0553615583917622,other
2560,11.980452323588931,0.7417790646067132,interface
2561,-0.047364785562911696,0.0407377849686805,tumor_core
2562,0.6699329948775586,0.1294918632783012,interface
2563,0.03684072172755264,0.0187125955122281,interface
2564,0.012504867868982554,0.0261013888574141,other
2565,-0.06064061369021448,0.0564694111110612,interface
2566,-0.3920912852296061,0.0389398047144606,other
2567,0.03909598929369196,0.0735697081312741,interface
2568,-1.3881793312602255,0.2098762199034137,interface
2569,0.001472428850057556,0.0020537771073039,other
2570,0.00016438539794639607,0.0001591908977886,interface
2571,0.006049395313245254,0.0180274804364948,other
2572,0.002025200431474627,0.0079106898130294,interface
2573,0.1683135304078388,0.0249350157718509,interface
2574,-0.00013747764436604042,0.0018535131723985,other
2575,0.0019712401536896716,0.0017772347350321,other
2576,0.030693745210788992,0.009827968676443,other
2577,-0.004261084955539492,0.0091085716943137,immune_core
2578,0.018534707306225178,0.0305954626845519,interface
2579,292.83565534195105,2.6429245414691236,interface
2580,-0.0015622729513302392,0.0047702082753626,other
2581,0.002344834566306117,0.0031556913316376,other
2582,-0.0005054748815803121,0.0042617693121087,other
2583,0.5965572890101255,0.0939562657464566,interface
2584,0.0634987805945783,0.0536131285590012,interface
2585,-0.028323918645487424,0.0590496908168495,interface
2586,-0.0002514295877457063,0.0092370049570411,other
2587,-3.88107549062113e-06,0.0014530701821462,other
2588,0.022892348944158415,0.0370721527657841,interface
2589,0.015487252905650659,0.0116567872505181,interface
2590,0.5409689897203919,0.1493008350867707,interface
2591,-0.010119269563474085,0.0061941691100868,interface
2592,1.5208863459025838e-05,0.0004690610038659,other
2593,0.00020163634886771715,0.0005414510062726,other
2594,-0.0004984020663432281,0.002247551029533,other
2595,11.470074426291248,0.1589402348515435,interface
2596,-0.001970951995277786,0.0082904815836619,interface
2597,0.03055482741892883,0.0143076824143266,other
2598,-0.0028369777683441497,0.012332792039953,other
2599,-0.004446693796851928,0.0082939742803896,interface
2600,-0.0006530761570244797,0.0034393075921261,tumor_core
2601,0.0008538379110510936,0.0045013176482731,tumor_core
2602,0.14783135768960579,0.0223654662504284,other
2603,-0.0024993638708040657,0.0031120188569775,other
2604,0.0013128439201730287,0.0071215667495263,other
2605,-0.001003654733825016,0.0177126036789991,interface
2606,0.0027647815022415582,0.0056932160100338,other
2607,0.007010919393153757,0.1612548217379902,interface
2608,0.006466503285234665,0.0076227069834984,interface
2609,-0.22213912364018934,0.0971021455420584,interface
2610,0.0006975832226055546,0.0045296149085685,other
2611,0.2889912749450205,0.0495036822923745,interface
2612,0.012749996625970605,0.0163229721857601,interface
2613,-3.5635943756915716e-05,0.0012863578417421,other
2614,-0.021946842443856036,0.0337330416870452,immune_core
2615,8.929044070578357e-05,0.0010947375854453,other
2616,0.0018215909352868051,0.0036107113328828,tumor_core
2617,-0.0019539897701315112,0.0088736647740873,other
2618,0.0015794977755435717,0.001673791619303,other
2619,12.904624215966077,0.4123495488921044,interface
2620,-1.4264212478221587,0.1932240847497236,interface
2621,0.011350294436761615,0.0156132405706911,interface
2622,-0.0031050617951598235,0.0105298563112005,interface
2623,-0.01505702854815402,0.0193798815884124,immune_core
2624,0.001454276430164592,0.0034527406823976,other
2625,-8.970369207442363e-05,0.0043379577961141,interface
2626,0.22868203138362359,0.172901028031875,interface
2627,1.9562027634691768,0.3411017129493109,interface
2628,4.997804038541682e-05,0.001980494661828,interface
2629,-0.005169023884125587,0.0083190974986281,other
2630,0.09750163704408266,0.0273162410173296,interface
2631,0.0010639283595318908,0.0012285623066244,tumor_core
2632,0.001176471514467324,0.0088565293503705,other
2633,-0.0016501244888304273,0.0087537365125739,other
2634,0.034088960342843054,0.044319096286372,interface
2635,-0.4417610857687926,0.3089258969953392,interface
2636,-0.0012363356623744468,0.0067989435374022,immune_core
2637,-214.78577653462176,2.92319096435375,interface
2638,0.15515058406616847,0.1185228465298195,interface
2639,0.024244821866579898,0.0116997103875303,other
2640,0.029257855908238997,0.0290212018854141,interface
2641,-0.0022915817740407395,0.0044601398843469,other
2642,0.00013181272250638922,0.0010767686874039,other
2643,0.026460500247163635,0.0221139546130877,interface
2644,5.079824402003536e-05,0.0036015373133259,interface
2645,0.01692995174370471,0.0066614408870958,interface
2646,0.00030577752993343386,0.0008720825371503,other
2647,-0.006350155530781475,0.060159017483648,interface
2648,0.0006477664902781306,0.0182103243729253,other
2649,-0.19145385412352045,0.1117158002783559,interface
2650,0.007860046052590056,0.0320547293847316,other
2651,0.0001881279234694368,0.0021706287800603,other
2652,-0.0023712162963652537,0.0195792635297316,tumor_core
2653,0.00014599263604281838,0.0001936561177355,other
2654,-0.176221689111434,0.0718318624349807,interface
2655,-6.49253485737894e-05,0.0068243278234838,immune_core
2656,0.000484433047557517,0.0037230460155358,interface
2657,0.4924716516315387,0.0894636455760302,interface
2658,0.04666280890217228,0.01517361497096,other
2659,-0.050196265243950204,0.0057695865039272,other
2660,0.04892462586668499,0.0331775256965853,interface
2661,-0.006922892825357181,0.002913127532592,tumor_core
2662,-0.00012376198163605083,0.0058146675998295,other
2663,0.007096100433233252,0.0069382644686737,other
2664,3.948291016257761,0.237205216885485,interface
2665,0.6539219827340582,0.1015080065896694,interface
2666,-0.03737431032508283,0.0302284097601306,tumor_core
2667,-0.5079980806013609,0.0876500086530985,interface
2668,0.06288646779090648,0.0223539218255546,interface
2669,0.11380174439343399,0.0332087657701612,interface
2670,0.01757413496978063,0.0146610698449171,interface
2671,-0.6389137379225346,0.0573802708666383,other
2672,4.465746327179817,0.1827459172521972,interface
2673,0.0030661133162297864,0.0042420954104705,other
2674,0.005261980845023634,0.0119935095645385,interface
2675,0.011815939622588045,0.0052928559913399,other
2676,0.01173985878534232,0.0227709536922045,interface
2677,0.0001473246995602061,0.0043856692763506,other
2678,-0.0031860124906922076,0.0113246009695793,other
2679,0.00047541057991248837,0.0028849373514214,interface
2680,0.002016707272282362,0.0037108972091575,other
2681,-0.006843861255383304,0.0111810456948521,interface
2682,-0.028905177957582684,0.0246490434440008,interface
2683,0.0008428315162803481,0.0102699247350241,tumor_core
2684,-0.004199342507570172,0.007125414899691,other
2685,0.0027141865475280437,0.0016591411677394,other
2686,1.952855376640501e-06,0.0063371978273023,other
2687,0.6645057516860067,0.0502604203234993,interface
2688,0.005790362164985036,0.0384135193615301,interface
2689,0.004140057260608715,0.0280327134193455,interface
2690,0.3737877305585488,0.0566533648823734,interface
2691,0.5519341955940883,0.1351988250377342,interface
2692,0.001338797798302815,0.0033798454773529,other
2693,0.00024021343648392127,0.0007548514701771,other
2694,0.002447679683579381,0.0073939526651839,other
2695,5.046994031385106,0.1553282111033118,interface
2696,0.7330327169729604,0.1066449147188365,interface
2697,0.0021290823237193946,0.0044853030032469,tumor_core
2698,0.1146945491190237,0.0342330640453655,other
2699,-0.8360619965580447,0.2747072999791014,interface
2700,0.009140702413045303,0.0155314148382037,interface
2701,0.0005825992142389316,0.0042656114114279,other
2702,-0.2729098104053581,0.004817614227976,interface
2703,0.0002514961041754286,0.001765269656605,interface
2704,0.009130038231615683,0.0083720759953849,interface
2705,-0.006556372456625467,0.0686698658215452,interface
2706,-0.02880568055784572,0.009429157094151,other
2707,14.620362069536199,0.5127955431521877,interface
2708,0.0317600052176939,0.0134237260682054,interface
2709,0.008637783442058032,0.0083872250616218,interface
2710,0.04101843834527604,0.0250935048770175,interface
2711,0.006364280353749702,0.0131957922432646,interface
2712,-0.1542442833238391,0.0763560912586194,interface
2713,0.00032122066777423043,0.002307287628402,other
2714,-0.025466233762256412,0.0386986324906003,interface
2715,-0.08221170890671622,0.0063276314709736,interface
2716,0.004323817618328186,0.0027917536955079,other
2717,-0.014148620227529501,0.0109812797669513,other
2718,0.009523691755637761,0.026218758595065,tumor_core
2719,0.0018406000071834459,0.005617079792825,other
2720,-5.3779030601504685,0.3093159240169503,interface
2721,0.3962508869366564,0.1471030448679252,other
2722,-0.11313979413196487,0.0618755141936363,interface
2723,1.8594561065208506,0.2254424952852594,interface
2724,-0.0161345875928896,0.0069959251360753,other
2725,0.03052001154079241,0.0118114526495663,interface
2726,0.03309105661238481,0.0316579107846568,immune_core
2727,0.004815389231155451,0.0294689183696671,tumor_core
2728,0.010718024758157585,0.011961114471739,other
2729,-0.6252478207296687,0.2425346834632989,interface
2730,0.0008044129802142546,0.00686097174516,other
2731,-0.006604107887415802,0.022854823430412,interface
2732,0.8966369365268809,0.1867189783122457,interface
2733,0.014441000700511537,0.0089207039414286,other
2734,0.0023100575848805627,0.0015018225029947,other
2735,0.03784698898454096,0.0286054907081476,interface
2736,-0.00021585478335788913,0.0028828041168644,other
2737,-9.429020426467384,0.3987416127884833,interface
2738,0.01248023725849492,0.0078868330561985,other
2739,0.0005465323199801655,0.0024907081998835,other
2740,0.3223699462381424,0.0752246673461778,interface
2741,-0.00022047120161065745,0.0054364407936245,immune_core
2742,-0.03325773916441497,0.039389721248976,interface
2743,-9.248197183530152e-05,0.0021078900341649,other
2744,-0.0228422327826392,0.0308433763033961,interface
2745,0.10353335291281943,0.0366616056579571,immune_core
2746,-0.0012511505381346784,0.0044791071311726,other
2747,-0.018523235325364523,0.0224500305204322,other
2748,0.1283119978007451,0.1593267142042095,interface
2749,-0.0014933424242683864,0.0055807907120062,other
2750,-0.026919991885067496,0.0432265258486812,interface
2751,-0.00017066469417415848,0.0067159967449193,other
2752,-0.04855546091603086,0.0266024796996419,interface
2753,0.00030570857801842584,0.0006435923437219,other
2754,2.663044417092945,0.2943198762715901,immune_core
2755,-4.419593675637395,0.5525414434177295,interface
2756,0.0006333493890908361,0.0041792907406312,other
2757,-94.02742193676958,2.0153214629309915,interface
2758,0.05173259665724239,0.0326832802631444,interface
2759,-0.0027793862394446013,0.0061596235251671,other
2760,-0.11992534124356365,0.1178274796662141,interface
2761,2.741580992339808,0.434508017844973,interface
2762,0.001627746981168199,0.0048832626431827,other
2763,0.0023252305769382634,0.0079763483152159,other
2764,0.00017162733081369435,0.0008530986953333,other
2765,-0.010642782482518341,0.027607938598978,other
2766,-0.0034154322895413375,0.0204768727654823,other
2767,0.014929162012555161,0.0156576299960679,other
2768,-0.03857505519493676,0.0424427252603841,other
2769,-0.010260419901142306,0.0265770097117793,interface
2770,1.345823790043511,0.1626644156499083,interface
2771,0.07381710495469458,0.0127795787501108,interface
2772,-0.010723183750659206,0.0099125393669903,interface
2773,6.290762707413014,2.7415209419760775,interface
2774,-0.0006436268466849965,0.0048810378022898,tumor_core
2775,-0.0007464429912437285,0.0008429806459688,other
2776,0.013529120417848175,0.0372534141123146,interface
2777,-0.004024743621993675,0.0148843224981846,interface
2778,-0.036788415995201926,0.0552272108728174,interface
2779,3.310430449101505e-06,0.001679515474493,other
2780,0.01612807203882852,0.0057441155277277,interface
2781,0.01479151045827168,0.069698128065742,interface
2782,-0.0027819121654373787,0.0014046861984399,other
2783,0.18033834102722535,0.1018380882906828,interface
2784,0.0028422329055863855,0.0585852232472155,interface
2785,-0.00015584944305632858,0.00153845667102,other
2786,-0.20351902779210568,0.110182848985416,interface
2787,0.004059764617769183,0.0020332765846996,other
2788,-0.0032067735854213,0.0119338546870516,tumor_core
2789,0.02092117555142319,0.0079197178156213,interface
2790,0.0012325572871311702,0.0058188844402413,other
2791,8.910111436138322,1.5566421310029874,interface
2792,0.015029732801797077,0.037265973441251,interface
2793,-0.000824319280344912,0.0073623853618028,tumor_core
2794,7.054178976683282,0.3619983406691101,interface
2795,0.0002158811277383851,0.0013010561163829,other
2796,0.002834623970702231,0.0033214843839509,other
2797,0.43404033959440147,0.1238629474182215,interface
2798,0.0016430298726016577,0.0126392271255473,other
2799,0.002448468930232102,0.0028018354424963,interface
2800,0.001943772382105604,0.0084585094024223,interface
2801,0.001750601829503607,0.0042625811302552,interface
2802,0.7280941487611918,0.1140296793086517,interface
2803,0.20278366448459992,0.5720836040728385,interface
2804,0.8059417778702552,0.0656479004281043,interface
2805,0.0001383590528212099,0.0008935676430087,other
2806,0.0001925421265840686,0.0006733746185971,other
2807,-1.5170299496315487,0.270454183820378,interface
2808,0.001690364915461423,0.0038799222573088,interface
2809,0.004682402602761358,0.013177404792916,other
2810,-0.006016472213052613,0.0293482100130099,interface
2811,-0.1614213843452473,0.072907416406077,tumor_core
2812,0.3614829032119459,0.0774246603322094,interface
2813,0.00010570738241754253,0.0008682732996757,other
2814,0.020975122817416845,0.0188158061201876,interface
2815,12.078245861857202,0.5569772171952218,interface
2816,0.044340880451680054,0.0122956467416809,interface
2817,-0.005533491566197495,0.0173575459222099,immune_core
2818,0.006237778542835102,0.0361070973823882,other
2819,0.0005610590860445169,0.0030747064433238,tumor_core
2820,0.08353745414378845,0.0170101116139552,interface
2821,0.02241926311297609,0.0260252713431645,interface
2822,0.06160304517311419,0.0209633655344459,interface
2823,0.22463822672784095,0.1567188181799445,interface
2824,-1.2714511508873493e-05,0.0006569238151049,other
2825,0.001549825901402308,0.0328160780671018,other
2826,0.003948314523886987,0.0089021074266612,other
2827,1.3625312252417945,0.1605411647783972,interface
2828,5.342623559112964e-05,0.0001156996322079,other
2829,-0.22353165878855674,0.0773852095051817,interface
2830,0.3103731104912966,0.0828076496958563,interface
2831,-0.0012246886185063915,0.0056129128154451,other
2832,0.005133495290524036,0.0075780149163547,interface
2833,0.013387706502622089,0.0121630863352941,interface
2834,0.5591699083371438,0.06845455571083,interface
2835,0.030454499040039246,0.0142532504890429,interface
2836,0.08725645245545537,0.0211247929017568,interface
2837,0.002029335104548801,0.0015721420127095,other
2838,0.022747058124720096,0.020844987343817,interface
2839,-0.07171757721184578,0.0113673506693272,tumor_core
2840,-0.014240214955820145,0.0269654373790518,interface
2841,-0.002784925240785994,0.0142303419264908,interface
2842,0.0015871830907969741,0.014887213211304,immune_core
2843,0.000307400741187052,0.0035841917543123,other
2844,-0.007213840402166906,0.0229200426839652,interface
2845,-42.12424086495132,2.2915567489498634,interface
2846,-0.0034683947763910023,0.0104441980414526,tumor_core
2847,0.002471549765747144,0.0121142717560475,other
2848,0.0005685811806309056,0.0016933996417744,other
2849,0.17971753832680434,0.1024757219917791,interface
2850,0.004669928096713709,0.0147288194506072,tumor_core
2851,-0.027671096541982663,0.0292689267555031,interface
2852,0.036150481067284766,0.006225962794884,other
2853,-0.0016039175000180787,0.0045952076216345,immune_core
2854,0.0023996800759914162,0.0049430112536292,other
2855,0.0515819979541887,0.0408087488270887,other
2856,0.003431813171828719,0.0031550136596854,interface
2857,0.0003442486596029691,0.0023081886802151,other
2858,-0.0051703024873349605,0.0133587117842746,other
2859,0.08098395804307139,0.0388916174131993,interface
2860,-9.435831614598193,1.8695624094966508,interface
2861,0.00014860489054510797,0.0007682667860844,other
2862,0.004597610294857289,0.002118612527236,interface
2863,-2.4055026377581634,0.3683964894259606,interface
2864,0.04880054432464494,0.0331723609548811,interface
2865,0.04261408307236725,0.0189391958458146,interface
2866,-0.010787409187015094,0.0336828391122938,interface
2867,-0.7756369630392492,0.3345019285980257,interface
2868,0.0016925035924459627,0.0013722761247524,interface
2869,0.00039533679464655666,0.0007672388101538,other
2870,0.23152626444351446,0.0268772656526078,interface
2871,0.07923019825366795,0.0589261877411296,other
2872,0.008233267775918748,0.0072874052812805,other
2873,-0.00865792449434473,0.0031207115132421,other
2874,-0.2691998230996142,0.0558470258622602,immune_core
2875,-0.0003339528998380587,0.0034283803988562,other
2876,0.0014869494161723821,0.0257127097393064,other
2877,0.008377944922108523,0.0110387608866014,other
2878,0.02967456933514032,0.0122781471928853,interface
2879,0.004096691007175038,0.0154409360224308,immune_core
2880,0.003409326978083154,0.0212397361908423,interface
2881,0.0004951491723852936,0.0014173478626739,other
2882,0.004278441564269226,0.0032969902698109,other
2883,-0.09798701502246503,0.0898916976283804,interface
2884,0.0058134853203187205,0.0069664655932885,other
2885,0.00036768492598298,0.0030318057722002,interface
2886,-0.003718454105045366,0.0226414718020869,other
2887,0.08228429389436367,0.0754692295614096,interface
2888,0.032985450435463554,0.0121126364118462,interface
2889,0.013463290031588122,0.0163925440004119,other
2890,1.5063784197467487,0.2073645978579158,interface
2891,0.002259333643724283,0.0055074256636358,tumor_core
2892,0.20955896842905888,0.0186801223729218,interface
2893,0.008712100064125275,0.0149562361827611,other
2894,-3.586765445768221,0.3780152971447246,interface
2895,0.003984270326815674,0.003557980990887,other
2896,0.08024744152491355,0.1146768225312158,other
2897,-0.06446916039074699,0.0042905136632464,other
2898,0.00872532412734787,0.0346111601488156,interface
2899,-0.0004233966480143572,0.002535458944741,other
2900,-0.06380317820851612,0.0092616603451766,immune_core
2901,1.2359586146358525,0.1567946084719186,interface
2902,0.03317864510624194,0.0297258923603288,tumor_core
2903,4.530720705200471,0.2243438348112858,interface
2904,-1.418828725913038,0.3051894027514267,interface
2905,-0.00044146263648180833,0.0008677342298585,other
2906,-1.1589118980637507,0.2598894631468476,interface
2907,0.00994518923897911,0.005715108698984,interface
2908,0.010913600045954807,0.0105445550113442,interface
2909,0.00014056430819762216,0.0070514924474385,other
2910,0.0231065040649691,0.0179787262155813,interface
2911,0.0032794023184073862,0.0035845113260392,interface
2912,-0.002074188070769071,0.0083704638276041,other
2913,0.08700756362452763,0.0117509270082814,interface
2914,0.025248198068300157,0.0046939863780159,other
2915,-0.0925187813938004,0.0336725149126492,interface
2916,-22.205966861307928,1.6682637598571075,interface
2917,-0.031047107784125307,0.0266846297173907,interface
2918,0.00035334275290020256,0.0023867573466171,other
2919,0.0011100642838579899,0.0028558320789712,other
2920,-0.03845668630175271,0.0526817531346687,interface
2921,0.06355699024400738,0.0110834241604596,interface
2922,-0.040121082394476426,0.0459487280796438,interface
2923,-2.595446486365202e-05,0.0008602636918692,other
2924,0.013689181764113103,0.0135322701674214,other
2925,0.2112170009930497,0.0316014445504892,other
2926,-2.632330382150256,0.3459893561942415,other
2927,0.09214480784392147,0.0389169333649808,interface
2928,0.0009197885709596498,0.0036955898166158,interface
2929,0.000561548077226347,0.0053316835998602,interface
2930,-9.217464345548468e-05,0.0181808010178065,interface
2931,-0.0211288012806137,0.0286673684619584,other
2932,8.423717717362623e-05,0.0008613091011859,other
2933,-0.8131701675127919,0.210477122382275,interface
2934,0.12119338360550717,0.0257512896946301,interface
2935,-0.004080880852591305,0.0262217705077285,other
2936,-0.007089198493722165,0.0307509370867311,tumor_core
2937,-0.0002546869129839936,0.0040697227310988,other
2938,-0.014349766074309581,0.0193886326692206,tumor_core
2939,0.0016165893165769325,0.0017345207490959,other
2940,-0.04412787926515931,0.0671209396683004,interface
2941,0.22966623093019092,0.0286309888257163,interface
2942,-0.029871217527733196,0.0301579598686588,interface
2943,-0.00013331947386305748,0.0026419677806924,other
2944,0.0066386982677092655,0.0079696195469336,other
2945,-0.0003665147100684906,0.0037223617533088,other
2946,-10.877049774976062,0.8159990632446464,interface
2947,0.020954371197575705,0.0047373151295554,interface
2948,0.0026382561408981216,0.0025487017681168,other
2949,1.1710128884635426e-05,0.000168017155474,other
2950,-2.730840325456061,0.3119213207436938,interface
2951,-0.10148973738931963,0.1141929909680228,interface
2952,-0.004627778248477413,0.0108612536316654,other
2953,0.0070628865935263765,0.00546291133279,interface
2954,8.670772682846334,0.4151633897831153,interface
2955,0.04324703799538208,0.0145039726886839,interface
2956,0.03651710242283386,0.0221456805192814,interface
2957,0.002233356828132754,0.0058850381572275,other
2958,-0.00010452549599380205,0.0033633123101212,other
2959,0.0008345060735916513,0.0007740147582807,other
2960,2.646741996517997e-05,0.0002714764706227,other
2961,0.010135885369893788,0.002857000056298,other
2962,-0.00371085540683639,0.0124055379288064,immune_core
2963,-0.009152688996376394,0.006728522894771,other
2964,0.011910674582606598,0.0125642511623536,interface
2965,0.011554903908637665,0.0154631353368742,tumor_core
2966,0.0054477574677775234,0.0113973611471053,interface
2967,-0.00010864343227703335,0.0056639839307561,other
2968,-0.00012520372638728192,0.0073687767798249,other
2969,-0.01664406389999418,0.0170147270362651,interface
2970,0.0011017189483552585,0.0014644886074897,other
2971,-0.0015140692411955562,0.0185366601396431,interface
2972,0.00010858005725259087,0.0016476770024051,other
2973,-0.0030551552475900417,0.0104691283854595,tumor_core
2974,-4.090020134611733,0.1898131332844755,interface
2975,0.0030033466782190647,0.0624456262622526,interface
2976,-0.47957234682429,0.0536627022517076,immune_core
2977,-0.17371847712248384,0.053343410521957,immune_core
2978,0.15712502710911305,0.0560511872947033,interface
2979,0.001081148334913729,0.001992632667059,other
2980,-0.36570240408535265,0.0709850364339967,other
2981,0.00035842438872318296,0.0024695416196972,other
2982,-0.00040876081134821077,0.002996727639558,other
2983,4.1945253105943464e-05,0.0036784670384989,other
2984,0.0037510082974576316,0.076495352342876,interface
2985,0.0029758860297171476,0.0063921407305656,interface
2986,0.002054809845582542,0.0013243259137367,other
2987,0.1485757416396884,0.0258355127703819,interface
2988,0.674289557706872,0.103717786956744,interface
2989,-0.0527379591847765,0.0418449274287182,other
2990,1.9641197091536051,0.1266501457208585,interface
2991,0.0012080138017347044,0.0033238740458781,other
2992,-1.6527298156458906e-05,0.0021215611874624,other
2993,0.020957845010136512,0.010486735711188,interface
2994,0.5265822330249703,0.2620830786179413,interface
2995,-0.0013397692586529847,0.0079135913755689,interface
2996,-0.010560310941050362,0.0111300675258645,tumor_core
2997,0.0006656748889593016,0.0078781169967466,other
2998,-13.69482278130849,1.2781616767874937,interface
2999,0.0007007729413166443,0.0035114904662826,other
3000,-1.684300145726915,0.5638557316746985,immune_core
3001,0.0854607783675733,0.0957398623756309,interface
3002,-0.01671064939642631,0.0088063293085853,interface
3003,0.002640440401845064,0.0128366090216955,other
3004,0.022157747638134283,0.0192723812003503,interface
3005,-1.7401332664560243,0.2573851675918557,interface
3006,0.25691738676007353,0.028706360768423,interface
3007,0.007329296948034974,0.0101782914106903,other
3008,-0.02798394215368504,0.1341366751221694,interface
3009,-0.1554598106450673,0.0312114884861677,other
3010,0.011979419114948547,0.0098788726824341,interface
3011,0.0006055232738557758,0.0005940603605595,interface
3012,-3.188105344826028,0.433842686956529,interface
3013,0.0037685520670195658,0.0358379859263822,other
3014,6.173694040111405,0.2660181320028361,interface
3015,-0.35149567995858677,0.1250111298757215,interface
3016,0.009758639102181142,0.0197581548087897,interface
3017,0.000674857753926844,0.0089095785836561,other
3018,3.8304891139281505,0.2564988826261715,interface
3019,0.5808413989391918,0.049193901237639,interface
3020,-0.2853809665660011,0.0959197488023536,interface
3021,0.09257714195070041,0.1944486000505522,interface
3022,0.0007120606298077305,0.0094640781640457,other
3023,-7.768520087740016e-05,0.0036676559846179,interface
3024,2.202133567600032,0.2013141957529165,other
3025,-0.044279206345194624,0.0579610419489013,other
3026,-0.020783619583233343,0.0231371897325937,other
3027,0.00010324533621685032,0.0012880378598557,other
3028,0.00112561076685008,0.0068288895900541,other
3029,-0.0002378401776441448,0.002132791946738,other
3030,-12.782307347382467,0.5668256840643653,other
3031,0.019178968789709913,0.0137515460309969,immune_core
3032,0.06281132235919211,0.0077903910829972,interface
3033,-0.006079918086810271,0.0060265864474319,other
3034,0.011674200673327566,0.0078435586410488,tumor_core
3035,-0.11522163433242183,0.1276725615463201,interface
3036,-0.04706539083475372,0.0421044423130542,interface
3037,-0.04058447090488307,0.0367429781604927,interface
3038,0.00044274998624644095,0.0025210490078551,other
3039,-0.0013799802002097982,0.0120575053222954,other
3040,-2.1700214690554307,0.0523126787941551,immune_core
3041,0.16982645194275267,0.2634088903758771,immune_core
3042,-0.06705750763311076,0.0104355410473902,immune_core
3043,-0.007625642565198989,0.0063551386215303,tumor_core
3044,0.00016275572903472543,0.0047712789863442,other
3045,-0.002232696759751054,0.0077316159352822,immune_core
3046,3.2082753909448884,0.1299071154796266,immune_core
3047,-0.0008874273883531045,0.0040427251214956,interface
3048,-9.46669633807495e-05,0.0163126153745704,interface
3049,0.003493486117314521,0.0346216558775719,interface
3050,0.005716784095644957,0.0123436804670696,other
3051,-0.014055168104132437,0.0061208466311201,interface
3052,0.0004980107723318,0.0051945409390687,other
3053,-0.0004180275926393045,0.0063827489468513,other
3054,-0.06244920973401766,0.0072408330804011,other
3055,0.10571498277714654,0.0283354553683547,immune_core
3056,0.012068458868246939,0.0171329936586163,interface
3057,0.03883789124306826,0.0704828937600655,interface
3058,8.930086277969116e-06,0.0017866094082628,other
3059,-0.0002224813557597924,0.0011209194299054,other
3060,0.009896125908600591,0.0088347445164094,other
3061,0.028423767536728383,0.009208740453855,interface
3062,-0.0015160324393962738,0.0020471136444657,other
3063,21.899210006685347,0.5360539086416926,interface
3064,0.007767660050238498,0.013684817830138,other
3065,-0.0012801876172521334,0.0183072482398881,interface
3066,0.0004317431384973132,0.0002741155910664,tumor_core
3067,0.00039981259717751034,0.0016760409253896,other
3068,0.0003202028125395597,0.0022958916486259,other
3069,0.033513320737772634,0.0123961525039525,interface
3070,0.014769691568726259,0.0158840165030563,interface
3071,0.0046273834595892864,0.0022578768181485,other
3072,-0.08513904417519898,0.0514969288191559,interface
3073,0.006117054196427029,0.0086672239121155,interface
3074,-0.031110519007107536,0.0373930947571649,other
3075,-0.0022655736144458895,0.0066505888556679,tumor_core
3076,0.0038513097425101734,0.0139681726448578,interface
3077,-0.008024815824489426,0.0311407212486974,tumor_core
3078,-0.0038695060361252295,0.0230171025847543,other
3079,0.0013134470559623156,0.0023156455360054,other
3080,-0.020090466015433465,0.0310050037092641,other
3081,0.0007525569718636535,0.021190823431363,interface
3082,-0.0010255567695753285,0.0088275513280645,other
3083,2.1279359697797247e-05,0.0052961738396246,other
3084,0.019429238932108746,0.0159902901007472,interface
3085,0.0159941494714305,0.0071658313533654,interface
3086,0.0003681379259445459,0.0004567232076529,tumor_core
3087,0.0023030320232630477,0.0027592166277276,other
3088,-1.1443492666439345,0.2302127747808905,other
3089,0.00033426101717869567,0.0064588733588927,other
3090,0.2953977993416615,0.057975520765518,interface
3091,-0.043464133374462185,0.045036946198482,interface
3092,-0.08985713675974437,0.0506982887401446,tumor_core
3093,0.16223962588924523,0.0532750150423758,other
3094,0.00555269348758407,0.0033142328344887,other
3095,-0.006660632865984528,0.0150214133517955,tumor_core
3096,0.00035138825558865723,0.00113992150867,other
3097,3.9384135359987787e-05,0.0003561204883226,other
3098,0.05506788301357643,0.0136839118848346,immune_core
3099,0.011708988980099042,0.0181920974348609,interface
3100,0.11925334378900293,0.0849688892506784,other
3101,0.009203988589060392,0.0071244008324685,other
3102,-0.06227703547835954,0.0290250553980405,interface
3103,0.004584970814322719,0.0085251680595874,interface
3104,-0.00014222878759349497,0.0013649947423069,other
3105,0.00041756982817804796,0.0018742982138819,other
3106,0.33629933488204017,0.0535452981057045,interface
3107,0.0007339514275671895,0.0055605691307692,other
3108,-0.0021377126543349477,0.0085371300248216,other
3109,0.0016145277483120444,0.0020660019939443,interface
3110,-0.5662193876371279,0.2012935371805229,interface
3111,-0.007691434979195148,0.0302636858443961,interface
3112,0.0667624238919985,0.0257088809144257,other
3113,0.0008325310358127427,0.001414535311671,other
3114,-0.0030275633533687145,0.0050194856352143,other
3115,0.8964580864088061,0.1001833204595382,interface
3116,-0.08593139035420247,0.0703447893101139,interface
3117,0.0006668582476081719,0.000817533563371,tumor_core
3118,20.176317160443983,0.752253877278131,interface
3119,0.47771300988282334,0.0408710925342148,interface
3120,0.008124475533172824,0.008197406937686,interface
3121,-7.803711558880883,0.2558696113935293,other
3122,0.00032356418055532284,0.0023804377511738,other
3123,-0.016246388725429124,0.0271254809371715,other
3124,0.04409537243649292,0.0365850772012166,interface
3125,-0.028011015740558892,0.0341024926498585,tumor_core
3126,0.002427371020087904,0.0022993089579672,immune_core
3127,0.015508506820982636,0.0482083230497281,interface
3128,-0.1560797785430916,0.1169261146197148,interface
3129,0.005479171402723863,0.0101001683695273,tumor_core
3130,0.24455266429837333,0.0549992131570121,other
3131,0.005086679774284361,0.016134302975165,other
3132,0.008295685397214406,0.0034755827251898,interface
3133,-0.004726150147605507,0.0051982039780163,interface
3134,0.07614497112726877,0.0501715313922373,interface
3135,-0.0014059700913090119,0.0083145310592035,tumor_core
3136,0.11244174729408944,0.0315496048514372,interface
3137,-0.022354118204129695,0.006802759502968,interface
3138,-0.0026847291671601155,0.0021130213167188,immune_core
3139,0.00014249868818767085,0.0013476507278842,other
3140,0.001421454799339525,0.005952294495094,other
3141,-0.9955615227305177,0.2721522998477351,interface
3142,0.00025775805859245806,0.0048935360447462,other
3143,0.005594933472286397,0.0121222687668525,tumor_core
3144,-0.0013080116567740282,0.0151206297628127,interface
3145,0.0003279673539453376,0.0069438189818215,tumor_core
3146,0.25891630960387685,0.1680584928728049,interface
3147,0.0037342943836953177,0.0058005636704398,immune_core
3148,0.010474691421663416,0.0039260935993371,other
3149,-0.015812905809807806,0.0267957636635728,interface
3150,0.0022644016816411633,0.0049521861502425,other
3151,0.040682319215275646,0.0359780334318936,tumor_core
3152,2.3418688729220365e-05,0.0014150644306136,other
3153,1.7890587574622963,0.1165701549314132,interface
3154,-251.04392008481892,3.621302107589742,interface
3155,0.018452414679122703,0.0634933653130985,interface
3156,-0.0007739402623685539,0.002389059612183,other
3157,0.0036437941730392606,0.0807121615695589,interface
3158,-0.014710308835727161,0.0100530514027045,other
3159,0.41653604638278335,0.0652237945344584,interface
3160,0.0069174001526584,0.0066827666872225,other
3161,-0.01801389222331061,0.0054810697256915,other
3162,-0.24469463168505579,0.100382895021683,interface
3163,0.0061435269017368855,0.0199162009217674,tumor_core
3164,0.00017170249540131803,0.0013096635325323,other
3165,-0.002587487915175054,0.0098609872550273,other
3166,-0.0019242033734460315,0.0142677642710957,other
3167,-1.5678966437370685,0.4310769198277477,interface
3168,1.3409082544047783,0.2216430239250717,interface
3169,0.002314551439960679,0.0081300306346054,other
3170,0.0007083166365762948,0.0033368515337944,other
3171,0.009984678885255097,0.0310454154338592,tumor_core
3172,-0.0014043344486236703,0.0049448975924728,other
3173,-0.0694736182899105,0.0649560238366919,other
3174,0.0036885620761869546,0.00191222507243,other
3175,-0.0029673319664707295,0.0507196918530628,tumor_core
3176,0.0014104444086539911,0.0024500182124231,other
3177,0.017725921098548543,0.0132869700402583,tumor_core
3178,0.4474192251849723,0.0922037139824201,interface
3179,0.0007397686062334994,0.0039908027539145,other
3180,0.006244234524792296,0.0093685479926389,other
3181,-0.03508077770296155,0.0373136570952637,interface
3182,0.001995114224084939,0.0100212015967651,tumor_core
3183,0.8705191602640036,0.1995035496482239,interface
3184,-0.00023130996003267477,0.0046435593311872,tumor_core
3185,0.0010744496174829217,0.0020316487686443,other
3186,0.01195352499999857,0.0293019980303164,interface
3187,0.024242181088788565,0.0024180249617426,interface
3188,-0.04586925707883513,0.032655006162306,other
3189,0.002977032272761703,0.0049212080578645,other
3190,-0.13649679710827461,0.0707309430175489,interface
3191,0.001703166749487109,0.0074905724574427,other
3192,0.011972582199666458,0.0167106791266279,other
3193,0.000699537569109671,0.0010424543436845,other
3194,0.0072432241852441685,0.0094482808588033,other
3195,0.17322212819832555,0.0396763777554693,interface
3196,0.000565911279298818,0.0006793312686384,other
3197,-0.006573929835102282,0.0342724167867062,immune_core
3198,0.015917653875625392,0.0246910190629271,interface
3199,-2.0542687944552753,0.3582890934313615,interface
3200,0.9754883071695337,0.2908999476312822,interface
3201,0.004675550092705785,0.0080446570885296,interface
3202,-0.007156874611804437,0.0113898706369116,interface
3203,-0.0017454220184663551,0.0027502490797518,other
3204,-0.03056538140201879,0.05681425896122,interface
3205,0.006324378522165907,0.0329201033541731,interface
3206,-9.438505197723858,0.689679500679425,interface
3207,0.035646138837258395,0.0419366264149744,interface
3208,-0.03827245807567267,0.0222218080833385,interface
3209,-1.5043515872364535,0.2316635930204898,interface
3210,0.24784805096368467,0.1408710352587795,interface
3211,-0.21332365597822478,0.0791655749310354,interface
3212,0.00187154935227734,0.0255312087627952,interface
3213,-0.06881557968095574,0.0638335139839198,interface
3214,0.004399965444725509,0.010839970511667,other
3215,0.13365225096381672,0.0322912413066954,interface
3216,0.0025602701604200548,0.0036910943295206,other
3217,-0.8612560203686479,0.2582353208028498,interface
3218,0.004746483273930864,0.0042362197864773,interface
3219,2.0749164136948512,0.2230434049616425,interface
3220,1.844541517987113e-05,0.0028376843784343,other
3221,-8.254131925629355,0.3817030551608696,interface
3222,72.37056746157256,0.306555214180838,interface
3223,0.017061748525715587,0.01115020678311,tumor_core
3224,0.015604449914402754,0.0153092683773855,other
3225,0.03216573422735281,0.0662834094263283,interface
3226,-0.008280379607186824,0.0195619455597632,interface
3227,-0.021005718466689808,0.0350974895846722,interface
3228,0.0803027030568929,0.0592736697790639,interface
3229,0.1852089837005298,0.1084031549471581,interface
3230,0.09266845226608061,0.0348497579876352,interface
3231,-0.005270517983318647,0.0283756611507761,other
3232,-0.34840807137781943,0.0368448678112614,other
3233,0.0029371735710347273,0.0027954481215795,other
3234,-0.4408944470900991,0.5594379651092667,interface
3235,0.0017640139949703657,0.0037701595174862,interface
3236,0.00187657524039712,0.0150692673121863,tumor_core
3237,4.557571442710322,0.1958436501231625,immune_core
3238,-0.00623981992632311,0.0129641802405598,tumor_core
3239,38.007785285259196,1.1140129662215272,interface
3240,3.1427337013486403,0.2021305476281401,interface
3241,0.004478737909241675,0.0041684437977914,interface
3242,0.4246973755281197,0.0223056500745688,interface
3243,-0.09820166911538905,0.0914587159660727,interface
3244,-2.364724539111728,0.5917004226748128,interface
3245,-0.35179163853217016,0.0706344716936657,immune_core
3246,0.0009408355340070072,0.004114953763943,other
3247,-2.386245354510879,0.5195553657653877,interface
3248,-91.16766276489912,2.8392081590722924,interface
3249,0.000625348632650034,0.0022670150573154,other
3250,-4.2762998492453786e-05,0.0004107949431276,other
3251,0.0016214731466953603,0.0451602808148092,tumor_core
3252,-0.2903709690397891,0.2059791192072323,interface
3253,-2.8171161248534102e-05,0.0028008332986401,other
3254,0.3349296436103089,0.0479015298542358,other
3255,9.421654753651387e-05,0.004478972419582,other
3256,0.0203456257155444,0.0179837446135678,interface
3257,1.5990724418803823,0.1668372071584541,interface
3258,0.0035114258177729733,0.0080439924683634,tumor_core
3259,-3.777291098073622,0.4618989218003321,interface
3260,0.0014965065701215698,0.0010931145207002,other
3261,-0.0027240309203135794,0.020473008631077,other
3262,0.027964682938059048,0.0160448267453464,interface
3263,0.03199656481436956,0.0099822977987409,other
3264,0.00040540908729747255,0.0015134778954497,other
3265,0.01812045080656184,0.0116072909434256,interface
3266,-0.00030483351227198266,0.0655167313593049,interface
3267,1.3728410191489275e-05,0.0008938260812597,other
3268,0.01685236619463874,0.0489526088277862,interface
3269,6.396766822427159e-06,0.0008371440214873,other
3270,0.00023219668958697804,0.0033843830247209,other
3271,0.041423949444670996,0.0117312010736746,interface
3272,-0.002655528257448678,0.0218046580575537,other
3273,-0.020213567557076862,0.029701499808737,other
3274,-0.005611466408526667,0.0043154181077973,other
3275,0.02809639586555367,0.0497751455379879,interface
3276,-0.1566981026731478,0.1520116196423096,other
3277,0.005779451527363777,0.0013047565600272,interface
3278,0.007097465174241035,0.0049786938202536,other
3279,-1.0720793391495487,0.2714632467500538,other
3280,0.0035612889209448106,0.0177051937156745,interface
3281,0.0019118272198305705,0.0031899273584104,other
3282,18.773914732012827,0.3961519171052003,interface
3283,0.029233208347753916,0.0084254044691256,immune_core
3284,-0.041318985062773206,0.0643749402269548,other
3285,-0.01934590818058246,0.0406247701756216,other
3286,-0.0066691126829356365,0.0038518220647268,other
3287,0.0017920251744133978,0.0079552009933879,other
3288,0.9657899850137287,0.1638617959714658,other
3289,-0.1481518968794815,0.0096211285367045,interface
3290,0.0011274784880196216,0.0016949350693977,interface
3291,0.38771780130695477,0.0717441194603668,immune_core
3292,0.02394931981013764,0.0211326187104575,other
3293,0.029854516025662317,0.0515418273416308,other
3294,0.006242244276811515,0.00574507840032,other
3295,0.029815916905149953,0.0108170814684825,interface
3296,0.0005444480711485123,0.0021435092289236,other
3297,0.0015996608494908322,0.0055931235752963,tumor_core
3298,-0.004943349350042404,0.0161157971472128,immune_core
3299,0.00021508244520603302,0.004242087209776,immune_core
3300,0.004178447649328839,0.0092888593995113,other
3301,0.00822928631394973,0.0093425383912791,interface
3302,-0.00203197220745973,0.014633308378499,other
3303,0.18825788860018586,0.0449615680261374,interface
3304,0.6422492460745852,0.1375024698066844,interface
3305,0.7089076333054274,0.0846577561653026,interface
3306,0.9454412776043437,0.081417625952031,interface
3307,1.2540848181312791,0.0808686537399303,interface
3308,-1.2506169133125133,0.2876081368429179,interface
3309,-0.058644243059193586,0.0752552143358151,other
3310,-0.009356962470121962,0.0267373671359981,interface
3311,0.0007577415407183045,0.002672238894426,other
3312,0.14777133008649188,0.0801759384577319,interface
3313,-0.35307536059683997,0.1770305399387504,interface
3314,0.08819890567539293,0.26704065770747,interface
3315,0.3698846290282634,0.0227808387940691,interface
3316,0.07761635971476938,0.0364709652976975,interface
3317,0.5463990314972706,0.1035388866298806,interface
3318,0.0013859650018065157,0.0059684434110711,other
3319,0.05712413275880458,0.0131300590970792,interface
3320,-1.6515735109509767e-05,0.000743180820176,other
3321,2.3481428651800596e-05,0.0002987071801501,other
3322,0.000981867834680233,0.0007976294494775,other
3323,0.06497404855075169,0.0124360310248251,interface
3324,-0.008000892326169106,0.0168805348267999,other
3325,-33.79138806769466,2.4625917037874054,interface
3326,0.02877612944078704,0.0161673917223436,other
3327,0.00950947927876405,0.0074770830641333,interface
3328,0.005966137111589751,0.0374657407529696,interface
3329,0.011188578768279805,0.0670022924527596,other
3330,0.016755864896315174,0.0098741502849559,other
3331,0.0007699453195410325,0.0076401832226227,immune_core
3332,0.006556044407050999,0.1096617450864304,interface
3333,-0.0031518582035976865,0.006607890704263,interface
3334,0.14475377635701725,0.0140253766333126,interface
3335,4.383728721570273,0.3335047533899821,interface
3336,0.010457449343613746,0.0025163546845486,interface
3337,-2.5664357579958192,0.349220229232488,interface
3338,0.1278637138694334,0.0304206857855736,immune_core
3339,-0.34857646922152863,0.1118750349685783,interface
3340,0.0026493033911809526,0.0031482680027452,other
3341,0.0022943012428332152,0.0014520546092224,interface
3342,0.008208017383060736,0.0046073426008939,other
3343,-0.37875906437618523,0.3016870112058756,interface
3344,-0.05059963539915019,0.0680528923848478,interface
3345,1.2507876939904095e-05,0.0010616000910346,other
3346,0.02249806070731212,0.026354019925739,interface
3347,0.003590548551991586,0.0070996891979288,immune_core
3348,0.0025585349675592457,0.0027749627218931,other
3349,-0.0010764823978811587,0.005196649236118,other
3350,-0.0008589790218727578,0.0076289106426248,other
3351,0.005423569831928876,0.0031366890072026,other
3352,-1.6196001839992853,0.1393923023984438,interface
3353,-0.0416779664301351,0.0304784657931048,interface
3354,0.0005230600143164732,0.0014816694391352,other
3355,0.00018101189888274443,0.000807294518102,other
3356,-0.004891308961363065,0.0252891630782048,immune_core
3357,-0.06578654265696858,0.0605509213974472,interface
3358,-2.631171504086701e-05,0.0032923901220649,immune_core
3359,-5.786537887639993e-05,0.0019155905249409,other
3360,1.796266862853989e-05,0.0013430490748147,other
3361,0.0020612952630997827,0.0042692908891314,other
3362,1.1348627692275657,0.103483718352503,interface
3363,0.0011986550589241371,0.0005578977885198,tumor_core
3364,-0.006924576047984363,0.0020772945815209,other
3365,0.0026498853620684094,0.0010081359933957,other
3366,-0.13909450582177166,0.0847172021249883,interface
3367,0.8906636684382037,0.1239646790512687,interface
3368,0.0009000861402678176,0.0049593677062644,other
3369,0.00013669370743673342,0.0064645143136262,immune_core
3370,0.010119505822770072,0.015252789725953,interface
3371,0.00044042471791596715,0.0056162359095916,other
3372,-0.0007305925141270628,0.0155710908573832,interface
3373,0.09526778832484291,0.2257175531432892,interface
3374,-0.00046741830026900865,0.0076596664725774,immune_core
3375,-8.947851867737411e-06,0.0017490953269392,other
3376,0.001431031536065175,0.0055945198586911,other
3377,-0.01178300356928318,0.021798252245339,immune_core
3378,8.988534490050675,0.8771538874007764,interface
3379,0.0030121126135557556,0.0683307804832607,interface
3380,9.404869879487815e-05,0.0013782211763465,other
3381,-0.00038888398727378255,0.0027388391760978,other
3382,-0.0295558619916,0.0377528598303146,interface
3383,0.0001875629261980743,0.0034342099096635,other
3384,0.0210370206962617,0.0103562406426319,interface
3385,0.015140846768535525,0.027976923015671,interface
3386,0.00837698102674666,0.0010918209860112,other
3387,0.00010113288540821386,0.0004317715977678,other
3388,0.000532366946936478,0.0049164413913235,interface
3389,-9.482249730533793,1.066416490032101,interface
3390,-0.15315545078108356,0.0116735005822013,other
3391,5.2670779014405886e-06,0.0001299593658927,other
3392,0.056998921673344916,0.0127355888307204,other
3393,-2.6244211427249055e-05,0.0002418285303687,other
3394,-0.3425387392212758,0.2830306773589456,interface
3395,0.0003117728728394223,0.009947945281803,immune_core
3396,0.16885805230408815,0.0218539310646933,interface
3397,0.06516906042737136,0.0537791404816876,interface
3398,-1.19102311645553,0.2824726706353784,interface
3399,-0.03916429866475677,0.0220377791809292,other
3400,-0.007826766767607869,0.0167461771993368,immune_core
3401,-0.20642666225273035,0.1514331900535476,interface
3402,0.0017672200139657041,0.0014222743719094,other
3403,0.290309801509397,0.0542516891660241,interface
3404,-0.043550262188243545,0.0070525905282618,interface
3405,0.011416748073706701,0.0207676778450087,tumor_core
3406,-0.010774554637414344,0.0062048649204684,other
3407,1.5660179483638983e-05,0.0005364368213871,other
3408,0.0007888882342353523,0.0014593363057105,tumor_core
3409,0.00029542282679880915,0.0031339705043061,immune_core
3410,-0.0008914073551970784,0.0096965509724777,tumor_core
3411,0.13263889589647132,0.0305854839042876,interface
3412,0.011794060919053573,0.0267313253027679,interface
3413,0.031289193207407445,0.0083404767526417,interface
3414,0.03506462037529456,0.0283433632548771,interface
3415,0.007480791513694566,0.0044863994457705,interface
3416,0.0016444644538711655,0.0025426514299994,other
3417,0.48434971864716425,0.2134801867585322,other
3418,370.553672050741,2.932753125261938,interface
3419,2.929134939845611,0.1424547476889608,interface
3420,0.000760744355029489,0.0104154686047097,other
3421,0.006356709826450077,0.0091917592712581,interface
3422,-2.249913843624225,0.3008148412799253,other
3423,0.003592621618196736,0.0012112865072212,other
3424,0.015736678763633955,0.0088238195682486,interface
3425,-5.526992458581294e-06,0.0016160184773851,other
3426,-0.016755507020303848,0.0019004376294851,immune_core
3427,0.0022849846068988245,0.0043722771522436,other
3428,0.5010720249181485,0.0648178145324918,interface
3429,0.0008765070475603637,0.0137927195881904,interface
3430,-0.09036741222565607,0.0121688464779522,interface
3431,0.0007060912949542745,0.0029731078377411,tumor_core
3432,0.020425842394229423,0.069847260881371,interface
3433,-0.0028966319868530817,0.0037910702360145,other
3434,0.003432329528231614,0.0051462124761287,other
3435,-0.000755180560702646,0.0186908431629719,interface
3436,-0.0007266831633403857,0.0011101461757957,other
3437,3.2849536390900714e-05,0.0002777593926671,other
3438,-0.1211952659697361,0.0671772032896257,interface
3439,-0.22858164456410182,0.0813165127281744,interface
3440,-0.006734703318147284,0.0132754170380849,immune_core
3441,0.11278413641096892,0.031612733375153,interface
3442,0.00044707105365008205,0.0085448108686174,other
3443,0.05177254770846037,0.0884234083760261,immune_core
3444,0.6473561810493618,0.0251228402334029,interface
3445,-0.097195400039596,0.079736590357144,interface
3446,0.004394939950153901,0.0088820961551044,interface
3447,-13.442816000855855,0.9020076559393542,interface
3448,35.243344366798674,1.0912325400797855,interface
3449,-0.0023878796141300514,0.0210973327725869,other
3450,0.006339574658558477,0.0103844758982282,interface
3451,-0.07930574481450889,0.1493312301019312,interface
3452,0.0023263864628195975,0.0108069474702526,interface
3453,0.00354086794117643,0.0022049263531007,other
3454,0.06911827950021067,0.016927251055369,interface
3455,23.71384565557554,0.2606288917919946,interface
3456,-0.001644451043840634,0.0022007702772772,other
3457,-9.827455959281794e-05,0.0027052964207344,interface
3458,-0.0010261178545483334,0.0079011108897202,other
3459,20.81875400700474,0.5021856959996162,interface
3460,-0.008822943394406067,0.0165964056903575,tumor_core
3461,0.00010913015563199897,0.0001299256886608,other
3462,-0.0016775058168475524,0.0045544260713112,interface
3463,0.0032774589151397474,0.0141693978657872,interface
3464,0.3089417519112115,0.1642498960290951,immune_core
3465,0.06982394745006859,0.0311558685213008,interface
3466,8.235008332541312e-05,0.0003766798873714,other
3467,-0.01706530417502857,0.0257855165155648,other
3468,0.033417846569705395,0.0257250735309129,interface
3469,-0.00038933473788980543,0.010864306818243,interface
3470,0.013138513807951224,0.0165263030053288,other
3471,0.0014172944684101762,0.0041977243649115,other
3472,0.18286435398317183,0.0215500444676197,interface
3473,0.03287825272859224,0.0229843581433302,interface
3474,4.650592636371008e-05,0.0005528194768108,other
3475,0.8252836157628889,0.0373545181924776,interface
3476,0.000277063575618698,0.0022688918703738,other
3477,0.08226840608766872,0.005516039453644,interface
3478,0.001786401125687459,0.0028017890307609,other
3479,-0.03434371406848625,0.0404581594742946,interface
3480,0.022557123316589486,0.0156065791936968,other
3481,-0.7247801633993272,0.285590725058997,interface
3482,0.009266435718741178,0.0190691048926643,interface
3483,0.004382845596100015,0.0028322583719585,other
3484,-0.0019311524040943324,0.0053411871095957,other
3485,0.01088668175882906,0.0029052006303261,interface
3486,0.06370995814750424,0.0420243731835078,interface
3487,0.00032535332045733337,0.0006619435104375,tumor_core
3488,-0.0002200552761148655,0.0088548062891073,immune_core
3489,-0.016818008097728196,0.0450511238154172,interface
3490,0.014648899465135016,0.0108763973333535,interface
3491,-3.825613484373485e-05,0.0005511541416341,other
3492,0.4194986472954925,0.0111008084312066,interface
3493,0.00859364572880655,0.0089702109106606,interface
3494,-0.40436816912350587,0.0481456582596,other
3495,0.0009019798019045236,0.0036897271233146,other
3496,0.0271865135560556,0.0187026281365887,other
3497,6.770908174817507e-05,0.001244543163938,other
3498,0.006277643990016417,0.0165271876174671,interface
3499,1.8419337422279168e-05,0.0016750669657234,other
3500,-0.0018950697086011464,0.0090207922848866,other
3501,5.418494565453925e-05,0.0060885774187831,other
3502,-0.0028117210157314393,0.0080549528573164,interface
3503,0.051811634453501135,0.0292352933174151,interface
3504,-0.03044849507990036,0.037220430545814,immune_core
3505,0.0014056866361617183,0.001243280670146,other
3506,0.01577306101828677,0.0260322680496492,interface
3507,0.003030327305786652,0.0072208688345093,interface
3508,0.0014768321737330802,0.0029794292457976,other
3509,0.9976778829030994,0.136688604601329,interface
3510,-0.0677627248516019,0.070487966984727,interface
3511,-0.0033939072983641613,0.0075097554544632,tumor_core
3512,-0.12868054423115655,0.0669809887367476,immune_core
3513,-0.004964827819455832,0.010734077779513,other
3514,0.00018462847772357532,0.0029516389225437,other
3515,-15.851492942925919,0.9989037585685856,interface
3516,0.005313597903210211,0.0300061461183098,interface
3517,0.008271701541841429,0.0049870317597572,other
3518,-0.019408904584003593,0.0377317326290029,interface
3519,0.01120811132327711,0.0103225090052016,other
3520,-0.2593381725720602,0.0839531358969261,interface
3521,-0.025197830424422474,0.0318065882513475,interface
3522,0.7761761921542145,0.0502527735565077,other
3523,-0.005492655093561135,0.0062651787435846,other
3524,0.017315179161334956,0.0059390509595246,other
3525,-1.3379816775493676,0.3413969044724538,interface
3526,0.14786895603627712,0.0707901647870446,interface
3527,1.0951593588368982,0.4309388390071,interface
3528,0.6851704577960525,0.0243072674738131,other
3529,0.009347117689774505,0.0058714297909976,tumor_core
3530,-0.10189792098639472,0.0702317209611376,interface
3531,0.03018794962225861,0.0236625760609835,interface
3532,0.005028228216444901,0.0058974277222653,interface
3533,346.47830460852146,2.6504319838670507,interface
3534,-0.0016316523122763835,0.0214454115934705,interface
3535,26.31510896927503,1.502744522219044,interface
3536,0.0052288579623152925,0.0137757524381519,tumor_core
3537,0.00908558732852405,0.0118802804260933,other
3538,0.4619200859229268,0.0653842411183001,interface
3539,0.0024888447657248755,0.0048733571579259,immune_core
3540,-0.38869944050144584,0.1437708784324304,interface
3541,-0.0011345987037970542,0.0439302801107602,interface
3542,0.0009184790405898403,0.0019219620370324,other
3543,0.014010670282837886,0.0018014398166728,interface
3544,0.014800568784988038,0.0058068749294131,other
3545,-0.1105597787783156,0.0182753300577947,other
3546,-0.09058035293318219,0.0586179857287308,interface
3547,0.00013888916797348346,0.0014145208974156,other
3548,0.09075901070351286,0.0462267327836564,interface
3549,0.002319417707076516,0.0015627662951361,interface
3550,-0.00023476380541550342,0.0075552677199355,immune_core
3551,197.54241327612223,4.909561558678017,interface
3552,0.00023887003632324202,0.0003527880445163,other
3553,-0.07815450423676765,0.0681327187341406,interface
3554,0.0018535452277264326,0.0032971821015065,other
3555,0.0650734404488938,0.0460186637930518,immune_core
3556,0.0014329057393988852,0.0038970311518929,other
3557,-0.0006743744203733499,0.0066993486491235,other
3558,0.0344047553895699,0.0054900116026154,other
3559,-0.1775535396485543,0.0866157432459521,interface
3560,2.745362873972644,0.4188535373404519,interface
3561,0.011908766034108991,0.0650500709125485,interface
3562,-0.010428674110946633,0.0058991676351302,interface
3563,-0.08388581109560515,0.0082283299117007,other
3564,0.00017116930220267108,0.002763294769197,other
3565,0.0019115123049396878,0.0028414047429588,other
3566,-7.932366058771253e-05,0.0002317436177426,other
3567,0.00147684167233541,0.0112537212936952,other
3568,0.0002002942748484758,0.0014243729438732,other
3569,0.022708202344630304,0.0195922439822442,interface
3570,0.0031557581439092004,0.0051277825172915,other
3571,0.02713081186048397,0.0074917586050624,other
3572,-0.02284983490729872,0.0625512985507741,immune_core
3573,-0.009761176222147954,0.0041924991678758,other
3574,-0.000539812567606351,0.0030355242600065,other
3575,-0.01382618614847747,0.0276040370006123,other
3576,-0.0004523615154867573,0.0061286132704222,tumor_core
3577,0.1278196091150119,0.0657941227744496,interface
3578,-0.007448192174317539,0.0033402118221764,interface
3579,-0.02318126195304024,0.0306238035215592,immune_core
3580,-0.01458661761048917,0.0344762756962008,interface
3581,0.03415021094400539,0.0147889154212111,other
3582,0.0005533041884033792,0.0036949004012806,other
3583,0.0007352480765305545,0.0019019287056119,other
3584,0.011779703766391189,0.0128706004855953,interface
3585,0.006920657034959063,0.0429078954641088,other
3586,-0.009263867294197141,0.0245401535774574,interface
3587,0.00342035800342745,0.0100274837869,interface
3588,0.1061080855715329,0.0113113182363814,other
3589,0.00010699776281159439,0.0003832343935315,other
3590,2.869467298575879,0.1420155137045048,interface
3591,0.0028339188396294306,0.0506150839706768,tumor_core
3592,-0.00027342093925764634,0.0022829144235695,other
3593,1.1430694354437194,0.0362013265764664,interface
3594,-0.005107500290758847,0.0112436951651417,immune_core
3595,-0.00034317320898347576,0.0056402306670619,other
3596,-4.196533401817039,0.7859008146572725,interface
3597,-0.003212188492466598,0.0137272586563519,interface
3598,1.6897365244081004,0.0841299960865661,interface
3599,0.00028977020519488936,0.0009558824544899,tumor_core
3600,0.00026780222303008266,0.0040300716091921,other
3601,-0.0050776447293957375,0.0135031854247376,interface
3602,0.31130874853287505,0.2231876228187802,interface
3603,0.0005888862394361924,0.0017321901004578,other
3604,0.009940911468847909,0.0385815224412508,immune_core
3605,0.0033630028625014526,0.0051444187947624,interface
3606,-3.1694267608187667,0.4547519085874423,interface
3607,-1199.698726203634,7.543023756772947,interface
3608,0.06486120837797028,0.0093038713365131,interface
3609,0.0007306499842859065,0.0015149172675316,other
3610,0.000577634330437758,0.0008302953244828,other
3611,-0.11422590081300096,0.0258083862859518,other
3612,4.4907278238645844e-05,0.0002699552752344,other
3613,0.006901991199958849,0.0064200105196199,tumor_core
3614,-1.549427847677028e-06,0.00123714783584,other
3615,0.6702855490341888,0.139561316197134,interface
3616,0.004840568991526454,0.0027547795263651,other
3617,223.932695466582,2.2467006644336753,interface
3618,0.015417806876751925,0.0207210571510717,other
3619,-0.0027875221256636615,0.0165482910834977,other
3620,0.003201983243018013,0.0033784848615499,other
3621,0.0006598996546593659,0.002094743156838,other
3622,1.0169781820500805,0.0480773123321523,interface
3623,4.3586344776902455e-05,0.0003018302629461,other
3624,0.0014275660182992355,0.0040822003681893,other
3625,-0.043623563262319004,0.0068465626374783,interface
3626,-0.0010375350410387937,0.0171435871395022,interface
3627,-0.02027988707894631,0.0251446392752553,other
3628,0.02395171997184847,0.0204836189803549,interface
3629,0.20259741072564783,0.096415533517301,interface
3630,-0.002370146024231859,0.0074765973479715,other
3631,0.013363788550959262,0.0092699020481734,interface
3632,-0.0008934597974906962,0.0028441452236058,other
3633,0.35361109150673387,0.1026541248756502,interface
3634,0.000510790199380338,0.000527430540024,other
3635,-3.906777968632619e-05,0.0039998382164467,other
3636,-0.04489553227266015,0.1169495684948558,interface
3637,0.01389169207268645,0.0360092604058834,other
3638,0.004485426646739946,0.0140304465593457,interface
3639,-7.492290357274317e-05,0.0077062053847711,tumor_core
3640,-0.05178208782063487,0.0154737848940982,immune_core
3641,-0.17925817728263754,0.0734508358031037,tumor_core
3642,-0.0003450337918891199,0.0065675289518919,other
3643,25.595892971759604,0.2579958468806285,interface
3644,-0.00013494101939869337,0.0107147486013595,other
3645,0.0008346443547668507,0.0015429991428584,other
3646,3.7469546027719747,0.1574367185041657,interface
3647,0.00023567042550330886,0.0010974756492754,other
3648,0.0002242558729936448,0.0017073318118634,other
3649,0.025344189178641008,0.0183540203542796,immune_core
3650,3.3936904703325176e-05,0.0002644811601895,other
3651,0.08379157218226867,0.0800078891509916,interface
3652,0.023183254034037044,0.0081192468151482,tumor_core
3653,0.004588597654532798,0.0137976211131606,other
3654,-0.0011060253088964371,0.0066390580577408,tumor_core
3655,0.004530185857430229,0.0190225212196697,other
3656,0.005843936762050931,0.0135434015093416,other
3657,8.41271631893344e-06,9.276261785306505e-05,other
3658,1.0361847074464787e-05,0.0001542706406464,other
3659,0.0023113720140831174,0.012527782187755,interface
3660,-0.02765300123240986,0.0229066852675536,immune_core
3661,0.0008211461221769707,0.0056108181620357,other
3662,0.00010566248755455995,0.0007736440326321,other
3663,-0.012310348652444332,0.005883152790548,other
3664,0.006844484079086808,0.0027726268641397,other
3665,-4.8517302330034945e-05,0.0104850786952847,other
3666,0.008693947123898257,0.0304277794830683,interface
3667,0.0011578558487335545,0.002372446717209,other
3668,-0.0003945732391942545,0.0289869718722569,interface
3669,-3.074434433932299,0.6062202796154202,immune_core
3670,-0.00998657949613308,0.0285941490941019,interface
3671,-0.000540778380480232,0.0019429511165042,tumor_core
3672,-0.13601260367076548,0.0727442555962656,immune_core
3673,1.5758683607630244e-05,0.0003277861766283,other
3674,7.350365910261665e-05,0.0006096477910255,other
3675,0.1418628512916046,0.1400892561229769,interface
3676,0.5534769696098099,0.1673358478531587,interface
3677,-0.0002949479090174935,0.0035553983388195,other
3678,0.022175402640575756,0.0128673400619269,other
3679,0.0010721842187635076,0.0024770390200085,other
3680,-0.001331084672995119,0.0084768571981982,immune_core
3681,0.03295920457181815,0.0057693801700153,other
3682,-0.0026597137758822935,0.0149953804816081,other
3683,0.001224158231396706,0.0014591716342547,immune_core
3684,0.04423711644706179,0.0308645641260762,interface
3685,0.03283018687875162,0.0352775816541686,other
3686,0.17567493679034377,0.0339875587308579,interface
3687,0.002798079828675161,0.003555804453627,other
3688,0.014251262969467202,0.0546034310433589,interface
3689,0.0011539676715064196,0.0085071794770372,tumor_core
3690,2.926820709393084e-05,0.0001606004138209,other
3691,2.561824810941501e-06,0.0003377900048872,other
3692,0.00024183310957848303,0.0022192162928261,other
3693,-0.0014077241530012763,0.0067423749496375,other
3694,0.24498566918976883,0.1351658881684032,interface
3695,0.0033065314723751543,0.0027086515115451,other
3696,-0.0010421353732823365,0.0084189685356305,other
3697,0.7532285609584372,0.0799057626596941,interface
3698,0.0046285043333895645,0.0044144045219664,other
3699,0.15882310341604006,0.0250522154528713,interface
3700,-0.0017401312345242386,0.0112054530557157,other
3701,0.006748872174032054,0.0045556883052409,interface
3702,0.569083743362124,0.0498478020139395,interface
3703,-0.0002458478744912761,0.0032236256130461,other
3704,0.0008663656383765728,0.013937940038792,interface
3705,0.01973528699035393,0.0046846887176964,interface
3706,-0.0036105150904649904,0.0095941364977569,other
3707,0.003597935743181104,0.0034201153481591,immune_core
3708,-0.00015404390676195586,0.0047160976790218,tumor_core
3709,-0.003417703778781008,0.0282681642684978,interface
3710,0.05420183829809392,0.0324673279862644,interface
3711,-0.11801288233860369,0.0171823897507114,interface
3712,0.0002299145435183331,0.0009785702761129,interface
3713,0.005028103338724107,0.0303086312077885,interface
3714,0.006388447249270285,0.0032874202968951,other
3715,-0.05599587590426267,0.0627118072177757,interface
3716,0.008814028111595307,0.0040029745601063,other
3717,-0.0006869052388449584,0.0056491428607882,other
3718,-0.16454648950103937,0.0782725238052636,interface
3719,-0.5762066989187945,0.0715564213201726,interface
3720,0.4160215671067742,0.1201564272019434,other
3721,-0.00030386454545746526,0.0106661877003146,other
3722,-0.008089500328582019,0.0402959851159079,interface
3723,-0.0006487414196242145,0.0202033660269911,interface
3724,0.05425755999683392,0.0153460339622368,interface
3725,0.0004351014625694537,0.0009449999177247,immune_core
3726,0.0012559967372916027,0.0057021849550889,other
3727,-0.7948068218092773,0.0820559300388141,interface
3728,0.0001600687452590515,0.0049830558317929,other
3729,-2.2798467273654386,0.3533490924677847,interface
3730,-0.02576257144784469,0.030791135273891,interface
3731,-0.008084837475042557,0.0185245625430904,tumor_core
3732,0.02104279839864577,0.0107831659750889,other
3733,-0.01654669429504344,0.0299026971841253,interface
3734,-0.001033144286786589,0.0056363442375403,other
3735,25.969322331875123,0.69247563422848,interface
3736,0.6785046438610625,0.1305184790844114,interface
3737,0.009427567901279904,0.0078664226308912,other
3738,0.00899625654525327,0.0195536947739636,other
3739,0.01414442116269762,0.0068657429856546,interface
3740,0.035994096281518825,0.0222570650112412,immune_core
3741,-0.006512247377319613,0.0180646610918654,immune_core
3742,-0.02576361327547412,0.0543933101033396,interface
3743,-0.013837548072901969,0.0095267767877227,other
3744,-0.003693117173680465,0.0128408169325425,other
3745,-0.0026679435574264126,0.0085424245250868,immune_core
3746,0.004009037438007741,0.0235445013493205,other
3747,0.2622353148852905,0.0122836885218776,interface
3748,-0.04501337908466337,0.0475523604470413,interface
3749,0.07537672042326471,0.0245359523273153,interface
3750,-0.011122357875580078,0.0229135954601373,immune_core
3751,-0.023220372617579834,0.0293006430369374,other
3752,5.452508132890217e-06,0.0005243339814157,other
3753,0.006379086022847752,0.0115796711564478,tumor_core
3754,-0.0356373906678447,0.0229734352595025,interface
3755,-0.0004422115075018019,0.0010574013092381,other
3756,0.046626631043207384,0.0091776032005101,interface
3757,0.0012384026355039862,0.0075435345374341,other
3758,0.005449720786870233,0.0109465772759741,interface
3759,0.0012260487481971759,0.0028776731160169,other
3760,0.3854600446149169,0.1137840686257903,interface
3761,-0.03763598367369561,0.0417525363756339,immune_core
3762,0.004239151882498354,0.0061373940697011,tumor_core
3763,0.042715428455579914,0.0347734827344516,interface
3764,-0.012297616397927596,0.0323393796968387,tumor_core
3765,0.0076278342226798745,0.011411522990282,tumor_core
3766,-0.02840811411862811,0.0374376896156515,other
3767,-0.0021631676365426347,0.0217374893521596,interface
3768,-0.0028731528529989565,0.0072475304245962,interface
3769,0.8995350976845793,0.5695334958119089,interface
3770,0.0005704842438226899,0.0041782743908162,immune_core
3771,2.61076243200403,0.3048182807158212,interface
3772,0.05000076306658156,0.0431675178703512,interface
3773,0.0656263021231492,0.0600561410364599,other
3774,0.610217400610749,0.0974422789576373,interface
3775,0.0012284013972059225,0.0021485842134755,other
3776,0.0028973881092242398,0.003919723092607,tumor_core
3777,0.32428763324219934,0.6607341554345428,interface
3778,-517.4014321853797,4.448262098414161,interface
3779,1.1452788715499784,0.1297486663196267,interface
3780,0.20264667044644163,0.0386145776364562,interface
3781,0.0008140928270474848,0.0017008043848559,other
3782,0.018549429506400393,0.0241403434461093,interface
3783,0.00550260250517484,0.0063649409038437,other
3784,1.025275065661515e-05,7.974186527787674e-05,other
3785,0.26811875858195894,0.0663615331414969,interface
3786,0.027821672658591524,0.0119382171701495,other
3787,-0.5155503576962792,0.1784059183443026,immune_core
3788,-0.012465753807469554,0.0503955101670072,immune_core
3789,0.001219861252539758,0.0016536583913734,other
3790,0.13400253927842354,0.0308620689178009,interface
3791,-0.003161580798158584,0.0141948218039596,tumor_core
3792,0.0018238608693397114,0.0033305480717428,interface
3793,3.266376951001514,0.1691592680637476,interface
3794,-0.019703280312508006,0.0193104004492191,interface
3795,-2.58516842958177,0.5680967992032314,interface
3796,-0.0015184575015349828,0.005255099035864,other
3797,-0.0022006142560118264,0.0166307993752265,other
3798,0.035496916724613845,0.0207811096955663,interface
3799,-0.0016133470963915295,0.0097687770913661,other
3800,1.0207536129914248,0.1744814154846818,interface
3801,0.0255311177972853,0.0051868499553519,interface
3802,4.951330284705497e-05,0.001455816490875,other
3803,0.0649571351764443,0.0209359913390878,interface
3804,-0.0006070431180185592,0.0380877965535439,interface
3805,0.14991620174324483,0.0469441284467263,interface
3806,0.01541768589273617,0.0161601488070012,interface
3807,0.00033575543455470144,0.0017148151001936,other
3808,-0.0006767439462914048,0.0043501213480876,immune_core
3809,0.002567763035253076,0.0069458311537019,immune_core
3810,0.002138962925518941,0.005972600694473,other
3811,-0.0005636041812542506,0.0037028938939809,other
3812,-0.00562878312718857,0.0260092817084755,interface
3813,-0.008391242386007948,0.0368234509605695,interface
3814,0.097547378577536,0.0466603477846141,other
3815,-0.036323399201163994,0.0021816854732946,immune_core
3816,-0.11018827755706971,0.0421147792198993,interface
3817,-0.027698134418988662,0.0501459503476017,interface
3818,0.0006934475779141754,0.0057497636866648,other
3819,0.02569628341500022,0.0132640482825106,interface
3820,-0.00035702075658032464,0.0019051765268537,other
3821,0.11158291637230713,0.0331438745581049,interface
3822,-0.0038655441580895357,0.003870492931918,other
3823,0.015076862669528296,0.0227394275393771,other
3824,0.013933979212572877,0.0242864677091399,other
3825,1.5309890516347076e-05,0.0005750971309717,other
3826,0.005202977131200241,0.0177393373389627,other
3827,0.002695711408346085,0.0011057069712357,other
3828,-0.23370176655754155,0.0925015676551331,interface
3829,0.048502924245030235,0.0432270203356438,other
3830,-0.03438746143818386,0.0559871493320966,interface
3831,-0.00012251319459771355,0.0025273120787452,other
3832,-0.0016533333467253946,0.0050946323885156,other
3833,-0.0012033787277907725,0.0047694890911215,tumor_core
3834,0.015743003870083806,0.011462864528411,interface
3835,-0.2911979432171738,0.1294667828089596,interface
3836,0.04228437171676228,0.014658155568485,interface
3837,0.001986456151491566,0.0074313088490417,tumor_core
3838,0.0009798363411637053,0.0040911229923349,other
3839,0.000561927186136158,0.0029007686341961,other
3840,-0.04240903762074189,0.0707530192972052,interface
3841,-2.5700989222892648e-05,0.0050797996176993,other
3842,-0.30766420744089645,0.0799309698537195,interface
3843,-0.014945321001867346,0.0299102173743283,interface
3844,-0.002826849451998788,0.0064453521094842,other
3845,0.0018191199701020084,0.0037151373109013,immune_core
3846,0.0007647467079148636,0.0070379619998687,other
3847,0.01899318442874105,0.0487538582125948,interface
3848,0.01253323895208829,0.0079986968577597,interface
3849,-1771.4077134588247,8.523780009944177,interface
3850,0.2325574280560334,0.2021618657130687,immune_core
3851,-0.009755943975529327,0.0162858173251753,tumor_core
3852,-0.004109138660940392,0.0178262163572668,other
3853,-0.21321715568066205,0.2707872318394378,interface
3854,0.0031295537569303172,0.0054380398874428,other
3855,-0.031901840420117226,0.0538692709672498,other
3856,0.0024867525496004928,0.00323111066683,other
3857,-0.002005434125242867,0.0039393459412559,other
3858,0.33153897064170634,0.0508903286075503,interface
3859,0.00948700889459957,0.0058810181951372,interface
3860,0.003915701114033494,0.0078430132891909,tumor_core
3861,0.028789114359859674,0.0226783374443251,immune_core
3862,-1.2639086187444567e-05,0.0003155321349659,other
3863,-0.06906379886344695,0.0393056701351418,immune_core
3864,-0.011596265427601869,0.0110441817500552,other
3865,0.0024704653207294185,0.0117658854577913,tumor_core
3866,-0.16905877141635986,0.0220229935806621,other
3867,-0.46719886445349634,0.0503173672634069,interface
3868,-0.39725446449668433,0.0445202010084902,other
3869,0.0009255072412630148,0.0071684686699759,other
3870,-0.18239156195225736,0.2000489583793012,interface
3871,0.006413721193743882,0.0203994834635546,other
3872,-0.00619292498114362,0.0198276170041912,other
3873,0.6109730053556877,0.117685420329533,interface
3874,0.018017686464479446,0.0075725534745022,interface
3875,0.014583705741677385,0.008355611653487,other
3876,-0.00016607941167026338,0.0154725338145956,other
3877,0.097945851558665,0.0170697055949229,interface
3878,0.0020560458183168586,0.0077755985008311,interface
3879,-0.0010446486656590548,0.014707476880453,immune_core
3880,0.00663630782537117,0.0011176102666772,interface
3881,-0.009844530386834182,0.0263067947106614,interface
3882,0.00044361901683922687,0.0008558625252992,other
3883,6.112910671179041e-05,0.0080334263774908,other
3884,-0.007637281688372298,0.0171779829860208,other
3885,0.0049546391228203375,0.004029915409517,other
3886,21.028097899440105,0.6954906108052733,interface
3887,0.03475066519808798,0.020067965380853,interface
3888,0.010421523455105684,0.0413449247921789,interface
3889,-0.00020690389510554397,0.0006033322567911,other
3890,0.0645130969619314,0.0029774757511886,other
3891,-0.006490066155129257,0.0171532696820904,other
3892,0.0025692254716715456,0.0241432471370474,interface
3893,0.1033484418358282,0.0064227306530278,interface
3894,0.011586611218732909,0.0065190826480164,other
3895,0.006806188161008848,0.0295716217779089,interface
3896,0.0006491573139836819,0.0011950320253819,other
3897,21.662951355714277,0.2954949128246086,interface
3898,-0.006551595687561139,0.0818057783900254,interface
3899,0.045380977766533145,0.0109100277985318,other
3900,0.0012163396756611105,0.0032797352685163,other
3901,-0.0004610953109875485,0.0061467843310465,other
3902,0.0017106072367349752,0.0044727779944389,other
3903,-0.3703612226839445,0.0581701063786479,other
3904,0.0006422511558053974,0.0021463663373408,other
3905,0.24078383402680706,0.0218799065717907,interface
3906,0.002088603695818267,0.0156244980902169,other
3907,-1.04619837274245,0.2766918374370791,interface
3908,0.001960038619907552,0.0022747775822234,other
3909,2.0427633515553276e-05,0.0067127426530839,other
3910,-0.06966416101245054,0.0479895517892075,interface
3911,-0.00333066754017139,0.0117670562455064,tumor_core
3912,0.05188637767887478,0.0341936159504569,interface
3913,0.0004389658941075333,0.0012639965877697,other
3914,0.0001946866887797808,0.0027395183609508,other
3915,-3.9618883127385804,0.2634022165154785,interface
3916,1.5208878256447566e-05,0.0013060897223054,other
3917,0.2513879348708699,0.1266821345630324,interface
3918,0.0005107541976275713,0.0154135041962484,interface
3919,0.013035356957639473,0.0100372795402057,other
3920,7.260609189522018e-05,0.0004075831525355,other
3921,0.14834323881162204,0.0542787703446857,interface
3922,-0.0005538673414625331,0.0033561677516949,other
3923,0.002296350392688724,0.0047089430126758,other
3924,0.10465863112088954,0.0381238256200752,interface
3925,0.00014328470421311415,0.0001019257408743,other
3926,0.29730063185549205,0.0793879464424018,interface
3927,0.00010651465667887106,0.0006617277417192,other
3928,0.001232394346329758,0.0151145880889917,other
3929,0.15628654618664145,0.0734027793912939,interface
3930,-0.02066590268436506,0.0293659224122567,tumor_core
3931,-0.2916919212148394,0.0191945168157778,interface
3932,0.03817039449566415,0.022816959495915,interface
3933,-0.031200104348965186,0.0627928080802048,immune_core
3934,-0.020111747020896548,0.0360180744376086,other
3935,0.00218344223394849,0.0095781637654613,other
3936,0.0019020913146348454,0.0029948493952659,other
3937,0.014436184265190315,0.0066446528416341,interface
3938,-0.05340080240650337,0.0081420142666893,immune_core
3939,0.006407000098797174,0.0035564300358097,other
3940,0.023403086853496964,0.0332117176617462,other
3941,5.914952719706136,0.2269679283289542,interface
3942,0.00132144447798105,0.0023206065758741,other
3943,3.71200652572443e-05,0.0002543670379493,other
3944,0.00024773274942998787,0.0009817109027023,other
3945,0.0325899531503891,0.0091628711626392,interface
3946,0.0518661902162566,0.0486749970197401,other
3947,0.0002258988101599634,0.000673461441997,other
3948,3.161066481632428,0.1217396572952067,interface
3949,0.07770620771847744,0.0265828739449252,interface
3950,0.0018091167576670063,0.0070018194047908,other
3951,0.0314039156193508,0.0422777245868452,interface
3952,0.010768125559472264,0.008201082722104,tumor_core
3953,-3.068450225068456,0.6103870144204847,interface
3954,0.03660735284946655,0.0172473231769642,tumor_core
3955,0.0030500276944371435,0.0112245464712903,interface
3956,0.01877930394824606,0.0120632524375094,other
3957,0.07803915038272544,0.0253977402831018,interface
3958,-0.015159864477694856,0.0165850485202862,other
3959,0.0010566741040817398,0.0005095849771134,other
3960,3.4554043426011587,0.4600044329023502,interface
3961,0.010269806372203493,0.0086615163508385,interface
3962,-0.0374909335971807,0.0565501809434668,immune_core
3963,0.02201128522928568,0.0314409453530519,other
3964,-0.018113333072901135,0.0160793129964019,other
3965,0.013919478978136442,0.0094298417418243,other
3966,0.02448345803692188,0.0147075968587093,other
3967,0.008086093655824491,0.0035352249720081,other
3968,0.03471838590610817,0.0319818302667185,interface
3969,0.0009033092072451392,0.0181745340178623,interface
3970,-0.0019708490822916984,0.0063350599338463,tumor_core
3971,-0.00945890856528315,0.0108652058849106,other
3972,0.3122864338606142,0.1023162399194478,other
3973,0.0018131181943711857,0.0034201033459555,other
3974,-0.02097234668413137,0.0630913611392334,interface
3975,-0.00409610352882021,0.0207305726347445,interface
3976,-0.06977242328420458,0.0154604647965667,other
3977,-0.0018150240187377658,0.0154485992695316,other
3978,0.0006539078011287417,0.0049834526292328,interface
3979,-0.1743749425034571,0.0761005692699109,interface
3980,0.012448144327999587,0.0167341230830118,other
3981,0.019421675406188055,0.0132723192176192,other
3982,0.0200600249096948,0.0111932867864559,interface
3983,1.2601011680438083,0.1175635778780097,interface
3984,-0.1356556008791464,0.0176067151843115,interface
3985,1.2246684997568105,0.0334259519251786,other
3986,0.016987259204544816,0.0095321600062255,interface
3987,-0.057578805773290255,0.0064528683909881,other
3988,0.004918564209651591,0.0091967040085556,interface
3989,0.004748753126634191,0.0111373958088507,other
3990,-0.00016192177266346778,0.0015719922368696,other
3991,0.01704001666120936,0.071747714735576,interface
3992,25.611345923416593,1.9229083513892784,interface
3993,-0.006671927454439515,0.017700317133232,other
3994,0.04269255379004969,0.0157789957477859,other
3995,-0.011575087043957585,0.0216578290137439,other
3996,-0.046871243644792976,0.0905914798720278,interface
3997,0.00026566663888801775,0.0009171718895912,other
3998,0.11234132034859982,0.0508915426682014,interface
3999,-0.15338968725268753,0.02358581547653,interface
4000,0.06953304346520081,0.0100268634562219,interface
4001,-0.019339045180475516,0.0279882583617101,interface
4002,0.0012966185011896833,0.0047095739900761,interface
4003,0.00046918910219654513,0.0034921152942883,other
4004,-0.11191796979688748,0.1294518981135411,interface
4005,-0.004355538440929148,0.0075828917874649,other
4006,-0.6779958186391248,0.1447676459230531,immune_core
4007,0.0015901984228673734,0.0160317823225026,interface
4008,-0.0352484153452592,0.0256589976610118,other
4009,0.005093904856394381,0.0062538531982632,tumor_core
4010,-0.00020005524908845834,0.0013380846116397,other
4011,0.020137736171994346,0.0111666593878255,other
4012,0.0013408433356135562,0.001661299801711,other
4013,-0.13104014202398345,0.4043650426888793,interface
4014,0.00020586142370111664,0.0002960929988543,other
4015,0.00024537769522158556,0.0006129137764801,other
4016,6.307037867192372e-05,0.0022934929746857,other
4017,1.3127447141125306,0.1604295114283659,interface
4018,0.12179807193935062,0.0359930037787013,interface
4019,-0.009804955009813092,0.0063881131769787,other
4020,0.09360099958077053,0.0383501733772324,interface
4021,-0.0069788774181171204,0.021643804457237,immune_core
4022,0.5530831401361025,0.067903371903038,interface
4023,1.4079213808617257,0.0621373322415683,tumor_core
4024,0.006151601202429694,0.0026526871702804,interface
4025,0.00849580216766709,0.0086717525736079,interface
4026,0.024432769450657532,0.0144151520813684,interface
4027,106.33532790695239,1.71977876439447,interface
4028,6.666228706447403e-05,0.0001491771748605,other
4029,0.02855885678743644,0.0110659049581311,other
4030,-0.04151727801876348,0.0729572940664791,other
4031,0.007706424040840147,0.0042162155907557,other
4032,2.937950009139523e-06,0.0005907246750538,other
4033,0.016113550975022692,0.0085830697848503,interface
4034,-1.1076707501990568,0.3544465854355489,interface
4035,0.000973273820509361,0.0017545280127617,other
4036,-0.011221202003967002,0.0328763898933222,interface
4037,0.08099372189480696,0.0151972849687936,interface
4038,-4.41071690679744e-05,0.0002538208560598,other
4039,0.12443274058293023,0.048054701886457,interface
4040,6.308940715149952,0.248027223930352,immune_core
4041,0.0032376886208379625,0.0064598677658294,other
4042,0.00023327434426327864,0.0033265489803679,other
4043,-0.7847019295706502,0.0292974796180884,other
4044,-0.00015119305913584573,0.0041833744167612,other
4045,0.003692431670260891,0.0037437822384574,interface
4046,-0.0075378018934558495,0.0816529579832674,interface
4047,0.7216413016758663,0.1038200292948663,interface
4048,0.0006644463196802889,0.0067416167691885,other
4049,0.00014184725019024085,0.0003665312240283,other
4050,0.04689516306180125,0.0170761700805277,interface
4051,0.11729591531435915,0.158205279110718,interface
4052,0.000338162774884794,0.0040246505543137,other
4053,-9.256268032115415,0.6840353648427026,interface
4054,0.00023758018060498256,0.0026890893016447,tumor_core
4055,-0.0004890073673232256,0.0047707897221428,other
4056,-0.023226142603826588,0.0098999803930574,other
4057,-0.18854302207131196,0.0578289989735106,other
4058,6.70568957342937e-05,0.0022899243011284,other
4059,249.9050893798266,2.01378393607629,interface
4060,0.0025873226620987417,0.0104128610313767,interface
4061,-0.00532882628883416,0.0174985784728509,interface
4062,72.15135095132115,0.9515038268569368,interface
4063,0.25541349162290866,0.0996773560771402,tumor_core
4064,0.35800787723088356,0.0753197819089728,interface
4065,8.538405582762863,0.135870366895046,interface
4066,0.0002198881284888272,0.0022141500388056,other
4067,0.009581130810658815,0.0048122398367544,other
4068,-0.4974013539162691,0.1239400571597877,interface
4069,-0.10177846960781808,0.0729942334740244,interface
4070,0.006544177329340794,0.0100015083164794,other
4071,2.0977039808657287,0.1808529535007373,interface
4072,0.22417629602038522,0.1126772830508942,interface
4073,0.0011074658530335838,0.0017025339349224,other
4074,0.12355801041882458,0.0157425397878226,interface
4075,0.01952140600036092,0.0082556657246192,interface
4076,0.0015257420923544041,0.0043014055229151,other
4077,0.006241970507294579,0.0125287767065557,interface
4078,-0.0504970358788335,0.0212619199076904,other
4079,0.29071133540355565,0.0306914509699201,interface
4080,0.0013544143114196695,0.0104616383510427,other
4081,0.0059521938844971384,0.0104236909095991,interface
4082,-0.13432319534895484,0.0526710098195827,other
4083,0.13167590753582326,0.0209447132706614,interface
4084,-0.00022548495571300155,0.0150166126240468,interface
4085,0.011756550050603396,0.0122981159747118,interface
4086,-0.002240966143344644,0.0110120323572232,other
4087,0.0024382668250939534,0.0026667952758182,other
4088,-0.0036080105453653952,0.019716955994212,immune_core
4089,1.9429993781712498,0.3060791116358272,interface
4090,-0.0001109096733327235,0.0098232211391854,tumor_core
4091,8.223684028884061e-05,0.0007549509843089,other
4092,0.045261564019343614,0.0250116221249841,interface
4093,-0.003681346569314508,0.0055439468890564,interface
4094,0.0009260652642001199,0.0007012334715873,other
4095,0.004982360948961309,0.007220776897184,interface
4096,-0.002500650930598276,0.0062013572118021,immune_core
4097,0.0017890148889977092,0.0035014916357504,other
4098,0.3157250870174379,0.05423981848864,interface
4099,0.03842426716609364,0.0254237127422988,interface
4100,0.10320359291916334,0.0416974540234855,other
4101,0.0026061141902656753,0.0040502268055162,interface
4102,-0.02534303677301443,0.0398597116648027,tumor_core
4103,-0.008358475689358456,0.0176043433113103,other
4104,0.01350895067296349,0.0079780046300637,other
4105,0.0005527780679159087,0.0012929276128495,other
4106,0.2956300422827223,0.0531637005255592,interface
4107,-0.030101598149742344,0.0422330388609907,other
4108,-0.0025077736897879096,0.0038788921543551,other
4109,0.002620979856004014,0.0032414938055436,other
4110,0.009954432422093522,0.0058095404937757,interface
4111,0.002395288104433042,0.0015806096992467,other
4112,0.0003519495050762899,0.0006216621327929,other
4113,-0.0629768310227421,0.0303736297942143,immune_core
4114,2.181273318203883,0.1253675732201024,interface
4115,0.00036041879608240837,0.0017566958579224,other
4116,0.00029102750093219006,0.001295723585373,other
4117,0.009990450960189707,0.0140701798116602,interface
4118,0.033193431379601165,0.0127295269695205,interface
4119,0.00017174425922053695,0.0002331323409668,other
4120,0.022160726618490875,0.0377232222512434,interface
4121,0.04007830004691224,0.0223590659279288,other
4122,0.1082943041098745,0.1277488391692498,immune_core
4123,-0.0006452752131499238,0.0029798627721472,interface
4124,-0.14237966730544518,0.0352068747550983,other
4125,0.21771686032817678,0.0681044117885382,immune_core
4126,-0.0003123696305514144,0.0044001259006921,other
4127,0.0009821001831257568,0.0043958239036899,other
4128,0.00028320418485669555,0.0008505877746087,other
4129,-0.0001988405427400335,0.0036291380891279,other
4130,0.0005902299368964289,0.0050080227969905,immune_core
4131,-0.10355692128421018,0.0664167861482198,interface
4132,0.2411801147369756,0.0775586456369224,immune_core
4133,0.0731546840738503,0.0164635277278085,interface
4134,0.0007037570853353345,0.0011886331227677,other
4135,0.01428797690622366,0.0231842535638824,interface
4136,0.0008325870558767879,0.0120155934366583,other
4137,0.0018974426372076192,0.0040449589652321,tumor_core
4138,-22.28787654575627,1.0228403324002422,immune_core
4139,0.6704222118355848,0.1090035389345849,other
4140,0.889803996518228,0.102162741937215,interface
4141,0.34801491787118294,0.0908379637267324,interface
4142,0.3011353380391941,0.5697280846465196,interface
4143,0.00010874894464003785,0.0012262464376959,other
4144,0.2848995686076463,0.0658988516912583,interface
4145,-20.076947726744088,1.1278277072600362,immune_core
4146,0.007726763691287161,0.0142954882566663,interface
4147,-0.04956834945608901,0.0630618017463815,interface
4148,-0.09875204222087475,0.1116033250305334,other
4149,0.0006251041542391356,0.0031507275230343,interface
4150,0.0007196522019263497,0.0019405368067851,interface
4151,0.004466636203450761,0.0025850905541439,interface
4152,0.004356480564831195,0.0098374236806652,other
4153,0.002972825810356548,0.0213210346574286,other
4154,0.00016629435017255983,0.001238598665222,other
4155,-0.10734537893782044,0.0377788565086462,interface
4156,-0.06334089601174307,0.0277896479279552,immune_core
4157,0.05925477015458561,0.0216373580190776,other
4158,0.004583154415856181,0.0064040784883318,other
4159,0.005591951928964312,0.0092002691258332,interface
4160,0.0017227667894008896,0.0035594542827051,tumor_core
4161,-0.004887722022201174,0.016070127963963,interface
4162,1.3889730148269044,0.0940894112884848,interface
4163,0.000550375401414217,0.001913848471502,other
4164,0.008131878396156873,0.0174366430226973,other
4165,0.00021242337966299852,0.0026716230259013,other
4166,1.1626561139142998e-05,4.381244560549706e-05,other
4167,0.19278907557512379,0.0585156861382274,other
4168,-0.012319898831643514,0.0052606246156058,tumor_core
4169,-0.0037927240096154906,0.0061787690683899,other
4170,-0.8012794490992665,0.1308785998147501,interface
4171,0.03318513942176761,0.004345712594447,interface
4172,0.0014826734703889683,0.0020112486000323,other
4173,0.011056416240536108,0.0212671374179879,other
4174,-0.000928671940874582,0.0055700163132382,other
4175,0.0041438453485537746,0.0127253649419603,interface
4176,-0.008634462106437727,0.0154258606706719,interface
4177,0.05293479421548549,0.0170461505129011,tumor_core
4178,0.006689319488950298,0.0040355537565411,other
4179,-0.06574543212120454,0.0448582906140208,tumor_core
4180,0.00015968283370667148,0.0014407975254333,other
4181,-0.8712979542016291,0.1601545673958821,other
4182,0.0009385641936672605,0.0058632500321303,immune_core
4183,0.00852401171196679,0.005163345112735,interface
4184,1.3412524768154168,0.0436186710690534,immune_core
4185,-0.018778823483383826,0.029446544727778,immune_core
4186,0.00196606605705967,0.005108035587824,other
4187,0.0073481867897454405,0.0059307253901431,interface
4188,-10.90626374712631,0.3291109060610691,interface
4189,-0.6422053232096042,0.1570058681835759,immune_core
4190,-0.9399352577365558,0.2033282773323549,other
4191,-0.05151745625585563,0.0690213032961358,other
4192,-0.00014768016917031688,0.0148195496259711,interface
4193,0.015457161510954234,0.0135602054039802,other
4194,2.7262697457522327,0.542089910733352,interface
4195,0.09629462376423845,0.0250069966065063,interface
4196,0.03928308449193252,0.0147710038302347,interface
4197,0.056522619175558814,0.0400901800009892,interface
4198,0.0001244459202245586,0.0026316748364648,other
