spot,x,y,tumor_score,immune_score,stroma_score,is_tumor,is_immune,region,coexact_energy
AAACAAGTATCTCCCA-1,12336,10366,0.0913085981371005,0.2302628624267883,0.0718676750614893,False,True,interface,0.05902975732443364
AAACAGCTTTCAGAAG-1,10928,20891,0.1826388368865509,1.9680467992823791,1.8211380504106205,False,True,interface,0.743667493406463
AAACAGGGTCTATATT-1,11717,20440,0.3815521645768361,0.9225105098132924,0.6534916683611474,False,True,interface,0.013363568623205174
AAACATTTCCCGGATT-1,14502,10938,-0.1372894083623166,-0.1048393919611485,1.8060983918309377,False,False,interface,0.04438067867093648
AAACCCGAACGAAATC-1,11356,8892,-0.3346860035674392,-0.4032265245584062,-1.004769448910121,False,False,other,0.010015616893503393
AAACCGGAAATGTTAA-1,13131,7878,0.7481373173339344,-0.3311055465112218,-1.0674604308905318,True,False,interface,0.11473263154540936
AAACCGGGTAGGTACC-1,10737,18739,0.3857390597483131,-0.1144001211162912,-0.5970646065546109,False,False,other,0.1390147662579665
AAACCGTTCGTCCAGG-1,12711,17160,0.9456858054142624,-0.4550982827462971,-0.4172080448239414,True,False,interface,0.24729090250090902
AAACCTAAGCAGCCGG-1,15285,12525,-0.6039734410586919,-0.1863158436690123,-0.1068085627612245,False,False,other,0.0071974390785075485
AAACCTCATGAAGTTG-1,9749,19756,1.51252470485565,-0.2796996289133026,0.2389970377251478,True,False,interface,0.30488833491417605
AAACGAGACGGTTGAT-1,9374,12962,0.5957260410599902,-0.5786251783914007,-0.588630932381256,True,False,tumor_core,0.005819763643191371
AAACGGGCGTACGGGT-1,15288,11620,-0.049784798007397,0.3821994889425821,0.8352668190363287,False,True,interface,0.023901700983355756
AAACTCGGTTCGCAAT-1,15478,13998,1.0409928429434658,-0.053571098098926,0.4930666399776095,True,False,interface,0.21778682620840195
AAACTGCTGGCTCCAA-1,11340,14326,0.5431111536093413,-0.5786251783914007,-0.560474146206082,True,False,tumor_core,0.013114406086841869
AAACTTGCAAACGTAT-1,11325,19760,2.3984003868264097,1.355630702601452,0.7921461261215305,True,True,interface,0.26734784410969875
AAAGACCCAAGTCGCG-1,4439,16457,-0.0604126358164558,-0.5786251783914007,0.3674589260243034,False,False,other,0.052711456149075346
AAAGACTGGGCGCTTT-1,8172,20204,0.3477093051858967,-0.2702300122730435,0.7589863358925901,False,False,other,0.016142779897122674
AAAGGCTACGGACCAT-1,14685,15807,-0.3424095977822783,-0.0478352206060441,-0.1283475282033688,False,False,other,0.0044612354092547005
AAAGGCTCTCGCGCCG-1,13306,15690,-0.5537347632995029,-0.1363868668757486,0.0063323409317777,False,False,interface,0.06434749711972763
AAAGGGATGTAGCAAG-1,7202,14880,-0.6637535273462101,-0.3734125307819002,-0.2487035411819267,False,False,other,0.0014531412527240847
AAAGGGCAGCTTGAAT-1,7190,18956,-0.1067053495155196,0.3372560745869882,0.547803149026324,False,True,interface,0.04557133348621121
AAAGTAGCATTGCTCA-1,12509,18858,-0.018668072393944,3.3506050657358153,0.3875367591787912,False,True,immune_core,0.6744211618434469
AAAGTCACTGATGTAA-1,4441,16004,1.1177540880042447,-0.5786251783914007,-0.0964959846641652,True,False,interface,0.14586895971088584
AAAGTCGACCCTCAGT-1,9748,20208,0.4310986298163461,-0.2796996289133026,1.105978760502612,False,False,other,0.024028929295474663
AAAGTGCCATCAATTA-1,14905,7769,1.046093406622607,0.2700296406091665,-0.1565901286769386,True,True,tumor_core,0.038451971836061034
AAAGTGTGATTTATCT-1,11152,11268,-1.0246562365990022,0.0388741632215491,0.3775073659735146,False,False,other,0.04986063580945891
AAAGTTGACTCCCGTA-1,10759,11041,-0.2410845707699052,-0.4550982827462971,0.4825166957600699,False,False,other,0.013382315820610322
AAATAAGGTAGTGCCC-1,8598,8884,0.9833737594988222,-0.2498856351367965,-0.7218435619246533,True,False,tumor_core,0.013315851195913163
AAATACCTATAAGCAT-1,11735,14100,0.0549104380908355,-0.2498856351367965,0.6035982807504789,False,False,interface,0.0031063673620845395
AAATAGCTTAGACTTT-1,9580,9905,-0.723317234334481,-0.0471424730833262,-1.0482914530664302,False,False,other,0.03916388898923739
AAATAGGGTGCTATTG-1,12920,12972,-0.139119939394804,-0.3937569079181471,-0.5406307019049201,False,False,other,0.0037762874692568046
AAATCGTGTACCACAA-1,11140,15571,-0.5794052420900536,0.659760681424815,0.5790859034124276,False,True,immune_core,0.0882555868939847
AAATCTAGCCCTGCTA-1,12927,10481,-0.0377438047157835,-0.4550982827462971,0.3645856258506747,False,False,other,0.017152361501549477
AAATGCTCGTTACGTT-1,5614,19178,0.0630000652363003,0.0873016495165084,0.5831785187769469,False,False,other,0.007586419193793531
AAATGGCATGTCTTGT-1,5037,14082,0.8752988757040401,0.1862520194060543,0.5056898473418797,True,True,tumor_core,0.002360159658863026
AAATGGCCCGTGCCCT-1,12112,19989,1.9284380040514797,0.2216029271488277,0.2785237487602571,True,True,interface,1.5359816458552447
AAATGGTCAATGTGCC-1,8971,16130,1.2083636888251834,-0.3720652989762003,-0.9203249265385524,True,False,interface,0.08185461379982219
AAATGTATCTTATCCC-1,7576,21900,-0.9055192269921514,-0.5786251783914007,-0.3886583955091212,False,False,interface,0.06857268086234312
AAATTAACGGGTAGCT-1,9170,15339,0.4320650575907662,-0.5786251783914007,-0.8234206724789658,False,False,other,0.004873450672869628
AAATTAATAAGCGCGA-1,8759,21451,-0.0355437051798159,2.096836682392087,0.1266835438766902,False,True,immune_core,0.0657696754622668
AAATTACCTATCGATG-1,7606,11258,1.1137937254323642,-0.3734125307819002,-0.6014300047097292,True,False,tumor_core,0.008499623924143685
AAATTCCAGGTCCAAA-1,9386,8886,-0.6982289402158507,1.1719779901029397,-0.151153413252975,False,True,immune_core,0.015720388647291767
AAATTGATAGTCCTTT-1,13299,18407,-0.4553183201991667,0.7401284369116771,0.3374725906381543,False,True,interface,0.05258911760436947
AAATTTGCGGGTGTGG-1,11723,18176,-1.2220866121102258,0.9781545037933174,1.4805434631229768,False,True,immune_core,0.15109549971582764
AACAACTGGTAGTTGC-1,7983,17147,-0.9525328078903909,-0.0880970043164861,0.5662038087020299,False,False,other,0.033532742836270904
AACAATACATTGTCGA-1,14482,17731,-0.0613798496451619,2.0771269612386742,0.4977834626620566,False,True,immune_core,0.30394275653006875
AACAATTACTCTACGC-1,8175,19072,-0.4684731123992716,-0.2498856351367965,0.2403422352694943,False,False,interface,0.03915751757812914
AACACACGCTCGCCGC-1,12530,11386,0.2548439459521401,-0.4550982827462971,-0.9602894893291094,False,False,other,0.0046272028215730895
AACACGAGACGCGGCC-1,11326,19534,1.612193161839739,1.072877150653519,0.4470057485253812,True,True,interface,0.12220232514022943
AACAGCTGTGTGGCAA-1,14087,18409,0.2498311464585949,3.939275684054712,0.8037412803875748,False,True,interface,1.2571089369151798
AACAGGAAATCGAATA-1,5430,14309,-0.3982550401925759,0.1730326505763768,0.4705675573568607,False,False,other,0.02709048225995332
AACAGGATGGGCCGCG-1,8177,18393,0.7673774738512337,0.3775664908820255,-0.0335727689738806,True,True,tumor_core,0.054152053003931035
AACAGGTAGTATGGAT-1,12143,9120,0.3829809183926515,0.4968168848644388,-0.2230547850163154,False,True,interface,0.036902832975482046
AACATATCAACTGGTG-1,7805,10693,0.0275399635630635,-0.4550982827462971,-0.8784295295245974,False,False,other,0.0012449843334857125
AACATTGTGACTCGAG-1,15078,16035,-0.6505217503235767,0.3706955256671241,0.541695129104075,False,True,immune_core,0.009671332188337866
AACCAAGACTTCTCTG-1,9554,19189,0.3991194270016907,-0.2498856351367965,1.376426967002799,False,False,interface,0.051997012082034076
AACCATGGGATCGCTA-1,5222,18497,0.3700846168474447,-0.1837276903267166,0.12800722209769,False,False,interface,0.007483864045222312
AACCCAGAGACGGAGA-1,5422,17479,-1.2220866121102258,0.1379689661761911,0.8749577658293928,False,False,other,0.08727448824266847
AACCCGAGCAGAATCG-1,13719,9125,0.8189779874144695,0.1391734077043994,-0.066602030702972,True,False,tumor_core,0.02995921228501724
AACCCTACTGTCAATA-1,10365,11040,-0.4714408549009173,-0.4550982827462971,-1.3108298672123784,False,False,other,0.011011135779737847
AACCGAGCTTGGTCAT-1,7204,13974,-0.8530196699023936,-0.3321723643037333,-0.0576136622002503,False,False,other,0.0016189911377363132
AACCGCTAAGGGATGC-1,11545,11496,0.496856503440311,-0.2796996289133026,0.1993489688767472,True,False,interface,0.06431324684649188
AACCGTTGTGTTTGCT-1,4839,14647,1.0262958552452657,0.1730326505763768,1.1201092189830193,True,False,tumor_core,0.014973609186861922
AACCTCGCTTTAGCCC-1,14694,12637,-1.051731247694237,-0.2075786508661182,0.3132694007035597,False,False,other,0.10694387244679715
AACCTGTCACGGAATT-1,9584,8547,-0.2896720837163953,0.3991644709924503,-0.4178922805635766,False,True,immune_core,0.011516887771801492
AACCTTTAAATACGGT-1,13113,14218,-0.0328692125214191,0.4034434905309789,0.7226057397456404,False,True,other,0.010249588880773992
AACGATAATGCCGTAG-1,12918,13651,-0.4462910272009686,-0.4550982827462971,0.0022304511260627,False,False,other,0.010720544585759445
AACGATAGAAGGGCCG-1,5426,15894,-0.9398092866417598,-0.0453517948311479,1.6890603088502936,False,False,interface,0.10809510330377757
AACGATATGTCAACTG-1,7206,13295,-0.2570998678525247,-0.074486981303802,0.2129951843777431,False,False,other,0.016011177805903068
AACGCGGTCTCCAGCC-1,7006,14540,-0.7768018372951763,-0.3734125307819002,-0.4642735545246022,False,False,other,0.0007743426157805085
AACGCTGTTGCTGAAA-1,13122,11274,-0.2448895778152032,-0.2796996289133026,0.2396090719248085,False,False,other,0.003946678334317077
AACGGACGTACGTATA-1,12333,11498,0.1348545962099548,-0.5786251783914007,-0.5352832116111299,False,False,other,0.015042784789170675
AACGGCCATCTCCGGT-1,11725,17497,-1.094553952986243,1.0961866745591693,0.8730999445707964,False,True,immune_core,0.1279024715140842
AACGTACTGTGGGTAC-1,11923,17158,-0.090015439943191,-0.3311055465112218,1.5501065550554909,False,False,interface,0.20886290339050592
AACGTCAGACTAGTGG-1,7195,17371,0.3324249905497756,0.7863491193581585,0.5314034839099563,False,True,interface,0.5075071757653485
AACGTGCGAAAGTCTC-1,9570,13528,0.0653446519726692,-0.5786251783914007,-0.5692234213164877,False,False,other,0.008020586234258156
AACGTTATCAGCACCT-1,6791,20766,0.5589474350418321,-0.4550982827462971,-0.1994048708581934,True,False,tumor_core,0.0012601544775375127
AACTACCCGTTTGTCA-1,11749,9119,-0.159245824406597,-0.0851185730135261,-0.2726696003138947,False,False,other,0.007656686773739085
AACTAGGCTTGGGTGT-1,13308,15011,0.3307352932365274,-0.3321723643037333,-0.1412336822444926,False,False,other,0.012159506643890568
AACTCAAGTTAATTGC-1,9954,16926,-0.0910223604182795,-0.2021967497800738,0.2764814734502557,False,False,interface,0.01024377674896288
AACTCCAGAGCGTGTT-1,14303,11504,-0.5594708018972833,0.4353202983466821,-0.7474245827724234,False,True,immune_core,0.08605102283437245
AACTCTCAATAGAGCG-1,9379,11377,-0.2790232361453205,-0.2498856351367965,-0.7042355481160333,False,False,other,0.0029428771940234193
AACTCTCAGTGTGCTC-1,12908,17274,0.1027808596664997,-0.1256124848885329,-0.3399530996704444,False,False,interface,0.004257087757859734
AACTGAGTTATACTGA-1,12541,7536,-0.1292854440380771,0.0150430477336273,-0.0460602516200428,False,False,other,0.008285752634039653
AACTGATATTAGGCCT-1,5627,14423,-0.0596474026685787,-0.5786251783914007,0.2071032802864789,False,False,other,0.0702394142002767
AACTGGGTCCCGACGT-1,6415,14425,-0.9682744219552534,-0.4550982827462971,0.2049923531775232,False,False,other,0.02927157313724631
AACTTCTGCGTCTATC-1,6006,19858,1.0518035955811975,-0.1567737104707387,-0.2569637332925975,True,False,tumor_core,0.03010278888319477
AACTTGCCCGTATGCA-1,8176,18845,0.2873829324491065,-0.3072545859718202,0.2083032122190211,False,False,interface,0.022242108650059333
AACTTGCGTTCTCGCG-1,5218,19630,-0.6999737458284117,-0.0064112523520891,0.1805335253202622,False,False,other,0.07485972933598681
AACTTTACGGGAGCTT-1,8563,21111,-0.0777949135933816,-0.4550982827462971,0.5971515001812829,False,False,interface,0.22169192314364064
AAGAAGGATCAGTTAG-1,5023,19063,0.8372437445201123,0.0214849572827839,0.7212123172417477,True,False,interface,0.0579479496523622
AAGACCCAACTGAACA-1,14291,15806,0.0432865381820909,-0.3311055465112218,0.6346253053808392,False,False,interface,0.0062316550320230014
AAGACTGCAAGCTACT-1,9568,14208,0.3164698591567131,-0.2485384033310967,1.1368968638711845,False,False,interface,0.005612514772914116
AAGAGATGAATCGGTA-1,7782,18844,0.6681078564589515,0.1067359667816847,0.6368113343843073,True,False,tumor_core,0.037977225885774187
AAGAGCTCTTTATCGG-1,9374,13188,-0.1047487219747209,-0.5786251783914007,0.1365774840906477,False,False,other,0.008553429366452097
AAGAGGATGTACGCGA-1,10146,18625,-0.8122645598571924,0.2957871100861065,0.2607154071505923,False,True,other,0.02872893768526523
AAGAGGCATGGATCGC-1,9571,12849,-0.0052495541618516,-0.5786251783914007,-0.8917054854664862,False,False,other,0.0032336877221599554
AAGAGGCCCTTTGGAA-1,14112,9579,1.51974969304699,-0.0773226223292704,-0.624531195738131,True,False,interface,0.008023468590413871
AAGATGGCACCGGACC-1,14089,17504,-0.0108565338939081,0.3950958384323259,-0.0725795028124651,False,True,immune_core,0.04474850898297078
AAGATTGGCGGAACGT-1,7605,11711,0.385649365444193,0.2816395366300211,-0.5336470504443611,False,True,interface,0.020631989905382342
AAGCACCCTGCGTATC-1,14100,13654,-0.489681278560846,-0.000881147715221,0.1309493678878789,False,False,other,0.006399614140863361
AAGCATACTCTCCTGA-1,12917,14104,-0.3696584431909518,-0.2838825017444708,0.1916014515628525,False,False,other,0.012693428834351437
AAGCCGAAGCGGTTTA-1,12141,9799,0.0532428794602064,0.0180156191065538,-0.8962439495193442,False,False,interface,0.024081893772682522
AAGCCGGAGAGCAGGA-1,14511,7768,0.3673475203468309,0.0484814035975049,-0.2653578046659745,False,False,interface,0.010080790706668152
AAGCGCAGGGCTTTGA-1,15676,13659,-0.6416010622540067,-0.0990142312712172,-0.4320549752548124,False,False,interface,0.01535212365011945
AAGCGTCCCTCATCGA-1,13694,17955,-0.5568685335437388,1.1386197618591227,0.4046973968609795,False,True,immune_core,0.09284472512238212
AAGCTAGATCGAGTAA-1,12325,14215,1.92598251830847,-0.074486981303802,-0.1505930790917058,True,False,interface,0.042848724643788506
AAGCTCGTGCCAAGTC-1,9372,13641,-0.1579472720367009,-0.382839680963416,0.1411846998334121,False,False,other,0.01839776395461402
AAGCTCTTTCATGGTG-1,13709,12747,0.2945340397112987,-0.4550982827462971,-0.3153572145845612,False,False,other,0.01990608117395754
AAGGAGCGGTTGGTGC-1,7985,16467,-0.8983767055680127,-0.4550982827462971,-0.0950877025658395,False,False,interface,0.00537241430961258
AAGGATCGATCGCTTG-1,10172,9567,-0.3659028239552723,-0.2183582540851525,-1.3108298672123784,False,False,other,0.00910605477482622
AAGGATGAGGGACCTC-1,7801,12051,0.1522669731011032,-0.1557068926782272,-0.4777112923232024,False,False,other,0.0023007904218822744
AAGGCAGGCTGTCTCC-1,10766,8550,0.1699575578100732,0.063929565289159,-0.6346519810758152,False,False,other,0.009475643425765706
AAGGCGCGTAAAGCTT-1,7194,17597,-0.1137370838046524,0.0843164088841492,0.5563576644072841,False,False,interface,0.006561009147669344
AAGGCTGTGCTCATCG-1,8379,16695,-0.0593942142722384,-0.382839680963416,0.1434669995332194,False,False,other,0.01793096900521325
AAGGGACAGATTCTGT-1,7605,11485,0.2620893999385882,-0.1770979937440296,-0.2726696003138947,False,False,interface,0.014008806961612481
AAGGTATCCTAATATA-1,7405,12730,0.2195777622959425,-0.4074093973895744,-0.2352574730358547,False,False,other,0.0015303028605742526
AAGGTGATAAACCAGC-1,11151,11495,-0.4749421839400529,-0.1980138769489055,0.2006185602922401,False,False,other,0.018392239297764897
AAGTAGAAGACCGGGT-1,6212,16576,-0.0275594961485828,-0.2183582540851525,1.2422454900590745,False,False,other,0.012624951921199605
AAGTAGTGACGCGAGG-1,8965,18395,0.8307731707104518,-0.4074093973895744,-0.9426814755204894,True,False,tumor_core,0.018610964231259183
AAGTCAATTGTCGTCA-1,11351,10477,-0.217454350462504,-0.5786251783914007,-0.4093847446409288,False,False,other,0.0062863233471105485
AAGTCTTCTGTGGCCT-1,10138,21568,-0.0561909920154396,-0.0022283795209208,-0.2252672983289314,False,False,interface,0.022414036098873172
AAGTGACGACCGAATT-1,10539,19078,-0.4632925248829104,0.1450118529278875,1.1220287672259774,False,False,interface,0.06406451615135732
AAGTGAGTCGGGTTTA-1,14683,16486,-0.4257100222017707,0.9487266968197908,0.1020409073278248,False,True,immune_core,0.11054038503184545
AAGTGCAAAGGTAGAC-1,7973,20769,0.7752281254211698,-0.382839680963416,-0.0005576003666444,True,False,interface,0.016580969349723026
AAGTGCCTTGACTGTA-1,11155,10136,-0.2595723437324103,-0.4550982827462971,-0.4263224363598291,False,False,interface,0.018569315190531847
AAGTGCGTTAGAATCT-1,12115,18856,0.5311987195434668,-0.4550982827462971,-0.5982509745154896,True,False,interface,0.3479286035446114
AAGTGTTTGGAGACGG-1,12723,12858,0.248155414107329,-0.5786251783914007,0.3557857308424227,False,False,other,0.0007494194619478379
AAGTTCACTCCAAGCT-1,13710,12295,-0.0617152684718008,-0.4074093973895744,-0.1394253077433505,False,False,other,0.002052982004137638
AAGTTCGGCCAACAGG-1,11527,18062,-0.5942990273134566,1.6520990467831458,1.165170463968599,False,True,immune_core,0.317239366367532
AAGTTGTGATGTTATA-1,15489,9922,0.0815211641913183,0.1904417015666219,-0.0561721097644401,False,True,interface,0.029477040126501455
AATAACAACGCTCGGC-1,9555,18510,0.8161189098660321,-0.5786251783914007,-0.0153917153675878,True,False,tumor_core,0.03371779551061226
AATAACACTAGAACAA-1,12710,17613,0.1835097895774653,0.4309574024124113,-0.1677232169409659,False,True,interface,0.24267880410408063
AATAATCTTCGTATCG-1,12737,8103,0.4333526569734784,-0.4550982827462971,-1.0569315334259122,False,False,other,0.003909088881486969
AATACAATGTTTCAGG-1,6991,19748,0.8949878826088693,-0.2838825017444708,-0.2235006063690731,True,False,tumor_core,0.023671367129287236
AATAGAACAGAGTGGC-1,12712,16707,-0.159439545875122,0.9819261044711476,0.8553409230980898,False,True,interface,0.03728575718112087
AATAGAATCTGTTTCA-1,11937,12176,-0.6066655992187019,-0.2116238999615896,-0.1171138481925951,False,False,other,0.015779507913872896
AATAGTCCGTCCCGAC-1,13701,15465,0.8842755404014783,0.9225105098132924,-0.6559124537791379,True,True,interface,0.06202724357433814
AATAGTCGCGAGTCGG-1,7381,21107,0.6374323783947217,-0.4032265245584062,0.5814980393974254,True,False,tumor_core,0.0142035866394959
AATATCCTAGCAAACT-1,11516,21685,-0.0081212117275541,0.490333877171051,1.0368356420179905,False,True,interface,0.08479415276304335
AATATCGAATCAATGC-1,12142,9573,0.2290540232503369,-0.4032265245584062,0.4502433895080272,False,False,interface,0.02068804950124201
AATATCGAGGGTTCTC-1,7805,10466,0.5550515616778714,-0.5786251783914007,-0.8410620265759728,True,False,tumor_core,0.004635359590760613
AATATTGGAGTATTGA-1,9553,19415,0.4175878255230484,-0.4550982827462971,0.6301585912503495,False,False,interface,0.16326512821134379
AATCATGTAAAGACTC-1,13123,10821,-0.2192467441216203,0.2476574814421352,0.3739303318229598,False,True,other,0.02284225732765846
AATCCAAGGGCCTGAG-1,5030,16572,-0.877930984685607,-0.4032265245584062,0.6451749469340472,False,False,other,0.07036221596783568
AATCGCCTCAGCGCCA-1,10162,12964,0.2249784997146736,-0.3315713871011935,-0.7504630029967194,False,False,other,0.003326831998774481
AATCGCGCAGAGGACT-1,10764,9003,0.7702929759617667,-0.4032265245584062,-1.1844899478268545,True,False,tumor_core,0.005180364646340818
AATCTAGGTTTACTTG-1,12703,20104,1.0886954155122095,0.8173879817065506,0.3189640152390572,True,True,interface,0.1817904974318495
AATCTATGCCGGAGCC-1,7611,9447,0.4453042939961995,-0.382839680963416,-0.4595115539648321,False,False,other,0.0045686311764529955
AATCTCTACTGTGGTT-1,9943,20775,0.4438564971771824,-0.0840517552210146,0.5027492636686907,False,False,interface,0.05347193295582401
AATCTGCGTTGGGACG-1,8787,11488,0.2807344576138474,-0.5786251783914007,-0.419214021674356,False,False,other,0.002430008058853258
AATCTGGCTTTCTAGT-1,12506,20216,-0.1725885945708774,0.2204149591736149,0.2049117699474798,False,True,interface,0.09467613662068726
AATGACAGCAATGTCT-1,11919,18516,0.2869862042644474,-0.110217248285123,-0.3037901671174624,False,False,other,0.1499563749422788
AATGACGTAGGATGTC-1,11147,13080,-0.3435539470804066,-0.4074093973895744,0.0496175632159534,False,False,other,0.004215250460479445
AATGACTGTCAGCCGG-1,7000,16578,-0.8784428213158523,-0.2796996289133026,-0.1900813163929299,False,False,other,0.00969610119329026
AATGAGTTCGCATATG-1,5416,19517,0.3738927627749365,-0.4550982827462971,1.2479412241469092,False,False,interface,0.036302512021871396
AATGATGATACGCTAT-1,7015,11370,0.0275693072256461,0.3601772849432603,-0.0868693402025432,False,True,interface,0.012684984580046474
AATGATGCGACTCCTG-1,7411,10465,0.7736445587551747,-0.5786251783914007,-0.6527208406743881,True,False,tumor_core,0.021278209375053935
AATGCAACCGGGTACC-1,7398,15220,0.5121574364931505,-0.5786251783914007,-0.4289060826516054,True,False,tumor_core,0.01912061748612034
AATGCACCAAGCAATG-1,6228,10915,-0.7004600152128982,-0.2918046089188153,-0.4370321066034351,False,False,other,0.0031598095476867284
AATGGTCCACCGTTCA-1,8369,20091,0.5411378170382554,-0.2075786508661182,0.335630992829365,True,False,tumor_core,0.012616682557944165
AATGGTTCTCACAAGC-1,6208,17934,0.8283750510849919,-0.2838825017444708,0.2252436928362235,True,False,tumor_core,0.060760368999773745
AATGTGCCCGAGGTGT-1,13297,18860,-0.1055889968397151,-0.0948313584400489,0.2292753381098322,False,False,other,0.061703468888194946
AATGTTGTCGTGAGAC-1,15884,9697,0.4749093453598972,0.262700303349503,-0.7218435619246533,True,True,interface,0.007096359208391731
AATTAAAGGTCGGCGT-1,10350,16248,-0.074869972353541,-0.2088886374448935,-0.5525846469735991,False,False,other,0.0032716904244685205
AATTAACGGATTTCCA-1,13901,14446,0.0647781322500499,-0.1762798015482156,0.761710769760377,False,False,other,0.024968271242417402
AATTAGCGCTGCAGCG-1,12521,14782,1.0131388256440474,-0.3937569079181471,0.2645134276877731,True,False,tumor_core,0.011518227240032592
AATTCATAAGGGATCT-1,7014,11596,-0.1592862434510129,1.5203520004118616,0.8821166002120538,False,True,interface,0.36393675154241106
AATTCGATTCGAGGAT-1,15480,13319,0.0255435119939011,-0.1837276903267166,0.1306765116850548,False,False,other,0.008893845844669098
AATTCTAGAGTTAGGC-1,12127,14781,0.1409457139072465,-0.1318559321388256,0.4418290293959794,False,False,other,0.003714990843587226
AATTGAACGCTCTGGT-1,11345,12514,0.3210090057829943,-0.2074410271304214,0.0047093322478335,False,False,other,0.027771109852052056
AATTGCAGCAATCGAC-1,15094,10374,0.1939758958043879,1.2429150215718994,0.2529981572756345,False,True,interface,0.11469296203462377
AATTGTGGTTGCCAAA-1,15297,8450,-0.5007980087640174,-0.2485384033310967,-1.1409679436705455,False,False,interface,0.030226218917847738
ACAAAGAAGGTAGGCC-1,11517,21459,0.1470029274862286,0.3109833565793662,1.612098084578742,False,True,interface,0.05468040154210602
ACAAAGCATGACCTAG-1,14896,10939,1.0986668008434664,-0.1467031166279399,0.5183530235774996,True,False,interface,0.013194543846783662
ACAAATCGCACCGAAT-1,12330,12630,-0.3640265874220542,-0.5786251783914007,0.3063254995264619,False,False,other,0.01080005621359803
ACAAATGGTAGTGTTT-1,11149,12401,-0.0228896087542772,0.2315383843790585,-0.7943931192799639,False,True,interface,0.021762475627024075
ACAACAGCATGAGCTA-1,8781,13752,0.4528482478711089,-0.5786251783914007,-0.5351588811473711,True,False,tumor_core,0.006419878672730538
ACAACGGTCCCTGCGA-1,6798,18502,0.9191238727415588,-0.1363868668757486,0.7676120847362526,True,False,tumor_core,0.009535528747520389
ACAAGCAGTGCCTAGC-1,8372,18959,-0.0648647717828069,0.5878170307485697,0.8311448685863828,False,True,other,0.03393690142958226
ACAAGCTATATGGAAG-1,9743,21793,-0.0553269525509668,-0.5786251783914007,0.9031994550087948,False,False,interface,1.8426013476329277
ACAAGGAAATCCGCCC-1,12131,13422,-0.381610800179989,0.2466384841649578,0.730451063101502,False,True,immune_core,0.1233570990170499
ACAAGGACAAGAGGTT-1,8179,17713,-0.5836142650627536,-0.1084838479114762,-0.1463152947232513,False,False,interface,0.013664605523837981
ACAAGGATGCTTTAGG-1,14498,12070,-0.3032710530801206,1.3989716547382316,-0.0476308190014536,False,True,immune_core,0.032341891740833066
ACAAGGGCAGGCTCTG-1,11146,13306,-0.857764680629398,-0.2498856351367965,0.3154616441677654,False,False,other,0.0027950281448540456
ACAATAGTCGTACGTT-1,10734,19645,0.6247890869342828,0.3549752772821616,-0.7495165572943003,True,True,interface,0.10219414279751132
ACAATCCATTTAAACC-1,9556,18283,1.5959832196249055,-0.3321723643037333,0.5770078455488405,True,False,tumor_core,0.021419404050597796
ACAATGAATACGGAGA-1,13693,18408,-1.0281409956296528,-0.053571098098926,-0.2991399643606051,False,False,interface,1.0836373405922581
ACAATTGTGTCTCTTT-1,12532,10933,-0.9381752379118786,-0.0471424730833262,-0.7242219095678453,False,False,other,0.006038242038667395
ACAATTTAGGAGGCTC-1,8564,20884,0.5278122663578791,-0.5786251783914007,0.2789468664655617,True,False,tumor_core,0.07129876495597162
ACAATTTGAGCAGTGG-1,7996,12618,-0.4848689786924994,-0.382839680963416,-0.9711060201287124,False,False,other,0.0014482076060626208
ACAATTTGGCCATATT-1,10964,7985,-0.2855982040196094,-0.1980138769489055,-0.4242756514456579,False,False,other,0.002376760514321377
ACACAAAGACGGGTGG-1,7200,15559,-0.9018614645986636,-0.0109171898360177,-0.1124585442667476,False,False,other,0.016116773056410603
ACACACCAGGACCAGT-1,11151,11721,-0.4329256266967544,0.2823485460062565,0.4236492814794643,False,True,immune_core,0.02416106145567484
ACACACTTTCTACACG-1,5233,14648,0.1213997187279626,0.1145968819488417,1.8320423058851532,False,False,other,0.013573059306627956
ACACCACATAATTAGC-1,8598,8657,0.4636597772997896,-0.5786251783914007,-0.7719816437159118,True,False,interface,0.015700158856321655
ACACCCAGCATGCAGC-1,7198,16239,-0.6480108085867462,-0.3720652989762003,0.5272362864688729,False,False,other,0.005971516938503019
ACACCCGAGAAATCCG-1,6210,17481,0.7558171359345373,0.3590625198967532,1.135560566311303,True,True,interface,0.16136447402804546
ACACCTTAAGTAGGGC-1,7393,17032,-0.0736414561320813,-0.2918046089188153,0.109550150846025,False,False,interface,0.040416731353662784
ACACCTTACTACTTGC-1,10566,9342,-0.6231450832638383,0.057159650753533,-0.8135620971040656,False,False,other,0.021087357307307184
ACACGAGACTCCTTCT-1,8584,13865,0.2116912259160334,-0.4074093973895744,-0.0642395530628425,False,False,other,0.0014496925725968658
ACACGGGAACTTAGGG-1,7796,13863,-0.0074995510549177,-0.0846527324235544,0.8592442217917551,False,False,other,0.003131513088705625
ACACGTAGGCCACAAG-1,13915,9465,1.3006109426801236,-0.3937569079181471,-0.1616958858470516,True,False,tumor_core,0.03427064410546792
ACACTCCAATGTCACT-1,5808,19971,0.0110476383487985,-0.382839680963416,0.7334962089113438,False,False,interface,0.0115762080265786
ACACTGATCAAGGTGT-1,12713,16481,0.4020307509827326,0.9434695086820666,0.5653543665503576,False,True,interface,0.08025618397742894
ACACTGGGACAGTCGT-1,14113,8899,0.5306167970760465,1.0506772346628572,1.006781114075784,True,True,interface,0.25066539433056817
ACAGAACTGAGAACAA-1,12705,19198,0.0012195173789298,0.6127178044075121,1.0028984310769435,False,True,interface,0.093099057846872
ACAGCATAGAGCCAGT-1,4443,15325,-0.3217008362578984,-0.3072545859718202,-0.0885326068419687,False,False,other,0.0013720103374825496
ACAGCGACATTCTCAT-1,14108,10711,1.202346371114419,-0.053571098098926,-0.6717584872955032,True,False,tumor_core,0.04148872711852428
ACAGGCACGGATCCTT-1,16077,11169,0.8105450231100978,1.901252138085595,0.1530173947666174,True,True,immune_core,0.10587251790112191
ACAGGCTTGCCCGACT-1,12923,12066,-0.395468422959253,0.1022589043348924,0.1919929354002853,False,False,other,0.04397254192363397
ACAGGTGGAGGTGAGG-1,12513,17499,-0.7332245470758882,0.3640974969905676,1.068940524778618,False,True,interface,0.022951005282223495
ACAGGTGTGTTGTTGC-1,9940,21907,0.203675320854772,-0.3937569079181471,0.2505714179839216,False,False,other,0.047536122009699554
ACAGTAATACAACTTG-1,11520,20327,0.6883596189567489,1.1517546211500196,0.609378091771604,True,True,interface,0.052239254034073035
ACATAATAAGGCGGTG-1,6611,14765,-0.5748596709655293,-0.5786251783914007,-0.3465737154985601,False,False,other,0.0016219492256594754
ACATCAGCTGGGACGC-1,8762,20545,0.9143187528568204,0.2135204747821259,0.4362138700042965,True,True,immune_core,0.11735534889376115
ACATCCCGGCCATACG-1,13307,15463,0.5235362898625545,0.394016340349463,0.1739934377542325,True,True,interface,0.011793743285232819
ACATCCTGGTAACTGT-1,10760,10362,0.2549570925279441,-0.4550982827462971,-0.7542785578540705,False,False,other,0.08978083679076658
ACATCGATCGTTTACC-1,10748,14890,0.2422226233180628,-0.4032265245584062,-0.7134098877512983,False,False,other,0.02042351425543443
ACATCGGTCAGCCGCG-1,10543,17720,0.4127974516944038,-0.5786251783914007,-0.6279386384685465,False,False,other,0.05280933345095329
ACATCGTATGCAATGG-1,11345,12741,-0.6056918879519054,-0.1885442603086465,-0.0392339365182354,False,False,other,0.026633731483297087
ACATGGCGCCAAAGTA-1,10367,10134,0.3045106074220819,0.1117285209751514,-0.9877894188010168,False,False,other,0.014803488048796476
ACATTAGTTTATATCC-1,12520,15008,0.8357397363769408,-0.2074410271304214,0.0639838733960117,True,False,tumor_core,0.024905012059656114
ACCAACCGCACTCCAC-1,15290,10940,0.3493311507341667,0.2394381781743571,0.1755513851931905,False,True,interface,0.04276397454516626
ACCAACGCTTATTTAT-1,12910,16368,1.1449264837910609,0.2001486270631112,0.0722101662330372,True,True,interface,0.05800375366956997
ACCAAGAACGCGTGTC-1,5819,16348,-0.7873981075898627,-0.5786251783914007,0.8381060036061961,False,False,other,0.027693418262235144
ACCAATATGCAAGTTA-1,13511,13087,-0.5476542993915204,-0.382839680963416,-0.7242098165257246,False,False,other,0.007665744694370851
ACCACAAGTTTCTATC-1,8381,15789,0.7225039445736828,-0.4074093973895744,-1.077319006265432,True,False,interface,0.08505307721954869
ACCACCAATGTAACAA-1,10565,9795,-0.3550243402360444,0.3132958461968851,-0.2137413583478203,False,True,immune_core,0.04420763792275919
ACCACGTGCAGCTATA-1,11934,13308,-0.216794739943841,-0.382839680963416,1.6131616766588122,False,False,other,0.020280656721040128
ACCAGACCATAACAAC-1,9941,21454,1.0063195746509217,0.9963688972587856,-0.57204083219245,True,True,interface,0.3821008494216381
ACCAGTGCGGGAGACG-1,11940,11271,-0.1611643169245707,0.0484814035975049,-0.2070703541307557,False,False,interface,0.051782061124271604
ACCATATCCGCAATAA-1,9958,15567,-0.114145182855281,-0.2074410271304214,0.5748293642944294,False,False,interface,0.013556124828147146
ACCATCCGCCAACTAG-1,11126,20552,0.0214304880372876,3.779080511149447,0.6262340203360693,False,True,immune_core,0.7188411992766534
ACCATCGTATATGGTA-1,10741,17154,-0.877930984685607,-0.1561727332681989,-0.387573802439953,False,False,other,0.0034542335003754573
ACCCAACGCCCGTGGC-1,8391,12166,0.3881919934917723,-0.1966666451432057,-0.8416204108373361,False,False,other,0.007560656178418275
ACCCACCTACATGCTC-1,7387,19070,0.8324058395355641,-0.3720652989762003,0.8665479543099759,True,False,interface,0.0036571645395712294
ACCCATCTTGAGGGTA-1,9755,17718,0.344383380332651,0.374771555159035,0.4711023383956435,False,True,interface,0.15593301768079554
ACCCATTTGTCCCTCT-1,14306,10598,1.0399522698277794,-0.5786251783914007,-0.1687750021910518,True,False,tumor_core,0.02615869169010433
ACCCGGAAACTCCCAG-1,13703,14559,1.0479950446637465,-0.5786251783914007,-0.085771512611258,True,False,interface,0.023056107214801117
ACCCGGAGCACCACAA-1,14116,7994,1.3153761505910548,-0.5786251783914007,-0.2305797227130733,True,False,interface,0.044103250447545594
ACCCGGATGACGCATC-1,9972,10586,-0.4583800512767073,-0.5786251783914007,-0.9487913523987584,False,False,other,0.006028132590114505
ACCCGGTTACACTTCC-1,10743,16475,-0.4867128760157796,0.3428985513501755,0.254078459449771,False,True,immune_core,0.05140818031555953
ACCCGTGTCATCAGTA-1,13897,15805,-0.5015696590503919,-0.1048393919611485,-0.0017844414960564,False,False,interface,0.05820300432744838
ACCCTATAGGACTGAG-1,4824,19628,0.9221341489896412,-0.5786251783914007,1.056827424583551,True,False,interface,0.042240349565700136
ACCCTATGCCATATCG-1,13498,17389,-0.3279492178838768,0.9342458745474108,0.3861909225276845,False,True,immune_core,0.01735429803546443
ACCCTCCCGTCAGGGC-1,16078,10716,-0.8070933373376707,1.515261037185688,1.170587203611024,False,True,immune_core,0.4949818415444695
ACCCTCCCTTGCTATT-1,11937,12403,-0.5535150810193786,-0.2796996289133026,-0.0640088861868675,False,False,other,0.0038774200591880983
ACCCTTCATCTGCGAA-1,5036,14534,1.14438735755288,0.0548098259160055,0.8997747858653494,True,False,tumor_core,0.012032143486884661
ACCGAAAGGGCCCTGC-1,4244,15891,0.1176493008818472,0.1061984163382833,-0.5278891516413283,False,False,other,0.043741983526075424
ACCGACACATCTCCCA-1,14492,14335,-0.3184856003040859,0.262700303349503,0.3571825782221519,False,True,immune_core,0.013216460836616784
ACCGACTGAGTCCCAC-1,7991,14429,0.126173690163043,-0.5786251783914007,-0.7440118703522346,False,False,other,0.02101555875722173
ACCGATAGGCATAACC-1,14311,8560,0.976865558582946,-0.120588827916989,-0.3858157616480446,True,False,interface,0.017045885173402112
ACCGATATTTAATCAT-1,13130,8330,0.7642672822344444,-0.4550982827462971,-0.8339495699435855,True,False,tumor_core,0.010299731822500194
ACCGATGGTAGCATCG-1,9575,11490,-0.0142509730531164,-0.4550982827462971,-0.164263157479122,False,False,other,0.0014039933090437072
ACCGCAATAACTGCCT-1,12526,12971,-0.3103876531151093,-0.4074093973895744,1.0772199686664492,False,False,other,0.0004108711129770795
ACCGCGGTGGAAGTCG-1,11156,9910,-0.2394929738848457,-0.5786251783914007,0.174782627256457,False,False,other,0.022721346303812544
ACCGGGCCTTTGTTGA-1,11547,10817,-0.8106425787878957,-0.382839680963416,0.2629863849840312,False,False,other,0.03738372245673006
ACCGTGACCACGTGGG-1,14483,17505,-0.5136019296014189,1.318992567836561,0.0074311030142853,False,True,immune_core,0.04614566386922999
ACCTAAGTACCTTTCA-1,12313,18517,-0.0369630548882144,2.105342644333501,0.3959689950968957,False,True,immune_core,0.14692659643212763
ACCTAATCGACTTCCT-1,8768,18507,0.4141307369143413,-0.4550982827462971,-0.1543552429747901,False,False,other,0.01019441323467733
ACCTACAGTATGTGGT-1,10567,9116,0.3556208032167622,-0.3321723643037333,-1.1844899478268545,False,False,other,0.018934489394080784
ACCTCCGCCCTCGCTG-1,13323,9803,1.1382213275169557,-0.5786251783914007,-0.7712919282515622,True,False,tumor_core,0.013210971381630592
ACCTCCGTTATTCACC-1,9188,9225,0.2733431151424134,0.0950907908713648,-0.244200431376256,False,False,interface,0.029653568432248284
ACCTGCGTGTCATGTT-1,11522,19874,2.3073596767151305,0.3563225090878614,-0.114377358667036,True,True,interface,0.29884263158418817
ACGAAATGGGCGGCAC-1,8766,19187,0.0812684490872435,-0.4032265245584062,-0.0167589664534888,False,False,interface,0.0334179610396152
ACGACCCATGAGTTGC-1,14117,7767,1.0949740101488066,-0.4032265245584062,0.205229888437778,True,False,interface,0.009870675101859192
ACGAGGATACCACTCT-1,12309,19876,-0.3532485033179306,2.053923351185668,0.1974450248878461,False,True,interface,0.3179708441082377
ACGAGTACGGATGCCC-1,8003,10127,0.6286098315689713,-0.2086454686586297,-0.4636911525423011,True,False,tumor_core,0.000760712913897329
ACGATACATAGAACTA-1,6814,12841,-0.4567559556851189,-0.4074093973895744,-0.0651250541368135,False,False,interface,0.016215234820473472
ACGATACCTATCCTGA-1,8955,21791,0.9136339381876902,3.8296695595792745,0.6502126821930949,True,True,interface,1.5192492890219969
ACGATCATACATAGAG-1,7399,14767,-0.827992674336881,-0.4550982827462971,0.189784400367367,False,False,other,0.0019022308728340626
ACGATCATCTTGTAAA-1,9578,10358,-0.4190211168944366,-0.0636701328578431,0.3208210387861024,False,False,other,0.0027783114659693437
ACGATGCATATGTTAT-1,9757,17038,-0.2195080001745453,-0.0237771981853761,0.3238586981387342,False,False,interface,0.011764203635788879
ACGCAAACTAATAGAT-1,14880,16600,-0.040033112975876,-0.2116238999615896,-0.0437490336338625,False,False,other,0.1418633220779191
ACGCAATCACTACAGC-1,7414,9560,0.3400884588703602,-0.5786251783914007,-0.4011411201288689,False,False,other,0.004870231650545832
ACGCATACGTTTACTA-1,13518,10369,0.2364135394189894,-0.2074410271304214,-1.06198664704538,False,False,other,0.0012225674677731812
ACGCATTCGTGAGTAC-1,8974,14998,-0.2610296649624689,-0.4550982827462971,0.0599354582393436,False,False,other,0.020416029879219196
ACGCCAGATGATTTCT-1,5826,13631,0.8897401618718879,-0.1561727332681989,-0.1219160115614079,True,False,interface,0.05325278357608886
ACGCCGCTAGACGACC-1,10948,13872,-0.3571044557050782,0.0281146538654709,-0.0698207959402074,False,False,other,0.028311260612379752
ACGCGAAGTCAGACGA-1,12126,15234,-0.0654918274568167,0.7251826134926299,0.7201581584777419,False,True,interface,0.05923017760169206
ACGCGCTACACAGGGT-1,10541,18399,-0.9397972189811752,0.093743559065665,0.2423128299538887,False,False,other,0.15118443960621966
ACGCGGGCCAAGGACA-1,9172,14886,-0.0882971840134186,-0.0292542969695527,0.4613560906343669,False,False,other,0.01448821271973609
ACGCGTTTCTTAAGAG-1,8169,21336,1.0487115850599085,-0.0650173646635429,0.778346939576787,True,False,tumor_core,0.08077521484446705
ACGCTAGTGATACACT-1,8002,10580,-0.297639753251833,-0.4550982827462971,-0.6696141639099216,False,False,other,0.004367054821387267
ACGCTGTGAGGCGTAG-1,10141,20436,-0.3925345249994123,-0.2021967497800738,-0.0485069105037285,False,False,interface,0.17982383361396792
ACGGAATTTAGCAAAT-1,5418,18838,0.7967605748271167,0.1968836111157785,-0.6493292671934369,True,True,interface,0.017500281082828768
ACGGACTCTCAAAGCG-1,14495,13429,-0.6781099926301211,-0.4074093973895744,0.7917288152496347,False,False,other,0.0037312701059412858
ACGGATGGTGCGGATA-1,13708,12974,-0.4567559556851189,0.3925314848080664,-0.0141470990608317,False,True,immune_core,0.018405701022293275
ACGGCACTTGCTTGGG-1,12717,15122,0.3437287115283708,-0.5786251783914007,-0.76004545475892,False,False,other,0.02170256389448374
ACGGCCAACATGGACT-1,12912,15689,0.0680820870015559,-0.2485384033310967,-0.2085152036423746,False,False,interface,0.0896697949322598
ACGGCGACGATGGGAA-1,12131,13196,-0.6594292364709539,-0.382839680963416,0.660244523067045,False,False,other,0.03597678610391499
ACGGGAGTGTCGGCCC-1,11721,19082,-0.1244017948196204,1.83894050954967,0.1285866676198555,False,True,interface,0.3058598444433914
ACGGGTCATGTGACTT-1,5412,20875,-0.6276035535612855,-0.4550982827462971,-0.0563586410486327,False,False,other,0.18046099444167538
ACGTAGATTGCTGATG-1,8976,14319,0.1697252460894956,-0.5786251783914007,-1.004769448910121,False,False,other,0.0018630980845482509
ACGTATTACTCCGATC-1,10562,10927,-0.8878848152570392,-0.0840517552210146,-0.5510236829581174,False,False,other,0.010665520864181974
ACGTCTCGTTCCGGGA-1,11124,21231,1.115093296768383,-0.000881147715221,-0.7719816437159118,True,False,interface,0.11311088484683991
ACGTGCGCCTCGTGCA-1,5823,14763,-0.8891379433500324,-0.1084838479114762,0.4367570435730692,False,False,interface,0.011883146834728782
ACGTTAATGTCGAAGA-1,10553,14097,-0.0484549489000144,0.1136304511731738,0.2772376529716682,False,False,other,0.06588825349530662
ACGTTAGATTTGCCCG-1,10149,17492,-0.2331573202788836,-0.5786251783914007,-0.804525414339932,False,False,other,0.015452275782823136
ACGTTATTGGTCACTC-1,6201,20425,-0.0995395246362903,-0.4032265245584062,-0.7889193354348123,False,False,interface,0.10522747027055052
ACGTTCGCAATCAATT-1,8991,9111,0.4897307464887666,-0.2225411269163208,-1.004769448910121,True,False,interface,0.0017245105513977368
ACGTTCGTTCAGGAAA-1,14288,16938,-0.2259943271526387,0.1725668099864052,-0.0176268316548295,False,False,other,0.005631701969619538
ACGTTCTGTACAAGTC-1,15289,11167,-0.2697376435236248,-0.2918046089188153,-0.1630776151272595,False,False,other,0.07735280568778802
ACGTTTAGTTGTGATC-1,5234,14195,-0.5212999242528358,-0.0363628698642919,0.534515929568066,False,False,interface,0.002649105050349923
ACTACCAGCTCTCTGG-1,7392,17258,0.941473027193657,-0.2074410271304214,0.1239258014946549,True,False,interface,0.08205527018179003
ACTACGCGTTAGAATT-1,14292,15579,0.563288029824138,-0.4550982827462971,-0.4680478042612222,True,False,interface,0.021737661460052946
ACTAGTTGCGATCGTC-1,12337,10140,0.6356469727415883,0.1673967913847502,-0.3345261924086628,True,False,interface,0.33969169957558676
ACTATCCAGGGCATGG-1,9974,9680,-0.4338858379523498,0.3879953288393248,0.0037912579848196,False,True,immune_core,0.021981358426188976
ACTATCTGCCCGCGTA-1,12931,9122,0.8061000721418912,-0.3315713871011935,-0.6650410928433994,True,False,tumor_core,0.009830621861081646
ACTATTCGTCCGTGGT-1,5236,13516,-1.064454768942868,-0.4074093973895744,0.5735679174303076,False,False,other,0.004007000301927665
ACTATTTCCGGGCCCA-1,14090,17277,-0.4994363972644105,0.3422797315585321,-0.3384501381484583,False,True,immune_core,0.05841645409792071
ACTCAAGTGCAAGGCT-1,14301,12183,-0.8717622805552886,0.953227206690107,-0.6297247437463813,False,True,immune_core,0.057791270114207954
ACTCAATAAAGGCACG-1,7401,14088,-0.4417608741484316,0.2690045891629628,1.1586058934436227,False,True,immune_core,0.028292558424579218
ACTCCCATTCCTAAAG-1,11718,19988,0.3454481175293588,0.7396869277261319,0.544704318615817,False,True,interface,0.1363914071505394
ACTCCCGAATTCGTTT-1,8791,10130,0.7474676834268431,-0.1598897655093955,-0.7059830434157076,True,False,tumor_core,0.004455959276290346
ACTCCCTAATGCTAAA-1,13705,14106,0.1169273808037694,0.6478001697874587,0.2082749095822586,False,True,interface,0.07844954769979355
ACTCCCTAGAATAGTA-1,11932,13988,0.6098604489866214,-0.1084838479114762,-0.344384767783563,True,False,interface,0.004912260603149264
ACTCGATGTATTTCAT-1,6003,20764,-0.3468976881858251,-0.1980138769489055,0.8943303204064329,False,False,interface,0.18822345082427036
ACTCGCGATCTGACGC-1,10768,7645,0.1561857733793407,-0.1043009750803079,-0.3192823735582043,False,False,other,0.016973572460453987
ACTCGTAACCCGTCCT-1,12114,19309,-0.6022071289212548,-0.2183582540851525,0.1920218727438216,False,False,interface,0.08210125258738714
ACTCGTCAGTAATCCC-1,9571,13075,0.3303492735707417,-0.4032265245584062,-0.6004720492850264,False,False,other,0.0013973343083224943
ACTCTAAACCTGGGAT-1,7773,21788,0.3549716246657358,-0.4074093973895744,-0.1979863061777548,False,False,other,0.02695178480684796
ACTCTCTGACTTAGGT-1,10753,13079,0.1205142457871812,-0.4550982827462971,0.026101640238327,False,False,other,0.0034043652126597326
ACTCTGACCTAATAGA-1,16078,10943,0.2033839708139933,1.892481007543524,0.6837060916336013,False,True,interface,0.09981258296643854
ACTCTTCAGCTCCCGC-1,9586,7641,0.2309474260622166,1.3260864571905024,0.298161816626131,False,True,interface,0.05256655531218867
ACTCTTGTATAGTAAC-1,9568,13981,-0.037637352441666,0.0228321890884837,0.889369417204818,False,False,interface,0.03144414853287143
ACTGAAACGCCGTTAG-1,13712,11389,0.1679317533719925,-0.4550982827462971,-0.4989143321053439,False,False,other,0.03447835452395272
ACTGAATGGCGAAAGT-1,11739,12515,-0.2024319288999015,0.1424236995855918,0.6839808333780019,False,False,other,0.01322047519104551
ACTGCCGTCGTAACTC-1,5628,13970,0.5530900971185472,-0.5786251783914007,-0.0399685019932561,True,False,interface,0.0694750606757947
ACTGCGGACACACCGT-1,9781,8434,-0.9525328078903909,0.921563660509542,-0.4009545888446762,False,True,immune_core,0.020928108786112166
ACTGTACGATACACAT-1,8389,13072,-0.8122645598571924,-0.2838825017444708,-0.3391801946404228,False,False,other,0.008277816160819379
ACTGTAGCACTTTGGA-1,7785,17486,-0.2747690795784538,-0.5786251783914007,0.0446806320508353,False,False,interface,0.13045051099391475
ACTGTCCAGGATTATA-1,8972,15678,-0.7004600152128982,-0.2116238999615896,1.2565195307864785,False,False,interface,0.15596122474079685
ACTGTCTTCTTTAGAA-1,8384,14657,-0.0231085185009452,-0.3072545859718202,-0.804525414339932,False,False,interface,0.014824709091075383
ACTTACGCATCCACGC-1,13905,13088,-0.4898198490685573,0.5847849724610555,0.0821262530918773,False,True,immune_core,0.0041717600805915795
ACTTAGTACGACAAGA-1,5222,18271,-0.2329848805465092,0.1084268329779175,0.5978317391123976,False,False,other,0.009502759628464004
ACTTATACTTACCCGG-1,9575,11717,-0.1096977956540939,-0.5786251783914007,-0.293873938965518,False,False,other,0.0033970331150022233
ACTTATTAGGATCGGT-1,9956,16020,-0.2444454047492281,-0.4550982827462971,-0.8410620265759728,False,False,other,0.004546281454314148
ACTTATTTATGTGCCA-1,11545,11722,0.1921425222652024,-0.5786251783914007,-0.5158520238242443,False,False,interface,0.06502391081189664
ACTTCAGGCTGATCCC-1,12527,12744,0.355540524668941,-0.5786251783914007,-0.7653655660809621,False,False,other,0.007347151957329292
ACTTCCATGCGGGACA-1,14498,12297,-1.086534538555155,1.1983595079836014,-0.1009490615037163,False,True,immune_core,0.12597300336709677
ACTTCGCCATACGCAC-1,7797,13410,-0.9156637996568469,0.641107170484801,0.638656935888522,False,True,immune_core,0.02658231588105806
ACTTCGCTAGCGAGTG-1,8602,7525,-0.1847777546149205,0.1839871227580325,0.0879628362412007,False,True,interface,0.040082135245046835
ACTTGACTCCCTCTTT-1,10751,13758,-0.5674917303610029,-0.4550982827462971,-0.4416547955798811,False,False,other,0.004845856097214368
ACTTGGGACCCGGTGG-1,8183,16355,-0.4411352227534345,-0.4074093973895744,0.0279831196200497,False,False,other,0.0030742412632499276
ACTTGTAGTCCCTTCA-1,11125,20778,0.0764557803131275,2.2665713860186316,0.670907224101381,False,True,interface,0.16945266702863973
ACTTGTGGATGGAACG-1,12732,9688,-0.4296809445898842,0.2142728170545437,-0.8737645021579473,False,True,other,0.021600510178863122
ACTTTACCCTCATGAA-1,8792,9903,0.6498019655744608,-0.3321723643037333,-0.7789294288569256,True,False,tumor_core,0.007462675139472745
ACTTTCCTATAGCTTC-1,7990,14882,0.5338284237787353,-0.5786251783914007,0.1903623396214812,True,False,tumor_core,0.007382607734419545
ACTTTGACTGCATCCT-1,10140,20662,0.6242100575864341,-0.4550982827462971,-0.3831033101844397,True,False,interface,0.10694842489251451
ACTTTGTCGACGCACT-1,13524,8332,0.7520082515759734,-0.120588827916989,-0.6473660978433884,True,False,tumor_core,0.0023345132532464046
AGAAATTATGACTCGC-1,12931,8896,0.4794879754130706,-0.4074093973895744,-0.9602894893291094,True,False,tumor_core,0.008241021769089956
AGAACCCAGCGTGACA-1,11161,7872,-0.4624311143482341,-0.2796996289133026,-0.2977492007759412,False,False,other,0.0024156061630642538
AGAACGTGGTACATTC-1,7796,13636,-0.3079920560307285,-0.4550982827462971,0.9637140934031868,False,False,interface,0.02821181141708287
AGAAGAGCGCCGTTCC-1,9968,11944,-1.348366143141215,-0.5786251783914007,-1.3108298672123784,False,False,other,0.1066276670830465
AGAAGGTACACTTCAC-1,12702,20330,0.4813179505049477,1.026860292360368,0.6082564099515204,True,True,interface,0.13704345350505454
AGAAGGTTGCCGAATT-1,10742,16928,-0.2029437655301466,0.0484389371387618,0.7303450454788261,False,False,other,0.0042878087475481455
AGAAGGTTGTAGGTCG-1,15087,13091,-0.3818785143227699,0.2144104407902405,0.1310173396852237,False,True,immune_core,0.002689969120239586
AGAAGTGATTCGTGAT-1,11919,18743,-0.4028596670188702,-0.1561727332681989,0.0499661363592133,False,False,interface,0.26439280895493217
AGAATAAATCTTCAGG-1,9746,20661,0.2152291721089232,0.0589753715715323,-0.133128922137769,False,False,other,0.06577482715902976
AGAATTATGGATTCGA-1,8789,10809,0.5827572931592029,-0.5786251783914007,-0.6987045216248082,True,False,tumor_core,0.0032304464989432687
AGAATTGTTTGACATA-1,5810,19292,-0.122932051093382,0.0399409810140606,0.6549459884288341,False,False,other,0.03568007942209858
AGACAGCTCAGAATCC-1,6792,20540,0.9993832367573832,-0.2796996289133026,-0.0344158753764173,True,False,interface,0.01445450233239771
AGACAGGCATCTCAGC-1,13329,7765,0.8496435799037192,-0.5786251783914007,-0.0539510349949032,True,False,interface,0.09999531819399649
AGACCAAACCACACCT-1,12504,20895,0.7351089646110528,-0.2116238999615896,0.0312188765312971,True,False,interface,0.06668183330838844
AGACCATGGGATACAA-1,6797,18728,0.6823672252684447,-0.2485384033310967,-0.0465981989658353,True,False,tumor_core,0.00576179595029646
AGACCCACCGCTGATC-1,12128,14554,0.2053469374114615,-0.2074410271304214,-0.6324359439579033,False,False,interface,0.014309995424131318
AGACCCGCCCTCCTCG-1,7594,15561,0.4117194197060734,-0.382839680963416,-0.0164968399609621,False,False,other,0.008430156273036693
AGACCGCTCCGCGGTT-1,12536,9348,0.0163662221832384,-0.0607949625547535,-0.093573684707995,False,False,interface,0.011124968829858813
AGACCGGGAAACCCTG-1,10536,19984,0.4359877613932322,1.5562727441726047,0.8161311821552996,False,True,interface,0.0757442506910944
AGACGAAGTGCCGGTC-1,12138,10932,-0.3374377296550887,-0.1979714104901624,0.1474068829199536,False,False,other,0.006950713631357053
AGACGACGATGCCGCT-1,12905,18179,-0.442154466451297,-0.2796996289133026,0.4675201887505144,False,False,interface,0.13571957266141135
AGACGCCCACTTCGCC-1,14312,8334,1.2124002655231458,-0.2074410271304214,0.2633224459858714,True,False,interface,0.019704050532762214
AGACTAGCCTTCCAGA-1,7985,16694,-0.1300873038785339,0.2815970701712779,0.4290433201343888,False,True,immune_core,0.02271302038519923
AGACTGTTACCGGGTC-1,14879,16826,-0.7004600152128982,0.1136304511731738,-0.2238129585367361,False,False,other,0.013356326099012656
AGAGAACCGTCTAGGA-1,7604,11938,0.1321490713253867,-0.2838825017444708,-0.152994498874182,False,False,interface,0.0626534356930944
AGAGAAGGAGTACAAT-1,13891,18069,0.3710994395587189,1.7301367355925403,0.9290194102613292,False,True,immune_core,0.28891227343897347
AGAGATCTCTAAAGCG-1,10340,19870,-0.6859976524273976,1.6039070461705274,0.343498629581055,False,True,interface,0.14661579340382128
AGAGCAGTTATGAGAC-1,8173,19751,-0.5592057288255529,-0.2075786508661182,-0.1166741440298535,False,False,other,0.01725916975436018
AGAGCCGCCGAGATTT-1,13915,9238,1.0059374798471343,-0.5786251783914007,-0.3523406124034097,True,False,interface,0.05094955683352789
AGAGCGGGCTAATCAT-1,5627,14649,0.5145198455631432,-0.1980138769489055,1.0323010673181503,True,False,tumor_core,0.07608397452150392
AGAGCGTACAAGCTCG-1,7191,18729,0.3719812614964631,-0.5786251783914007,-0.4379708454246077,False,False,interface,0.053131246276185574
AGAGGCTTCGGAAACC-1,12533,10480,-0.8983767055680127,0.2559224678466398,0.661981187839381,False,True,immune_core,0.33885289934481794
AGAGTAAACTTCACTA-1,11944,9912,0.190827547882485,0.1814354494241244,-0.5312700477548596,False,True,other,0.035118308395563395
AGAGTATAGTGTTACG-1,8009,8090,0.8824384305014392,-0.2796996289133026,0.6854661432186713,True,False,interface,0.042321149542102456
AGATAACTTCAGGGCC-1,8772,16922,-0.3486972045311485,0.1212985161241827,0.4528463201962985,False,False,interface,0.017533640694330156
AGATACCAATAGAACC-1,15097,9468,0.6219328600485591,-0.1770979937440296,-0.5351518804081434,True,False,interface,0.018013546708694022
AGATACCGGTGTTCAC-1,10346,17606,-0.734929004719598,-0.5786251783914007,-0.3697821772413593,False,False,other,0.009705670032340219
AGATACGACTTCATAT-1,5420,17932,-0.4698334781113961,-0.2074410271304214,1.1708595726365167,False,False,other,0.0040718589549920145
AGATACTCAAGATCGA-1,11542,12628,-0.3815299339439689,-0.4550982827462971,-0.2415747153942029,False,False,other,0.017099337232485325
AGATATAATACGACTA-1,15085,13770,-0.2775455887349304,0.1151978591513815,0.3412520035715296,False,False,other,0.010797327705800793
AGATCGTGCATAAGAT-1,6622,10916,-0.9276214931071776,-0.4550982827462971,-0.3052236527993163,False,False,other,0.001777986601523326
AGATCTCAGGTGTGAT-1,8191,13411,-0.4760160461315414,-0.2838825017444708,-0.223942058784396,False,False,other,0.0546351886715008
AGATGACTCGCCCACG-1,6609,15671,-1.080577303644619,-0.5786251783914007,-0.0580691943986747,False,False,other,0.003776988412798603
AGATGATGGAGTCTGG-1,9186,9904,0.791903084957978,-0.5786251783914007,-1.0964879840895336,True,False,interface,0.08899733410619141
AGATGCAAGACGTGCA-1,13887,19201,-0.6681292002318658,-0.0362252461285951,0.0755158666102258,False,False,other,0.027538661831114922
AGATGCATCCTGTGTC-1,11912,21233,-0.0186707750576892,-0.0138043199165478,0.2562112731130687,False,False,interface,0.012011545573121096
AGATTATAGGACGTTT-1,9563,15793,0.7459915972631277,1.2607825616510469,2.0144674517759396,True,True,interface,0.25684614888316276
AGATTCACAACCGATA-1,12899,20444,0.917416692501421,1.256726465712444,1.2412364142178436,True,True,interface,0.08735415366319028
AGCAAAGGCCGCTAGT-1,14297,13768,-0.2287168441362751,0.3951159322952819,0.0400249214974295,False,True,immune_core,0.009002655875381517
AGCAACATATCTTATT-1,10561,11380,0.1789971275789446,-0.3937569079181471,-0.1184385436730989,False,False,other,0.03127861545028797
AGCAACCGAAAGTAAT-1,13492,19653,-0.7028715134520754,0.4306970732759129,0.6208655259737251,False,True,immune_core,0.19301865977672272
AGCACCAGTACTCACG-1,7794,14542,0.2524812977709684,-0.0267980959470792,1.1431590978285626,False,False,other,0.025291692099057614
AGCACTACCGGCCTGT-1,9158,19641,0.6450415797299086,0.0637919415534622,0.438082327205106,True,False,interface,0.028456477300304654
AGCACTACCTCACCAG-1,12921,12745,-0.2424767304543665,-0.5786251783914007,0.196931063844512,False,False,other,0.003307989344329671
AGCACTTAAGGACGCC-1,8572,17941,0.6954295107244431,-0.4550982827462971,-0.3868655838105277,True,False,tumor_core,0.006859679786490607
AGCAGAAGGAGAAAGA-1,15083,14223,-0.1626203926986262,0.1653006565535625,-0.4426182307292984,False,False,other,0.02371088393009813
AGCAGCCAGATGAATA-1,13504,15351,0.8612844169999294,0.3956449719051678,-0.6449198818114985,True,True,interface,0.07274647765443944
AGCATATCAATATGCT-1,12531,11159,-0.4338858379523498,-0.5786251783914007,-0.1700776884476599,False,False,other,0.005261939390082949
AGCATCATTTCGAAAG-1,12901,19764,1.1012899200943598,0.3688181480043616,0.0732419079680384,True,True,interface,0.6010720093631208
AGCATCGTCGATAATT-1,6805,16011,-0.8454458696488139,-0.5786251783914007,0.2041338919827763,False,False,other,0.0007045357472167901
AGCATTACGAGGCAAG-1,15686,10036,1.3984167085509551,0.2333072076120154,-0.1441419464472211,True,True,interface,0.23203888762144578
AGCCAAGCTTTGTGTC-1,15080,15355,-0.6713646854078387,0.0913468986119799,0.1179541594997877,False,False,other,0.018311882508758027
AGCCACAGGTTACCCG-1,14893,11845,-0.6591019072336677,1.1214542705060382,0.2768051043208798,False,True,interface,0.18712655630509936
AGCCACTCCCGTGCTT-1,7011,12729,-0.6857503329282727,-0.1598897655093955,0.007051657419509,False,False,other,0.015774133484053907
AGCCCATACATGTAAG-1,10736,18966,-0.4640869326364326,0.3085181645968821,0.5759970237144353,False,True,immune_core,0.04370009564542374
AGCCCGGTAGCCTGTA-1,14486,16372,-0.9006083365056702,-0.2498856351367965,-0.2345282915257576,False,False,other,0.04085761416521199
AGCCCTAAGCGAAGTT-1,5430,14535,-0.7329182107904495,-0.5786251783914007,0.832902188548882,False,False,other,0.06364083345175038
AGCCCTGTCGCACCGT-1,10570,8210,-0.4391485057768299,-0.1979714104901624,-0.7317021372995534,False,False,other,0.004334372319141446
AGCCCTTGGACATCCC-1,13720,8672,0.960855352578546,-0.4550982827462971,-0.5173098560733357,True,False,tumor_core,0.039281333457332236
AGCCGCAAATTCAAAT-1,9744,21567,0.0393758282413798,1.647301806750238,0.8323545368109099,False,True,interface,0.626734480762229
AGCCGTGGCTAAATGT-1,12311,19423,-0.1368371868265765,0.1170437057003604,-0.3162783113437745,False,False,interface,0.021965508572799327
AGCCTAATACCCACGT-1,12308,20329,-0.1545987800198148,2.0573412184900026,0.6057691999149748,False,True,interface,0.28124897263533105
AGCCTTAAAGCGGAAG-1,6596,20199,1.0610509997605846,-0.3311055465112218,0.6489836325070945,True,False,interface,0.011571546655630519
AGCGACAGGAACGGTC-1,12513,17725,-0.5769204163529731,0.1710639505567057,0.5529219654889997,False,False,interface,0.02083889314178271
AGCGACATCCCATTCA-1,5822,15216,-0.6693074424070671,-0.4074093973895744,1.3723981859232095,False,False,other,0.015622698478286396
AGCGACCAACGATATT-1,7397,15673,-0.4829149922227514,-0.5786251783914007,-0.4176046472285932,False,False,other,0.02465698434842901
AGCGATGCGCCTAATA-1,15096,9695,0.6363718044137283,0.9846205680825472,-0.3693319149798695,True,True,interface,0.016956117408851057
AGCGCATAATGAATCG-1,13700,15691,0.0818491615638706,0.0294618856711707,-0.3078493687813695,False,False,interface,0.060045169188453644
AGCGCGGGTGCCAATG-1,7211,11484,0.9488133647241817,0.7359569954798456,-0.0668334647255767,True,True,interface,0.2566295451382567
AGCGCTAGAGCGATGT-1,10373,8096,-0.7720971745370232,-0.4550982827462971,0.2055509622597163,False,False,other,0.013096736293790516
AGCGGACACTTCGTAG-1,14687,14901,0.3243069569373391,-0.4074093973895744,0.5454403375088842,False,False,other,0.004121004356804854
AGCGGCGGTTAGCGGT-1,12308,20555,0.5856874362705572,0.9937759397791562,0.4657237301406748,True,True,interface,0.1440628082976113
AGCGGGTCTGACACTC-1,15477,14451,0.9829046956635246,-0.2796996289133026,-0.3384501381484583,True,False,tumor_core,0.02482079500060538
AGCGTGGTATTCTACT-1,11341,13873,0.2576232905000098,-0.5786251783914007,-0.3894927110640903,False,False,other,0.0010545386768081946
AGCTAACAAGCAATGT-1,14481,18184,-0.5630760775857704,1.8052936425083308,1.022293048354165,False,True,immune_core,0.10810375427896864
AGCTAGAAGCAGAAGT-1,6623,10690,-0.4810783487076805,0.0150430477336273,0.2990503017434108,False,False,other,0.008000858863437628
AGCTATTTAATCCAAC-1,5630,13517,-0.6322930441256585,0.1689874014809054,0.2143542760558943,False,False,interface,0.022401024545087037
AGCTCCATATATGTTC-1,13718,9577,0.6530458914814256,-0.4550982827462971,-0.8784295295245974,True,False,tumor_core,0.036838642268490124
AGCTCCTTCGCACATC-1,12725,12179,0.3230485873528915,-0.382839680963416,-0.6351128268657681,False,False,other,0.008845205687386096
AGCTCTAGACGTTCCA-1,9964,13303,-0.0880572466240342,-0.2856159021181176,-0.6999481322317601,False,False,other,0.00069275898121608
AGCTCTTCCCAGTGCA-1,6028,11933,-0.9542977726136292,-0.5786251783914007,0.0664191443426075,False,False,other,0.015621743850006947
AGCTCTTCGTAACCTT-1,10171,9794,0.0685878200469077,0.3565510408216029,-0.9942405514455016,False,True,immune_core,0.02105950770361513
AGCTCTTTACTCAGTT-1,10545,16814,-0.9525328078903909,-0.0898304046901328,1.1164015684275197,False,False,other,0.06715666255901072
AGCTGAAGTAAACCAA-1,6421,12387,0.0425458386668847,-0.5786251783914007,-0.0561066424215131,False,False,other,0.004405822848838378
AGCTGTAACCTCAATC-1,13101,18746,0.4271716625754319,0.38548859805637,0.5405684469428261,False,True,immune_core,0.024616174038266363
AGCTTCTTCTCGAGCA-1,15882,10603,-0.1697745233991099,0.7092469759065211,0.0818166134068451,False,True,interface,0.07239601498178817
AGCTTGATCTTAACTT-1,10538,19305,0.8388105013685411,0.7296373469020305,0.2708435879191133,True,True,interface,0.19222258788748048
AGGAACGAACGACTTC-1,15100,8336,0.1435052412988335,-0.3315713871011935,-0.3304528895917631,False,False,other,0.003856298817041451
AGGAAGCTGTCCGCCG-1,14491,14561,-0.5311085050352248,-0.382839680963416,0.6287513625467325,False,False,other,0.015845441717591096
AGGACAGTCGAATCCC-1,10952,12287,0.6043142440340021,-0.5786251783914007,-1.077319006265432,True,False,interface,0.0020693640268049716
AGGACATCGCACGTCG-1,5618,17593,0.3652259564254002,0.5334343581544805,0.4054999988774374,False,True,interface,0.11296274370733207
AGGACGACCCATTAGA-1,10939,16815,-0.1387165222551769,-0.2225411269163208,-0.2238435619009641,False,False,other,0.013517830433627018
AGGAGGCCTTCGCGCG-1,12729,10820,-0.4619693888367441,-0.0650173646635429,-0.640190008306268,False,False,other,0.009393964071704208
AGGATAAAGTCGGGAT-1,12916,14557,0.3484290174748661,-0.0840517552210146,0.3413120999461879,False,False,other,0.0025159212777611257
AGGATATAGGGATTTA-1,11546,11043,-0.1825851454748182,-0.4074093973895744,0.3098066329831339,False,False,interface,0.021980963873237194
AGGATCACGCGATCTG-1,11915,20101,0.4064856554877484,1.029511704151563,0.0974930866002494,False,True,interface,0.143726407042436
AGGATTGCTTACGACA-1,8402,8317,0.6759114740077283,-0.4550982827462971,0.0317030708772807,True,False,tumor_core,0.01654434771899628
AGGCACGTGACTGTCC-1,13719,8898,1.2251482755631489,-0.3315713871011935,-0.5934373014243929,True,False,tumor_core,0.04093257715850482
AGGCAGATGCGTAAAC-1,7603,12164,0.4279184516481957,-0.2116238999615896,0.0364552807453583,False,False,other,0.011534087341881763
AGGCAGGGAGCGTACT-1,14092,16371,0.2182859943607084,0.4940731115142272,0.5364746183139963,False,True,immune_core,0.08607457603376416
AGGCATTGTCGTAGGG-1,12138,10705,-0.6293300524275789,-0.5786251783914007,-0.3276784573595263,False,False,other,0.037951325797046395
AGGCCACATTGGTTAC-1,11556,7647,0.198713084521467,-0.2838825017444708,-0.3190579930025682,False,False,other,0.0039944530651810995
AGGCCACCCGTTATGA-1,7982,17599,0.233975387831367,0.3367328949071357,0.3182422071689673,False,True,other,0.027774145127804798
AGGCCCATTGTACAGG-1,5427,15668,-0.6452981042966518,-0.1603556060993672,1.137753704278737,False,False,interface,0.3715674190756956
AGGCCCTAGAACGCCA-1,11327,19081,0.3873478143050844,1.4727962618698065,0.3800217764306431,False,True,interface,0.06331963435303521
AGGCCTGAGAATCTCG-1,14696,11958,-1.099258059803786,0.1444176850547471,-0.9074570827235992,False,False,interface,0.25618897908467864
AGGCGATAACTGGCGT-1,13919,8106,0.8481804352328011,-0.2086454686586297,-1.1409679436705455,True,False,interface,0.0034291881181897324
AGGCTATGGTTAGCTT-1,7586,18504,0.7272353363009072,-0.2498856351367965,0.0347089055167577,True,False,tumor_core,0.023257408498239204
AGGCTTCCCGAAGAAG-1,12317,17159,-0.3474364522490383,0.7928456013098811,0.2420309363598736,False,True,interface,0.025397932951599807
AGGCTTGCTAGACACC-1,7188,19861,0.2508371808549369,0.045322882100105,0.1771640463391126,False,False,other,0.007374840660773243
AGGGACCGGCTGCGTT-1,9581,9453,-0.8215491700418581,1.1351741901301262,-0.9407123993780724,False,True,immune_core,0.08012987733942013
AGGGACTCTACGCGAC-1,13306,15916,-0.1867158820807976,0.4815981603786526,0.0544362739586749,False,True,immune_core,0.04366385028998276
AGGGAGACATACTTCG-1,8203,9109,0.4331166162219097,-0.5786251783914007,-0.9871614351015012,False,False,other,0.0018651398077322442
AGGGCCCTAATGTTCT-1,15101,8110,0.1939038526864004,-0.1298439316115337,-0.2339422999031475,False,False,other,0.004944860091455913
AGGGCGAGCAGCTGAT-1,11128,19646,2.031196824551071,0.2333072076120154,-0.4476804475345621,True,True,interface,0.3552100840473529
AGGGCGTGATCGGCTA-1,5817,16801,-0.6357234993330413,-0.2498856351367965,0.7425296895989916,False,False,other,0.015354632066283208
AGGGCTGCAGTTACAG-1,9370,14547,1.2217785952336402,-0.2485384033310967,-0.0406562129844536,True,False,tumor_core,0.008719555573454463
AGGGTCGATGCGAACT-1,9774,10925,-0.5306247459469015,-0.5786251783914007,-0.7971725783108639,False,False,other,0.003229908768860022
AGGGTGCTCTCGAGGG-1,9181,11489,-0.2293503365877826,-0.5786251783914007,-0.7204890040952986,False,False,other,0.006288132736371511
AGGGTGGATAGTGCAT-1,8170,20657,1.3871543279139154,-0.5786251783914007,-0.786917400531312,True,False,tumor_core,0.022105590781138853
AGGGTTCCCTTTGGTT-1,8392,11940,0.5214475218342106,-0.4032265245584062,-0.5812422702577787,True,False,tumor_core,0.0042528411486893744
AGGGTTTAGTTCGGGA-1,8975,14772,-0.1303590297301567,-0.1966666451432057,-0.657798022114888,False,False,other,0.008308480494302732
AGGTAGATCGAGATAT-1,14876,17959,-1.0933008248932496,0.1733130645895652,-0.6909550831910883,False,False,other,0.2538302682236044
AGGTAGGTACAAAGCT-1,9359,18396,0.1542110013006681,-0.2838825017444708,-0.9389327770238582,False,False,other,0.02280698836140936
AGGTATAATTGATAGT-1,9384,9565,-0.0612499496715804,0.3955654320696849,-0.7697059891273437,False,True,interface,0.05809054977476019
AGGTATGCGGACATTA-1,9980,7869,-0.8971235774750195,-0.382839680963416,-0.8799904935400791,False,False,other,0.042513183519206736
AGGTCAGGTGAGAGTG-1,11522,19647,1.5351301598896463,0.4796109842388968,0.44920918094162,True,True,interface,0.1104160676112557
AGGTCGCCTCCCAACA-1,14509,8221,0.3090824199096526,-0.1250115076859931,-0.0583272111695086,False,False,interface,0.007375008614943729
AGGTCGCGGAGTTACT-1,7609,10126,0.8343238489856866,-0.5786251783914007,-0.925788152284956,True,False,tumor_core,0.004083717771085616
AGGTGGTGACCTTCGC-1,15080,15582,-0.7118399772401609,0.2043314998942795,-0.3440235270854965,False,True,immune_core,0.01009692338929528
AGGTGTATCGCCATGA-1,9748,19982,1.4224015910996446,-0.1157566189158796,-0.0071209218961852,True,False,tumor_core,0.047481366310700955
AGGTGTTGCCGACCAC-1,15298,7997,1.0180434248843402,-0.3315713871011935,-0.3910215480250323,True,False,tumor_core,0.006031735992174152
AGGTTACACCATGCCG-1,10962,8890,0.6441983607223215,-0.4074093973895744,-1.0306834392578104,True,False,tumor_core,0.023257827650910834
AGGTTGAGGCACGCTT-1,6812,13520,-0.5975909144043777,-0.5786251783914007,-0.0494784143576822,False,False,interface,0.037289662541920794
AGGTTTCACACACCTT-1,10552,14324,-0.3811477679458567,-0.2116238999615896,0.1310492516333575,False,False,other,0.007095364056077199
AGTAATGTCTTGCCGC-1,5625,15102,-1.348366143141215,-0.1561727332681989,1.5322954248658986,False,False,other,0.1967251759104203
AGTACATCATTTATCA-1,8202,9562,0.466309916897173,-0.1762798015482156,-0.96796033022286,True,False,tumor_core,0.017129828658424644
AGTACGGCCCGTATCG-1,9352,20660,0.0989204257010933,-0.1245456670960214,0.5669502847610998,False,False,interface,0.0251960955225811
AGTACGGGCACCTGGC-1,7404,12956,-0.1937825358293552,-0.0948313584400489,0.3081071413223832,False,False,other,0.017402447009010974
AGTACTCTTATGCCCA-1,13514,11954,-0.3729310482858161,-0.0650173646635429,0.0351808277390633,False,False,other,0.02200868425026523
AGTAGGTAACATACAT-1,5031,16119,-0.3523139269047603,0.0590470814249619,1.3655448601023974,False,False,interface,0.2443717975791424
AGTATAATACTAGGCA-1,7390,18164,-0.6651704549674937,0.5230774674868301,0.1667417200323948,False,True,interface,0.11872466991494102
AGTATACACAGCGACA-1,15077,16487,-0.4306584545253122,-0.4550982827462971,-0.8784295295245974,False,False,other,0.0249047777782473
AGTATGCTGGAGACCA-1,13888,18975,-0.5439955545610028,-0.1048393919611485,-0.8836230775328475,False,False,other,0.1486825265596685
AGTATTTGGCACGACC-1,13896,16031,-0.827992674336881,0.4190196240740726,0.2219309166752244,False,True,immune_core,0.06641513532343028
AGTCAACACCACCATC-1,10546,16588,-0.8795281184503724,-0.4074093973895744,0.8632193756902311,False,False,other,0.07795846247198453
AGTCAAGATGACACTT-1,11939,11724,0.4686520886409976,0.1428897465573573,0.2408249150220091,True,False,interface,0.039386117248100365
AGTCACTAGCTCTCGA-1,13320,10708,0.594642537571365,-0.3734125307819002,-0.1537941156359944,True,False,other,0.023226650863884896
AGTCAGCCACCGCCTG-1,5615,18725,0.8139840050597345,-0.4550982827462971,-0.1464693433392545,True,False,interface,0.0038495851510447353
AGTCCATTGGCTGATG-1,10760,10588,-0.3713104904934862,-0.5786251783914007,-0.4334597603434978,False,False,other,0.0356556614340574
AGTCGACGGTCTCAAG-1,9969,11718,0.0799794920542431,-0.5786251783914007,-0.7329218455488193,False,False,other,0.020596075034762847
AGTCGGCCCAAACGAC-1,7391,17485,1.3042985578847264,0.2575662725030326,0.6613536542675804,True,True,interface,0.29038781441388584
AGTCGGCTCAACTTTA-1,11720,19308,-0.6505217503235767,0.8699449902794236,0.4496148465868517,False,True,interface,0.12460520144564374
AGTCGGTTGCGTGAGA-1,10370,9228,-0.2658850139537005,-0.4550982827462971,-0.5602876149218894,False,False,other,0.01707173778588383
AGTCGTATAAAGCAGA-1,15285,12752,-0.7901883835336356,-0.2918046089188153,-0.6351128268657681,False,False,other,0.019973737837438676
AGTCGTCGACCACCAA-1,13712,11615,0.2093254462367748,0.1798042499268643,-0.4410400466817254,False,True,interface,0.11925312726533939
AGTCGTGGGCATTACG-1,12510,18631,-0.7004600152128982,2.5197644075066443,-0.0910565128354515,False,True,immune_core,0.40094845581651023
AGTCTAAAGTATACTC-1,8202,9335,0.9889774268532706,-0.4550982827462971,-0.3396839883725181,True,False,tumor_core,0.006762857623829481
AGTCTCACAAGACTAC-1,13101,18520,0.0855275814117993,0.7232484061462461,0.3052744282899456,False,True,interface,0.04892293766096148
AGTCTGGACATCCTTG-1,6006,19632,-0.2737798467225275,0.0239116871713465,0.529784096842822,False,False,other,0.06715188628306071
AGTCTTCTCCTCAAAT-1,7203,14427,-0.7688891872974818,-0.5786251783914007,-0.651711844281965,False,False,other,0.014253824696655109
AGTCTTTAAAGTGTCC-1,15677,13206,-0.0803540583509773,0.0239116871713465,-0.3478548793255951,False,False,other,0.0034751755600793397
AGTGAACAAACTTCTC-1,11154,10363,-1.0186990016884658,-0.4550982827462971,-0.5732306013638594,False,False,other,0.0371568530889465
AGTGACCTACTTTACG-1,11138,16023,-0.6763436333258184,-0.3315713871011935,-0.4245493711307256,False,False,other,0.02166802620940521
AGTGAGACTTCCAGTA-1,9377,12056,1.1300189678119537,-0.2856159021181176,-0.0370462020370859,True,False,tumor_core,0.01364653889954614
AGTGAGCCTCGCCGCC-1,8200,10241,0.923528749496443,-0.4550982827462971,0.1063747247001979,True,False,tumor_core,0.0004090562119094621
AGTGAGTCGAATTAAC-1,15687,9583,0.5902721689168351,0.1426802399190304,-0.1136350819176666,True,False,interface,0.004627077059156236
AGTGATAACCTGCGCG-1,14105,11843,-0.4549640715026385,2.55623261661216,-0.2837104918048385,False,True,interface,0.5240285527694174
AGTGATATGAGTAGTT-1,11334,16364,-1.074108232103837,-0.1353200490832371,-0.5631912532099729,False,False,other,0.0028698793847602177
AGTGATTCAAGCAGGA-1,8983,12055,-0.0329114562016638,-0.5786251783914007,-0.2884923359827635,False,False,other,0.0015137117973815022
AGTGCACGCTTAAGAA-1,12728,11046,-0.4567559556851189,-0.4550982827462971,-0.625254251490868,False,False,other,0.0007817607044047301
AGTGCGTAGCTCGTAA-1,11529,17157,-0.5302706098213456,-0.4074093973895744,-0.2791030369648423,False,False,other,0.0035377498380180523
AGTGCTAAACACAGCA-1,14500,11618,-0.6269640754492976,0.7139416396285281,-0.8614494994154928,False,True,immune_core,0.03008794747699563
AGTGCTTGCACGAATA-1,10559,11833,-0.1241340806768394,-0.5786251783914007,-0.7722120344048218,False,False,other,0.010763767002997445
AGTGGCGGCAATTTGA-1,7212,11257,0.6664698100529151,0.9566571379620178,0.2140679273761077,True,True,interface,0.02720871015610583
AGTGGCGTCTGAAGGT-1,14695,12184,-0.7743288054746807,1.521890107491758,-0.0342016050884065,False,True,interface,0.3480231032243917
AGTGGCTCCGTCGGCC-1,10338,20550,-0.1005456611496044,0.2679377713704513,0.140930501667641,False,True,interface,0.04987442096554989
AGTGGTGTTACCCGTG-1,11716,20893,-0.2264316143200258,0.3675978944551398,0.9064413626757898,False,True,interface,0.0661046538157175
AGTGGTTGCGTATAGG-1,9351,21113,-0.6755850331370583,-0.1567737104707387,0.0043745488303888,False,False,interface,0.6840782819050985
AGTGTGGTCTATTGTG-1,6598,19294,-0.7427310234366494,-0.4550982827462971,-0.1686676999620641,False,False,other,0.024248399773480592
AGTTAAACACTTGCGA-1,10348,16927,0.6998835161185264,0.1136304511731738,-0.5112345842743553,True,False,tumor_core,0.0676215901771274
AGTTAAGCGGTCCCGG-1,5632,12838,-0.7064433733098033,-0.5786251783914007,-0.2700489694461496,False,False,other,0.048650441920628416
AGTTAAGTCAACCGCT-1,12509,19084,0.2467073212112234,0.3695526734651576,0.5853223884227585,False,True,interface,0.4485388847471534
AGTTACCCTTAAGACT-1,7185,20994,-0.235868627322117,-0.1363868668757486,0.6266870929327306,False,False,other,0.019767658659689925
AGTTACCGCACATGGT-1,7580,20315,0.1415316617733169,-0.5786251783914007,0.2329838639445298,False,False,other,0.022915572572095116
AGTTCACCGGTTGGAC-1,6397,20991,-0.2752390718794809,0.015508888323599,0.841854236135993,False,False,other,0.017029697410314345
AGTTCCTACAGAATTA-1,8380,16242,0.0213170925592964,-0.1770979937440296,0.1363603526823635,False,False,other,0.004897835201793673
AGTTCCTATTTATGTT-1,10946,14551,-0.8983767055680127,-0.4074093973895744,-0.0335023145377945,False,False,other,0.0236893842417956
AGTTCTGCGTTGTATC-1,5021,19742,0.0513615923418495,0.5340510507176037,1.0601341870097971,False,True,other,0.17486279023833648
AGTTGACGGTCCTTGC-1,15279,14790,0.1896974911045791,-0.000881147715221,0.5568888081206953,False,False,other,0.013294158026942816
AGTTGCTGACTGATAT-1,5612,19857,-0.2152981896414124,-0.4032265245584062,0.300952531721748,False,False,interface,0.014110525891094091
AGTTGGCAAGGCTAGA-1,15883,9923,0.235581146309749,1.2607144068460685,-0.0653209793325192,False,True,interface,0.08530524450502451
AGTTTCGCAGGTCGGA-1,4838,14873,-0.0335542118943028,-0.5786251783914007,0.4497827763036561,False,False,other,0.006041934089803463
AGTTTGCACCTGCCTC-1,13903,13540,0.0965181232450332,-0.5786251783914007,-0.3739059122402124,False,False,other,0.047189843730558234
AGTTTGGCACGGGTTG-1,11942,10365,0.0927841111739633,-0.3006248893891332,-0.7542785578540705,False,False,other,0.004330809950947565
AGTTTGGCCAGACCTA-1,11723,18403,-0.9525328078903909,1.0886839757364597,0.3442418878579162,False,True,immune_core,0.06370320829489477
ATAAACGGACCCGTAA-1,11732,15006,0.2523746710479522,0.4304399368457,-0.1415868169378397,False,True,interface,0.05084303648692858
ATAAACGTTGCACCAC-1,13717,9804,0.2316271839436461,-0.5786251783914007,-0.301082635199834,False,False,other,0.049128637172539825
ATAAAGGCTCGGTCGT-1,9168,16244,1.3829901615687368,-0.4550982827462971,-0.583784141629666,True,False,interface,0.04118100097538676
ATAAATATTAGCAGCT-1,9949,18737,-0.6289502364852921,-0.3311055465112218,0.5214958750558613,False,False,interface,0.039192390493672936
ATAACGCCGGAGGGTC-1,9375,12735,0.6057753273787868,-0.382839680963416,-0.0917061422463626,True,False,tumor_core,0.009715076280912435
ATAACGGAGTCCAACG-1,7403,13409,-0.6004886820280414,0.233940904762777,0.7401738487514523,False,True,immune_core,0.005904753378315735
ATAAGGTGGAGAACAT-1,12327,13762,1.3101603913028443,0.015508888323599,0.647226862859528,True,False,interface,0.16724325523501804
ATAAGTAGGATTCAGA-1,7806,10240,0.1656612072740249,-0.4074093973895744,-0.625750903987397,False,False,other,0.000652061985661879
ATAAGTAGGGCGACTC-1,9580,9679,-0.8643064476500959,-0.3720652989762003,-1.077319006265432,False,False,other,0.06259220395102981
ATAAGTTACCGCGACG-1,11532,16024,-0.5766535160024043,0.0245126643738863,0.1309521048120382,False,False,interface,0.0581167697548981
ATAATACCGTTAGCCG-1,5611,20083,0.777032344699267,0.1688497777452086,0.0495174888247059,True,False,interface,0.022141052070563563
ATAATAGCTGTTGAAT-1,11733,14780,1.020682240378625,-0.5786251783914007,-0.3467484586575401,True,False,interface,0.07156380911209642
ATAATAGTGTAGGGAC-1,6010,18500,1.0013855249817971,-0.4550982827462971,0.8756645946846141,True,False,tumor_core,0.003751238642116338
ATAATCTTGGAGAACC-1,14495,13203,-0.4772453148288337,0.1730326505763768,0.0064797278881466,False,False,other,0.005283121754349821
ATAATTAGCTAAGTAG-1,15082,14676,-0.3971363659450141,-0.5786251783914007,0.1079368942953896,False,False,other,0.018314220343852442
ATACAGGCCCTCCAAT-1,13509,13766,-0.3012554199211399,-0.4550982827462971,0.1511971891694768,False,False,interface,0.009172586433446659
ATACCACGGGCAACTT-1,9358,18622,0.8270171000269969,-0.1245456670960214,0.8317214780407012,True,False,tumor_core,0.023090084757311977
ATACCAGGCTAATAGA-1,4245,15664,-0.0526119354309908,-0.4550982827462971,-0.2383986539586511,False,False,other,0.0059921597258049885
ATACCTAACCAAGAAA-1,13900,14673,0.9080556880032844,-0.382839680963416,-0.380753647289349,True,False,tumor_core,0.012073445576356263
ATACGAAGGCTTTCCA-1,9782,7981,-1.019952129781459,0.1759583506399478,-0.7085676059827645,False,False,interface,0.07347067300369224
ATACGCCGGCGAAACC-1,10359,13078,0.2571854910612262,-0.5786251783914007,-0.6973429630562257,False,False,other,0.0062321356056567806
ATACGGAACGTCGTTT-1,13493,19426,-0.411401469328949,-0.5786251783914007,0.2981066808997776,False,False,other,0.12834471794389496
ATACGGGTTTCGATTG-1,6814,12615,-0.6479628961756568,-0.5786251783914007,0.2756227220087385,False,False,other,0.014653489227263068
ATACGGTGAAGATGCA-1,8958,20659,0.1890339840112879,-0.1603556060993672,0.1780456800405193,False,False,interface,0.01697762754559066
ATACGTACTTAGCCAC-1,13313,13199,-0.4086882090982446,-0.1598897655093955,-0.4879360985730551,False,False,other,0.007642825645296514
ATACGTCCACTCCTGT-1,11743,11383,0.5835283671095663,-0.5786251783914007,0.6550504954161388,True,False,interface,0.04973809104595318
ATACGTTATGCACGGA-1,14885,14789,0.3576510984274286,-0.382839680963416,-0.2372560324714263,False,False,other,0.02517879399833894
ATACTACCCGTACCAC-1,14110,10031,0.9296410880164464,0.332810114918273,-0.3398116967170407,True,True,tumor_core,0.02160752739277896
ATACTAGCATGACCCT-1,6611,14992,-1.080577303644619,-0.3734125307819002,0.3298278811683061,False,False,other,0.0007873284276813964
ATACTGCCTTACACCG-1,13907,12408,-0.1798459135441733,-0.2075786508661182,-0.526567934100361,False,False,other,0.0040223025504892125
ATACTTGTTCTCGAGC-1,8367,20771,0.3128562494606542,-0.4074093973895744,0.0612211508154512,False,False,other,0.032439307290562734
ATAGACAACGGGACCT-1,7999,11486,0.2526085589749218,-0.0321799970331236,-1.0102959664182904,False,False,other,0.0050806930796441635
ATAGACGAAGAGAAAG-1,8969,16810,-0.3861792040006859,-0.3720652989762003,0.2406026144543216,False,False,interface,0.05562521004728616
ATAGAGTACTGGGACA-1,7591,16466,-0.7743288054746807,-0.1298439316115337,0.7104154163131745,False,False,other,0.02361583662887939
ATAGAGTTATCAACTT-1,7803,11372,0.2380694263604378,-0.382839680963416,-1.049852417081912,False,False,other,0.008228283052910111
ATAGCAACTAGGGAAG-1,14699,10826,0.6138925661087697,-0.1250115076859931,0.1226036138219424,True,False,interface,0.01232419665343869
ATAGCCTCAGTACCCA-1,6005,20311,0.1130478150003093,0.2427369306030221,0.3347149337217764,False,True,interface,0.07271824062689056
ATAGCTGCTCTTGTTA-1,5609,20763,1.124778394603462,-0.5786251783914007,-0.1219160115614079,True,False,tumor_core,0.048004786202816375
ATAGGCGGCTATAGAA-1,10935,18174,-0.6100896584840099,0.3327165043217838,0.7979284514147577,False,True,interface,0.05642590749236059
ATAGGCTAGCTTCGCA-1,7410,10918,0.494813143297435,-0.2796996289133026,-1.203658925650956,True,False,interface,0.022334451894157434
ATAGGGATATCCTTGA-1,6614,13860,-1.0266423976349968,0.1730326505763768,0.0875506821673507,False,False,other,0.08191708977265881
ATAGGTTGGGCAGATG-1,7990,14656,0.4970778480583199,-0.5786251783914007,-1.0482914530664302,True,False,tumor_core,0.005462224640047628
ATAGTGAAGCGTTCTC-1,10549,15456,-0.6657898885211172,-0.382839680963416,0.0788400170351053,False,False,other,0.017995389579218177
ATAGTTCCACCCACTC-1,9972,10359,0.1008322304696653,-0.2838825017444708,-1.1409679436705455,False,False,other,0.014998604606222106
ATATAAAGCGCTCGTG-1,13901,14220,-0.55845236970222,-0.160956583301907,0.7138174381011965,False,False,interface,0.18958496647489945
ATATAAATGTAGCTGC-1,13115,13538,0.4818537149650819,-0.3315713871011935,0.2969907620073945,True,False,tumor_core,0.017086670310419137
ATATAACACGGGCGCA-1,15486,11281,-0.0804928517622689,0.919709709654936,1.3180275927515026,False,True,immune_core,0.09232165535648601
ATATACATGTATGGTA-1,12107,21800,-0.5136019296014189,-0.1043009750803079,-0.3047645583220342,False,False,other,0.05489332569943578
ATATACGCTCGTGACG-1,14702,9693,0.7842538285880843,0.2919905048223652,-0.0096266611533891,True,True,interface,0.016645934800529866
ATATCAACCTACAGAG-1,9776,10019,-0.9555253334608638,-0.1871970285029467,-0.1632598278712483,False,False,other,0.044517653383235926
ATATCGGTAGGGAGAT-1,9975,9454,-0.6561420349308769,0.3653329558845208,-0.625254251490868,False,True,immune_core,0.015526051697878213
ATATCGTTCCTCGAAC-1,13909,11503,-0.5037964984101816,0.0888066925236798,0.4904827948118194,False,False,interface,0.03752193873421291
ATATCTCCCTCGTTAA-1,6225,12047,-0.5970377033034914,0.1899032846857814,0.1547467575148293,False,True,immune_core,0.031081187921844375
ATATCTTAGGGCCTTC-1,9368,14999,0.9645911562341296,-0.3720652989762003,-0.0496025197462011,True,False,interface,0.012069528453619097
ATATGTCTCCCTAGCC-1,9380,10924,-0.3805806485678869,-0.5786251783914007,-0.9638584404171452,False,False,other,0.006273765328840198
ATATTCAGTTAAACCT-1,11135,17382,-0.783342790523662,-0.5786251783914007,1.025090526340564,False,False,other,0.03139691114892438
ATATTCCACATAGTGA-1,12525,13197,-0.4736973143668067,-0.4550982827462971,0.2844684771005966,False,False,other,0.0021140525698566765
ATATTCCCACAGGTCA-1,4640,15213,-0.7598257032496412,-0.4074093973895744,-0.4969727813371887,False,False,other,0.012200439052438006
ATATTGCTGTCAAAGT-1,6010,18273,0.5187938932978101,-0.3321723643037333,0.5746109546887982,True,False,tumor_core,0.0025795726102989655
ATATTGGAGAGGCCTT-1,14115,8220,-0.0169453099507529,-0.3734125307819002,-0.4935595892743443,False,False,interface,0.09016725929094088
ATATTTAACCCTCAAG-1,8579,15677,-0.6904278795908209,-0.0446756359496238,-0.3453392048311635,False,False,other,0.012076293849708278
ATCAAACACTGTTCCA-1,11747,9798,0.428433122859342,-0.1776270333539154,-0.1460982996335071,False,False,interface,0.01605092196358701
ATCAAACGAAGGTTTG-1,12117,18177,-1.051731247694237,0.0144420705310875,-0.1501152031323459,False,False,other,0.19790931115491106
ATCAATCTGGGCTGCA-1,8976,14545,0.4920292769965657,-0.5786251783914007,-0.9871614351015012,True,False,tumor_core,0.008372269783393954
ATCACATTAGAATATC-1,6420,12614,-0.0302296050887238,-0.2086454686586297,-0.0960351388742124,False,False,interface,0.002998428804456462
ATCACGTGCTAATTAA-1,11527,17836,-1.348366143141215,1.5232898599261846,0.5839029485708963,False,True,immune_core,0.5480744950520617
ATCACTTCATCCTCGC-1,6612,14312,-0.535487835279226,-0.0786698541349702,-0.3328720053677764,False,False,other,0.022107560084910726
ATCAGACGGCACGCCG-1,11135,17156,-0.8165998136984322,-0.1557068926782272,-0.9497605918644896,False,False,other,0.00687456239909072
ATCAGCCTCATGCTGC-1,13711,12068,-0.567414197843814,-0.4550982827462971,0.0363455095353222,False,False,other,0.09298988193883768
ATCAGCTCGTCCACTA-1,12112,20215,0.2168245879358779,0.1904417015666219,0.8065732375846512,False,True,interface,0.4944148176438355
ATCAGGTAGCTGACAG-1,8996,7526,-0.1403928640605424,1.064230491762684,0.1146732392692816,False,True,interface,0.008207307007253905
ATCAGTAGGCAGGGAT-1,7013,12049,0.6737460302260815,-0.5786251783914007,-0.0262217115536438,True,False,interface,0.11833299421593635
ATCATAGCCCTATGTA-1,14702,9920,0.4253656789341717,0.13884540271793,-0.5197139590187138,False,False,interface,0.006220649934395187
ATCATCCAATATTTGT-1,10156,15228,0.5897552994349518,-0.4550982827462971,-0.7543736299072918,True,False,tumor_core,0.009095385679610234
ATCATGGACTACCGAC-1,11162,7646,0.0660899435396962,-0.1561727332681989,-0.221187242554683,False,False,other,0.005667636516821363
ATCCAACGCAGTCATA-1,7391,17711,0.4160541176067031,-0.1776270333539154,0.2768421328111325,False,False,interface,0.04449191878197977
ATCCAATGGAGGGTCC-1,10933,18853,0.3417292803246091,1.22289103698312,0.2168473619654793,False,True,immune_core,0.5688790514060185
ATCCAATGGTACCGAA-1,9548,21227,0.7165889588963782,0.7112801459055395,0.0400101623393777,True,True,interface,0.39681520688923194
ATCCACATCGACAGAA-1,14691,13769,-0.2303042735834867,-0.382839680963416,-0.0810250370808506,False,False,other,0.021282873289487334
ATCCAGAGCAACAACC-1,12320,16027,0.3524047720834603,0.2355356242516497,-0.6174520793941307,False,True,interface,0.08293423954515435
ATCCAGGATTCGTGAA-1,10349,16700,-0.2007251846901037,-0.5786251783914007,0.5482024010621516,False,False,other,0.0388067539279979
ATCCTACCTAAGCTCT-1,11137,16476,-1.074108232103837,-0.2485384033310967,0.0445733233868609,False,False,other,0.05655144038846075
ATCCTGAATCGCTGCG-1,9948,18964,0.6194879320243035,0.0763844225617773,0.2774977355865177,True,False,interface,0.013179165118484402
ATCCTGCGTGGAATGG-1,11334,16590,-0.3874713538912342,-0.060200794681613,0.919518678884942,False,False,other,0.006072391200229503
ATCCTTCTGAAAGAAC-1,11950,7648,-0.3575710154664467,-0.2320107435565798,-0.6174520793941307,False,False,other,0.00594737498938405
ATCGACCCAATACAGA-1,10945,14777,-0.9535391724248692,0.0497861689444616,0.6191741750738736,False,False,other,0.019034153574320985
ATCGACTCTTTCCGTT-1,7005,14993,-0.9776826355903396,-0.4550982827462971,0.0787091003840703,False,False,other,0.001319489944609071
ATCGCACGCCGGGAGA-1,7397,15447,-0.3518796977969331,-0.160956583301907,-0.2527553122232546,False,False,other,0.019300813299263538
ATCGCCAGTCAACATT-1,11352,10024,0.5628122053002726,0.0227792640002395,-0.0363589491187979,True,False,tumor_core,0.058897340769811866
ATCGCTTTACGTCTCA-1,9389,7754,0.2619515359576421,0.8162442933243823,-0.5252933050332433,False,True,interface,0.04969848862311017
ATCGGAGACAGACGGC-1,12722,13311,-0.6890671545744492,-0.5786251783914007,0.2253550444453569,False,False,other,0.0015910922027914205
ATCGGCAAGCAGTCCA-1,6425,11029,-0.2079563125965762,-0.382839680963416,-0.0072976527282571,False,False,other,0.00556580397782476
ATCGGTTACCTAGTAA-1,9154,20999,-0.9050669734215504,0.1166088824761337,-0.2697688693135159,False,False,interface,0.15072558000720776
ATCGTATTCCGAGAAC-1,8168,21562,-0.1117733768762272,-0.4550982827462971,-0.3058680056541682,False,False,interface,0.10177582818998694
ATCGTTAGCTAGCGGA-1,13911,10823,-0.2232726259449793,-0.382839680963416,-0.5173935944650959,False,False,other,0.006594967833508194
ATCTAATATCCTACGG-1,13310,14331,0.0026378750507855,-0.1467031166279399,0.673784889269521,False,False,interface,0.029081578708600245
ATCTAGCTTGTGAGGG-1,15673,14564,-0.2437304144879697,-0.4550982827462971,-0.5408901211728726,False,False,interface,0.00969394298227535
ATCTCCCACGGAATAT-1,14308,9692,1.51263420824324,-0.1353200490832371,0.0822474597655208,True,False,interface,0.039972017005481225
ATCTCCCTGCAATCTA-1,5629,13744,0.1195723153562688,0.38251016675341,0.5247593403546273,False,True,other,0.06680975488128178
ATCTCGTGAGCGAAAC-1,11947,8780,-0.3676428100319712,-0.0840517552210146,-0.0168239819686965,False,False,other,0.001377160026653939
ATCTGACATGGAAGGA-1,14878,17279,-1.348366143141215,-0.1885442603086465,-0.3695405140850941,False,False,other,0.020100521337130445
ATCTGATAGTGTCTTA-1,5610,20536,0.7728007912356089,-0.5786251783914007,0.6885765408255075,True,False,interface,0.15252397378055835
ATCTGCACCTCTGCGA-1,8199,10468,0.9504438460585962,-0.2838825017444708,0.5423699365338114,True,False,tumor_core,0.002661341619254087
ATCTGGGCTGTTCTTG-1,14493,14108,-0.0768087481760379,-0.0469730694223695,0.1381654375370835,False,False,other,0.01780571657328835
ATCTGGTTAAGACTGT-1,7600,13296,-1.0089484028402402,0.1677829599526971,-0.1590981320272884,False,False,other,0.025096688493626087
ATCTGTAATTGTACCC-1,5427,15441,-1.0753613601968304,2.6320803887803876,1.1614788599789327,False,True,interface,1.592910904044824
ATCTTATCGCACACCC-1,15095,10147,0.3299425278364928,0.8396920853560834,0.0484302879352653,False,True,interface,0.024490079692230757
ATCTTGACCTGCAACG-1,7590,16919,-0.5009570418218653,0.7206768601895301,0.4525163516912365,False,True,immune_core,0.038470270045787215
ATCTTGACTTGTCCAA-1,8398,9676,0.5174098495909217,-0.4550982827462971,-0.959881377202174,True,False,tumor_core,0.002127037461906451
ATGAAGCCAAGGAGCC-1,6803,16690,-0.1818693641888066,0.0860972079883001,0.5323809007835152,False,False,other,0.014392453774162178
ATGAAGTGGACCCAGC-1,8365,21450,-0.339832359119231,-0.3734125307819002,0.1339959181300612,False,False,interface,0.30437654121687674
ATGACGCCGGCTCTAA-1,5625,15329,-1.1482178218484431,0.7333006650899998,1.2594441979856763,False,True,immune_core,0.2410641170163632
ATGACGCGTTCTATCC-1,12707,18519,0.0492972223834222,0.918676530429012,1.5127706872065845,False,True,immune_core,0.09796085599803533
ATGACTATCAGCTGTG-1,14878,17053,-0.8135297556107702,-0.0851185730135261,-0.66805319989444,False,False,other,0.007348723579896351
ATGACTATGCGACATT-1,11938,11950,0.0735440403586422,-0.1871970285029467,0.6563204677282413,False,False,interface,0.011346357710984504
ATGAGGAGTGTTAATC-1,7390,17937,-0.7298282362865136,-0.0034328210491291,0.2994141942835898,False,False,interface,0.04481371634703366
ATGAGGGCAGCGGCTA-1,10766,8324,-0.1879486839934592,-0.5786251783914007,-0.4890557567304437,False,False,other,0.02373322347500618
ATGATCGGGAATAGAC-1,5623,15781,-1.348366143141215,0.4380211292011707,1.2335712220354498,False,True,immune_core,0.16177716794239236
ATGATGCAATGGTACA-1,11138,16250,-0.6569042769778911,-0.4550982827462971,-0.5800845764455065,False,False,other,0.007891428982283346
ATGCACCTTCCTTAAT-1,6396,21218,-0.2298355814620397,-0.3006248893891332,1.1977604498831518,False,False,interface,0.029687545912199288
ATGCACTACCGCATTG-1,7787,16806,-0.3079920560307285,-0.2485384033310967,0.0362762861705439,False,False,other,0.01258416832471841
ATGCATGATCCAGGAT-1,7400,14541,-0.570696281091868,-0.3311055465112218,-0.0616374009180167,False,False,other,0.007056148108615468
ATGCCATTTGCGACCA-1,10954,11608,-0.1101840846836604,1.7487903024445968,-0.2730215783891309,False,True,interface,0.6758831103771613
ATGCCGGTCTTGCATA-1,8585,13412,-0.7581205251953991,-0.5786251783914007,0.1889701021530561,False,False,other,0.009754043775715529
ATGCCGGTTGATGGGA-1,6224,12500,-0.2304145914285079,-0.4550982827462971,-0.0848521671647154,False,False,other,0.015097021726327866
ATGCGACAGTCCCATT-1,9372,13867,1.0405827643633212,0.1212985161241827,0.6113828931109527,True,False,tumor_core,0.07417305181592883
ATGCGAGTCCCACCAC-1,11943,10139,-0.1029447412933303,-0.1770979937440296,0.5078923189810942,False,False,other,0.011562920047142164
ATGCTCAGTGTTGCAT-1,6600,18614,1.1123708792259115,-0.1837276903267166,0.9028449852788129,True,False,tumor_core,0.012068429161164919
ATGCTCTGGCGCGGTA-1,14298,13315,-0.0973788062538061,-0.0948313584400489,-0.3976258625700112,False,False,other,0.010125377420191076
ATGCTTAGGAGTTGAT-1,13522,9237,0.2764028054509179,0.1312971723743275,-0.1244301993906426,False,False,other,0.015951947243372424
ATGGAACCTTTGCACA-1,9978,8322,-0.723317234334481,0.3304176738445424,0.0216238095058003,False,True,immune_core,0.009787934085007449
ATGGAGCAGGCCGTGA-1,9567,14434,0.5731225592115383,-0.1966666451432057,-0.0441245866745428,True,False,tumor_core,0.0026295642824772105
ATGGATCCGGCGTCCG-1,6222,12953,-0.0530621885179881,-0.2796996289133026,-0.863930569584234,False,False,other,0.011257993457947339
ATGGATTGACCAAACG-1,7792,14995,-0.0943299626587911,-0.4550982827462971,0.0916866583208171,False,False,other,0.006873244381991012
ATGGCAGCCGAGAAAC-1,8958,20885,0.2125034543769536,0.0476900341132739,0.3387477136923377,False,False,interface,0.005858621667692615
ATGGCGGAATAGTCGC-1,9192,7866,-0.5174080913751017,1.4423005338368489,-0.2521533223025463,False,True,immune_core,0.018069351404312376
ATGGGACCTGCTGAAC-1,14481,18410,-0.4765659963574465,0.230471566586547,-0.9284038795592384,False,True,immune_core,0.3755152360946854
ATGGGCCTCGGCCTCT-1,11348,11609,-0.7280213411520241,0.5229052920291313,0.5825466387623887,False,True,interface,0.06809773529673573
ATGGTCGCGTGGTTTC-1,11346,12288,-0.1770041456503259,-0.2116238999615896,-0.2033445148244169,False,False,other,0.0025748244025811796
ATGTAAGGCTGCTCTT-1,8794,9224,0.3951546130787428,-0.5786251783914007,-1.077319006265432,False,False,other,0.013830691216924838
ATGTACATGCGGTGAG-1,15097,9242,0.7659171832217609,0.0077787875627394,-0.5049844520569211,True,False,interface,0.014095738872226012
ATGTACGATGACGTCG-1,15476,14677,-0.3419468178097671,-0.3720652989762003,-0.2926851033040766,False,False,interface,0.005466755108034203
ATGTCATTTCCCATTG-1,6001,21443,-0.877930984685607,-0.4550982827462971,-0.1870800597498899,False,False,interface,0.24220235239327426
ATGTGAAAGCCTAATG-1,11523,19421,0.5955861106440443,0.0781751008139557,1.073476927238881,True,False,interface,0.21437323054215773
ATGTGCATCCGACGCA-1,7003,15446,-0.8514036604999601,-0.5786251783914007,-0.3406460866026831,False,False,other,0.007967440516373924
ATGTGGACATCTTGAT-1,11735,13874,0.3818430623100229,-0.3315713871011935,0.3539590540350485,False,False,other,0.007448772502726987
ATGTTACGAGCAATAC-1,5418,18611,0.6231785899564163,-0.4550982827462971,-0.6282317515282444,True,False,interface,0.026386103898035425
ATGTTCCTGCCCACCT-1,5609,20989,0.1641468796513377,0.0914845223476767,-0.1139255618622726,False,False,other,0.1133767865702956
ATGTTCGTCGACCCAC-1,9156,20320,0.5843530995081773,0.6719211570402959,0.0990203802405949,True,True,interface,0.089425121162709
ATGTTGATTAGAGACT-1,15879,11508,0.3891489921009731,2.4768380162229646,0.8183371921050295,False,True,interface,0.1007377021797193
ATGTTGTAGTCTGTTT-1,15274,16601,-0.4801663859075881,-0.2320107435565798,-0.7042355481160333,False,False,other,0.004117029265555541
ATGTTTCGGCCCGGAG-1,8995,7753,-0.6243982113568316,1.5446716626519106,0.0391571387619599,False,True,immune_core,0.011062436991661498
ATTAAACATGCGGACC-1,10944,15230,-0.7327592282756681,-0.4550982827462971,0.2798986859331158,False,False,other,0.03348351228025822
ATTAATACTACGCGGG-1,6809,14426,-0.7961540928160263,-0.382839680963416,0.1357961586394689,False,False,other,0.0021263078534253257
ATTAATGAACCAGTCG-1,7010,12955,-0.3819409719239731,-0.4032265245584062,-0.0781006717175073,False,False,other,0.017418678705952644
ATTAATTCGGTCACTC-1,5233,14422,-0.8026231643568079,-0.1467031166279399,1.0883214770902592,False,False,other,0.012556777749126077
ATTACATGTCAGTCTT-1,12338,9687,-0.6144653313696656,-0.0731397494981021,-0.583784141629666,False,False,other,0.022204651127468434
ATTACCACACTGCCTG-1,11948,8554,-0.2046891270833176,-0.0948313584400489,0.3780503647285816,False,False,other,0.00567373746290585
ATTACGCGCTGGCAGG-1,10343,18512,-0.0703921321429147,-0.4074093973895744,-0.116039008384535,False,False,other,0.0747701539117026
ATTACTAGCCTCTTGC-1,6014,16915,-1.0753613601968304,-0.5786251783914007,0.8722839469446423,False,False,other,0.02752206224602607
ATTACTTACTGGGCAT-1,6820,10577,-1.0206851627244604,-0.4074093973895744,-0.3581508600701469,False,False,other,0.06438181364114265
ATTAGATTCCTCAGCA-1,7413,10013,0.3761224153525559,-0.4550982827462971,-0.7140619964363939,False,False,other,0.005366502153032953
ATTAGATTGATAGCGG-1,6213,16349,-0.5302706098213456,-0.5786251783914007,0.3483958184360181,False,False,other,0.006691550685448762
ATTAGGCGATGCTTTC-1,9766,13868,0.218876784100069,-0.3720652989762003,-0.6702844859996412,False,False,interface,0.001907429291386125
ATTATACTTTGCTCGT-1,6025,13065,-0.0942346020582111,-0.1966666451432057,-0.7042355481160333,False,False,interface,0.0009572488248812079
ATTATAGCTACTTTAC-1,8992,8885,0.6042071774241721,-0.5786251783914007,-0.8163415561349655,True,False,interface,0.10755608679531625
ATTATGCCATAGGGAG-1,6608,15897,-0.8804289823518466,-0.5786251783914007,0.283083061553402,False,False,other,0.002190745313663123
ATTATTATGTCCGTCA-1,14088,17730,-0.3221197278474625,0.7794501698120725,-0.1300921528816201,False,True,immune_core,0.04587057046476825
ATTATTCAGAGTCACT-1,15684,10942,0.5277035183836875,-0.3321723643037333,-0.4645666675843,True,False,interface,0.8495100372350074
ATTCAACCATTTAAGG-1,13912,10597,-0.0051535713878619,-0.382839680963416,-0.4847904086672026,False,False,other,0.008950063463511003
ATTCACTGATGTTGGA-1,13507,14219,0.0192304005850285,-0.0948313584400489,0.1132488428893741,False,False,interface,0.011036432460872778
ATTCAGGACCTATTTC-1,6425,10802,-0.4774261958849215,-0.4074093973895744,-0.6004720492850264,False,False,other,0.005282047134748491
ATTCAGTAGCAGGGTC-1,7781,19071,0.8784597604376155,-0.3311055465112218,0.0729422034792207,True,False,tumor_core,0.010107979982039886
ATTCATATACTGTCCA-1,11535,15119,0.516004119661811,-0.4550982827462971,-0.6881801331432446,True,False,other,0.5592858040856942
ATTCATCGTTGAGGCA-1,14499,11844,-0.4667367480833743,1.40129424441911,-0.5965746294778306,False,True,immune_core,0.020382577979371996
ATTCCCACATAAACAA-1,7584,19183,0.8707714918161551,-0.3734125307819002,1.1073372863523825,True,False,tumor_core,0.0038006829988660317
ATTCCTCCGCCAGTGC-1,6997,17483,-0.77084404644403,1.355256779914615,-0.3373056514395628,False,True,immune_core,0.24510582231906594
ATTCGACGCCGGGCCT-1,9554,18962,-0.2326748679132024,-0.1880067098652452,0.1762086570998018,False,False,other,0.002864496879773438
ATTCGCGCCTTGAGAG-1,15293,9808,0.6382698454875694,0.1881698843121346,-0.2131318533712242,True,True,interface,0.011040037867230306
ATTCGTGCTATCTCTT-1,10763,9456,-0.6760759191830373,-0.3321723643037333,-0.20962977027082,False,False,other,0.009990859003564766
ATTCTCGTCTCTTTAG-1,4637,16118,1.482602333917322,0.301911976173614,0.5329454240741599,True,True,interface,0.4163503880148874
ATTGAAGATCTTAGTG-1,8577,16356,-0.4772691742245346,-0.3734125307819002,0.9269068309402952,False,False,other,0.013939023898134813
ATTGATAGCAACGAGA-1,4825,19402,0.1234264976061377,-0.1837276903267166,0.2277035095491795,False,False,interface,0.006828963287397435
ATTGATCACCACATTT-1,12700,21009,0.1195586021567867,1.131361872028494,-0.0251519093972086,False,True,interface,0.09353234201495442
ATTGATGAGTCCTAAC-1,8987,10696,0.243885025084673,-0.5786251783914007,-0.2242416879959276,False,False,other,0.010246516346874101
ATTGCCTTTATGTTTG-1,15088,12412,-0.9525328078903909,0.2527641527310336,0.0100789797854991,False,True,other,0.015131687859527313
ATTGCGATCAGTAACT-1,12532,10706,-1.005975480439835,-0.5786251783914007,-0.2445551525289248,False,False,other,0.04897575464916576
ATTGCTGCTCCTCCAT-1,9363,17037,-0.3430742709748305,-0.4550982827462971,-0.4664372712848136,False,False,interface,0.13417433689376734
ATTGGATTACAGCGTA-1,13124,10368,-0.0978449644746412,-0.2498856351367965,0.3396515489921752,False,False,other,0.012022464741742962
ATTGGGAATATCTTGG-1,4835,16006,0.424180176614602,1.488864209242747,0.7877562369840118,False,True,interface,0.3896342060161552
ATTGGTAGGATCCGCT-1,7380,21560,0.0289032774409276,-0.5786251783914007,-0.5087201738172269,False,False,other,0.04211560245986052
ATTGTACAACTCGGCT-1,9382,10245,-0.3342337820316992,-0.4550982827462971,-1.0569315334259122,False,False,other,0.03830614585232984
ATTGTTCAACGATCCG-1,12934,7990,0.5843189812722213,-0.2796996289133026,-1.0146280242850216,True,False,tumor_core,0.015385402243674068
ATTTAACTCGTATTAC-1,5229,16007,1.1393654813614256,0.1278900252802301,0.8105288594993725,True,False,interface,0.07736284194158871
ATTTACAGTTTACTGG-1,8376,17601,0.524147458954065,0.2994852462850514,0.6769221707125841,True,True,interface,0.10708286142076089
ATTTACTAAGTCCATT-1,8596,9337,0.8588059918813215,-0.2702300122730435,-1.0674604308905318,True,False,tumor_core,0.015083849685090231
ATTTCATTATTTCGCG-1,5237,13063,-0.9729785287727966,-0.5786251783914007,-0.3770070084356276,False,False,other,0.005048298983427942
ATTTCCGGGTTCTGCG-1,13300,17954,0.1164940021469913,0.8464626083717931,0.0445733233868609,False,True,interface,0.07853336697552392
ATTTGCGCGAGTAGCT-1,12905,18406,-0.4518720270254608,0.0192259205647956,-0.3203641493067725,False,False,interface,0.012371796032525672
ATTTGTCTTGGGAGCT-1,10361,12398,0.7054141649348352,-0.4550982827462971,-1.077319006265432,True,False,tumor_core,0.011679008526669525
ATTTGTTCCAGGGCTC-1,6220,13858,-0.4398711789363539,1.5025999387600213,0.7107767474076289,False,True,immune_core,0.3738194604308376
CAAACCAGGTCTGCAT-1,9546,21906,0.8928661610419836,0.7592842184056273,0.4307639002200926,True,True,interface,1.303227443491481
CAAACGAGTATCGCAG-1,11728,16591,-1.1462316608124483,-0.4550982827462971,-0.6146726203632309,False,False,other,0.15518170816127164
CAAACGGTCGCACTTT-1,8377,17374,-0.4886005012816649,0.2823485460062565,0.2450069268042906,False,True,interface,0.0799694337378067
CAAACTCGCGACGCCG-1,11354,9344,-0.7191663386178242,0.0214849572827839,0.1823732269955096,False,False,other,0.011001542923619904
CAAAGATTATTGGGCC-1,13495,18521,-0.2204337990302526,0.6112257129965577,0.2964686646112707,False,True,immune_core,0.06204931020732437
CAAAGGTCATCTGAAA-1,11555,7873,0.0001625297110131,-0.126358739491693,-0.3786686735066996,False,False,other,0.0009003294411502692
CAAATCTCTCACAAGG-1,11129,19193,0.3962780325762676,2.132540803518447,0.5793135023636696,False,True,immune_core,0.4966518442421169
CAAATGTCCTTCCGTG-1,11336,15911,1.1396414759870626,-0.5786251783914007,-0.5243468593308241,True,False,tumor_core,0.06253655129992687
CAAATTGTCAGCAAGC-1,5037,14308,-0.2719780889216391,-0.060200794681613,0.7669013268212617,False,False,interface,0.016379335329116795
CAACACATCTCCTGCC-1,8796,8318,0.810075589449588,-0.2116238999615896,-0.0103734254554637,True,False,interface,0.1299482643602782
CAACCAGTGGCCTACC-1,14507,8900,1.073817281492159,0.0390117869572459,0.3246777559690113,True,False,interface,0.01182012107134074
CAACCTACCGAGCAGT-1,14504,10259,0.9618074485511906,-0.2498856351367965,0.4368910195540814,True,False,tumor_core,0.003246402899038018
CAACGACCCGTTTACA-1,6410,16236,-0.8122766275177771,0.0484389371387618,0.5317346611853234,False,False,other,0.009987811645208745
CAACGGTTCTTGATAC-1,6012,17594,1.2676069989418324,-0.3311055465112218,0.9142025090501767,True,False,interface,0.09443944375992723
CAACGTGGTGGAGTCT-1,13325,9124,0.2718017122114459,-0.4032265245584062,-0.4291121067263935,False,False,other,0.00729947657112123
CAACTATATCGAATGC-1,5434,12950,-0.5492762930020557,-0.5786251783914007,-0.3900882128970814,False,False,other,0.0059408051176322195
CAACTCCTTGATCCCG-1,6015,16688,0.4021892112378883,-0.2856159021181176,0.5794508172321298,False,False,other,0.01841917817871311
CAACTGCTCATCCGAT-1,14094,15692,0.4912626326994363,-0.4550982827462971,-0.5697845486552835,True,False,interface,0.04544441228074775
CAAGACTCAGAAGCGC-1,8404,7638,0.0532512977361717,0.1200940745959744,0.4638803870088373,False,False,interface,0.036474298046937345
CAAGAGGGCGGAGTAC-1,11539,13534,-0.0723035648985869,-0.1871970285029467,-0.925788152284956,False,False,other,0.006251365558481221
CAAGATATTATAACGT-1,11347,11835,-0.9006083365056702,-0.2593127853183124,0.62191758754689,False,False,other,0.06946756476063681
CAAGCAACGTCGGAGT-1,8770,17602,-0.2504075761795444,-0.4074093973895744,1.5097854935939048,False,False,other,0.01657259046963805
CAAGCACCAAATGCCT-1,6021,14424,-0.9590018794311724,0.0281146538654709,0.2793503134129139,False,False,interface,0.04257880273607282
CAAGCGGCACATAATT-1,13115,13765,-0.035428622609949,-0.5786251783914007,0.0371423389975409,False,False,other,0.008762469386691582
CAAGGATCGCATGTTC-1,10356,14210,0.7970237926564158,-0.4074093973895744,-0.3112068594946362,True,False,tumor_core,0.02738933905275684
CAAGGCCAGTGGTGCA-1,15488,10601,0.304594307483658,-0.1762798015482156,-0.4673907177264606,False,False,interface,0.010682567781110807
CAAGGTCCTATAGGCT-1,9187,9451,0.8470466977508071,-0.5786251783914007,-1.3108298672123784,True,False,interface,0.029123832518758067
CAAGTGTGGTTGCAAA-1,10364,11266,0.4391621450204704,-0.3006248893891332,-1.0569315334259122,False,False,other,0.011038888234141564
CAATAAACCTTGGCCC-1,7600,13523,-0.6681292002318658,-0.1837276903267166,0.4962767730514367,False,False,other,0.0013301743419741688
CAATACGAGAGTCTGA-1,11160,8325,-0.4907318118686498,-0.5786251783914007,-0.6449520088660383,False,False,other,0.03867152509351757
CAATACGCTCTGAGGC-1,10337,20776,0.4369412829391488,-0.4550982827462971,-0.2473794615704958,False,False,interface,0.11572353033920091
CAATATTCTTGACCTA-1,13104,17388,-0.2603030901093234,0.4785468514600768,0.5046899824153718,False,True,immune_core,0.0184981275551644
CAATCCTGCCGTGGAG-1,5220,19177,-0.5525072024522685,0.7199980528856781,0.6624303874395798,False,True,other,0.1372125694938328
CAATGAGGTTCGACTA-1,8205,8430,0.2652894035367709,-0.5786251783914007,-0.6872555180069287,False,False,other,0.006291535874810794
CAATGCGAGAAGTATC-1,13118,12633,-0.3543711699055319,-0.382839680963416,0.0128418367912222,False,False,other,0.0004664960930169336
CAATGGATCTCTACCA-1,7997,12165,0.0279398228000073,-0.2796996289133026,-0.8404340428764575,False,False,other,0.005161229039970304
CAATGTGCCAACCCTT-1,9780,8887,-0.6157184594626587,0.641107170484801,0.0596541502907916,False,True,immune_core,0.005592039523419031
CAATTAAGGGTGATGA-1,8188,14543,0.3583939590417291,-0.5786251783914007,-0.8917054854664862,False,False,other,0.00327378494493338
CAATTTCGTATAAGGG-1,9763,14774,0.4104730933640191,-0.0663672448915705,-0.0016047569704279,False,False,interface,0.019276637621897536
CACAATGAGCTGCTAT-1,10744,16249,-0.3937865260539867,-0.1655054195609999,0.5697073882259467,False,False,other,0.00918016061556441
CACACACGCTAACGAG-1,13322,10256,0.5107144440812248,-0.2320107435565798,-0.9602894893291094,True,False,tumor_core,0.004044462434393871
CACACAGCTTGCGCTC-1,11750,8893,-0.3548449630776066,-0.382839680963416,-0.5377810673046158,False,False,other,0.0026474448532550453
CACACAGGGATAGATT-1,7388,18843,1.09245325670384,-0.2116238999615896,-0.3657266776706834,True,False,interface,0.03837328048183474
CACACGCGCTGTCTTA-1,8983,11828,-0.1823135372547818,-0.5786251783914007,-0.9942405514455016,False,False,other,0.000374284509510808
CACAGCACCCACGGCA-1,8580,15224,-0.8891379433500324,-0.382839680963416,-0.0867364687751885,False,False,other,0.012624528468855437
CACAGCTAGGGAGTGA-1,6413,15104,-0.8814157437162576,-0.4074093973895744,0.7521415937078774,False,False,other,0.0026061830908780236
CACAGGGCCATATAGT-1,13714,10936,-0.2269695282275511,-0.2075786508661182,-0.4141174468592261,False,False,other,0.02080814940756176
CACAGGGCCGTTGTCA-1,14687,15128,-0.1979918988905574,-0.2075786508661182,-0.1612102522622454,False,False,other,0.0018232906588343907
CACAGTCCCGCTTCGC-1,14309,9240,0.8352545314036118,1.2570241473641772,0.4823060402109796,True,True,interface,0.07751022690768485
CACAGTTCGCTTCCCA-1,13128,9010,0.5152108831894058,-0.1318559321388256,-0.8608215157159774,True,False,tumor_core,0.0019115564009972487
CACATATTAGCAGGAT-1,11736,13648,0.0681650385992928,-0.4550982827462971,0.4181334049726245,False,False,interface,0.00881617230120397
CACATCGTGCACGCGC-1,14286,17617,-0.5053941881155569,1.2877822505502423,0.5001670524731548,False,True,immune_core,0.033189183095697246
CACATCTCACCGACGA-1,13707,13427,-0.9478287010728478,-0.3321723643037333,-0.2331405234052409,False,False,other,0.056659323170348434
CACATGATTCAGCAAC-1,9960,14661,0.5348916781594089,-0.5786251783914007,0.1378008304671284,True,False,tumor_core,0.015446119021878785
CACATTCTTTCGATGG-1,6029,11707,-0.4759281538308753,-0.1776270333539154,0.0853691875077194,False,False,other,0.0009035922205063249
CACATTTCTTGTCAGA-1,11156,9683,-0.6950243894849857,-0.4032265245584062,-0.3818848151690214,False,False,other,0.014430072687894752
CACCACGCCACACAGA-1,10336,21003,0.5069654455703035,-0.3072545859718202,-0.2587861267981711,True,False,interface,0.03464708545507078
CACCATCGGAGGAGAC-1,4641,14986,-0.4637690055817284,-0.2074410271304214,-0.1218814064821194,False,False,other,0.002130767867795955
CACCCAAATCTTATGT-1,9382,10018,-0.6022255692093579,-0.2838825017444708,-1.0949603603624392,False,False,interface,0.07306604114050443
CACCCACACGTCACCC-1,5817,17027,-0.535487835279226,-0.1318559321388256,0.4743499951311875,False,False,other,0.008745541153121912
CACCCACGAGGCAATT-1,6422,12161,-0.1993513257264048,-0.382839680963416,0.7162602164754199,False,False,other,0.007356471874686146
CACCCGGTTTGTGACT-1,12907,17500,-0.1699614119176873,-0.2838825017444708,-0.1624765343856803,False,False,interface,0.022500385969567643
CACCCTAACAAGATCT-1,13511,12860,-0.2935808531836231,-0.3311055465112218,-0.2862364383601547,False,False,other,0.003003852244731395
CACCCTTGGTGAGACC-1,12309,20102,0.1595637747837215,0.8507004865978326,-0.0191565848910519,False,True,interface,0.16883478379451777
CACCGCCAGAAGGTTT-1,7792,15221,-0.0290548376873942,-0.2796996289133026,0.6312658508060839,False,False,other,0.004151816585656282
CACCGTATCCCATCCG-1,12731,10141,-0.9717254006798032,-0.1979714104901624,0.5620602371448636,False,False,other,0.375026356813084
CACCGTTAGGGATCAC-1,12907,17727,-0.0486603996325823,-0.3315713871011935,0.4792578294994009,False,False,interface,0.16646298896351006
CACCGTTGCGCGATAT-1,11722,18629,-0.8667040376121895,0.455670347217794,0.5757586253559409,False,True,immune_core,0.068454908943654
CACCTAATAGAGTCGT-1,5811,19065,-0.1307644668427117,-0.0117931534381335,0.7990991348233256,False,False,other,0.015273511219363304
CACCTAATCAGTTTAC-1,6417,13746,-0.6903202826674424,0.2815970701712779,0.7163679770779527,False,True,interface,0.12540714109732115
CACCTCGATGGTGGAC-1,6022,13971,0.0209103928872957,0.8862780891652904,0.439713931891758,False,True,interface,0.28944500307451665
CACCTTGCGAAACTCG-1,7209,12389,-0.075805526628226,-0.2116238999615896,0.2488776344446211,False,False,interface,0.02801488216924755
CACCTTGGCGCCTTTG-1,10958,10249,-0.7053709056993794,0.6495055747693483,0.1153015184496703,False,True,immune_core,0.16147303303483154
CACGAAAGTTAGTCCC-1,8964,18621,1.0001510506899252,-0.0840517552210146,-0.0116808661423999,True,False,tumor_core,0.007021742754703642
CACGCACAGCGCAGCT-1,7205,13748,-0.611342786577003,-0.3315713871011935,-0.3224350642032844,False,False,other,0.001743938576202692
CACGCAGCGAGGCTTT-1,8575,17035,-0.6576648276883255,0.1926065101662485,-0.0894055958528098,False,True,other,0.012535168338297568
CACGCGGAACTGTTGC-1,10759,10814,-0.3627687737782167,-0.1776270333539154,0.6143171746888483,False,False,other,0.00874180394767659
CACGGGATTGAGGGTT-1,8564,20658,0.3739637248471659,-0.5786251783914007,-0.3431181300616267,False,False,interface,0.03339103635179244
CACGTCAATCAATGGA-1,14705,8788,0.8459984471561556,0.3048169063694087,-0.545505530629599,True,True,interface,0.024647715196324815
CACGTCGGCAACCTCT-1,12119,17724,0.504310156916005,-0.1223863154985666,0.2845055911801015,True,False,interface,0.4465544263921905
CACGTTCGTGCTCTAG-1,9769,12736,0.0122804897583695,-0.5786251783914007,-0.7368956853078037,False,False,other,0.003247461600519947
CACGTTTCGTACACAC-1,13318,11614,-0.4868551397284938,0.0400786047497574,0.3549642857073848,False,False,other,0.01595478969779685
CACTAAAGTTGCCTAT-1,9365,16132,1.823086983499976,-0.4032265245584062,0.8497667844560575,True,False,interface,0.1827397474189032
CACTACGGGAGCTGCC-1,14111,9805,0.8940685272211614,-0.2593127853183124,0.7718643942227198,True,False,interface,0.0072493315345825635
CACTCAAGAGCTATGG-1,10155,15455,0.0993004624353306,-0.3720652989762003,-0.4478170281641055,False,False,other,0.0018755121313482283
CACTCCTATGTAAGAT-1,13497,17841,-0.3756254591959848,0.0484814035975049,0.3911569937139374,False,False,other,0.02860907569677716
CACTCGAGCTGAACAA-1,11933,13535,0.1422786315651955,0.6665392559542515,0.9286784917020708,False,True,interface,0.036381015867097126
CACTCGGTTAGGAGGA-1,9353,20434,0.3018207358281602,-0.3321723643037333,-0.7267786283821632,False,False,interface,0.0722334610467279
CACTCTTCTGCTAGCC-1,14109,10484,0.5171579013676136,-0.382839680963416,-0.8339495699435855,True,False,tumor_core,0.022780964785567046
CACTGACGATTGTGGA-1,15275,16148,-0.2784306351676044,-0.4550982827462971,0.2864237877701311,False,False,other,0.02240161736347921
CACTGTCCAAGTGAGA-1,6211,17028,-0.8739599108110652,-0.2796996289133026,1.017125127988162,False,False,other,0.03445131013690082
CACTTAATCAGACGGA-1,9167,16471,1.8443965443025392,-0.5786251783914007,-0.4025026786974513,True,False,interface,0.19329229535783357
CACTTCGCCACAGGCT-1,6601,18388,0.2411309150755037,-0.0779721734236427,1.0591834734399264,False,False,other,0.009433921209629019
CACTTCGTCTTATCTC-1,5217,20309,-0.3438161183781886,-0.5786251783914007,-0.3935703401799572,False,False,other,0.024849329030104107
CAGAACTTAGCCCTCT-1,12922,12292,0.4451615920427515,-0.1256124848885329,-0.2837874854041055,False,False,other,0.033030475742900633
CAGAATAACACACGGA-1,13324,9350,0.1983958886980496,-0.3311055465112218,-0.2902413549727495,False,False,other,0.005371530675280897
CAGAATATTCGTTATC-1,12343,7875,0.1907416073358368,-0.3937569079181471,-0.3068495321046836,False,False,other,0.006200686984375218
CAGACACCGATCGCTG-1,12911,16142,-0.5106627841528192,0.7346097636741458,0.442023821714209,False,True,interface,0.06946882959472127
CAGACCTGTAAGTGTT-1,8593,10695,0.4084553929861772,-0.5786251783914007,-0.8496083825117224,False,False,other,0.007276979423863454
CAGACGAACCTGATAC-1,12320,16253,0.4079449619503493,1.024027878324912,1.21599660287971,False,True,interface,0.1840251983092089
CAGAGACGGTCACCCA-1,12519,15461,0.153077578804948,0.0888066925236798,0.6440166554359097,False,False,interface,0.039757538357634875
CAGAGCATGAGCTTGC-1,7598,13976,-0.5734474512389074,-0.3734125307819002,-0.2090093788677529,False,False,interface,0.04763033119500309
CAGAGGCGATGCATGA-1,13107,16482,1.1571393593700556,0.2196971845993312,-0.3677930187854197,True,True,interface,0.015065993445857346
CAGATAATGGGCGGGT-1,15488,10375,0.2630802436016982,-0.2074410271304214,-0.7292355565264338,False,False,interface,0.039939817443593074
CAGATACTAACATAGT-1,7591,16693,-0.0303924215723771,-0.3734125307819002,0.7467404156543183,False,False,other,0.022286028249799267
CAGATCCTGGTTTGAA-1,13294,19992,-0.4598235034766175,0.7769368418077801,0.4166687035856551,False,True,interface,0.2264927021868327
CAGCAGCCCGTTCCTT-1,7995,13071,-0.7051896892762001,-0.0773226223292704,0.4165882387354818,False,False,other,0.024531692103028288
CAGCAGTCCAGACTAT-1,12336,10593,-0.9717254006798032,-0.2702300122730435,1.1010394453073644,False,False,other,0.060812450849188515
CAGCAGTCTGTGCTGC-1,14691,13543,-0.6017418101210346,-0.1363868668757486,-0.0091973869268106,False,False,other,0.025165365407324128
CAGCCTCCTGCAGAGG-1,7010,13181,-1.0933008248932496,-0.1269597166942327,0.111792175973126,False,False,other,0.05994158718588172
CAGCCTCGATAGCGGT-1,14904,7996,0.3852751235146274,-0.4032265245584062,-0.3831033101844397,False,False,interface,0.012729202028293902
CAGCGATTCCCTTCAA-1,12908,17047,-0.4941430352492122,-0.2075786508661182,-0.3886583955091212,False,False,interface,0.05499760177602894
CAGCGCCAACACGATA-1,9744,21341,1.1540889381070938,0.9027163369100228,-0.330242818471304,True,True,interface,0.7934830445682338
CAGCTCACTGAGACAT-1,8974,15225,0.7704480410356529,-0.5786251783914007,-0.8064829807600653,True,False,tumor_core,0.02387037195142352
CAGCTCGACAAGTTAA-1,7999,11712,0.2038442811556614,-0.382839680963416,-0.3453392048311635,False,False,other,0.002435125043588978
CAGCTCGTGCTTGTGT-1,5226,17139,-0.7720971745370232,-0.3311055465112218,0.0236691156792554,False,False,other,0.019022457356759163
CAGCTGGCGTAACCGT-1,11917,19422,-0.4711270252488053,-0.1762798015482156,0.0444361666260655,False,False,interface,0.3961460636387712
CAGCTTAGTAGGTAGC-1,8767,18734,0.1349696820883011,-0.2320107435565798,0.0805072014612037,False,False,other,0.009461700946161533
CAGGACAGCTGCCCTT-1,9390,7527,1.5096097137105833,1.1829265193926353,0.194648257310141,True,True,interface,0.21316408017845348
CAGGATATATCGTTGT-1,11141,15118,-1.2208334840172324,-0.1126667207426445,-0.0523774234526539,False,False,other,0.2388530979259902
CAGGCCGTTTGGGTGT-1,10151,17040,0.1216307148424103,-0.5786251783914007,-0.8882881048994974,False,False,interface,0.024315007346212534
CAGGCGCACGGTGGTC-1,13495,18747,0.1754851272802695,0.4953843963816928,0.7104579174433209,False,True,immune_core,0.17908131740593206
CAGGCGCCATGCTAGG-1,12130,13649,-0.0555470142550687,0.860150821028361,1.9686233128044432,False,True,interface,0.19594860361340713
CAGTAATCCCTCCCAG-1,6599,19067,0.0904065873719518,-0.4550982827462971,0.18571598358513,False,False,other,0.019940632801790422
CAGTACCAGTTTACGT-1,11916,19875,0.4782869225428593,3.2080377765695065,0.1887347693022476,True,True,interface,1.7012018203715524
CAGTAGCCCACGCGGT-1,7408,11598,0.5217719308546703,0.1459343205214036,-0.781840219090812,True,False,interface,0.056468716540716495
CAGTCGAGGATGCAAT-1,7411,10692,0.9189881992018802,-0.5786251783914007,-0.8172950025766123,True,False,interface,0.05789998179554475
CAGTCGGCCTAGATAT-1,11320,21571,-0.4226086355283905,0.2763527928209303,0.6651730201552022,False,True,interface,0.19550830650457984
CAGTCTGTATACTGGG-1,10749,14437,-0.7376627366524086,-0.0597349540916413,0.8181607413911747,False,False,other,0.009664650339917919
CAGTGAATAAATGACT-1,7406,12503,0.2047491830462604,-0.4550982827462971,-0.5936180742033791,False,False,other,0.0047697325932779585
CAGTGGTTGCACATGA-1,5613,19404,0.5519206602705791,-0.382839680963416,-0.0377002713931945,True,False,tumor_core,0.027019806366155863
CAGTGTCCGCAGAATG-1,5421,17705,-0.4334130231196597,-0.1353200490832371,0.8369659961493967,False,False,other,0.004592230391198133
CAGTGTCGGCTGGCCC-1,12727,11499,0.1159531997878882,-0.5786251783914007,-0.8608215157159774,False,False,other,0.02259028236606625
CAGTTCAAATTGACAC-1,8183,16128,-0.1382676953548733,-0.2498856351367965,0.6223168389761851,False,False,interface,0.00585742119971407
CAGTTCCGCGGGTCGA-1,7584,18957,1.092760174659009,0.0400786047497574,0.0845706606765905,True,False,tumor_core,0.01985334178194783
CATAACGGACAGTCGT-1,9576,11264,-0.3242529896334439,-0.2485384033310967,-1.174631372451954,False,False,other,0.010379432024502247
CATAAGAAGCTTGGCT-1,13903,13767,-0.3800194514916719,-0.120588827916989,-0.6797464589698896,False,False,other,0.019904816410349732
CATAAGCTCTCCGTCT-1,10732,20324,-1.081830431737612,1.130251889171845,1.1097462981820738,False,True,interface,1.0181966954420367
CATACACGGTTCCCAC-1,14488,15693,-0.2618635897645728,-0.4550982827462971,-0.493475850882584,False,False,other,0.019361663314642723
CATACCCGTACCCAGT-1,9753,18397,1.5960446687596792,-0.4550982827462971,0.8898288715986509,True,False,tumor_core,0.03741972205890542
CATACGGCGTCTGGGC-1,10157,14775,-0.5732724155442038,-0.3006248893891332,0.1659012572869105,False,False,other,0.025386931687491704
CATACTATGTAATTGT-1,9561,16472,-0.2492798549806343,0.1311136767943581,1.1481478032751362,False,False,interface,0.14970648372138418
CATACTTAGGCAATAC-1,9779,9113,-1.064454768942868,0.6897892392911132,-0.2312746876039799,False,True,immune_core,0.013053244900419883
CATAGCCGCCCGGGAT-1,7583,19410,0.1469515498768716,-0.4032265245584062,0.4961884180325057,False,False,other,0.004069624209789925
CATAGCGTTGCCCACC-1,13105,17161,-0.1438617851248703,0.0908032604993208,-0.4438527413966951,False,False,other,0.00825513666526404
CATAGTACATTGAGAG-1,5434,13177,-0.8514036604999601,-0.4074093973895744,-0.0493826481736212,False,False,other,0.004121975498016629
CATAGTAGCATAGTAG-1,6211,16802,0.231892703002275,-0.5786251783914007,0.2647234785246239,False,False,other,0.03035063008064544
CATAGTCAAATACATA-1,15288,11393,-0.2388529398322478,0.4773825675992626,0.4973662452812467,False,True,immune_core,0.06224264336546018
CATAGTCCACAAGAAC-1,11329,18401,0.1329994526199622,-0.0865919613093147,-0.0957058692383683,False,False,interface,0.0038274419599023265
CATATAGGTACAGTCA-1,10942,15683,-0.5611177175218351,-0.2796996289133026,0.4440866262548257,False,False,other,0.016695384519141834
CATATGTCAGGCTACG-1,11917,19196,-1.2208334840172324,0.6013093899520708,-0.0771813262709648,False,True,interface,0.3508555680069554
CATCAACACCTACTAA-1,5411,21102,-0.1165542301263042,0.0733567154706749,0.3996396509890014,False,False,other,0.13139180625599942
CATCATTACCCTGAGG-1,12728,11273,-0.4667367480833743,-0.4032265245584062,-0.3047822003839935,False,False,other,0.003193794063433787
CATCCGCAGGCCCGAA-1,5414,20196,0.5857669751505229,-0.2075786508661182,0.2418732865151495,True,False,tumor_core,0.033369023116111
CATCCTCTCAAAGATC-1,13121,11500,-0.8314692203071896,-0.5786251783914007,-0.3072461345093353,False,False,other,0.014299367242064417
CATCGCCCGCGGCCAA-1,5226,16912,-0.572441086704429,-0.074486981303802,0.1325802931642121,False,False,other,0.013731418311641212
CATCGGACGGGTTAAT-1,10746,15343,-0.5382775019946369,-0.1885442603086465,-0.0038915678748951,False,False,other,0.01493215068305885
CATCGTCCGGTTACTA-1,6989,20653,0.7778882151862235,-0.5786251783914007,0.0926097104680728,True,False,tumor_core,0.013052674904246366
CATCTAGTGAAGGGAA-1,11357,8212,0.0846131727777193,-0.1770979937440296,-0.781840219090812,False,False,other,0.008961099806944928
CATCTGCAGGATCATT-1,7973,20996,-0.174944179763076,0.3983887452553795,0.0956085327927766,False,True,other,0.11823245584541613
CATCTTACACCACCTC-1,9775,10698,0.2773217941820484,-0.5786251783914007,-0.8157340385611308,False,False,other,0.0073047410934072785
CATGACTTCGCTGAAT-1,10368,9908,-0.0149297365785908,-0.4074093973895744,-1.3108298672123784,False,False,other,0.022299604590888294
CATGAGATGCACTCTC-1,14102,12975,-0.6571510405364058,0.1665312004584319,0.3057072135593979,False,False,other,0.003817729938850364
CATGATCGCTTTGAGA-1,15493,8790,0.0176116593016577,-0.5786251783914007,-0.7508711151236552,False,False,other,0.038297769465366345
CATGATGCACAATTCT-1,6613,14086,-1.348366143141215,-0.5786251783914007,-0.4926731240240884,False,False,other,0.06373216582085496
CATGATGGAAGTTAGC-1,11352,10250,-0.5327945223908314,-0.4032265245584062,-0.9701480647040096,False,False,other,0.0074313063198739315
CATGCCAACTCGCAAA-1,10932,19532,0.0369782382792861,0.7769563718816295,1.1870808240509572,False,True,interface,0.21280286762900028
CATGCGACCAGTTTAA-1,7607,10806,0.7895901591062117,-0.4074093973895744,-0.6368409287908123,True,False,tumor_core,0.008175619601186715
CATGCGTTAGACAGAA-1,5429,14762,-0.8639018486389821,0.0144420705310875,1.2101298216627585,False,False,other,0.051180411639599015
CATGCTGGCTCCAATT-1,4837,15100,-0.6308090623841723,-0.0362252461285951,0.4626038468830811,False,False,other,0.022984160779819445
CATGGATTGTCTTCCG-1,13321,10482,-0.3031257954013293,-0.1980138769489055,0.1951021023608662,False,False,other,0.0034615196312163424
CATGGCAGGAAGATCG-1,5821,15442,-0.8106425787878957,-0.0173284793068202,1.2102350497507155,False,False,other,0.011042527112233707
CATGGCTCCCTATGTC-1,6985,21786,-0.2493464841056053,-0.4550982827462971,0.5440645345505631,False,False,interface,0.029203100219074896
CATGGGTATGCCTTAT-1,13512,12634,-0.1911272630243839,-0.2702300122730435,-0.1038215549664528,False,False,other,0.0015305534089760495
CATGGGTCGGGTGTGG-1,6618,12275,-0.7715770793870312,-0.4550982827462971,-0.7099186454350168,False,False,other,0.006530635108435264
CATGGTAAGTAGCGTT-1,11342,13646,-0.4352931093302923,-0.3311055465112218,-0.477119567773452,False,False,other,0.004082994117627356
CATGGTCTAGATACCG-1,7597,14428,-0.4092960852919698,-0.0363628698642919,0.7120420667792997,False,False,other,0.02702140069406075
CATGGTTTATTAATCA-1,16080,10263,0.9719521225607698,1.768003230517115,0.3660603550434582,True,True,interface,1.677255730190158
CATGTAAGAGACATTT-1,13120,11727,-0.0911668740951604,-0.1776270333539154,0.0457120607633273,False,False,other,0.01105781013052464
CATGTCTCATTTATGG-1,12134,12290,-0.5214039483184706,-0.0362252461285951,-0.090519774285484,False,False,other,0.004916926596241438
CATTACATAGATTGTG-1,7810,8655,0.8273640483065584,-0.3321723643037333,0.5910797155951705,True,False,interface,0.01569957421827836
CATTACGTCGGCCCGT-1,6218,14538,-0.8178529417914253,0.2083565438497287,0.1277272560232186,False,True,immune_core,0.014464519640775478
CATTATGCTTGTTGTG-1,7593,16013,0.4635746340591377,-0.382839680963416,-0.2040283245950881,True,False,tumor_core,0.012819118864322361
CATTCCCATTCCGTCG-1,8796,8545,0.6973929672181509,0.4967694037954617,-0.2093506346339687,True,True,interface,0.14468039936155094
CATTCCCTAAGTACAA-1,4824,19855,1.5120778264352803,-0.4550982827462971,0.0629844850338435,True,False,interface,0.11400570280402261
CATTCGTCGTAGCGGT-1,14707,8108,0.4445406179760539,-0.2796996289133026,-0.5506270805534657,False,False,interface,0.0057347043050522345
CATTGCGAAATGGGCG-1,9550,20547,0.1793728966612018,-0.2533708272566373,0.3663091752503217,False,False,other,0.006363524378770827
CATTGCGGGTCAATTC-1,7416,8880,-0.2160617070008397,-0.382839680963416,-0.5778956287305093,False,False,interface,0.02130266004856086
CATTGTGTGCTAGATC-1,5020,20195,0.530997487591934,-0.0650173646635429,0.4408597063924132,True,False,tumor_core,0.02375685903189107
CATTTAGCGGACCATG-1,7406,12277,0.2399176966961567,0.2077004595617373,0.1838879785506576,False,True,interface,0.04666648065075732
CATTTCTAGCAGACTA-1,5614,18951,1.265270626141206,-0.1776270333539154,0.3311017887113633,True,False,interface,0.018426347060895864
CATTTGAGTGGTACGT-1,12319,16480,1.1523735874667291,1.5095488703593856,0.5452497908269922,True,True,interface,0.5907503214176925
CCAAACAGAACCCTCG-1,6803,16464,-0.9428793447294216,0.015508888323599,0.3801276931914805,False,False,other,0.010872223911934343
CCAAATAACAAGATTC-1,12537,9121,0.9907191695018158,0.093743559065665,1.1514301638012,True,False,interface,0.0769710521033438
CCAACGATGCACTGAT-1,8573,17714,0.8366565674179951,0.0358957319185891,0.7246219263721061,True,False,interface,0.031121311074855152
CCAACTTGATAGATCC-1,11752,7987,-0.0732480670613704,-0.4550982827462971,-0.7317021372995534,False,False,other,0.00441277858138226
CCAAGAAAGTGGGCGA-1,12714,16028,0.2254329469614238,1.03793427723654,2.699583642248499,False,True,interface,0.09096467685807175
CCAAGACTTCTGCGAA-1,6414,14878,-1.064454768942868,-0.3072545859718202,0.2904769024389623,False,False,other,0.00903418059791408
CCAAGCGTAACTCGTA-1,8978,13866,1.2594085138284277,-0.3720652989762003,-0.8125928576383342,True,False,tumor_core,0.004593383059528315
CCAAGGAACAGAGAGG-1,5227,16460,-0.4963088715326523,0.6317900470741594,2.3413794734230216,False,True,immune_core,0.043563130359309275
CCAATAGATTTCATCT-1,7970,21902,-0.6141449755502105,-0.2838825017444708,-0.4611168864636804,False,False,interface,0.22958514412029665
CCAATAGTGCCGTCGA-1,9165,17150,0.7238823346511506,-0.4550982827462971,-0.6980387085181448,True,False,interface,0.08649988027715788
CCAATGTCACAGCAAG-1,9759,16359,0.2052817088716819,-0.4550982827462971,-0.1907647904987115,False,False,interface,0.03204444704439344
CCAATTACGGGTCGAG-1,6227,11368,-0.9590018794311724,-0.0321799970331236,1.611021731115142,False,False,other,0.01617318889497595
CCAATTGAATGTTAAT-1,6409,16689,-0.4639850219957248,-0.5786251783914007,-0.4716457839283002,False,False,other,0.00397173374139206
CCACAATGTACGTCTT-1,8194,12279,0.2069093448079677,-0.5786251783914007,-0.391053675079572,False,False,other,0.003908520206890318
CCACACTGAGATATTA-1,10153,16360,-0.1207568958050705,-0.2021967497800738,-0.342430940628435,False,False,other,0.014075799098353617
CCACAGTACCCATCCT-1,11939,11497,0.170788746745489,0.5877160050335113,0.2958671331321838,False,True,other,0.03252015257426386
CCACATACTGCACCCA-1,12735,8556,0.3595408568850984,-0.5786251783914007,-1.1409679436705455,False,False,other,0.028242618614834587
CCACCAACTTTACTGT-1,12711,17386,1.2952919554523474,-0.2796996289133026,-0.086706455134231,True,False,interface,0.1224764289238256
CCACCCAAGGAAAGTG-1,9767,13416,-0.4675202832263671,-0.5786251783914007,1.046245237727327,False,False,other,0.001694627403064997
CCACCTGTATGGAATA-1,14510,7995,0.0712916337234678,0.193347556578713,0.2023633911018807,False,True,other,0.009262574842156108
CCACGAATTTAACCTC-1,10566,9569,-0.6641333432884968,-0.2838825017444708,-0.747988933567206,False,False,other,0.00599543559530926
CCACGAGAAGAGAATC-1,5827,13404,0.1197438453376974,-0.3734125307819002,-0.0201770062654942,False,False,interface,0.049362513325829464
CCACGGAGCCATAAGA-1,11721,18855,-1.094553952986243,0.6856783848170463,-0.3136317907155819,False,True,immune_core,0.3710424911615667
CCACGGTGCCCGGTAG-1,9383,9792,-0.1107059568852573,0.4208993015535133,-0.8947163257922498,False,True,interface,0.046721646805095614
CCACGTAAATTAGACT-1,9191,8093,-0.2317218835005971,1.0386127177622908,-0.0641837804841724,False,True,immune_core,0.017627741433534697
CCACTATCCGGGTCAC-1,8401,8770,0.5319813753654309,-0.4032265245584062,-1.1409679436705455,True,False,tumor_core,0.011038709360864726
CCACTGGTGGCTGGTT-1,10144,19530,-0.8991097385110141,1.8115926558800537,-0.4873764382483011,False,True,interface,0.45336986729168177
CCACTGTTTGGATTAA-1,13914,9918,1.1801056569655128,0.1187441943679468,-0.6234388478715603,True,False,interface,0.009389230376091915
CCAGAAAGCAACTCAT-1,12709,17839,0.5620105634072775,1.885216862254768,0.8515327475004443,True,True,immune_core,0.444927355499719
CCAGAGACAAAGCCGG-1,6992,19521,0.5031795984837433,0.1084268329779175,0.9109587013184954,True,False,interface,0.027795554753813654
CCAGATAGTTGAGTGA-1,7997,12392,0.0646261642197819,-0.4550982827462971,-0.637249040917748,False,False,other,0.006695303862050654
CCAGCCTGGACCAATA-1,9764,14548,-0.2816476800554742,-0.5786251783914007,0.3086573738023633,False,False,other,0.05044984992602847
CCAGCGGGATCACCAG-1,8798,7865,-0.262802888205454,1.7604514955020971,0.6335802866475373,False,True,immune_core,0.017993586955840378
CCAGCTCGAACGCATT-1,14885,14562,-0.0476505508224569,-0.4550982827462971,0.2720379102676999,False,False,other,0.01249667134838201
CCAGCTGATGGTACTT-1,9750,19529,0.5492427046276488,0.5249443470665309,0.9928193321365604,True,True,interface,0.16848573698571256
CCAGCTTCCGCCCGCA-1,8172,19977,-0.3863988862808102,0.0077787875627394,0.4578282518050748,False,False,other,0.015175993335208667
CCAGGCTGGCGTCTGA-1,13525,8105,0.1845889825749448,-0.1776270333539154,0.1311386360962308,False,False,interface,0.013139585505401943
CCAGGGACGTGGCCTC-1,7790,15901,0.2496506279233435,-0.0541720753014658,-0.5377810673046158,False,False,other,0.009068207286795929
CCAGTAGTCTGATCCA-1,7802,11599,0.4138326017932681,-0.5786251783914007,-0.6751656565268274,False,False,interface,0.002632290837590522
CCAGTCAAATCTCTTA-1,10730,21004,-1.005975480439835,-0.4550982827462971,0.5299413325358663,False,False,interface,2.1189536542734935
CCAGTCTAGACGGCGC-1,7209,12163,0.8490377173157869,-0.2320107435565798,-0.1386315300996669,True,False,interface,0.11463840724175922
CCAGTCTTGTCATAGA-1,14096,15239,0.2878679775703393,0.0663763890406778,-1.1409679436705455,False,False,interface,0.00346248683594381
CCATAAACAACCCGAC-1,5236,13290,-0.5741804841819087,-0.3315713871011935,-0.3778478947070874,False,False,other,0.000986979885127038
CCATAACCTGTGCAGT-1,12502,21348,0.2168048306872295,0.6279681814056673,0.2314228562490163,False,True,interface,0.019685954553448116
CCATACCTTTACTTGT-1,8397,10355,0.6393204560003716,0.1437709313912916,-0.9482329681373952,True,False,tumor_core,0.0021929343748070106
CCATACTCGCCTCTCC-1,8758,21904,-0.4459593875781516,3.705964813743413,0.3159701322926353,False,True,interface,0.5199536375068526
CCATAGGTTGGCGTGG-1,6020,14877,-1.080577303644619,0.4398512330836051,0.5230361460733757,False,True,immune_core,0.034682948289148606
CCATAGTCAGTAACCC-1,5415,19970,-0.3451030079606207,-0.1567737104707387,0.7526562300598609,False,False,interface,0.020268905976941268
CCATATGGAAACTATA-1,12928,10255,-0.4898083373485826,0.0245126643738863,0.0722353281128333,False,False,other,0.006265670085595104
CCATCGCAGTTAAACT-1,12324,14895,0.8658744051448662,-0.2702300122730435,-0.8422805215913911,True,False,tumor_core,0.0032353721383162923
CCATCTCACCAGTGAA-1,9971,10812,-0.2625280530906738,-0.4550982827462971,-0.9152592548203362,False,False,other,0.0012495215740840739
CCATGCCCTAGATTTC-1,13517,10822,0.1544986040387607,-0.5786251783914007,-0.935646727659856,False,False,other,0.021637889830780386
CCATGCCTGTTTAGTA-1,9366,15905,1.1228787147195909,-0.5786251783914007,-0.1188825380544675,True,False,interface,0.23228694334875935
CCATGCTCTGCAGGAA-1,6605,17030,0.0504575973038543,0.6217196809705848,0.7099858107436691,False,True,immune_core,0.06429732961611312
CCATGGCCCTTGTACC-1,8765,19413,0.4989477143233575,2.4388071236908617,1.8750859559992032,True,True,interface,0.288861306400168
CCATTAGCGATAATCC-1,8771,17149,0.7085258277260806,-0.382839680963416,0.4581710554391885,True,False,interface,0.022493016573238548
CCATTCCCTGCCCACA-1,8967,17489,0.5725906146182197,-0.5786251783914007,-0.4517755809175652,True,False,tumor_core,0.004055238281611673
CCATTGTTTCCTCCAT-1,8206,7977,0.4952650254796027,0.3217577385665819,0.2480126269039705,True,True,interface,0.032463055711954035
CCATTTCTACCTATTA-1,13311,13878,-0.3448339946326417,-0.4550982827462971,0.4370107767960896,False,False,interface,0.016758029523469626
CCCAAACATGCTGCTC-1,9180,11942,0.2267047439676384,-0.4032265245584062,-1.0964879840895336,False,False,other,0.00512264366210194
CCCAACATACGTCGCG-1,10936,17947,0.1883713648771582,0.7048964807023077,-0.0445211890791946,False,True,immune_core,0.10892568634149663
CCCAAGTCATTACACT-1,15880,11055,0.4180834003508587,2.1313771523457716,-0.4511425049151567,False,True,interface,0.5200434962285224
CCCAATGAGATTTGCA-1,14286,17391,-0.2914652721446878,0.8288510664544143,0.1803643939264005,False,True,immune_core,0.01860437408108048
CCCAATTTCACAACTT-1,10147,18172,-0.421459531501032,-0.2320107435565798,-0.1805096127191596,False,False,other,0.009841301650010294
CCCACTCCACGGTATC-1,12108,21574,-0.4226965880826721,0.118955967770366,0.0822327894883085,False,False,other,0.014204203823076746
CCCAGGTCTGAAGGCT-1,12930,9349,0.2050328976233052,0.0684623153874328,0.0768615050278417,False,False,other,0.004424646619032981
CCCAGTAAACTTGGGA-1,12702,20556,0.3076274391181955,1.5547736565504169,0.3711351185503263,False,True,interface,0.039361913909782796
CCCAGTTAAGGCGCCG-1,10754,12626,0.3992468191944068,-0.5786251783914007,-1.049852417081912,False,False,other,0.01936892429179728
CCCATATAGGTCGATT-1,15296,8676,-0.173347445547741,0.0704216381361492,-0.4203100979529704,False,False,interface,0.022826580061957556
CCCGAAGTTTCGCGAA-1,11322,20666,0.3636804411025955,1.970519779762331,0.5231425462362604,False,True,interface,0.21910479221575244
CCCGACCATAGTCCGC-1,6418,13519,1.157110930453001,0.4976974736015987,-0.141201110778544,True,True,interface,0.3886714799741853
CCCGAGTTTCTCCGTA-1,11944,9686,1.1082283963593451,-0.2183582540851525,-0.1548959851741939,True,False,other,0.042703003610197375
CCCGATAGCCTCGCCT-1,9783,7529,-0.5039484664404497,0.4471191606383939,-0.6036367940450502,False,True,interface,0.16934334345006294
CCCGCAGCGCGAACTA-1,12128,14328,0.820157059367455,-0.2320107435565798,-0.4250102169206785,True,False,interface,0.016697638112359296
CCCGCCATGCTCCCGT-1,6210,17255,0.0382805049203958,0.3526512304259507,0.3618554123936492,False,True,interface,0.058456360549885365
CCCGCGCAATGCACCC-1,6204,19293,-0.0062675173664166,-0.2485384033310967,0.8478209786039399,False,False,other,0.014566558710300223
CCCGGGTCGTTCAGGG-1,15277,15469,-0.5205166153197084,0.7844072420500705,0.7045760741242422,False,True,immune_core,0.05248911904826128
CCCGGTGGAAGAACCT-1,7386,19522,0.63399963308228,-0.4550982827462971,0.7622898948441685,True,False,tumor_core,0.003393288692058236
CCCGGTGTATCGGAAT-1,12900,19991,1.1270422059352705,2.2010547864641636,1.0100845293309586,True,True,interface,0.7680550344569969
CCCGTAAGTCTAGGCC-1,10343,18738,0.1711331315578017,-0.0374296876568034,-0.0444327339530425,False,False,interface,0.058369078126257114
CCCGTAGCTGGGAAGA-1,13695,17502,-0.2390007404246679,0.3653329558845208,0.8882024339892426,False,True,immune_core,0.03629085878354105
CCCGTCAGCGTCTGAC-1,7001,16125,-1.094553952986243,-0.5786251783914007,-0.2131434983016264,False,False,other,0.01317793471459891
CCCGTGAGGGCGGTGA-1,11123,21458,0.435948377349189,0.3278583955393831,0.7769248242969083,False,True,interface,0.3984507075577841
CCCGTTTCGCAGATGT-1,12732,9914,0.1842708681828799,-0.1043009750803079,0.0157310087239209,False,False,other,0.07558014469589723
CCCTAGGCAACAAGAG-1,11714,21572,0.6329613438052217,0.2173747301084707,0.1059828897946997,True,True,interface,0.0238937054937778
CCCTCAAGCTCTTAGT-1,6395,21444,-0.6049262017412224,0.8685610931010489,1.1173226797929074,False,True,immune_core,0.04698261358806761
CCCTCATTCTGGAATT-1,5620,16914,-0.8267651134896464,-0.2498856351367965,0.4421566902698018,False,False,other,0.007171625584140545
CCCTCCTCGCTCGTAT-1,12338,9913,1.1175405188515883,-0.1762798015482156,0.0265934810425988,True,False,interface,0.10797160440588771
CCCTGAAATGAGTTGA-1,8573,17488,0.7843022525682214,-0.4550982827462971,-0.1049796182291269,True,False,interface,0.03827408400125097
CCCTGACTAACAAATT-1,9944,20549,1.7451839742074688,-0.5786251783914007,0.0891116651199912,True,False,tumor_core,0.10997933139841233
CCCTGATGTAACTCGT-1,5217,20082,1.2203863950448908,-0.5786251783914007,0.0884967211294775,True,False,tumor_core,0.0727494982913788
CCCTGCCCAATCCGCT-1,10537,19758,1.1753053733807588,1.3385448863175904,0.2719785533585809,True,True,interface,0.18698765786906846
CCCTGCGCTACGCATA-1,9160,19188,0.4754688112066745,-0.4074093973895744,0.0337940760694864,True,False,interface,0.045677318395079373
CCCTGGCTGTTCCTTC-1,11714,21346,0.6133606712291874,0.3307760323012159,0.453085119211211,True,True,interface,0.03506678093801951
CCCTTTAATGGAGTTC-1,14899,9581,0.4502823299115935,0.6404759637665297,-0.0415752328751156,False,True,interface,0.00943179836667536
CCCTTTGACAGGTCTT-1,12322,15574,0.752399556093995,-0.2320107435565798,0.5503196937839617,True,False,interface,0.01593868867291112
CCGAAAGTGGTGAGCA-1,5812,18839,1.3609788735964048,-0.2533708272566373,0.0887090071839148,True,False,tumor_core,0.019271969574316334
CCGAACACTGGGCCTC-1,11128,19873,0.3142646986629772,0.9943938543147556,0.751109103836456,False,True,interface,0.36679116750081225
CCGAACCTTCCCGGCC-1,12129,13875,0.3673677999807668,0.3402973988683908,0.6171258159304268,False,True,interface,0.023936977106165158
CCGAAGGGCGTACCGC-1,8207,7750,1.2185789958112276,1.0791862454971053,0.0335999253951407,True,True,interface,0.10228684678173589
CCGAAGTATATTGTTC-1,6795,19408,0.6050567172570779,-0.382839680963416,0.5240850556525452,True,False,interface,0.01144385872648028
CCGACAAACACATGAG-1,5611,20310,1.2930365181889834,-0.2918046089188153,-0.5028452785843671,True,False,interface,0.08437274403581634
CCGACAAAGGGAGTGC-1,8962,19527,0.2401646772282597,0.4363560987734488,0.5861580399654124,False,True,interface,0.0027212133720152694
CCGACAATAGGCCGCC-1,13718,9351,1.091126908606817,-0.0320423732974268,-0.4714477429218238,True,False,tumor_core,0.015879942137330013
CCGACGGGCATGAGGT-1,13100,18972,-0.4838505464974362,0.1766033211874624,1.1434395951065883,False,False,other,0.02362414344116251
CCGAGAAGTCGCATAA-1,11552,9232,-0.5504335112117422,-0.382839680963416,0.1857367574400132,False,False,other,0.0021549246097056067
CCGATATGACGTAAGG-1,13329,7539,-0.3375969290081624,-0.1762798015482156,-0.9701480647040096,False,False,interface,0.1237146890276285
CCGATCTCAACCTTAT-1,9775,10472,-0.0770330874754604,-0.5786251783914007,-0.6458721150192979,False,False,other,0.004827837846463997
CCGATTCGAGGGACCC-1,9946,19643,0.434205136510395,0.998826458989798,1.2818067273314913,False,True,interface,0.3456905629186126
CCGCACAAAGACCAAC-1,9570,13302,-0.0746880037882911,-0.4550982827462971,0.4948141809219103,False,False,other,0.0018853619077028603
CCGCACACGAACGTGT-1,11358,7986,0.0285248265730715,-0.3311055465112218,-0.1960836350954767,False,False,other,0.0013315714182977976
CCGCACGTGACCTCGG-1,7978,18958,-0.3682787611018217,-0.4550982827462971,0.155974268064112,False,False,other,0.029117259559691976
CCGCACTTGCAATGAC-1,16081,9811,0.5285977030595541,0.3548796470655849,-0.2347207403125557,True,True,interface,0.008027647000594799
CCGCATGTGGTACGAT-1,13507,14445,0.4777397255323989,0.2679445806998506,-0.3338691051203031,True,True,interface,0.022384677582728343
CCGCCGGTCAACACAC-1,5033,15666,1.5821606410094178,-0.2593127853183124,0.4659308169484895,True,False,interface,0.11908687699320104
CCGCCGTTGAGGATAA-1,11357,8439,-0.1911272630243839,-0.2074410271304214,-0.5217211433487711,False,False,other,0.00915830691230131
CCGCCTTGCGATGTCG-1,10927,21117,1.1057644172842096,-0.0948313584400489,-0.3285985635127859,True,False,interface,1.4807299208577591
CCGCGATTTGGTAGGT-1,10140,20889,1.112100999223957,0.254760868999517,-0.7267786283821632,True,True,interface,0.334227799453366
CCGCGGAATGCGTCAC-1,12515,16820,-0.5963377863113847,0.5788846108227166,-0.4252176737833451,False,True,interface,0.2555362998685276
CCGCGGGTACGAAGAA-1,8766,18960,0.894873883730748,-0.4550982827462971,0.4840108257273622,True,False,tumor_core,0.027406790203035363
CCGCGTAGGTAAGGGC-1,8371,19412,-0.5116755992397092,-0.4550982827462971,0.0098727720854215,False,False,other,0.003832175677613585
CCGCTATCAGCACCAG-1,11339,14779,0.0040425722528475,0.1701970095509084,-0.5352832116111299,False,False,other,0.04170059269533541
CCGCTCTTCCGAACTA-1,14896,10713,0.1104673251697541,0.4637300781278353,0.5232288746930011,False,True,interface,0.017476978323466962
CCGCTTACCTCACTCT-1,11724,17950,-0.5916705176820145,2.3356351371978348,-0.3498520354768809,False,True,immune_core,0.20161395076599375
CCGCTTGCTGACATGG-1,7809,9108,0.9457339318412952,-0.2116238999615896,0.3271725628479314,True,False,interface,0.02877553035932165
CCGGAAGTTATCAGTC-1,12147,7535,0.3845396400622816,-0.2702300122730435,-0.8836230775328475,False,False,other,0.0033708389742137523
CCGGAATGGTTTCAGT-1,7192,18277,-0.7300075021880186,0.118955967770366,-0.0479835530291834,False,False,interface,0.022809832533056938
CCGGAGCGTACTTTCT-1,13898,15578,-0.0587474376517904,0.4445408667316542,-0.770861985558523,False,True,interface,0.06064457464239143
CCGGCACGACCGTTTC-1,9384,9339,-0.4781265755602408,0.6203437805095424,0.0664453275622291,False,True,interface,0.0100539783350901
CCGGCGCATATTGGAT-1,5230,15554,0.8402382776319703,-0.1363868668757486,0.3467671716116899,True,False,interface,1.5140565824000172
CCGGCGTGAGACTCTG-1,11716,20667,0.403075928784773,0.5393884300730275,-0.0116921501834283,False,True,interface,0.02864932369731303
CCGGGACCCGCAGAGA-1,5623,16008,-1.0704120038534044,1.3315097545673171,1.2907079045384469,False,True,immune_core,0.11284728292426649
CCGGGCGGTCTCGTCA-1,8782,13300,0.2958448267436178,-0.5786251783914007,0.2317757585803216,False,False,other,0.004165919569867758
CCGGGCTGCTCCATAC-1,9573,12170,0.2987012809087734,-0.2116238999615896,-0.5345934961467803,False,False,other,0.006011498226880803
CCGGGTTCGAGGTTAC-1,9950,18284,-0.3275454326649751,0.0214849572827839,0.5891474195313392,False,False,other,0.08248243464223572
CCGGTAATGGCTAGTC-1,9976,9001,-0.6591149573312823,0.3653329558845208,0.0375476286119291,False,True,immune_core,0.017304240627609106
CCGGTTTGTAATTGTG-1,13499,17162,0.2178263002632217,0.3061667865974363,0.0410366148830764,False,True,immune_core,0.1568637886104811
CCGTAAGTTGGTCCCA-1,8980,13187,0.3793284881923611,-0.5786251783914007,-0.7085630969997083,False,False,other,0.0016512055514639626
CCGTAGGAAATCCCTG-1,14304,11051,0.685920926188652,0.6923754643470236,1.6544026591138197,True,True,interface,0.19644609329000332
CCGTAGGGTTGTTTAC-1,14307,10145,1.271885167544622,-0.1776270333539154,-0.4638769521199504,True,False,interface,0.01287487769661704
CCGTATCTCGTCGTAG-1,12903,18859,-0.6276035535612855,0.2704894447043594,0.4797360776052683,False,True,immune_core,0.07241856200085088
CCGTGAGGCATTCATG-1,9584,8320,-0.1608338097944186,0.1719658327838654,-0.4676396921342866,False,False,other,0.0713585587642185
CCGTGCCCATGACGGC-1,4833,16458,-0.1106920144740896,-0.3315713871011935,0.6393311696629989,False,False,other,0.08380428184021005
CCGTGGAACGATCCAA-1,7216,9899,0.4655619659089215,-0.382839680963416,-0.7669265300964438,True,False,tumor_core,0.00539689524400732
CCGTGTTAAATTCCAT-1,11921,17837,-0.9490818291658408,0.5124034093183628,-0.3237113543043569,False,True,interface,0.21172540944323845
CCGTTACGTTAGAACA-1,6422,11934,0.0144413213465142,-0.5786251783914007,0.4317398467057559,False,False,other,0.011831125345692431
CCGTTCCGAATCTCGG-1,10341,19418,-0.4095330808217783,1.0708443763243578,1.086806740123165,False,True,interface,0.10714856202684418
CCTAAATTAACGGTTC-1,10750,14211,0.4542227522401169,-0.5786251783914007,-0.3725744127198199,True,False,tumor_core,0.030610420330825117
CCTAAATTGTATCCTA-1,12734,9009,0.489534783423945,-0.4550982827462971,-0.6398455290840653,True,False,tumor_core,0.020829119400010813
CCTAACCCAAACAAGT-1,12135,11837,0.3948806660207242,0.6419928552740753,-0.2288680721562041,False,True,interface,0.16959296010571864
CCTAACTAAGGCTCTA-1,6621,11369,-0.8735062946942608,-0.2498856351367965,-0.0492045594644959,False,False,other,0.03632300316909658
CCTACATTCACAGACG-1,12511,18178,-0.4808994188505893,3.102157677702275,0.3680090470471797,False,True,immune_core,0.259662234218593
CCTACGGCTCAGTCGA-1,5616,18272,-0.1128046217539981,-0.0034328210491291,0.1763616056955135,False,False,other,0.008402057790580182
CCTACTCAACACGATT-1,14903,8449,0.1541065161200263,0.0901539243293796,-0.0490444149977251,False,False,interface,0.0014261358593922841
CCTACTGCTTACACTT-1,7789,16354,0.0173295081236133,-0.2074410271304214,-0.3056438190411955,False,False,other,0.006969076470361634
CCTAGGCGTAGCGATC-1,9574,11943,-0.4776939100277025,-0.2918046089188153,-0.4898936649931886,False,False,other,0.007033389856339919
CCTAGGTAAAGGTAGC-1,12504,20669,0.4737662963013435,0.5436783849565157,0.1874735347955791,True,True,interface,0.04752446663238031
CCTATAATGAGTGCCC-1,13315,12746,-0.5547682091123719,-0.2116238999615896,0.3404974947299175,False,False,other,0.0018801977590743306
CCTATACCGTCCTGTC-1,13303,16822,0.0307779590351995,0.1226457479298825,-0.0191232446026646,False,False,interface,0.0581150149242112
CCTATATTTGTCCTGG-1,14684,16033,-0.6681292002318658,0.1701970095509084,-0.2007105542744868,False,False,other,0.001486051844795685
CCTATCTATATCGGAA-1,6222,13179,0.0387506227565718,0.1939485337812528,-0.1940733364211943,False,True,interface,0.005882323144541405
CCTATGAAGTGGTGCC-1,9778,9340,-1.348366143141215,0.9763262222444816,-0.4866785139368205,False,True,immune_core,0.06795426475076229
CCTATGGGTTACCGTC-1,8189,14090,0.4574844121143621,-0.5786251783914007,-0.925788152284956,True,False,tumor_core,0.003830357461548609
CCTATGTCCACTCCAC-1,14697,11505,-1.074108232103837,1.8803332637092405,0.2289439751272456,False,True,interface,0.1509346708601261
CCTCACCAATCTTGAC-1,5814,17933,0.7708620546032575,0.0150430477336273,1.3927791900188005,True,False,tumor_core,0.02583695417027583
CCTCACCTGAGGGAGC-1,8003,10354,0.5946742949118943,-0.2796996289133026,-0.4192433200158289,True,False,tumor_core,0.0022698211138936007
CCTCACCTTAGCATCG-1,7804,10919,0.4163176746692204,-0.5786251783914007,-0.908180138476336,False,False,other,0.0121197056188318
CCTCACGTCAGCTAAT-1,14313,8107,1.0753266608439638,-0.2498856351367965,-0.655500299705288,True,False,interface,0.004620075963200282
CCTCCGACAATTCAAG-1,8965,18168,0.1310112677645249,-0.4550982827462971,-0.0130503076097302,False,False,other,0.016335633911334507
CCTCCTGAGCCCACAT-1,9942,21001,-0.1071087666551467,1.064230491762684,0.1134575578668121,False,True,interface,0.35799113970158714
CCTCCTGTTGTGTCGT-1,14698,11052,0.6195421097116854,0.0358957319185891,-0.6918691792110739,True,False,interface,0.023087248101930677
CCTCGAAGTGGACGGG-1,5432,13856,-0.35111401158625,-0.2021967497800738,0.660263448157902,False,False,interface,0.05616091755898792
CCTCGCCAGCAAATTA-1,6024,13518,0.0835303029668836,0.28782466347796,-0.4430480268651077,False,True,other,0.006901611710012539
CCTCGCGCGATATAGG-1,6621,11142,-0.6305878660714164,-0.4550982827462971,-0.3723561153935916,False,False,other,0.003926005239848548
CCTCGCGCTGTGCGAT-1,13702,15238,0.1025129315974402,0.2135638076783082,-0.2319171404463532,False,True,interface,0.010664818253552566
CCTCGGACCGGGATAG-1,10558,12286,0.2008954845665917,-0.0851185730135261,-0.7197772208099169,False,False,other,0.01397619099749175
CCTCGGATGCTACCTG-1,8761,20772,0.3206083629912503,-0.3006248893891332,-0.8476157353434929,False,False,interface,0.011905617242644502
CCTCTAATCTGCCAAG-1,7008,13634,-0.5641489045004413,-0.5786251783914007,0.080257880522024,False,False,other,0.0015475152062811783
CCTCTATCGATTAGCA-1,12706,18971,-0.7616052842260496,0.1999113182068809,0.5794241634730822,False,True,immune_core,0.4047788369199233
CCTCTCTCCCATCTAG-1,9163,17829,0.4061154592523213,-0.2838825017444708,0.5158728922645083,False,False,other,0.001300350252260995
CCTCTGGCCTAGACGG-1,5433,13403,-0.1015323637018642,-0.1863158436690123,-0.1754772812893306,False,False,other,0.00033943083818628985
CCTCTGTACTATTCTA-1,12914,15009,1.0640408020983485,-0.2320107435565798,-0.930591614040388,True,False,tumor_core,0.016301960566763724
CCTGAACGATATATTC-1,9770,12283,0.1441989822117233,-0.4032265245584062,-0.5717376091457224,False,False,other,0.0030975670738069973
CCTGAATATTTACATA-1,7008,13861,-0.8118957068808889,-0.2796996289133026,-0.460209024505827,False,False,other,0.0005732908968663192
CCTGACAAACTCGCGC-1,6198,21557,-0.0090510304534137,2.637599008117224,0.1798020025503018,False,True,immune_core,0.4190705249449896
CCTGACCACCGATGGT-1,11338,15005,-0.2255194304900764,0.2088483960489426,0.3495609095529405,False,True,interface,0.07806762485102296
CCTGCCCGTTGTCTAG-1,9352,20887,0.2010081664338846,-0.4550982827462971,0.6794084676890285,False,False,interface,0.18160986098183626
CCTGCGTTCTACGCTT-1,8762,20319,0.2839895748047053,-0.3321723643037333,0.6402402483764423,False,False,interface,0.17684065728694356
CCTGCTATTTGAGAAG-1,7592,16240,0.3864541220641624,-0.0020855892434293,0.4945751941889557,False,False,other,0.03285647015979896
CCTGGAAACGTTCTGC-1,10173,9115,-0.8178529417914253,-0.3720652989762003,-0.923512497696388,False,False,other,0.01854899242566978
CCTGGCTAGACCCGCC-1,8181,17034,-0.8891379433500324,0.163605500394861,-0.0874261842395382,False,False,other,0.037264042972446586
CCTGGTCGAATGTGGG-1,14099,14107,-0.4190211168944366,1.2792701303031022,0.4534688612273161,False,True,interface,0.41220161190304844
CCTGTAAGACATGATA-1,9756,17265,0.6204620051670894,1.954792554389979,0.1926339122731461,True,True,immune_core,0.056466743302770885
CCTGTACTCACGCCCA-1,10342,19191,0.8985781213679856,-0.1776270333539154,-0.1241485960532285,True,False,interface,0.20216274573103973
CCTGTCACCCGGGCTC-1,8188,14317,0.4526108561315164,-0.5786251783914007,-0.941120511505008,True,False,tumor_core,0.0057733292429250835
CCTGTCCCTCACGTTA-1,9582,9000,-0.5847808482692797,1.229095490497149,-0.2748139236994762,False,True,immune_core,0.009335035963634886
CCTGTCGCCCGTAAAT-1,9566,14887,0.4882827258073299,0.3228573305124008,1.184013528563448,True,True,tumor_core,0.04359301679963779
CCTGTGAAACCGTAAC-1,9153,21678,0.7685264161111,2.9262193850863323,1.2128002604183794,True,True,interface,0.4401194515534301
CCTGTTTGAAGACACG-1,13910,11276,-0.2459230236280721,-0.0853617417997899,-1.077319006265432,False,False,other,0.013293079075396624
CCTTCAGTTAAAGTGA-1,14486,16599,-0.70443108908744,-0.4032265245584062,0.1835105691045869,False,False,other,0.012304958811368671
CCTTCTCAGCGTTCCT-1,10930,20212,0.6981610189050877,1.947541074558839,1.0997383312181443,True,True,immune_core,0.780280805814264
CCTTCTTGATCCAGTG-1,6220,13632,-0.6665557163194176,-0.3321723643037333,-0.5003802240676042,False,False,interface,0.2398901112028136
CCTTGACCACTTTATT-1,13324,9576,0.689817770274776,-0.4550982827462971,-0.447122063273199,True,False,tumor_core,0.004934360706564362
CCTTTAAGGGAGCACT-1,13896,16258,0.0001200965105698,-0.2086454686586297,-0.1475889906436813,False,False,other,0.10868836052938198
CCTTTCAATGAAGAAA-1,7409,11145,0.4660456508497298,-0.4550982827462971,-0.3981751298137763,True,False,interface,0.03109701750847876
CGAAACGCAATTCATG-1,10541,18173,-0.5032764032601895,0.414691312543085,0.119437655828071,False,True,immune_core,0.014956317291270685
CGAACAGTATGGGCGT-1,12334,11045,-0.8262532768594013,-0.2183582540851525,-0.7424374409503001,False,False,other,0.002576536861222326
CGAACCCGCATGCGTC-1,12122,16366,0.5299963085204195,2.7750451486516337,0.6049962595246947,True,True,interface,0.4668367166889283
CGAACGCCCAGTGCCG-1,5234,13969,-0.2570998678525247,-0.0332468148256351,1.1725909485867567,False,False,interface,0.004432929780675036
CGAACGGCCGGACAAC-1,11718,20214,0.39147024503832,1.0695454362129857,0.8904282991901945,False,True,interface,0.0231273929017291
CGAAGACGGTGAGTGC-1,8956,21565,-0.2691888919282635,3.614391303044156,0.3715311555948333,False,True,interface,0.4170318530986429
CGAAGTTGCTCTGTGT-1,8966,17942,-0.0610339332575841,-0.4074093973895744,-0.5210931596492555,False,False,other,0.012222134057805431
CGAATGACGCATAATG-1,14883,15468,-0.2557323377366313,-0.2796996289133026,-0.1409788984205653,False,False,other,0.004433538925582277
CGACAATTTGATCTAA-1,10955,11155,-0.663793946390626,0.0585095309815606,-0.1986929751387184,False,False,other,0.02265726206149742
CGACACGCTCCGACAG-1,11546,11270,0.7492973728537728,-0.4032265245584062,-0.6352664993888777,True,False,interface,0.1193329750034746
CGACAGTTCGCGTTAT-1,9559,17151,0.2122323446540489,0.5344270132067052,0.0724472727446151,False,True,interface,0.06046278999878262
CGACCCTTAACGCCGG-1,11914,20554,-0.0767448264581019,2.438892210650776,1.5639450665147383,False,True,interface,0.2273804702248813
CGACCTACTAGACAAT-1,11516,21912,0.762304756543033,0.4039985733948569,2.103111169073116,True,True,interface,0.11360270772846404
CGACGCATCCGTACCT-1,12307,20782,0.1100813787613632,0.0495482213900164,0.5686974802711057,False,False,interface,0.02396014289805753
CGACTCAGGATGTTAT-1,7013,11823,0.4413224010104896,-0.0650173646635429,0.3377034328544147,False,False,interface,0.04639147875754626
CGACTTTGTATAGCCT-1,8990,9564,0.7548863075530062,-0.5786251783914007,-1.3108298672123784,True,False,tumor_core,0.008772081535512878
CGAGACCCTAGAGTGT-1,10944,15004,-0.9535391724248692,-0.3006248893891332,0.6963439080682072,False,False,other,0.034808471581257903
CGAGAGATGTGAACCT-1,8190,13638,0.2170915146488752,-0.4550982827462971,0.3020972404268679,False,False,interface,0.003171582800369367
CGAGAGCGCGTAGATA-1,11321,21119,1.0150961924966009,-0.1770979937440296,-0.2020227737136374,True,False,interface,0.2609391503715176
CGAGAGCTTTCACTAC-1,15090,11959,0.5220956103018054,-0.3734125307819002,-0.7495165572943003,True,False,interface,0.21617500938315395
CGAGAGGGTAGCCGCG-1,13519,10143,0.6021555712029991,-0.4032265245584062,-0.6893998413925103,True,False,tumor_core,0.004097943494335094
CGAGATTTCGCTCGGG-1,10765,8777,-0.0431286231113273,-0.1979714104901624,-1.3108298672123784,False,False,other,0.003240478563729403
CGAGCACTTCAAGTTT-1,6993,19068,-0.0037338090425147,0.4371663762325217,0.1543293245723144,False,True,interface,0.04408935978616446
CGAGCGTTGATCAGCC-1,4833,16685,-0.4746406774411337,-0.4550982827462971,0.3039000658309218,False,False,other,0.1249351404420725
CGAGCTGGGCTTTAGG-1,5824,14310,0.993579843190716,-0.2320107435565798,0.2154800599706434,True,False,tumor_core,0.039098859541454305
CGAGGATCGGGAACGA-1,8008,8542,0.926538384233732,-0.5786251783914007,0.4380913799911997,True,False,tumor_core,0.0012540472612054912
CGAGGCCAGGCATTGG-1,5219,19403,-0.3567905882834143,0.0400786047497574,0.7036356820715727,False,False,other,0.01396750226038859
CGAGGCTAAATATGGC-1,8190,13864,0.6306490515846879,-0.3720652989762003,-0.0502679726686409,True,False,tumor_core,0.0012285584454034533
CGAGGGACTGCGGTCG-1,9965,13077,-0.1515805491400725,-0.3311055465112218,-0.7229145488633547,False,False,other,0.0010014182570182658
CGAGGGTATCCAGGTG-1,15081,15129,-0.3078299022188726,-0.3315713871011935,-0.2693532239842307,False,False,other,0.03366269461182046
CGAGTACTAAAGAGGA-1,11330,17949,-0.1825981955724328,-0.4074093973895744,-0.6493292671934369,False,False,other,0.25515215037761313
CGAGTGAAGGTACCAG-1,13298,18633,-1.0522444789055465,-0.0138043199165478,0.3629162817875123,False,False,other,0.07420579202640996
CGAGTTCTGTCCCACC-1,7800,12278,-0.359502924494234,-0.2838825017444708,-0.5998645317111916,False,False,other,0.023796810716609617
CGAGTTTATCGGACTG-1,9773,11378,0.4740862075847964,-0.382839680963416,-0.5186120894805143,True,False,tumor_core,0.00964472850663372
CGATAATACTCAGGTT-1,10962,8664,-0.163451084702433,-0.008329036493722,-0.1797821653304865,False,False,interface,0.03600331281025306
CGATACCTCGCGGACA-1,10349,16474,-0.846698997741807,-0.5786251783914007,-0.2020227737136374,False,False,other,0.015756436280412945
CGATAGTCGTACTGCA-1,15484,11960,-0.3009560189573995,-0.0433257557215961,0.056485677118724,False,False,interface,0.07450582191503988
CGATCCGACCCAGTGC-1,9956,16246,0.6413629384064995,-0.0636701328578431,-0.5131861210744825,True,False,tumor_core,0.013233858547849446
CGATCTGTTGGAGGAC-1,11523,19194,0.4792043982644419,1.1889909348234853,-0.6632497381390078,True,True,interface,0.18727567606650697
CGATGGACCCTACGCC-1,6819,11030,-0.602653772921127,-0.3321723643037333,-0.2789505728122411,False,False,other,0.004342484944501904
CGATTAAATATCTCCT-1,13506,14898,1.3343589442651709,-0.0954122417796326,-0.6507189057708879,True,False,tumor_core,0.007009085563739429
CGATTCGCCTGGCTGC-1,13706,13653,0.2595115902310376,-0.4074093973895744,-0.1966315185304468,False,False,other,0.10300926035891027
CGCAAACACGAGTTAC-1,7785,17712,0.1207899312358461,-0.1561727332681989,-0.0561882109250548,False,False,interface,0.005981554271000591
CGCAATCGATCATTAG-1,7182,21899,0.5759002049758106,0.3060291628617395,1.1537250163361636,True,True,tumor_core,0.11466113801333261
CGCAATTACTTTCGGT-1,6996,18163,-0.7695862328001927,-0.2075786508661182,0.4401880017153842,False,False,interface,0.019990906389049864
CGCAATTAGGGTAATA-1,7984,16920,-0.3550243402360444,1.011802289903113,0.1523099549217733,False,True,immune_core,0.0702784799095587
CGCAATTCTACAATAA-1,7585,18730,0.5301749602009433,-0.3937569079181471,0.3822462720707723,True,False,tumor_core,0.00390782194170942
CGCACATGTCCACTAC-1,10165,12058,0.4786450603354594,-0.5786251783914007,-0.8163415561349655,True,False,tumor_core,0.04178940071110416
CGCACGTGCGCTATCA-1,10169,10700,-0.5511141050906163,-0.2075786508661182,-0.7943931192799639,False,False,other,0.006971900191241839
CGCAGATCTTCACCCG-1,7415,9107,-0.0638581285483123,-0.5786251783914007,-0.7690708534820254,False,False,other,0.0057095515766078814
CGCAGGCGATCCAAAC-1,12730,10367,-0.1912831907489167,-0.4550982827462971,0.1182476838145246,False,False,other,0.027519651258089972
CGCATCCATCAGCCAG-1,8007,8769,0.8409213271352584,-0.2702300122730435,-0.1441419464472211,True,False,interface,0.006453334891436399
CGCATGCCGAATGCGT-1,15681,11847,0.1797967115618454,2.8760033094235427,1.3172905641728982,False,True,interface,0.2143872224222171
CGCATGGTGCGATGCT-1,10355,14436,0.5300431635598525,-0.5786251783914007,-0.8784295295245974,True,False,tumor_core,0.013646130955938309
CGCATTAGCTAATAGG-1,7791,15448,-0.4808724890586272,-0.5786251783914007,-0.3034029997534518,False,False,other,0.0077123861741426
CGCCAAGAAGCCGAGT-1,10142,19983,-0.1634344959176485,-0.1770979937440296,0.3741346451945552,False,False,interface,0.07095980235398601
CGCCACAGGTCGCGAT-1,12110,20894,0.4800498792361438,0.1927555594986525,-0.1016958594435057,True,True,interface,0.01626875744684097
CGCCATCCGATTATGA-1,7208,12842,-0.7158744515269031,-0.0321799970331236,-0.4392305531969653,False,False,other,0.013921188777769504
CGCCCAGCACGCCTAG-1,14093,16145,-0.0979463523216776,0.8551582280162894,0.694086140497176,False,True,immune_core,0.03272582264507777
CGCCCAGCGTTTCACG-1,15287,11846,0.7885435854928035,0.7935132082115564,-0.9871614351015012,True,True,interface,0.15058088174289014
CGCCCGCTTCCGTACA-1,6026,12839,0.1412231081611843,-0.4074093973895744,-0.2352599990670126,False,False,interface,0.005154848047541666
CGCCCTTGAAGGCTGA-1,7188,19635,1.0247789077637963,-0.1776270333539154,-0.1168704445766209,True,False,tumor_core,0.008777350390749294
CGCCGACTATTCGCTA-1,9350,21339,-0.7601072421720035,0.9415921310193038,0.7318042114301566,False,True,interface,1.5669096126686428
CGCCGCCCATGCCTGT-1,10163,12511,-0.1798773864388543,-0.5786251783914007,-0.9567793240731448,False,False,other,0.005131466051823203
CGCCGTCTACCCATCG-1,9979,8095,-0.4677400794562703,-0.3072545859718202,-0.0411418570270705,False,False,other,0.039050852950381604
CGCCGTTCAGCATAGT-1,13913,10144,0.0161035996208526,-0.3006248893891332,-0.0974311578992291,False,False,interface,0.016218129434153367
CGCCTCCCTCCTCTAT-1,10948,13645,-0.6017418101210346,-0.382839680963416,0.4838970744841701,False,False,other,0.0025542309379986776
CGCCTGGCCTACGTAA-1,10539,18852,-0.2142920567267571,0.8806688374771406,0.7935727383910808,False,True,immune_core,0.03726803713887949
CGCCTTTAGCATGCTC-1,11356,8665,-0.7280213411520241,-0.4550982827462971,-0.625254251490868,False,False,other,0.031721364654625724
CGCGAAGTGGCATACT-1,15092,11053,0.2651102557267948,0.1486430243446584,0.2999581664678432,False,False,interface,0.030954957413949023
CGCGACACTGCGCAGC-1,7186,20541,0.0676384928968891,-0.2320107435565798,0.7922668783693284,False,False,other,0.007656957136255234
CGCGACCGCGACAGAT-1,14103,12749,-0.7979190575392648,0.0805672953929456,-0.2940105195950614,False,False,other,0.008709751795922217
CGCGAGTCTGCCGGGT-1,12704,19651,-0.0691291350970026,-0.2074410271304214,0.4719225454593032,False,False,interface,0.1470521182595083
CGCGCAAATGTCCAGA-1,13493,19200,-0.5602038348402844,0.3348212813966872,0.452954316589933,False,True,immune_core,0.008244601227846699
CGCGCATGTTTGATTG-1,12321,15800,0.6288103387878489,-0.382839680963416,-0.804525414339932,True,False,interface,0.04010507759372709
CGCGCCCGACTTAATA-1,6615,13407,0.5989014739794136,1.4133413020035397,1.3509896360432094,True,True,interface,0.2958060695279358
CGCGGCAGTATTACGG-1,4823,20081,1.29598736216208,-0.2086454686586297,-0.5102811378327085,True,False,tumor_core,0.012215035955892265
CGCGGCTCAACTTGAA-1,10956,10928,-0.6962775175779788,-0.4550982827462971,-0.3134716462488111,False,False,other,0.017703323111621563
CGCGGGAATTAGGCAG-1,7996,12845,0.1807186942446443,0.2745674679531383,0.0743369072294347,False,True,immune_core,0.0287698064926037
CGCGGTAAGTCTAGCT-1,8402,8544,0.5367798023352374,-0.5786251783914007,-0.391053675079572,True,False,tumor_core,0.01240638124120933
CGCGGTACGGTATACA-1,14705,8561,0.0324394207369908,0.1825022672166359,-0.0935396127130645,False,True,interface,0.03520402999807879
CGCGTTCATGAAATAC-1,7789,16127,-0.2161306226918988,-0.4550982827462971,0.0702952805494585,False,False,other,0.0027110073989865496
CGCTACGGGACATTTA-1,9955,16473,0.007850700669955,-0.5786251783914007,-0.7150152202501469,False,False,other,0.01121031966583988
CGCTAGAGACCGCTGC-1,10169,10473,-0.0367239943831871,-0.3720652989762003,-0.912092958306006,False,False,other,0.003622136712982598
CGCTATACCGCCCACT-1,5224,17818,-0.6179500904003162,-0.5786251783914007,0.2578966868036715,False,False,other,0.01457959483470111
CGCTATTCAATGTATG-1,6207,18387,0.8057471108015923,-0.382839680963416,0.8711830905312793,True,False,tumor_core,0.004443515783167199
CGCTATTCTTAGGCTC-1,9959,15114,-0.4139124110657796,-0.2796996289133026,-0.1510503763674097,False,False,other,0.005409135128195658
CGCTCGACATAATGAT-1,6605,16803,-0.1954864874464031,-0.1084838479114762,0.0961424430035282,False,False,other,0.022633012808630098
CGCTCTCCGTAGATTA-1,8967,17715,-0.0770841078465102,-0.1762798015482156,0.2705553053787184,False,False,other,0.013504931609144748
CGCTGGTGACTACCCT-1,11941,10818,-0.8520961576127746,-0.3734125307819002,-0.5278891516413283,False,False,other,0.011883202086238465
CGCTGTGACGCCGCAC-1,7394,16579,-0.611697591214141,-0.3315713871011935,0.1524031444482765,False,False,other,0.012766311264480532
CGCTGTGTGGATGTTG-1,14090,17051,-0.7364096085594153,0.6354419870334871,0.119000968696038,False,True,immune_core,0.025515364379685736
CGCTTATTCCCGGTCG-1,10737,18513,0.0209755373968688,0.0094696537589723,-0.5662011029297828,False,False,other,0.07925203152874062
CGCTTCCACTGAAATC-1,6013,17141,-0.3617759092549394,-0.1603556060993672,1.4787609059570777,False,False,other,0.005557073540022596
CGCTTCGGTCTAAGAC-1,15489,10149,0.0432361402791966,0.1955337308877509,-0.3835446160425327,False,True,interface,0.03962968682094112
CGCTTGGACGGATAGA-1,14902,8675,0.494610080303886,-0.1164059550858207,-0.2204589373753891,True,False,interface,0.006897669492674528
CGCTTTCATACCGGTG-1,5228,16233,-0.5420098878729238,0.3926691085437632,1.7724711930898125,False,True,interface,0.09928745509250976
CGCTTTCTTGCATTCG-1,8588,12280,-0.080908365034552,-0.2074410271304214,-0.4552564877629925,False,False,other,0.012604067243874863
CGGAAAGAATCAAACG-1,13895,16484,-0.7009801103628901,0.3723247314075162,0.1527968723851065,False,True,immune_core,0.01323388193158115
CGGAAAGCAAATGTGC-1,6002,21217,-0.3744575000923192,-0.4074093973895744,0.0626534174165599,False,False,interface,0.04970626357566225
CGGAACGTAAACATAG-1,11727,16818,-0.9465755729798544,-0.3937569079181471,-0.526567934100361,False,False,other,0.044534236082062945
CGGACGTTACTTGAAG-1,10730,21230,-0.5252207221372516,-0.1048393919611485,0.3582296100305872,False,False,interface,0.3172689594495918
CGGAGCAATTTAATCG-1,13111,15123,0.4504174987003363,-0.2702300122730435,1.223836529198563,True,False,tumor_core,0.0013871117438786693
CGGAGCATGGCGATCC-1,10158,14322,-0.3223845087549298,-0.5786251783914007,-0.8566874988557227,False,False,other,0.007560269737085765
CGGAGTTTGAGAGACA-1,8375,18053,0.1820573606728787,-0.1776270333539154,0.600096076503367,False,False,other,0.005484929659973648
CGGATAAGCGGACATG-1,6202,19972,1.3699872331094285,-0.3734125307819002,-0.049814064441092,True,False,tumor_core,0.011693328231251555
CGGATCCTCAAGGACT-1,14299,12862,-0.6546327166898347,-0.1603556060993672,0.061870735014431,False,False,other,0.008922265275510518
CGGCAAACATCGTGCG-1,12719,14443,-0.0133470039286325,-0.4550982827462971,0.1308955791102478,False,False,other,0.0077833952914071365
CGGCAATAAGATCGCC-1,13126,9689,0.9249775298887696,-0.3321723643037333,-0.7147644455806531,True,False,tumor_core,0.031795277614808916
CGGCAGGGTCGGGTTG-1,8788,11262,0.0406736011008234,-0.4550982827462971,-0.9497605918644896,False,False,other,0.001657888463591371
CGGCCACGCACAAAGT-1,9368,15226,-0.0746880037882911,-0.5786251783914007,-0.3120209897450798,False,False,other,0.035141394356345244
CGGCCCAACCTGTAGT-1,8006,9222,1.3142994799745416,-0.5786251783914007,-0.3902969293494259,True,False,tumor_core,0.024820156665893156
CGGCCCAGGTATATCC-1,10958,10023,-0.5960057715232543,-0.3006248893891332,-0.4410268118803656,False,False,other,0.0027141761248873782
CGGCGCCATCAATCCC-1,14106,11390,-0.4645276102941607,1.183164472328923,-0.3866175173873187,False,True,immune_core,0.08449376483366704
CGGCTCTAAAGCTGCA-1,11551,9458,-0.7009801103628901,-0.4032265245584062,-0.6357831489554877,False,False,other,0.006369864495896018
CGGGAATATAGTATAC-1,11746,10025,-0.3160066419893362,-0.2074410271304214,0.4253810327068658,False,False,interface,0.003381756175855678
CGGGAATTTATGTAAA-1,11340,14552,-0.0975766215959818,-0.4032265245584062,0.9838331866798516,False,False,interface,0.022886579988660314
CGGGAGCTTCAGTGTA-1,12136,11611,0.1578063060929529,-0.4550982827462971,-0.215265389367139,False,False,interface,0.07388849967294907
CGGGAGTATACCGCCG-1,6202,20198,0.7594639705753765,-0.0954122417796326,0.4872490277902639,True,False,interface,0.014209983975507143
CGGGATCAATGTAAGA-1,7004,15219,-1.1005111878967793,-0.3937569079181471,-0.1071119278082404,False,False,other,0.001991354843276071
CGGGCAGCTAAACCGC-1,8776,15564,-0.2458130901048224,-0.1603556060993672,0.6719184317316529,False,False,other,0.0048239855993502025
CGGGCCATAGCCGCAC-1,5218,19856,-0.4931351566821021,-0.2796996289133026,0.5081833325864157,False,False,interface,0.12819530862038772
CGGGCCTTCTTTGTAA-1,10548,15682,0.2743554437525832,-0.4550982827462971,0.3339475177002635,False,False,other,0.0012525408906909408
CGGGTGTACCCATTTA-1,8785,12167,-0.3705346116733007,-0.5786251783914007,-0.9250984368206064,False,False,other,0.012691277072331865
CGGGTTTGTTAGGGCT-1,13522,9011,0.7835430850600275,-0.4074093973895744,-0.3870836126038284,True,False,tumor_core,0.006568079141667169
CGGTACTAGAATCAAA-1,10951,12513,0.4902981013030586,-0.0773226223292704,-0.8135620971040656,True,False,interface,0.0337594547104489
CGGTAGAGGTGCAGGT-1,6817,11483,-0.4506142133816235,0.1311136767943581,0.042335887005791,False,False,other,0.12293366670709192
CGGTCAAGTGGGAACC-1,7602,12843,-0.2411933495647703,-0.1084838479114762,-0.699389747970397,False,False,other,0.0037441112409159517
CGGTCAGTCCATATTT-1,13920,7653,0.7724265863470466,-0.4550982827462971,-0.384895655494785,True,False,interface,0.014844242528931371
CGGTCCGTCGCAAGCC-1,14881,16147,-0.8971235774750195,0.0094696537589723,-0.7783710445955625,False,False,other,0.005609197180585957
CGGTCTATCAACCCGT-1,6026,12613,0.407339127159358,-0.1776270333539154,0.0766251822980792,False,False,interface,0.10529736052061689
CGGTGAAGACTAAAGT-1,9356,19302,-0.0138458185328667,0.3642661380920094,0.2996807531434889,False,True,interface,0.059374713625250645
CGGTGCAGATAGAACG-1,10739,17834,-0.049427959218096,0.0214849572827839,-0.3734123209825647,False,False,other,0.09619781588150957
CGGTGCGCGTTGGTCC-1,12119,17498,0.5357650756719361,0.9979047312914564,-0.0827230819134614,True,True,interface,0.5656736769053186
CGGTGTACTTGATCCC-1,5813,18386,0.9333301527546052,-0.2702300122730435,0.442012760967279,True,False,tumor_core,0.006818325269997345
CGGTTATCCAACAGTG-1,8395,10808,0.1461299482279603,-0.0948313584400489,-0.4636455708250868,False,False,other,0.0037804228899843517
CGGTTCAAGTAGGTGT-1,7213,10804,0.6187555956420064,1.2224895323445923,-0.1413084130075317,True,True,interface,0.16143631188523097
CGGTTGACCTGGCATA-1,10145,19077,-0.0382058238328294,0.1273207199231788,0.2337600543712998,False,False,interface,0.042208877076068164
CGTACCTGATAGGCCT-1,6810,14200,-0.3104937360058559,-0.5786251783914007,-0.0438926703609455,False,False,other,0.026388484298668035
CGTAGCGAATTGTCAG-1,5038,13855,-0.6782945000230802,0.100373255648352,0.6219361654978454,False,False,interface,0.02316128625483279
CGTATTAAGAGATCTA-1,8775,15790,-0.7004600152128982,0.1320728981113983,0.4334551844682126,False,False,interface,0.19350525123956816
CGTCAAGGCTATAAAT-1,8368,20318,0.8547266634260584,-0.1668526513666997,0.0347570024121682,True,False,tumor_core,0.018634541645444345
CGTCACGTCCATTGGT-1,11729,16138,0.8756877444347752,0.4807577674372365,0.6974715735056655,True,True,tumor_core,0.04148233766718019
CGTCAGCTATTTACTC-1,5807,20650,0.9214421547054056,-0.0575475505500747,0.2624700205366141,True,False,interface,0.05000302225033817
CGTCAGTGCGCACAAG-1,4637,16345,0.2720616612693251,-0.4032265245584062,0.5021473047853291,False,False,interface,0.11993189056604667
CGTCATACCATATCCA-1,6400,19633,0.7151181432193685,-0.4550982827462971,-0.1962467591068286,True,False,tumor_core,0.0009310069766202038
CGTCGCATGTGAGCCA-1,15283,13205,-0.0624398253354867,0.1811523869886083,-0.1298066869796958,False,True,immune_core,0.008206806062851577
CGTCGCGGCGGGATTT-1,4823,20308,0.7489082378124278,-0.1762798015482156,0.5079832653068962,True,False,tumor_core,0.0029137375913245982
CGTCGGATAGTGTTGA-1,9183,11036,-0.1354271863415726,-0.4032265245584062,-1.203658925650956,False,False,other,0.0012325289377040393
CGTCGGGTCTAAGCGC-1,13099,19425,0.2920553374937095,0.163605500394861,0.2098569705665376,False,False,other,0.0950903419188522
CGTCGTCCTTCGCGAA-1,13510,13313,-0.3076063069213602,-0.4550982827462971,-0.3708950719144488,False,False,other,0.00852479312457686
CGTCTGGAAGGGCCCG-1,5626,14876,-1.0246562365990022,-0.5786251783914007,0.6726939848401106,False,False,other,0.09513702909079282
CGTCTTGAGTGTGACG-1,10571,7757,-0.602653772921127,-0.5786251783914007,0.436398719890551,False,False,other,0.012796770572504328
CGTGAAGTTAATTCAC-1,10352,15568,0.4423726123710646,-0.5786251783914007,-0.6724185980495582,False,False,other,0.012966778585745463
CGTGACATTGGGTCGT-1,5436,12498,-1.1462316608124483,-0.5786251783914007,-0.8410620265759728,False,False,other,0.004358329058467454
CGTGACCAGTCCTCTG-1,14882,15694,-0.4435218969914407,-0.4550982827462971,-0.0517556152092471,False,False,other,0.0080886212135397
CGTGCAGACTGGGACA-1,10358,13530,-0.8983767055680127,-0.5786251783914007,-0.5404947854934977,False,False,other,0.00805369789406808
CGTGCATTGTCGACGC-1,10147,18398,-0.0325603235722361,-0.4074093973895744,-0.6973544727785096,False,False,other,0.018168179417479533
CGTGCCCTCCCGAAGA-1,10949,13193,-0.3886907016781267,-0.2796996289133026,-0.6075511656290266,False,False,other,0.0012420411311795845
CGTGGAAGCCTCGTAC-1,11948,8327,-0.4338858379523498,-0.5786251783914007,-0.9219515336809062,False,False,other,0.001718535268075444
CGTGGCCGAATATCTA-1,11745,10478,-0.3990664055289991,0.2455716663724463,-0.0269114270179934,False,True,immune_core,0.04630228873113754
CGTGTATGGGAGCTGA-1,15294,9356,-0.6131346707594835,0.0281146538654709,-1.3108298672123784,False,False,other,0.027671172685213935
CGTGTCCCATTCGCGA-1,7983,17373,-0.806046068893731,-0.5786251783914007,-0.0788342465865743,False,False,other,0.08277582426416293
CGTGTCTCGTTACGAC-1,14285,18070,0.152330289338666,1.9682631019176384,-0.787347343224351,False,True,immune_core,0.29077018715859226
CGTGTGTTAAACCCTG-1,8795,8771,0.8742260390071601,-0.4074093973895744,-0.903125024856868,True,False,interface,0.0931795218432862
CGTTAAACTAGTTAGG-1,12142,9347,-0.2207611282675386,0.4623994801095383,-0.1804350305555361,False,True,immune_core,0.04107654365127534
CGTTAATGTCCCGACG-1,14104,12069,-0.5753998319688011,1.5863865119082827,-0.3496597529756108,False,True,immune_core,0.038344329395881394
CGTTATCATACTTCCA-1,11319,21798,-0.2603030901093234,1.67012032474115,0.975103549933549,False,True,interface,0.36856281894815435
CGTTCAGACCCGCGAA-1,15278,15016,0.2215089375047725,0.7722289504850114,0.7622276661933439,False,True,immune_core,0.04816280578142855
CGTTCATGGTGCGCGT-1,11916,19648,1.0288943375666155,0.3928118988212548,-0.0005576003666444,True,True,interface,0.5427664847047996
CGTTGAATACCGCGCT-1,13707,13200,-0.4909349625944493,-0.3006248893891332,-0.0084599546961771,False,False,other,0.00402391309927846
CGTTGAGCGACCGTCG-1,11145,13533,-0.6400298600126033,-0.4074093973895744,-0.049971989205597,False,False,other,0.0017300024962282796
CGTTGCCCGCGTGGGA-1,15273,16828,-1.019952129781459,0.0144420705310875,-0.7712585879631751,False,False,other,0.027788321010778348
CGTTGTAAACGTCAGG-1,6595,20426,0.6564871733603572,-0.3937569079181471,-0.3037123982275583,True,False,interface,0.0034007983935134436
CGTTGTAAGATTGATT-1,7611,9673,0.3989372529873737,-0.4550982827462971,-0.8335414578166498,False,False,other,0.003532732982125971
CGTTGTCGGCAATTGA-1,15083,14450,0.0488840352276191,0.1569766378610518,0.0653529095122718,False,False,other,0.002988623876312562
CGTTGTTTCAATTCCC-1,9165,17376,0.5454638255931982,-0.5786251783914007,-0.3281904513858503,True,False,interface,0.021801277337786504
CGTTTAAGCGGAGCAC-1,5034,15214,-0.5380187164803992,-0.5786251783914007,-0.1206972939180958,False,False,other,0.07929634326675632
CGTTTCACTTCGGGCG-1,6029,11480,-0.9369221098188854,-0.4074093973895744,-0.2724866294493121,False,False,other,0.008290561589446294
CGTTTCGCTCATTACA-1,9365,16358,0.8107586039394291,0.4129771943791688,0.4559603871317957,True,True,interface,0.20061161531762003
CGTTTGGTGTTGTGGG-1,14706,8335,0.1773356841820765,-0.382839680963416,-0.290046232827651,False,False,other,0.007069172858255718
CGTTTGTGTAGAGGGT-1,13302,17275,-0.1020338959656585,2.233573851594192,-0.2250694053972166,False,True,immune_core,0.14659240589073183
CTAAAGAATGCCTACT-1,9557,17830,0.7036173944761303,-0.3734125307819002,-0.4455939903069658,True,False,interface,0.01720167679491492
CTAAAGGGAAATAGGA-1,11142,14891,-0.6509260914830886,-0.2116238999615896,0.2548715586270544,False,False,other,0.039803499645957564
CTAAATCCGGTGTACA-1,14482,17957,-0.28763288003479,2.5210503585396573,-0.1412658092990323,False,True,immune_core,0.1865488514437476
CTAAATCCTATTCCGG-1,7603,12391,0.0480085456731878,0.541190779561115,-0.0317996094737381,False,True,immune_core,0.05289934674961411
CTAACCGCGCGCCCGT-1,9754,17944,0.4212543997646532,0.0888066925236798,0.9351287838951108,False,False,interface,0.03966957925272915
CTAACGAAACTTGCTG-1,8394,11261,0.7258029096661299,-0.382839680963416,-0.8349030163852323,True,False,tumor_core,0.01239661931716978
CTAACTGATAATCGCC-1,13912,10371,0.4041700808505851,-0.1770979937440296,-1.0337970021091232,False,False,other,0.0047710009656915684
CTAACTGGTCCGGTTC-1,12315,17838,-0.9306690546921,0.0997496974597274,0.8275763834615175,False,False,interface,0.19142051337890242
CTAAGGGAATGATTGG-1,11145,13759,-0.320011496169979,-0.3720652989762003,0.3320972565475877,False,False,other,0.0009458518061477806
CTAATTCGCACGCGCT-1,7981,18052,0.2623493262584387,0.0358957319185891,0.1342557581855709,False,False,other,0.007998970702350512
CTAATTCTCAGATATT-1,7807,10014,0.6738565733833205,-0.2485384033310967,-0.930853824003172,True,False,tumor_core,0.004423737070842114
CTAATTTCAACAACAC-1,6600,18841,0.1605348151626585,-0.5786251783914007,-0.0702951614237806,False,False,other,0.013722388992839826
CTACAAGAAATAACCC-1,13892,17390,0.319421731732513,0.6578616589638588,0.3566796539525195,False,True,immune_core,0.2748498516618829
CTACACTCGCAGATGG-1,13715,10483,0.3879704808195192,-0.3937569079181471,-0.7789294288569256,False,False,other,0.008742686780142533
CTACCCTAAGGTCATA-1,8590,11601,0.1593913377171436,-0.0227103803928646,-0.4345756792358808,False,False,other,0.0019623014334244327
CTACGACTAGCTATAA-1,9948,19190,0.4199817253664065,0.2006776666729971,0.0505577741026421,False,True,interface,0.0383355448976739
CTACGCACGGAGTACC-1,9367,15452,0.375237376457326,-0.1557068926782272,0.4410024539994456,False,False,other,0.004216333317630217
CTACTATCATAGGTTT-1,12903,19085,-0.7715770793870312,-0.1776270333539154,0.8895391214414686,False,False,other,0.04967385016173987
CTACTATCTTTCAGAG-1,8197,11373,0.3449894409721089,-0.0173284793068202,-0.2410128602184205,False,False,other,0.003502231015585307
CTACTCAAGGTATAGT-1,14287,17164,-0.1978601068277172,0.4165070333610842,0.8320239935543728,False,True,immune_core,0.01049098133324093
CTACTCTAGGCCCGGC-1,8569,19073,0.5083489220775655,-0.4550982827462971,-0.0839601729750156,True,False,interface,0.03793212583492125
CTACTGCCACCTGACC-1,7793,14769,-0.197508139802234,-0.1979714104901624,0.3984262388236324,False,False,other,0.005113678778270017
CTAGATGTGAGTGTAA-1,8988,10243,0.4955883461685158,-0.1598897655093955,-1.1409679436705455,True,False,tumor_core,0.013806092653837773
CTAGATTTACGACGGC-1,10751,13532,-0.7332245470758882,-0.4550982827462971,0.4771217359370619,False,False,other,0.01485221181269323
CTAGCATAGTATAATG-1,9173,14433,0.8900968576772127,-0.3734125307819002,-0.8143724799925482,True,False,tumor_core,0.0037814095811743473
CTAGCCACAGGCGAGC-1,14114,8673,0.9158484343068378,0.8211059781873834,0.093296225266406,True,True,interface,0.0652075479249724
CTAGCCGATGTTATGA-1,7017,10464,0.1871859934271384,0.2487978357624126,0.0032984422970518,False,True,other,0.03660016937432425
CTAGCTTAATGGTCCC-1,11753,7761,0.4759784009047919,-0.0064112523520891,-0.8042516946548641,True,False,tumor_core,0.008981340289248171
CTAGGCGCCCTATCAG-1,12530,11612,-0.2176149221710084,-0.4032265245584062,-0.6214176328868183,False,False,other,0.006093074198020282
CTAGGTCTGAAGGAAT-1,9579,10132,-1.064454768942868,-0.4074093973895744,-0.6053622179140294,False,False,other,0.04776349722943283
CTAGGTTCGGACGTGA-1,13902,13993,-0.6877620612100259,0.4051239658163815,-0.5938494554982429,False,True,immune_core,0.12712781764870595
CTAGTAGAAAGGGATT-1,14891,12751,-0.5942990273134566,0.1486430243446584,-0.1464693433392545,False,False,other,0.011464906833770836
CTAGTATTCGGAATTA-1,5238,12837,-1.1005111878967793,-0.4550982827462971,-0.8135620971040656,False,False,other,0.003729574460381064
CTAGTCACGTCTTAAG-1,9765,14095,-0.0215062540885409,0.194001285172582,0.271289870853739,False,True,other,0.05448014147598119
CTAGTGAAGGACAGGA-1,9164,17603,0.33135563810522,0.0390117869572459,-0.2544252376261088,False,False,other,0.015671751931348833
CTAGTTACAACCCGGT-1,12916,14330,0.093935049172141,0.1416134221265189,0.4343390777996386,False,False,interface,0.0014165588908429665
CTAGTTGGGCCCGGTA-1,7598,14202,-0.7768012813545663,0.0688257807337519,-0.1008335738309815,False,False,interface,0.072405828914955
CTATAAGAGCCAATCG-1,7608,10579,0.6509742122569667,-0.4550982827462971,-0.3175906175892466,True,False,tumor_core,0.006870301429414568
CTATAGGCGTTGATGT-1,14680,17618,-0.2062864186562479,0.4463641322945483,0.1421249107201007,False,True,immune_core,0.3066737298604288
CTATCGACGAAATACA-1,12924,11387,-0.0690757549751295,-0.2074410271304214,0.8055574253000138,False,False,other,0.0018923643448366413
CTATCGCGTAGAGAAC-1,13917,8559,0.8918449702903318,-0.3006248893891332,-0.1758445853525095,True,False,interface,0.04490917936110738
CTATCGGGTCTCAACA-1,9371,14094,0.8562189361723238,-0.4550982827462971,0.649386842890529,True,False,tumor_core,0.00621340193380474
CTATGCCCGAATGCAA-1,14883,15241,-0.2685981226979766,-0.026755629488336,-0.2758431505065425,False,False,other,0.0012908144474801633
CTATGGGAAGCGGAAT-1,13125,10142,0.7321640730525022,-0.2485384033310967,-0.778051763667489,True,False,tumor_core,0.003441463571365846
CTATGTCACTAGCCCA-1,8385,14431,-0.0287764616398034,-0.5786251783914007,-0.8947163257922498,False,False,interface,0.018766419340152964
CTATGTCTATTGAAAC-1,4639,15665,-0.625371922623628,-0.074486981303802,0.4349997622940501,False,False,interface,0.11429000193330725
CTATGTGAGTCACGGC-1,11324,19986,2.652429115434507,0.5434624855385363,-0.1420180599772103,True,True,interface,0.3491235747839079
CTATTCATGTGTCCCA-1,12718,14896,0.1642294157443195,-0.382839680963416,-0.9114226362162864,False,False,other,0.0043722194333294115
CTATTTGGTTACGGAT-1,9572,12623,-0.3526768082142006,-0.4032265245584062,-0.1751847443608847,False,False,other,0.010226655391502417
CTCAAACCACTGCCCG-1,15074,17393,-0.7961540928160263,0.2204149591736149,-0.1685849188574169,False,True,immune_core,0.05257356554724103
CTCAACTAACCCGGAT-1,14892,12298,-0.3070708314689328,-0.1776270333539154,-0.470724687169087,False,False,interface,0.06267757894419666
CTCACATTTACTAAAT-1,14689,14222,-0.2176149221710084,0.5477233852405109,0.0195243507305705,False,True,immune_core,0.003392387000384177
CTCACCAGTACAAGTG-1,8759,21677,-0.9542977726136292,3.2355633287421015,0.1412072825915901,False,True,interface,1.379399981478616
CTCACTGTGATACTTA-1,14889,13430,-0.1469934893805171,0.5247340958000614,-0.2496983024338019,False,True,immune_core,0.032007520643470434
CTCACTTGGCTGGTAA-1,10342,18965,-0.4838505464974362,0.7609438673270769,-0.0682549510185815,False,True,interface,0.04689288916179393
CTCAGATTGTGATAAG-1,10926,21344,0.7888649775285341,-0.026755629488336,0.2226251766636387,True,False,interface,0.17821975364554762
CTCAGGACTCACCTGT-1,5616,18498,0.3467018155906224,-0.3734125307819002,0.0180115294216069,False,False,other,0.009454956619424817
CTCAGTCACGACAAAT-1,7213,11031,1.0508224625264824,1.3595990753086409,0.3965472166179167,True,True,interface,0.053600497703639366
CTCATCACTTAGTGAT-1,8010,7863,-0.3123104137389034,-0.4550982827462971,-0.4468906819783353,False,False,interface,0.037875111396708995
CTCATGGCTCACAATC-1,5035,14761,0.7002683665738737,-0.0204340164992348,1.16643476134531,True,False,tumor_core,0.005788900887269778
CTCATGGTAATTTGCG-1,12312,18970,0.1986638536289342,1.2903985240232925,0.8005780512314434,False,True,interface,0.3726895038300777
CTCATTAACGTTGCCC-1,8208,7524,0.3211902795670076,0.1806854347607987,0.558135944868116,False,True,interface,0.008395669858315035
CTCATTCGTGAACATC-1,7774,21561,-0.8026231643568079,-0.4550982827462971,-0.8480474184962408,False,False,other,0.0665158633901762
CTCATTGCTCTAACAA-1,14299,13089,-0.6318409941644095,-0.2021967497800738,-0.2141316900479102,False,False,other,0.006032878597784207
CTCATTTGATGGGCGG-1,6808,14879,-0.8639018486389821,-0.4550982827462971,0.2877261413627107,False,False,other,0.0003537384631143842
CTCCCAATGAGTCGCG-1,12538,8895,-0.0317860138646372,-0.4550982827462971,-0.0502794823909247,False,False,interface,0.041079498526973644
CTCCCTCCTTTCGATC-1,12508,19310,0.8482658389534733,0.744582641942974,0.49083294088354,True,True,interface,0.01444058386257377
CTCCGCCCACATGAGG-1,10937,17495,0.2594244526583787,-0.1277086197197205,0.8452258834909688,False,False,other,0.057316991701462906
CTCCGGCCTAATATGC-1,6216,15217,-0.9381752379118786,-0.2796996289133026,2.247755517404767,False,False,other,0.0022800903389933757
CTCCGGCTTGTAGACA-1,5415,19743,-0.4159395470868001,0.2653496180281555,0.2850936464805359,False,True,other,0.04131536725192142
CTCCTCCAGCTCACAC-1,14684,16260,-0.6022261251499679,0.0902800808194684,0.0510184847026921,False,False,other,0.0017864266865356823
CTCCTGTTCAAGGCAG-1,13326,8671,1.045344328304226,-0.0471424730833262,-0.567150473874177,True,False,tumor_core,0.01367638607512682
CTCGAGGTCGAACAGT-1,8186,15223,-0.570402327706501,0.0390117869572459,-0.8515909240405927,False,False,other,0.02631437425109977
CTCGATATTTGCGAGC-1,7017,10691,-0.3619100659072857,-0.3315713871011935,-0.0788237274702443,False,False,interface,0.10031560695030654
CTCGCACCTATATAGT-1,7204,14201,-0.6987206177354185,0.3870361075222845,-0.2898695019955791,False,True,immune_core,0.0174954295853369
CTCGCCGAATGTAGGG-1,14294,14674,0.1787792002693065,-0.2183582540851525,0.0339019485883,False,False,other,0.0117397426618723
CTCGGGATAACACCTA-1,8600,8204,-0.0820695734579728,-0.5786251783914007,0.9304489852266864,False,False,interface,0.16451658071094763
CTCGGTACCACTGCTC-1,10557,12739,0.3057816803174579,-0.5786251783914007,-0.5680370533556092,False,False,other,0.007872621458730336
CTCGGTCCGTAGCCTG-1,6016,16235,-0.2516240586256832,-0.4032265245584062,0.3286356121891511,False,False,other,0.008881667530600932
CTCGGTTGTCGGCCCT-1,13494,18974,-0.1782584840969617,0.2326484941711196,0.1190431285450164,False,True,immune_core,0.011073363038049372
CTCGTTTCTAATGTTT-1,6821,10124,-0.4295505841111102,-0.2183582540851525,-0.9602894893291094,False,False,other,0.032987203598535124
CTCTAATGCATTGATC-1,7217,9446,-0.040635606357113,-0.4032265245584062,-1.1844899478268545,False,False,other,0.008168353949255181
CTCTACACTGGCGATT-1,10930,19985,-0.3652802714556574,2.368585513618843,0.5403408735888929,False,True,interface,0.32489036349480355
CTCTAGCCCTCGGAAA-1,15484,11734,0.2875945062586669,1.277976885662567,0.8189320956090649,False,True,interface,0.17129206643986641
CTCTATTTGGCTGCAG-1,11932,14214,0.065111274076599,-0.1762798015482156,0.5156781239215847,False,False,interface,0.011752611942031567
CTCTCACAATCGATGA-1,8780,13979,0.7122714802508102,-0.4074093973895744,-1.110585832642189,True,False,tumor_core,0.0017530420426244253
CTCTCGCTGTACTATG-1,7184,21220,0.7398050199771392,-0.5786251783914007,-0.633273852220648,True,False,tumor_core,0.008699745393557874
CTCTGCGAAGCAAGCA-1,4834,16232,0.4494768138808732,0.6532860761053061,1.326282042031359,False,True,interface,0.0597407089558705
CTCTGGACGCCTGGTG-1,8778,14885,-0.2208116617850684,-0.5786251783914007,-0.1359360433857367,False,False,other,0.011209655242670273
CTCTGTTTGAGGATTC-1,5235,13742,-0.477852892542484,-0.4032265245584062,-0.1828752912662286,False,False,other,0.01582394067057859
CTCTTCTATTGACTGG-1,11548,10590,-1.2081099627686014,0.3286392018645452,0.5056512270768588,False,True,immune_core,0.052940695512736696
CTCTTCTGGAAGTTAG-1,14680,17392,-0.7720971745370232,0.3553298409620724,-0.2040522561628842,False,True,immune_core,0.04010089831103968
CTCTTGTCCCGCTTGG-1,13110,15350,0.0313461145793941,-0.2075786508661182,0.5815928071402564,False,False,interface,0.0026999751649123722
CTGAAAGAGATCCGAC-1,6219,14085,0.0222518511156279,0.3407254127632182,0.3481683356236681,False,True,interface,0.035026537096102685
CTGAATCCGAGACCTC-1,11730,15912,0.7438797210507211,0.0280945600025148,-0.3560735178759565,True,False,interface,0.027484412687710666
CTGACATAGAAATAGA-1,12539,8442,-0.1675625782055585,-0.2796996289133026,-0.8404340428764575,False,False,other,0.02040997797921452
CTGACTGCGCAGCTCG-1,8593,10469,0.4706388936325667,-0.5786251783914007,-0.6597555885350215,True,False,tumor_core,0.006600265833570613
CTGAGAAAGTTCGGCG-1,12144,8667,-0.4353634853627399,0.1806854347607987,-0.2568611571695624,False,True,immune_core,0.0038576731940187362
CTGAGAGTAGAAATAC-1,15101,7883,0.3688328119817796,-0.1776270333539154,-0.0042846455459921,False,False,interface,0.008703113888481134
CTGAGCAAGTAACAAG-1,5417,19064,0.3042908796825529,0.0291613777950263,0.8240195316073811,False,False,interface,0.017768240222672867
CTGAGCGAGACTTATT-1,8601,7752,0.3156613337834616,-0.382839680963416,-0.1071119278082404,False,False,interface,0.09120845710461972
CTGATAGTGTATCTCA-1,8763,20092,-0.1536251818090893,0.3348212813966872,0.197104330269983,False,True,interface,0.0681398870100925
CTGCAAGCACGTTCCG-1,14506,9353,0.800424373284353,-0.0839141314853178,0.8404458520062311,True,False,interface,0.046203990469702805
CTGCACAACTACATAT-1,12328,13310,-0.1133101240531473,-0.4550982827462971,0.0039836686426407,False,False,other,0.013062384764535787
CTGCACCTAGTCCACA-1,8204,8656,0.5721346635616299,-0.4550982827462971,-0.1798048301730056,True,False,tumor_core,0.005331307503334008
CTGCACCTGGAACCGC-1,5425,16347,-0.9381752379118786,-0.1069363384455617,1.1337242373438936,False,False,other,0.020590676437961627
CTGCACTCCAGTACAG-1,13114,13991,-0.3182957547229075,-0.2116238999615896,0.5042578378706495,False,False,other,0.004891135686271842
CTGCAGAGAATCAGAG-1,14503,10485,0.8233702333224381,-0.0948313584400489,0.1289988216937054,True,False,tumor_core,0.0008132155275795021
CTGCCAAGGTTGGAAG-1,6616,13180,-0.1065906066449632,0.8060172878308393,0.5365514289478702,False,True,interface,0.10840342072237354
CTGCCATGCATCACAT-1,10354,14889,0.280746925498241,-0.2838825017444708,-0.2753605247394644,False,False,other,0.0037226657204509563
CTGCCCACGAAGCGTT-1,8760,21225,0.3273823973374302,0.2034932138355094,0.1000655446945999,False,True,interface,0.12693332529734563
CTGCCTCATATGCAAC-1,8994,8206,-0.5875701421165457,1.691223496994026,0.7460297808752901,False,True,interface,0.06378914159061512
CTGCCTTTCTAGTAAA-1,14894,11392,0.0420134220906258,0.3961626562248373,0.3070824991175783,False,True,interface,0.08098016571625276
CTGCGGGTGAAATGTT-1,8568,19299,-0.1921838931453976,-0.382839680963416,-0.6746692775293897,False,False,interface,0.08991565131237124
CTGCTGAGGCCACGAA-1,12118,17951,-0.9535391724248692,0.4193140057312101,0.4711173217801999,False,True,interface,0.051130423813444924
CTGCTGTCTAACGAGC-1,12145,8441,-0.129219488945245,-0.2075786508661182,-0.5908386151724793,False,False,other,0.007478195674664124
CTGCTTGGCGATAGCT-1,12919,13424,-0.4166818051836879,-0.1885442603086465,-0.5936180742033791,False,False,other,0.007269232965392375
CTGGAAATGGATGCTT-1,8184,15902,-0.4436837171178771,-0.5786251783914007,0.4510646166488333,False,False,interface,0.017919708431764502
CTGGAAGACACGGTGG-1,12332,11951,-0.8983767055680127,-0.5786251783914007,-0.0666251418576988,False,False,other,0.019544673662492757
CTGGACGCAGTCCGGC-1,12505,20443,0.0134336248261739,0.652978264541322,0.5837297544266733,False,True,interface,0.03978699743682867
CTGGATTTACACTTGA-1,12124,15687,1.7626977335876293,-0.1084838479114762,-0.2307626935776559,True,False,tumor_core,0.04164006764633427
CTGGCATCCGAATGAG-1,11918,18969,-0.2821314391437975,-0.0948313584400489,-0.4514678097117756,False,False,interface,0.2881945069369223
CTGGCGACATAAGTCC-1,5829,12725,0.9996217902500564,-0.4032265245584062,-0.799448232899432,True,False,tumor_core,0.045227212758726175
CTGGCGCACAGGTCTG-1,9771,11831,-0.613147720857098,-0.4550982827462971,-0.7851262684548141,False,False,other,0.0037380811281776676
CTGGCGGGAATAAGTA-1,6401,19406,-0.1717603483906908,-0.4550982827462971,0.2956514542692537,False,False,other,0.004327069316180911
CTGGCTGATTCATCCT-1,11153,11042,0.2586301938996093,-0.3937569079181471,-0.2736667000664214,False,False,other,0.016137926517394877
CTGGCTGGTTGTCAGT-1,13110,15576,0.5755356645163,-0.0531052575089543,0.308334607745141,True,False,interface,0.017172803860341902
CTGGGATAAATAATGG-1,9967,12397,0.2955715702975779,-0.5786251783914007,-1.0670523187635963,False,False,other,0.005345341459900648
CTGGGATACGCTACCC-1,9780,8661,-0.6064459169385776,0.4917440664469253,-0.4355391143852983,False,True,immune_core,0.005970521086711362
CTGGGCCTGCTATATC-1,11131,18514,-0.5241556744061201,0.6560303834359794,1.1517732168832893,False,True,interface,0.09528481481240143
CTGGGTAGGCAGTTAA-1,10950,12966,0.00214489441354,-0.5786251783914007,-0.7147221071904488,False,False,other,0.03162459572473607
CTGGGTTGAGTTAAAG-1,12898,20670,-0.0392027031574313,1.7161500431246035,1.256769026042104,False,True,interface,0.05955310076148515
CTGGTAAAGTGTGGGC-1,14310,9013,1.3279012145678806,0.9235648383111535,0.0591859388845397,True,True,interface,0.10060885226588245
CTGGTAACACATAGAA-1,10756,11947,0.7650504842067664,-0.4550982827462971,-0.9389327770238582,True,False,tumor_core,0.008795168325176335
CTGGTAACGAGCTCTT-1,8198,10920,0.0049078784761061,-0.382839680963416,-0.7054552563652992,False,False,other,0.009271141800191484
CTGGTCATTCCAATCC-1,6990,20201,0.4272360161071879,-0.4032265245584062,1.6852685433963632,False,False,interface,0.02350623117316936
CTGGTTCGCGAGCTAC-1,10767,7871,-0.8710000385082743,-0.4550982827462971,-0.3572641213208,False,False,other,0.012181985999853234
CTGGTTTCGAGCAAGA-1,11544,11949,-0.0938670853963322,-0.1561727332681989,-0.0472573395881454,False,False,other,0.004463901208883955
CTGTACTTCTTAGCAT-1,10153,16134,0.2181534554746215,-0.4550982827462971,-0.5662011029297828,False,False,other,0.003565269739052255
CTGTAGCCATCTCACT-1,13500,16709,-0.610863110471427,1.0253715162661474,1.5246073224778731,False,True,interface,0.09168554941302672
CTGTATGGTGTAGAAA-1,6404,18274,-0.0166673007720105,-0.1557068926782272,0.8283801710987798,False,False,other,0.0017057074414958638
CTGTCAAATGGCTCGG-1,7012,12502,-0.4239704732378627,-0.2838825017444708,-0.1984929934662631,False,False,other,0.003587780199497959
CTGTGCAGGGTAGGTC-1,10750,13984,-0.8272596413938798,-0.4550982827462971,0.0989945731545573,False,False,other,0.044689151922304056
CTGTGGTCGGGAGATA-1,13317,11841,-0.610863110471427,-0.0374296876568034,0.0602213141387652,False,False,other,0.006573319752371749
CTGTTACCCAATCTAG-1,11928,15346,0.8454059167231965,0.6562946712184488,-0.8679006320599777,True,True,interface,0.11722576795590023
CTGTTCACTGCCTGTG-1,6806,15558,-0.8769572734188106,-0.0786698541349702,0.6225746990534837,False,False,other,0.0001526144071284919
CTGTTCATCTCACGGG-1,6799,18049,0.1479297013484015,-0.3734125307819002,0.5638574607092384,False,False,other,0.07906383676978058
CTGTTGGCTCTTCTGA-1,6395,21671,-0.0573369712714668,-0.1277086197197205,-0.7408764769348185,False,False,interface,0.24273793340315122
CTTAAATAAGACCCAT-1,7382,20881,0.5976131670599036,-0.5786251783914007,-0.6273106547690309,True,False,tumor_core,0.019427282320189268
CTTAACTTCGAAGTAC-1,4641,14760,-0.4433232846993227,-0.3734125307819002,-0.2845724489824993,False,False,other,0.020818908584122456
CTTAAGCAGCGAGCCG-1,12502,21575,-0.1364785290035721,0.8703830935444874,1.1340935674807031,False,True,immune_core,0.03128064224343908
CTTACACGGTATTCCA-1,8575,16809,-0.4042554987323702,-0.1084838479114762,-0.1848750108742779,False,False,other,0.006708243211447845
CTTACACTGGGAAATA-1,5621,16461,-0.9918391067740788,-0.4550982827462971,0.912897137660328,False,False,other,0.017361499344215943
CTTAGCCCGGATAGTG-1,7776,20882,0.3683718565217498,-0.3937569079181471,-0.5560787965775853,False,False,interface,0.03325781172188925
CTTAGCCTTCCACATG-1,6813,13068,-0.26972557586304,-0.4032265245584062,0.3993696026442925,False,False,interface,0.04411816382878503
CTTAGTAGGCCTACAG-1,8791,10356,0.3174487977507839,-0.5786251783914007,-0.5549879697255279,False,False,other,0.008071752968094786
CTTAGTGTAGTAGCAT-1,14497,12523,-1.1482178218484431,0.9477877656288588,0.5973273143089362,False,True,immune_core,0.13906867913147483
CTTATAGATGGCTGTT-1,14509,8448,0.2172898414045833,-0.4550982827462971,-0.5129820795740295,False,False,interface,0.04145749709997324
CTTATGCGCTCAGGGC-1,10928,20665,-0.3277541109026475,3.1338755695568334,0.4616132373686635,False,True,immune_core,1.142846279687298
CTTATGTTGACTACCA-1,5024,18836,0.1515448663792953,0.2112943857515837,0.712621431239949,False,True,interface,0.03825373697102526
CTTCAACTCCACTTGG-1,14101,13201,-0.6308090623841723,-0.4074093973895744,-0.1518574264586414,False,False,other,0.0037924309221451374
CTTCAGTGGTCGCCTA-1,13097,19878,-0.0828073713837169,1.88693271833566,1.260173371641541,False,True,interface,0.1465760982354591
CTTCATAGCTCAAGAA-1,6209,17708,0.9553970265303812,-0.4550982827462971,-0.4258481251834233,True,False,interface,0.12388243113752388
CTTCATTGTCAGTGGA-1,9565,15113,0.8190690083944302,0.0888066925236798,1.185102862243211,True,False,interface,0.01581012205269449
CTTCCGCTCCGTGAAG-1,13502,16256,-0.6708809263195151,2.5005937602492003,-0.0085627153946773,False,True,interface,0.5408063876883595
CTTCGATTGCGCAAGC-1,15878,11961,-0.2894247642172704,2.420439816213914,1.041528785126941,False,True,interface,0.13436053180886023
CTTCGGCCAATTGTTT-1,12339,9460,0.1602992408841959,0.0663763890406778,1.857246384824403,False,False,other,0.011759530178024682
CTTCGTAGATAGGTGA-1,10151,16813,-0.1238899581893752,-0.5786251783914007,0.1161036751323838,False,False,other,0.016580863509670685
CTTCTATGTTGAAGTA-1,11525,18742,-0.7768018372951763,0.3592481528553303,0.4637479407653812,False,True,immune_core,0.02508888372302322
CTTCTATTAATGCTAG-1,12516,16593,-0.7009801103628901,1.587619095433895,0.6991021704100536,False,True,interface,0.5261003563487688
CTTCTTACGTCGTATA-1,5231,15101,-0.4369887020096418,-0.1363868668757486,1.056643368043499,False,False,other,0.07949667580268029
CTTGAGGTTATCCCGA-1,4826,19176,0.1100253882378416,-0.4550982827462971,1.2357026958249524,False,False,interface,0.039299235015860454
CTTGAGTTAGGGTAAT-1,10167,11379,-0.1228605374849523,0.1176446829029002,0.1870301500794078,False,False,other,0.03188187290548467
CTTGATGACCATCCAG-1,16275,10830,-0.8280182415826397,0.5316629621120329,0.0063404116969434,False,True,interface,0.41271178746836124
CTTGCAACCGCCTCCT-1,10933,19080,-0.6195421354211781,-0.4550982827462971,0.2661352112265783,False,False,other,0.36951364251406016
CTTGCCCAGGCTCTAC-1,11336,15684,0.4347739999857376,-0.3720652989762003,-0.6687235219841596,False,False,interface,0.28844209311791974
CTTGGCCAAGCTGGGA-1,14489,15467,0.5989689684886991,-0.382839680963416,-0.0119470376060798,True,False,interface,0.031447624591901265
CTTGTACTTGTTGACT-1,6607,16124,-0.7316650826974563,-0.5786251783914007,-0.0706565862633969,False,False,other,0.0015039793579748684
CTTGTCAACATTCGAG-1,12325,14442,1.119686117484718,0.2438609692204274,0.9783103563447434,True,True,tumor_core,0.04042403789325872
CTTGTGCTCACCGATT-1,6818,11256,-0.3123104137389034,-0.2918046089188153,-0.166383997575202,False,False,other,0.0029783403674708817
CTTGTTGCTGAGTCAA-1,9965,12850,0.2924530848042384,-0.5786251783914007,-0.6746692775293897,False,False,other,0.001451482124281405
CTTGTTTATGTAGCCA-1,6009,18726,0.8653191496679778,-0.5786251783914007,0.126291351120931,True,False,tumor_core,0.021891288117752133
CTTTAACTTTCAAAGG-1,7006,14314,-0.7315061001826749,-0.2838825017444708,-0.9420739579466548,False,False,other,0.003140949923552421
CTTTAATATTGGTCGA-1,12524,13650,0.3139258431457979,-0.4032265245584062,0.6112489233966562,False,False,other,0.051459002302855696
CTTTACCGAATAGTAG-1,12331,12404,-0.9385440908881818,-0.2796996289133026,0.1460500696937439,False,False,other,0.009803616222874921
CTTTAGGAACACTGTT-1,10559,12059,-0.0390293951130176,-0.3311055465112218,-0.1676635994703098,False,False,other,0.009647449077204183
CTTTAGTGCTATTATT-1,11142,14665,-0.948836579639958,0.295492728428969,-0.3158466281910265,False,True,immune_core,0.045450505036494816
CTTTCTGTGCGGGCTT-1,13113,14444,0.5917820821689528,-0.5786251783914007,-0.105972556740204,True,False,interface,0.023523784768121166
CTTTGACGTCGCTTCT-1,11122,21910,0.1355413887822011,2.170295847714126,1.9251391609709816,False,True,interface,0.1734751217093202
CTTTGCATCGCTCTTG-1,14304,11277,-0.7991466183864991,0.9458584279124238,0.3940141779965139,False,True,interface,0.3120117242544341
CTTTGCTGTCATGGAT-1,11949,8101,-0.2539168708134013,-0.3315713871011935,-0.1595483650140763,False,False,other,0.0015697880103921905
CTTTGGCGCTTTATAC-1,8764,19866,0.3874494871032531,-0.382839680963416,0.0437419421786598,False,False,interface,0.11132982017825611
CTTTGGCTTTAGTAAA-1,8771,17375,-0.6524213664731039,-0.2116238999615896,-0.5237722972003772,False,False,other,0.003467525536447935
CTTTGGGATTGTTGCA-1,14682,16939,-0.9006083365056702,-0.1561727332681989,-0.1160325363138762,False,False,other,0.010869571808079043
GAAACAGATGACCACC-1,10363,11493,0.4971060286127794,-0.022615223115911,-0.3100284514740009,True,False,tumor_core,0.0140106899987266
GAAACAGCCATGCAGT-1,5035,14987,0.2749542890920032,-0.2918046089188153,0.7804187399813479,False,False,other,0.02267402389431587
GAAACCATGGTGCGCT-1,7808,9561,0.4930671908257395,-0.3321723643037333,0.0717338004352286,True,False,tumor_core,0.005653691353603291
GAAACCGAATTACCTT-1,11335,16137,-1.1556736547536357,-0.1277086197197205,0.1039865757722326,False,False,other,0.01777911683771025
GAAACCTATACAAATG-1,14290,16032,-0.3928679578215917,-0.1561727332681989,1.012648313021929,False,False,other,0.008759134469099646
GAAACTCGTGCGATGC-1,7978,19184,0.7348905036055048,-0.1561727332681989,0.6247702446324557,True,False,interface,0.014669412443247038
GAAACTCTAATGAAGG-1,5038,13629,0.4779281534923955,-0.0138043199165478,0.510964735194371,True,False,tumor_core,0.024406497341204574
GAAAGAACAGCGTTAT-1,9776,10246,-0.3852743476499251,-0.2485384033310967,-1.174631372451954,False,False,other,0.011356232129040694
GAAAGCAGTGCACTTT-1,13503,15804,-0.1925345344023264,1.2830497040800803,0.7344910045132075,False,True,interface,0.1757821834684371
GAAAGCCCTTTGGACC-1,9356,19528,0.0638745056863198,-0.5786251783914007,0.833446256470377,False,False,interface,0.10356794755727124
GAAAGTGACTAACTGC-1,7389,18390,-0.1102768027010138,-0.2796996289133026,0.2122991827039418,False,False,interface,0.02290018255867393
GAAATACTAAACGTTT-1,6007,19405,0.2857725858283806,-0.2278278707254115,0.5662811446119158,False,False,other,0.003716201032925902
GAAATATCACCATCAG-1,8962,19300,0.7415207129948553,0.9612018512987548,0.9624864910303716,True,True,interface,0.1899311914763385
GAAATCGCGCGCAACT-1,6022,14198,0.5101588545601754,-0.5786251783914007,-0.1582658698853624,True,False,interface,0.20000717675756183
GAAATGGCGGTGTTAG-1,8381,16016,-0.1374228236313393,0.2442244345667465,0.5345238020860946,False,True,other,0.06203440886928718
GAAATGGGATGTAAAC-1,5021,19969,0.8496728470981513,-0.5786251783914007,0.4468666597934333,True,False,interface,0.08700842979055935
GAAATTCACATCGCTG-1,5031,16346,-0.4749691113730211,-0.3315713871011935,0.7832912932514589,False,False,other,0.048634712717134966
GAAATTGTCTCTATAA-1,10942,15910,-0.8739599108110652,-0.4550982827462971,0.3781415647350415,False,False,other,0.009011627032642995
GAACACACATCAACCA-1,6804,16238,-0.5741420183249637,-0.5786251783914007,0.5848709073147264,False,False,other,0.0037198715735666022
GAACAGATTACTAAAT-1,13705,13880,-0.0265867950967319,1.1529842243671735,0.5470714047373731,False,True,immune_core,0.12300513337168185
GAACCCTCTGTGTTCT-1,14098,14334,0.9216864726078904,-0.1603556060993672,0.0424670904836482,True,False,interface,0.289062767601627
GAACCTCGACCTACAC-1,10534,20890,-0.0928607208618538,0.3204105067608821,0.1271472235721494,False,True,interface,0.20517612167774643
GAACCTTTAACGATCC-1,14890,12977,-0.0648477319933944,-0.382839680963416,0.5279789531064518,False,False,other,0.019282818415633177
GAACGACCGAATGATA-1,6217,14764,-0.0762987661080699,-0.5786251783914007,0.9308908836946967,False,False,other,0.04173174007597479
GAACGCGGGTCACACG-1,11946,9006,-0.6686129593201892,0.2238800574304995,0.2692244781905967,False,True,immune_core,0.02832116964766228
GAACGTCTCATGGTCG-1,8589,12054,0.6104384329853249,-0.5786251783914007,-0.4883327009777069,True,False,tumor_core,0.006749677022685672
GAACGTTAGGAAGACG-1,8960,20206,1.4423181965192098,1.1935525867487111,-0.0147354141572634,True,True,interface,0.20415790566687989
GAAGAAACGATATTGT-1,14086,18636,1.111941326262603,3.24705481649725,0.835403690467949,True,True,interface,0.8672201444698834
GAAGCCACTGATTATG-1,15281,14110,0.2164606589381157,0.7821301406668535,0.1001182078318801,False,True,other,0.17185154272359252
GAAGCCGGGTAAGCTC-1,6986,21559,0.6241000658957446,-0.4074093973895744,0.593178609820753,True,False,tumor_core,0.012760487270129761
GAAGCCTGCACATTCC-1,14490,15014,0.4010573054445377,-0.1979714104901624,0.5408688340117003,False,False,other,0.0008215622939676124
GAAGCGTGAGGAATTT-1,9171,15112,0.3306350928762861,-0.0050640205463892,0.8513414188911295,False,False,other,0.018398640047463614
GAAGCTCGGACCCGTC-1,13295,19539,-0.1446839427143917,0.0800288785121051,0.0103607591837357,False,False,other,0.037378917028381524
GAAGCTTGCTGACCGC-1,8178,17940,1.4316597835190186,-0.2225411269163208,0.3843551010226511,True,False,tumor_core,0.029929961354781865
GAAGTCAGTTGCACTA-1,12716,15349,0.480685046298164,-0.2074410271304214,-0.467438299284626,True,False,interface,0.010667231579831378
GAAGTCTCCCTAGCGA-1,9772,11604,-0.1327704309853407,-0.5786251783914007,-1.0482914530664302,False,False,other,0.0013326860033169565
GAAGTGATTTATCGTG-1,10152,16587,-0.0980635934071009,-0.4074093973895744,-0.1261710777632476,False,False,other,0.006588059050451234
GAAGTGCTGGATAGCT-1,5429,14988,-0.8991097385110141,-0.160956583301907,0.7126758218013737,False,False,other,0.10178381913346697
GAAGTTTCCACTCAAT-1,9561,16698,-0.2507523062949507,0.810337703633257,1.1825270092775575,False,True,immune_core,0.08930842626352216
GAATAGACGCGACCCA-1,10757,11494,0.6786316351256433,-0.5786251783914007,-0.4972591544585038,True,False,interface,0.39164566423834407
GAATAGCATTTAGGGT-1,11554,8552,-0.6573880360662143,-0.3937569079181471,-0.8882881048994974,False,False,other,0.015284594406778465
GAATAGTGCTCGATTA-1,14285,17844,-0.6162022185509821,3.086843731857785,0.4138477694032199,False,True,immune_core,0.11419064961798804
GAATCGACATGGTCAC-1,7589,17145,0.1709390002151351,-0.0320423732974268,0.1405617595497846,False,False,interface,0.022036160420628063
GAATCTGAACATTCTC-1,10748,14664,-0.6179500904003162,-0.382839680963416,0.7116623078082824,False,False,other,0.009340983426716644
GAATGCCGAAATGACC-1,6596,19973,0.886124190753182,-0.4550982827462971,-0.4612518122691492,True,False,tumor_core,0.0024016125096364637
GAATGCGAATCGGTTC-1,14887,14109,-0.2821314391437975,1.4576009112829622,-0.0740017155501207,False,True,immune_core,0.07483418651847808
GAATGGGCTTATCGAC-1,10336,21229,-0.2463930159290991,-0.2796996289133026,-0.0010389053047117,False,False,interface,0.039577508321200536
GAATGTGGTCCGGATT-1,10951,12740,0.1864204981798962,-0.2021967497800738,-0.7783710445955625,False,False,interface,0.02558196205483392
GAATGTTGGGTAATCT-1,7007,14087,-0.8983767055680127,-0.5786251783914007,-0.3171047098842355,False,False,other,0.005693574380264711
GAATTATAGTGAAAGG-1,9174,14206,0.6034763089286764,-0.3720652989762003,-1.0569315334259122,True,False,tumor_core,0.0003569180160372237
GAATTCACCCGGGTGT-1,11730,15685,-0.0414902375041982,-0.382839680963416,1.6244941440412208,False,False,other,0.06184170244866515
GAATTTCTCGCTGCAG-1,7980,18505,-0.0352673584241227,-0.4550982827462971,-0.3621991877783099,False,False,interface,0.02542719976174011
GACAAACATATGCAGG-1,11154,10589,-0.0115500359756047,-0.382839680963416,0.1318807357673986,False,False,other,0.004863542439702472
GACAACGACCATTGAA-1,7404,13182,-0.7238710013759774,0.4431587940588421,0.6769479282950781,False,True,immune_core,0.022273941656576802
GACAACGCAGCTTACG-1,6411,15784,-0.5579727598432369,-0.4550982827462971,0.1184383489507099,False,False,other,0.0054757892719552925
GACAAGAGATGAGATT-1,13523,8784,1.1981091356308866,-0.1069363384455617,-1.0099629969183714,True,False,tumor_core,0.0058202681686086695
GACACAAGGGAAGAAA-1,8387,13751,0.3482180462085993,-0.5786251783914007,-0.7783710445955625,False,False,other,0.007215531850228388
GACACGAGTTAGAGGA-1,6205,19066,-0.567131394651971,-0.2918046089188153,0.7606411069779223,False,False,other,0.030953882833368408
GACACTGAGTTCAGTG-1,11137,16703,-0.5037970543507917,-0.1603556060993672,0.4720138733973997,False,False,other,0.007514742468880394
GACACTGGAACCCGAT-1,12733,9461,0.583789604242095,-0.1776270333539154,-0.6449520088660383,True,False,interface,0.008822282425046075
GACAGATTTCTGGCTC-1,11124,21005,0.2677196106028955,0.6528028615270474,0.813240682497968,False,True,interface,0.0907657112381224
GACAGCCAGACCTGAC-1,10755,12173,0.4658775157102156,-0.2278278707254115,-0.7140941234909334,True,False,tumor_core,0.002369910559641412
GACAGGCACACACTAT-1,9947,19416,0.7314324007237067,0.6587656459526756,0.8828290048642267,True,True,interface,0.153330052218585
GACATACTGTCGCAGA-1,6594,20879,1.061425040102472,-0.3311055465112218,0.8213741860011794,True,False,tumor_core,0.019556109639900846
GACATCCGTCGAACTG-1,15281,13884,-0.5865472075735825,-0.3321723643037333,-1.077319006265432,False,False,interface,0.07971928418744466
GACATCGATTTATAAC-1,12714,16254,-0.0057440820660848,0.6860420599111858,1.2161335327803908,False,True,interface,0.007538805273512258
GACCAAACGTTGACTG-1,13914,9691,0.7392354730284456,-0.2320107435565798,0.4293243297034501,True,False,tumor_core,0.011563540086313807
GACCAGAGCCCTGTAG-1,8576,16582,-0.6081877406396742,-0.382839680963416,0.3287997829999626,False,False,other,0.020971820232459557
GACCCAATTATGATAC-1,13098,19652,0.1310776969652815,0.8687948635441061,1.7015420424528025,False,True,interface,0.08594104136860643
GACCGACGTGAAAGCA-1,9976,9227,-0.3132339260285225,0.8964867509500818,-0.3647734538569305,False,True,immune_core,0.018636185291612695
GACCGACTGAAGCGTC-1,9159,19414,0.9678697490505048,0.5770879658326541,0.5035066564239508,True,True,interface,0.1201737059321825
GACCGCGTCTGACGTG-1,12340,9234,-0.0546093384816418,0.7354909485080802,0.4563559462027526,False,True,interface,0.0784253130139156
GACCGTGCTGACGGTG-1,10350,16021,0.0270683047645162,-0.3311055465112218,-1.0964879840895336,False,False,interface,0.002144356807802807
GACCGTTACATGCGAC-1,9942,21228,0.9612811614917812,-0.4032265245584062,-0.0726193546700059,True,False,interface,0.4775273873613821
GACCTTCCACGTCTAC-1,15479,13545,0.0344493961346297,0.4410767497872427,0.1288296052040741,False,True,immune_core,0.025098717165669363
GACGACGATCCGCGTT-1,12720,13990,0.2921937803096038,-0.3734125307819002,-0.9942405514455016,False,False,other,0.007325082664954123
GACGAGGCTAATAAAC-1,13518,10596,0.1500838436675696,-0.2838825017444708,-0.5611559780180854,False,False,other,0.005412777691618767
GACGCCGTAAAGGCTA-1,13109,15803,-0.806813920511474,0.2202556953431279,-0.0721087055973724,False,True,interface,0.10544368344962622
GACGCTTGCTTCTAAA-1,9951,17831,0.5778963520166648,-0.4550982827462971,-0.1979863061777548,True,False,other,0.07940877914039757
GACGGGTTGGCCCGTA-1,14487,16146,-0.6313208990144175,-0.2498856351367965,-0.3224350642032844,False,False,other,0.009399580650378984
GACGGTCAATAGAAGC-1,8396,10581,0.4981145128606244,-0.2485384033310967,-0.0700064499676921,True,False,tumor_core,0.005413861501491399
GACGGTCCTAGGGTGT-1,10965,7758,-0.6157184594626587,-0.5786251783914007,-1.077319006265432,False,False,other,0.015593404186647142
GACGTGTAGGGATTAT-1,7980,18279,-0.1947352965118855,-0.4550982827462971,-0.7008883431184489,False,False,interface,0.031196033900708204
GACTAAGATCATGCAC-1,7002,15898,-1.2208334840172324,0.2100899442233754,-0.0907556446991084,False,True,immune_core,0.016304810486930766
GACTAAGTAGGCTCAC-1,7787,17033,-0.4744303473098079,-0.1126667207426445,0.7986602447172008,False,False,other,0.011453017835132142
GACTACAAAGCGGTGG-1,12113,19536,-0.3369891344562201,0.7504871423846879,0.2616989475747455,False,True,interface,0.018975528956611
GACTAGGCCGTTAGGT-1,15481,13092,-0.0624376786123516,0.2112943857515837,-0.2477427236867604,False,True,immune_core,0.01152280572136106
GACTCACCCACGTGAG-1,9974,9907,-0.4706069300988132,-0.2086454686586297,-0.4574195794429551,False,False,other,0.00490316035860687
GACTCCCAGAATAAGG-1,7808,9334,0.3705597688379677,-0.5786251783914007,-0.1394048730542325,False,False,other,0.007950906951690652
GACTCGCGGGAATGAC-1,8001,11033,0.6117461313698414,-0.4550982827462971,-0.6973544727785096,True,False,tumor_core,0.0009124329475343175
GACTGCAAATCGAGCT-1,14101,13428,0.0365787926262445,0.5012136830871845,0.1179227290727799,False,True,immune_core,0.050107404284957024
GACTGCACCAGCCCAG-1,11541,12855,-0.6278491900813814,-0.5786251783914007,-0.2116987738387476,False,False,other,0.006630593819845446
GACTGCGGCACGTGTA-1,7778,20203,0.4105592129879939,-0.382839680963416,0.0846256932920955,False,False,other,0.012241245074517513
GAGAACGGTTCTGACT-1,15686,10262,0.7857078434719426,0.3688128154954768,-0.2179902890532164,True,True,interface,0.07683747013449212
GAGAATCTCACGATCA-1,8563,21337,-0.1427361058278057,0.380064177050769,-0.1258881336800613,False,True,immune_core,0.2646340292634231
GAGACTGATGGGTAGA-1,7988,15562,-0.0184933791436227,-0.2498856351367965,-0.3087849999639919,False,False,other,0.004462516013968604
GAGACTTCGCGACCGA-1,12913,15462,-0.1460464769215706,-0.2074410271304214,0.7723404050325691,False,False,interface,0.005533451394876481
GAGAGCGCAGTCCCTG-1,7972,21222,0.9594953524026472,-0.3321723643037333,-0.6712001030341401,True,False,interface,0.074173068380491
GAGAGGGCGCGAGGTT-1,9953,17379,-0.4127440821050552,0.057159650753533,0.0747857306982771,False,False,interface,0.038987863187017656
GAGAGGTGCATTCTGG-1,11131,18740,-1.099258059803786,1.5648317468035264,1.7365425611715062,False,True,immune_core,0.23948989113785293
GAGATCTGCTTGGCAT-1,9166,16924,-0.1481296799474873,-0.3315713871011935,-0.0723904849956091,False,False,interface,0.03126872307225019
GAGATCTGTCACTCCG-1,8388,13525,-1.1462316608124483,-0.5786251783914007,-0.8870696098840793,False,False,other,0.02280441381443125
GAGATCTTCCATGACA-1,11343,13194,-0.4745375849289392,-0.4074093973895744,-0.0575533783454689,False,False,other,0.0018652350215090077
GAGATGACAATCCTTA-1,7812,8202,0.4632658150150404,-0.4550982827462971,-0.090403908839184,True,False,tumor_core,0.02716730345922358
GAGATGGGAGTCGACA-1,12721,13764,0.5579858651541948,-0.3720652989762003,0.8533156417785281,True,False,tumor_core,0.014083001805987894
GAGCACCTGTGTCCAG-1,13905,12861,-0.4114657192699449,-0.1353200490832371,-0.0700485630542038,False,False,other,0.005474654599450961
GAGCACGGCGCCTCTT-1,10767,8097,-0.151451187144508,-0.5786251783914007,-0.7943931192799639,False,False,other,0.007557148403847192
GAGCCACGGTAGTAGG-1,4242,16570,-0.8632530588876397,-0.5786251783914007,-0.059633141707933,False,False,other,0.039534410595369045
GAGCCAGCTACCTGTG-1,12923,11840,0.1907143724779027,0.1920696139433394,0.092241268741304,False,True,other,0.024460763794259183
GAGCGAGGGAGTACCG-1,5231,15327,-0.1736896613962109,0.5937221434275737,1.1861675987094802,False,True,interface,0.1507123466063084
GAGCGCAAATACTCCG-1,12535,9801,0.1296806071543429,-0.1467031166279399,-0.8975985073486991,False,False,interface,0.021657759351664207
GAGCGCGCACGAGTAG-1,12136,11384,-0.4111130152866384,-0.2498856351367965,-0.3674485395632171,False,False,other,0.025622299621942037
GAGCTAAGGGCATATC-1,8193,12505,0.1396608766871789,-0.4550982827462971,-0.5884245261951291,False,False,other,0.002884162966945897
GAGCTCTCGGACCTAA-1,5420,18158,-0.0720708298550515,-0.4550982827462971,1.1010026509759463,False,False,other,0.015965554646673933
GAGGAATGGAGAGGTT-1,7783,18391,0.4747218691598877,-0.5786251783914007,-0.1209625651197611,True,False,tumor_core,0.03608101673084252
GAGGATAAACAGTGCT-1,10370,9002,-0.3242714299215469,-0.0575853298286526,0.0293829261054707,False,False,other,0.00623123473873191
GAGGCCCGACTCCGCA-1,13296,19313,0.2348501316071926,-0.1561727332681989,1.1046968083912156,False,False,other,0.10824870131847926
GAGGCCTGTTGATACA-1,14899,9807,0.3498116170953885,0.5193890825435457,-0.1130730658872782,False,True,interface,0.015435864092231744
GAGGCTATCAAAGTCG-1,9358,18849,0.6139871993022415,-0.5786251783914007,-0.5483293581438655,True,False,tumor_core,0.030782959293199935
GAGGGCGCAGCTCTGC-1,7801,11825,0.6366565189465062,-0.4550982827462971,-0.4535769243297274,True,False,interface,0.01779835779505698
GAGGTACATCCATCTT-1,4840,14194,0.5308163957337537,0.0704216381361492,0.2571799766262018,True,False,interface,0.0008748206471794797
GAGGTACGCGTGTCCC-1,15674,14338,0.382650024768111,-0.120588827916989,0.5876151065233843,False,False,interface,0.009548918788836411
GAGGTCCCAAAGATCT-1,6008,18952,1.143421944116362,0.0698925985262634,0.9184910724151992,True,False,tumor_core,0.024863296594674813
GAGTAAACCGGAAAGT-1,12538,8668,0.3299538965533311,-0.2075786508661182,-0.8799904935400791,False,False,interface,0.03338867353613038
GAGTAAGGCCACGGGA-1,11914,20328,0.9267625176577357,0.3674422475433191,0.0088002285472334,True,True,interface,0.05000743427717269
GAGTACGGGTATACAA-1,5423,17026,-1.348366143141215,-0.2796996289133026,0.3170822751775939,False,False,other,0.025666499427208004
GAGTAGATACTAGTTG-1,14688,14675,0.0233975987264644,-0.000881147715221,0.3420945880128699,False,False,other,0.006382496426131881
GAGTATCAAAGTTACA-1,13721,8219,0.554866039536412,-0.3315713871011935,-0.5680370533556092,True,False,tumor_core,0.005771879995975628
GAGTATGCCCGCCTTG-1,12121,17045,-0.9525328078903909,0.4073804846585315,0.7010819184179776,False,True,interface,0.05835010136129992
GAGTATGCGCGTGCAT-1,14887,13883,-0.0269688756796226,1.007903442231625,0.2761356709993754,False,True,immune_core,0.06354162774178455
GAGTCAGACCAGAATC-1,13501,16483,0.4431371980349828,1.402485705846339,1.5829025251427191,False,True,interface,0.42943107425823657
GAGTCCGCTTACCGGA-1,11534,15345,-1.2208334840172324,-0.0840517552210146,-0.0836386989479602,False,False,interface,0.41156494446196445
GAGTCGACAGACCCTC-1,8170,20883,0.8492350774882883,-0.1762798015482156,-0.0258390988304003,True,False,interface,0.03279186215365862
GAGTCTTGTAAAGGAC-1,11713,21799,-0.4449084275804462,0.6710192748131364,0.2461322633953474,False,True,interface,0.12165547470130673
GAGTGTCAACCAGAAA-1,14891,12524,-0.6507146222633062,0.117813324004342,-0.0084448876143728,False,False,other,0.021473742569098783
GAGTGTGCGGTACCCA-1,11150,11948,-0.6035487052555242,0.2046655232177745,0.0235976535474702,False,True,immune_core,0.00932855228213385
GAGTTGATGGCAATTT-1,12507,19763,-0.0008092832013802,0.3387382366234623,0.6384133566354128,False,True,interface,0.03387750704786774
GATAAATCGGTGGATG-1,5422,17253,-0.9381752379118786,0.0281146538654709,0.9114877658526492,False,False,other,0.036371054255479235
GATAACTCGCACTGTG-1,10165,11832,0.9005055157811006,-0.0374296876568034,-1.0306834392578104,True,False,tumor_core,0.043601782495766746
GATACCGTGTCGGAGT-1,10571,7531,-0.5378543681981174,-0.0254508641413794,0.0510479651094539,False,False,other,0.011247169749664387
GATACGATGGGAGTCA-1,11333,16816,0.1438812542862973,0.1934142729395484,0.1648530101799436,False,True,immune_core,0.015506530755684785
GATAGGATTAATTACA-1,10374,7643,-0.7494246142948279,-0.2498856351367965,-0.6304197086372877,False,False,other,0.008635808023817465
GATAGGTAACGTTGAC-1,11929,15120,-0.2144361450753003,0.5518501508559568,0.9122535360663674,False,True,interface,0.04084814488770572
GATAGGTGTCCCGGGC-1,10176,7982,-0.7528963232278639,0.1258639861706783,0.0822153327109811,False,False,other,0.006354357808757807
GATATCTCATGCAATA-1,4837,15326,-0.3044565075360998,0.1784570181211644,-0.2083827047509154,False,True,immune_core,0.05777336857090731
GATATGAGACACTAAC-1,10163,12737,0.4262042880442043,-0.4550982827462971,-0.7081664945950565,False,False,other,0.0023071377933635033
GATATGCGGTAGCCAA-1,6226,11594,-0.1777076708190963,-0.1258928989017212,1.5752119955255632,False,False,other,0.007306940839596955
GATATGGATTACGCGG-1,7976,19864,0.3570006771029183,-0.5786251783914007,0.4557546459497477,False,False,other,0.00452824860701662
GATATTGAGATTGGCG-1,9184,10584,0.3210313227724113,-0.2075786508661182,-0.8335414578166498,False,False,other,0.0034449505584812344
GATATTTCCTACATGG-1,5832,11819,-1.2208334840172324,-0.5786251783914007,-0.8836230775328475,False,False,other,0.02719589168058284
GATCAACATAAAGGGA-1,14679,17845,-1.2208334840172324,1.1880111631738968,0.0557473669702993,False,True,immune_core,0.26212179687048626
GATCATTCCAAACATT-1,8382,15563,0.1706603423742857,-0.5786251783914007,-0.781840219090812,False,False,other,0.01928224388176854
GATCCCTTTATACTGC-1,7989,15109,-0.4743510841671409,-0.5786251783914007,-0.4885112210976286,False,False,other,0.02199365185474832
GATCCGAATATAAGTG-1,9586,7868,0.6203630643404277,1.4694039984331253,0.7294566949148944,True,True,immune_core,0.07723074266354855
GATCCGGGAATTAACA-1,10160,13643,0.6536215233239464,-0.5786251783914007,-1.0102959664182904,True,False,tumor_core,0.00625639363748775
GATCCTAAATCGGGAC-1,7803,11146,0.1165266960275156,-0.2021967497800738,-0.7546040205962018,False,False,other,0.007715514540714289
GATCCTCGACACTGGC-1,12314,18291,-0.5313577788899028,1.8784409998587797,0.012976326894812,False,True,immune_core,0.22512754975090998
GATCGACACTATCTGA-1,7788,16580,-0.4086650234724786,-0.2498856351367965,0.978447769386282,False,False,other,0.010421851409594977
GATCGCGGGCTCTCCA-1,9563,16019,0.2393676450887277,0.2607745369146217,0.2299114284491581,False,True,interface,0.03079546649108213
GATCGCTACCCGATTT-1,12335,10819,-0.5719494091848611,-0.5786251783914007,-0.5614739828827678,False,False,other,0.016162515562762145
GATCGGATAGAACCAT-1,10535,20437,-0.208563157880095,0.6568264705277287,0.6005408922441637,False,True,immune_core,0.12902408899082993
GATCGGCGATAAGTCG-1,6398,20312,1.5979899192807685,-0.4550982827462971,-0.1802956386256675,True,False,tumor_core,0.043862540097020085
GATCGGTGGCCATAAC-1,7992,14203,1.19859757249793,-0.4074093973895744,-0.9015640608413864,True,False,tumor_core,0.03404289182485503
GATCGTGACTGATATC-1,9963,13756,0.3543390499959379,-0.5786251783914007,-1.110585832642189,False,False,other,0.0030973625371139694
GATCTAACCGTATTCA-1,12700,21236,0.5828348872971059,0.7786115061882218,0.1396774049765562,True,True,interface,0.011650610591412983
GATCTCGACGCTGTGG-1,12341,8555,-0.4192146215246694,0.7495527072166793,0.714622701054852,False,True,immune_core,0.053929076650560494
GATCTGCTATCTAAGG-1,14686,15581,-0.2562160968249546,0.1166088824761337,-0.3968205719844215,False,False,other,0.009446403530829647
GATCTTCATTGTCCTC-1,6200,20878,0.7686599688209897,-0.4550982827462971,-0.2016852952306624,True,False,tumor_core,0.008205217625593881
GATCTTGGAGGGCATA-1,11144,13986,0.445436012411835,-0.5786251783914007,0.0319586914328747,False,False,other,0.0332203939475399
GATCTTTGCAGGGTAT-1,9558,17604,-0.1619549171994534,0.057159650753533,0.241822078473262,False,False,interface,0.008368586253255431
GATGACAAGTAGGGCA-1,13693,18182,-0.7857087675019433,2.8361719463644275,0.1519285652771491,False,True,immune_core,0.7533779176444807
GATGCCAGCAGAAGGC-1,6990,19974,0.412389796115257,-0.5786251783914007,1.083728927381998,False,False,other,0.016228584179757238
GATGCGAATGGTATTA-1,7579,20768,0.9693572674007812,-0.0786698541349702,0.2324722518731453,True,False,tumor_core,0.06138513916768759
GATGCGTCCTGCATTC-1,9761,15453,0.6119149687241496,0.1703346332866052,0.3201123347381087,True,False,interface,0.010088513015400336
GATGCTACAAGCGCCT-1,5819,16122,-0.998532697632257,-0.4550982827462971,0.5507807781746996,False,False,other,0.02767178594546996
GATGCTGTATTTCATC-1,10949,13419,-0.527873019859252,-0.0433257557215961,-0.0138640916404934,False,False,other,0.013707202402009835
GATGGCGCACACATTA-1,6206,18613,0.2712660535560744,-0.3937569079181471,0.2272116687449077,False,False,other,0.008682256309529847
GATGTAACGAACCACC-1,12507,19537,0.8786307557302487,0.3896714708875383,0.9697538103656366,True,True,interface,0.03253109828368225
GATGTTCAATCCACGA-1,10545,17041,-0.7720971745370232,-0.0786698541349702,0.9699353749495796,False,False,other,0.01695095364528541
GATGTTTGTGCGAGAT-1,6404,18501,0.9225874048763496,-0.2116238999615896,0.656622979810268,True,False,tumor_core,0.0025061830437006524
GATTAACCGAAAGCCC-1,13318,11388,-0.2531359254593108,-0.5786251783914007,0.3834549534253382,False,False,other,0.025004114300626556
GATTACTGAATTTGGG-1,10543,17493,-0.3614946951009574,-0.4074093973895744,-0.0340301692171216,False,False,other,0.007624930377787655
GATTCCCTTGTCGCAG-1,7400,14315,-0.1559316986645389,-0.5786251783914007,0.2901458146980481,False,False,other,0.037013071952715415
GATTCCGCGTTTCCGT-1,5630,13291,-0.3664736872382982,-0.1250115076859931,0.03632535631327,False,False,other,0.003367040743260797
GATTCCTATACGGCGC-1,7386,19296,-0.1318941990130235,-0.382839680963416,0.2534455278838327,False,False,other,0.003242852997330076
GATTCGACGGTTCACG-1,10554,13871,0.3489295709483651,-0.5786251783914007,-0.9407123993780724,False,False,other,0.014678486554178487
GATTGGGAAAGGTTGT-1,15481,12866,-0.4856748586018452,-0.5786251783914007,-0.166563481244781,False,False,other,0.015371375374561451
GCAAACCCTACATTAT-1,11936,12629,0.3615237845797078,0.4051239658163815,0.0194317463779119,False,True,immune_core,0.033885530438218334
GCAAACCTTGGCCATA-1,13704,14332,0.7565275505238842,-0.4550982827462971,-0.0020128690973635,True,False,interface,0.1183448761296424
GCAAACGTCGCCAGGT-1,11750,8666,-0.2880840983285737,-0.1084838479114762,0.4040844022382287,False,False,other,0.004715700691988389
GCAAATATTACGCTTT-1,9362,17264,-0.7305207333993281,0.7810995094989261,0.017929701637771,False,True,interface,0.08680988312936894
GCAAATGAGGACACTT-1,10532,21343,-0.1302056543625887,0.295492728428969,0.5494228541825231,False,True,immune_core,0.03028432723790096
GCAACACACTAGAACT-1,11521,20100,2.2080635993128426,0.783757690955698,0.1668949708032533,True,True,interface,0.2071812294702812
GCAACAGCAGTATGCG-1,11550,9911,0.6702593748827015,-0.2074410271304214,-0.2654368114467848,True,False,tumor_core,0.02462039673769664
GCAACCACGGCCGCGT-1,10934,18627,0.4351273676566651,0.0456032961132933,-0.463407419695759,False,False,other,0.22772246251176767
GCAACCCAAGTTGTTT-1,8562,21564,-0.590048536612718,0.655393497265779,0.1212128485206012,False,True,immune_core,0.6653105137276892
GCAACGGCTAGTTATG-1,10961,9117,-0.2198851242118342,-0.4032265245584062,-0.930591614040388,False,False,other,0.0047629147358269905
GCAAGAATTCCTTGGC-1,11133,17835,-0.9351051798242168,-0.4074093973895744,-0.8672163963203424,False,False,other,0.047565958838573674
GCAAGTGCACAGAGAA-1,7195,17144,0.2336967016405216,0.1688497777452086,0.0193642067599494,False,False,interface,0.034857140056654835
GCAATTAGTCGCACCG-1,8600,7978,-0.139119939394804,0.5498490896763634,0.1677863789328901,False,True,interface,0.13669181803478167
GCACAAACGAGGCGTG-1,11552,9005,-0.5835263727620875,-0.2838825017444708,0.0261820252654503,False,False,other,0.003370876342775823
GCACACACTGGTAGCC-1,13516,11275,0.2640058466556377,-0.5786251783914007,0.0973773356258643,False,False,other,0.012009274057018224
GCACACGCCCATGGTC-1,9155,20773,-0.1638727184849988,0.6121496858215536,0.6836313479471994,False,True,immune_core,0.05050545353091396
GCACGCCTACTTAGAT-1,13301,17501,-0.3076063069213602,1.0228832085137982,0.0378765510661768,False,True,immune_core,0.015475565917424682
GCACGTGGTTTACTTA-1,15096,9921,0.4938455743235965,0.0466701139058048,-0.418520264263092,True,False,interface,0.01078279538863984
GCACTGCCTACCTTTA-1,15477,14224,-0.4115492699213691,-0.2918046089188153,-0.2841955975310411,False,False,interface,0.0321931416670815
GCAGAAGGTAATCTCC-1,12343,8102,-0.0832596547602909,-0.4550982827462971,0.0462026980481756,False,False,other,0.004675752857144532
GCAGACCCAGCACGTA-1,10170,10247,-0.7715770793870312,0.0996235409696386,-0.3250492704630539,False,False,other,0.005013447142386806
GCAGATCCATAAGACT-1,12528,12291,-0.224528166777765,-0.3720652989762003,0.3288657148627917,False,False,other,0.002852740684287814
GCAGATCCTCGCAAAT-1,6989,20427,-0.0152296652860581,-0.3734125307819002,0.9195130922662572,False,False,interface,0.042187653717727674
GCAGATTAGGGATATC-1,9762,15001,-0.4742091509970518,-0.4550982827462971,0.3188939547205907,False,False,interface,0.021764613360119405
GCAGCACACAGCCCAG-1,9953,17152,-0.0136953608086348,0.3007880638360226,-0.3743301255277628,False,True,interface,0.019362848474364716
GCAGCCTATATCACAT-1,9385,9112,-0.7251241294689706,1.279904756335788,-0.8962439495193442,False,True,immune_core,0.02733882884456018
GCAGGAACTTAGATCT-1,12900,20217,-0.0109024931175264,3.1333665209392776,1.4801257232791822,False,True,interface,0.5958034459144839
GCAGGACTATAGAATA-1,9361,17717,0.5020244758707645,-0.1762798015482156,-0.0467804960287955,True,False,tumor_core,0.006655452401294293
GCAGTGCGGGCGGATG-1,13526,7652,-0.0259685914888077,-0.4550982827462971,-0.743791998779655,False,False,other,0.031908073663665264
GCAGTGTGGCTATAGG-1,14103,12522,-0.5687448584539959,0.0913468986119799,0.2253089277094089,False,False,other,0.017525845080006344
GCAGTTCGATCCGAGC-1,13523,8558,1.1186140380398566,-0.382839680963416,-0.4140204736661059,True,False,tumor_core,0.0030869457723981136
GCATACGAGGTCTTTA-1,9944,20322,1.070309135548562,-0.2702300122730435,-0.3973944812751475,True,False,tumor_core,0.02770119195588174
GCATAGAGCACTCAGG-1,9762,15227,0.1845880357996479,-0.1256124848885329,0.4690174536843065,False,False,other,0.013412446014914087
GCATCCCTAACTTTGA-1,5619,17140,-0.5507887683320655,-0.4550982827462971,0.8630032524295314,False,False,other,0.013547279242385437
GCATCGGCCGTGTAGG-1,12140,10252,-1.0266423976349968,-0.4550982827462971,-1.110585832642189,False,False,interface,0.03233791883145242
GCATGAGGGACGCGGC-1,8393,11713,0.1001556257318529,-0.4032265245584062,-0.6152643449129813,False,False,other,0.0031822942525463797
GCATGCTAATAACGAT-1,15683,11168,-0.8931525036004777,2.95286307062577,1.2741198964498843,False,True,interface,0.3396445295193786
GCATGGGTACTGACGC-1,10532,21569,-0.398716413937263,-0.1561727332681989,0.0451250345561695,False,False,other,0.010059224989319873
GCATTCAAGGCAACGC-1,8004,9675,0.7542512109856278,-0.4550982827462971,-0.5220142564084688,True,False,tumor_core,0.005061435414537237
GCATTCGAAATGAACA-1,7974,20317,-0.0558528657712208,-0.3006248893891332,0.8781539735356593,False,False,other,0.006831131241282038
GCATTGACTTGCGGAA-1,12305,21461,-0.2950369289576785,0.3038242382436196,-0.1353178698527661,False,True,immune_core,0.0048678262500588595
GCATTGTAATTCATAT-1,10538,19531,1.0531146302342012,1.3358096238008943,-0.2022516433880342,True,True,interface,0.13579860238271368
GCATTTCCAAGGCTCC-1,8990,9338,0.0879437664128585,-0.5786251783914007,-1.203658925650956,False,False,other,0.005740821352947554
GCCAACCATTTCCGGA-1,7610,9900,0.4503686434994977,-0.5786251783914007,-0.1147592657515279,True,False,tumor_core,0.004095640197001452
GCCAAGAATACTTCTG-1,11519,20779,1.5002079218939397,0.6206832880446801,0.7361633298617039,True,True,interface,0.5311877015492014
GCCAATAGGGCATCTC-1,7412,10239,0.6397586911373939,-0.382839680963416,-0.9152592548203362,True,False,tumor_core,0.005953622433896778
GCCACAATTTAAGGAC-1,11331,17496,-1.348366143141215,-0.4074093973895744,-0.7614527462512921,False,False,other,0.05180734018015521
GCCACTCAGAGCGCGA-1,14107,11164,-0.7533908511320971,-0.2498856351367965,-0.8614494994154928,False,False,interface,0.3382711616310003
GCCACTCCTTACGGTA-1,13327,8444,0.7374690924143608,-0.026755629488336,-0.6872221777185415,True,False,tumor_core,0.004879489425390707
GCCAGGAGTAACCGAT-1,6619,11822,-0.0412947467558793,-0.5786251783914007,0.9683123183889738,False,False,other,0.010592552402224299
GCCATATTGCACACAG-1,6817,11709,-0.1748601548589337,-0.0362252461285951,-0.4821746813929199,False,False,other,0.05462042315133377
GCCATCGAGCTGCGTG-1,12910,16594,1.1270145412515824,0.6887123320786649,-0.4700438376656358,True,True,interface,0.05547901711395403
GCCATCGATGCTGCAT-1,8793,9450,0.9106934627623288,-0.5786251783914007,-1.3108298672123784,True,False,tumor_core,0.007429536928558447
GCCCAGATGCTGGAGA-1,9782,8208,-0.7551362126852682,1.8045515381202073,-0.4741321298995024,False,True,immune_core,0.11764421847656731
GCCCAGTTGGTATGCC-1,6800,17596,-0.398716413937263,0.6484607248653922,-0.1628209349094874,False,True,immune_core,0.006820614153669442
GCCCGACTTCTTCCCG-1,12115,19083,0.6596472500573328,0.3806343698541304,1.1428923227832226,True,True,interface,0.21051683571406463
GCCCGATCTGTGGTCG-1,12915,14783,-0.0123149706957504,-0.4074093973895744,-0.500970735383507,False,False,other,0.004168078543596685
GCCCGCGCGTAAACGG-1,12120,17272,0.5269560791679188,0.0813853763116934,0.9439065418745336,True,False,interface,0.2984871946787308
GCCCGCGCGTTTGACA-1,6407,17369,-0.2957610760078257,-0.5786251783914007,0.8375900689484734,False,False,interface,0.10104737097947268
GCCCGTAATACCTTCT-1,7798,12957,-0.8262532768594013,-0.5786251783914007,0.0917699036128437,False,False,other,0.002944665882287286
GCCCTAGCCGTCGCGA-1,13097,20105,-0.0694473140107463,1.844905274858515,1.5304433281776222,False,True,interface,0.2646926622647841
GCCGAAATTCCTACGT-1,9363,16811,-0.8267651134896464,0.415302591832876,0.7414171048059087,False,True,immune_core,0.09711408617787563
GCCGATTGGCCAAGCT-1,10550,15003,0.7032071607775631,-0.4074093973895744,-0.9877894188010168,True,False,tumor_core,0.008744275402020262
GCCGCACTCCGTTTCA-1,10964,8211,-0.4363973356297905,-0.2320107435565798,-0.1177045840707674,False,False,other,0.0032010796596612695
GCCGCATTAGTCCGGC-1,9354,19981,0.1261056792593475,-0.2021967497800738,-0.1088267003235644,False,False,interface,0.08184513595828795
GCCGCTTGTGAGAAAC-1,9559,17377,-0.2359211140271178,0.4633439095598884,-0.0348778171300742,False,True,interface,0.024698670511066913
GCCGGGTTAGGGTCGC-1,10550,15229,0.4291680142191518,-0.1567737104707387,-0.9638584404171452,False,False,other,0.01257079932173392
GCCGTGGAAGAAATGT-1,10174,8888,-0.7218316864374393,-0.5786251783914007,-0.7596373426319845,False,False,other,0.00793695766055969
GCCTAGCGATCTGACC-1,6407,17142,-0.4781265755602408,-0.4032265245584062,0.3646658418434256,False,False,other,0.024700396201500895
GCCTATAGTGTCAGGG-1,8196,11600,0.6393599781311082,-0.4550982827462971,-1.0034148910807663,True,False,tumor_core,0.006382017311573988
GCCTATCAGGTAAGAT-1,14314,7655,0.2650634892825732,-0.0374296876568034,0.1412183942568269,False,False,interface,0.00467959920810367
GCCTATTCCGATATAG-1,7192,18503,0.2783370211422878,-0.5786251783914007,1.2711148288226322,False,False,other,0.02828303082666596
GCCTCATCTGGAAATA-1,10561,11154,0.1603482284764786,-0.5786251783914007,-0.4141882063963609,False,False,other,0.014990607260538765
GCCTCCGACAATTCAC-1,14305,10824,0.6939536934102447,0.0982763091639388,-0.4869781431483521,True,False,interface,0.09596932081344535
GCCTCTATACATAGCA-1,13313,13426,0.2349646057550461,-0.2498856351367965,0.0080681528183871,False,False,interface,0.0066416801245062695
GCCTTCAGCCCTACCG-1,5622,16234,-0.5006845444183081,1.2880949057728313,1.6587392992800842,False,True,immune_core,0.10327662408458956
GCCTTGTATATGCAGT-1,5808,20197,1.016630179277421,0.503136387768975,-0.1384929671952018,True,True,interface,0.03860896093275637
GCGAAACGATCGGGAG-1,13124,10595,-0.3791495392492776,-0.1567737104707387,0.6580503816431179,False,False,interface,0.005791111024559803
GCGAAACTTAACTGGA-1,11148,12627,-0.3663730931541935,0.5031194256366809,0.678413435043088,False,True,interface,0.09836558903971164
GCGAAGCCATACCCGT-1,8580,14997,-0.6412655013644635,-0.3315713871011935,0.1308756739413722,False,False,other,0.006051145762403186
GCGACATGTAAACATC-1,9777,9793,-1.1462316608124483,0.1516214556476184,-0.7841264317781282,False,False,other,0.04435104916969262
GCGACCCAACCATCTG-1,14087,18183,-0.2002050895401117,2.6662854907443245,-0.2665875837224212,False,True,immune_core,0.14198008566449027
GCGACGATAGTTGTAC-1,11927,15799,0.0395201334282151,0.1688870229721332,0.0654956388435023,False,False,other,0.01997074910441395
GCGAGAAACGGGAGTT-1,5019,20421,0.3020280538051532,-0.2116238999615896,-0.3619927815921829,False,False,other,0.022590490829298464
GCGAGAGTTGCGTCCA-1,8989,9791,0.6823103614263406,-0.4550982827462971,-0.6445105564507153,True,False,tumor_core,0.012110490660926726
GCGAGCGCATGCTCCC-1,9778,9566,-0.7720971745370232,0.1677829599526971,-0.7165119408803273,False,False,other,0.05286544822876071
GCGAGGCCCGAGCAGA-1,9758,16586,0.169929969738577,-0.4550982827462971,0.5292437631028938,False,False,interface,0.03804232545308865
GCGAGTTCTGCAAAGA-1,9369,14773,0.4434836316819413,-0.2074410271304214,0.7339103033875952,False,False,interface,0.008253282842927223
GCGATTGTTAACGTTA-1,9767,13189,-0.3610909098820557,-0.5786251783914007,-0.5966564944276753,False,False,other,0.0009160867944467372
GCGCAAATATATTCAA-1,13889,18748,0.087116720648949,1.1135450721803373,0.3938109161732276,False,True,interface,0.3109918346356776
GCGCAAGAGCGCGCTG-1,10366,10587,-0.7111469241867363,-0.1762798015482156,-0.9015640608413864,False,False,other,0.01003892353769693
GCGCATCCAGTCAGCA-1,8197,11147,0.789980379871313,-0.2838825017444708,-0.3456044760328288,True,False,tumor_core,0.006145526436738632
GCGCCGTTCCACGATA-1,10552,14550,-0.5469684769614083,-0.2075786508661182,0.7452691734597588,False,False,other,0.0031404592765668427
GCGCCTCCCACTCCGA-1,11945,9459,-0.487296839671142,-0.0442849770386364,0.0426133003301452,False,False,interface,0.022919437296579335
GCGCGTCATTGGTACA-1,13709,12521,0.4374195367731527,-0.2485384033310967,-0.4070757497639735,False,False,other,0.0017164168164395237
GCGCTAATTGAATAGA-1,9174,13980,0.7728751913450517,-0.4550982827462971,0.0684271462998938,True,False,tumor_core,0.004017983183388195
GCGCTATGCCGAGGCA-1,10940,16589,0.232490239939148,0.1993304348672972,0.8589204926413262,False,True,immune_core,0.11731798624831354
GCGCTCGATCACCTGT-1,11359,7759,-0.3354050507890694,-0.0321799970331236,-0.3980069399453002,False,False,other,0.003243660528282174
GCGCTGATCCAGACTC-1,5831,12046,-0.7521632902848628,-0.2838825017444708,-0.1327690235070005,False,False,other,0.013058552898277995
GCGCTGCTTTGCATTT-1,8000,11260,0.5702244812166474,-0.0362252461285951,-0.69008955685686,True,False,tumor_core,0.0049655143243834
GCGCTTAAATAATTGG-1,13711,11842,0.1924279003050769,-0.0663672448915705,0.2439857541209553,False,False,interface,0.16810041076582904
GCGGACCGCGTTGTGG-1,12514,17046,-0.5734474512389074,0.9546134284010148,0.0534919177065671,False,True,interface,0.12222124600495628
GCGGAGAAACTTCGCA-1,13299,18181,0.0453394670941817,-0.026755629488336,-0.5387345137462626,False,False,interface,0.01426423019476705
GCGGAGAGGGAGAACG-1,11541,13081,-0.1207413951407505,-0.4550982827462971,-0.3792125581758016,False,False,other,0.007982168954841867
GCGGCAAAGTATTGCC-1,14085,18862,-0.0849551169302657,1.9637538639815224,-0.1142811628742624,False,True,interface,0.02274647337226308
GCGGCTCTGACGTACC-1,9952,17605,-0.527873019859252,-0.1980138769489055,-0.3171495598949065,False,False,interface,0.06795494661577493
GCGGGAACCAGGCCCT-1,6015,16462,0.1624598848518315,-0.5786251783914007,0.3677668926316086,False,False,other,0.0076435497984478585
GCGGGCATTACGATGC-1,8599,8431,0.7246515441336377,-0.4550982827462971,-0.1921641983387373,True,False,interface,0.056993914753062445
GCGGGCGAGCCTTACC-1,13305,16143,0.3938877844240241,-0.0064112523520891,0.3875255751881638,False,False,interface,0.08079778643842699
GCGGTCCCTAGACGCA-1,5029,16799,-0.8958657638311821,-0.4032265245584062,0.2051484130340268,False,False,other,0.07292779738121255
GCGGTGAACTGCGCTC-1,6424,11255,-0.1165713990432185,-0.1363868668757486,0.4426828974771473,False,False,other,0.008336789503419395
GCGGTGCGGAGCATCG-1,6199,21330,-0.448300723108343,0.3330158626659391,-0.1380545553804505,False,True,immune_core,0.03098052826484842
GCGGTTCCCTATCATG-1,11728,16365,0.2038477418799515,-0.2856159021181176,-0.076592441365043,False,False,interface,0.10349256264012764
GCGTAAATGGCCATAA-1,9185,10357,0.5726206510084167,-0.5786251783914007,-0.6323333678348682,True,False,tumor_core,0.0235278038268103
GCGTCCCTAAGACATA-1,15075,17167,-0.9369221098188854,0.0495057549312732,-0.0175706457668335,False,False,other,0.014488290865801431
GCGTCGAAATGTCGGT-1,5824,14537,0.2082981598603836,-0.2796996289133026,0.1233405897269132,False,False,interface,0.02144143092771901
GCGTCGCCAGGGTGAT-1,13112,14897,-0.6594036692251949,-0.4032265245584062,0.087795698331638,False,False,other,0.013283885067795985
GCGTCTAACCTCCTAA-1,8798,7639,0.0114742744537816,1.394167409138667,0.863891819358121,False,True,immune_core,0.028309634279417142
GCGTCTCTGCATTGGG-1,10150,17266,-0.5012376442622617,-0.2075786508661182,-0.0908153646163324,False,False,other,0.01884112153395306
GCGTGGTACTGGGTTA-1,9379,11150,-0.5444757203605958,-0.382839680963416,-0.5938494554982429,False,False,other,0.0016363002870433462
GCGTTATATTTGGAAC-1,8565,20431,0.2475441168479456,-0.3321723643037333,-0.470724687169087,False,False,interface,0.012844997639164954
GCGTTCTGACTAAGCG-1,13723,7540,0.5560189296633461,-0.2838825017444708,-0.9711060201287124,True,False,interface,0.005131758009836359
GCTAAACCTGAGGTGA-1,6992,19295,0.0662203040184703,0.3334906833783903,1.1465734288425284,False,True,interface,0.02870467303459218
GCTAACTGAAGTCTGA-1,13908,11956,-0.3585894476615098,1.217336280053761,0.6617634917101088,False,True,interface,0.05346114281021858
GCTAAGTAAAGGCGAT-1,7777,20429,-0.4990929475332484,-0.3072545859718202,0.549770958394581,False,False,other,0.018987916519338986
GCTAAGTAGTTTCTCT-1,9177,12848,0.2613566227388985,-0.3937569079181471,0.0312510035858368,False,False,other,0.001951644222366598
GCTAATACCGAATGCC-1,6606,16577,-0.4866128723668377,-0.2838825017444708,-0.411943200059028,False,False,other,0.0020463490868749897
GCTACAATCGAGGATA-1,14701,10146,0.4066276839329716,-0.162089006473014,-0.4746486329088824,False,False,interface,0.009974255257020462
GCTACAGTACGGACCG-1,10338,20323,-0.8245079153062302,-0.0374296876568034,0.6020012986429514,False,False,other,0.17467938601502905
GCTACGACTTATTGGG-1,10947,14098,-0.9992949396792712,-0.0575853298286526,0.9235875101950716,False,False,other,0.02665791824671293
GCTACTATAGTAGAGT-1,12334,11272,-0.096039497957562,-0.5786251783914007,-0.3985522742600114,False,False,other,0.004409204853602668
GCTAGACCGTCTACTG-1,10761,10135,-0.1415072457953733,-0.0433257557215961,-0.2486961701284072,False,False,other,0.030564104485845747
GCTAGAGTAGAGATGT-1,13516,11049,0.6676912614877087,-0.5786251783914007,-0.6133180625338762,True,False,tumor_core,0.008954282204539568
GCTAGCACCTGGGCCA-1,10176,8209,-0.7904128743194864,0.1784570181211644,0.5818732673487919,False,True,immune_core,0.01659287361141453
GCTAGCTTGAATAGCT-1,12712,16934,0.5475034765761501,0.6696828729074067,0.4643443282058565,True,True,interface,0.17689996603630778
GCTAGGCACCACGGAG-1,13119,12406,-0.3435943661248225,-0.5786251783914007,-0.1522461283568382,False,False,other,0.006097023621101678
GCTAGTAGAGCTTGTA-1,10158,14549,0.1393208237824558,-0.382839680963416,-0.9407123993780724,False,False,other,0.005395523889855469
GCTAGTTTCATTGAGG-1,5815,17707,0.606095903143748,0.0085460024662948,0.4051641030899974,True,False,interface,0.05355018802756517
GCTATACGTCTCGGAC-1,12726,11952,-0.6048724330261294,-0.3072545859718202,-0.680374442669405,False,False,interface,0.0075705475568665324
GCTATCATACTCATGG-1,13117,13085,-0.3325401182073127,-0.4550982827462971,-0.014920450323548,False,False,other,0.0016680180596501532
GCTATCGCGGCGCAAC-1,6402,19180,-0.4326799901766586,-0.0363628698642919,0.1988887778704513,False,False,other,0.015606894008409025
GCTATGCCAGCTTATG-1,11122,21684,0.8265742930594302,2.510645188883201,0.4757035791635313,True,True,immune_core,0.5995611264437234
GCTCAACCTCTTAGAG-1,5806,20877,1.093486471306944,-0.1561727332681989,-0.2681586733559591,True,False,tumor_core,0.08101493140718448
GCTCAATCCGTTTATT-1,12906,17953,-0.6966409548280292,0.3352595066113472,0.2881293729947463,False,True,interface,0.14416053313358326
GCTCAATGTAATACCG-1,14686,15354,-0.0862219058683483,-0.4074093973895744,0.1530335958483548,False,False,other,0.0053139152307256745
GCTCCATGAGTGCAGA-1,13723,7766,0.4524542246389024,-0.2074410271304214,-0.2941801354567293,True,False,interface,0.012866018733643231
GCTCCCAGTCGGTCCA-1,10960,9570,-0.3565838046144762,-0.382839680963416,-0.7268119686705503,False,False,other,0.0021376623745933657
GCTCCGCTCGCTTCAG-1,10764,9229,0.1216999009525001,-0.5786251783914007,-1.203658925650956,False,False,other,0.008008081626377995
GCTCCTGACATACTGG-1,13496,18294,-0.6781099926301211,1.7482842480639245,0.8594814774364615,False,True,immune_core,0.1096713694249928
GCTCGCGGTTCCGCTC-1,7383,20428,-0.3246235255887762,-0.2225411269163208,0.6693560821438461,False,False,other,0.004401565426525001
GCTCGCTCATGTCCAA-1,10562,10701,-0.6353257531950602,-0.4550982827462971,-0.2020227737136374,False,False,other,0.0024644085312018294
GCTCGGAATTTAAAGC-1,6815,12388,-0.4889533849037622,-0.3311055465112218,-0.2421385483733785,False,False,other,0.005833037620214647
GCTCTAAACCCTGACG-1,7201,15333,-0.3183785521346989,-0.4550982827462971,0.1505580383011004,False,False,other,0.010385223834112887
GCTCTATGTTACGTGC-1,7589,17372,0.6143464885807689,-0.074486981303802,-0.1117506351124632,True,False,interface,0.04946503999507209
GCTCTCGGGTACCGAA-1,7595,15334,0.5421018199262218,-0.4074093973895744,-0.447122063273199,True,False,tumor_core,0.010651298988482697
GCTCTTTCCGCTAGTG-1,15079,15808,-0.2509912287302976,-0.4550982827462971,0.6178646952443204,False,False,other,0.04415994010118389
GCTGAACTCTCCAGGG-1,10372,8323,-0.6440444202630485,-0.382839680963416,-0.1012352030342964,False,False,other,0.00981107105418639
GCTGAGCAACGGTTCT-1,6199,21104,0.219718956345854,-0.0948313584400489,0.3493492648776649,False,False,interface,0.0235132254231775
GCTGAGGCGTGAGTAT-1,10354,14663,-0.3081488952197962,-0.5786251783914007,-0.5518467888027315,False,False,other,0.01600187076253514
GCTGCACGGTTTCTTA-1,10554,13644,0.3351050911624079,-0.5786251783914007,-0.3258387145782343,False,False,other,0.0020064736519927657
GCTGCGCCTCCCACGT-1,6591,21784,1.138646109058136,0.4137942920051723,0.5088407135015008,True,True,interface,0.1615128208155235
GCTGCTAAGTAGTCGA-1,13504,15577,0.5217964229408746,0.118955967770366,0.3446397920451867,True,False,interface,0.11266798343932012
GCTGCTACTGCGTAGC-1,12525,13423,-0.8769572734188106,-0.5786251783914007,0.7813410756722309,False,False,other,0.02815792783223718
GCTGCTCTCCGGACAC-1,8581,14771,-0.0709591101888799,-0.4550982827462971,-0.160008093211658,False,False,other,0.010667157061405199
GCTGGCAGGTGCCGTG-1,7577,21674,-0.7469473468370744,-0.5786251783914007,-1.0377625556018106,False,False,other,0.0362197092254777
GCTGGCATATTCACCT-1,8571,18394,0.9512696371518728,-0.2086454686586297,0.1437749326474849,True,False,tumor_core,0.0018903555808157857
GCTGGCGGCGCATGCT-1,13112,14670,0.4156543249204478,-0.2498856351367965,1.0689638531185703,False,False,interface,0.0012857359353804023
GCTGTATTACTGGCCC-1,11528,17609,-0.6511938056258696,-0.0663672448915705,0.0264830318991644,False,False,other,0.07194132464729645
GCTGTTGCTACCGAAC-1,10167,11152,0.3886354041261149,-0.5786251783914007,-1.174631372451954,False,False,other,0.008087918922379842
GCTTAATGTAACTAAC-1,10755,12399,0.3338390465953155,-0.1467031166279399,-0.6411783352606701,False,False,other,0.004072429275826537
GCTTACGTAGTTAGTA-1,9582,9226,-0.8643064476500959,0.9096596859944128,-0.4920665970562074,False,True,immune_core,0.01882309618390836
GCTTATGAAGCAGGAA-1,9377,11829,-0.0336316578005879,-0.2320107435565798,0.5953454246709156,False,False,other,0.0019358638898529042
GCTTCCGTCCCTAGAC-1,8192,13185,-1.1005111878967793,0.0348289141260776,-0.3087849999639919,False,False,other,0.03972839618983226
GCTTGATGATAATCAG-1,6800,17823,-1.0206851627244604,-0.2838825017444708,0.8506650874519587,False,False,other,0.06163550472439964
GCTTGGATCGATTAGG-1,8592,10922,-0.0020754613919879,-0.5786251783914007,-0.6174199523395912,False,False,other,0.005966647304363588
GCTTTCAGAGGAGGTG-1,8985,11149,0.9531592970860198,-0.5786251783914007,-0.5451417869860301,True,False,tumor_core,0.0022817200864223767
GGAAACTAAATGGGCC-1,14306,10372,0.5148931811029135,0.1719658327838654,0.1353073420544908,True,False,tumor_core,0.0017722811674167232
GGAAAGTGCCCATGCC-1,6423,11708,0.4147433484520075,-0.5786251783914007,0.7344408342513347,False,False,other,0.05683743358521244
GGAACCCGAACAAGAA-1,6988,20880,0.698699569629948,-0.5786251783914007,0.2946292130114686,True,False,tumor_core,0.006220102790948986
GGAACCGTGTAAATTG-1,12122,16592,0.1335615446007492,1.4028513547701298,0.3693803740470515,False,True,interface,0.5793600631461306
GGAACGGCCTGCAGCC-1,7384,20202,-0.6128918474572174,-0.3311055465112218,1.006566260528173,False,False,other,0.024204911041437654
GGAACTTTGGCGATTA-1,14309,9466,0.6731886012834895,0.3141055275591836,0.2560439324923736,True,True,interface,0.03612465530062763
GGAATGCGCTAGCGTG-1,8784,12620,0.3619530538809502,-0.1770979937440296,-0.3884244881830995,False,False,other,0.00588192953467362
GGACAAGTTGCAGTGA-1,8957,21112,0.7644342775030688,0.5117793609146414,-0.6636910439971009,True,True,interface,0.24112265256225496
GGACACAAGTTTACAC-1,11748,9345,-0.8451138548606835,0.0901539243293796,-0.054228236728708,False,False,other,0.010547742017908463
GGACCAACAGGATAAC-1,12522,14329,0.4221489584428672,-0.2116238999615896,0.6995749753221976,False,False,interface,0.00402255523156048
GGACCTCTAGGCCGCC-1,13889,18522,0.7093577593046876,1.6589409461657791,-0.2634471179721117,True,True,interface,0.847717932507459
GGACTAAGTCAGGAGT-1,7775,21335,-0.0989696876400958,-0.3720652989762003,-0.6609740835504397,False,False,other,0.0209205405987135
GGACTCACAAATTAGG-1,12145,8214,-0.5237226800832053,-0.2074410271304214,-0.5936180742033791,False,False,other,0.001735701494299035
GGACTCGAAGCTTTCA-1,14313,7881,1.0720865130746715,-0.2086454686586297,-0.6004720492850264,True,False,interface,0.0060607669255075824
GGACTCTTCCGGTTGA-1,13722,7992,0.4777633309874846,-0.3734125307819002,-1.0099629969183714,True,False,interface,0.009930681650078226
GGAGAAGTCATTGGCA-1,6998,17257,-1.094553952986243,1.427669284689657,0.177254019347876,False,True,immune_core,0.19965631597261235
GGAGACCATCTACATA-1,12306,21008,-0.1651379142385768,-0.0022283795209208,-0.170190786374999,False,False,interface,0.017066535753165784
GGAGACGACACCTTTG-1,10946,14325,-0.9428793447294216,-0.4032265245584062,0.0062397365791191,False,False,other,0.029557985044724677
GGAGCAACATTTCAAG-1,13716,10257,0.8312809061263297,-0.2086454686586297,-0.6378071516800199,True,False,tumor_core,0.005837605657212196
GGAGCACCAAGAACTA-1,7602,12617,0.4464608089063983,-0.3937569079181471,-0.8438081453184855,False,False,other,0.026885214939566207
GGAGCGAGGCCTACTT-1,15675,14112,0.7255222474880622,0.36909856201755,1.7264144070450835,True,True,tumor_core,0.04511941686173048
GGAGGCCGAAGTCGTC-1,10371,8776,-0.4212783150778527,-0.2485384033310967,-0.3829425950043461,False,False,other,0.003137050400019064
GGAGGGCTTGGTTGGC-1,8783,13073,0.21721213216922,-0.4074093973895744,-1.02082486388291,False,False,other,0.005885664512880616
GGAGGGTCAAGTAAGA-1,14704,9014,1.0836516398994456,-0.1561727332681989,-0.5036470343236411,True,False,interface,0.009741044812009575
GGAGTGCCGCCCTGGA-1,6214,15896,-1.2220866121102258,-0.5786251783914007,0.0023022524483279,False,False,other,0.005395350585912919
GGATCAGAGCCATCAG-1,10925,21797,0.0837415646516497,0.2716832530358374,1.2124252339482524,False,True,interface,0.15750065268146118
GGATCCGGAATATACT-1,9178,12621,-0.0450801352492439,-0.3720652989762003,0.2314679965739078,False,False,other,0.002571035819668318
GGATCTTGACTCAACC-1,12506,19990,-0.0806353083736989,0.2413402196494456,0.3334844684666572,False,True,interface,0.07789208358877282
GGATGAAGATCGCTGA-1,10758,11267,-0.2277752612300831,-0.2225411269163208,-0.6683269195795078,False,False,interface,0.04439977764724124
GGATGACGCGAGTTTA-1,9757,16812,0.1526230159128466,-0.1250115076859931,0.1149407300677418,False,False,interface,0.028669648227293437
GGATGCTGGCGTTCCT-1,10143,19757,-0.310790698541548,0.2890291050061683,0.0212826369305989,False,True,interface,0.0910977431149863
GGATGGCTTGAAGTAT-1,15881,10829,-0.7715770793870312,0.2400415617355783,-0.8608215157159774,False,True,interface,0.5519507235880668
GGATGTCCTTACCGCA-1,9378,11603,0.2521231038032291,-0.5786251783914007,-0.941120511505008,False,False,other,0.0026591666825698857
GGATTCAGTACGGTGG-1,6208,18161,0.0866900823792552,-0.3315713871011935,1.0884176760477813,False,False,other,0.014513870429932707
GGATTCCGCTATACCC-1,6223,12726,0.0162426312123206,0.9312764459360648,-0.0952036110590334,False,True,immune_core,0.04523537078693565
GGATTGCTGTGACTCC-1,14301,12409,-0.0829579838462067,0.725050527964969,0.1926066397022574,False,True,immune_core,0.05278808194872763
GGATTTCACTTCTATA-1,8587,12507,-0.0882971840134186,-0.3734125307819002,-0.2311205024820435,False,False,other,0.0006286976373404136
GGCAAAGGCGCCAATA-1,13103,18067,0.86059563697939,0.3042123304059023,-0.1678102626204212,True,True,interface,0.09775330776102577
GGCAAATTACTTTACT-1,10548,15909,0.5958542380577653,-0.4550982827462971,-0.2541275863732449,True,False,other,0.026685815580253135
GGCAAGGCGAAATAGC-1,11341,14099,0.8988914108244926,-0.5786251783914007,-0.6507189057708879,True,False,tumor_core,0.008742327447058489
GGCAATAGTCAATGAG-1,8386,13978,0.327894957883149,-0.4550982827462971,-0.804525414339932,False,False,other,0.0014041559542047946
GGCACTCAGCCGACCC-1,13328,7991,0.551405796097825,0.2897168065835093,-0.5525846469735991,True,True,tumor_core,0.032793433017460856
GGCACTCCACTGGGCA-1,9167,16697,-0.2528274230000903,0.2440868108310497,0.4905541512001244,False,True,interface,0.04572557555880973
GGCAGAGAGATCGGGA-1,9350,21566,-0.0803619767822217,3.87328243130813,0.246777411890281,False,True,interface,1.0019949815904234
GGCAGCAAACCTATGC-1,12534,10253,-0.6088365303910166,2.0170373541130484,0.5424251747430778,False,True,interface,0.9341481168867038
GGCATACAGGTAGCGG-1,9162,18282,1.3822000867742443,-0.0332468148256351,1.0825963899601303,True,False,tumor_core,0.024763419896373498
GGCATATCGGTTCTGC-1,5830,12499,-0.3044565075360998,-0.5786251783914007,-0.0375030329245417,False,False,interface,0.04847857544562798
GGCCACACGAAAGCCT-1,6789,21672,0.3304591395775648,-0.3072545859718202,0.5575504730857291,False,False,interface,0.0012327450018937915
GGCCCGGAGCATGTCT-1,9387,8433,-0.4907632121428845,0.5695165649800878,-0.2836032095167679,False,True,immune_core,0.028191891630739707
GGCCCGTATACCATGC-1,7811,8429,0.908059875612815,-0.1048393919611485,0.0411687282567136,True,False,tumor_core,0.004542818652307827
GGCCCTCACCCACTTA-1,9750,19303,1.5893819247927097,-0.2021967497800738,0.3500513896187938,True,False,interface,0.19834787086678898
GGCCGAGACTCTGGTG-1,14678,18298,-0.9742322128063998,3.296374147716741,0.928871031878713,False,True,immune_core,0.225561458521149
GGCCGGCGTCTGCTAT-1,15284,12978,0.0041610237263122,-0.5786251783914007,-0.1615507060155171,False,False,other,0.026684729479622023
GGCCGTTTGGGTTTCA-1,14091,16824,-0.050328776363225,-0.2320107435565798,0.437085651561497,False,False,other,0.05866544118960632
GGCCTGCTTCTCCCGA-1,14113,9126,1.5242602052166287,0.4160411927711127,0.747834847403654,True,True,interface,0.1734498394169456
GGCCTTTGCAACTGGC-1,9548,21000,1.186249681918815,0.1205599151859461,-0.3180626653089384,True,False,interface,0.3107658938807824
GGCGAAATCTAACTTG-1,10953,12060,0.0254725760830095,-0.0020855892434293,0.1209666058813372,False,False,interface,0.004418634314647357
GGCGAGCGAAACGGCA-1,12503,21122,-0.2907892051335534,-0.0898304046901328,0.8658075925442734,False,False,interface,0.10479492867350637
GGCGCAGGACATCTTC-1,9751,18850,0.2317250811238494,-0.074486981303802,1.1757073019511466,False,False,other,0.002365363811036951
GGCGCATGAATTGATG-1,10745,15796,0.0537533532719201,-0.4550982827462971,0.4963931490498336,False,False,other,0.0036303081408753228
GGCGCGGAGATCTTTC-1,13907,12182,-0.2692142951734049,-0.0650173646635429,-0.192941950088496,False,False,other,0.012957204897635728
GGCGCGTTCGAGTTTA-1,11732,15233,-0.4693221974217608,0.2786118295389186,0.2453326498271673,False,True,interface,0.1201895281563935
GGCGCTCCTCATCAAT-1,5809,19744,-0.0703226106664619,-0.5786251783914007,0.0367219587179218,False,False,other,0.04060831270248802
GGCGCTTCATTCCCTG-1,15675,13885,-0.7099433059478936,0.0400786047497574,-0.5502189684265301,False,False,interface,0.04015121558266763
GGCGGAGTAATATTAG-1,8773,16696,-0.5565345684166746,-0.1114690885438355,0.1261629837765926,False,False,other,0.015408351877111834
GGCGGGCTCTAAGAGT-1,12935,7537,-0.3146218073273142,-0.2074410271304214,-0.3503612007901381,False,False,interface,0.04607340258394864
GGCGGTAGGATCATTG-1,8583,14092,0.3227030515049409,-0.5786251783914007,-0.3343494615765909,False,False,other,0.0005018525368939465
GGCGGTTTGCCGGTGC-1,5413,20649,0.187550881384553,-0.382839680963416,-0.2838915994790479,False,False,other,0.028716305094046445
GGCGTAGGGAAAGCTG-1,15088,12638,-0.4776939100277025,-0.5786251783914007,-0.1675139034671342,False,False,other,0.01105173994738719
GGCGTCCTATCCGCTG-1,8571,18167,1.0813315740579346,-0.2320107435565798,-0.1497090540930131,True,False,tumor_core,0.001907646884846232
GGCTACTATACACTCC-1,15076,16940,-0.4509318849437197,-0.2702300122730435,-0.4515235822904457,False,False,other,0.009431664114390363
GGCTATTAAGTTGTAT-1,8968,17263,0.6731894689210802,-0.5786251783914007,-0.6402869814993881,True,False,tumor_core,0.009414460052886374
GGCTCCTCCACCTGTT-1,14088,17956,-0.3548653577212627,1.5558582580670928,0.0658444035428709,False,True,immune_core,0.06737547465527705
GGCTCGCGTTGAGGTA-1,8591,11374,0.1012605341397983,-0.5786251783914007,-0.9497605918644896,False,False,other,0.0046773781058457855
GGCTCGTGCCACCAGC-1,6406,17595,-0.3147314242236206,0.333616839868479,1.3744258037514443,False,True,interface,0.09537086775740218
GGCTCTGCTCCAACGC-1,7599,13749,-0.6022071289212548,-0.5786251783914007,-0.7028809902866786,False,False,other,0.01531385911815048
GGCTGAAATAGCAAAG-1,12132,12969,-0.6480492744436912,-0.2485384033310967,-0.624531195738131,False,False,other,0.008498912826892623
GGCTTGGCTCTCACCT-1,7183,21673,0.083229530060423,-0.4032265245584062,1.0837204203089044,False,False,interface,0.014530528145429026
GGCTTTCAATAAGGGT-1,14293,14900,0.6333010294522781,-0.2320107435565798,-0.0545158976349143,True,False,tumor_core,0.0016357928212957218
GGGAACGGGAGGTTAG-1,10149,17719,-0.3231486452424169,-0.2702300122730435,-0.7802448726239356,False,False,other,0.021312140252706186
GGGAAGACGGTCTGTC-1,15086,13317,0.1172813819814156,0.245291252359258,-0.2571755448727656,False,True,immune_core,0.011848372106495753
GGGAAGGGCTTTCTCA-1,14892,12072,0.6184965874166345,-0.2485384033310967,-0.0448408460799781,True,False,interface,0.45828257978500736
GGGAATTCTGTCCAGT-1,7971,21449,-0.1098954325765662,-0.3006248893891332,-0.0855062414095926,False,False,other,0.04067328917191022
GGGACCCGTATATCTT-1,13700,15917,-0.6300760294411711,0.3805074326519169,-0.1025587561349081,False,True,immune_core,0.030674846159417454
GGGACTGCATAGATAG-1,8777,15111,-0.3938547191860028,-0.2116238999615896,0.2020778832916003,False,False,other,0.0028038277151696423
GGGAGAACTCACAGTA-1,8778,14658,0.4131084062369661,-0.5786251783914007,-0.4243205014563289,False,False,interface,0.024264344603525296
GGGAGGATGCCCGAAA-1,9759,16133,0.2604527872584846,-0.3321723643037333,-0.1059067133245671,False,False,interface,0.014503851452533105
GGGAGTTAATGAGGCG-1,8979,13413,0.0878902963257866,0.0484814035975049,0.3990578152309235,False,False,other,0.011524923110243302
GGGATACGGTAATAAT-1,6593,21105,0.9690871241172891,-0.5786251783914007,-0.1965414566661359,True,False,tumor_core,0.010046193213743546
GGGATGGTCGTAACCG-1,11727,17044,-0.8730154086482818,-0.4550982827462971,-0.3558671116898296,False,False,other,0.03360501645674271
GGGATTTACCGCACCT-1,10757,11720,0.1627506903075513,-0.3311055465112218,-0.9871614351015012,False,False,interface,0.062410154084362485
GGGCAACCGCACGTGC-1,13295,19766,0.2938131153136571,1.3278414976589394,0.8285376735048706,False,True,immune_core,0.047586952463988356
GGGCACGAATTGGCCG-1,8167,21789,-0.4520322456975086,0.3821994889425821,-0.0423316508205733,False,True,interface,0.08091436975595061
GGGCAGACGTCACTGC-1,11911,21460,-0.4268496470335985,0.3227454663292667,0.8194344688205205,False,True,interface,0.015690130718161548
GGGCAGAGCAATCGTT-1,13899,15125,0.730911432706901,-0.382839680963416,-1.06198664704538,True,False,interface,0.028394608154418337
GGGCCCGTCTTAAACA-1,10744,16022,-0.2311893200161607,-0.5786251783914007,0.4291346363237652,False,False,interface,0.02022525521755004
GGGCCCTACGAAAGGG-1,9945,20096,1.6073415932632515,-0.0034328210491291,0.3625096826406518,True,False,tumor_core,0.05251146294437345
GGGCCCTTATCTATAC-1,8956,21338,0.4000259416746738,0.829140746461491,-0.018827092627314,False,True,interface,0.537412429451776
GGGCCGGCCGAAGTAC-1,9573,12396,0.0975322197482009,-0.0554500179368394,-0.3394175742715135,False,False,other,0.009437828977221584
GGGCCTAAATGGGCTA-1,11322,20892,0.5476335201630766,2.001305608892725,2.032301281702532,True,True,interface,0.4096714238433971
GGGCGAATTTCTCCAC-1,5805,21103,0.798774395006207,-0.4550982827462971,0.0529679079393994,True,False,tumor_core,0.1501122194633425
GGGCGATATGTGTGAA-1,7988,15335,0.1531152493730244,-0.5786251783914007,-0.398964895370003,False,False,other,0.0052069958405758935
GGGCGCAGCGTTACTC-1,9190,8319,-1.019952129781459,1.2395660416804923,-0.3169181786000429,False,True,immune_core,0.13523274851143854
GGGCGGCAAATGAATT-1,12121,16819,-0.1289176957563751,0.6665392559542515,0.985120424324455,False,True,immune_core,0.05958843124789984
GGGCGGGTTCCCTACG-1,10937,17721,-0.2383703072972444,-0.1567737104707387,-0.2210195098244279,False,False,other,0.06700854219538852
GGGCGGTCCTATTGTC-1,5221,18724,1.6058069627188172,0.2202556953431279,-0.3236596318856029,True,True,interface,0.0494880701468516
GGGCGTACATTTATAT-1,7199,15786,-0.5911880653163335,0.073399181929418,-0.1928539138030869,False,False,other,0.009572899298388601
GGGCGTCACCACGTAA-1,11926,16252,0.5599676876809315,-0.2796996289133026,-0.2522310310743003,True,False,interface,0.23863271693678237
GGGCGTCCACTGGCTC-1,5633,12385,-0.8454458696488139,-0.5786251783914007,-0.413855236896442,False,False,other,0.02722510255541085
GGGCGTGGTTTCCCAG-1,14497,12750,-0.7715770793870312,-0.0744445148450588,0.1874641264799874,False,False,other,0.026646596151422838
GGGCTACTATTTCGTG-1,12306,21235,-0.7743288054746807,-0.2838825017444708,0.2173003083053639,False,False,other,0.026288754514359445
GGGCTATGATCGATGG-1,13699,16144,-0.9460833395196768,0.6389911082251332,-0.2968945439307898,False,True,immune_core,0.4133972767012101
GGGCTCATCGAACCCA-1,7407,11824,0.2140472063433856,0.4573070441061396,-0.6267201434531282,False,True,interface,0.04115628642915622
GGGCTGCCTAGGGCGA-1,8977,14093,0.7277769735421087,-0.4550982827462971,-0.8447615917601324,True,False,tumor_core,0.0009813751195926481
GGGCTGGTTAGTCGCG-1,8577,16129,-0.4667367480833743,-0.382839680963416,0.2931517080487613,False,False,interface,0.045678862313123146
GGGTACCCACGGTCCT-1,5220,18950,0.5441781456348408,-0.0332468148256351,0.818371505515053,True,False,interface,0.018168611778986814
GGGTACTTCATGAACT-1,9755,17491,0.2585740497621953,1.6471428205213234,0.4882749718780016,False,True,interface,0.17058288322681722
GGGTATGTATGCACTT-1,7979,18732,0.6990884434739773,-0.2498856351367965,-0.195771807222769,True,False,tumor_core,0.0064891985744202595
GGGTCACCGTGACGGT-1,9364,16584,0.132623062562245,-0.2086454686586297,0.6443068701005759,False,False,interface,0.06279912439071701
GGGTCAGGAGCTAGAT-1,15276,15695,-0.6276035535612855,1.3335214442704777,0.6355061028327571,False,True,immune_core,0.1437827175615901
GGGTCATGCGTACCAT-1,6792,20313,0.6742373016303762,0.3442484315782032,1.1224623007623362,True,True,tumor_core,0.06900934527872084
GGGTCGTGGCAAGTGT-1,7413,9786,0.0286759755154946,-0.5786251783914007,-0.1429700780786037,False,False,other,0.004363982018457678
GGGTCTATCGCTTTCC-1,14901,9128,0.9699360734280228,0.6659956178415923,-0.8975985073486991,True,True,interface,0.02485756811872847
GGGTGACACCTTAACT-1,11534,15572,-0.859551990517967,-0.2796996289133026,0.7218682936189306,False,False,other,0.10492436775129266
GGGTGCATATGAAAGC-1,8400,9223,0.3416060089643225,-0.2838825017444708,-0.1617068029404672,False,False,other,0.010069333140876892
GGGTGTTTCAGCTATG-1,5628,14196,0.7364732993201972,-0.2320107435565798,0.3769667404674308,True,False,tumor_core,0.04147213506007832
GGGTTAACATTTGAGT-1,13108,16255,1.2935700253109803,0.5448920377885886,-0.2290785042891673,True,True,interface,0.03464049130978942
GGGTTCAGACGAACAA-1,6203,19746,0.5852316087663079,-0.4074093973895744,0.0341662718352611,True,False,tumor_core,0.0008082038570505559
GGGTTTAGGATAGGAT-1,10959,9796,-0.8185506803956939,-0.4032265245584062,-0.5036470343236411,False,False,other,0.008617745937313568
GGTAAACTCTGCGCTG-1,15492,9016,0.1023155408662794,-0.382839680963416,-0.2037526269513525,False,False,other,0.00188335257500833
GGTAACCGGGAGGATA-1,13691,18861,-0.953785935983384,-0.0321799970331236,-0.077933195287486,False,False,other,0.16928585711028296
GGTACAAACATGCTAT-1,10351,15795,-0.0325884011141579,-0.5786251783914007,-0.3382600884871634,False,False,other,0.0010070774791146294
GGTACACCAGATTTAT-1,7614,8541,-0.2627630251016481,-0.5786251783914007,-0.930591614040388,False,False,interface,0.031262720719615444
GGTACATCTGGGACGA-1,9946,19869,0.4910258931883707,0.0144420705310875,0.0012782179182634,True,False,interface,0.14115150709147287
GGTACCATTAAGACGG-1,8201,10015,0.8670632327046496,-0.4550982827462971,0.2886871048582912,True,False,tumor_core,0.0044983111092195644
GGTACGTTGCGGCCGG-1,15491,9243,0.1648969713982293,-0.4032265245584062,-0.8614494994154928,False,False,other,0.011067256770796308
GGTACTAAGTGCTTTG-1,12540,7989,-0.1457790509790157,-0.1462372760379682,-0.6696141639099216,False,False,other,0.0037539432464784583
GGTAGAAGACCGCCTG-1,12917,13877,-0.1959220482167677,-0.4032265245584062,0.3297004102399313,False,False,other,0.006519676860872417
GGTAGACCGTTGGGCG-1,12912,15915,0.0063716498467402,0.9901884424533244,0.7891145703953246,False,True,interface,0.11596592059108635
GGTAGTGCTCGCACCA-1,9175,13754,1.3062015073766422,-0.4074093973895744,-0.188621906028233,True,False,tumor_core,0.043141493456060644
GGTATAGTGACACATA-1,9188,8999,0.0773168906131137,0.2207640023918427,0.0824271442911492,False,True,interface,0.016541779848976337
GGTATGAAAGAACTGA-1,9152,21905,0.8559544555881426,1.21170116216827,0.0925479296288334,True,True,interface,1.250515694933422
GGTATTGCCGAGTTTA-1,8972,15904,1.3080863188430651,0.4399993688356624,-0.3542433431584632,True,True,tumor_core,0.3278733670173873
GGTCAAGACTACTTCG-1,12928,10028,-0.2566898899970294,-0.1980138769489055,-0.2592324386465465,False,False,other,0.04169761958079626
GGTCAGTGGGTCCCAC-1,11930,14893,0.2338798126324353,-0.0237771981853761,0.3331446017916467,False,False,interface,0.0031445689807479624
GGTCGGATAAACGGCG-1,7016,10917,-0.2173148350938329,-0.2796996289133026,-0.3055167658590141,False,False,interface,0.02758586669390398
GGTCGGCCAGGAGCTT-1,8785,12394,0.4932018386733696,-0.5786251783914007,0.1143383162098332,True,False,tumor_core,0.0046536415430269784
GGTCGGTCGTCCACAG-1,13502,16030,-0.1745899430399427,1.146928036398627,0.6232908765830946,False,True,immune_core,0.009230446694750741
GGTCGTAAGCTCGCAC-1,12113,19762,0.4704539743372708,0.8670635258414786,-0.087614463776312,True,True,interface,0.22143258044285016
GGTCTCCAAGTAGTGC-1,12147,7762,-0.0409456104364682,-0.4074093973895744,-0.925788152284956,False,False,other,0.0013131570835797888
GGTCTCCGTCCAGGTT-1,14897,10487,-0.1720542333662896,0.0490823808000448,-0.4272985642639464,False,False,interface,0.17582960689388968
GGTCTCTGAATGGACT-1,12709,18066,-0.535487835279226,0.7183273241107969,1.3318370875405918,False,True,interface,0.08825577323623546
GGTCTGAGAATCTGGA-1,8390,12846,-0.2018238016062905,-0.5786251783914007,-0.5822565179025716,False,False,other,0.00851808825800292
GGTCTTGAGCGCTCTT-1,15279,14563,0.1314735329479252,0.0043631296351265,0.5933138657448646,False,False,other,0.013579950985991218
GGTGAAGTACAGGGAT-1,11725,17723,-1.2016408912278198,2.2915310132187168,0.7498173208317668,False,True,immune_core,0.36632052501422363
GGTGACTGATAGAGAG-1,15102,7657,5.584656957398547e-05,-0.1762798015482156,0.0272273186788608,False,False,interface,0.01857074666186328
GGTGAGATGCAGATAA-1,5618,17819,-0.5030249541508306,-0.0058822127422033,0.9372115435088828,False,False,interface,0.00893638955826025
GGTGATAAGGAGCAGT-1,9768,12963,-0.0883296463176595,-0.382839680963416,-0.9871614351015012,False,False,other,0.0015735645009965374
GGTGATGAAGGAAGTG-1,8561,21790,-0.7469473468370744,0.0390117869572459,0.4247885105472123,False,False,other,1.0019335619961507
GGTGCGGATAAGTGGC-1,5621,16687,-0.859197741821439,0.3065123306273526,0.8403142213777964,False,True,immune_core,0.014414856921994337
GGTGCTGATCACAAAG-1,7780,19524,0.6939554972876729,-0.5786251783914007,0.0554167747488899,True,False,interface,0.01751501261723209
GGTGCTGGTACACATT-1,10743,16702,0.3875085589410252,-0.4032265245584062,0.871739248860736,False,False,other,0.06131700564744421
GGTGGACTGCTCTGGC-1,13316,12293,-0.4229973179116763,-0.3311055465112218,0.4215325206376406,False,False,other,0.001505263517970475
GGTGGAGGTTGATACG-1,11161,8098,-0.0210490189696927,-0.4074093973895744,-0.8632356046933276,False,False,other,0.002795852888107866
GGTGTTGGGCGTCTTA-1,12146,7988,-0.339233709065491,-0.5786251783914007,-0.7708504758362393,False,False,other,0.0037172313481968517
GGTTACCACCCTCGGG-1,11329,18175,-0.6708809263195151,0.1825022672166359,-0.831761835462436,False,True,interface,0.015167305728531122
GGTTACCCGACACTTT-1,8994,7979,0.008744662431691,1.855844787471018,-0.1200236796143609,False,True,immune_core,0.027875198258681462
GGTTAGCTATATGTCT-1,11741,12063,0.1476753545984868,-0.382839680963416,0.7252853854480646,False,False,other,0.00916018438898277
GGTTAGGCTTGGAGAA-1,7981,17826,0.6758596878707183,-0.060200794681613,0.0763938010032155,True,False,interface,0.02769772366153933
GGTTAGTTACGGCGCC-1,7780,19297,0.5127988741459885,-0.4074093973895744,0.9336496863911944,True,False,interface,0.0038526281900668796
GGTTCGGATTATACTA-1,10139,21115,0.0829638045643739,-0.3311055465112218,-0.4157897605494655,False,False,interface,0.18273292249518666
GGTTCTACTCGTCTGA-1,10170,10020,-0.4873698849724351,0.2938996794146776,-0.9136539223214876,False,True,immune_core,0.016075523262153717
GGTTGTGCTCTTGTCC-1,7185,20767,-0.293156842747046,-0.5786251783914007,-0.3176901288972453,False,False,other,0.023774761480872996
GGTTGTGTAGCCTGGC-1,8959,20433,0.3772939443038384,1.034006374974034,0.3429614015465839,False,True,interface,0.21431098078091423
GGTTTAATTACCATCG-1,14877,17506,-0.9441324728224147,-0.200849517974374,-0.6769554902167059,False,False,other,0.033240541118494164
GGTTTAATTGAGCAGG-1,7613,8768,0.3368444886398874,-0.4550982827462971,-0.7263705162552274,False,False,interface,0.006814622588291886
GGTTTACAATCTCAAT-1,7402,13635,-0.8682775215246378,-0.3311055465112218,0.4582925564957039,False,False,other,0.0037300023044360146
GGTTTAGCCTTTCTTG-1,11548,10364,-0.8319637482114227,-0.2074410271304214,-0.1472876363530737,False,False,other,0.015996836999616106
GGTTTCAATCGGTCAG-1,8984,11602,0.5161771241927304,-0.4032265245584062,-0.7783710445955625,True,False,tumor_core,0.0004624862514001136
GGTTTGTGACCTGAGG-1,14504,10033,1.195842733644758,-0.5786251783914007,-0.1874021977789671,True,False,tumor_core,0.0189080849759406
GTAACATCTAAGATAA-1,13521,9464,0.5927718409265127,-0.3937569079181471,-0.940723909100356,True,False,tumor_core,0.01309622755752192
GTAAGCGGGCAGTCAG-1,7005,14766,-0.3380912400741033,-0.5786251783914007,-0.3426903598963876,False,False,other,0.0031175199296121976
GTAAGTAACAGTCTGG-1,10360,12625,0.026203499635609,-0.5786251783914007,-0.884626369122486,False,False,other,0.004020020583918953
GTAAGTAGGGTATACC-1,7587,17825,1.2474299139152196,-0.4550982827462971,0.4302012630236437,True,False,tumor_core,0.012858238389936223
GTAAGTCCACACTCTA-1,10963,8438,0.3535779713905231,-0.5786251783914007,-0.3989533856477192,False,False,other,0.0665507902692631
GTAATAAAGGGCTCCC-1,8594,10242,0.7973789557995634,-0.4074093973895744,-0.8784295295245974,True,False,tumor_core,0.011128294324291936
GTAATCTGATTCTTCG-1,12318,16932,-0.77084404644403,0.1631653446617494,0.1732000260957741,False,False,other,0.09754657570651759
GTACACTTACCTGAAG-1,9566,14660,1.367310978108809,-0.4550982827462971,0.5553729383566302,True,False,interface,0.06350204177906865
GTACAGAGGCAAGGGT-1,9769,12510,0.4352404147390011,-0.5786251783914007,-0.7783710445955625,False,False,other,0.00524059895629918
GTACGAGATTGCGACA-1,6609,15445,-0.9241985885702544,-0.1776270333539154,1.5090639746935062,False,False,other,0.00017999448585099385
GTACGCTTCATTGCAC-1,11539,13760,-0.1399743358990143,-0.5786251783914007,-0.6282641012106779,False,False,other,0.0040494104852632174
GTACGTTTGCCCGTCA-1,11144,14212,-0.7118399772401609,-0.5786251783914007,-0.3214701080393539,False,False,other,0.047601691023267355
GTACTAAGATTTGGAG-1,7791,15674,0.2440420507305213,-0.0267980959470792,-0.9602894893291094,False,False,other,0.012286758003336456
GTACTCCCTTATCGCT-1,9555,18736,-0.5470460094785972,-0.2796996289133026,0.2663172337783782,False,False,other,0.03094622796257984
GTACTCCTGGGTATGC-1,7609,10353,0.608488039407811,-0.4550982827462971,-0.908410529165246,True,False,tumor_core,0.0016570405615777516
GTACTGAGGTCGTAAC-1,4636,16571,-0.2951397571842951,-0.4550982827462971,0.369467611081104,False,False,other,0.048663349347935585
GTACTGGAGTTAGACC-1,8981,12734,-0.2192467441216203,-0.3720652989762003,0.0771020196326407,False,False,other,0.002615523643017068
GTACTTGGGCACTTCT-1,5814,18159,0.2016058595770899,-0.2086454686586297,-0.1735648888170272,False,False,other,0.0024197030616879465
GTAGAAACGGGTGGAG-1,7187,20088,0.0892994581703361,-0.1885442603086465,0.7487250980404685,False,False,other,0.011348514705405011
GTAGACACGCCTGACT-1,14886,14336,-0.3966230152821372,-0.4550982827462971,-0.517951978726459,False,False,other,0.020440588183223255
GTAGAGGGAGACAAGT-1,12511,18405,-1.099258059803786,1.2805972953898652,1.5211882372896417,False,True,immune_core,0.2847414764190914
GTAGCCAAACATGGGA-1,12326,13989,0.9946325281891758,-0.0374296876568034,1.6653707290233135,True,False,interface,0.009683700808385617
GTAGCGGCTATACACT-1,10159,14096,0.6620763650660356,-0.5786251783914007,-0.5919613502286251,True,False,tumor_core,0.010729058572421199
GTAGCTTCCTCTTGTT-1,8589,11827,0.0572637434643251,-0.2796996289133026,-0.328587053790502,False,False,other,0.003655038176045436
GTAGGTGATCCGTGTA-1,5828,12952,0.6199933577722474,-0.5786251783914007,-0.6473660978433884,True,False,tumor_core,0.04842289124004882
GTAGTCGCGGGAATCA-1,12133,12743,-0.7250370286418933,-0.382839680963416,0.255956427407584,False,False,other,0.009445705117555629
GTAGTCTACGATATTG-1,14889,13204,0.0226228701388115,-0.3072545859718202,-0.1314110168307421,False,False,other,0.019223080698921886
GTATAATCTCCCGGAT-1,5216,20535,-0.0903218552779205,0.06273193309035,0.0827518463265636,False,False,other,0.024906812715730548
GTATAGGACTCAGTAG-1,6413,15331,-1.2220866121102258,-0.2074410271304214,2.938114305772836,False,False,other,0.005726752887181475
GTATCAAACGTTAGCT-1,13320,10935,-0.3868438771932381,-0.0636701328578431,-0.1475119970444143,False,False,interface,0.006010020188230561
GTATCAGCTTGGGTTC-1,6405,18048,-0.7123825655385966,-0.5786251783914007,0.5837620099346206,False,False,interface,0.07114731045895573
GTATCCTTTGGTAACC-1,15091,11506,-0.637457063782045,0.0669148059215183,-0.1200075784537462,False,False,interface,0.049368123363331066
GTATCTTTCATAACCA-1,11537,14440,0.0866546902967348,-0.4550982827462971,-0.6072693862307899,False,False,interface,0.021807665585465843
GTATGAAATTTCACTC-1,12705,19424,0.2339644157833025,0.2411715785480039,0.2437088812958009,False,True,interface,0.08070857276717129
GTATGTGGGTCTAGTT-1,9969,11492,-0.3288840511496936,-0.5786251783914007,-0.6507189057708879,False,False,other,0.031250546270069755
GTATTAAGGCGTCTAA-1,6402,18954,0.0997657812355508,0.0077702767292239,0.1853921529632037,False,False,other,0.023566693274201314
GTATTCTGAGAAACGA-1,11922,17611,-0.6100902144246199,1.8249574644131823,0.0193160278626926,False,True,interface,0.7847140671941636
GTATTTAATGGCATAA-1,12736,8329,0.2663887870649294,-0.2796996289133026,-0.7959540832954456,False,False,other,0.0031341720517022637
GTCAAAGTTTACATAG-1,5024,18610,0.5735129244806084,-0.1863158436690123,1.1329373994815322,True,False,interface,0.007548742360124873
GTCAACCAGGCCTATA-1,15292,10261,0.9088317612575976,1.2065357385859128,-0.8335529675389337,True,True,interface,0.06431019511850262
GTCAAGCGGACTCGGG-1,10161,13190,-0.4566136919724046,-0.5786251783914007,0.1970901856731859,False,False,other,0.0014235840407632308
GTCACTCTCCAAATCT-1,6995,18389,0.5290474543073426,-0.2075786508661182,0.4311000905377082,True,False,tumor_core,0.018412134596751988
GTCAGAATAGTCTATG-1,8374,18280,0.100998798033598,-0.1557068926782272,0.1018017559532459,False,False,interface,0.010801503615351213
GTCAGTTTGGTAGTCG-1,8171,20430,0.9601968318532385,-0.2074410271304214,-0.3701592733864911,True,False,tumor_core,0.03160386929518289
GTCATGCACCTCCGTT-1,8186,14996,0.5709141014318451,-0.5786251783914007,0.1608758254057926,True,False,tumor_core,0.01976632095919645
GTCATGCGCGAGGGCT-1,15093,10827,0.3651122788722354,0.4053612746726118,0.1819344916880651,False,True,interface,0.007648095466188058
GTCATGGACATGACTA-1,7596,14881,-0.846698997741807,-0.4074093973895744,-0.2173498645699736,False,False,other,0.006326964395228827
GTCATTAGAGCGAACG-1,9764,14321,-0.0817633174793724,-0.5786251783914007,0.4292303962830378,False,False,interface,0.020184506391451994
GTCATTGCATTGACCC-1,8566,19979,0.5469189071888324,-0.0034328210491291,0.6908577104386335,True,False,interface,0.007800743508747172
GTCCAATATTTAGCCT-1,15276,15922,-1.1919874280668508,0.6391219226314306,0.2756144226476226,False,True,immune_core,0.09032554007796303
GTCCACGTCGCATTCG-1,15099,8562,0.1607000589332788,0.2196547181405882,0.1106406523244697,False,True,other,0.01085535144819573
GTCCATTACTGCTACG-1,10762,9909,0.1029046491557571,-0.4550982827462971,-1.0279039802269103,False,False,other,0.06362058135849359
GTCCCAACGTAAAGTA-1,8978,13640,0.7097328446361608,-0.5786251783914007,-0.6801430613745413,True,False,tumor_core,0.012016913724526504
GTCCCAATCATCCCGC-1,10728,21683,-0.1524854054908332,0.4402751913788315,0.1006495478738084,False,True,immune_core,0.01669431164411664
GTCCCGCGACGTTATG-1,13906,12635,-0.3264550004650018,-0.2498856351367965,-0.8496083825117224,False,False,other,0.008887070201001988
GTCCGAGAGCAATCAT-1,8760,20998,0.8951707145332078,-0.200849517974374,-0.809718962348182,True,False,interface,0.1554604810663117
GTCCGGACCTGAAATT-1,13120,11953,-0.3420799819789043,-0.1603556060993672,0.6103145422191256,False,False,other,0.014914679939611581
GTCCGGCTGAATTGCG-1,7987,16014,-0.2361596269438531,-0.5786251783914007,-0.0816838811868785,False,False,other,0.004597931323901399
GTCCTACAGGCGGCTC-1,6005,20085,0.4017856914904554,-0.4550982827462971,0.7001877175956681,False,False,interface,0.03835077419871203
GTCCTACGAATAGTCT-1,12924,11613,-0.4399590712370201,-0.4074093973895744,0.3614633751046854,False,False,interface,0.0042267871724671535
GTCCTATTGTTGTGGT-1,8169,21110,-0.0414902375041982,-0.2498856351367965,-0.2551482933788456,False,False,interface,0.04876992233561286
GTCCTTCTACAACCCA-1,6790,21219,0.9093565171960316,-0.3321723643037333,-0.0746153880744194,True,False,tumor_core,0.005632778355299451
GTCGATAGGTGACTTT-1,12933,8217,0.1376969598923024,-0.2320107435565798,-0.7889193354348123,False,False,other,0.001914759858785989
GTCGCCGTTGTGTGTT-1,13696,17050,-0.4978392634996452,0.4064711976220814,0.4290019686817307,False,True,immune_core,0.036969496653185
GTCGCGTAACCCGTTG-1,10161,13417,-0.6505223062641868,-0.5786251783914007,-0.6801430613745413,False,False,other,0.0037705688655305988
GTCGGATATCTCAGAC-1,8769,17828,0.7549567238703447,-0.4032265245584062,-0.0043229841423659,True,False,tumor_core,0.007055675510768165
GTCGGATGTAGCGCGC-1,5828,13178,0.0913548385078555,-0.2838825017444708,-0.5003802240676042,False,False,other,0.009003217158828304
GTCGGGAACATGGTAG-1,10335,21455,-0.2370879751090094,-0.0541720753014658,0.1191375493255814,False,False,other,0.004822856771271256
GTCGGGAAGCAGAAAC-1,14097,14560,0.7648382817817202,-0.4550982827462971,0.0213965710163988,True,False,tumor_core,0.04553484125586105
GTCGTACCATCTCGGG-1,11536,14892,0.2758917017031971,-0.5786251783914007,-0.7150152202501469,False,False,interface,0.02070281656345348
GTCGTACCTACGATTG-1,9746,20888,0.0591951364749346,-0.5786251783914007,-0.8163415561349655,False,False,interface,0.1036510740794141
GTCGTATTGGCGTACA-1,6227,11141,-0.9898529457380842,-0.4550982827462971,-0.8339495699435855,False,False,other,0.0074624457934990545
GTCGTCAATTATAAGG-1,4635,16798,-0.3176455191916978,-0.1114690885438355,0.2210723851233502,False,False,other,0.04604006007432205
GTCGTCTGGTTGGCTA-1,8403,8091,0.6872374833972605,-0.4550982827462971,0.4668257945646154,True,False,interface,0.12367642147580558
GTCGTGTCTGGTCATC-1,8005,9448,-0.1976021471544285,-0.5786251783914007,-0.7204890040952986,False,False,other,0.022780990817742833
GTCGTTATTCGCTTAT-1,11540,13307,-0.0893025661108672,-0.4032265245584062,-0.4262447275880751,False,False,other,0.0057967302421106535
GTCTACTCAATTACAA-1,9747,20435,-0.2086581771384167,-0.4032265245584062,0.7439643679814051,False,False,other,0.031809633533079966
GTCTAGTGAGCCGCTT-1,15485,11507,-0.3518796977969331,0.2186176865164684,0.355548987537356,False,True,immune_core,0.057082807368505954
GTCTATCTGAGTTTCT-1,10347,17153,0.3348309927786189,-0.1668526513666997,-0.3239972949440431,False,False,other,0.01164796564040318
GTCTATTGCATGCTCG-1,15292,10035,0.474846583684759,-0.0159812475011204,-0.1561251837040362,True,False,interface,0.0307013915968906
GTCTATTGGTTCCGGT-1,12333,11725,-0.6126401428552503,-0.1462372760379682,0.242427677838454,False,False,other,0.028632668461918618
GTCTCAAGGCCCGGCT-1,14295,14447,-0.3605418283914035,-0.4032265245584062,-0.0024696678416452,False,False,interface,0.07901704329580912
GTCTCGACTAAGTTTG-1,7414,9333,-0.6200959757604428,-0.5786251783914007,-0.8679006320599777,False,False,other,0.005433198712406548
GTCTCGATCTGCTTTC-1,6420,12840,-0.2648240180079738,0.1615943339164467,-0.1267862973001755,False,False,interface,0.016850429395996108
GTCTGGGCGGTCGAGA-1,11530,16930,-1.2220866121102258,-0.382839680963416,-0.8042516946548641,False,False,other,0.010897872001099138
GTCTTCCTCACCTAAG-1,8364,21903,-0.4239704732378627,0.2679377713704513,0.5038800169964117,False,True,immune_core,0.38767672747602105
GTCTTGAGGAGCAGTG-1,9977,8774,-0.7262901567348864,0.1136304511731738,-0.1153402457439633,False,False,other,0.005401424624520516
GTCTTGTAGCTATTCA-1,11158,9231,-1.2267907189277687,-0.4550982827462971,-0.5059934484493441,False,False,other,0.012042772716506979
GTGAAACGGCGCCACC-1,7210,11937,0.82909897971559,0.5077256009856544,0.8659518588446709,True,True,interface,0.1440486091243962
GTGAACTCCCATTCGA-1,8397,10129,0.6594198765238543,0.0554591620859467,-0.2434106658200293,True,False,tumor_core,0.00307209675663099
GTGAAGTCACGACTCG-1,12109,21121,0.2143071921951111,0.1609276705708641,0.0894684196150097,False,False,interface,0.012629143194285685
GTGACAGCTTCCCACT-1,15085,13544,-0.3353920006914547,-0.0990142312712172,-0.0039070438236897,False,False,other,0.0077607519768451184
GTGACCGCACACTACG-1,10166,11605,0.5538558839946887,-0.5786251783914007,-0.7939965168753123,True,False,tumor_core,0.02608590625126579
GTGACCTAAAGAATAA-1,8404,7864,1.223024353784488,0.510219935229682,-0.1665576407377284,True,True,interface,0.13104782695494335
GTGACGAGGGTGACCC-1,8794,8998,1.0518759416454004,-0.5786251783914007,-1.004769448910121,True,False,tumor_core,0.02947157895954078
GTGACGCAGGTTTCAT-1,15283,13431,-0.5602038348402844,-0.2086454686586297,-0.4575189067966024,False,False,other,0.005721565816911238
GTGACTTCAGTAGTGC-1,11532,16251,-0.4679059930213017,-0.2838825017444708,-0.5414136512973843,False,False,interface,0.015530082781862036
GTGAGCGTGCTGCACT-1,8963,19074,0.1854855547811239,0.1320728981113983,0.4641884239074049,False,False,interface,0.04035268800554934
GTGAGGACACTTAAGG-1,10555,13191,0.0145084003604048,-0.0627889480239087,-0.912092958306006,False,False,other,0.011009835471262908
GTGAGTCTAAGACGGA-1,7382,20655,-0.1160328081211664,-0.5786251783914007,0.4951950347899621,False,False,other,0.004317108450077132
GTGAGTGGTACAACGC-1,12716,15575,-0.3887064393024845,0.385719799479511,1.5206540723847544,False,True,other,0.021787595385340724
GTGATCACTAACGCCT-1,11744,10930,-0.8314692203071896,-0.3720652989762003,-0.0958052785938619,False,False,interface,0.07593057819727447
GTGATCATAGATCTGC-1,11337,15458,-0.6795476281160734,1.0744232918049217,-0.1873027884234735,False,True,immune_core,0.21068145849818865
GTGATCCTTGTCATGA-1,14694,12411,-1.2208334840172324,0.8323514219963893,0.9478784225942372,False,True,immune_core,0.19663395356586807
GTGATTCGCCGCTCAA-1,11923,17384,-0.4485801399345397,0.8445501087416991,0.1838652161922837,False,True,interface,0.02092689819854344
GTGCAACAAATGTGGC-1,5232,14875,0.3129848240652487,-0.2702300122730435,1.5875798693999923,False,False,other,0.04510201321803468
GTGCACGAAAGTGACT-1,5826,13857,0.7261012376104091,0.17307511703512,0.2452159814865513,True,False,interface,0.08879258209729712
GTGCAGCGTAGAGTAG-1,12737,7877,0.3747444251393844,-0.4074093973895744,-0.4351961561776088,False,False,other,0.010784245440307639
GTGCCATCACACGGTG-1,10739,18060,-0.4277008687886093,0.5955751547376812,-0.1010486717501037,False,True,immune_core,0.07777916654313975
GTGCCCGTTCGGATTC-1,10164,12285,0.0860522643252912,-0.5786251783914007,-0.6456417243303878,False,False,other,0.0013873435616516808
GTGCCGCTTCAAAGGT-1,11136,16929,-0.4641378585580318,-0.5786251783914007,0.5241208048991827,False,False,other,0.0165832921604825
GTGCCTGAGACCAAAC-1,16075,11848,0.5257177218230344,0.2621311060722231,0.6311651252368209,True,True,interface,0.4060443459405231
GTGCGAAATCGAACAC-1,11333,17043,-0.4439250502226873,-0.4074093973895744,-0.2585547455033073,False,False,other,0.01179949400683527
GTGCGACAGGGAGTGT-1,9578,10585,-0.0463753687420499,-0.5786251783914007,-0.8339829102319726,False,False,other,0.0007851630763514829
GTGCGGGTCTCCAAAT-1,6412,15557,-1.2081099627686014,-0.0058822127422033,2.2496471905610633,False,False,other,0.010363458662238758
GTGCGTGTATATGAGC-1,10557,12512,-0.1087540660247668,-0.5786251783914007,-0.8784295295245974,False,False,other,0.0028735728105840075
GTGCTCAAGTACTGTC-1,9169,16018,0.8540999827445737,-0.5786251783914007,0.4986922662259916,True,False,interface,0.04624999135326363
GTGCTGCAGATAAGGA-1,9745,21114,0.4318216617590592,-0.2796996289133026,-0.5899098115320195,False,False,interface,0.25130491833874846
GTGCTTACATCAGCGC-1,11553,8779,-0.5794052420900536,0.5316943402092732,-0.8447661007431886,False,True,immune_core,0.011505709163642644
GTGGAACCTACATGCG-1,5435,12724,-1.2220866121102258,-0.2838825017444708,-0.5553890811132358,False,False,other,0.035980070228734944
GTGGACCAACCCGATT-1,11328,18628,-0.7083682683071247,0.4356895161923135,0.6010849669931005,False,True,immune_core,0.13193648099021443
GTGGACGCATTTGTCC-1,13506,14672,0.7708926154568774,-0.0954122417796326,-0.5334156691494975,True,False,interface,0.01666210026053668
GTGGACGTGCTGAGAC-1,5816,17480,0.3776069769564453,0.4167874473742727,0.9547942809978364,False,True,interface,0.0679779289173059
GTGGAGCATGTCGGCC-1,9783,7755,-0.8702636825606324,0.7880332712472966,-0.3180626653089384,False,True,interface,0.10242167719509483
GTGGAGTCGGCGGTTG-1,13104,17614,0.182780670869324,0.2512446595139314,1.380719786817546,False,True,immune_core,0.007611076235065797
GTGGCAAACAGCGGCA-1,12310,19650,-0.398495576928754,-0.1294091083873068,0.7478384506582733,False,False,interface,0.1703315499449629
GTGGCCTAATATCATT-1,9349,21792,0.6328924348749823,0.6164474901252677,-0.3273083247868366,True,True,interface,0.5839563099204889
GTGGCGGTCCCAGCGT-1,10340,19644,-0.9398092866417598,0.9174243261113116,0.1080703870199264,False,True,interface,0.2099939765561857
GTGGGAAGACTGAATC-1,11324,20213,2.0524053560139897,0.8678090297119332,0.2015829898874575,True,True,interface,0.8606809019954138
GTGGGCTTAGACACAC-1,8179,17487,-0.598139589222796,-0.0779721734236427,-0.4018756856038895,False,False,interface,0.018131506953352697
GTGGGTACTGAGCGTA-1,12304,21687,0.0479806918613409,0.7102985519927122,0.3959939511966621,False,True,immune_core,0.03407092454647178
GTGGTATAGTCTGCCG-1,13696,17276,-0.5034193743728926,-0.1069363384455617,0.3674801431887259,False,False,other,0.10813063294147225
GTGGTGATGGTTTGTG-1,13132,7651,-0.0555629735095332,1.0670745301173603,-0.0867919339857002,False,True,interface,0.2808087142745971
GTGGTGGCCAAGTGAA-1,11344,12967,-0.7064172501234346,-0.1084838479114762,0.0356505446444157,False,False,other,0.006010359826697763
GTGGTTACTTCTTTCG-1,8595,10016,0.6369238758639583,-0.4032265245584062,-0.941120511505008,True,False,tumor_core,0.007054323190349986
GTGGTTTCCGCCTTTC-1,10738,18287,-0.5311085050352248,0.4463703724650644,-0.1576754442050938,False,True,immune_core,0.015988247031451668
GTGTACCTTGGCTACG-1,7601,13070,-0.6064459169385776,-0.4550982827462971,-0.3888326003100352,False,False,other,0.01237425546830126
GTGTACGAACCGTTCC-1,10965,7532,0.4327317727842406,-0.4550982827462971,-0.8975985073486991,False,False,other,0.02401534471611261
GTGTATATCAGCGGGC-1,13904,13314,-0.7237825531347013,-0.0821550462548109,0.216234698774155,False,False,other,0.03616287322739243
GTGTCGTATAGCGTTC-1,13116,13312,-0.886386217262383,-0.5786251783914007,-0.3805671160051563,False,False,other,0.016876292893852476
GTGTGAATAACTTAGG-1,8981,12508,0.1959683187730402,-0.5786251783914007,-0.785753038920482,False,False,other,0.003909215908812553
GTGTTACTATGCGTCC-1,10555,13418,-0.284733707497342,-0.5786251783914007,-0.3828850128582114,False,False,other,0.009509082699534675
GTTAAAGTAGGACTGG-1,12133,12517,-0.5836148210033637,-0.5786251783914007,-0.3050086621328808,False,False,other,0.00639454930873811
GTTAACATCACTTAAA-1,13312,13652,0.8530314103316885,0.0503871461470014,-0.5714111557976373,True,False,interface,0.016652578321708137
GTTAACTATGTTGTCA-1,10960,9343,0.0354795555565795,-0.2116238999615896,-0.2180127213434994,False,False,other,0.0028335109211782574
GTTAAGGGTGCGATGT-1,14493,13882,-0.2375227170916421,-0.1561727332681989,0.5389391621706764,False,False,other,0.007931930672281881
GTTAAGTTAGAGTGGG-1,9583,8773,-0.9670212938622604,0.0030158978294267,-0.4292826681697154,False,False,other,0.018252756508524592
GTTAATGTCTATCTTA-1,8368,20544,0.5372447971043101,-0.3937569079181471,0.408745262536557,True,False,tumor_core,0.010867429301312103
GTTACAATTGGTGACG-1,9753,18171,1.6275519911414928,-0.0064112523520891,0.1977025249766803,True,False,tumor_core,0.11995115147251367
GTTACCTACAACTTGC-1,11734,14327,-0.3822128156769883,0.3128292031283451,0.7533734658669998,False,True,immune_core,0.020035028323646908
GTTACTTTGGGCCTAG-1,10941,16136,-0.8682775215246378,-0.2116238999615896,-0.0099313969088889,False,False,other,0.035239923203887455
GTTAGCCCATGACATC-1,15677,13432,-0.7996854168435675,0.2416374191379755,0.0436035077898777,False,True,immune_core,0.028759925583941498
GTTAGCCGTAAATCAA-1,8399,9449,0.7338887978097234,-0.5786251783914007,-0.9942405514455016,True,False,tumor_core,0.0038262452746673395
GTTATAATACGGTGAA-1,12929,9802,-0.4509318849437197,-0.5786251783914007,-0.0165864467084417,False,False,interface,0.04614587645262044
GTTATATTATCTCCCT-1,11928,15573,-0.0318205775680184,-0.2183582540851525,0.5386747586718038,False,False,interface,0.1283625578641687
GTTATTAACGTGGGAG-1,6794,19860,1.311252036863286,-0.4032265245584062,-0.1806022170718182,True,False,tumor_core,0.016778519746604423
GTTCAAATCAGATGTC-1,6788,21898,0.0597879679958517,-0.5786251783914007,-0.4199089865652626,False,False,interface,0.006338200284996161
GTTCACAGGAGTCTAG-1,8769,18055,0.8504142769773438,-0.4550982827462971,0.3797329298618122,True,False,tumor_core,0.002620066723970388
GTTCATCGTTTGGCTG-1,8988,10017,0.3728878342820039,-0.2320107435565798,-1.0751312717842825,False,False,other,0.00904642096948182
GTTCCAGTCTGACCAT-1,5820,15895,-1.001492569935048,0.3825033574240107,0.7372285940030816,False,True,immune_core,0.01172109216480388
GTTCCCGTAAACATAT-1,14115,8446,0.7795507084379444,0.5214750088903006,-0.1701036681680992,True,True,interface,0.08319293313946854
GTTCGCCATAAGTGCC-1,9760,15906,0.255340704631709,0.1027132242184427,0.1668857190892474,False,False,interface,0.004161901606749362
GTTCGCTGAGACGTCT-1,12930,9575,-0.4371028828402196,-0.1084838479114762,-0.7317021372995534,False,False,interface,0.017787566641561756
GTTCGGAGCACTCAAC-1,15098,9015,0.6897166549227413,0.3460771667105316,0.3085988414446353,True,True,interface,0.006335224049584573
GTTCGGATCGGGAACA-1,11157,9457,-0.2546307832449931,-0.3311055465112218,-0.044336387481957,False,False,other,0.006109334355411045
GTTCGGGCGTACCATT-1,8792,9677,0.7290498642165935,-0.5786251783914007,-1.3108298672123784,True,False,tumor_core,0.0067259380001057625
GTTCGTCTAAAGAACT-1,12529,11838,0.0163199233833603,0.0390117869572459,-0.5274810395143928,False,False,other,0.013273129050004731
GTTCTTCCCTCGATGT-1,5425,16120,-0.7376223176079926,-0.162089006473014,0.5340653911906319,False,False,interface,0.03106348866435284
GTTGAACCGGTTCCAT-1,10741,17381,-0.1427692928578914,-0.2116238999615896,-0.2482721249144559,False,False,other,0.0037532199229725924
GTTGAGTCCCGCCGGT-1,12723,13084,-0.4513287462497031,-0.382839680963416,0.0171031471049928,False,False,other,0.00021815723786624687
GTTGCACGGAGTTTCG-1,7197,16465,-0.9729785287727966,-0.4550982827462971,-0.2408085136752034,False,False,other,0.030412836025957738
GTTGCAGTCGACAACA-1,14708,7656,1.717284518228119,-0.2593127853183124,-0.7719816437159118,True,False,interface,0.048602708352666744
GTTGCGCTAACATTAC-1,10569,8436,-0.6069929284559878,-0.4550982827462971,0.2271473897557023,False,False,other,0.009826946631723553
GTTGCGGACGGTCAGG-1,12933,8443,0.4950171538114283,-0.5786251783914007,-1.3108298672123784,True,False,tumor_core,0.006191771642594201
GTTGGATTGAGAACAC-1,8786,11941,-0.1889183117924095,-0.5786251783914007,-0.8404340428764575,False,False,other,0.0027256751690711268
GTTGGATTTGCGTTGG-1,9562,16245,-0.1684958704279391,1.0302336251550095,0.6373367816344349,False,True,interface,0.27174665608280263
GTTGGTCATGCTATCC-1,13309,14784,0.1435002921843932,-0.1467031166279399,-0.2118870514411459,False,False,interface,0.023735516112607342
GTTGTCGTGTTAGTTG-1,5424,16573,-0.5973661372353788,-0.382839680963416,1.446405861336009,False,False,other,0.011051227372136789
GTTGTTGCAAGATGGC-1,14903,8222,0.2254662104787888,0.0448570415101333,-0.7415607126744536,False,False,other,0.0013542767509125183
GTTTACGTTCCATCTG-1,11930,14667,0.6523074617185588,-0.1084838479114762,-0.26818386723608,True,False,interface,0.013439496998952022
GTTTATGGGATTTAGA-1,6791,20993,1.7192199230947274,-0.5786251783914007,0.1057256905675416,True,False,tumor_core,0.017319031763110712
GTTTCAAACGAGTTGT-1,14506,9580,1.1654703093616898,0.5426744054524231,0.8591280156123714,True,True,interface,0.0636863748981118
GTTTCATATCGTCGCT-1,10145,18851,0.5884569086811886,-0.1966666451432057,-0.5148671682671238,True,False,interface,0.032616106788299036
GTTTCCTGGAGGGTGA-1,7395,16352,-0.3797101324599046,-0.5786251783914007,0.4015243960040434,False,False,other,0.020740139940849476
GTTTCTAGAGGCGCGG-1,16076,11396,-0.6269640754492976,2.2666378808281644,0.276989771877581,False,True,interface,0.09873127551944082
GTTTCTGCAGTCTCCC-1,10357,13757,-0.1289327115556497,-0.3720652989762003,-1.174631372451954,False,False,other,0.008053987561920642
GTTTGACCAAATCCTA-1,8382,15336,-0.1549077485860754,-0.5786251783914007,-0.3153572145845612,False,False,other,0.013454714135179876
GTTTGGCCCAAGTTAT-1,10753,12852,-0.2712930895487553,-0.2021967497800738,-0.7959540832954456,False,False,other,0.00869785132165456
GTTTGGGCTTGTGAGC-1,12522,14556,0.8207191189120329,-0.1762798015482156,-0.0557705280387586,True,False,interface,0.0007131912179278685
GTTTGGGTTTCGCCCG-1,14894,11619,-0.9381752379118786,0.3537037488351811,0.1939253017955766,False,True,interface,0.2423116419113844
GTTTGGTAGGGTCAAC-1,12914,15236,-0.2618905195565351,-0.000881147715221,-0.2548551803191478,False,False,other,0.023599513194336074
TAAACCCAGGAGGGCA-1,13103,17840,0.1257408016119039,0.6829951419164677,1.0067599963056806,False,True,interface,0.029783744788189504
TAAACGTCGTCAATGA-1,6004,20537,0.7034384520240727,1.0700223210211388,0.3662864640519721,True,True,interface,0.46890082021401014
TAAAGACAACCCTTTA-1,10372,8549,-0.7419979904936483,-0.2796996289133026,-0.4716672275767911,False,False,other,0.004446424802617595
TAAAGAGCCCGAAACC-1,4439,16684,-0.705621215720282,-0.2796996289133026,0.1054967598847777,False,False,other,0.03074060416914064
TAAAGCGGTATTTCCA-1,14880,16374,-1.099258059803786,-0.4032265245584062,-0.2948818421118315,False,False,other,0.04125579065476193
TAAAGCGTTAGGAGAA-1,7998,11939,0.6690825519011414,-0.2116238999615896,-0.9711015111456563,True,False,tumor_core,0.0015189103567928139
TAAATGAATCCGTTTC-1,6994,18616,-0.6705605705000602,-0.2838825017444708,0.4880938632249013,False,False,other,0.03745028589487011
TAAATGGGCTACTGAG-1,14905,7543,0.8178838529363451,-0.1467031166279399,-0.5139470621138642,True,False,interface,0.0035508845077449
TAACAAAGGGAGAAGC-1,6602,17935,-0.5955521554064498,0.2690045891629628,0.5850764238949419,False,True,immune_core,0.03882707145229439
TAACAATATTTGTTGC-1,7975,20090,-0.3116897983137932,-0.4032265245584062,0.7042916217871122,False,False,other,0.006964188599484934
TAACAGCGTTTGTGCT-1,14876,17732,-0.859197741821439,-0.2086454686586297,-0.7076429908464487,False,False,other,0.25748139905364736
TAACATACAATGTGGG-1,9962,13982,0.9796735760448374,-0.1603556060993672,-1.0482914530664302,True,False,interface,0.04836660590195205
TAACATACACGCGATC-1,13297,19086,-0.0112220201233057,-0.3720652989762003,-0.2475379128458199,False,False,other,0.04153697873474856
TAACCGCCCGCAGTGC-1,4243,16344,-0.7053709056993794,-0.2796996289133026,-0.1277099432179041,False,False,other,0.008436427860376485
TAACCTACCGTCCGAG-1,8987,10470,0.6691385328768293,-0.5786251783914007,-0.8784295295245974,True,False,tumor_core,0.007531318395900949
TAACCTAGGGAGTCCA-1,14308,9919,1.5073828144212844,-0.2838825017444708,-0.0210163866556098,True,False,interface,0.020174866063776945
TAACGCTTTGAGAGCG-1,7782,18618,0.2426613651043577,-0.2086454686586297,0.783760702477949,False,False,other,0.016737552311218068
TAACTATCGAAGGTCC-1,7193,18050,-0.9995064088990536,0.5483942613951923,0.5318270818027301,False,True,immune_core,0.03243150156342365
TAACTATTACGCCAAA-1,8201,9788,1.091690310771563,-0.0419785239158962,-0.5778635016759697,True,False,tumor_core,0.012389523575720771
TAACTCATCCGCGCGG-1,10940,16362,-0.1933183688906019,1.0498391610781128,0.2358390573450351,False,True,immune_core,0.15476610728823717
TAACTCCATGGAGGCT-1,6206,18840,0.430786923070899,-0.382839680963416,-0.0631267551133993,False,False,other,0.029758078341491214
TAAGCAGGCGACACGC-1,9355,19754,-0.8122766275177771,-0.2918046089188153,0.1023387960796475,False,False,other,0.07541032380855105
TAAGGAACTTGTGGGA-1,5619,17366,-0.7419979904936483,-0.2485384033310967,0.610041523199669,False,False,other,0.009536125550085175
TAAGGCAACATAAGAT-1,7402,13862,-1.099258059803786,-0.1776270333539154,0.1054358391947977,False,False,other,0.018745415039447526
TAAGGCATAACATCAA-1,13698,16370,-0.0231783155450347,0.2306144115540624,-0.0690447955031195,False,True,immune_core,0.12916979300919432
TAAGGCCCGTCACCCT-1,14690,13996,-0.0880305088528959,0.3995505718417265,0.0117898769320871,False,True,immune_core,0.006036777504659783
TAAGGCTGAATCCCTC-1,11350,10929,-0.1747489255547242,0.1416134221265189,-0.4625740204160704,False,False,other,0.048039851009724834
TAAGGGCCTGTCCGAT-1,13713,11162,-0.0249527463668504,-0.4550982827462971,-0.7767851054713439,False,False,other,0.006319350264341247
TAAGGGCTGGGAGAGG-1,9158,19867,0.3545327108132158,0.0150430477336273,0.0971626634873596,False,False,interface,0.05072139496812001
TAAGTAACATCTTGAC-1,11529,17383,0.0257188547764789,-0.3006248893891332,-0.4608237734039827,False,False,other,0.009140069741037328
TAAGTCGCCGAGTATC-1,13102,18293,0.4654211855011145,0.2396780963892591,0.0653844951270334,True,True,interface,0.03791319969335457
TAAGTTGCGACGTAGG-1,12925,11160,-0.212341883131053,-0.3734125307819002,0.0786148757727523,False,False,other,0.0019825372809024943
TAATACACAGTAGTAT-1,6414,14651,-0.7036641614895817,-0.4550982827462971,-0.0454397118652947,False,False,other,0.007509967955513282
TAATAGAACAGAGTTA-1,12316,17612,0.0865326096318531,0.6652134573544628,0.7516050335947552,False,True,interface,0.016402805645222507
TAATAGTGACGACCAG-1,7800,12504,-0.339233709065491,-0.5786251783914007,-0.1583856960985435,False,False,other,0.02737741631963399
TAATATTGAAATTCGC-1,5818,16574,-0.4991110605058598,-0.5786251783914007,1.2083714694499763,False,False,other,0.005108192395160103
TAATCAACCAAATGGG-1,12541,7763,-0.6505223062641868,-0.4550982827462971,-0.7076096505580615,False,False,other,0.015506115046375377
TAATCGATCCGTACGT-1,7409,11371,0.0998769395410074,-0.4074093973895744,-0.817927495259184,False,False,interface,0.03913556901601712
TAATGAAAGACCCTTG-1,7384,19975,0.3731037086722813,-0.4550982827462971,0.4427227098361935,False,False,other,0.015547973487866329
TAATTACGTCAGTAGA-1,14700,10373,0.9386957136419268,-0.382839680963416,-0.3265139600444284,True,False,interface,0.09847342034631106
TAATTAGGACATCCGT-1,10762,9682,-1.2208334840172324,-0.5786251783914007,-0.920733038665488,False,False,other,0.05726027880033772
TAATTTCCGTCCAGTA-1,10334,21908,-0.510717619912212,0.28782466347796,0.3479648890405772,False,True,immune_core,0.006813547577201424
TACAACGCACAACTCA-1,10546,16361,0.148264910030832,-0.4550982827462971,-0.2196307875222574,False,False,other,0.013712607089489778
TACAAGGGCTTCTTTA-1,15880,11282,0.0416757126146248,1.921639702540785,0.894643389488615,False,True,interface,0.025991399349587052
TACAAGTCTCGTGCAT-1,8570,18846,0.3316403614577211,-0.0131456064756519,-0.8617426124751907,False,False,interface,0.01081968279510158
TACAGAAACGGTGGGC-1,14104,12296,-0.6372781339249538,0.7540522585832331,0.0667976203399408,False,True,immune_core,0.029630179879107658
TACATAGGCATACACC-1,10353,15115,0.9189625005547034,-0.3311055465112218,-1.0674604308905318,True,False,tumor_core,0.019991093166133844
TACATCCCTATCCCTG-1,11126,20325,0.1580872890747051,2.688703121400972,1.7724647254219457,False,True,interface,0.7783177996022559
TACATGACCTTATCCG-1,6987,21333,-0.1930843172550843,-0.5786251783914007,-0.3160201433279048,False,False,other,0.012284964662023482
TACATGCCGGAATTGT-1,13131,8104,0.7724188806906629,-0.1668526513666997,-1.06198664704538,True,False,interface,0.007998521997625426
TACATTTCTAACGTGC-1,10154,15681,0.0725473569385045,-0.5786251783914007,-0.661007423838827,False,False,other,0.001558363637670598
TACCAAATAGCCCAGA-1,14096,15013,0.2637769819257932,-0.5786251783914007,-0.3514972244159504,False,False,other,0.008515747080193608
TACCAATAAAGTACCA-1,13315,12520,-0.5820170545210452,-0.3311055465112218,0.6448371010374745,False,False,other,0.0006672923792799239
TACCAGAAGTAGGTTC-1,12123,16139,-0.1000746647216262,0.9763975637403612,1.294670554295229,False,True,interface,0.22125885862532577
TACCAGCTAGGTTTAA-1,4642,14533,-0.5251001765689035,-0.5786251783914007,0.0599883974186973,False,False,other,0.0002912619938678567
TACCATGTATTGATTT-1,11949,7874,-0.5104584418906924,-0.4550982827462971,-0.7424374409503001,False,False,other,0.002722344007743236
TACCCTCGGTAACCCT-1,15299,7544,0.8003656962647402,-0.382839680963416,-0.1371553412931057,True,False,interface,0.010278482083767197
TACCGAATAATTGTAA-1,15682,11394,-0.1710526973042912,1.6171462384761013,0.9007056894816385,False,True,immune_core,0.01658638833259133
TACCGCGGACTTGCAG-1,8986,10923,0.5063945788896475,-0.4074093973895744,-0.385407649521109,True,False,tumor_core,0.00278529044272416
TACCGGCTCACTGCCC-1,11734,14553,-0.2330175338141911,0.4368227418419887,0.3609938018956819,False,True,interface,0.031388646763449796
TACCGGTCGTTTCCAT-1,11133,18061,-0.953044644520636,-0.4550982827462971,-1.077319006265432,False,False,interface,0.11378910116263495
TACCGTAGGTTAACTA-1,14095,15466,-0.1490136965577972,-0.4032265245584062,-0.9711015111456563,False,False,interface,0.02129681338903126
TACCGTGCCTCGGACC-1,12523,14103,0.5158288851904889,-0.2074410271304214,0.4432466248398404,True,False,tumor_core,0.002744508629848723
TACCTACTCCCAGTAT-1,13899,14899,0.7098849384833226,-0.0990142312712172,-0.4810768538016348,True,False,tumor_core,0.006497996440064684
TACCTATCCCTAGAGG-1,10334,21682,-0.5101790250644959,-0.2796996289133026,-0.2119028444652304,False,False,other,0.0037135103999338657
TACCTCACGCTTGTAC-1,5624,15555,-1.2208334840172324,1.6061244001526809,1.0057127017693266,False,True,immune_core,0.29234156966494157
TACCTCAGTTGTCTGT-1,14290,16259,-0.2851144449312861,-0.3315713871011935,-0.4636134437705471,False,False,other,0.042756271602229036
TACCTGCTGCACTGTG-1,7977,19411,0.9365831899037442,0.2043314998942795,1.032170580180492,True,True,tumor_core,0.030816240693148988
TACCTTAAGATTTCCC-1,12116,18630,0.100199616018901,0.2283754317553593,-0.3725744127198199,False,True,interface,0.16463395708662962
TACGAACACGACTTCA-1,8578,15903,-0.1039328923022306,-0.0064112523520891,0.2529868201843946,False,False,interface,0.021392410036092987
TACGACGCTTGCTGCG-1,11533,15798,-0.7332724594869775,-0.1084838479114762,0.4731081882040412,False,False,other,0.02073989855165818
TACGACTGCCTCTTAG-1,11143,14438,-0.7588535581384003,-0.3734125307819002,-0.0656179470977596,False,False,interface,0.02912704114016261
TACGAGAACTTCACGT-1,9361,17490,-0.4062975956458055,-0.0363628698642919,0.0188750769118788,False,False,interface,0.04077651073597229
TACGATGTTGATCATC-1,9360,17943,0.7695387752782626,0.1502916692825469,0.1175501363268795,True,False,tumor_core,0.014169265330729654
TACGCAGTTCTTTCCT-1,10547,16135,-0.8595296453526365,0.1797617834681211,0.666451373138434,False,True,other,0.022483102353484982
TACGCCATATTCTAAT-1,10352,15342,0.962426922670256,-0.4074093973895744,-0.9136539223214876,True,False,tumor_core,0.017558477215618307
TACGCCGAGGGTACCC-1,13497,18068,-0.2321660565665723,1.2143562395945056,-0.0178590357291136,False,True,immune_core,0.08189359308405383
TACGCCGCCTCAGAAG-1,11359,7533,-0.2865934666609848,-0.3734125307819002,-1.077319006265432,False,False,other,0.0035265156712232055
TACGCCTCCATTCCGA-1,13308,15237,0.377852081394773,-0.1043009750803079,0.0359360105463398,False,False,interface,0.001006502038483767
TACGCTATAGAAACCT-1,9185,10131,-0.0104944033665,-0.3734125307819002,-1.203658925650956,False,False,other,0.023511141777124923
TACGCTCGGTATTGGA-1,14507,9127,1.300199216864563,0.0384083226315774,0.0378224861014808,True,False,interface,0.03252765719988589
TACGGCATGGACGCTA-1,14901,8902,1.2562793477437837,0.0012617157844873,-0.1091991569877448,True,False,interface,0.014071563186616303
TACGGGATGCTAGCAG-1,6618,12501,0.215210657244943,-0.4032265245584062,-1.0279039802269103,False,False,other,0.011255923267659682
TACGTAAAGCGGAGTG-1,14898,10260,0.8875486361582882,0.3336382320201255,-0.8163415561349655,True,True,interface,0.10892889646367544
TACGTACTAGTGCTGA-1,14681,17166,-0.5973661372353788,0.0663763890406778,-0.2628044251432064,False,False,other,0.019780582265458067
TACGTGCAAGGTTCCT-1,9192,7640,-0.0001670860923609,1.435744637599914,0.3838546701742154,False,True,interface,0.04426211785868889
TACGTGCACTATGCTG-1,6602,18162,-0.4916705593693266,-0.0064112523520891,0.421715755870343,False,False,other,0.019401622308017685
TACGTTTACCGGCAAT-1,10344,18285,0.0163499286182705,-0.2498856351367965,-0.3776194671057802,False,False,other,0.010757590440157257
TACTATGGTTCCTCAG-1,13698,16597,-0.3805806485678869,0.4282061782788154,0.6248106858717298,False,True,immune_core,0.004424603794933688
TACTCGGCACGCCGGG-1,9551,20095,0.6731487353149582,0.1002155380496991,-0.0052234114635583,True,False,interface,0.03702961817054177
TACTCTCCGAACAAAT-1,6617,12727,0.5818794671924463,-0.160956583301907,0.7791635172753717,True,False,interface,0.036320326652527164
TACTCTTACTTTACTG-1,14112,9352,1.4034355602835549,-0.2498856351367965,1.6104515801541446,True,False,interface,0.06347413397551833
TACTCTTTCGTCTTCA-1,13894,16710,-0.6064459169385776,-0.1353200490832371,-0.1096050137178253,False,False,other,0.008495369826043599
TACTGAACAGATTTAG-1,13500,16936,0.4074647017094981,0.0214849572827839,0.2673795497304518,False,False,other,0.05880542740349929
TACTGCAATCAATTAC-1,6821,10350,-0.3006883048146185,-0.5786251783914007,-0.5173098560733357,False,False,other,0.06153813869296032
TACTGGACAGCTCGGC-1,9357,19075,0.3557787214187861,-0.4074093973895744,-0.7166107885913188,False,False,interface,0.008271760978307145
TACTGTTTCTCTGGTA-1,11751,8440,0.0860128015136849,-0.382839680963416,-0.0041100815704216,False,False,other,0.012641475354294586
TACTTAAACATGTACA-1,15490,9696,0.6999957772707631,0.0150430477336273,-0.809718962348182,True,False,interface,0.0093042878312085
TACTTGTTAGTAGTCC-1,9771,12057,-0.249918880571441,-0.5786251783914007,-0.3637736171802445,False,False,other,0.006378725230935081
TACTTTACTGAGCCGG-1,8395,11034,-0.2155631679768786,-0.1598897655093955,0.1750080832055016,False,False,other,0.01066075916748223
TACTTTCCGCACGCCA-1,11719,19761,-0.0933998367956718,0.7675096916262643,0.2620299499781678,False,True,interface,0.5643766720716227
TAGAAAGGTGGCGCTA-1,8587,12733,-0.0398520190468488,-0.3006248893891332,-0.6756227239710364,False,False,other,0.0025261117394491097
TAGAAATTCACGTATA-1,9549,20774,1.270809305865095,-0.1258928989017212,-0.286022547920675,True,False,tumor_core,0.07450889156722625
TAGAAGAAGGGTTACA-1,15299,7771,0.8234300891820435,-0.0064112523520891,0.0065637222266413,True,False,interface,0.00851263314725122
TAGAATAGCCGATGAA-1,14700,10599,1.036494038459274,0.0146114741920442,0.5017899470999586,True,False,interface,0.01609799353934136
TAGACGAAACGCCAAT-1,14888,13656,0.2852230997276311,0.0902800808194684,-0.475052236052762,False,False,other,0.0530130629267713
TAGACGCCCGTACCGG-1,8787,11715,0.0708495992404674,-0.5786251783914007,-0.6887831417340233,False,False,other,0.002030219426291902
TAGACTACCTAGCGTT-1,9973,10133,-0.7995410386085613,0.5651854364335613,-0.5318880454224031,False,True,immune_core,0.032406828222060126
TAGAGATCATGCAACT-1,11130,18967,-0.5562072391793886,2.337931145224988,0.9000913465655401,False,True,immune_core,0.591216804242562
TAGAGCTACGAAGAAC-1,5032,15893,0.7490587225660522,0.2146823013684729,0.8649283406760306,True,True,interface,0.02454481238850123
TAGAGGTTCTACTTGT-1,13122,11048,-0.736040755583112,0.0888066925236798,0.2580924770900227,False,False,other,0.007746981167413201
TAGAGTCTAAGCGAAC-1,8185,15675,0.7789838096166491,-0.5786251783914007,-0.5373219728273337,True,False,tumor_core,0.025898814883367746
TAGATATGGACTGGAA-1,12124,15913,1.4674609487037762,-0.0023287580296931,-0.1549945603357667,True,False,interface,0.13919995965090629
TAGATGGTTCCTTACT-1,14108,10937,-0.1125641470395549,-0.5786251783914007,-0.4515569225788329,False,False,interface,0.13180931286561795
TAGATTCCTGGTTATT-1,8764,19640,-0.16437049958946,-0.0363628698642919,-0.5970646065546109,False,False,interface,0.08008400706000599
TAGCAACCTGTCACAA-1,6796,18955,0.718949122733041,-0.4550982827462971,-0.1855811429340454,True,False,interface,0.008552221757753595
TAGCAGTATGACTAAA-1,15487,10828,0.5668594685950135,-0.0851185730135261,-0.3300877838177366,True,False,interface,0.03497374390422835
TAGCCATTTCAAAGTC-1,10953,11834,-0.2234331246738614,-0.1885442603086465,-0.5761871566383109,False,False,interface,0.02136468946851744
TAGCCGGCGGTCAGCG-1,8982,12281,-0.0749294127474376,-0.5786251783914007,-0.8234206724789658,False,False,other,0.0007112869048059284
TAGCGTCCCTCGATTG-1,11354,9571,-0.5607239299902764,0.0442560643075935,-0.2161421176429856,False,False,other,0.0031534473554255607
TAGCGTCCGGTGTGGT-1,12919,13198,-0.4382941092726197,-0.0321799970331236,-0.2352599990670126,False,False,other,0.007583342607517561
TAGCGTCGAATATTGA-1,9153,21452,-0.152396350308203,3.3444695775370374,0.9639536769473864,False,True,interface,0.7261065260645773
TAGCGTTGGGTCTTAC-1,9962,14209,0.4287197974071735,-0.5786251783914007,-0.144374863167289,False,False,interface,0.005433730126900166
TAGCTAAGTCCGGGAG-1,8185,15449,0.3902560219542815,-0.5786251783914007,-0.4038042234449804,False,False,other,0.008453815431571652
TAGCTAGAAGGCATGA-1,12517,16140,-0.6041324235734736,0.1450118529278875,0.2003430726193344,False,False,interface,0.12655606944586553
TAGCTAGTGATGATGG-1,14289,16485,-0.5425579190750504,0.7119473907193419,0.5496774615689085,False,True,immune_core,0.04755617908589585
TAGCTCGCCTGATAAC-1,12322,15347,1.0997299653669157,0.1920696139433394,-0.6194036161942581,True,True,interface,0.04021712600894312
TAGCTGATGTGAAGCG-1,10731,20777,-1.2208334840172324,0.9929089987733588,0.0827757778943597,False,True,immune_core,1.9511953421978987
TAGGCATGTTACGCCA-1,7012,12276,-0.1468566045121843,-0.2361936163877481,0.540138574560763,False,False,other,0.013225977968259117
TAGGCCTATATAGTCT-1,15491,9469,0.1547262816354865,-0.200849517974374,-1.06198664704538,False,False,interface,0.013419933399494358
TAGGCTAAAGTGGCAC-1,15290,10714,0.691206323270123,0.9736407692966238,-0.0984309945759151,True,True,interface,0.07282622711739424
TAGGGAGCTTGGGATG-1,9577,11038,-0.8374264552177259,-0.2074410271304214,-1.0674604308905318,False,False,other,0.006961866558908657
TAGGGTGTTTCAAGAG-1,6805,15785,-0.886386217262383,-0.0607949625547535,-0.4236759157316366,False,False,other,0.0029896407046440874
TAGGTCCAAGTAAGGA-1,8174,19298,0.746937551150513,-0.5786251783914007,0.2729570372612165,True,False,interface,0.03051852298150889
TAGGTCGCCGGAACTG-1,8790,10582,0.6905193742593578,-0.5786251783914007,-0.7204890040952986,True,False,tumor_core,0.005450284679443668
TAGGTGACGATAACCT-1,14496,12976,-0.6505223062641868,-0.3315713871011935,-0.6042462990216464,False,False,other,0.008911789790588242
TAGGTGAGCCCTACTC-1,8177,18166,0.4741262420773197,-0.4550982827462971,-0.6629915701231381,True,False,interface,0.031299074005357856
TAGGTGCTCGCCTAGC-1,10361,12172,0.2176998166430948,-0.5786251783914007,-0.5800512361571192,False,False,other,0.00031765231258687113
TAGGTGTTCCACAGAT-1,14293,15127,0.3083583012894829,-0.4550982827462971,0.0226584135130161,False,False,interface,0.014236839133262852
TAGGTTCGAGTTCGTC-1,9370,14320,0.7335191065120533,-0.5786251783914007,-0.6322705096425079,True,False,tumor_core,0.007038636027807289
TAGTACCTTAGTGGTC-1,6598,19520,0.3933274433677978,-0.4550982827462971,0.5096851129243084,False,False,other,0.004962052367891355
TAGTAGCTTATACCAG-1,14484,17052,-0.5488109742018356,0.2720322962540652,0.1150309062202945,False,True,immune_core,0.0031886914596198353
TAGTCCGCAGAGAATG-1,10154,15907,-0.0273445548250565,-0.3311055465112218,-0.32954906106004,False,False,other,0.000618549321328504
TAGTCCGTATGCATAA-1,5413,20423,-0.5217312775557567,-0.2498856351367965,0.2516987521194824,False,False,other,0.02806101170959357
TAGTCGATCACGGGTT-1,11940,11044,-0.4080429571989767,-0.4550982827462971,0.1362258767702384,False,False,interface,0.0016455551424474737
TAGTCTAACAACGAGA-1,10345,18059,-0.3405358542641749,0.073399181929418,-0.2530809616581556,False,False,other,0.006354439568596686
TAGTCTGTGACGTTGC-1,7018,10238,-0.2161306226918988,-0.5786251783914007,-0.8186172107235336,False,False,other,0.04268309854921485
TAGTCTTTCCGAATTG-1,12341,8781,-0.4037728405959354,0.1730326505763768,0.9572101518301892,False,False,interface,0.037281841834822346
TAGTGCCCTCCAGAGT-1,8775,16017,0.7500065817079259,-0.4550982827462971,0.2349341438307776,True,False,interface,0.06134374914198983
TAGTGTCAGAAACGGC-1,6597,19747,0.2691781243453268,-0.5786251783914007,-0.4645666675843,False,False,other,0.008922664698444358
TAGTTTATTCTTGCTT-1,5033,15440,0.2055419616449479,-0.4550982827462971,0.6787858816073884,False,False,interface,0.13257409868320963
TATAAATCCACAAGCT-1,6408,16916,-0.0166587418042616,-0.3734125307819002,-0.3571026129631799,False,False,other,0.037398709051309334
TATAAGTGAGGATAGC-1,6603,17482,-0.953785935983384,-0.1353200490832371,0.4394626887797209,False,False,other,0.10835385652532274
TATACACAGACGCCTT-1,12323,15121,-0.3015046937758178,0.0901539243293796,0.2413173200467535,False,False,interface,0.025879053748439695
TATACACGCAAAGTAT-1,6012,17820,0.9092467936373372,-0.4074093973895744,0.5671286066962586,True,False,tumor_core,0.04699227947208331
TATACCGAGTGCCACA-1,12342,8328,-0.7017131433058914,-0.5786251783914007,-0.6922772913380096,False,False,other,0.040220299426894486
TATACGCGTCATCACT-1,14295,14221,-0.5171318556936007,0.0858540392020364,-0.0786702922020631,False,False,interface,0.08617136876879523
TATACTCATGCGGCAA-1,6400,19859,0.291308294492059,-0.2498856351367965,-0.7091706145735432,False,False,other,0.010819139417817864
TATAGAGTCGCTTGAA-1,15076,16714,-1.0246562365990022,-0.5786251783914007,-0.9482329681373952,False,False,other,0.05339026728624299
TATAGATGGTCGCAGT-1,10366,10361,-0.598139589222796,0.1677829599526971,-0.4935595892743443,False,False,other,0.007011750908660484
TATAGCGCACGTTATC-1,11715,21120,0.3411580834441035,0.7110170590679927,-0.4537113167715952,False,True,interface,0.03143868519029785
TATAGGGTACTCATGA-1,9552,19642,-0.5650901942472316,-0.1966666451432057,-0.4264761088829388,False,False,interface,0.14016624690148274
TATATATCGAGAAATG-1,14283,18749,-0.4126930632788871,1.5956571915287407,-0.1052079506839953,False,True,interface,0.12420987578552226
TATATCATTGATCAGT-1,8366,21223,-0.2467133717485542,-0.3072545859718202,-0.1474743896334907,False,False,interface,0.1365805474699884
TATATCCCTGGGAGGA-1,9577,10811,-0.5034193743728926,-0.2320107435565798,-0.903125024856868,False,False,other,0.007713624364655776
TATATGCTGGGTTGCC-1,6987,21106,0.6189132833586771,-0.5786251783914007,-0.356661160547857,True,False,tumor_core,0.00508017499504228
TATCAAAGGTCTGTAA-1,7578,21221,-0.5562072391793886,-0.4550982827462971,-0.781840219090812,False,False,other,0.03619343721667031
TATCACCCAACCGACC-1,7214,10578,0.7486626399422418,0.0294618856711707,-0.475052236052762,True,False,interface,0.0649358575348193
TATCCAATTGGTTATC-1,13314,12973,-0.4833834307954578,-0.382839680963416,0.4315226726627992,False,False,other,0.0023075265988321218
TATCCATATCATGCGA-1,6017,16009,-0.624851827473636,-0.0948313584400489,0.1934219729858475,False,False,other,0.010257494748310779
TATCCGCACCGTCGGG-1,14094,15919,0.031274994536805,0.3083055267553694,0.7388260745573838,False,True,interface,0.02271196393124585
TATCCTGCATGGGAAT-1,5229,15780,1.5021209822050072,-0.2796996289133026,0.5748391821638911,True,False,interface,0.21063107641221898
TATCGATCTATGCATA-1,6816,11935,-0.2477841141675564,-0.4074093973895744,0.0239998215893482,False,False,other,0.0464921206562
TATCGATGATTAAACG-1,7001,16351,-0.6474975773754366,-0.1863158436690123,-0.3282789547074011,False,False,other,0.0054159819424644965
TATCTACAGAGGTAAT-1,8372,19186,-0.1067559202058853,-0.2796996289133026,0.7020435444091031,False,False,interface,0.015760784648454675
TATCTACCACAGCGGG-1,10747,15117,-0.2948874712235735,-0.1837276903267166,0.3346964752574672,False,False,other,0.005100633611582181
TATCTAGCCTAAAGGA-1,9156,20546,-0.5205166153197084,1.2109990412041776,1.21804940232094,False,True,interface,0.188695944161455
TATGAAGAATTAAGGT-1,15684,10715,1.2925635733889371,0.8858892122391917,-0.3219883541468141,True,True,interface,0.1538884713218045
TATGAAGACAGGTGCG-1,8174,19525,0.0809412000349047,-0.5786251783914007,0.8268434699804791,False,False,interface,0.015605520232677542
TATGACCTTGCGCTGG-1,11910,21913,-0.7873653127345637,-0.4032265245584062,-0.4559426028767965,False,False,interface,0.13656846058586208
TATGATCCGGCACGCC-1,7612,9221,0.3967984673062696,-0.3937569079181471,0.1050829368634923,False,False,other,0.0011143878596036809
TATGATCTTCTCTTTA-1,13908,11729,0.4576333376004349,0.8288939977224685,-0.0756930656637779,True,True,immune_core,0.4934066672685086
TATGCTCCCTACTTAC-1,7398,14994,-0.4117271177888247,-0.2021967497800738,0.0946232618853084,False,False,other,0.004359713876766068
TATGGATGTGCTACGC-1,7593,15787,0.3754088678549664,-0.5786251783914007,0.5151237418021491,False,False,other,0.022691188771269948
TATGGCCCGGCCTCGC-1,8374,18506,0.4359780520283035,-0.2918046089188153,0.8959758054656574,False,False,interface,0.0029567749027488936
TATGGGACCGAGCAGG-1,9564,15566,0.7997711433948208,-0.1353200490832371,0.6584357787572447,True,False,interface,0.0404297283876436
TATGGGTACGTATCGT-1,8776,15337,-0.0359320662718279,-0.074486981303802,-0.4376892420871936,False,False,other,0.006827114542545253
TATGGTCTGAGTAACA-1,9564,15340,0.9458359247161604,-0.4550982827462971,0.0373527711305041,True,False,tumor_core,0.03603422831546869
TATGGTTAGTGGGAGA-1,10564,10021,-0.5497963881520478,0.3546056796047067,-0.1979310952435869,False,True,immune_core,0.01598123047337748
TATGTCAAGACCGACT-1,6423,11482,-0.0255085444373075,-0.3321723643037333,0.4434029199028108,False,False,other,0.005897899754128203
TATGTCTCATTGTGCC-1,8390,12619,-0.4587834684163345,-0.5786251783914007,-0.304829530353789,False,False,other,0.0015862554242508306
TATTAACCTGACCGCG-1,13697,16823,-0.598139589222796,0.1311136767943581,-0.5778077290972996,False,False,other,0.05520684056397395
TATTACCATCCTGCTT-1,9971,11039,0.1124369638027293,-0.5786251783914007,-1.1409679436705455,False,False,other,0.0015109730277871266
TATTCAATTCTAATCC-1,9176,13527,0.2210025927280582,-0.5786251783914007,0.437279253950501,False,False,other,0.01543443387096233
TATTCCACTCAGCTCG-1,12125,15460,1.406414722707695,-0.2498856351367965,0.0909568641862851,True,False,interface,0.15886950874072814
TATTCCGAGCTGTTAT-1,13119,12180,-0.5122342442458246,-0.4550982827462971,-0.1333500359443702,False,False,other,0.010483203925081343
TATTCCTCCGCCCACT-1,11920,18290,-1.1462316608124483,0.1634678766591642,0.1925133363156214,False,False,other,0.14311464428906936
TATTCGTGCCAGAATA-1,9172,14659,0.7553607552519318,-0.2086454686586297,-0.4276259441949611,True,False,tumor_core,0.01204901410628615
TATTGACATTTCTGCC-1,9386,8660,-0.559717565455798,0.8585530595799493,-0.8509629403410772,False,True,immune_core,0.022784771193276755
TATTTAGTCTAGATCG-1,6019,15330,-0.9854772728524284,-0.5786251783914007,1.6866456739370117,False,False,other,0.005232780994122325
TATTTATACCGAGTAG-1,5631,13064,-0.1635855358820681,0.0733567154706749,-0.0475924135403033,False,False,other,0.04741199427275939
TATTTGATTTGCACAG-1,13129,8557,0.2399486942532566,-0.5786251783914007,-1.1641024749873343,False,False,other,0.014032842641167187
TATTTGTTACCCTTTA-1,7197,16692,-0.5101770012450529,0.6577101568250718,0.646049481482165,False,True,immune_core,0.0530648800761546
TCAAACAACCGCGTCG-1,7201,15107,-0.5186342576412717,-0.4550982827462971,-0.3207109070595821,False,False,other,0.006794390078214713
TCAAACTTAGATTGTT-1,8582,14544,0.3629389235629211,0.4178542651667841,-0.4071090900523608,False,True,other,0.05036312216925629
TCAAAGAGCTATCTGT-1,12108,21347,-0.3769974281698101,0.0684623153874328,0.0914816475835327,False,False,other,0.010122631950700319
TCAAATTTGAGACTCA-1,14296,13994,0.1818917102017901,1.5104251549650316,0.962851406063904,False,True,immune_core,0.10505596191150308
TCAACAAAGATAATTC-1,12904,18632,-0.1419412360098751,0.17307511703512,0.9542123685704498,False,False,other,0.022018741980582967
TCAACATAGCGCCCTA-1,13894,16937,-0.253834018568542,0.6013753038343379,-0.1292049763979734,False,True,immune_core,0.05497873432842149
TCAACATCGACCGAGA-1,11127,20099,-0.2408050572550771,1.678236196361656,0.5301132013644025,False,True,interface,0.16007644091306494
TCAACCATGTTCGGGC-1,7395,16126,-0.3405358542641749,-0.3720652989762003,-0.060719012405088,False,False,other,0.0071113061691219755
TCAACGAGGAGACAAA-1,10746,15569,0.2783561586915059,-0.5786251783914007,0.0928297090270701,False,False,other,0.010504667621880499
TCAACGCAGGAAATAA-1,12117,18404,-0.3762643952268089,-0.1298439316115337,0.4033716494153257,False,False,other,0.1813774386511823
TCAACGCGACCGGCAG-1,10144,19304,0.7512934010118152,0.499045301504073,0.2633095422726506,True,True,interface,0.02713858726809247
TCAACTAACGTATAAC-1,8567,19752,-0.0449915665433338,-0.4550982827462971,-0.6456417243303878,False,False,other,0.018378518899849264
TCAACTGCAGAGTCAG-1,13520,9690,0.9947574171799652,-0.0786698541349702,-0.8784295295245974,True,False,tumor_core,0.01789067742657104
TCAAGAAATACTAGCT-1,9186,9678,0.6013776323051215,-0.5786251783914007,-1.1844899478268545,True,False,interface,0.018734045180145032
TCAAGCGCGGACGGTA-1,13916,9012,1.0493357076207792,-0.1561727332681989,-0.2097151099840808,True,False,interface,0.06017026329671136
TCAAGGTTACTACACC-1,11746,10251,-0.9682744219552534,0.0400786047497574,-0.187752683447671,False,False,other,0.010291038503823803
TCAATACAATTGCTGC-1,8365,21676,-0.6151983643126667,0.7744900180562614,0.1578177952831684,False,True,immune_core,0.23789229096310502
TCAATACGCCGTCATG-1,14884,15015,-0.3883489804446157,0.2961587530763367,-0.1765126565435561,False,True,immune_core,0.01640711104762785
TCACAAACCGAGGTAC-1,14501,11165,0.8881726545170838,-0.074486981303802,-0.3544734260667074,True,False,interface,0.19800512006348234
TCACAGATCCTCAAAC-1,4626,20194,0.8761472589529689,-0.4550982827462971,0.7017577480270714,True,False,tumor_core,0.0020733134221738257
TCACAGCAAACTCGAA-1,12516,16367,0.5236349446225991,2.27817126075448,0.2081094752668633,True,True,interface,0.4902048761301346
TCACAGGAGAATAAGA-1,13304,16369,0.6226677953100005,-0.0731397494981021,-0.0312584725465446,True,False,interface,0.0754295128463494
TCACAGGGAATCGCAA-1,11738,12968,-0.0346831943503482,-0.4032265245584062,-0.6449520088660383,False,False,other,0.00374652107747578
TCACAGGTTATTGGGC-1,8773,16470,0.8340467070144316,-0.5786251783914007,-0.4370321066034351,True,False,tumor_core,0.04081061920223683
TCACATCTTATCTGAT-1,7976,19637,-0.1598650733222464,-0.3734125307819002,-0.5710145533929856,False,False,interface,0.029949596590147513
TCACCCTCTTAAGATT-1,11338,15231,-0.6309865976601993,1.741786454626458,0.3585529808594425,False,True,interface,0.6853527862361383
TCACCGCTCGGCACTC-1,8393,11487,0.3036261169300179,-0.5786251783914007,-0.9482329681373952,False,False,other,0.00518999527845045
TCACGATGTCCGTGGA-1,12707,18745,-0.594672824346984,1.5592445902230188,1.2998387628851948,False,True,immune_core,0.29580856454945603
TCACGCATTGTAGATC-1,8971,16357,0.9897529451858416,-0.5786251783914007,-0.327208924935335,True,False,tumor_core,0.06560165612976529
TCACGGTCATCGCACA-1,6999,16804,-0.3386928082697564,-0.2320107435565798,-0.0072023700599425,False,False,other,0.09039678709099015
TCACGTGCCCGATTCA-1,9960,14888,-0.3867177998498353,-0.2086454686586297,-0.1764656082437329,False,False,other,0.010093925472788515
TCACTCTTCGTCTGTC-1,6003,20990,-0.1637684840924607,-0.3311055465112218,0.2910718086937593,False,False,other,0.017294212759969996
TCAGAACCTCCACAGG-1,8398,9902,1.0870335724101854,-0.2796996289133026,-1.0674604308905318,True,False,tumor_core,0.005700048159669342
TCAGACGCTATAGAAG-1,11933,13761,0.6112972780333764,-0.2796996289133026,0.5573960547587238,True,False,interface,0.024433191208117207
TCAGAGTGTGAGCATG-1,14511,7542,0.541524424504941,-0.382839680963416,-0.4799927512280843,True,False,tumor_core,0.01849435205878337
TCAGCAAATGCATCTC-1,8584,13639,-0.6089453091858816,-0.5786251783914007,0.8446989291764133,False,False,other,0.007362992251786497
TCAGCAGTAGGCCCTG-1,14484,17278,-0.0852228310730466,0.2302084797490001,0.2277742700542485,False,True,immune_core,0.030157281682382825
TCAGCCAATCCGTAAA-1,14898,10034,0.4809712452485761,0.0077702767292239,-0.8137394039901399,True,False,interface,0.0038016177266168294
TCAGGGCGACTTCCTT-1,7183,21446,0.1279030723034921,-0.4550982827462971,-0.0328658284543513,False,False,other,0.02286997778832858
TCAGGGCGCAAACTCG-1,6793,20087,1.2551921630846798,-0.4550982827462971,0.4332061611113897,True,False,interface,0.016884895687691286
TCAGGGTGTAACGTAA-1,7993,13750,0.6361433057718724,-0.4550982827462971,0.4245907969714048,True,False,interface,0.027299549663802047
TCAGGTTCTTTGAGAA-1,8377,17148,-0.6024748430640358,-0.2533708272566373,-0.4444025846944624,False,False,other,0.02639075271259322
TCAGTACTGACCCGCG-1,7587,18051,0.1450066895398986,-0.1837276903267166,0.7899503619836842,False,False,interface,0.007803706285770915
TCAGTAGGGACTATAA-1,11531,16477,-0.9006083365056702,-0.0321799970331236,-0.0199024862433975,False,False,other,0.006168112112599763
TCAGTGTATACGTCAT-1,13891,17843,0.1601785390510539,2.2762437583268835,0.6130255475860285,False,True,immune_core,0.12976461645416185
TCATAAGTCCAAGAAG-1,14707,7882,1.1624432323114344,-0.4032265245584062,-0.8335529675389337,True,False,interface,0.02210833056284593
TCATACTTACAGATCC-1,6796,19181,0.4472730251083029,-0.0332468148256351,0.6826836055478979,False,False,interface,0.014928394335245954
TCATATGAGCTTTGTT-1,15081,14902,-0.5144730021411377,-0.2074410271304214,-0.509185061554094,False,False,other,0.026882990161520886
TCATCACTCGAGCTCG-1,5812,18612,1.7081429696163173,-0.4550982827462971,0.0464769046052733,True,False,tumor_core,0.01358498870544537
TCATCCTCAGCTGCTT-1,15878,11735,0.5297928197632112,1.684087086955845,1.030408144342054,True,True,interface,0.25639318404434
TCATCGATGGTCCCAA-1,13692,18635,-0.1527437051143309,2.144552791534101,-0.3773071149381172,False,True,interface,0.33755967570061535
TCATGCAGGTTCTCAT-1,6027,12386,-0.2096184388683795,0.5367202104477361,0.1053972292166373,False,True,immune_core,0.08899767872721795
TCATTTAAGTCTCCGA-1,9381,10697,-0.2922853247115548,-0.5786251783914007,-1.02082486388291,False,False,other,0.0042592828615372405
TCATTTAGAAGTGTGA-1,13127,9463,0.3637403631892936,-0.4550982827462971,-0.4099431289022918,False,False,other,0.010361929864320588
TCCAACTCAGCTATCT-1,15682,11621,-0.2559324441855633,0.9179472131589116,0.6136042485410861,False,True,interface,0.0831193548680993
TCCAACTTTAAATTCT-1,10347,17380,0.1344904287844955,-0.5786251783914007,-0.2858242842863047,False,False,other,0.013465356761086894
TCCAAGCCTAGACACA-1,15678,12979,-0.0967756506730494,0.2209533760544554,0.771561098841366,False,True,immune_core,0.00013673209436546323
TCCAATAAAGGCTACC-1,14882,15921,-0.7264478572395758,-0.1770979937440296,-0.4231597325532747,False,False,other,0.01228268588891414
TCCACAATGGTTTACG-1,8375,17827,0.8314972539482895,-0.1294091083873068,-0.2063007046873888,True,False,interface,0.022983446535747184
TCCACCTCTAGCCTTT-1,14488,15920,-0.2852697388903795,-0.0227103803928646,0.0490259254725245,False,False,other,0.0046052642149495135
TCCACTTTATCTAGGT-1,8586,12959,-0.4043452149159119,-0.0846527324235544,-0.3106984272504218,False,False,other,0.010987784933620091
TCCAGAGCACCGGTTC-1,10356,13983,-0.2479664998415474,-0.4074093973895744,-1.1641024749873343,False,False,other,0.00933872135627306
TCCAGCGCTATAAGCG-1,12735,8782,0.4687155511962616,-0.1363868668757486,-0.4989143321053439,True,False,tumor_core,0.01719939516933727
TCCAGGCGAGTACGGT-1,8579,15450,-0.4067813547341289,-0.0773226223292704,0.3293808601083049,False,False,other,0.004694284850598655
TCCAGGGTATATACGA-1,14491,14788,0.0575571784457315,-0.1561727332681989,0.4979444101799445,False,False,other,0.0008747286876189237
TCCCAAAGACGAAGGA-1,7595,15108,-0.7743288054746807,-0.4032265245584062,0.5217392604889921,False,False,other,0.005743969106073062
TCCCAAAGCCCTAAAT-1,10174,8662,-0.7494246142948279,0.1574114610852785,-0.5435479642094655,False,False,other,0.009115545441358536
TCCCACTCTCTTCCGG-1,8595,9789,-0.1055233405471534,-0.4032265245584062,-0.7767851054713439,False,False,other,0.013030951306989516
TCCCAGCACACGACAT-1,13525,7879,1.276701391985766,-0.2318413398956231,0.6066510774526719,True,False,interface,0.017152673615813237
TCCCAGCTTTAGTCTG-1,9170,15565,0.5943052914990917,-0.1598897655093955,0.8938017742490303,True,False,tumor_core,0.008476579770391693
TCCCAGGCTTAGCTAA-1,8379,16468,-0.489073872054965,-0.3006248893891332,0.3216344919951761,False,False,other,0.003450745771799702
TCCCGCCTATGTGCGT-1,8797,8092,-0.0013458267646938,1.118868162515061,0.9434722663233712,False,True,interface,0.10206781961600601
TCCCGCGTACTCCTGG-1,7795,14089,0.8235653190072172,-0.5786251783914007,0.2116810210822627,True,False,tumor_core,0.07284865723727844
TCCCGGGTGTGCTGCT-1,9163,18056,0.1733384693931208,-0.0362252461285951,0.6204857932891016,False,False,other,0.02310620129169423
TCCCGTCAGTCCCGCA-1,7009,13408,-0.8796959494088455,0.0180156191065538,-0.090091556671521,False,False,other,0.02497840793021583
TCCCGTCGCGTCATAG-1,8204,8883,0.2273256988136105,-0.3321723643037333,-0.4416971339700852,False,False,other,0.005266663591104216
TCCCGTGTGCAATTTG-1,11147,12853,-0.8070933373376707,-0.5786251783914007,-0.2966668389413426,False,False,other,0.075631917241701
TCCCTAGATCAATAGG-1,8006,8995,0.5324173774837181,-0.5786251783914007,-1.1409679436705455,True,False,interface,0.003543845504698644
TCCCTCTTCTCAAGGG-1,15295,8903,0.7436188038134411,0.0094696537589723,0.0051376036349415,True,False,interface,0.012670809533598159
TCCCTGGCTCGCTGGA-1,8964,18848,0.5457857177984448,-0.1269597166942327,0.6374724779763883,True,False,tumor_core,0.006377680580885929
TCCCTTAGATTACTCG-1,6028,12160,-0.2122385148195236,-0.4550982827462971,-0.3844814604590026,False,False,other,0.03675447074159677
TCCGAACGTTGCCGCT-1,12539,8216,-0.2787649365218227,-0.2485384033310967,-0.8975985073486991,False,False,other,0.005497800426680593
TCCGAACTTGGCTTAC-1,8961,19753,0.46611911526576,-0.0267980959470792,0.0478297905873904,True,False,interface,0.031565439580382264
TCCGAATGGTCCTGAG-1,8597,9110,0.6364294463273519,-0.3937569079181471,-0.8509629403410772,True,False,tumor_core,0.009072051118959612
TCCGATAATTGCCATA-1,6021,14650,-0.8639018486389821,0.362624108694779,0.660409639221181,False,True,immune_core,0.02725061090459814
TCCGATGACTGAGCTC-1,6812,13294,-0.8844000562263885,0.0286955372050546,0.0222268180965791,False,False,interface,0.268211578375759
TCCGATGGTGCGACAT-1,7396,15900,-0.6335613444124318,-0.3734125307819002,-0.0203515702410647,False,False,other,0.007686889177004222
TCCGATTACATTGCCG-1,8768,18281,0.7118287689071836,-0.5786251783914007,-0.3384571388876861,True,False,tumor_core,0.0061420157892040465
TCCGCCTGTCTACAAG-1,13509,13539,0.4430832807352523,0.2068008351095875,-0.633273852220648,False,True,other,0.039815401106459127
TCCGCGGCAGCATCTG-1,9179,12395,0.1151391137158798,-0.4550982827462971,-0.6811010167992443,False,False,other,0.002772372906059426
TCCGCGGCCCAATGAA-1,12926,10707,-0.8958657638311821,-0.5786251783914007,0.2373664130774079,False,False,other,0.011776268824624294
TCCGCTGTCATCCCGG-1,11739,12742,-0.0328073108608259,-0.5786251783914007,-0.1167291251460681,False,False,other,0.035830026597591484
TCCGCTTATCCCATTA-1,12324,14668,0.460219489746721,-0.382839680963416,0.4148544604581498,True,False,interface,0.0031054798987841686
TCCGGCCTAGCGTACA-1,8001,10807,-0.181359471141371,-0.5786251783914007,-0.5257541508231961,False,False,other,0.00661313638427211
TCCGGCTGTCGGGTCG-1,14117,7541,1.0630862007809636,-0.4550982827462971,-0.7873140029359637,True,False,interface,0.01075350944540188
TCCGGGCTTGACGGGA-1,15486,11054,0.2224208828955453,0.948332806606865,0.7238119255919809,False,True,interface,0.0024646007931632638
TCCGGTTCGTCCGGTC-1,12518,15914,-0.0510014431305442,0.0214849572827839,0.0140994214274568,False,False,interface,0.07845955318886376
TCCGTAACCACAATCC-1,6399,20086,0.6575913149480339,-0.2074410271304214,0.9415956639120572,True,False,tumor_core,0.011363358566918474
TCCGTTAAGCTAATAT-1,12730,10594,-0.3242714299215469,-0.2074410271304214,0.3446642579171618,False,False,other,0.006483222051449023
TCCGTTTAGCCTTGAA-1,8195,11826,0.1768101607645928,-0.4550982827462971,-0.1411311061214575,False,False,other,0.005080964666443831
TCCTAAATTGGGAAGC-1,13508,13992,-0.3427054179985272,0.5193890825435457,0.1180073720518627,False,True,immune_core,0.03819250385560088
TCCTAACCGTCGGGCA-1,14682,16713,-0.8280182415826397,0.7951273518184823,0.3684636404343733,False,True,immune_core,0.03526584374441651
TCCTACATCCACGGCC-1,11543,12402,0.2673872982929966,-0.382839680963416,0.0096645621218228,False,False,other,0.009973505213543635
TCCTAGCAAAGAAGCT-1,10544,17267,-0.1676408529482686,0.0150430477336273,0.3395331147915429,False,False,other,0.006806427616481117
TCCTATCATAGGTAAC-1,11554,8326,-0.646060634991042,0.0796001627209676,-0.925788152284956,False,False,other,0.01789586241775492
TCCTCCTAAGACATTC-1,11719,19535,-0.2379668901576173,1.107881180438543,1.0533499752001,False,True,interface,0.12374331343782129
TCCTCGGGCTGGGCTT-1,10358,13304,0.0611593993439699,-0.5786251783914007,-1.0482914530664302,False,False,other,0.00260759875555144
TCCTCTACGAGATGGC-1,7586,18278,1.1517976830073642,-0.1770979937440296,1.4343120299417251,True,False,interface,0.14602807557446004
TCCTCTCCAGTTGTCC-1,8370,19638,-0.2011762905107451,-0.5786251783914007,-0.6528745131974977,False,False,other,0.012744383972375437
TCCTGCGTTGATACTC-1,9949,18511,0.2217092199604017,-0.382839680963416,0.1928649336781749,False,False,interface,0.026235611429098804
TCCTTACGACGGTCCG-1,12137,11158,-0.5126282183346225,-0.3734125307819002,-0.4293307650651258,False,False,other,0.003269399767724337
TCCTTCAATCCCTACG-1,10531,21796,-0.3072298139837143,-0.0786698541349702,0.3806288210577318,False,False,other,0.010489080446891647
TCCTTCAGTGGTCGAA-1,5431,14083,0.6025498502764132,-0.2075786508661182,0.0714553965049206,True,False,tumor_core,0.00781308100776015
TCCTTTAAATCCGCTT-1,13515,11502,-0.2758671688981592,-0.4550982827462971,-0.3674485395632171,False,False,other,0.016393654098491334
TCCTTTCTTACGCTTA-1,8384,14883,-0.1440090885520218,-0.5786251783914007,0.5754312682920436,False,False,other,0.008460865953076468
TCGAAATTTAGGACCA-1,8181,16808,-0.2603030901093234,0.0384083226315774,0.7043817219784911,False,False,other,0.012346617476656128
TCGAAGAACCGAGCAC-1,11350,10703,-0.0497212406066356,-0.5786251783914007,-0.1235019222340449,False,False,other,0.01479422092597009
TCGAATATCCCGCAGG-1,13890,18295,0.0279165245788519,1.7249814892786066,0.2597323371256771,False,True,interface,0.12294519111187933
TCGAGACCAACACCGT-1,9760,15680,0.3090022869278211,0.5866491872409997,0.7499021911661854,False,True,interface,0.01894528756591664
TCGAGCCAGGCAGGCC-1,13695,17729,0.0129575585601552,0.6281540017343095,0.1383497632402494,False,True,immune_core,0.06272431392068774
TCGAGGGCAACAGACG-1,13721,8445,0.734300394485005,-0.1561727332681989,-0.0464018100954597,True,False,tumor_core,0.0009461935312774514
TCGCAAAGATGCATTT-1,11737,13421,0.1261282310898907,-0.1776270333539154,0.3618554123936492,False,False,other,0.010109622239501515
TCGCACCAGGAGGCAG-1,12329,12857,0.2206950734088589,-0.2796996289133026,-0.6636795342748171,False,False,other,0.008433336556058896
TCGCATAAAGGGCGCA-1,14900,9354,0.3430816590544738,0.474605247261123,-0.9893170425281111,False,True,interface,0.026652203060342883
TCGCATCCCTAAGTGT-1,5419,18385,0.0999095928086893,0.1109188396128529,0.4807626893369085,False,False,other,0.005572412772547925
TCGCCCACTGCGAGAG-1,9547,21680,0.9795895804472228,2.3360426929488036,1.184175163688003,True,True,interface,0.8713794324158194
TCGCCGAAGTTGCGTC-1,11331,17722,-1.2220866121102258,-0.4074093973895744,-1.203658925650956,False,False,other,0.5072690428741443
TCGCCGCACCGCGTGA-1,11518,21232,-0.0127142939617268,0.8904219623374656,0.94073624365862,False,True,interface,0.07810440331164716
TCGCCGGATGGGCAAG-1,7577,21448,-0.8262532768594013,-0.5786251783914007,-1.1409679436705455,False,False,other,0.02115170375146213
TCGCCGGTCGATCCGT-1,6217,14991,-1.2208334840172324,-0.2075786508661182,0.4303051991325333,False,False,other,0.034679532813662255
TCGCGTAGCAGTGTCC-1,13714,10710,-1.348366143141215,-0.5786251783914007,-1.3108298672123784,False,False,other,0.03207804923116734
TCGCGTCCAGAAGGTC-1,8570,18620,1.034792033914269,-0.1467031166279399,0.1356090923365425,True,False,tumor_core,0.0051572991069206995
TCGCTAAACCGCTATC-1,6225,11821,0.0667940475855156,0.4647181489982935,0.4401619937985654,False,True,immune_core,0.07443626231125658
TCGCTACTGGCTTTGA-1,15282,13658,0.0298223174182537,-0.0786698541349702,-0.092043932570463,False,False,other,0.007333828317425473
TCGCTCGATATATTCC-1,8187,14770,1.1509137310495363,-0.5786251783914007,-1.203658925650956,True,False,tumor_core,0.008413342604758617
TCGCTCGGCACCAGCG-1,7217,9672,0.2856211730252422,-0.5786251783914007,-1.0146280242850216,False,False,other,0.005335386387433073
TCGCTGGGCGGATTGT-1,7994,13524,-1.086534538555155,0.2756342857456498,0.4675447245899327,False,True,interface,0.048470736817241254
TCGCTGTGCGTAAATC-1,5816,17254,-0.8495967653654706,-0.0597349540916413,0.6446033410261843,False,False,other,0.02091407747468559
TCGCTTTAAACGTTTG-1,7407,12050,0.2604917399689495,2.085863712445964,0.3759904976188798,False,True,interface,0.24493014953974515
TCGGAATGCGCTCTGA-1,8373,18733,0.2843471409775279,-0.2320107435565798,0.6487990851514006,False,False,interface,0.0037365466533289516
TCGGACGCCCAGCCCA-1,8980,12961,0.3377887277836978,-0.5786251783914007,-0.7722120344048218,False,False,other,0.006253543887898502
TCGGAGAGTATCGGGA-1,11326,19307,0.1997916355843739,0.1524597417063885,0.6101619529692711,False,False,interface,0.10638837422902143
TCGGAGTACATGAGTA-1,8782,13526,0.3022536250907735,-0.5786251783914007,-0.7184216723746084,False,False,other,0.006717320812643929
TCGGCGAACCCAAACC-1,12140,10026,0.1203418455318196,-0.1880067098652452,0.1648357341595812,False,False,interface,0.05589185586901017
TCGGCGTACTGCACAA-1,12111,20441,0.9231838335529629,0.5822396123813577,-0.4393013880113863,True,True,interface,0.1943249764121118
TCGGCTTGTATCGACG-1,13910,11050,-0.1840742278282401,-0.5786251783914007,-0.1551913939668921,False,False,other,0.0642154799936649
TCGGGAACGTGCCTAG-1,8596,9563,0.7344508521201348,-0.5786251783914007,-0.8509629403410772,True,False,tumor_core,0.009119156673267076
TCGGGAGACAGCGTAC-1,14099,13881,-0.157665685658683,-0.382839680963416,-0.3283681728238758,False,False,other,0.05892785639638424
TCGGGATTCAAACATA-1,10142,20209,-0.0335731386591262,-0.0173284793068202,0.359947671688199,False,False,interface,0.02960509911357734
TCGGGCCGTCGTGGTA-1,10362,11945,0.0227538875848134,-0.4550982827462971,-1.203658925650956,False,False,other,0.007534921992559676
TCGGGTGAAACTGCTA-1,4442,15552,-0.2059422551763109,-0.5786251783914007,0.3196176197592278,False,False,interface,0.01393965850945017
TCGGTCCCGACAATAG-1,13690,19314,-0.6253724785642382,-0.382839680963416,0.0281017113950631,False,False,other,0.04647041337914479
TCGTAAGACGACATTG-1,7798,13184,-0.6758317966955731,-0.2075786508661182,1.4805780499180508,False,False,other,0.0274527489441149
TCGTATAGTGCAATTA-1,4836,15553,-0.953785935983384,-0.5786251783914007,-0.4879360985730551,False,False,interface,0.14438403517310192
TCGTATTACCCATTGC-1,9751,19076,2.161443036970341,-0.0023660032566177,0.3291200884328792,True,False,interface,0.050538078955018585
TCGTCAAGTACGCGCA-1,13498,17615,-0.4689849490295166,0.3832893570927515,0.1216372636670746,False,True,immune_core,0.015820848732467387
TCGTCACACTGTTAGC-1,7779,19750,0.3712562304927583,-0.1048393919611485,0.2175482439907919,False,False,other,0.007762661228134884
TCGTCCGCTGGCGTCT-1,6801,17370,-0.923686751940009,1.3697053004741413,-0.2819136573757323,False,True,immune_core,0.10970638007941964
TCGTCTTAGGCGTTAA-1,12921,12519,0.4909220448479977,-0.5786251783914007,-0.2722783925305302,True,False,tumor_core,0.014211354791120914
TCGTGTACTATGGATG-1,11737,13195,-1.348366143141215,-0.5786251783914007,-1.1409679436705455,False,False,other,0.01163879432137726
TCGTGTATTGGTCACG-1,12932,8670,-0.9717254006798032,-0.5786251783914007,-1.203658925650956,False,False,other,0.05905984405438517
TCGTGTCACGCTGACA-1,10932,19306,-1.2016408912278198,0.2486602120267158,0.0122667142666486,False,True,interface,0.3677624760937411
TCGTGTTCGACCACAA-1,13716,10030,-0.8043895236611106,-0.5786251783914007,-1.3108298672123784,False,False,other,0.04075201724804697
TCGTTAGGAGTCCCTA-1,12715,15801,0.9303920216155296,0.0012046673544678,1.2623006356474429,True,False,other,0.20925593959261912
TCGTTGACAGGGTCCC-1,7971,21675,0.531514488842985,-0.3321723643037333,-0.6705721193346246,True,False,other,0.027405166638574386
TCGTTGCTATCCGGTC-1,13106,16708,0.5935151516242876,0.3069475929225984,0.3170992060061624,True,True,interface,0.01907528396109177
TCTAAAGAACAGTCTC-1,12701,20783,0.0190008113039062,1.1924450924602177,0.6900189202277245,False,True,interface,0.017730778969123534
TCTAACTGTATGTAAA-1,7776,20656,0.1717288083231838,-0.1776270333539154,0.3011709279094594,False,False,other,0.030536247050659816
TCTAATACTGCCTCAG-1,13691,19087,-0.4854180601831516,0.018687503683955,0.5495629190911898,False,False,other,0.0060844726230400124
TCTACCCAATAGAGAG-1,13520,9917,1.1440934367221305,-0.1762798015482156,-0.8349075253682884,True,False,tumor_core,0.009135534178354896
TCTACCGTCCACAAGC-1,7794,14316,1.564507341759373,-0.1598897655093955,-0.8614494994154928,True,False,tumor_core,0.15593659217033812
TCTAGCAATCTCCGCC-1,11525,18515,-0.7427310234366494,0.3822894320324334,0.4839859925720002,False,True,immune_core,0.01813187253734565
TCTAGCATCTTCGATG-1,6999,17031,-0.6950243894849857,1.77660322583856,-0.3203699898138251,False,True,immune_core,0.19365482379685392
TCTAGCATGCCCAGAA-1,11931,14441,0.4337485799972787,0.2802471899432503,-0.0755203818773771,False,True,interface,0.03487821824906995
TCTAGGTGGCGACGCT-1,8199,10694,0.3892539204941963,-0.4074093973895744,-0.5312279346683478,False,False,other,0.003154415988594838
TCTAGTGATATCGTGG-1,11153,10816,-1.1005111878967793,-0.2796996289133026,-0.76004545475892,False,False,other,0.04145786823171773
TCTAGTTATCAGAAGA-1,9169,15791,0.803176392074279,-0.5786251783914007,-0.1251812914909975,True,False,interface,0.1685533553089821
TCTATAGGTGGGTAAT-1,15293,9582,0.9619193978441613,-0.2074410271304214,-1.203658925650956,True,False,interface,0.025631030876351404
TCTATCATGCAGTTAC-1,6013,17367,-0.0052167305098723,0.0228321890884837,0.4786158549907128,False,False,interface,0.015994579782034262
TCTATCGGTCGCAACA-1,6808,14653,-0.9590018794311724,-0.5786251783914007,-0.0257052085442637,False,False,other,0.0035995858951671194
TCTATGCTATAACGAC-1,15092,11280,-0.5034193743728926,0.0144420705310875,-0.4715299777546766,False,False,other,0.043931749104289784
TCTATTACGCTGGCGA-1,5223,18045,-0.6725129512299538,-0.2838825017444708,0.8950387721917996,False,False,other,0.009200289674524582
TCTATTACTAGAGGAT-1,10536,20211,-0.7581210811360091,0.6706735935544528,0.4833338427007558,False,True,immune_core,0.1961403650295432
TCTCATGAGATAGGGT-1,12135,12064,-0.7974072209090196,0.3830991133947319,0.0142179231758986,False,True,immune_core,0.1344922611200324
TCTCCAACGTAGGTTA-1,6419,13066,0.1497418404668793,0.3025129533761538,-0.155411265539472,False,True,interface,0.013210369016508084
TCTCCACAAGTTGAAT-1,14500,11391,-0.9381752379118786,1.8246274279379135,0.444127716146371,False,True,interface,0.1875630481533198
TCTCCCTGGGCAGCGT-1,13117,12859,-0.5460975148665272,-0.5786251783914007,0.1210482959272795,False,False,other,0.0037249695281842596
TCTCGACGTATCGCCG-1,11355,9118,-0.7419979904936483,-0.4550982827462971,0.3597581151803265,False,False,other,0.000494555747127786
TCTCGAGGAGGTTCGC-1,12734,9235,0.803876714387327,0.0280945600025148,-0.6146726203632309,True,False,tumor_core,0.01331111213096211
TCTCGGCTCCAGGACT-1,5022,19289,-0.1312886137781087,0.1730326505763768,0.8785493401042581,False,False,interface,0.00604901355499639
TCTCGTGTTACGAGGA-1,11320,21345,-0.1561659852244385,0.3431816137856917,1.0233227969183465,False,True,interface,0.05022354414320107
TCTCTAATAGCTGGTA-1,6411,16010,-0.975555940577005,-0.3937569079181471,0.5647812177638933,False,False,other,0.00310767204394285
TCTCTCGCCGCACATA-1,13325,8897,0.702010296620538,-0.1048393919611485,-0.4661516161025648,True,False,tumor_core,0.005513921182952776
TCTCTTACCGCGAACC-1,15272,17054,-0.7031732754436025,-0.4550982827462971,-0.6234388478715603,False,False,other,0.014066146107946924
TCTGAACCGGTCGGCT-1,6603,17709,-0.7316650826974563,0.1677829599526971,0.5858218768556499,False,False,other,0.03665278420426993
TCTGAACTCGTACCCG-1,11743,11157,0.9329906869516884,0.6181705597789389,0.3541642528894372,True,True,tumor_core,0.1780198391342078
TCTGAAGCACGTGGTC-1,13513,12407,-0.0809702666951451,-0.382839680963416,-0.2186728320975545,False,False,other,0.0011023011904123978
TCTGAATTCCGTACAA-1,9182,11263,-0.1555607426065986,-0.3006248893891332,-1.1409679436705455,False,False,other,0.0013780449892282847
TCTGACGGGCTAACCC-1,8008,8316,0.5879851744930773,-0.3734125307819002,0.6673498577856511,True,False,tumor_core,0.011080188792772748
TCTGAGCAATTGACTG-1,13128,9236,0.5697786782836741,-0.4074093973895744,-0.32954906106004,True,False,tumor_core,0.0064597778981138445
TCTGATCGGGTGCTAG-1,9190,8546,-0.6576642717477155,1.1472816323556263,-0.4444765930009851,False,True,immune_core,0.07302190037483544
TCTGATGTATTCTGTC-1,12527,12518,0.270200683275601,-0.5786251783914007,-0.5785236124300248,False,False,other,0.0028380681004110523
TCTGATTGGAAATGGA-1,9388,7980,-0.3240073531133479,0.8781711513083973,-0.0739526834492583,False,True,interface,0.03185970293765955
TCTGCAGATTCGAGTC-1,7381,21334,0.599543544414778,0.0348289141260776,0.76730848196212,True,False,tumor_core,0.023338679315897604
TCTGCATACCTTGCTT-1,14502,10712,1.2832997310530363,-0.1668526513666997,-0.2933155547041549,True,False,tumor_core,0.013125927267446021
TCTGCCAGAAACTGCA-1,10556,12965,-0.2131105793539927,-0.5786251783914007,-0.81315398497713,False,False,other,0.010169210858653513
TCTGCGTCCGGTTTCT-1,5416,19290,-0.9602550075241656,-0.0821550462548109,0.6595303202421118,False,False,interface,0.10906260230963577
TCTGCTTAGAACAAGC-1,12344,7649,0.0265591253386115,-0.1084838479114762,-0.5886753008646227,False,False,other,0.004221816280282676
TCTGGAGCGTAAGAGT-1,9980,7642,-0.7314442456889472,-0.2838825017444708,-0.413855236896442,False,False,other,0.046605216764339326
TCTGGCCGTTCAAGTT-1,9585,8094,-0.8891379433500324,0.7745026983466127,-0.290046232827651,False,True,interface,0.04139040874372858
TCTGGCGCAAGCCGGG-1,9154,21226,0.4189192376237681,-0.4550982827462971,0.6338775664747818,False,False,interface,0.7304726884297881
TCTGGGAACCTTTGAA-1,10365,10813,-0.8070933373376707,-0.4550982827462971,-0.81315398497713,False,False,other,0.010213500850725088
TCTGGGTAGCGCTCAT-1,10345,17833,-0.5355756163229594,-0.4032265245584062,-0.2269199215922608,False,False,other,0.009734925109142553
TCTGTGCCATCATAGT-1,8783,12847,-0.8530196699023936,-0.382839680963416,0.092981603904582,False,False,other,0.010475313236637473
TCTGTTACCCAGCATA-1,12512,17952,-0.624851827473636,1.1439067754087446,0.6784781278813341,False,True,interface,0.21378361632190457
TCTTACAGAGGTACCG-1,5423,16800,-0.5989151981155931,-0.5786251783914007,0.4424314830970012,False,False,other,0.01793773135417378
TCTTACCGGAACTCGT-1,6620,11595,-0.0771564679593349,-0.4074093973895744,-0.2114726337774697,False,False,other,0.021435567442282522
TCTTACGGCATCCGAC-1,7388,18617,0.8824223893969949,-0.3315713871011935,-0.1322895106702437,True,False,tumor_core,0.03304353829842649
TCTTACTTATGCCTCT-1,11349,11382,-0.3671590509436478,-0.5786251783914007,0.1708741531515684,False,False,interface,0.0820237129947081
TCTTAGAGCTCCAATT-1,10368,9681,0.0570918596455112,0.4689321777782339,-0.8100519318481009,False,True,immune_core,0.011548049579771534
TCTTAGAGTGAACTCT-1,10956,10702,-0.7506777423878211,-0.5786251783914007,-0.1402476643368972,False,False,other,0.014535718902563305
TCTTCCCATGGGCACA-1,8789,11035,0.1412738733801492,-0.5786251783914007,-0.4895524092269728,False,False,other,0.0014794130924647736
TCTTCGAATAGACGTT-1,10160,13870,0.4725934276912159,-0.5786251783914007,-0.930591614040388,True,False,tumor_core,0.00437050173531912
TCTTCGATACCAATAA-1,8779,14432,0.8850237853326633,-0.2796996289133026,0.2098337814956646,True,False,interface,0.040180501885879065
TCTTCGCGGTGAGAGG-1,14311,8787,0.6012930416408329,0.567930138641061,1.206397622602737,True,True,interface,0.0187992983099257
TCTTCTATAACCCGCC-1,11353,9797,-1.019952129781459,0.0642794425562646,-0.3320929519239302,False,False,other,0.07972312632689775
TCTTGATGCGTAGCGA-1,8780,14205,0.1955610386855114,-0.3937569079181471,-1.0674604308905318,False,False,other,0.0019576083205800642
TCTTGCTCCCGATACT-1,15280,14337,0.0944364162946918,-0.2918046089188153,-0.1921641983387373,False,False,interface,0.0038661506451582372
TCTTGGTAACACCAAA-1,6612,14539,-1.1462316608124483,-0.2533708272566373,-0.5663495260263355,False,False,other,0.008773105035564267
TCTTTAAGACTATGAA-1,9183,10810,-0.0237665994335492,-0.5786251783914007,-1.1641024749873343,False,False,other,0.012071791417661402
TCTTTAGAGTCTAACA-1,12340,9008,0.8819344890766355,0.2823485460062565,0.8826576722726754,True,True,interface,0.08498821498762617
TCTTTAGCAGGCGAAC-1,9189,8772,-0.7873653127345637,0.7753007186582175,-0.8496083825117224,False,True,interface,0.1396860765417338
TCTTTCCTTCGAGATA-1,13918,8333,1.110442951284231,-0.2086454686586297,-0.4821692016682055,True,False,interface,0.015328905608845866
TGAAAGGACCTGACTC-1,9375,12509,0.3209795336600081,-0.1164059550858207,-0.5043881159504957,False,False,other,0.00757404824407469
TGAACTGCTATGACTT-1,10137,21794,-0.4391485057768299,0.0077787875627394,1.127140401819258,False,False,interface,0.007934840267563236
TGAAGAGCGGTCCTAG-1,6201,20651,0.5925379764120259,-0.5786251783914007,-0.6412070876526478,True,False,interface,0.04806769060560434
TGAAGTAGCTTACGGA-1,5805,21329,-1.1462316608124483,-0.0433257557215961,-0.4735041461999869,False,False,interface,0.03329740647604001
TGAATGTCAGCCGGCC-1,11748,9572,-0.3841816452115507,-0.2074410271304214,-0.4879245888507713,False,False,other,0.009331086216603895
TGAATTTCACTTGCCT-1,10729,21456,-0.0135269370276802,-0.0037158834846452,0.5839431423718178,False,False,interface,0.03849115110721752
TGACAACGCATGTCGC-1,10373,7870,-0.5836142650627536,-0.074486981303802,-0.44211186302409,False,False,other,0.001986571257210899
TGACATATATGACGAT-1,9940,21681,0.217549634499136,-0.5786251783914007,0.0224091803101475,False,False,interface,0.07984858049181237
TGACATCGAGCGGACC-1,9381,10471,-0.368756261485356,-0.2498856351367965,-1.0751312717842825,False,False,other,0.0048806087073152565
TGACCCACGTTAGACA-1,8970,16583,0.4739269700244432,-0.5786251783914007,0.203621709329307,True,False,interface,0.11461915336909113
TGACGAATATTTCCCT-1,11129,19420,0.3026453074577995,0.3294553591889573,1.1280556391497023,False,True,interface,0.3846228493483683
TGACGATGCACTAGAA-1,9773,11151,-0.3339064527944131,-0.5786251783914007,-0.8707502666602818,False,False,other,0.001526856056118236
TGACTATAATCCTTTC-1,11538,14213,0.3968708009000609,-0.5786251783914007,-0.4800953273511194,False,False,interface,0.0014290154976521943
TGAGAATGCTTTACCG-1,6017,15782,-0.3786206846465934,-0.2498856351367965,0.9963714788347146,False,False,other,0.018363144101193524
TGAGACGTACCTCTCA-1,10138,21342,0.0914179328725756,-0.2498856351367965,0.12573733686729,False,False,interface,0.05390492350805321
TGAGAGATTTACCACG-1,10560,11606,0.8343192358979135,-0.3734125307819002,-0.8784295295245974,True,False,tumor_core,0.014308638281038096
TGAGCCATACAGTCTC-1,10740,17607,-0.3650368922127813,-0.1885442603086465,0.1965100634277144,False,False,other,0.01052759470345485
TGAGCGGAAAGTGTTC-1,13309,14558,0.7079286403676744,0.3933920428891179,0.2686474445480278,True,True,interface,0.021273498038591077
TGAGCTCAACTGTATA-1,13919,7880,0.8261102825691493,0.5422600180367301,-0.3341021471947116,True,True,tumor_core,0.027834033228922115
TGAGCTTTAATGACGC-1,6224,12273,-0.1549699733763117,-0.4550982827462971,0.7013068202381685,False,False,other,0.010747688300420674
TGAGGAGTGCCAGCTT-1,13898,15352,-0.027317541473645,-0.5786251783914007,-0.6900016367494415,False,False,interface,0.05108312137676971
TGAGTAAATTAGCGTA-1,11731,15459,-0.6089453091858816,-0.2796996289133026,0.4689309916452491,False,False,interface,0.08390264366431566
TGAGTGCCTCTTAAAT-1,11332,17269,-0.727700985332569,-0.1863158436690123,-0.525377299371738,False,False,other,0.003081065179041148
TGAGTGGTCCGTGACG-1,8391,12393,0.1459847956094706,-0.4550982827462971,-0.4243205014563289,False,False,other,0.0022926438282449553
TGAGTTAAAGACATTC-1,11946,9233,-0.8043895236611106,-0.1567737104707387,-0.6196410271091279,False,False,other,0.01560235980446957
TGATACATTTAGCCGT-1,13302,17048,-0.4321849063318153,0.3361145260372226,-0.6350600932027507,False,True,immune_core,0.033909029777402996
TGATAGCGGGATTCTA-1,7974,20543,0.7181789430459113,-0.4550982827462971,-0.5235570937745974,True,False,tumor_core,0.018779742474463148
TGATCAGGGAACTGCT-1,10735,19192,-0.4470066560220916,-0.1114690885438355,0.2164897155708354,False,False,interface,0.18653503762825607
TGATCCCAGCATTAGT-1,7807,9787,0.5033857899771487,-0.5786251783914007,-0.7366372037570631,True,False,tumor_core,0.004717238692293005
TGATCGGTTTGACCCT-1,7987,15788,-0.3792569207972817,-0.5786251783914007,-1.0569315334259122,False,False,other,0.0124587591344305
TGATCTCCGGCGCCAG-1,7986,16241,0.5899455648738418,-0.382839680963416,-0.0743691111986511,True,False,tumor_core,0.011859422217020896
TGATGGCTGTTTCTGA-1,8400,8996,0.3049359603398608,-0.2796996289133026,-0.1685849188574169,False,False,other,0.005467831391198691
TGATGTCAATTAAGTG-1,14110,10258,0.50809502294688,-0.2075786508661182,-0.0401627606561109,True,False,interface,0.007627628376993579
TGATTCAGGTCCCGCG-1,11912,21007,0.4644864433239715,0.5217321453205137,0.8749102439314509,True,True,interface,0.02078044542146879
TGATTCCCGGTTACCT-1,15078,16261,-0.8682775215246378,0.0281146538654709,-0.7939965168753123,False,False,other,0.01052227667621655
TGATTCGTCTATCACT-1,8574,17261,-0.0023914011668708,-0.4074093973895744,0.0425384468719532,False,False,interface,0.04407782935719207
TGATTCTGTCGCCGGT-1,11924,16931,-0.7298282362865136,-0.0663672448915705,0.2578966868036715,False,False,other,0.025476563379979018
TGATTTATTAGCTGTG-1,9951,18058,-0.2784306351676044,-0.4550982827462971,0.1009371752006714,False,False,other,0.020211532267203756
TGATTTCCTCCTGACG-1,5617,18046,0.1526118412412382,-0.382839680963416,0.7953905453099287,False,False,other,0.01756497746739473
TGCAACCCATCTGCGG-1,14302,11730,-0.9276214931071776,0.9604234872290968,-0.1846185032641023,False,True,immune_core,0.11271664852956058
TGCAACTACTGGTTGA-1,16076,11622,-0.5295306003686898,1.828430804710464,0.8343945083985557,False,True,interface,0.11033764513222377
TGCAAGAATGACGTAA-1,8383,15110,-0.7009801103628901,-0.1084838479114762,0.3537947521031616,False,False,other,0.01095254227160118
TGCAATCTAACACGGT-1,14696,11731,-0.6617673663102155,1.8325742419885929,-0.9152592548203362,False,True,immune_core,0.07414085431615057
TGCACTATGTGAGTGC-1,5807,20424,1.8634237181553,0.4402751913788315,-0.0676244996185033,True,True,interface,0.3748019354405197
TGCAGAACTATATCGT-1,10735,19419,1.034788905567408,0.2550412830127054,-0.6528745131974977,True,True,interface,0.30155456410833287
TGCAGAGTACCGAGCA-1,9955,16699,0.785114499963348,-0.2320107435565798,0.0849884997540959,True,False,tumor_core,0.031053129181075445
TGCAGATCGTCCTAGG-1,10734,19872,0.9443295987435965,1.7686671846975726,0.5582628806566108,True,True,interface,0.22912729777681362
TGCAGCTACGTACTTC-1,10733,20098,-0.2870518072440897,1.233990514807226,0.3240287864004423,False,True,interface,0.17359237974868183
TGCAGGATCGGCAAAG-1,7206,13522,-1.0293941237226465,-0.382839680963416,-0.0794696013396093,False,False,other,0.008719847275185764
TGCAGTTTCCTCCCAT-1,10363,11719,0.368072421438084,-0.5786251783914007,-0.6779553268933919,False,False,other,0.006574320898353642
TGCATATGTCTGTCAC-1,9376,12282,0.8478647836862897,0.0967287996980243,-0.76004545475892,True,False,tumor_core,0.016358773156535566
TGCATGGATCGGATCT-1,6218,14311,-0.230127408825577,-0.5786251783914007,0.6592852184894363,False,False,interface,0.10701060105451844
TGCATGTGGTAATCTA-1,8193,12732,0.0915667165745418,-0.2225411269163208,-1.0146280242850216,False,False,other,0.015502217420314268
TGCCAAAGTCAGACTT-1,10931,19759,1.0825197869068326,1.1949948273482471,0.9535141279806688,True,True,interface,0.15010800646529376
TGCCAATGGGTACTCT-1,13108,16029,0.3602334759176688,0.1609276705708641,0.0711439472524239,False,False,interface,0.054909421171751925
TGCCACACTAGAGGAA-1,10926,21570,-0.4315793210969003,0.5867502129560582,0.2781929709810195,False,True,interface,0.09015830756421774
TGCCACCTGGCGAAAC-1,6418,13293,0.5976386803013863,1.0947223447319796,0.4428856700945737,True,True,interface,0.12232574626501617
TGCCAGTACGTGGAGA-1,12523,13876,0.6223781525267087,-0.4032265245584062,-0.4870114834367394,True,False,tumor_core,0.028632916766902463
TGCCATTACTAAAGAA-1,6619,12048,-0.0140178230736591,-0.5786251783914007,0.1514615775351802,False,False,other,0.004907158682321546
TGCCCGTACCGTTAAA-1,11343,13420,0.6660771441108074,-0.382839680963416,-0.2865260931133361,True,False,tumor_core,0.006725634648845112
TGCCGAAAGCGTATTC-1,8993,8432,-0.5911880653163335,1.4201193780644634,0.2262844345976297,False,True,interface,0.1293335110668995
TGCCGGATGTACGAGC-1,14679,18071,-0.7853289515596565,1.4833106739717747,0.3269897864689907,False,True,immune_core,0.02634576665988092
TGCCGTGGATCGTCCT-1,13703,14785,0.6464315698236561,-0.1979714104901624,-0.4478170281641055,True,False,tumor_core,0.006782920472352332
TGCCTAAATTTAATAG-1,10177,7530,-0.7372938836761052,0.9757007705387248,0.2862524143901452,False,True,immune_core,0.012826935370517812
TGCCTAATTGAAGATT-1,13322,10029,0.7203770553405275,-0.4032265245584062,-0.6973544727785096,True,False,tumor_core,0.0055806678005238045
TGCCTGACATCGGTCA-1,5612,19631,0.8780650016287284,-0.4550982827462971,-0.014181559517266,True,False,interface,0.07155771623128625
TGCCTGATCAAACGAT-1,6416,13972,-0.2295712406404855,-0.2075786508661182,-0.1505248657293085,False,False,other,0.005656047508647914
TGCCTTGGCCAGGCAA-1,12724,12631,0.6553074470491111,-0.5786251783914007,-0.6133180625338762,True,False,tumor_core,0.0007546663913956777
TGCGAATATGGGATTT-1,11323,20439,0.4062240716898936,2.234563155739909,1.5373649156935971,False,True,interface,0.34090697048865803
TGCGACACCCTAGTGC-1,11530,16704,-0.6842517349336166,-0.2796996289133026,-0.2062299198368529,False,False,other,0.00365478971162912
TGCGACGGCCGAACGT-1,14284,18297,-1.1005111878967793,0.9310928305363918,-0.4671823948585826,False,True,immune_core,0.6326803557227519
TGCGAGAATATTACCC-1,12317,17385,-0.6098688214755007,1.0453087715086915,-0.5607478658911498,False,True,interface,0.07484238972329872
TGCGATGCTAATGGCT-1,6595,20652,0.1503600980367511,-0.3311055465112218,-0.8042516946548641,False,False,other,0.0020484576962991638
TGCGCAAAGCATTTGG-1,8582,14318,0.331765174292212,-0.5786251783914007,-0.0403871722189399,False,False,interface,0.005651862469600882
TGCGCCGTTAATAACG-1,10570,7984,-0.4411171800716915,-0.2485384033310967,-0.5800512361571192,False,False,other,0.0061516675431425305
TGCGCGATTAACGGAG-1,7786,17259,-0.6179500904003162,0.0245126643738863,-0.1766636492502092,False,False,other,0.012129060875482515
TGCGGAGTAAAGGTGC-1,6810,13973,-0.6340726251020669,-0.5786251783914007,-0.1596751237117391,False,False,other,0.003801960533180356
TGCGGCATAGTTCAAC-1,4835,15779,0.8539344306665609,-0.2075786508661182,0.7919346266177729,True,False,interface,0.015977242201629726
TGCGGTGAAATTTCAT-1,4839,14421,-0.2380363191224322,-0.4550982827462971,0.2949185430465902,False,False,other,0.023785363864854036
TGCGTAAGAACCTGAT-1,10939,17042,-0.4194358178374255,-0.0442849770386364,0.0684476541158203,False,False,other,0.0009891655389443934
TGCGTACGGCTAATTG-1,15685,10489,0.5197931403095425,0.8304822659516745,-0.3303191651126003,True,True,interface,0.05677261163167369
TGCGTCATGACTGAGC-1,12901,19538,0.2917865352332466,0.4095707600189126,0.941644241749896,False,True,interface,0.15255563652184598
TGCGTGATTGGGTGTC-1,4627,19967,0.4616864916042201,-0.1668526513666997,0.1429625188449499,True,False,tumor_core,0.0048830200947262
TGCGTTTGTTGACACT-1,10752,13305,0.5920730504755333,-0.5786251783914007,-1.3108298672123784,True,False,tumor_core,0.023753167936923152
TGCTAAGTGTCTATTT-1,12727,11726,0.7093936395023268,-0.0321799970331236,-1.1570233586433345,True,False,other,0.043811044889913865
TGCTCCACAGTTCTTA-1,11349,11156,0.1422988206686855,-0.5786251783914007,-0.3776767972670051,False,False,other,0.029671834599475727
TGCTCGGCGAAACCCA-1,13702,15012,0.634228542436146,-0.2796996289133026,-0.2466466474081459,True,False,interface,0.019483029803018265
TGCTCGGTGGGTCACC-1,15479,13771,-0.2408114545914116,-0.2918046089188153,-0.0484180454160753,False,False,interface,0.03802419368316668
TGCTCTTGAGAGTTTG-1,15084,13997,-0.8185506803956939,-0.1250115076859931,-0.8163415561349655,False,False,other,0.08777731315594506
TGCTGGTTGGACAATT-1,6604,17256,-0.6136269042196612,-0.160956583301907,0.3130775321931983,False,False,other,0.10124184820438072
TGCTGTTGAAGAACTC-1,9961,14435,0.484513979697093,-0.3720652989762003,0.1694878387749075,True,False,tumor_core,0.0038117415379849903
TGCTTCCCAAGCAGTA-1,14689,14448,-0.2646579751922341,0.0846238196925115,0.0602213141387652,False,False,other,0.007087863743032225
TGGAACCACTGACACA-1,7215,10352,0.3475471352380835,-0.5786251783914007,-0.430568133666288,False,False,interface,0.02823361289513329
TGGAAGAAGGGAACGT-1,10148,17945,-0.846698997741807,-0.5786251783914007,-0.0786918921830734,False,False,other,0.026159681209751113
TGGAAGACGAACACCA-1,5227,16686,-0.9078192554498098,0.0980760315037241,0.5718662370171008,False,False,other,0.03259933532645887
TGGAAGGATAAAGATG-1,6416,14199,-0.3828644842135922,-0.4074093973895744,0.0599866401480546,False,False,other,0.018062393587532793
TGGAATATCCTTGACC-1,7019,9785,-0.2745261485044999,-0.4550982827462971,-0.8784295295245974,False,False,other,0.016581069273367617
TGGAATTAGACGCTTT-1,7582,19863,0.4782138862651549,-0.2796996289133026,0.451847895921878,True,False,tumor_core,0.00475336979190744
TGGACACCGTTGCTTG-1,6397,20765,0.6592255765214388,-0.3734125307819002,-0.4766132000682436,True,False,tumor_core,0.0006532641237480902
TGGACCAATCTAAGAT-1,14693,12863,-0.6748227910900441,-0.3311055465112218,0.0072978031142682,False,False,other,0.03547842189197708
TGGACTGTTCGCTCAA-1,9766,13642,0.2061026341153492,-0.5786251783914007,-1.174631372451954,False,False,other,0.0034671649699807897
TGGAGTGATGCGATGA-1,8180,17260,-0.9997858257252502,0.2651403177716224,0.1797631361781066,False,True,immune_core,0.03769337130658524
TGGCAAACTAAATTAC-1,12329,13083,-0.3288133187056409,-0.2796996289133026,0.9660722813871668,False,False,other,0.002345145802078008
TGGCAACTCGCGCGCC-1,6816,12162,-0.2390007404246679,-0.4550982827462971,-0.2680850195250887,False,False,other,0.031801730596541296
TGGCAATGGGACGGCG-1,13126,9915,0.739339406921863,-0.1363868668757486,-0.0480875031139628,True,False,tumor_core,0.0024547408534194644
TGGCAGATTACGATCA-1,11140,15344,-0.6511938056258696,1.74387209015227,0.7873900169050959,False,True,immune_core,0.09170311260727702
TGGCAGCAGTAATAGT-1,10156,15002,0.0414811615740055,0.0094696537589723,-0.3276784573595263,False,False,other,0.03301056401891101
TGGCCAAACTGAAGTA-1,7994,13297,-0.1115414770210211,0.7847998064323872,-0.027376134574471,False,True,immune_core,0.07553788250352657
TGGCCAATTTGGTACT-1,12110,20668,-0.2014457234761004,0.5103559412861219,0.8795580278747505,False,True,interface,0.2371734496843593
TGGCCGTATATTGACC-1,7588,17598,0.6256935638256904,-0.4550982827462971,0.2744933750985903,True,False,interface,0.11453572888002927
TGGCGACTGCTCCAAA-1,13304,16596,0.5378186131409459,0.3592481528553303,-0.0775722931098782,True,True,interface,0.0677153368787241
TGGCGATCAAGTTATG-1,12518,15688,0.0310489881004455,-0.1762798015482156,-0.2830155269139319,False,False,interface,0.04926181662176419
TGGCTACACTCTACCT-1,15094,10600,-0.3843832531218297,1.2417522960143428,-0.1620401196219824,False,True,interface,0.15452916360938082
TGGCTATGTGACATAC-1,14300,12636,-0.820296041948865,-0.1603556060993672,0.0472429020472148,False,False,other,0.04968794933473405
TGGCTCTTGTCGCGTA-1,10732,20551,-1.0753613601968304,1.2979565965075723,0.544525122956585,False,True,immune_core,1.0767178215742763
TGGCTTTGGGTAGACA-1,6213,16123,-1.1919874280668508,-0.4032265245584062,0.165971400441368,False,False,other,0.009359433376045456
TGGGAAATGCCTTTCC-1,6994,18842,-0.2379342368899353,-0.0685025567833836,0.6932541253326923,False,False,interface,0.07121255899496748
TGGGCAATAGTTGGGT-1,11550,9685,-0.6028792954804804,-0.382839680963416,-0.4872198063046174,False,False,other,0.022801840910820076
TGGGCACGTTCTATGG-1,5432,13630,-0.625371922623628,-0.1776270333539154,0.0260208195399909,False,False,other,0.01925941691938182
TGGGCAGGCCACCGCA-1,13129,8783,0.8985612025705182,0.0913468986119799,-0.4590301613683604,True,False,tumor_core,0.04960292785797224
TGGGCCACAAGAGCGC-1,6023,13745,0.1464570144462733,0.118955967770366,0.1047988993018216,False,False,interface,0.037297280373202006
TGGGCCCATACTAATT-1,11741,11836,0.3416909467422039,0.0390117869572459,-0.2234318811614472,False,False,other,0.006768018235842904
TGGGTGTAATAGATTT-1,15882,10376,0.0456442226572905,0.286598023921194,0.2837725954734867,False,True,interface,0.15804699805905673
TGGTAAGCAGGATTGA-1,10534,20663,-0.6313478264473856,0.8355228602562778,0.4407551952983882,False,True,immune_core,0.2218553796141487
TGGTAGAATATATGGG-1,11942,10591,-0.1931944658671191,0.0358957319185891,0.447128506120647,False,False,other,0.009173787314990021
TGGTCCCACGCTACGG-1,12721,13537,-0.2717557039777696,-0.0332468148256351,0.7180007120890367,False,False,other,0.008002431341127164
TGGTCGTGCAAGGCAA-1,10533,21116,-0.5564480235302074,-0.2498856351367965,0.385661797446618,False,False,interface,0.18308782205099275
TGGTCTAGCTTACATG-1,6593,21332,0.3447021176264851,-0.5786251783914007,0.753246517208168,False,False,interface,0.01709332904878998
TGGTCTGTTGGGCGTA-1,9752,18623,-0.2146954738663842,-0.2796996289133026,0.5838384905009119,False,False,other,0.004528025814243545
TGGTGATCGTATTTGT-1,7581,20089,0.6402905692115001,0.0214849572827839,-0.0662665555529647,True,False,tumor_core,0.017276490056693922
TGGTTAAGGGCGCTGG-1,7612,8994,0.4710973585677384,-0.3734125307819002,0.7297777164454182,True,False,interface,0.0019388679955865227
TGGTTATGCTTGCGGT-1,7379,21787,0.6452446931283087,-0.5786251783914007,-0.3714584938274367,True,False,interface,0.12772176687977171
TGGTTCAACGGGTAAT-1,12327,13536,0.1581749436938821,-0.2593127853183124,0.3417077654992789,False,False,interface,0.03759638663174967
TGGTTCGTAGCAAAGG-1,7003,15672,-1.094553952986243,-0.3321723643037333,-0.2714977319452773,False,False,other,0.003817557176208034
TGTAATGACCACAATA-1,9550,20321,0.1324793574699702,-0.5786251783914007,0.1510994150242747,False,False,interface,0.03975261015150175
TGTACCTACACGAGGG-1,14106,11616,-0.0002345806320103,1.1635958216508793,0.0556167528741755,False,True,interface,0.11078829505502986
TGTACGAACAAATCCG-1,9958,15341,-0.4555697693085256,-0.1294091083873068,0.247868950617913,False,False,other,0.004899709936017999
TGTAGCCATCCCATTC-1,14703,9241,0.7666719850636045,-0.0731397494981021,-0.2846057892708865,True,False,interface,0.015015844193507386
TGTAGGAGAAATTTCC-1,9179,12169,0.0164043791753501,-0.2702300122730435,-0.3612920409929433,False,False,other,0.0048553651620317296
TGTAGTGATCTATAAT-1,9359,18169,-0.0806613777459622,-0.1462372760379682,-0.6147253540262482,False,False,other,0.01722432600077248
TGTATAACAGATCCTG-1,8192,12958,-0.5906503021360824,-0.5786251783914007,-0.4333571842204626,False,False,other,0.014601538872537801
TGTATCCTTATTCCAT-1,4440,16231,1.235842152521856,-0.2320107435565798,0.2804884711788521,True,False,interface,0.1393663207747793
TGTATGGCGCAGACAG-1,10955,11381,-0.9776826355903396,0.424160929183344,0.0346925892197128,False,True,interface,0.3631377655085855
TGTCCACGGCTCAACT-1,15291,10488,0.2667873301049998,0.4810270235495904,0.4992851478915311,False,True,interface,0.026028052453319312
TGTCCCGACATAGCAC-1,4639,15439,0.3496875000593262,-0.5786251783914007,0.1102389931695642,False,False,other,0.04553079583898254
TGTCCGTGGCGCCTTT-1,8370,19865,-0.0563232801150935,-0.1979714104901624,0.0887325508323052,False,False,other,0.003658875121096893
TGTCCTAAGTCACCGC-1,9161,18509,1.1006750977390871,-0.4550982827462971,-0.400228014714837,True,False,tumor_core,0.014667071740029304
TGTCTACAGTTTCTGT-1,4638,15892,0.8221203873645627,0.2823485460062565,-0.0230800265466631,True,True,interface,0.10482166140184067
TGTGACTACGCCAGTC-1,6614,13633,-0.2167631353597817,0.1176446829029002,1.1148865374977734,False,False,interface,0.04410297160903973
TGTGACTAGAGTTTGC-1,15885,9470,-0.1524854054908332,-0.008329036493722,-0.6458731056252516,False,False,interface,0.0038242724652031816
TGTGAGACTAGCCCAA-1,14097,14786,0.3584969910103701,-0.5786251783914007,-0.5377810673046158,False,False,other,0.013034887832564762
TGTGCCGGTGCCGGAA-1,12926,10934,-0.4458284138468902,-0.382839680963416,0.5226942960157888,False,False,other,0.003142847702673673
TGTGCTTTACGTAAGA-1,9552,19868,0.6296487964268024,-0.2498856351367965,1.1636180728510617,True,False,tumor_core,0.05051582410179428
TGTGGACTATCTACGT-1,12738,7650,-0.1268413053792591,-0.1770979937440296,-0.6442918981119831,False,False,other,0.004242546879611603
TGTGGCAAAGCGTATG-1,8195,12053,-0.3282779096673662,-0.4550982827462971,-0.3311922229660365,False,False,other,0.008886039160967698
TGTGGCGGGCTTCTGG-1,15277,15243,0.4231513605005674,-0.3315713871011935,0.1977746177460918,False,False,other,0.11668422945842909
TGTGGCTCCCACCAAC-1,11160,8551,-0.7031732754436025,0.7382767310882627,0.1561545286437427,False,True,immune_core,0.10836219845140056
TGTGGTAGGGTGCCTT-1,12935,7764,-0.0735483284448097,-0.5786251783914007,-0.8163415561349655,False,False,interface,0.05779024253380264
TGTGGTTGCTAAAGCT-1,15274,16375,-0.4598235034766175,-0.3311055465112218,-0.7802448726239356,False,False,other,0.005837430557009065
TGTGTAGTAGCACGTG-1,13917,8786,-0.1626852569041327,0.008588468925038,-0.8137394039901399,False,False,interface,0.297894285875723
TGTGTCGAAGTCGAGG-1,10728,21909,-0.0561556476776268,0.2905965129843761,0.4122210640200707,False,True,immune_core,0.018656439838817967
TGTGTCGCGAGTTGCA-1,7193,17824,0.1310721213752902,-0.3315713871011935,0.0954928123431817,False,False,other,0.026522887798624134
TGTGTGACCATGAATC-1,11910,21686,-0.3451909439760273,0.2642053463566743,0.4185621141482077,False,True,interface,0.01744930732166518
TGTGTTCGTATCCAAG-1,8568,19526,0.1516456571570445,-0.3311055465112218,-0.3876071427283402,False,False,interface,0.019434672710311
TGTTATTGTATGTGGC-1,11149,12174,-0.4410278412054303,0.2823485460062565,0.1011352162071478,False,True,interface,0.0171783628869378
TGTTCATAAATGTGCT-1,7579,20995,0.2967151315195387,-0.5786251783914007,-0.5193018049448639,False,False,other,0.048457235595461584
TGTTCCGCTTCCATGA-1,9560,16925,-0.4411171800716915,0.5633781287287088,0.969505289243938,False,True,immune_core,0.03336476396034024
TGTTCGTATTGCGGTG-1,12126,15007,-0.0011377171332675,0.0400786047497574,-0.0836386989479602,False,False,interface,0.0074733069769793645
TGTTCTTCCATTGACT-1,8969,17036,-0.2522821616456038,0.1176757002686451,-0.0574225483643513,False,False,other,0.020216149518533875
TGTTGCCGTCGTCCCA-1,11555,8100,-0.4351436515961873,-0.5786251783914007,-1.0146280242850216,False,False,other,0.011695019495333346
TGTTGTCAAGAAGTCT-1,7208,12616,-0.4985728523832565,-0.4550982827462971,0.1888799260005035,False,False,other,0.012713809663413794
TGTTTCGGTACTTCTC-1,6018,15556,-0.9460833395196768,-0.5786251783914007,1.0378043643381951,False,False,other,0.025399817256702335
TGTTTGAGATCGTCAG-1,12144,8894,-0.6239073253108527,-0.3315713871011935,0.1827473971098785,False,False,interface,0.03277464084105622
TTAAACCTGGTTCCTT-1,7580,20542,-0.475928945304464,-0.2796996289133026,0.5372449564170126,False,False,other,0.033540732291640576
TTAAACTCGAATTCAT-1,8591,11148,0.2839956810326084,-0.4550982827462971,-0.0488558051334638,False,False,other,0.000982290584208372
TTAAAGTAAGTCGCCA-1,16080,10037,0.2063344657703369,0.1642977678328565,0.12625027945706,False,False,interface,0.13949676459380997
TTAACACCTCGAACAT-1,7189,19409,0.4437306141994833,-0.5786251783914007,0.3139179204150676,False,False,interface,0.05257933607639629
TTAACCAACCCTCCCT-1,6215,15670,-1.1005111878967793,-0.4550982827462971,0.6478569936042253,False,False,other,0.0014208861022983095
TTAACGTCGCAAGACC-1,4441,15778,0.2585651619925991,-0.4550982827462971,-0.1618662202108385,False,False,interface,0.04483280677697629
TTAACGTTAAAGCCTG-1,9547,21453,-0.1722749518126387,2.0094732909948556,1.0041340434198742,False,True,interface,0.8665731099842438
TTAACTCACGCGTGGA-1,7186,20314,0.3912797791633441,-0.5786251783914007,0.5190139102237723,False,False,other,0.007810560094062296
TTAACTTCAGGTAGGA-1,11524,18968,-0.5235377660180124,2.325648248805216,-0.0550462761299244,False,True,interface,0.3088463335772766
TTAAGATAGGATTGAC-1,10957,10475,-1.1462316608124483,-0.3720652989762003,-0.8447615917601324,False,False,other,0.09341918352108776
TTAAGCCGACAACTTC-1,5040,13176,-0.1073885537978808,-0.5786251783914007,-0.8002774893736585,False,False,other,0.009540636149042978
TTAAGCGCCTGACCCA-1,8378,16921,-0.8635734147070948,-0.3734125307819002,-0.3839412184471845,False,False,other,0.03140154088157178
TTAAGGCCCGTACTTT-1,14085,19088,-0.725816626581785,0.3251612835056556,-0.5934373014243929,False,True,immune_core,0.14516495845245697
TTAAGTATTGTTATCC-1,15090,11732,0.583959307978183,0.356834103257119,-0.6705721193346246,True,True,interface,0.1129276176191646
TTAATCAGTACGTCAG-1,6024,13292,-0.4162789439846709,-0.4550982827462971,-0.4777534054097141,False,False,other,0.027145748424344442
TTAATGTAGACCAGGT-1,8386,14204,0.8886069002299036,-0.5786251783914007,-0.2317161400193027,True,False,tumor_core,0.0028902156355906706
TTAATTGCTTTGGGTG-1,14692,13316,-0.4767430948664408,-0.2075786508661182,-0.2750955270368903,False,False,other,0.005792410884300966
TTAATTTCAGACGCGG-1,5825,14084,1.5795946481545835,-0.5786251783914007,0.6217711212144236,True,False,interface,0.3047636406656804
TTACAACTACGCATCC-1,7199,16012,-0.7064433733098033,-0.4550982827462971,-0.5040551464505768,False,False,other,0.010290439154808666
TTACACGATCTGCGAC-1,14703,9467,0.5401437378809648,0.5125890422769399,-0.2411233210924922,True,True,interface,0.02882176870254512
TTACAGACCTAAATGA-1,7607,11032,0.7934139895710934,-0.2838825017444708,-0.509185061554094,True,False,tumor_core,0.008533921901906317
TTACATCGTGGCCTGG-1,6406,17821,-0.6400298600126033,-0.3315713871011935,0.8636260236418803,False,False,interface,0.12687432642717708
TTACATGCCACAACTA-1,10564,10248,-0.6340726251020669,0.1075456481439832,-0.573049828584873,False,False,other,0.005787379479829248
TTACCATTGATTACCC-1,9161,18735,0.2893781676943266,0.1171156432930144,0.6587144910240151,False,False,other,0.02036209490112707
TTACCCATTGCCGGGT-1,5830,12272,-0.9729785287727966,-0.2086454686586297,-0.0258213703776974,False,False,other,0.07061214758729338
TTACCCTAACAGTCCT-1,7190,19182,1.2490422618238424,-0.2918046089188153,1.2114476959219274,True,False,interface,0.05615298594276406
TTACCCTAGGGATTGG-1,14292,15353,0.2261704611454449,0.3729956075621977,0.4193910895852086,False,True,other,0.056047654940789865
TTACGGATGGTTCGAG-1,8985,11376,0.6832407972688814,-0.5786251783914007,-0.8404340428764575,True,False,tumor_core,0.0053228829432601646
TTACGTATCTATGACA-1,15099,8789,0.5278285865705779,0.0598567627872604,-0.1867670680431283,True,False,interface,0.009274884192302654
TTACTAAAGGACTTTA-1,11935,13082,-0.0848092240070703,-0.4074093973895744,-0.6133180625338762,False,False,other,0.0037851491577239097
TTACTATCGGCTTCTC-1,9157,20093,-0.1840017813896579,0.6194130795550024,0.1672485570965945,False,True,interface,0.14408423023793446
TTACTCCGGCCGGGAA-1,9177,13074,0.6444809828183312,-0.5786251783914007,-0.1940402817639655,True,False,tumor_core,0.006783766890218041
TTACTCTGGTACGTAC-1,10935,18400,-0.3738918947469812,-0.1114690885438355,0.9495274793207502,False,False,interface,0.09823224615625292
TTACTGGGATATTTCA-1,11139,15797,-0.8804289823518466,-0.3720652989762003,0.1716487742482752,False,False,interface,0.07198063044776261
TTAGAAGAACATGACT-1,12718,14669,0.061639565143563,-0.5786251783914007,-0.0110442915819785,False,False,other,0.010318447924214519
TTAGAATAAGGGTCGG-1,14485,16825,-0.5389725943098768,-0.0786698541349702,-0.3517260940903472,False,False,other,0.00847313915317222
TTAGACACGATCGTTG-1,5634,12159,-0.8374264552177259,-0.5786251783914007,-0.5265345938119738,False,False,other,0.011680998321511172
TTAGACGAGTCACCTC-1,11935,12856,-0.6987211736760285,-0.5786251783914007,-0.0796586191564653,False,False,other,0.02031103546596142
TTAGAGGGATATACAG-1,12304,21914,-0.6785134097697483,1.4259899038756227,1.432336835402723,False,True,immune_core,0.07008046801787483
TTAGAGTTTAGAAGGA-1,11543,12175,-1.1482178218484431,0.275148351292722,0.4456290592239675,False,True,immune_core,0.0019128140639746952
TTAGATAGGTCGATAC-1,5022,19516,0.1260388436967253,-0.3315713871011935,0.923388334824944,False,False,interface,0.0381002658962432
TTAGCAACATGGATGT-1,6403,18727,-0.6335613444124318,-0.5786251783914007,-0.7081664945950565,False,False,other,0.02206465149448074
TTAGCTAATACGATCT-1,6819,10803,-0.5975909144043777,-0.2074410271304214,-0.8461171401954408,False,False,other,0.011753138142969811
TTAGCTCTGTAATCCG-1,8566,20205,0.2450785582365186,-0.2838825017444708,0.6542426791840175,False,False,interface,0.012132862994903222
TTAGCTGATTTGCCGT-1,9970,11265,0.1564630219086256,-0.5786251783914007,-0.601392155438286,False,False,other,0.0030187060044452527
TTAGGATGGGAGGGTA-1,11753,7534,-0.5507618408990974,-0.4550982827462971,-0.9152592548203362,False,False,other,0.0003917033832948888
TTAGGTCATAACCGAC-1,13892,17616,-0.1479019217571277,2.430719235525545,0.4165908964339065,False,True,immune_core,0.0951603089631073
TTAGTAAACCTGCTCT-1,14698,11278,0.5043200905435853,-0.2320107435565798,0.0184257244573893,True,False,interface,0.050293500341793106
TTAGTAGGGCGGCGGG-1,9160,18961,1.477141154057993,-0.3734125307819002,-0.1847432346713006,True,False,tumor_core,0.021109872846401076
TTAGTTATTCGTGGCA-1,11742,11610,0.4809229904160193,0.1420800651950587,0.0699670199555556,True,False,interface,0.016232114551873792
TTATAGGTAATTGTCT-1,14494,13655,-0.7534164183778559,-0.1598897655093955,0.7469240737671411,False,False,other,0.015161582422255307
TTATATACGCTGTCAC-1,9964,13529,-0.2608351761429572,-0.3321723643037333,-0.1553742339137057,False,False,other,0.007749829172249592
TTATATTTGGCAATCC-1,7596,14655,-0.4885142342705634,-0.4550982827462971,-0.3729865667936698,False,False,other,0.0037861740298216332
TTATCCGGGATCTATA-1,12529,12065,-0.8936725987504696,-0.4032265245584062,0.0410040434171278,False,False,other,0.00543442169970666
TTATCCTCAAGGAATA-1,12703,19877,0.3754729517218873,0.4565434309433961,0.629100558906164,False,True,interface,0.04414117065637288
TTATCGCCTGCGAAGC-1,7778,19976,0.471850073542967,-0.4550982827462971,0.1917808056863734,True,False,tumor_core,0.002414646342965562
TTATCTGACATTAGGA-1,11518,21006,0.1555414064182423,-0.382839680963416,0.527086002271403,False,False,interface,0.5092146734746189
TTATCTGTATCATAAC-1,6807,15105,-0.4033388503814335,-0.5786251783914007,-0.0616151740000417,False,False,other,0.0035275402992721613
TTATGAATGAAAGGGA-1,10551,14776,0.1761616547965967,-0.5786251783914007,1.5098657639439466,False,False,other,0.009661657996920064
TTATGACAAACTGGAT-1,7784,17939,0.6054899391837173,-0.4550982827462971,0.2812683165345246,True,False,tumor_core,0.008697646862424954
TTATGATCTTAACGAA-1,9966,12624,-0.1368794305068213,-0.2702300122730435,-0.6925410223153067,False,False,other,0.005045886424068633
TTATGTTTGCGATAGA-1,7582,19636,0.6639675658766298,-0.382839680963416,0.315667227995913,True,False,tumor_core,0.004239658821059345
TTATTAGAGCGTGTTC-1,11538,13987,0.007850700669955,-0.4550982827462971,-0.3331716345793081,False,False,other,0.002323351800473381
TTATTAGGGAAGCATC-1,5428,15215,-0.8739599108110652,1.3262475663083548,0.4820982539509363,False,True,immune_core,0.12270482185479527
TTATTATCTGGAAGGC-1,13327,8218,0.1246347245313629,-0.4550982827462971,-0.5662011029297828,False,False,interface,0.00963064017384935
TTCAAAGTCTCTAGCC-1,9373,13414,0.7205305562322921,-0.4032265245584062,0.1626026370689339,True,False,tumor_core,0.008952272714642327
TTCAACGACCCGACCG-1,6409,16463,-0.6348144725054249,-0.5786251783914007,0.0728822907935603,False,False,other,0.003922699501037676
TTCAAGCCGAGCTGAG-1,5039,13402,-0.1465085674102296,-0.3072545859718202,-0.3931859846586854,False,False,other,0.010910799545873923
TTCAATACTCTGAATC-1,9967,12171,0.3448629068074441,0.0228321890884837,-0.8313537233355003,False,False,other,0.051204491300145046
TTCACGAAAGGATCAC-1,9957,15794,0.1851954476288248,-0.1655054195609999,0.089293717348438,False,False,other,0.0005267113369383562
TTCACTCGAGCACCTA-1,13311,14105,-0.1976237980167236,-0.3734125307819002,0.2178775257487211,False,False,other,0.008060195662589892
TTCAGCCCTGGTCCAC-1,11740,12289,-0.2922462174987782,-0.2086454686586297,0.5250413915409372,False,False,other,0.004461882411648122
TTCAGCTGGCGTGCCC-1,13319,11161,0.0479895063216978,-0.1084838479114762,0.2443472914373866,False,False,other,0.0048759589676669185
TTCAGGCGTCAAAGCC-1,10339,20097,-0.6141449755502105,0.3437825909882314,0.6064319375866353,False,True,immune_core,0.10017044745396127
TTCAGTTTGTGGCAGC-1,7775,21109,-0.4709276236896077,-0.5786251783914007,-0.935646727659856,False,False,interface,0.0938296794373701
TTCATGGCGCAACAGG-1,6221,13406,-0.8386801392513291,-0.3734125307819002,-0.4444444659464454,False,False,interface,0.11622718234073376
TTCCAATCAGAGCTAG-1,7015,11144,0.0062787256496494,0.0484389371387618,-0.4634385740953357,False,False,interface,0.006116416773661346
TTCCAATCTGGCTATC-1,11924,16705,-1.348366143141215,-0.0034328210491291,-0.1478168688301937,False,False,other,0.5005241637305534
TTCCACACAGATTTGA-1,12318,16706,0.2362793943906535,0.100504725803573,-0.3135388465479188,False,False,interface,0.5021096716373749
TTCCAGACGAGATTTA-1,10172,9341,-0.6453320999781268,-0.2702300122730435,-1.174631372451954,False,False,other,0.010497076411469304
TTCCATCGACAGCGTG-1,14505,9806,0.8558726640669673,-0.1979714104901624,-0.6571534363901959,True,False,interface,0.0012451182894488788
TTCCCGGCGCCAATAG-1,11520,20553,1.3490707012333254,0.7540522585832331,0.2369609409387353,True,True,interface,0.10940400425333163
TTCCGCAGAGAAATAT-1,6623,10463,-0.1859221039130489,-0.4032265245584062,-0.2902776141225147,False,False,other,0.035159700743590004
TTCCGCGTGAGGCGAT-1,11536,14666,0.2538160166422943,-0.5786251783914007,-0.5710478936813728,False,False,interface,0.07442239059331382
TTCCGGCCTTGAGGCT-1,13106,16935,0.1377707453149669,0.576499010648695,0.7361176047951196,False,True,interface,0.00864699760466073
TTCCGGTATCTGTGTC-1,10568,8889,0.2032943592045739,-0.4550982827462971,-1.174631372451954,False,False,other,0.012045674446143212
TTCCGGTTACCCACTT-1,11347,12061,-0.9306690546921,0.1030928791458688,-0.1333500359443702,False,False,other,0.010128597685624114
TTCCTCGAGGGTGTCT-1,6607,16350,-0.4098098724438895,-0.3321723643037333,0.812389338522355,False,False,other,0.0056432691289602715
TTCCTCGGACTAACCA-1,12331,12177,-0.7111469241867363,-0.3006248893891332,-0.9701480647040096,False,False,other,0.010099723548500491
TTCCTCTGCCCGAATA-1,9354,20207,-0.3504756314960361,0.5234343316390171,0.648340741588785,False,True,interface,0.07894562525677119
TTCGACAGAGCCCGTG-1,12719,14216,-0.0518431027102484,-0.4550982827462971,0.6563917356756208,False,False,other,0.006991665522628591
TTCGACGGGAAGGGCG-1,7196,16918,0.1923589883049472,-0.0267980959470792,0.1321332585776068,False,False,other,0.06457455024412118
TTCGCACTCGCGTGCT-1,7393,16805,-0.5902645530267144,-0.2278278707254115,0.0532535148496279,False,False,other,0.03865812378752071
TTCGCACTGTACGACA-1,14490,15240,-0.4309197105782373,-0.382839680963416,0.3004566811019655,False,False,interface,0.03469277145924087
TTCGCGCGCCATACGA-1,14092,16598,-0.4192146215246694,0.3330878810230405,0.5973259099627374,False,True,immune_core,0.005412087258698239
TTCGCTAGGAAGTTGT-1,10568,8663,-0.7768012813545663,-0.4032265245584062,-0.1948695382381921,False,False,other,0.010746517139668751
TTCGCTATCTGACGTG-1,6426,10576,-0.5446013952885257,-0.382839680963416,-0.4000845535273917,False,False,other,0.012300788960925202
TTCGGCTAGAGATGGT-1,6008,19179,-0.7533908511320971,-0.4550982827462971,0.6707912403145901,False,False,other,0.028763549545903322
TTCGGGACTAATCGCG-1,9569,13755,-0.1223120119349101,-0.3937569079181471,-0.4675371160112514,False,False,other,0.015316893386854288
TTCGGGCGCTAGTCTT-1,13301,17728,-0.092611447007176,0.0607379476211948,0.2857955921206519,False,False,other,0.014176772904063112
TTCGGGTTGCCACGGG-1,14508,8674,1.2734760766441195,-0.0225727566571678,-0.4727306640195015,True,False,interface,0.03389084279417019
TTCGGTGGAGACGCCC-1,11751,8213,-0.0678232184191579,-0.4550982827462971,-0.2172728709707065,False,False,other,0.0025877322253567573
TTCGTACTCCAGAACG-1,8176,18619,0.891945156899484,-0.5786251783914007,0.4033155838700772,True,False,interface,0.05523274474150361
TTCGTTCAACGAAGTT-1,7019,10011,-0.251724261673299,-0.4550982827462971,-0.5039915135458439,False,False,other,0.019085962643130464
TTCTAACCGAAGCTTA-1,9181,11716,-0.0914621098392531,-0.5786251783914007,-0.8404340428764575,False,False,other,0.0010462027582532468
TTCTACTTGCGAGGGC-1,6798,18275,-0.5970121360577326,0.0390117869572459,0.8552539956140061,False,False,other,0.008941329889661197
TTCTAGAAAGTCTTAT-1,14288,16712,-0.8213039205159751,-0.4550982827462971,-0.1130470615275293,False,False,other,0.03668728666507641
TTCTAGGCCAATTGTG-1,6802,16917,-0.0669778602189038,1.0955742640451598,0.6386835165760851,False,True,immune_core,0.1231266761650947
TTCTATGCCTTTCGCA-1,8206,8203,0.4615098880888946,-0.1776270333539154,0.4115787564703483,True,False,interface,0.020859819982207393
TTCTGACCGGGCTCAA-1,12725,12405,0.1724636587563588,-0.5786251783914007,-0.214858490474051,False,False,other,0.003786352032484938
TTCTGCCGCGCCTAGA-1,12129,14102,0.7495296968305837,-0.382839680963416,-0.4623159881044688,True,False,interface,0.02123900118493253
TTCTGCGAGCGCCCTT-1,8960,19980,1.134443606868117,1.0886261037566525,0.318663560695902,True,True,interface,0.15805488805886628
TTCTGCGGGTTAGCGG-1,10359,12851,-0.0890210973644355,-0.4032265245584062,-0.6909550831910883,False,False,other,0.0037255839673275694
TTCTGCTAGACTCCAA-1,8004,9901,0.4116137483249811,-0.1966666451432057,-0.6411783352606701,False,False,other,0.0033657660901942835
TTCTGTTTCCTGTCGC-1,6398,20539,0.5631002897109672,-0.4550982827462971,-0.291094479934618,True,False,tumor_core,0.014820900691049433
TTCTTAGTGAACGGTG-1,6011,18047,-0.0560017675647158,-0.1258928989017212,0.7895170096465616,False,False,other,0.013517011969091143
TTCTTAGTGGCTCAGA-1,5823,14989,-0.7176884333558321,-0.0363628698642919,1.0071290625584344,False,False,other,0.015263700156884925
TTCTTATCCGCTGGGT-1,12139,10479,0.2196147092485005,-0.0363628698642919,0.018156553491977,False,False,other,0.05258016196972326
TTCTTGAGCCGCGCTA-1,11726,17270,-0.5077546282141324,-0.162089006473014,-0.3776194671057802,False,False,other,0.05397892513913849
TTCTTGCTAGCATCTC-1,10369,9455,-0.1429973694181751,0.0698925985262634,-0.4101735195912019,False,False,other,0.011670664395527696
TTCTTGGACGATCTGC-1,12708,18292,0.0137061222297312,1.3647009022843692,1.471186740182113,False,True,immune_core,0.2793165419119799
TTCTTGGAGTAATGAG-1,6616,12954,0.4675771327235922,0.3904093784375362,0.8265907555586367,True,True,interface,0.06340210579011187
TTCTTGTAACCTAATG-1,6996,17936,-0.6505223062641868,0.487561193615757,0.7550721162531627,False,True,immune_core,0.03232589692906423
TTCTTGTGTCCATCAG-1,8366,20997,0.7992191367933035,0.045322882100105,0.3329381400806293,True,False,tumor_core,0.03783865918831983
TTCTTTGGTCGCGACG-1,7215,10125,0.3776160269227105,-0.5786251783914007,-0.2661485947321664,False,False,other,0.017819159739558842
TTGAACGAATCCTTTG-1,6204,19519,-0.1489210749915463,-0.3315713871011935,1.299991408936208,False,False,other,0.014453997693101293
TTGAACGACGTGCTGA-1,14302,11957,-1.005975480439835,1.6083925407151511,-0.8012395876038235,False,True,immune_core,0.15629483938029226
TTGAAGAATTCCCAGG-1,8774,16243,1.135713092923634,-0.4550982827462971,0.7587547658835595,True,False,tumor_core,0.034301847298184626
TTGAATATGGACTTTC-1,9176,13301,0.601925369611471,-0.0362252461285951,-0.3231132699453503,True,False,tumor_core,0.0196587829437908
TTGAATCGTTGTATAA-1,11913,20781,0.2411950317053357,0.8791945677391477,0.5897905151697734,False,True,interface,0.032700906245728995
TTGAATTCACGTGAGG-1,10168,10926,0.0787662933116488,-0.3734125307819002,-0.4991457134002076,False,False,other,0.0037405048348992803
TTGACAGGAGCTCCCG-1,11744,10704,0.2931938663980076,-0.2075786508661182,-0.2341484265515544,False,False,other,0.06284027927652609
TTGACATGAACGTGGA-1,11132,18288,0.7074165729775767,-0.1776270333539154,0.4470544765507288,True,False,other,0.11905341895574538
TTGACCAGGAACAACT-1,15087,12865,-0.006087482814724,-0.1467031166279399,-0.0242663945075417,False,False,other,0.01114333857859592
TTGACCATGTTCTCCG-1,7207,13069,-0.6160468933945461,-0.5786251783914007,0.2557043387551382,False,False,other,0.02601721821386314
TTGACCGTGTTAATGA-1,12315,18065,-0.6665052534338596,-0.0058511953764584,0.7864388290997895,False,False,other,0.029725444925189443
TTGACGATTCAGCACG-1,4243,16117,-0.2382041500809053,-0.3321723643037333,-0.3987669569371456,False,False,other,0.05624919135925301
TTGACGCTCCATGAGC-1,10563,10474,-0.6623669839841941,0.0289328460612849,-0.7904275657872766,False,False,other,0.0065645614808347505
TTGACTACCATATGGT-1,10938,17268,-1.074108232103837,-0.0064112523520891,0.5738891757157809,False,False,other,0.01592726381610189
TTGACTATTGTCCGGC-1,11549,10137,-0.0880245933563523,-0.4550982827462971,0.4980650674777774,False,False,other,0.02060959796075953
TTGAGAAGTTTAGCAT-1,13317,12067,-0.9525328078903909,-0.4550982827462971,-0.233975856960932,False,False,other,0.0024676170505119606
TTGAGAGTACTGCTAA-1,11134,17608,-0.4918784477328661,-0.5786251783914007,-0.8049220167445836,False,False,other,0.08151113411722886
TTGAGCAGCCCACGGT-1,11159,8778,-0.6603271815148142,-0.1776270333539154,-0.5957100487252562,False,False,interface,0.02263863351873632
TTGAGCGCCACGTGAT-1,9978,8548,-0.3886907016781267,-0.2796996289133026,-0.4911121600086069,False,False,other,0.01315024603559727
TTGAGTCCCGCTGCTG-1,10175,8435,-0.0699754806782512,0.1862520194060543,-0.3917433905439215,False,True,immune_core,0.015224917551405792
TTGATAGTCAATACAT-1,7810,8882,0.7622479420036301,0.20938093484714,0.0961678454173591,True,True,tumor_core,0.03761624657035609
TTGATCTAACTTTGTC-1,8182,16581,-0.4302555933262951,-0.0362252461285951,-0.3523406124034097,False,False,other,0.001997334210989197
TTGATGTGTAGTCCCG-1,7211,11710,-0.2880720306679888,0.0348289141260776,-0.6735204675877579,False,False,interface,0.07016264000861949
TTGATTAGCTGTTTCT-1,11921,18063,-0.8769572734188106,-0.3720652989762003,-0.7255441177147665,False,False,other,0.07232926555045079
TTGATTATGCAGATGA-1,7784,18165,0.4235969387306534,0.0967287996980243,0.3749924185134602,False,False,other,0.015410714185233008
TTGCACAATTCAGAAA-1,10943,15457,-0.9535391724248692,0.427993001817115,0.3542301328499401,False,True,immune_core,0.02973021835790411
TTGCACGGAGCAGCAC-1,6610,15218,-1.0281409956296528,-0.5786251783914007,0.3533507285116829,False,False,other,0.006427687998695365
TTGCATGCTGATCACG-1,10542,17946,-0.9385440908881818,-0.3937569079181471,-0.0399756051790518,False,False,other,0.034344341576984884
TTGCCAAGCAGAACCC-1,11158,9004,-0.7715770793870312,-0.5786251783914007,-0.7741082225634791,False,False,other,0.02729425054518926
TTGCCATAGCCCGCTC-1,13099,19199,-0.1042512949342146,1.137948211789205,-0.0067902159860925,False,True,immune_core,0.1119239434859174
TTGCCCTGATCACGGG-1,9557,18057,0.697511220019085,-0.2074410271304214,-0.7076096505580615,True,False,tumor_core,0.0018445755674521395
TTGCCGCTTTCTAGTA-1,14693,13090,-0.8844000562263885,0.1862520194060543,-0.1565090931307572,False,True,immune_core,0.0027213282027062466
TTGCCTTCTCGCCGGG-1,15883,10150,0.9056775656293062,1.5738610673664013,0.5383606447243026,True,True,interface,0.2932225516998582
TTGCGCTCTCTCGCTT-1,6789,21445,0.96463283078753,-0.4550982827462971,-0.3100255935402353,True,False,tumor_core,0.05772394643285339
TTGCGCTTGATCAATA-1,16079,10490,-0.3638022481226317,2.8693459321342156,0.3785031508053656,False,True,interface,1.4565282891955633
TTGCGGCATCAGAAAG-1,12909,16821,0.3568364024420477,0.5376172309856488,0.1164401145124409,False,True,interface,0.016944924725179313
TTGCGTAGTTTGAGGA-1,7385,19749,0.6954595535323351,-0.382839680963416,-0.0197869480644954,True,False,tumor_core,0.008227759095077397
TTGCGTCGGCCAACCG-1,12514,17273,-0.8844000562263885,0.3370473704272295,-0.0389717265554515,False,True,interface,0.15052123606670756
TTGCTCATAGTACGTG-1,15687,9809,0.9045266262398572,0.3389987409545235,-1.06198664704538,True,True,interface,0.02247730855485044
TTGCTCCCATACCGGA-1,6811,13747,-1.005975480439835,-0.160956583301907,-0.4386411675143273,False,False,other,0.005697511027137407
TTGCTGAAGGAACCAC-1,6215,15443,-0.7376223176079926,-0.2838825017444708,2.4848988975044115,False,False,other,0.007273354202547194
TTGCTGATCATGTTCG-1,8973,15451,0.3735586958405178,-0.4032265245584062,-0.9152592548203362,False,False,other,0.012034782348253071
TTGCTGCACCTATCCA-1,6794,19634,0.7062395832568933,-0.3321723643037333,-0.0687902692683059,True,False,tumor_core,0.00801946538724251
TTGGAAGAATACAGTC-1,12311,19197,-0.2994689570277261,-0.2593127853183124,0.5238963523726956,False,False,interface,0.02890716974082344
TTGGACATGTGGCTTA-1,10540,18626,-0.1825981955724328,1.28756094178951,0.5580019222432607,False,True,immune_core,0.12041449468548425
TTGGACCATCTGGCAA-1,12534,10027,0.1105694325854332,0.5330508380088614,0.0798118031744864,False,True,interface,0.14739818827513337
TTGGACCTATAACAGT-1,13513,12181,-0.1720542333662896,-0.2075786508661182,-0.3397197404169129,False,False,other,0.008747148153113482
TTGGATATCGTCTACG-1,11926,16026,0.445436012411835,-0.2485384033310967,-0.5516154075078677,False,False,interface,0.046950778640817814
TTGGATCGACTTCTGG-1,4443,15099,-0.8215491700418581,-0.4074093973895744,-0.7368956853078037,False,False,other,0.0010484398080145615
TTGGATTGGGTACCAC-1,5821,15669,-1.064454768942868,0.5539243660320604,1.523941016350289,False,True,immune_core,0.027841277179189522
TTGGCCATCTTGCGCT-1,5810,19518,0.9787115478141492,0.1109188396128529,0.0690216255310954,True,False,tumor_core,0.065623516111314
TTGGCCTAGAATTTCG-1,5632,12611,-0.805827159147063,-0.4032265245584062,-0.5829186152954378,False,False,other,0.006803095923265886
TTGGCGATCCGAATAT-1,9388,8207,-0.2940154066891043,-0.0063170359664301,-0.1919919566254261,False,False,other,0.08040266599837746
TTGGCTCAATATGTGT-1,15295,9129,0.4320345662305485,-0.0948313584400489,-0.0341936573341053,False,False,interface,0.007063553455278914
TTGGCTCGCATGAGAC-1,6997,17710,-0.9441324728224147,0.439658382867457,0.7816690396437433,False,True,immune_core,0.11017604592236523
TTGGGACACTGCCCGC-1,7992,13977,1.0644544769260722,-0.5786251783914007,-0.3508129886763153,True,False,tumor_core,0.003838326096903063
TTGGGACGTAAGAGTT-1,12536,9574,0.0616555792114379,-0.3311055465112218,-0.6456417243303878,False,False,interface,0.0058481954701336235
TTGGGCGGCGGTTGCC-1,8388,13298,-0.7372938836761052,-0.1837276903267166,-0.3768634363466381,False,False,other,0.021414387992424372
TTGGTATGGCTTGTGT-1,8992,8658,0.1789698863109202,0.7552485224675302,0.0920186971517133,False,True,interface,0.0902744283261553
TTGGTCACACTCGTAA-1,11925,16478,0.2413545022724567,-0.0846527324235544,0.1359474728399304,False,False,interface,0.12850876824559682
TTGGTTCGCTCAAAGG-1,10177,7756,-0.9006083365056702,-0.0786698541349702,0.175355633522384,False,False,other,0.00740801702781226
TTGGTTGCGGTGCGCG-1,12902,19312,-0.6651704549674937,0.6938837641747272,0.8282400931605366,False,True,immune_core,0.09560829329740533
TTGTAAGGACCTAAGT-1,11526,18289,-0.2938813621817032,-0.0575853298286526,-0.378537610171437,False,False,other,0.058233232084311144
TTGTAAGGCCAGTTGG-1,7799,12731,-0.5970377033034914,-0.3720652989762003,0.266917471959393,False,False,other,0.006477538169983285
TTGTAATCCGTACTCG-1,9366,15679,-0.113485168705479,-0.382839680963416,0.2745281552016199,False,False,interface,0.19140360478813764
TTGTACACCTCGAACA-1,12501,21801,-0.5382572293971345,1.373054459625882,1.3108253840684454,False,True,immune_core,0.013302571083742
TTGTCGTTCAGTTACC-1,6807,15332,-0.8814157437162576,-0.382839680963416,-0.3366660068111883,False,False,other,0.0011984140568521522
TTGTGAACCTAATCCG-1,13514,11728,0.1552409979410969,0.1312971723743275,-0.0226678724728132,False,False,other,0.005853101082418978
TTGTGAGGCATGACGC-1,10929,20438,-0.2915688573592244,4.124858212169439,0.3462342131421125,False,True,interface,2.3478724136023095
TTGTGCAGCCACGTCA-1,14297,13542,-0.4968655522328487,-0.2080444914560899,0.6535375011316333,False,False,other,0.0011209756767641948
TTGTGGCCCTGACAGT-1,6019,15103,-0.8635734147070948,-0.5786251783914007,2.567252582815623,False,False,other,0.002269292937120803
TTGTGGTAGGAGGGAT-1,12313,18744,-0.5238777188564931,3.3773699441360523,0.5767578590103366,False,True,interface,0.16131175952924362
TTGTGGTGGTACTAAG-1,14895,11166,0.4403000000632784,0.2339081848145552,-0.1137085791005495,False,True,interface,0.027642138282916024
TTGTGTATGCCACCAA-1,13505,15124,1.0761762877205563,-0.4550982827462971,-0.3978510120253354,True,False,interface,0.07180094819991638
TTGTGTTTCCCGAAAG-1,12520,15235,0.8658330792858521,0.1061984163382833,0.8764068158492275,True,False,interface,0.04677095263197845
TTGTTAGCAAATTCGA-1,6801,17143,-0.9895325899186292,0.2649593400674914,0.4053143645141882,False,True,immune_core,0.13861946027597116
TTGTTCAGTGTGCTAC-1,7202,14654,-1.2267907189277687,-0.0292542969695527,-0.243453767578119,False,False,other,0.00491412177810889
TTGTTCTAGATACGCT-1,6592,21558,0.0251257127202909,-0.3734125307819002,0.3358822852025836,False,False,interface,0.00832285801894437
TTGTTGTGTGTCAAGA-1,8586,13186,-0.1108433268237088,-0.4074093973895744,0.0668489014959986,False,False,other,0.0030786156955229273
TTGTTTCACATCCAGG-1,13893,17163,-0.5126282183346225,2.0897542904991844,0.1690140585043698,False,True,immune_core,0.2192798821520104
TTGTTTCATTAGTCTA-1,14283,18523,-0.4080429571989767,1.4564854049349745,-0.2654368114467848,False,True,interface,0.12045613228267289
TTGTTTCCATACAACT-1,11327,18854,-0.2631167178575661,2.0401115025250736,0.2300409668452145,False,True,immune_core,0.04465181948461506
