spot,x,y,tumor_score,immune_score,stroma_score,is_tumor,is_immune,region,coexact_energy,exhaustion_score,state
AAACACCAATAACTGC-1,14841,15723,0.7873013256939829,0.2205317105553692,0.2124060381740415,True,True,interface,0.1130732059279066,0.1102658552776846,TUMOR
AAACAGCTTTCAGAAG-1,11688,16865,0.5379017868578784,-0.364380633766274,-0.7570493503470149,False,False,interface,0.0061537627115426,-0.182190316883137,MIXED
AAACAGGGTCTATATT-1,12476,16409,0.394431796997254,-0.0840655373844583,-0.4958902856274955,False,False,interface,0.0051164111889517,-0.04203276869222915,MIXED
AAACCGGGTAGGTACC-1,11486,14711,0.5548606560273243,-0.1971157587802638,-0.1142140717418786,False,False,interface,0.0077258946945605,-0.0985578793901319,MIXED
AAACCGTTCGTCCAGG-1,13454,13119,0.3793977053682405,-0.364380633766274,-0.4564320890904899,False,False,other,0.0225845632120542,-0.182190316883137,MIXED
AAACCTCATGAAGTTG-1,10502,15734,0.2972938427868338,-0.1971157587802638,0.2407595963117979,False,False,other,0.003314113184887,-0.0985578793901319,MIXED
AAACGAAGAACATACC-1,4374,10648,-0.3083463466198822,-0.0298508837942535,0.4437765628591389,False,False,other,0.0121837867965398,-0.01492544189712675,MIXED
AAACGGTTGCGAACTG-1,16408,11185,-0.1031899654960946,0.053266835569359,-0.2367879611918506,False,False,other,0.0038455824776286,0.0266334177846795,MIXED
AAACTCGGTTCGCAAT-1,16208,9938,-0.8752756507885476,-0.364380633766274,-1.0872885884270571,False,False,other,4.125541397988223e-06,-0.182190316883137,MIXED
AAACTGCTGGCTCCAA-1,12066,10288,-0.4562412387942869,-0.364380633766274,-0.2056166125055532,False,False,other,0.0002935541811688,-0.182190316883137,MIXED
AAACTTGCAAACGTAT-1,12080,15730,-0.6193464583335758,1.267113281185215,0.6453043730536373,False,True,interface,0.4639788125084576,0.6335566405926075,IMMUNE_EXHAUSTED
AAAGACCCAAGTCGCG-1,5168,12459,1.2168390299689662,0.3314309683452731,-0.1711900770864482,True,True,interface,0.0459051991786898,0.16571548417263654,MIXED
AAAGACTGGGCGCTTT-1,8925,16191,-0.6571896276885255,-0.0992720792256356,0.3794417876230374,False,False,interface,0.2387671523984269,-0.0496360396128178,MIXED
AAAGGCCCTATAATAC-1,16221,15380,-0.7591781822645406,0.053266835569359,-0.5385244262788988,False,False,other,0.0019841294972725,0.0266334177846795,MIXED
AAAGGCTACGGACCAT-1,15423,11754,-0.7591781822645406,0.3440458860755854,-0.3645512918827462,False,True,immune_core,0.0035234162649385,0.1720229430377927,MIXED
AAAGGCTCTCGCGCCG-1,14042,11644,-0.8752756507885476,-0.364380633766274,-1.1085100992104997,False,False,other,0.0002274125690857,-0.182190316883137,MIXED
AAAGGGATGTAGCAAG-1,7925,10866,0.2546858472020136,0.9865881434034972,0.9829325120504032,False,True,interface,0.4659004101114372,0.4932940717017486,IMMUNE_EXHAUSTED
AAAGGGCAGCTTGAAT-1,7935,14947,-0.5482796151195712,0.2183807469494675,-0.1968297925493561,False,True,immune_core,0.0174459416504011,0.10919037347473375,MIXED
AAAGTAGCATTGCTCA-1,13261,14820,-0.2561144890441996,0.7343288121338853,4.78374048448268,False,True,interface,0.044416174542878,0.3671644060669427,IMMUNE_ACTIVE
AAAGTCACTGATGTAA-1,5167,12006,0.5789362367744612,0.3982605396657903,0.7949568669595307,False,True,interface,0.0157519104442999,0.19913026983289514,STROMA
AAAGTCGACCCTCAGT-1,10503,16187,-0.289726053544115,-0.0992720792256356,-0.0994988305711087,False,False,interface,0.0102668435988645,-0.0496360396128178,MIXED
AAATACCTATAAGCAT-1,12460,10061,-0.8752756507885476,-0.1971157587802638,-0.3734595568095834,False,False,other,0.0001124789284086,-0.0985578793901319,MIXED
AAATAGGGTGCTATTG-1,13641,8924,-0.8752756507885476,-0.364380633766274,-0.75874569370616,False,False,other,0.0001398505277636,-0.182190316883137,MIXED
AAATCGTGTACCACAA-1,11872,11536,-0.6324508142831123,0.4986958433312834,-0.0395338831479032,False,True,immune_core,0.0536582919486667,0.2493479216656417,MIXED
AAATGCTCGTTACGTT-1,6358,15177,-0.3341883618820137,0.6368678982891596,0.6579345684115595,False,True,interface,0.1264077165767455,0.3184339491445798,IMMUNE_ACTIVE
AAATGGCATGTCTTGT-1,5754,10077,-0.1926953414642382,-0.0992720792256356,0.8292673901711619,False,False,other,0.003459024842976,-0.0496360396128178,STROMA
AAATGGCCCGTGCCCT-1,12869,15955,0.8112275763688129,-0.046066518083886,-0.2682220362708304,True,False,interface,0.0228693658969778,-0.023033259041943,TUMOR
AAATGGTCAATGTGCC-1,9704,12108,0.4389346303402456,0.1300945060942085,1.42064174698065,False,False,interface,0.0121657243713015,0.06504725304710425,STROMA
AAATGTGGGTGCTCCT-1,3588,11783,0.1553418689174008,0.2811437467905863,0.3569007068318009,False,True,interface,0.0681877077889232,0.14057187339529315,MIXED
AAATTAACGGGTAGCT-1,9899,11314,0.741623967431155,0.4887651158828222,0.4461458073957445,True,True,interface,0.0153946932697107,0.2443825579414111,MIXED
AAATTGATAGTCCTTT-1,14049,14365,0.482865889003929,-0.0840655373844583,-0.3891720129315371,False,False,interface,0.0079045155190997,-0.04203276869222915,MIXED
AAATTTGCGGGTGTGG-1,12470,14142,-0.449544992755815,-0.0992720792256356,1.0547487707563803,False,False,other,0.001030942991724,-0.0496360396128178,STROMA
AACAACTGGTAGTTGC-1,8720,13131,1.050049397765301,0.3694299876458453,-0.6680242505883773,True,True,tumor_core,0.0144041480725126,0.18471499382292264,MIXED
AACAATACATTGTCGA-1,15231,13682,-0.8752756507885476,-0.364380633766274,-0.6528166544629078,False,False,other,0.0005481580071381,-0.182190316883137,MIXED
AACAATTACTCTACGC-1,8922,15058,0.0731514996989994,-0.364380633766274,-0.0007699995182391,False,False,other,0.0101579238323308,-0.182190316883137,MIXED
AACACGACTGTACTGA-1,4966,10533,-0.7623323599633464,-0.0992720792256356,-0.0830453698585996,False,False,other,0.0076700116906313,-0.0496360396128178,MIXED
AACACGAGACGCGGCC-1,12079,15503,-0.1342444564985285,0.1300945060942085,0.997761825188659,False,False,interface,0.077484679920215,0.06504725304710425,STROMA
AACAGCTGTGTGGCAA-1,14838,14363,-0.1774183086083143,-0.364380633766274,-0.3413315390387223,False,False,other,0.00353641157114,-0.182190316883137,MIXED
AACAGGAAATCGAATA-1,6149,10303,0.5322879833023577,-0.1971157587802638,0.8641496443911308,False,False,interface,0.1988478679894109,-0.0985578793901319,STROMA
AACAGGATGGGCCGCG-1,8920,14377,0.430436808296417,-0.1971157587802638,-0.0906979905470267,False,False,interface,0.0348494328243642,-0.0985578793901319,MIXED
AACATTGTGACTCGAG-1,15819,11980,-0.6694182713496748,-0.364380633766274,-0.6802322479868642,False,False,other,0.0473809984557569,-0.182190316883137,MIXED
AACCAAGACTTCTCTG-1,10303,15168,0.4594357658596903,0.23099566467978,-0.016067018994197,False,True,immune_core,0.0226160404830598,0.11549783233989,MIXED
AACCATGGGATCGCTA-1,5962,14498,0.0292952944985012,0.6486896685202714,0.6022644461353884,False,True,interface,0.0359196174271025,0.3243448342601357,IMMUNE_ACTIVE
AACCCAGAGACGGAGA-1,6157,13477,0.4979324918202903,-0.0992720792256356,0.6012288712741631,False,False,interface,0.0426594755575587,-0.0496360396128178,STROMA
AACCCATCCCATGATC-1,14251,16292,0.4355298945691636,0.1211983569021241,0.843795645830488,False,False,other,0.0201594713269766,0.06059917845106205,STROMA
AACCCGACAACCCGTG-1,16413,12999,-0.8752756507885476,-0.1971157587802638,-0.7388452384988305,False,False,other,0.0014950569857631,-0.0985578793901319,MIXED
AACCCTGGTGGAACCA-1,4767,9966,1.2701537165443937,-0.364380633766274,-0.2672251242104142,True,False,interface,0.0751233656497121,-0.182190316883137,TUMOR
AACCGAGCTTGGTCAT-1,7923,9959,1.3447750499896274,-0.0371703688918016,0.0443810731203565,True,False,interface,0.0840870510085004,-0.0185851844459008,TUMOR
AACCGTTGTGTTTGCT-1,5558,10645,-0.7591781822645406,0.3909410545682422,0.3794881518084491,False,True,interface,0.0877861214880637,0.1954705272841211,MIXED
AACCTTTAAATACGGT-1,13841,10171,-0.8752756507885476,-0.364380633766274,-0.2420431531544742,False,False,other,0.0001254194823639,-0.182190316883137,MIXED
AACGAAAGTCGTCCCA-1,14647,16971,-0.4732063790049996,0.3288393442344081,0.5179203108408538,False,True,immune_core,0.0087666167882634,0.16441967211720404,MIXED
AACGATAATGCCGTAG-1,13643,9604,-0.8752756507885476,-0.1971157587802638,-0.4608468706926119,False,False,other,5.293010669391783e-05,-0.0985578793901319,MIXED
AACGATAGAAGGGCCG-1,6153,11890,1.7989259446361048,-0.0992720792256356,-0.1731507684241783,True,False,tumor_core,0.0303897678500537,-0.0496360396128178,TUMOR
AACGCGACCTTGGGCG-1,16410,11865,-0.1031899654960946,-0.364380633766274,-0.7747867270777424,False,False,other,0.0200104807302225,-0.182190316883137,MIXED
AACGCGGTCTCCAGCC-1,7727,10526,0.4746001790382047,0.0799082823849405,0.4660803408647319,False,False,interface,0.0078551818255264,0.03995414119247025,MIXED
AACGGCCATCTCCGGT-1,12469,13462,-0.4562412387942869,0.0799082823849405,0.6314735159415328,False,False,other,0.0054021463452293,0.03995414119247025,STROMA
AACGTACTGTGGGTAC-1,12665,13121,-0.2836384680393636,-0.364380633766274,0.1747833701645483,False,False,other,0.0024615525971331,-0.182190316883137,MIXED
AACGTCAGACTAGTGG-1,7932,13360,0.3930161173459869,-0.1971157587802638,0.3954203591952992,False,False,interface,0.018651069237482,-0.0985578793901319,MIXED
AACGTGCGAAAGTCTC-1,10289,9499,-0.8752756507885476,-0.0840655373844583,-0.2314635304238797,False,False,other,0.005696875371622,-0.04203276869222915,MIXED
AACTAGCGTATCGCAC-1,3984,12462,0.1481761927222247,-0.364380633766274,-0.2783118793592499,False,False,other,0.0220791756231874,-0.182190316883137,MIXED
AACTAGGCTTGGGTGT-1,14041,10964,-0.5713537124761092,-0.364380633766274,-0.2227922507663449,False,False,other,0.0017357185440106,-0.182190316883137,MIXED
AACTCAAGTTAATTGC-1,10692,12899,-0.0573261447095446,1.3279162957353612,0.4511729844467472,False,True,interface,0.2041948534948855,0.6639581478676806,IMMUNE_EXHAUSTED
AACTCGATGGCGCAGT-1,5371,14840,0.4557524576417893,-0.0416726540253654,-1.0376902665501286,False,False,interface,0.0277983188670996,-0.0208363270126827,MIXED
AACTCTCAGTGTGCTC-1,13652,13232,1.3187323789034593,-0.364380633766274,-0.4761371143434813,True,False,tumor_core,0.0180165142581293,-0.182190316883137,TUMOR
AACTGATATTAGGCCT-1,6346,10416,1.5722495327373562,-0.364380633766274,0.1070845011972045,True,False,interface,0.2086464946227138,-0.182190316883137,TUMOR
AACTGGGTCCCGACGT-1,7135,10414,-0.3403447847019396,-0.364380633766274,0.3190225756899936,False,False,other,0.0069144908164233,-0.182190316883137,MIXED
AACTGGTGTGGGCCTT-1,4576,12348,1.7121277916210969,0.23099566467978,-0.0527749835441525,True,True,interface,0.6718105496350045,0.11549783233989,TUMOR
AACTTCTGCGTCTATC-1,6754,15857,0.4146656340610747,1.823754727103456,1.4486448172549196,False,True,interface,0.4588383967270772,0.911877363551728,IMMUNE_EXHAUSTED
AACTTGCCCGTATGCA-1,8921,14831,-0.1132721937776926,-0.364380633766274,-0.3177911877219852,False,False,interface,0.0250202742323101,-0.182190316883137,MIXED
AACTTGCGTTCTCGCG-1,5965,15632,0.0887671114545251,0.9066831072076696,0.5416017711124013,False,True,interface,0.2202463133292312,0.4533415536038348,IMMUNE_EXHAUSTED
AACTTTAGCTGCTGAG-1,4181,12349,0.1607598783904774,-0.364380633766274,-0.1386675171084911,False,False,interface,0.0992421582293711,-0.182190316883137,MIXED
AAGAAGGATCAGTTAG-1,5766,15065,0.6711840605947257,-0.0416726540253654,0.1771987801490581,True,False,interface,0.0199432986212191,-0.0208363270126827,TUMOR
AAGACCCAACTGAACA-1,15029,11755,-0.8752756507885476,-0.1971157587802638,0.3886591486762074,False,False,other,9.376511202854036e-05,-0.0985578793901319,MIXED
AAGACTGCAAGCTACT-1,10291,10179,-0.0686303343087882,-0.364380633766274,0.5144803542483019,False,False,other,0.0051614420953965,-0.182190316883137,MIXED
AAGAGATGAATCGGTA-1,8527,14832,-0.4164534215255434,0.0511158719634572,-1.2145316633717074,False,False,other,0.0171546407404023,0.0255579359817286,MIXED
AAGAGCTCTTTATCGG-1,10091,9160,-0.7701329185137268,-0.364380633766274,-0.79908439558951,False,False,other,0.0011924622138948,-0.182190316883137,MIXED
AAGAGGATGTACGCGA-1,10894,14599,-0.3712178244289844,-0.364380633766274,0.0360486177034586,False,False,other,0.0282631669705409,-0.182190316883137,MIXED
AAGATGGCACCGGACC-1,14836,13456,-0.7623323599633464,-0.364380633766274,-0.6317744801145562,False,False,other,0.0002574340352552,-0.182190316883137,MIXED
AAGCACCCTGCGTATC-1,14826,9601,-0.8752756507885476,-0.1971157587802638,-0.3490490644942212,False,False,other,0.0001019623326891,-0.0985578793901319,MIXED
AAGCATACTCTCCTGA-1,13644,10058,-0.8752756507885476,-0.364380633766274,-0.3376927981793967,False,False,other,4.821999358773748e-05,-0.182190316883137,MIXED
AAGCCGCCGTGAAATC-1,16024,15267,-0.6193464583335758,-0.1971157587802638,0.030934747637302,False,False,other,0.0004490323630375,-0.0985578793901319,MIXED
AAGCGTCCCTCATCGA-1,14442,13910,0.2362511191608988,-0.364380633766274,-0.4631858347539823,False,False,other,0.0090441983261882,-0.182190316883137,MIXED
AAGCTAGATCGAGTAA-1,13052,10173,-0.7701329185137268,-0.364380633766274,-0.903659576738084,False,False,other,5.152659543312333e-05,-0.182190316883137,MIXED
AAGCTCGTGCCAAGTC-1,10092,9613,-0.5882919673311419,0.1300945060942085,0.1449798255323272,False,False,other,0.0082382272000119,0.06504725304710425,MIXED
AAGGAGAACTTATAAG-1,3784,11443,0.0912641746635363,0.6562899116920833,0.2970599628475665,False,True,interface,0.0618495549238216,0.32814495584604164,IMMUNE_ACTIVE
AAGGAGCGGTTGGTGC-1,8718,12451,1.0965795917738608,-0.0371703688918016,0.0453258573099007,True,False,interface,0.054202748564359,-0.0185851844459008,TUMOR
AAGGCGCGTAAAGCTT-1,7932,13586,-0.0607542059977831,-0.1971157587802638,0.5738717597290653,False,False,interface,0.0125978629687958,-0.0985578793901319,MIXED
AAGGCTGTGCTCATCG-1,9113,12676,0.8208134434453161,0.7959736061735626,-0.1959405832633292,True,True,interface,0.0080023279694633,0.3979868030867813,IMMUNE_ACTIVE
AAGGGAACGACTGGCT-1,15630,15495,-0.6540354499897197,-0.364380633766274,-1.230931260889703,False,False,other,0.0013559550823433,-0.182190316883137,MIXED
AAGGGACTATGCATTC-1,15037,14929,-0.483149235056321,-0.364380633766274,-0.2658649417363701,False,False,other,0.0129095838579927,-0.182190316883137,MIXED
AAGTAGAAGACCGGGT-1,6943,12568,0.8777322867477585,0.0831993376015518,-1.0713240010914844,True,False,interface,0.0208648362728472,0.0415996688007759,TUMOR
AAGTAGTGACGCGAGG-1,9709,14375,0.6458318009865677,0.0511158719634572,0.1580356170517017,True,False,interface,0.0034746657191499,0.0255579359817286,TUMOR
AAGTGACGACCGAATT-1,11289,15052,0.282620772639111,-0.364380633766274,-0.5471009094233935,False,False,interface,0.0129572228781666,-0.182190316883137,MIXED
AAGTGAGTCGGGTTTA-1,15425,12434,-0.7623323599633464,-0.364380633766274,-0.6428851279404414,False,False,other,0.0021158841403075,-0.182190316883137,MIXED
AAGTGCGTTAGAATCT-1,12867,14821,0.8014441769473194,-0.0298508837942535,0.9439675612778504,True,False,interface,0.0599459440989995,-0.01492544189712675,TUMOR
AAGTGTTTGGAGACGG-1,13444,8811,-0.8752756507885476,-0.1971157587802638,-0.7360071759986633,False,False,other,9.064863657039837e-05,-0.0985578793901319,MIXED
AAGTTCGGCCAACAGG-1,12273,14029,-0.4386743556684793,-0.0992720792256356,0.1463503410001547,False,False,other,0.0023033271250719,-0.0496360396128178,MIXED
AAGTTTACTAATGGCA-1,4178,10988,0.5855853371509919,-0.1971157587802638,-0.0752726804554987,True,False,interface,0.0110305398165775,-0.0985578793901319,MIXED
AAGTTTATGGGCCCAA-1,16603,9937,-0.8752756507885476,-0.364380633766274,-1.0258383804111586,False,False,other,3.2156402381730995e-06,-0.182190316883137,MIXED
AATAACAACGCTCGGC-1,10301,14487,-0.6462348914393393,-0.364380633766274,-0.0229890962542355,False,False,interface,0.104091231897414,-0.182190316883137,MIXED
AATAACACTAGAACAA-1,13455,13573,0.7315214019554711,-0.364380633766274,0.751447375212777,True,False,interface,0.0126179565107592,-0.182190316883137,TUMOR
AATAAGTCCTCGAGAC-1,4175,9854,-0.6271470168839564,-0.1971157587802638,-0.6302412855847871,False,False,other,0.0064837093960615,-0.0985578793901319,MIXED
AATACAATGTTTCAGG-1,7740,15741,0.6440168045511124,-0.046066518083886,-0.3639157530906102,True,False,interface,0.1268013578459723,-0.023033259041943,TUMOR
AATACCGGAGGGCTGT-1,16414,13679,-0.8752756507885476,-0.364380633766274,-0.2113318499024416,False,False,other,0.0005188904777919,-0.182190316883137,MIXED
AATAGAACAGAGTGGC-1,13453,12666,-0.4795876035603842,-0.364380633766274,-0.1924115878698908,False,False,other,0.0021188871544987,-0.182190316883137,MIXED
AATAGTCCGTCCCGAC-1,14436,11416,-0.7591781822645406,-0.364380633766274,-0.5642156963022482,False,False,other,0.0003687054040051,-0.182190316883137,MIXED
AATATTGGAGTATTGA-1,10304,15394,-0.2517507815603821,-0.364380633766274,-0.1517790632491125,False,False,other,0.0016883689943704,-0.182190316883137,MIXED
AATCAGGTTTCATTTA-1,16810,14131,-0.0770127396461253,-0.364380633766274,-0.4582209573675906,False,False,other,0.0003507570178967,-0.182190316883137,MIXED
AATCCAAGGGCCTGAG-1,5760,12571,0.0787231640359571,-0.0371703688918016,0.0814280462142722,False,False,interface,0.0326104545726387,-0.0185851844459008,MIXED
AATCGGGACACTACGA-1,4770,11100,0.3086651954241153,0.4059073173424605,-0.0028536893387014,False,True,interface,0.0189177507288759,0.20295365867123025,MIXED
AATCTAGGTTTACTTG-1,13461,16067,-0.2517507815603821,0.0511158719634572,0.166033190356316,False,False,other,0.0493627904399371,0.0255579359817286,MIXED
AATCTCTACTGTGGTT-1,10702,16754,-0.0312709070803287,-0.364380633766274,-0.0021629894718548,False,False,other,0.0055299225420886,-0.182190316883137,MIXED
AATCTGGCTTTCTAGT-1,13265,16181,-0.0628316569765421,-0.364380633766274,-1.0169037659491085,False,False,other,0.0306013080603852,-0.182190316883137,MIXED
AATGACAGCAATGTCT-1,12669,14482,-0.5187668128933234,0.0679927957603745,0.3416269021496289,False,False,other,0.0124534331824024,0.03399639788018725,MIXED
AATGACGTAGGATGTC-1,11866,9042,-0.8752756507885476,-0.1971157587802638,-1.111866964447081,False,False,other,0.0001650455405513,-0.0985578793901319,MIXED
AATGACTGTCAGCCGG-1,7732,12566,1.2473472107788293,0.0511158719634572,-0.8581228291451899,True,False,interface,0.0254697081670627,0.0255579359817286,TUMOR
AATGAGTTCGCATATG-1,6162,15518,1.1013395635463588,0.1300945060942085,0.3297643837781335,True,False,interface,0.1420683062429882,0.06504725304710425,TUMOR
AATGCAACCGGGTACC-1,8124,11205,-0.4513322482496527,0.1300945060942085,0.9079453436422504,False,False,interface,0.0265849775249689,0.06504725304710425,STROMA
AATGGTCCACCGTTCA-1,9122,16077,0.8254132349398223,-0.0840655373844583,-0.1463479309359155,True,False,interface,0.20804243743877,-0.04203276869222915,TUMOR
AATGGTTCTCACAAGC-1,6947,13929,-0.1905668398751407,0.8926975379278113,0.4285450699294738,False,True,immune_core,0.0420274101403528,0.44634876896390563,IMMUNE_EXHAUSTED
AATGTGCCCGAGGTGT-1,14050,14818,0.1920769790859708,0.8307276855858929,0.3907626016199029,False,True,interface,0.2177472063196399,0.41536384279294647,IMMUNE_EXHAUSTED
AATGTGCTAATCTGAG-1,16219,14246,-0.7701329185137268,-0.364380633766274,-0.1536002669971702,False,False,other,0.0003905713684698,-0.182190316883137,MIXED
AATTAAAGGTCGGCGT-1,11085,12218,0.4603633248092023,0.0637307896937697,0.4901335973944331,False,False,interface,0.0172049002641674,0.03186539484688485,MIXED
AATTAACGGATTTCCA-1,14631,10396,-0.7701329185137268,0.8280570718116573,0.166664152040953,False,True,immune_core,0.0044614396936209,0.41402853590582867,IMMUNE_EXHAUSTED
AATTAGCGCTGCAGCG-1,13251,10739,-0.8752756507885476,-0.364380633766274,-0.16983621899177,False,False,other,0.0002356745695328,-0.182190316883137,MIXED
AATTCATTGTCATGCA-1,15633,16855,-0.7701329185137268,-0.1971157587802638,-0.4139072557535463,False,False,other,0.0041743062172428,-0.0985578793901319,MIXED
AATTCCAAGCATGTAC-1,16211,11299,-0.4403775120004666,-0.364380633766274,-0.2578678640226967,False,False,other,0.0271692541796986,-0.182190316883137,MIXED
AATTCTAGAGTTAGGC-1,12857,10740,-0.7623323599633464,-0.364380633766274,-0.1001814794733334,False,False,other,6.031143588472619e-05,-0.182190316883137,MIXED
AATTTGGTTCCAAAGA-1,5360,10305,-0.5956850720843913,0.4104096024760243,0.321388515398221,False,True,immune_core,0.0121224514323622,0.20520480123801216,MIXED
ACAACAGCATGAGCTA-1,9501,9728,-0.7623323599633464,-0.0298508837942535,0.4497960596169577,False,False,other,0.0041624480936882,-0.01492544189712675,MIXED
ACAACGGTCCCTGCGA-1,7540,14494,-0.3024747299913098,-0.046066518083886,-0.276705561668512,False,False,other,0.0505311904115206,-0.023033259041943,MIXED
ACAAGCAGTGCCTAGC-1,9119,14944,0.6953683447079172,-0.0371703688918016,-0.3328807140928926,True,False,other,0.0068950160098342,-0.0185851844459008,TUMOR
ACAAGGAAATCCGCCC-1,12853,9380,-0.8752756507885476,-0.364380633766274,-0.5084684282917445,False,False,other,0.0001181213105621,-0.182190316883137,MIXED
ACAAGGACAAGAGGTT-1,8919,13697,0.7121894412056734,0.5965395228859115,0.609080602006851,True,True,interface,0.0188612012986018,0.29826976144295575,STROMA
ACAAGGGCAGGCTCTG-1,11867,9269,-0.5713537124761092,-0.364380633766274,-0.4002172870509444,False,False,other,0.0001511013932536,-0.182190316883137,MIXED
ACAATAGTCGTACGTT-1,11488,15618,-0.3066643083991477,0.0831993376015518,-0.1209891897048758,False,False,other,0.0021435237267889,0.0415996688007759,MIXED
ACAATCCATTTAAACC-1,10301,14261,0.6158874386666283,1.047018245737585,1.1048201478626285,True,True,interface,0.1275650475430728,0.5235091228687925,IMMUNE_EXHAUSTED
ACAATCGATCTTTATA-1,3586,10876,0.8336797679372561,0.996889751729994,0.2843508853841616,True,True,interface,0.0962383710351815,0.498444875864997,IMMUNE_EXHAUSTED
ACAATGAATACGGAGA-1,14444,14364,-0.4795876035603842,-0.364380633766274,-0.7269107048344606,False,False,other,0.0167152855160327,-0.182190316883137,MIXED
ACACAAAGACGGGTGG-1,7927,11546,-0.6462348914393393,0.6018153372786277,1.298447838931415,False,True,interface,0.1027418932377395,0.30090766863931384,IMMUNE_ACTIVE
ACACACTTTCTACACG-1,5952,10644,0.7641219731182878,-0.0992720792256356,0.4676631173226089,True,False,interface,0.0914195782326437,-0.0496360396128178,TUMOR
ACACATGATCAAATCT-1,15040,16063,-0.0937768654251784,-0.364380633766274,-0.7156839391879396,False,False,other,0.0242537396779766,-0.182190316883137,MIXED
ACACCCAGCATGCAGC-1,7929,12226,-0.4061269089663483,-0.0992720792256356,0.7651822536063924,False,False,interface,0.0580887576036078,-0.0496360396128178,STROMA
ACACCCGAGAAATCCG-1,6946,13475,0.962678465863935,0.8333552810412093,0.2267264071621113,True,True,interface,0.0490453767078486,0.41667764052060463,IMMUNE_EXHAUSTED
ACACCTTAAGTAGGGC-1,8128,13019,0.2943917004978272,0.0637307896937697,0.630590507616213,False,False,interface,0.0348170558183626,0.03186539484688485,STROMA
ACACGAGACTCCTTCT-1,9304,9842,-0.6161922806347702,-0.1971157587802638,-0.1074575506359772,False,False,other,0.0170113936202568,-0.0985578793901319,MIXED
ACACGGCACTATGCAT-1,4570,9853,1.3458337252699943,-0.0840655373844583,-0.0044936260541526,True,False,interface,0.0221052810983647,-0.04203276869222915,TUMOR
ACACGGGAACTTAGGG-1,8515,9844,0.7847317778206604,0.6368678982891596,2.707393625637895,True,True,interface,0.1624615753211208,0.3184339491445798,IMMUNE_ACTIVE
ACACTCCAATGTCACT-1,6557,15970,0.6485817333673246,1.1510081072163127,0.9024148513703336,True,True,interface,0.1073178213847837,0.5755040536081564,IMMUNE_EXHAUSTED
ACACTGATCAAGGTGT-1,13453,12439,-0.2036500777134244,-0.1971157587802638,-0.1582926147477095,False,False,other,0.0010639603143195,-0.0985578793901319,MIXED
ACAGAACTGAGAACAA-1,13459,15160,2.1737045990561468,1.1624402355939292,1.6268992970569804,True,True,interface,2.325410511222301,0.5812201177969646,IMMUNE_EXHAUSTED
ACAGATTAGGTTAGTG-1,4573,11441,0.4781207046938943,0.9051003049080816,-0.6344343029946119,False,True,interface,0.1376652693953078,0.4525501524540408,IMMUNE_EXHAUSTED
ACAGCATAGAGCCAGT-1,5165,11326,-0.2991203772232578,-0.0298508837942535,1.229509303874434,False,False,interface,0.0030935591121354,-0.01492544189712675,STROMA
ACAGGTGGAGGTGAGG-1,13258,13460,-0.0233861675933692,0.2205317105553692,-0.0060953175933734,False,True,other,0.0369274502817773,0.1102658552776846,MIXED
ACAGTAATACAACTTG-1,12278,16296,0.3218294852808437,-0.0840655373844583,-0.2441565687192468,False,False,other,0.0104478233838057,-0.04203276869222915,MIXED
ACATAAGTCGTGGTGA-1,14844,16857,-0.2851629667095466,0.4813782590294028,0.014876019580735,False,True,interface,0.0192184940951653,0.2406891295147014,MIXED
ACATAATAAGGCGGTG-1,7333,10754,-0.2886089560731472,0.2279381856488367,1.1046791577820314,False,True,interface,0.1719483778230507,0.11396909282441835,STROMA
ACATCAGCTGGGACGC-1,9517,16530,0.5247953912466493,0.3183753901099974,0.1875609218117707,False,True,other,0.0225773820407501,0.1591876950549987,MIXED
ACATCCCGGCCATACG-1,14042,11417,-0.8752756507885476,-0.1971157587802638,-0.3065633630162152,False,False,other,0.0010067479546677,-0.0985578793901319,MIXED
ACATCGATCGTTTACC-1,11476,10857,-0.7012352581563432,-0.364380633766274,-0.434528626741257,False,False,other,0.0002320551479729,-0.182190316883137,MIXED
ACATCGGTCAGCCGCG-1,11286,13691,0.7698521783451081,-0.1971157587802638,-0.2221851510541851,True,False,interface,0.0111745136213597,-0.0985578793901319,TUMOR
ACATTAGTTTATATCC-1,13252,10966,-0.7701329185137268,-0.364380633766274,0.0375250187824282,False,False,other,6.494905119008402e-05,-0.182190316883137,MIXED
ACCAAACTAGAAATCC-1,3782,10309,0.5011251591324687,-0.364380633766274,-0.4569939909684835,False,False,interface,0.0302747344486889,-0.182190316883137,MIXED
ACCAACGCTTATTTAT-1,13650,12325,-0.7012352581563432,-0.364380633766274,-0.5330205614476612,False,False,other,0.0022114489175672,-0.182190316883137,MIXED
ACCAAGAACGCGTGTC-1,6548,12343,1.6669564583206584,-0.364380633766274,-0.2537174244572797,True,False,interface,0.1571965843726262,-0.182190316883137,TUMOR
ACCAATATGCAAGTTA-1,14233,9036,-0.3225768871444722,-0.0371703688918016,-0.8214228681211655,False,False,other,0.0010382454479211,-0.0185851844459008,MIXED
ACCACAAGTTTCTATC-1,9111,11770,0.7320412342220006,-0.0992720792256356,0.1249023034104352,True,False,interface,0.036738470346681,-0.0496360396128178,TUMOR
ACCACGTGCAGCTATA-1,12656,9267,-0.8752756507885476,-0.364380633766274,-0.08243043787752,False,False,other,5.141651922275151e-05,-0.182190316883137,MIXED
ACCAGCCCGGTCTTTG-1,3977,9742,-0.6193464583335758,-0.0371703688918016,-0.6942723180944707,False,False,interface,0.0316885500794321,-0.0185851844459008,MIXED
ACCAGGAGTGTGATCT-1,3785,11669,0.945266094657199,-0.0840655373844583,-0.0169233295450044,True,False,interface,0.1120725821148808,-0.04203276869222915,TUMOR
ACCATATCCGCAATAA-1,10689,11539,0.8028710490720122,0.2190420364567523,0.9140802791108522,True,True,interface,0.0059275817149568,0.10952101822837615,TUMOR
ACCATCCGCCAACTAG-1,11885,16524,0.6428798124737493,-0.1971157587802638,0.0653603969375933,True,False,interface,0.0085421584959531,-0.0985578793901319,TUMOR
ACCATCGTATATGGTA-1,11482,13124,1.0672780282551055,-0.1971157587802638,0.1379119803617585,True,False,interface,0.0590606192926589,-0.0985578793901319,TUMOR
ACCCACCTACATGCTC-1,8133,15060,-0.2567500349336001,-0.364380633766274,-0.9328781890550892,False,False,other,0.0220806917641857,-0.182190316883137,MIXED
ACCCATCTTGAGGGTA-1,10497,13693,-0.1220211651198277,0.5461438802561814,0.2360507637959452,False,True,interface,0.101793730172476,0.2730719401280907,MIXED
ACCCGAGCGAAATTAC-1,15233,14589,-0.449544992755815,-0.364380633766274,-0.849107076805219,False,False,other,0.0104290796821309,-0.182190316883137,MIXED
ACCCGATTGGTTCCGA-1,16810,13905,-0.6324508142831123,-0.364380633766274,-0.1343617696627596,False,False,other,0.0008466991646449,-0.182190316883137,MIXED
ACCCGGAAACTCCCAG-1,14434,10509,-0.6462348914393393,0.5965395228859115,0.0127939153408534,False,True,immune_core,0.0049309932572331,0.29826976144295575,MIXED
ACCCGGTTACACTTCC-1,11480,12444,-0.4061269089663483,-0.0992720792256356,0.9684522242002516,False,False,other,0.0313195941431653,-0.0496360396128178,STROMA
ACCCGTGTCATCAGTA-1,14634,11756,-0.8752756507885476,-0.364380633766274,-0.5609447367391952,False,False,other,5.550192418033134e-05,-0.182190316883137,MIXED
ACCCTATAGGACTGAG-1,5570,15633,0.4429430359394732,2.5387679854108636,0.5685590751792639,False,True,interface,1.229635905637945,1.2693839927054318,IMMUNE_EXHAUSTED
ACCCTATGCCATATCG-1,14244,13344,-0.4612404921675049,-0.0840655373844583,-0.5469569470038523,False,False,interface,0.0337825798235424,-0.04203276869222915,MIXED
ACCCTTCATCTGCGAA-1,5755,10531,0.6503212064271728,0.5080197058449843,0.2593914204888414,True,True,interface,0.117354518511959,0.2540098529224922,MIXED
ACCGAAAGGGCCCTGC-1,4969,11893,0.5432046352055548,-0.0298508837942535,1.3335028722515696,False,False,interface,0.0041758029149585,-0.01492544189712675,STROMA
ACCGAAGAGTCTGGTT-1,14449,16631,0.0550603366427959,-0.364380633766274,0.3077708139591421,False,False,other,0.0116131902499699,-0.182190316883137,MIXED
ACCGACACATCTCCCA-1,15223,10281,-0.7623323599633464,-0.0298508837942535,-0.37490546413088,False,False,other,0.0002773378890294,-0.01492544189712675,MIXED
ACCGACTGAGTCCCAC-1,8713,10410,-0.6161922806347702,0.41934392045144,0.5135289172345491,False,True,immune_core,0.0126819308917562,0.20967196022572,MIXED
ACCGCAATAACTGCCT-1,13247,8925,-0.7086283629095925,-0.364380633766274,-0.0975904316822901,False,False,other,8.227173434611256e-06,-0.182190316883137,MIXED
ACCGGTCAGGTACACC-1,14843,16177,0.3869033495940024,-0.0840655373844583,-0.3786101620756934,False,False,other,0.0051694722232243,-0.04203276869222915,MIXED
ACCGTGACCACGTGGG-1,15230,13455,-0.7701329185137268,-0.364380633766274,-0.8118108854705642,False,False,other,7.457699480241445e-05,-0.182190316883137,MIXED
ACCGTTCCCGCTCTGA-1,4177,10535,0.0404314820230763,0.1300945060942085,0.2361365201984963,False,False,other,0.0025658437560891,0.06504725304710425,MIXED
ACCTAAGTACCTTTCA-1,13063,14481,-0.6193464583335758,0.2973593810802188,-0.5587386566975608,False,True,immune_core,0.0406606135645248,0.1486796905401094,MIXED
ACCTAATCGACTTCCT-1,9512,14489,1.436484243488087,-0.364380633766274,-0.4137596944379207,True,False,tumor_core,0.035256590405278,-0.182190316883137,TUMOR
ACCTACTATAAATCTA-1,16606,11298,-0.7322897491587772,-0.364380633766274,0.3652693390103055,False,False,other,0.0020957250783595,-0.182190316883137,MIXED
ACCTGCGTGTCATGTT-1,12277,15843,0.8668676390035663,0.5776744774620345,0.034514214070507,True,True,interface,0.2617475268336865,0.28883723873101724,MIXED
ACCTTTCCTTTAGAAG-1,3190,10424,0.1774861693526263,-0.1971157587802638,-1.1243303151175628,False,False,interface,0.0102457353071229,-0.0985578793901319,MIXED
ACGAAATGGGCGGCAC-1,9514,15170,0.2748202140887306,0.2279381856488367,-0.4870336233045639,False,True,immune_core,0.004543711133823,0.11396909282441835,MIXED
ACGACTGGTCATACTC-1,15824,14020,-0.8752756507885476,-0.364380633766274,0.1370529236176428,False,False,other,0.0002455912542837,-0.182190316883137,MIXED
ACGAGAACCCATCACG-1,4777,14048,-0.2961177029587328,0.053266835569359,0.0573970201824723,False,False,interface,0.026340448778715,0.0266334177846795,MIXED
ACGAGGATACCACTCT-1,13066,15841,0.1873553494572478,0.0831993376015518,-0.5230277200310535,False,False,interface,0.0273985718532597,0.0415996688007759,MIXED
ACGAGGTTTACAACGT-1,14449,16404,0.4643170643813966,-0.364380633766274,0.1686992152414689,False,False,other,0.0089386282404902,-0.182190316883137,MIXED
ACGATCATACATAGAG-1,8122,10752,1.4304750883142463,-0.1971157587802638,0.6440765333978361,True,False,interface,0.2487040648357866,-0.0985578793901319,TUMOR
ACGATGCATATGTTAT-1,10495,13013,0.8480775917037919,-0.364380633766274,-0.0960315718477917,True,False,interface,0.2575228946557175,-0.182190316883137,TUMOR
ACGATGGATCCGATGC-1,5162,9965,-0.8752756507885476,-0.1971157587802638,0.1210649991842389,False,False,other,0.0010305788189721,-0.0985578793901319,MIXED
ACGCAAACTAATAGAT-1,15623,12547,-0.6402513728334929,-0.364380633766274,-0.4025709923501945,False,False,other,0.0053391700929856,-0.182190316883137,MIXED
ACGCATTCGTGAGTAC-1,9701,10975,0.0240627690020477,-0.0992720792256356,0.4315952226352552,False,False,interface,0.0391419167731919,-0.0496360396128178,MIXED
ACGCCCAGCTGTCGAT-1,3781,9855,0.2192758100557896,-0.364380633766274,-0.3815601880575655,False,False,interface,0.0106341155630389,-0.182190316883137,MIXED
ACGCCGCTAGACGACC-1,11671,9836,-0.6161922806347702,-0.364380633766274,-0.2646134498550455,False,False,other,0.0002917230567623,-0.182190316883137,MIXED
ACGCGAAGTCAGACGA-1,12858,11193,-0.7701329185137268,-0.364380633766274,-0.4427257469920558,False,False,other,0.0001067357865376,-0.182190316883137,MIXED
ACGCGCTACACAGGGT-1,11287,14372,-0.018276348443359,-0.364380633766274,-0.0779694223043751,False,False,other,0.0108739448403763,-0.182190316883137,MIXED
ACGCGGGCCAAGGACA-1,9898,10861,0.7633574215655174,-0.0298508837942535,0.0132277009320934,True,False,interface,0.0176431284426416,-0.01492544189712675,TUMOR
ACGCTGTGAGGCGTAG-1,10898,16413,-0.277230358128299,-0.364380633766274,-0.7041523990194184,False,False,other,0.0088123364556229,-0.182190316883137,MIXED
ACGGAATTTAGCAAAT-1,6160,14838,-0.1642870673030977,0.4887651158828222,0.3544421864782543,False,True,interface,0.1782903658775546,0.2443825579414111,MIXED
ACGGACTCTCAAAGCG-1,15220,9374,-0.8752756507885476,-0.364380633766274,-0.5538897095740811,False,False,other,0.0002288253841813,-0.182190316883137,MIXED
ACGGCACTTGCTTGGG-1,13449,11079,-0.8752756507885476,-0.364380633766274,-0.3708225997631016,False,False,other,1.6410677602016123e-05,-0.182190316883137,MIXED
ACGGCCAACATGGACT-1,13648,11645,-0.3401633334265506,0.0637307896937697,-0.9179768210602818,False,False,other,0.0039201439123381,0.03186539484688485,MIXED
ACGGCGACGATGGGAA-1,12853,9153,-0.7701329185137268,-0.364380633766274,-0.2621047724893104,False,False,other,3.841696105832205e-05,-0.182190316883137,MIXED
ACGGCTGGATGTAGAA-1,15238,16629,0.2815164601272025,-0.364380633766274,-0.20568594428975,False,False,other,0.0144464809680584,-0.182190316883137,MIXED
ACGGGAGTGTCGGCCC-1,12473,15049,0.3678501867311183,-0.1971157587802638,0.0858812224462681,False,False,interface,0.2041098988774146,-0.0985578793901319,MIXED
ACGTACAGATTTCTCT-1,5163,10419,-0.8752756507885476,-0.0840655373844583,1.2409477837402767,False,False,other,0.0099817231803582,-0.04203276869222915,STROMA
ACGTAGATTGCTGATG-1,9699,10294,-0.33208060202684,-0.0298508837942535,0.8451342645189289,False,False,interface,0.0205576572143657,-0.01492544189712675,STROMA
ACGTCCTAAACGAGAT-1,3191,10877,0.2862948307853736,1.407214170125358,-0.1357126720689818,False,True,interface,0.1481464765208016,0.703607085062679,IMMUNE_EXHAUSTED
ACGTGCGCCTCGTGCA-1,6544,10756,-0.1561531993873447,-0.364380633766274,0.5460026449110843,False,False,interface,0.1956351684049684,-0.182190316883137,MIXED
ACGTTAATGTCGAAGA-1,11277,10064,-0.7453941051083136,-0.364380633766274,0.2553093659852624,False,False,other,0.0305971339805149,-0.182190316883137,MIXED
ACGTTAGATTTGCCCG-1,10891,13466,1.0165051224968689,0.4792272954235012,0.8281572490515379,True,True,interface,0.0625614580714351,0.2396136477117506,STROMA
ACGTTATTGGTCACTC-1,6953,16423,0.3163620047619191,0.4274145091883644,0.361600268668154,False,True,interface,0.3942997615408164,0.2137072545941822,MIXED
ACGTTCCGCGCTCCGT-1,4772,11780,0.1574218470163682,0.2205317105553692,0.126951102822874,False,True,interface,0.0218105827293938,0.1102658552776846,MIXED
ACGTTCGTTCAGGAAA-1,15032,12889,-0.8752756507885476,-0.364380633766274,-0.8684770013933237,False,False,other,0.0001170278637258,-0.182190316883137,MIXED
ACGTTTAGTTGTGATC-1,5951,10190,-0.7591781822645406,-0.0840655373844583,0.4715264301265694,False,False,other,0.0583808865207743,-0.04203276869222915,MIXED
ACTACATCCCGACAAG-1,15631,15948,-0.7591781822645406,-0.0840655373844583,-0.6138416880667918,False,False,other,0.000822340189535,-0.04203276869222915,MIXED
ACTACCAGCTCTCTGG-1,8129,13246,0.9004104618897534,0.3162244265040957,-0.1366543914619454,True,True,interface,0.0252357556482396,0.15811221325204786,MIXED
ACTACGCGTTAGAATT-1,15028,11528,-0.8752756507885476,-0.1971157587802638,-0.4489437177611485,False,False,other,0.0011016046346549,-0.0985578793901319,MIXED
ACTATGTCCAGCTGCC-1,15827,15381,-0.6024082034785432,-0.0371703688918016,-1.0376902665501286,False,False,other,0.0026255826108759,-0.0185851844459008,MIXED
ACTATTTCCGGGCCCA-1,14835,13229,-0.8752756507885476,-0.364380633766274,-0.7280397732206941,False,False,other,5.794077277433756e-05,-0.182190316883137,MIXED
ACTCAATAAAGGCACG-1,8121,10071,0.8891491394091702,0.053266835569359,0.5136550797142483,True,False,interface,0.0170970453454232,0.0266334177846795,TUMOR
ACTCCAATATCATCAT-1,15628,14588,-0.8752756507885476,-0.364380633766274,-0.6014286196478137,False,False,other,0.0008673361248356,-0.182190316883137,MIXED
ACTCCCATTCCTAAAG-1,12475,15956,0.7029315339401468,-0.364380633766274,0.380913225928817,True,False,interface,0.0319130964723438,-0.182190316883137,TUMOR
ACTCCCTAATGCTAAA-1,14433,10056,-0.5241539043094857,-0.364380633766274,-0.2587040161959398,False,False,other,0.0018364769773499,-0.182190316883137,MIXED
ACTCCCTAGAATAGTA-1,12657,9947,-0.5960925258815223,-0.364380633766274,-0.1444605259822962,False,False,other,0.0002331523966717,-0.182190316883137,MIXED
ACTCGTAACCCGTCCT-1,12868,15275,1.2454417510119336,0.5366948626318555,0.3029390517509474,True,True,interface,0.0706820062305879,0.26834743131592775,MIXED
ACTCTCTGACTTAGGT-1,11472,9043,-0.5582493565265728,-0.364380633766274,-0.9276813286288388,False,False,other,3.679606704036308e-05,-0.182190316883137,MIXED
ACTCTTGTATAGTAAC-1,10290,9953,0.0784710034603794,0.0511158719634572,0.6303889066153749,False,False,other,0.0136971137554365,0.0255579359817286,STROMA
ACTGCCCGCCATTCTC-1,16614,14472,-0.8752756507885476,-0.364380633766274,0.0362836406979917,False,False,other,0.0003729113098511,-0.182190316883137,MIXED
ACTGCCGTCGTAACTC-1,6345,9962,-0.4502857559183187,-0.0371703688918016,0.0829637426994192,False,False,other,0.0193978245365321,-0.0185851844459008,MIXED
ACTGCTCGGAAGGATG-1,13661,16860,-0.8752756507885476,-0.364380633766274,-1.1469056839956835,False,False,other,0.0096609074079023,-0.182190316883137,MIXED
ACTGTAGCACTTTGGA-1,8524,13471,1.5635684462275772,0.3820449053761577,0.0720042345719924,True,True,interface,0.0417580352246182,0.19102245268807885,MIXED
ACTGTATACGCGAGCA-1,5171,13820,-0.1300593201522979,-0.0416726540253654,0.4210967335474443,False,False,interface,0.0065863560582244,-0.0208363270126827,MIXED
ACTGTCCAGGATTATA-1,9703,11655,0.963412519585442,0.6486431340154131,1.9833285993830851,True,True,interface,0.0068748284146923,0.32432156700770653,IMMUNE_ACTIVE
ACTGTCTTCTTTAGAA-1,9108,10636,0.117029216807831,-0.0298508837942535,1.050401305481255,False,False,interface,0.0106156149016594,-0.01492544189712675,STROMA
ACTGTGCTAGTAGATC-1,5764,14385,-0.4626493487053515,-0.0298508837942535,0.2509154352812378,False,False,other,0.0625166816324618,-0.01492544189712675,MIXED
ACTGTTTAGTGTAGGC-1,3784,11216,0.579934763149932,0.0799082823849405,0.1878586959179597,False,False,interface,0.0712888602553907,0.03995414119247025,MIXED
ACTTAGTACGACAAGA-1,5961,14271,0.0116066044795569,0.4416438480871986,0.2487603663545604,False,True,immune_core,0.0220708204887423,0.2208219240435993,MIXED
ACTTATTAGGATCGGT-1,10690,11992,0.7961252437554792,-0.0992720792256356,0.2872522542909111,True,False,interface,0.0005173405112645,-0.0496360396128178,TUMOR
ACTTCAGGCTGATCCC-1,13246,8698,-0.6292966365843066,-0.364380633766274,-0.8684770013933237,False,False,other,3.5469017170646106e-05,-0.182190316883137,MIXED
ACTTGACTCCCTCTTT-1,11473,9723,-0.7701329185137268,-0.364380633766274,-0.125160769286077,False,False,other,0.0003737411099337,-0.182190316883137,MIXED
ACTTGCCATATTGTAC-1,3982,11555,1.439085441441729,0.3512066436260379,0.7502900190281215,True,True,interface,0.139484139375094,0.17560332181301894,STROMA
ACTTGGGACCCGGTGG-1,8915,12337,1.01370429399987,-0.1971157587802638,-0.1799694278778964,True,False,interface,0.0308284499001426,-0.0985578793901319,TUMOR
ACTTGTAGTCCCTTCA-1,11885,16751,0.3029477046684286,-0.364380633766274,-0.8800498936371504,False,False,interface,0.0037374629792628,-0.182190316883137,MIXED
ACTTTCCTATAGCTTC-1,8714,10864,-0.0696472206847379,0.3288393442344081,0.4772575883317826,False,True,other,0.0409053279206902,0.16441967211720404,MIXED
ACTTTGACTGCATCCT-1,10899,16640,-0.4481361362179683,-0.364380633766274,-0.2037633898943298,False,False,other,0.0066986977676373,-0.182190316883137,MIXED
ACTTTGGTCGTGCTCC-1,15238,16402,-0.2509542980083071,-0.364380633766274,-0.5524520590218424,False,False,other,0.0073036645204271,-0.182190316883137,MIXED
AGAACCCTCAATTGGG-1,15239,16856,0.0053822211581779,-0.364380633766274,0.3115053041069383,False,False,interface,0.0180209623363485,-0.182190316883137,MIXED
AGAACGTGGTACATTC-1,8514,9617,0.2727389059456869,-0.0992720792256356,0.845211969890799,False,False,interface,0.0110650718154447,-0.0496360396128178,STROMA
AGAAGGTACACTTCAC-1,13462,16293,-0.1962436479583398,-0.1971157587802638,-1.1098639573051778,False,False,other,0.0154900327844287,-0.0985578793901319,MIXED
AGAAGGTTGCCGAATT-1,11481,12897,1.2185044187675131,0.1300945060942085,-0.5479219294424686,True,False,interface,0.0287718286619343,0.06504725304710425,TUMOR
AGAAGTGATTCGTGAT-1,12669,14708,-0.7086283629095925,-0.0371703688918016,-0.5195120753664498,False,False,interface,0.097468728195564,-0.0185851844459008,MIXED
AGAATAAATCTTCAGG-1,10504,16641,-0.2300920474508248,-0.1971157587802638,-0.1303279448928134,False,False,other,0.0037991489145249,-0.0985578793901319,MIXED
AGAATTGTTTGACATA-1,6556,15290,-0.5332916006141379,1.2110116536101994,0.9658864772073158,False,True,interface,0.338030472586216,0.6055058268050997,IMMUNE_EXHAUSTED
AGACAGCTCAGAATCC-1,7545,16535,0.5795359201812657,0.7165746553481782,1.100724409430016,False,True,interface,0.0594841190225274,0.3582873276740891,IMMUNE_ACTIVE
AGACCAAACCACACCT-1,13266,16861,0.1674666752876679,-0.364380633766274,0.280460377626989,False,False,other,0.0192879252599,-0.182190316883137,MIXED
AGACCATGGGATACAA-1,7540,14721,0.5066034799042164,-0.0371703688918016,-0.4476868653404804,False,False,other,0.0376596580055454,-0.0185851844459008,MIXED
AGACCCACCGCTGATC-1,12856,10513,-0.8752756507885476,-0.364380633766274,-0.4716396852159595,False,False,other,8.179782947720104e-05,-0.182190316883137,MIXED
AGACCCGCCCTCCTCG-1,8322,11545,0.1418957299564074,0.2973593810802188,0.847159345389917,False,True,interface,0.0107893076299755,0.1486796905401094,STROMA
AGACCGGGAAACCCTG-1,11291,15959,0.5398410092934044,-0.364380633766274,-0.5072414618926374,False,False,other,0.0038027972214396,-0.182190316883137,MIXED
AGACGACGATGCCGCT-1,13654,14139,1.6573966893380718,-0.364380633766274,-0.3129553321423332,True,False,interface,0.1122156363629588,-0.182190316883137,TUMOR
AGACTAGCCTTCCAGA-1,8719,12677,1.1226388066020303,0.0637307896937697,-0.137642685375304,True,False,interface,0.0170952068618637,0.03186539484688485,TUMOR
AGACTGTTACCGGGTC-1,15623,12774,-0.8752756507885476,-0.364380633766274,-0.7364072211745045,False,False,other,0.0023800731207053,-0.182190316883137,MIXED
AGAGAAACACCAGAAA-1,16613,14018,-0.7322897491587772,-0.364380633766274,-0.8954014521821609,False,False,other,0.0001759633659917,-0.182190316883137,MIXED
AGAGAAGGAGTACAAT-1,14640,14023,0.2793668404268521,-0.364380633766274,-0.7142668624788063,False,False,other,0.0091094550234134,-0.182190316883137,MIXED
AGAGATCTCTAAAGCG-1,11094,15846,0.371574204407954,-0.364380633766274,-0.7582770363441077,False,False,other,0.0024643059221263,-0.182190316883137,MIXED
AGAGCAGTTATGAGAC-1,8924,15738,0.6280011979058211,0.053266835569359,-0.5848321109404709,True,False,interface,0.0347934207314085,0.0266334177846795,TUMOR
AGAGCGGGCTAATCAT-1,6347,10643,1.4760680802127362,0.414438032356961,0.010837988518123,True,True,interface,0.0836887973926625,0.2072190161784805,MIXED
AGAGCGTACAAGCTCG-1,7935,14720,-0.7453941051083136,-0.1971157587802638,-0.6445353034507919,False,False,other,0.0179580703489304,-0.0985578793901319,MIXED
AGAGCTACGAAAGCAT-1,5177,16087,1.2591110142975075,0.3907007755012831,0.1739739091402681,True,True,interface,0.1890849223844429,0.19535038775064156,MIXED
AGAGGTATCTCGGTCC-1,3786,12123,-0.6193464583335758,-0.364380633766274,-0.0278908222343853,False,False,other,0.014880213849186,-0.182190316883137,MIXED
AGATAACTTCAGGGCC-1,9509,12902,1.5077233505616048,0.0637307896937697,0.6064755521926338,True,False,interface,0.062107943967103,0.03186539484688485,TUMOR
AGATACCGGTGTTCAC-1,11088,13579,0.785676577581845,0.23099566467978,0.1283765864135442,True,True,interface,0.0236584010712068,0.11549783233989,TUMOR
AGATACGACTTCATAT-1,6158,13931,-0.4612404921675049,0.1211983569021241,1.0628981644399504,False,False,interface,0.0047677912084048,0.06059917845106205,STROMA
AGATATAATACGACTA-1,15813,9712,-0.8752756507885476,-0.1971157587802638,-1.3506447063795497,False,False,other,3.991493187227699e-05,-0.0985578793901319,MIXED
AGATCTCAGGTGTGAT-1,8908,9389,-0.2541084757071127,-0.364380633766274,1.5368944727639848,False,False,other,0.0084608233767914,-0.182190316883137,STROMA
AGATGACTCGCCCACG-1,7336,11661,1.0787783693098558,-0.1971157587802638,0.5372882271146937,True,False,interface,0.0096810505073734,-0.0985578793901319,TUMOR
AGATGCAAGACGTGCA-1,14643,15157,0.4913045993274834,-0.1971157587802638,-0.1527749769526877,False,False,interface,0.1003332264190447,-0.0985578793901319,MIXED
AGATTATAGGACGTTT-1,10295,11767,0.6464732875490297,-0.364380633766274,0.1815876361639652,True,False,interface,0.0140938803925099,-0.182190316883137,TUMOR
AGATTCACAACCGATA-1,13660,16406,-0.1119631662410011,-0.364380633766274,-0.8681819286162343,False,False,other,0.0030589117652657,-0.182190316883137,MIXED
AGCAAAGGCCGCTAGT-1,15024,9714,-0.8752756507885476,-0.046066518083886,-0.3992866580258192,False,False,other,0.0005024268229449,-0.023033259041943,MIXED
AGCAACCGAAAGTAAT-1,14249,15611,-0.1404244743173238,0.4521078022116093,0.3652610386628866,False,True,interface,0.0520793225373562,0.22605390110580464,MIXED
AGCACACGTTTAGACT-1,16615,14925,-0.6462348914393393,-0.364380633766274,-0.2352610768752406,False,False,other,5.021930116635734e-05,-0.182190316883137,MIXED
AGCACCAGTACTCACG-1,8516,10524,0.1466708338647409,0.0831993376015518,1.1605011643277767,False,False,interface,0.0081391497381276,0.0415996688007759,STROMA
AGCACTACCGGCCTGT-1,9910,15622,0.3366773371776758,-0.364380633766274,-0.3518126029824271,False,False,other,0.0186089355107191,-0.182190316883137,MIXED
AGCACTACCTCACCAG-1,13641,8697,-0.8752756507885476,-0.364380633766274,-0.3969250867375028,False,False,other,6.126022176364966e-05,-0.182190316883137,MIXED
AGCACTTAAGGACGCC-1,9314,13923,1.5476304667822482,0.2471731573709508,1.092623518819066,True,True,interface,0.0842237718076946,0.1235865786854754,TUMOR
AGCAGAAGGAGAAAGA-1,15814,10166,-0.8752756507885476,-0.1971157587802638,-0.4400603700915918,False,False,other,7.65595678417039e-05,-0.0985578793901319,MIXED
AGCAGCCAGATGAATA-1,14239,11303,-0.5960925258815223,-0.364380633766274,-0.6521251357584087,False,False,other,0.0033797353484688,-0.182190316883137,MIXED
AGCATCATTTCGAAAG-1,13658,15726,0.8248901917944045,-0.364380633766274,-0.4402254997049012,True,False,interface,0.1991485147693606,-0.182190316883137,TUMOR
AGCATCGTCGATAATT-1,7534,12000,0.5150311063329147,0.2279381856488367,0.2842690952316854,False,True,interface,0.0070263879910482,0.11396909282441835,MIXED
AGCCAAGCTTTGTGTC-1,15817,11300,0.0385084983766562,0.0637307896937697,-0.7377035193578082,False,False,interface,0.0042023998040434,0.03186539484688485,MIXED
AGCCCATACATGTAAG-1,11486,14938,-0.3083463466198822,-0.1971157587802638,0.1539987158737804,False,False,interface,0.0162145930218735,-0.0985578793901319,MIXED
AGCCCGCAACAAGCAG-1,16607,11751,-0.2744002876117021,-0.364380633766274,-0.4471548494840478,False,False,other,0.0139994938832278,-0.182190316883137,MIXED
AGCCCGGCATTAGAGG-1,15826,14927,-0.8752756507885476,-0.364380633766274,-1.07394003702395,False,False,other,0.0015866485143058,-0.182190316883137,MIXED
AGCCCGGTAGCCTGTA-1,15228,12321,-0.7701329185137268,-0.0840655373844583,-0.7745322624335932,False,False,other,0.0008117220284353,-0.04203276869222915,MIXED
AGCCCTAAGCGAAGTT-1,6149,10530,2.1346012750222454,-0.0992720792256356,0.2453031097302122,True,False,interface,0.0520767418551,-0.0496360396128178,TUMOR
AGCCCTCCCTGGTGGC-1,16417,14586,-0.7591781822645406,-0.364380633766274,-0.3276027640023339,False,False,other,0.0002448266600862,-0.182190316883137,MIXED
AGCCGTGGCTAAATGT-1,13065,15388,1.4447984537741831,-0.364380633766274,1.0063770083517891,True,False,interface,0.1766060672911288,-0.182190316883137,TUMOR
AGCCTAATACCCACGT-1,13068,16294,0.2305260895495029,-0.1971157587802638,-0.560954647454185,False,False,interface,0.0087310237182577,-0.0985578793901319,MIXED
AGCCTTAAAGCGGAAG-1,7347,16195,0.6866547869085243,-0.364380633766274,-0.1373676179434813,True,False,interface,0.281504066482953,-0.182190316883137,TUMOR
AGCGACAGGAACGGTC-1,13258,13687,-0.3019691715337121,-0.1971157587802638,-0.0354158690429783,False,False,interface,0.0137902583018131,-0.0985578793901319,MIXED
AGCGACATCCCATTCA-1,6545,11209,1.6685671893515988,0.4814247935342613,0.5123041859784193,True,True,interface,0.1041959389221353,0.24071239676713066,MIXED
AGCGACCAACGATATT-1,8125,11659,0.5914482074464172,0.7667031493557692,1.6373091507860835,True,True,interface,0.2323262942994597,0.3833515746778846,IMMUNE_ACTIVE
AGCGCATAATGAATCG-1,14437,11643,-0.8752756507885476,-0.0371703688918016,-0.8218739033324336,False,False,other,0.0002588620289977,-0.0185851844459008,MIXED
AGCGGACACTTCGTAG-1,15421,10847,-0.8752756507885476,-0.364380633766274,-0.3503103976709437,False,False,other,0.0115617642552848,-0.182190316883137,MIXED
AGCGGCGGTTAGCGGT-1,13068,16521,0.1003559597608642,0.3440458860755854,0.2640788498183675,False,True,immune_core,0.0255181483381171,0.1720229430377927,MIXED
AGCGGGAAGGGTCCAT-1,5763,13705,1.167712900007125,-0.0371703688918016,-0.1184669469402411,True,False,interface,0.0308354575239488,-0.0185851844459008,TUMOR
AGCGGGTCTGACACTC-1,16209,10392,-0.8752756507885476,-0.364380633766274,-0.7821985210965988,False,False,other,0.0002235086379982,-0.182190316883137,MIXED
AGCGTGGTATTCTACT-1,12065,9835,-0.6024082034785432,-0.1971157587802638,-0.4331572889136402,False,False,other,0.0004234681901953,-0.0985578793901319,MIXED
AGCTAACAAGCAATGT-1,15232,14135,-0.5241539043094857,-0.364380633766274,-1.0390441246448068,False,False,other,0.0012026690647199,-0.182190316883137,MIXED
AGCTCTAGACGTTCCA-1,10683,9272,-0.8752756507885476,-0.0992720792256356,0.2024893273914186,False,False,other,0.0008184197283944,-0.0496360396128178,MIXED
AGCTCTTTACTCAGTT-1,11284,12784,-0.4061269089663483,-0.0371703688918016,0.5042593434049196,False,False,interface,0.0719062311006909,-0.0185851844459008,MIXED
AGCTGTAACCTCAATC-1,13853,14705,1.1918661728295652,1.894885380425788,0.3792990986435987,True,True,interface,0.150305280131127,0.947442690212894,IMMUNE_EXHAUSTED
AGCTTGATCTTAACTT-1,11290,15279,0.2782497955538003,-0.046066518083886,0.3532001828252275,False,False,interface,0.0064877262107158,-0.023033259041943,MIXED
AGGAAGCTGTCCGCCG-1,15223,10507,-0.8752756507885476,-0.0992720792256356,-0.5431149600424369,False,False,other,0.0004132849787112,-0.0496360396128178,MIXED
AGGACATCGCACGTCG-1,6354,13590,1.29051463347671,1.1442202238881438,0.2027916672144694,True,True,interface,0.0765376789394193,0.5721101119440719,IMMUNE_EXHAUSTED
AGGACGACCCATTAGA-1,11678,12784,1.348338010746063,0.3314309683452731,0.7295399037302986,True,True,interface,0.0866129965404564,0.16571548417263654,STROMA
AGGATAAAGTCGGGAT-1,13645,10511,-0.7623323599633464,-0.364380633766274,-0.1179038269863164,False,False,other,0.0001563007000521,-0.182190316883137,MIXED
AGGATCACGCGATCTG-1,12672,16069,0.5459040920888978,0.3162244265040957,-0.1328306664110282,False,True,other,0.035551730786543,0.15811221325204786,MIXED
AGGCAGGGAGCGTACT-1,14833,12322,-0.8752756507885476,-0.364380633766274,-0.8671231432986456,False,False,other,0.0002437950956384,-0.182190316883137,MIXED
AGGCCACCCGTTATGA-1,8721,13584,1.3369201869836085,0.3314309683452731,-0.912543064287566,True,True,interface,0.0240028068917941,0.16571548417263654,MIXED
AGGCCCATTGTACAGG-1,6152,11663,1.2022546366492628,-0.046066518083886,-0.1421864628743061,True,False,interface,0.0458019314164378,-0.023033259041943,TUMOR
AGGCCCTAGAACGCCA-1,12078,15050,-0.3072998542885483,-0.364380633766274,0.1357626648869156,False,False,other,0.0222200954515647,-0.182190316883137,MIXED
AGGCGGTTTGTCCCGC-1,14842,15950,-0.1371360245042747,0.6301081577674459,-0.199019540777043,False,True,interface,0.1171205152550714,0.31505407888372294,IMMUNE_ACTIVE
AGGCTATGGTTAGCTT-1,8329,14492,-0.7453941051083136,-0.0371703688918016,-0.4223618921167031,False,False,other,0.0041144540126965,-0.0185851844459008,MIXED
AGGCTTCCCGAAGAAG-1,13060,13120,-0.5713537124761092,-0.364380633766274,-0.2129679904087735,False,False,other,0.0018038414079648,-0.182190316883137,MIXED
AGGCTTGCTAGACACC-1,7938,15854,1.1595370176402846,-0.0416726540253654,-0.2653049685595446,True,False,interface,0.0973971953417294,-0.0208363270126827,TUMOR
AGGGACTCTACGCGAC-1,14043,11871,-0.8752756507885476,-0.0992720792256356,-0.9498216873245368,False,False,other,0.0005802932910862,-0.0496360396128178,MIXED
AGGGCGAGCAGCTGAT-1,11882,15617,-0.7453941051083136,-0.1971157587802638,0.1428691782899258,False,False,other,0.2581639811606107,-0.0985578793901319,MIXED
AGGGCGTGATCGGCTA-1,6549,12796,0.7714705871540275,0.6455856549844697,-0.067957443841984,True,True,interface,0.2142437319452672,0.32279282749223487,IMMUNE_ACTIVE
AGGGCTGCAGTTACAG-1,10094,10520,-0.3706813989222996,-0.1971157587802638,0.2684633140700519,False,False,other,0.0218483950822882,-0.0985578793901319,MIXED
AGGGTCAGAGCACTCG-1,16611,13338,-0.8752756507885476,-0.0371703688918016,-0.8415099374234567,False,False,other,0.0020095066567155,-0.0185851844459008,MIXED
AGGGTGCCGTTCTTTA-1,16021,14133,-0.8752756507885476,-0.0371703688918016,0.3071476427404948,False,False,other,0.0006606528011947,-0.0185851844459008,MIXED
AGGGTGGATAGTGCAT-1,8926,16645,0.2006891275431302,0.0239963787515655,-0.0332776222615701,False,False,interface,0.1073945135993496,0.01199818937578275,MIXED
AGGGTTCAGACGGTCC-1,16807,12771,-0.7453941051083136,-0.364380633766274,-1.07394003702395,False,False,other,0.0013277645262664,-0.182190316883137,MIXED
AGGGTTTAGTTCGGGA-1,9700,10748,0.8487133257126658,0.8280570718116573,0.6091363811531678,True,True,interface,0.0895658052739897,0.41402853590582867,IMMUNE_EXHAUSTED
AGGTAACCTCCTATTC-1,5761,13252,1.0196541937789902,0.0831993376015518,0.3936033538938682,True,False,interface,0.0337410079917768,0.0415996688007759,TUMOR
AGGTAGATCGAGATAT-1,15626,13907,-0.8752756507885476,-0.364380633766274,-1.0708889909090618,False,False,other,0.0001940965745914,-0.182190316883137,MIXED
AGGTAGGTACAAAGCT-1,10104,14375,0.388104192969105,-0.1971157587802638,-0.2669554354594044,False,False,interface,0.0392928880166655,-0.0985578793901319,MIXED
AGGTCAGGTGAGAGTG-1,12277,15616,0.6325565098443285,0.4104096024760243,-0.2942603878128765,True,True,interface,0.0546423793224243,0.20520480123801216,MIXED
AGGTGGTGACCTTCGC-1,15817,11526,-0.0572836278977051,0.1542353659108016,-0.1686454267024268,False,True,other,0.0169320889336857,0.0771176829554008,MIXED
AGGTGTATCGCCATGA-1,10502,15961,-0.6024082034785432,-0.364380633766274,0.5540633740680705,False,False,other,0.0062677946555547,-0.182190316883137,MIXED
AGGTTTCACACACCTT-1,11277,10290,0.7474772066165664,-0.364380633766274,0.1951339092861069,True,False,tumor_core,0.0510456399881757,-0.182190316883137,TUMOR
AGTAATGTCTTGCCGC-1,6348,11096,1.105394391403554,-0.364380633766274,1.2007749665988072,True,False,interface,0.0927572351714991,-0.182190316883137,TUMOR
AGTACGGCCCGTATCG-1,10110,16642,-0.5532788684927892,0.0831993376015518,1.4285507704977245,False,False,interface,0.0329982533626988,0.0415996688007759,STROMA
AGTAGAAGGCGCCTCA-1,16999,10843,-0.8752756507885476,-0.0371703688918016,-0.8719072353917847,False,False,other,0.0032612199243429,-0.0185851844459008,MIXED
AGTAGCGTGAACGAAC-1,3583,9743,-0.447131652707215,-0.364380633766274,-1.1454081740704816,False,False,other,0.004567088756848,-0.182190316883137,MIXED
AGTAGGTAACATACAT-1,5759,12118,-0.3459425855168865,-0.1971157587802638,0.3601475049832139,False,False,interface,0.1022653504852594,-0.0985578793901319,MIXED
AGTATAATACTAGGCA-1,8131,14153,-0.8752756507885476,-0.0298508837942535,-0.0034087929323671,False,False,other,0.0168614154675942,-0.01492544189712675,MIXED
AGTATACACAGCGACA-1,15820,12433,-0.5882919673311419,-0.1971157587802638,-0.7509367976013446,False,False,interface,0.0545627973621235,-0.0985578793901319,MIXED
AGTATGCTGGAGACCA-1,14642,14930,0.3401765966737229,-0.364380633766274,-0.0619640626503516,False,False,interface,0.0105988484763308,-0.182190316883137,MIXED
AGTATTTGGCACGACC-1,14635,11983,-0.7453941051083136,-0.364380633766274,-1.155762346318615,False,False,other,0.0001715461721686,-0.182190316883137,MIXED
AGTCAAATGATGTGAT-1,16415,13906,-0.7322897491587772,-0.364380633766274,-0.1183200084526927,False,False,other,0.0002048506635547,-0.182190316883137,MIXED
AGTCAACACCACCATC-1,11283,12558,0.0348254480998922,0.3215002408968119,0.555684078971983,False,True,interface,0.0093821747373868,0.16075012044840595,MIXED
AGTCAGCCACCGCCTG-1,6357,14724,1.9369065207704936,-0.0840655373844583,-0.0099589711924371,True,False,interface,0.4234086823274075,-0.04203276869222915,TUMOR
AGTCGGCCCAAACGAC-1,8129,13472,0.3020092637558245,0.314159918548251,0.3848912393564404,False,True,interface,0.0111769559261722,0.1570799592741255,MIXED
AGTCGGCTCAACTTTA-1,12473,15276,0.111465357989396,0.0799082823849405,0.0512577246373724,False,False,interface,0.0044357091243443,0.03995414119247025,MIXED
AGTCGTGGGCATTACG-1,13261,14593,-0.0365781985292512,1.3205968106378132,0.8855856118248288,False,True,immune_core,0.0226024971468834,0.6602984053189066,IMMUNE_EXHAUSTED
AGTCTCACAAGACTAC-1,13852,14479,-0.0317771659741082,-0.364380633766274,1.09180617174247,False,False,interface,0.0817273330314197,-0.182190316883137,STROMA
AGTCTGGACATCCTTG-1,6754,15630,-0.7701329185137268,0.6541389480861817,0.1934544449559107,False,True,interface,2.1258407925052727,0.32706947404309084,IMMUNE_ACTIVE
AGTCTTCTCCTCAAAT-1,7924,10412,0.3860679249576588,0.18104301715618,0.7955093270885827,False,True,interface,0.0013484065815338,0.09052150857809,STROMA
AGTGACCTACTTTACG-1,11873,11989,-0.8752756507885476,-0.364380633766274,0.0751478289921274,False,False,other,0.0050112686928359,-0.182190316883137,MIXED
AGTGACTGTGACACAA-1,16220,14700,-0.7701329185137268,-0.364380633766274,-0.5717998896227742,False,False,other,0.0008377701778377,-0.182190316883137,MIXED
AGTGATATGAGTAGTT-1,12071,12329,-0.7591781822645406,0.2234359005152729,-0.3881066784157371,False,True,immune_core,0.0303971325382961,0.11171795025763645,MIXED
AGTGCGTAGCTCGTAA-1,12271,13122,0.6751077540177512,-0.0371703688918016,-0.0147363447932305,True,False,interface,0.0765232518394766,-0.0185851844459008,TUMOR
AGTGGCTCCGTCGGCC-1,11096,16526,-0.1922488780958752,-0.364380633766274,-0.3025835915965156,False,False,other,0.0037486837578768,-0.182190316883137,MIXED
AGTGGTGTTACCCGTG-1,12477,16863,-0.4391036045885032,-0.1971157587802638,-0.0394215884777288,False,False,other,0.0058932027388627,-0.0985578793901319,MIXED
AGTGTGGTCTATTGTG-1,7345,15288,0.2152762446014799,1.1415882043402683,-0.4716972451273338,False,True,interface,0.4254099137911117,0.5707941021701342,IMMUNE_EXHAUSTED
AGTTAAACACTTGCGA-1,11087,12898,-0.5410921591645185,0.6360282162851005,0.6718686057021664,False,True,interface,0.2732922141395908,0.31801410814255027,IMMUNE_ACTIVE
AGTTAAGTCAACCGCT-1,13262,15047,1.8334245591809768,-0.1971157587802638,2.8607107892871944,True,False,interface,0.9672776156068652,-0.0985578793901319,TUMOR
AGTTACCGCACATGGT-1,8333,16306,0.3955935667731058,-0.364380633766274,-0.3566599136900214,False,False,interface,0.1317750505573753,-0.182190316883137,MIXED
AGTTCCTACAGAATTA-1,9112,12223,0.9054807521061594,-0.364380633766274,0.3521419246677185,True,False,interface,0.0758804069796822,-0.182190316883137,TUMOR
AGTTCCTATTTATGTT-1,11672,10516,-0.8752756507885476,-0.364380633766274,-0.7360071759986633,False,False,other,0.0002598554673078,-0.182190316883137,MIXED
AGTTCTGCGTTGTATC-1,5768,15746,1.0742289829820115,1.6735424672764676,-0.0889542131305945,True,True,interface,0.2642781626378471,0.8367712336382338,IMMUNE_EXHAUSTED
AGTTGACGGTCCTTGC-1,16013,10732,-0.8752756507885476,-0.364380633766274,-0.6376882675141908,False,False,other,0.0093732015310014,-0.182190316883137,MIXED
AGTTGCTGACTGATAT-1,6360,15858,0.4457326445328015,0.6270194548742898,0.7200129919447343,False,True,interface,0.0764577914768916,0.3135097274371449,IMMUNE_ACTIVE
AGTTTCGCAGGTCGGA-1,5558,10871,-0.5163533457591053,0.2973593810802188,0.9911413144262368,False,True,immune_core,0.0114399326219354,0.1486796905401094,STROMA
AGTTTGCACCTGCCTC-1,14629,9489,-0.8752756507885476,-0.364380633766274,-0.889293051562956,False,False,other,8.658560961183168e-05,-0.182190316883137,MIXED
AGTTTGGCCAGACCTA-1,12471,14369,-0.2385770451906575,-0.0371703688918016,1.255643179526836,False,False,other,0.0035100924408773,-0.0185851844459008,STROMA
ATAAACGGACCCGTAA-1,12463,10968,-0.8752756507885476,-0.0371703688918016,-0.6889547136089388,False,False,other,0.0006184011858204,-0.0185851844459008,MIXED
ATAAAGGCTCGGTCGT-1,9901,12221,-0.4071119038085329,0.4104096024760243,0.562577208501314,False,True,interface,0.0425728601679501,0.20520480123801216,MIXED
ATAAATATTAGCAGCT-1,10697,14713,0.0978355022947778,-0.0840655373844583,-0.5085609532097001,False,False,other,0.0053766806613096,-0.04203276869222915,MIXED
ATAAGGTGGAGAACAT-1,13051,9719,-0.8752756507885476,-0.364380633766274,-0.8653466394783,False,False,other,2.5619811574651107e-05,-0.182190316883137,MIXED
ATAAGTTACCGCGACG-1,12268,11988,-0.6324508142831123,-0.364380633766274,-0.5928277673263139,False,False,other,0.0011462746750049,-0.182190316883137,MIXED
ATAATACCGTTAGCCG-1,6360,16084,0.419134240068996,1.4737160869572212,-0.05386077777212,False,True,interface,0.2465260902843799,0.7368580434786106,IMMUNE_EXHAUSTED
ATAATAGCTGTTGAAT-1,12462,10741,-0.8752756507885476,-0.1971157587802638,-0.1446357814496928,False,False,other,0.0001728926249353,-0.0985578793901319,MIXED
ATAATAGTGTAGGGAC-1,6751,14496,-0.4103349011958974,0.2342485782979296,-0.0862280839824896,False,True,immune_core,0.0435954005256223,0.1171242891489648,MIXED
ATAATCTTGGAGAACC-1,15220,9147,-0.8752756507885476,-0.364380633766274,-0.7501448413846601,False,False,other,0.0001504729067371,-0.182190316883137,MIXED
ATAATTAGCTAAGTAG-1,15815,10619,-0.7591781822645406,-0.364380633766274,-0.4716396852159595,False,False,other,0.0044844232057123,-0.182190316883137,MIXED
ATACAGGCCCTCCAAT-1,14235,9716,-0.7591781822645406,-0.364380633766274,-0.1536478834895691,False,False,other,0.0001843041887766,-0.182190316883137,MIXED
ATACCACGGGCAACTT-1,10104,14601,0.0164954825749028,0.053266835569359,0.6841122949366383,False,False,interface,0.0192030561951452,0.0266334177846795,STROMA
ATACCAGCAAATTGCT-1,3981,11102,-0.3274342211752652,-0.364380633766274,0.4525887865959576,False,False,interface,0.2368248377646103,-0.182190316883137,MIXED
ATACCAGGCTAATAGA-1,4969,11666,-0.458410421650908,0.1300945060942085,0.2938061747950768,False,False,interface,0.0180392950652308,0.06504725304710425,MIXED
ATACCAGGTGAGCGAT-1,3390,11670,0.082799960006175,-0.1971157587802638,0.0892388055625416,False,False,interface,0.067722842097041,-0.0985578793901319,MIXED
ATACCTAACCAAGAAA-1,14632,10622,-0.7701329185137268,-0.364380633766274,0.8218146692705567,False,False,other,0.0021369573150399,-0.182190316883137,STROMA
ATACGCCGGCGAAACC-1,11077,9044,-0.7591781822645406,-0.1971157587802638,-0.7157482935220625,False,False,other,0.0005117439506135,-0.0985578793901319,MIXED
ATACGGAACGTCGTTT-1,14249,15385,-0.006535587724682,0.7219589444690142,0.1882690068075052,False,True,interface,0.0254648979195766,0.3609794722345071,IMMUNE_ACTIVE
ATACGGTGAAGATGCA-1,9715,16643,-0.3401633334265506,-0.364380633766274,0.2435719031024231,False,False,interface,0.0392274987708991,-0.182190316883137,MIXED
ATACGTACTTAGCCAC-1,14036,9150,-0.7623323599633464,-0.364380633766274,-0.6734595032334039,False,False,other,9.156476835457396e-05,-0.182190316883137,MIXED
ATACGTTATGCACGGA-1,15618,10733,-0.8752756507885476,-0.364380633766274,-0.6662353823112767,False,False,other,0.0226314137729471,-0.182190316883137,MIXED
ATACTAGCATGACCCT-1,7334,10980,1.200635187310993,-0.1971157587802638,0.0987452800198672,True,False,interface,0.1512739254748141,-0.0985578793901319,TUMOR
ATAGACGAAGAGAAAG-1,9705,12788,0.6040670313595118,-0.364380633766274,0.2320229656888735,True,False,interface,0.1550426335245675,-0.182190316883137,TUMOR
ATAGAGTACTGGGACA-1,8324,12452,-0.6193464583335758,-0.0992720792256356,0.4976717440932379,False,False,other,0.0234001908001636,-0.0496360396128178,MIXED
ATAGATTTGCAGTCGG-1,3387,10310,-0.5533208028256679,0.0511158719634572,-0.8603098138969637,False,False,other,0.0092762161883008,0.0255579359817286,MIXED
ATAGCCTCAGTACCCA-1,6755,16310,0.6760204249210273,1.6123732091796183,0.0011604694563051,True,True,interface,0.1944745036226634,0.8061866045898092,IMMUNE_EXHAUSTED
ATAGGCGGCTATAGAA-1,11681,14144,-0.5851377896323362,-0.1971157587802638,0.7337210122180212,False,False,other,0.0066891946477619,-0.0985578793901319,STROMA
ATAGGGATATCCTTGA-1,7331,9847,-0.214490930350064,0.9201294529610158,0.614697799439207,False,True,interface,0.216062446941668,0.4600647264805079,IMMUNE_EXHAUSTED
ATAGGTTGGGCAGATG-1,8714,10637,-0.2596634750024914,0.053266835569359,0.916065835518927,False,False,other,0.0079368921702167,0.0266334177846795,STROMA
ATAGTCTTTGACGTGC-1,4571,10307,-0.0471586401316657,-0.364380633766274,0.1599520889241093,False,False,other,0.0187515695035505,-0.182190316883137,MIXED
ATAGTGAAGCGTTCTC-1,11280,11424,-0.7453941051083136,0.053266835569359,0.1212356450681413,False,False,other,0.072380096199645,0.0266334177846795,MIXED
ATATAAAGCGCTCGTG-1,14631,10169,-0.8752756507885476,0.0799082823849405,-0.2677167430197632,False,False,other,0.002052413881271,0.03995414119247025,MIXED
ATATAAATGTAGCTGC-1,13840,9491,-0.7623323599633464,-0.364380633766274,-0.0878136492396542,False,False,other,6.428117175277994e-06,-0.182190316883137,MIXED
ATATCTTAGGGCCTTC-1,10096,10974,0.495655684225717,-0.0371703688918016,-0.0210809739479195,False,False,other,0.0038827553525305,-0.0185851844459008,MIXED
ATATTCAGTTAAACCT-1,11877,13350,1.3841790992679284,0.0831993376015518,-0.2718795994770478,True,False,tumor_core,0.0296673476376984,0.0415996688007759,TUMOR
ATATTCCACATAGTGA-1,13247,9152,-0.8752756507885476,-0.364380633766274,-0.3612447009928578,False,False,other,2.923566649991376e-05,-0.182190316883137,MIXED
ATATTCCCACAGGTCA-1,5362,11212,-0.4909497936067015,0.0511158719634572,1.3851869809761843,False,False,other,0.000676307891012,0.0255579359817286,STROMA
ATATTGCTGTCAAAGT-1,6750,14269,-0.0186549488320339,-0.0416726540253654,0.5259039732576289,False,False,other,0.0400955823636922,-0.0208363270126827,MIXED
ATATTTAACCCTCAAG-1,9308,11656,1.2163026480484205,-0.364380633766274,0.6037209096260021,True,False,interface,0.0289738956730747,-0.182190316883137,TUMOR
ATCAAACGAAGGTTTG-1,12865,14141,-0.7701329185137268,-0.1971157587802638,0.3685327797229531,False,False,other,0.0122872724838605,-0.0985578793901319,MIXED
ATCAATCTGGGCTGCA-1,9700,10521,0.6561107454623815,0.6321046936238139,0.4881436000793547,True,True,interface,0.1933901863896339,0.31605234681190697,IMMUNE_ACTIVE
ATCAATGCCGTGGCTG-1,15236,15722,-0.6912655167493418,-0.364380633766274,-0.6985666962595397,False,False,other,0.0050867029331718,-0.182190316883137,MIXED
ATCACGTGCTAATTAA-1,12272,13802,-0.6161922806347702,-0.0992720792256356,0.3589157404802055,False,False,other,0.0051622328665299,-0.0496360396128178,MIXED
ATCACTTCATCCTCGC-1,7332,10300,-0.7591781822645406,-0.0992720792256356,0.1477873434548708,False,False,other,0.0119773362749502,-0.0496360396128178,MIXED
ATCAGACGGCACGCCG-1,11876,13123,0.4532573510124641,0.1300945060942085,0.2562506110358341,False,False,interface,0.0113228163820678,0.06504725304710425,MIXED
ATCAGCTCGTCCACTA-1,12870,16182,0.853375744200442,-0.364380633766274,-0.3177911877219852,True,False,interface,0.0348836599468258,-0.182190316883137,TUMOR
ATCATCCAATATTTGT-1,10885,11198,0.1630080365231429,-0.364380633766274,0.090388482779512,False,False,other,0.0134915614174375,-0.182190316883137,MIXED
ATCCAACGCAGTCATA-1,8130,13699,0.9177909306034144,0.2504642125875622,0.0915290466704523,True,True,immune_core,0.066568469071826,0.1252321062937811,TUMOR
ATCCAATGGAGGGTCC-1,11683,14824,-0.5345879702773881,-0.364380633766274,-0.1455088755442979,False,False,other,0.0090508379919901,-0.182190316883137,MIXED
ATCCACATCGACAGAA-1,15418,9713,-0.6271470168839564,-0.364380633766274,-1.1601114282293317,False,False,other,0.0001838410925288,-0.182190316883137,MIXED
ATCCAGAGCAACAACC-1,13057,11987,-0.8752756507885476,-0.0298508837942535,-0.0103326930869878,False,False,other,0.0009135402073505,-0.01492544189712675,MIXED
ATCCAGGATTCGTGAA-1,11086,12672,1.0402612108971236,0.23099566467978,0.1937011522685232,True,True,interface,0.0313092231136554,0.11549783233989,TUMOR
ATCCCATCCACAGCGC-1,15435,16289,-0.6462348914393393,-0.364380633766274,0.1702235228722219,False,False,other,0.0022926114472917,-0.182190316883137,MIXED
ATCCTACCTAAGCTCT-1,11874,12443,-0.4513322482496527,0.4993571328385681,-0.2332788371590304,False,True,interface,0.1481248501753416,0.24967856641928404,MIXED
ATCCTGAATCGCTGCG-1,10697,14940,0.5058208740622236,-0.0840655373844583,-0.2720991511416286,False,False,other,0.0074588695590899,-0.04203276869222915,MIXED
ATCCTGCGTGGAATGG-1,12072,12556,-0.2032036143450613,-0.364380633766274,-0.0911461753324422,False,False,interface,0.0967921432081772,-0.182190316883137,MIXED
ATCGACCCAATACAGA-1,11673,10743,-0.6486483585735573,-0.0992720792256356,-0.411174024803722,False,False,other,0.0002333523201039,-0.0496360396128178,MIXED
ATCGACTCTTTCCGTT-1,7728,10979,-0.2481249571012662,1.672635951851426,1.6558602820665445,False,True,interface,0.6425265681714863,0.836317975925713,IMMUNE_EXHAUSTED
ATCGCACGCCGGGAGA-1,8124,11432,0.7915468697156466,0.8325040622063092,0.6918267807262349,True,True,interface,0.0441116274251003,0.4162520311031546,IMMUNE_EXHAUSTED
ATCGGAGACAGACGGC-1,13445,9265,-0.649389069138145,-0.364380633766274,-0.1454962346758289,False,False,other,0.000403873027223,-0.182190316883137,MIXED
ATCGTGGAAAGTCTGG-1,15629,15268,-0.8752756507885476,-0.364380633766274,-1.085934730332379,False,False,other,0.0029519458191639,-0.182190316883137,MIXED
ATCTAATATCCTACGG-1,14039,10284,-0.8752756507885476,-0.0840655373844583,-0.4993393212718807,False,False,other,0.0008911002281649,-0.04203276869222915,MIXED
ATCTAGCTTGTGAGGG-1,16407,10505,-0.6694182713496748,-0.364380633766274,-0.7510520806472354,False,False,other,0.000434950232299,-0.182190316883137,MIXED
ATCTCCCTGCAATCTA-1,6345,9736,-0.6324508142831123,-0.364380633766274,-0.0219066441698426,False,False,other,0.0098373894145658,-0.182190316883137,MIXED
ATCTGACATGGAAGGA-1,15624,13227,-0.474607965941353,-0.364380633766274,-0.8236627716095342,False,False,other,0.0001313939169111,-0.182190316883137,MIXED
ATCTGCTGTTATCGCC-1,16409,11411,-0.4481780705508469,-0.0371703688918016,-0.4021219471637534,False,False,other,0.0077977390959879,-0.0185851844459008,MIXED
ATCTGGGCTGTTCTTG-1,15222,10054,-0.8752756507885476,-0.0371703688918016,-0.6157749277724021,False,False,other,0.000115166178743,-0.0185851844459008,MIXED
ATCTGTAATTGTACCC-1,6152,11437,0.1463311170478124,0.3043114751333812,0.958246598687958,False,True,interface,0.13803485206678,0.1521557375666906,STROMA
ATCTTGACCTGCAACG-1,8325,12905,0.4279729495094019,0.7748157819525179,0.4488569723679503,False,True,interface,0.0600880660710941,0.38740789097625894,IMMUNE_ACTIVE
ATGAAGCCAAGGAGCC-1,7535,12680,1.711373281834679,-0.1971157587802638,-0.2532824142748571,True,False,tumor_core,0.0175712882275674,-0.0985578793901319,TUMOR
ATGACGCCGGCTCTAA-1,6348,11323,1.0880764510925207,0.7338718958397287,0.4566793428501284,True,True,interface,0.2087451454651697,0.36693594791986434,IMMUNE_ACTIVE
ATGACGCGTTCTATCC-1,13458,14480,-0.6462348914393393,0.500846806937185,0.2175287326259543,False,True,interface,0.0362524280189619,0.2504234034685925,MIXED
ATGACTATCAGCTGTG-1,15624,13001,-0.8752756507885476,-0.364380633766274,-0.4549287538637515,False,False,other,0.0004856394272254,-0.182190316883137,MIXED
ATGAGGAGTGTTAATC-1,8130,13926,-0.0550051624872865,-0.364380633766274,0.0343284646913049,False,False,interface,0.0270102384105911,-0.182190316883137,MIXED
ATGATCGGGAATAGAC-1,6350,11776,1.1254435059781722,-0.0371703688918016,-0.3899780287807473,True,False,interface,0.0393259881968264,-0.0185851844459008,TUMOR
ATGATGCAATGGTACA-1,11874,12216,-0.8752756507885476,-0.364380633766274,0.295815768907206,False,False,other,0.0310131084093294,-0.182190316883137,MIXED
ATGCACGCGCTGTTCA-1,14844,16630,0.5356000975365436,-0.0840655373844583,0.5541266251184279,False,False,interface,0.034387096437433,-0.04203276869222915,MIXED
ATGCACTACCGCATTG-1,8522,12791,0.7435437696509615,0.23099566467978,0.9873289488442848,True,True,interface,0.0205810940603731,0.11549783233989,TUMOR
ATGCATGATCCAGGAT-1,8122,10525,0.4705599517032631,0.053266835569359,1.0068158612368625,False,False,interface,0.0068063053225153,0.0266334177846795,STROMA
ATGCATTCCGTGATGG-1,3983,12009,1.249309458836669,0.0637307896937697,0.0183017409394814,True,False,interface,0.1122319139997842,0.03186539484688485,TUMOR
ATGCCGGTCTTGCATA-1,9303,9388,0.7267631745136633,-0.364380633766274,0.1661482758659321,True,False,tumor_core,0.0289981647977983,-0.182190316883137,TUMOR
ATGCGACAGTCCCATT-1,10093,9840,-0.2663371193682622,-0.0992720792256356,-0.0990163863313988,False,False,other,0.0071637757147117,-0.0496360396128178,MIXED
ATGCTCAGTGTTGCAT-1,7343,14608,-0.1831291965434276,-0.0371703688918016,0.208146775464037,False,False,interface,0.0708325771642633,-0.0185851844459008,MIXED
ATGCTCTGGCGCGGTA-1,15023,9261,-0.8752756507885476,-0.364380633766274,-0.664667695940813,False,False,other,1.0439142932677624e-05,-0.182190316883137,MIXED
ATGGAGCAGGCCGTGA-1,10291,10406,-0.4750245693237317,-0.364380633766274,-0.0305101636492647,False,False,other,0.0018279604565879,-0.182190316883137,MIXED
ATGGATTGACCAAACG-1,8517,10977,-0.1216480614065044,-0.364380633766274,0.3818048508038951,False,False,other,0.0165596061219859,-0.182190316883137,MIXED
ATGGCAGCATTACGAT-1,15828,15834,-0.4371813999687822,0.0831993376015518,-0.2797007854845503,False,False,other,0.0014766916793969,0.0415996688007759,MIXED
ATGGGACCTGCTGAAC-1,15233,14362,-0.106881221374715,-0.364380633766274,-0.7988596058810653,False,False,other,0.0029698016969429,-0.182190316883137,MIXED
ATGGGTGTATACCTCC-1,15826,15154,-0.8752756507885476,0.0511158719634572,-0.8098783653629396,False,False,other,0.0036619756753612,0.0255579359817286,MIXED
ATGGTGCTCAAAGCCA-1,3390,11444,0.7357360023787481,0.2205317105553692,0.4056728832009945,True,True,interface,0.2114551171181794,0.1102658552776846,TUMOR
ATGTACGATGACGTCG-1,16210,10618,-0.7453941051083136,-0.364380633766274,-1.0169037659491085,False,False,other,0.0017331779391586,-0.182190316883137,MIXED
ATGTGAAAGCCTAATG-1,12276,15389,0.6223445292588978,0.2471731573709508,0.4659212034280741,True,True,interface,0.0077417035563306,0.1235865786854754,TUMOR
ATGTGCATCCGACGCA-1,7730,11433,0.6765240450403593,0.41934392045144,1.1786012203510985,True,True,interface,0.03176137554163,0.20967196022572,STROMA
ATGTGGACATCTTGAT-1,12460,9834,-0.8752756507885476,-0.1971157587802638,-0.3867159116771757,False,False,other,0.0004817619877361,-0.0985578793901319,MIXED
ATGTGTAGTTTAGTCA-1,4178,11215,-0.2330715111763286,0.2386424423564502,0.1447693164246807,False,True,interface,0.087635788079885,0.1193212211782251,MIXED
ATGTTACGAGCAATAC-1,6159,14611,0.8592049025104878,-0.046066518083886,-0.4413392230085052,True,False,interface,0.1397672484469912,-0.023033259041943,TUMOR
ATGTTCGTCGACCCAC-1,9911,16302,1.572616522217244,-0.364380633766274,0.5188997776192139,True,False,interface,0.0938098686504883,-0.182190316883137,TUMOR
ATGTTGTAGTCTGTTT-1,16017,12546,-0.215983133502833,0.3759748153102676,-0.4712454364649797,False,True,interface,0.1416217074850092,0.1879874076551338,MIXED
ATTAAACATGCGGACC-1,11674,11196,-0.7322897491587772,-0.364380633766274,-0.6499797472128227,False,False,other,0.0016278279562679,-0.182190316883137,MIXED
ATTAATACTACGCGGG-1,7530,10413,-0.0522883084548422,0.1300945060942085,0.2868527924589554,False,False,other,0.0096255503574916,0.06504725304710425,MIXED
ATTAATTCGGTCACTC-1,5952,10417,-0.1940232540979744,-0.0840655373844583,0.928867811122834,False,False,interface,0.0216118077252078,-0.04203276869222915,STROMA
ATTACGCGCTGGCAGG-1,11090,14485,0.2685993577190437,-0.1971157587802638,0.8326599458617384,False,False,other,0.0075958831151045,-0.0985578793901319,STROMA
ATTACTAGCCTCTTGC-1,6747,12909,1.1343243624972932,0.5080197058449843,-0.0865530895140179,True,True,interface,0.0362070072187894,0.2540098529224922,MIXED
ATTAGATTGATAGCGG-1,6943,12342,1.5661769641167995,0.2205317105553692,-0.35508737905664,True,True,interface,0.0182965386313481,0.1102658552776846,TUMOR
ATTAGGCGATGCTTTC-1,10487,9839,0.8963781211216002,0.053266835569359,0.0114292993848384,True,False,tumor_core,0.0204491986968798,0.0266334177846795,TUMOR
ATTATCGGAATGTACG-1,16803,11410,-0.7322897491587772,-0.364380633766274,-0.246971355061614,False,False,other,0.002202099066458,-0.182190316883137,MIXED
ATTATCTCGACAGATC-1,4572,10987,0.5802727811390298,-0.0840655373844583,0.1773741205180795,False,False,interface,0.0278337995513157,-0.04203276869222915,MIXED
ATTATGCCATAGGGAG-1,7336,11887,1.0873252165759142,0.2279381856488367,-0.0509440527060053,True,True,interface,0.0097227560460198,0.11396909282441835,TUMOR
ATTATTATGTCCGTCA-1,14836,13683,-0.1072886751718461,-0.1971157587802638,-0.2621979501796428,False,False,other,0.0011178837745938,-0.0985578793901319,MIXED
ATTCACTGATGTTGGA-1,14236,10170,-0.7623323599633464,-0.0840655373844583,-0.7822497878890923,False,False,other,0.000145556976247,-0.04203276869222915,MIXED
ATTCAGTAGCAGGGTC-1,8528,15059,-0.4371813999687822,-0.364380633766274,-0.7995194057719327,False,False,other,0.0207802525939428,-0.182190316883137,MIXED
ATTCATATACTGTCCA-1,12266,11082,-0.7623323599633464,-0.364380633766274,-0.2207050559699901,False,False,other,0.0007272394698574,-0.182190316883137,MIXED
ATTCCCACATAAACAA-1,8331,15172,-0.1400170205201926,-0.364380633766274,-1.0169037659491085,False,False,interface,0.0526426060486428,-0.182190316883137,MIXED
ATTCCTCCGCCAGTGC-1,7735,13473,-0.7623323599633464,-0.1971157587802638,0.2372201014202463,False,False,other,0.0562003986275417,-0.0985578793901319,MIXED
ATTCGACGCCGGGCCT-1,10303,14941,0.0230812814004707,-0.364380633766274,0.2508699353098867,False,False,interface,0.0235999095935976,-0.182190316883137,MIXED
ATTCTCGTCTCTTTAG-1,5364,12119,1.2272355562241144,0.9758999333947438,-0.1413916943226695,True,True,interface,0.4327134667554388,0.4879499666973719,IMMUNE_EXHAUSTED
ATTGAAGATCTTAGTG-1,9310,12336,0.1374621941029531,-0.1971157587802638,0.3039258445997048,False,False,interface,0.0679976231540928,-0.0985578793901319,MIXED
ATTGACGTAACTCGGT-1,4767,9740,1.0303968754546298,0.3314309683452731,-0.4803170111038,True,True,tumor_core,0.0798386362910773,0.16571548417263654,MIXED
ATTGATAGCAACGAGA-1,5570,15406,1.071818523450738,0.0511158719634572,-0.1343617696627596,True,False,interface,0.3173379970320377,0.0255579359817286,TUMOR
ATTGATCACCACATTT-1,13464,16974,0.0621967634498132,-0.1971157587802638,-0.3052086602604721,False,False,other,0.0080999384582416,-0.0985578793901319,MIXED
ATTGCTGCTCCTCCAT-1,10101,13014,0.9738156502030418,1.6467617312202754,1.4356697644707168,True,True,interface,0.4409492129329439,0.8233808656101377,IMMUNE_EXHAUSTED
ATTGGGAATATCTTGG-1,5561,12005,-0.7322897491587772,-0.364380633766274,0.4685756157808413,False,False,interface,0.2393014916091314,-0.182190316883137,MIXED
ATTTAACTCGTATTAC-1,5956,12004,2.0491353654287248,-0.364380633766274,0.1427128452398003,True,False,interface,0.144420840855986,-0.182190316883137,TUMOR
ATTTACAGTTTACTGG-1,9116,13583,0.953712699976428,0.3162244265040957,0.1728398186153404,True,True,interface,0.015490240341213,0.15811221325204786,MIXED
ATTTCCGGGTTCTGCG-1,14048,13911,0.6325731682338904,-0.1971157587802638,-0.7693354020073426,True,False,interface,0.047964048680926,-0.0985578793901319,TUMOR
ATTTGCCTAGTTACGA-1,3389,10990,1.0424165014450375,1.6875793668547532,0.2253796769610591,True,True,interface,0.404093006265627,0.8437896834273766,IMMUNE_EXHAUSTED
ATTTGCGCGAGTAGCT-1,13655,14366,0.0501375697875343,-0.0298508837942535,0.489351794848411,False,False,interface,0.0600656150359644,-0.01492544189712675,MIXED
ATTTGTTCCAGGGCTC-1,6937,9848,-0.3055472109281799,-0.0992720792256356,-0.0330068759308061,False,False,interface,0.0244788838019899,-0.0496360396128178,MIXED
CAAACGAGTATCGCAG-1,12467,12555,-0.8752756507885476,0.0831993376015518,0.2046758691743687,False,False,other,0.0135093248313132,0.0415996688007759,MIXED
CAAACGGTCGCACTTT-1,9115,13357,1.182508119870101,0.2205317105553692,0.2094599994283444,True,True,interface,0.0312267399025086,0.1102658552776846,TUMOR
CAAAGATTATTGGGCC-1,14247,14478,-0.2737302241215115,-0.1971157587802638,-0.2661525559864354,False,False,other,0.0111539753971412,-0.0985578793901319,MIXED
CAAATCTCTCACAAGG-1,11881,15164,-0.483149235056321,0.0637307896937697,0.0045384432634706,False,False,other,0.00527146603218,0.03186539484688485,MIXED
CAAATGCGGAGTGTTC-1,3192,11331,-0.7623323599633464,0.0637307896937697,0.3350986015984884,False,False,interface,0.636424824443143,0.03186539484688485,MIXED
CAAATGTCCTTCCGTG-1,12070,11876,-0.8752756507885476,-0.364380633766274,-0.3347372809774419,False,False,other,0.0007553835707595,-0.182190316883137,MIXED
CAAATTGTCAGCAAGC-1,5754,10304,-0.6271470168839564,0.1211983569021241,0.5986926301760166,False,False,interface,0.0082493188225021,0.06059917845106205,MIXED
CAACAGTGCCAAACGG-1,3189,9970,-0.5925308943855855,-0.364380633766274,-0.912543064287566,False,False,other,4.060880435545389e-05,-0.182190316883137,MIXED
CAACGACCCGTTTACA-1,7140,12228,1.8266556807417071,-0.046066518083886,0.1123549070392663,True,False,interface,0.0272857430236763,-0.023033259041943,TUMOR
CAACGGTTCTTGATAC-1,6749,13589,0.9238615848009412,0.18104301715618,0.5860457278618931,True,True,interface,0.082910837703195,0.09052150857809,TUMOR
CAACTCCTTGATCCCG-1,6746,12682,1.833644614516032,1.3111724212846136,0.4537187501141334,True,True,interface,0.316500874633875,0.6555862106423068,IMMUNE_EXHAUSTED
CAACTGCTCATCCGAT-1,14831,11642,-0.8752756507885476,-0.364380633766274,-0.3462320620909911,False,False,other,0.0001355452578815,-0.182190316883137,MIXED
CAAGAGGGCGGAGTAC-1,12262,9494,-0.7012352581563432,-0.364380633766274,0.0709367757834062,False,False,other,4.6580415461890325e-05,-0.182190316883137,MIXED
CAAGCAACGTCGGAGT-1,9510,13582,1.3327989676988568,-0.364380633766274,0.9746793886634532,True,False,interface,0.0629998288998879,-0.182190316883137,TUMOR
CAAGCACCAAATGCCT-1,6741,10415,0.2763587908473858,0.8728012766984123,0.7808691401785358,False,True,interface,0.3532655319846935,0.43640063834920617,IMMUNE_EXHAUSTED
CAAGCGGCACATAATT-1,13840,9717,-0.7322897491587772,-0.364380633766274,0.2863501339303443,False,False,other,0.0001368402485018,-0.182190316883137,MIXED
CAAGGATCGCATGTTC-1,11080,10178,0.787551205801238,-0.364380633766274,0.8187604145142358,True,False,interface,0.0394930687309356,-0.182190316883137,TUMOR
CAAGTAAGTGATAGAC-1,16805,11864,-0.7453941051083136,-0.0840655373844583,-0.5231204156581013,False,False,other,0.0062635366076607,-0.04203276869222915,MIXED
CAAGTGAACTTTGGTT-1,4377,11781,0.6446092971939199,0.2183807469494675,0.3505826694862676,True,True,interface,0.020786206649539,0.10919037347473375,TUMOR
CAATAAACCTTGGCCC-1,8317,9504,-0.4513322482496527,0.4537557389297329,0.6923169119035338,False,True,interface,0.0271144373676506,0.22687786946486646,STROMA
CAATACGCTCTGAGGC-1,11096,16753,-0.3902351464426495,0.0637307896937697,-0.5756593974853459,False,False,other,0.0022758275591089,0.03186539484688485,MIXED
CAATATTCTTGACCTA-1,13849,13345,1.1102445590180128,0.0831993376015518,-0.4957419384106901,True,False,tumor_core,0.0027084750809282,0.0415996688007759,TUMOR
CAATCCTGCCGTGGAG-1,5963,15178,1.086320801031362,1.2791293423323862,0.1716934987875358,True,True,interface,0.0551143894514607,0.6395646711661931,IMMUNE_EXHAUSTED
CAATGGTCGGCCTGGG-1,4376,11554,-0.2465522014343292,0.1255922209606447,0.3659148096144206,False,False,interface,0.2076205700475832,0.06279611048032235,MIXED
CAATTAAGGGTGATGA-1,8911,10523,-0.4526991704546207,-0.364380633766274,0.653057214872635,False,False,other,0.0152555496839693,-0.182190316883137,STROMA
CAATTTCGTATAAGGG-1,10490,10746,0.3535769791781356,-0.364380633766274,0.0811573061246348,False,False,other,0.0134734989521301,-0.182190316883137,MIXED
CACAATGAGCTGCTAT-1,11479,12217,0.2994731966550185,-0.0840655373844583,0.4034302313351706,False,False,interface,0.0114799481085554,-0.04203276869222915,MIXED
CACACAGGGATAGATT-1,8132,14833,-0.5861227844745208,-0.1971157587802638,-0.8198708961905302,False,False,other,0.0220943063471251,-0.0985578793901319,MIXED
CACAGAGACGAGGACG-1,15827,15607,-0.7623323599633464,-0.1971157587802638,-0.9682242919844356,False,False,other,0.0012150947512641,-0.0985578793901319,MIXED
CACAGCACCCACGGCA-1,9307,11202,1.097093181218481,0.7959736061735626,0.1980848643034669,True,True,interface,0.1152077950700422,0.3979868030867813,IMMUNE_ACTIVE
CACAGCTAGGGAGTGA-1,7137,11094,1.0999617186135846,0.23099566467978,0.4448655195943755,True,True,interface,0.0090487670784684,0.11549783233989,TUMOR
CACAGGGCCGTTGTCA-1,15422,11074,-0.7623323599633464,-0.0992720792256356,-0.5462157086907677,False,False,other,0.0037974800576267,-0.0496360396128178,MIXED
CACATATTAGCAGGAT-1,12459,9607,-0.7453941051083136,-0.364380633766274,-0.2571078483087458,False,False,other,0.0001037657948462,-0.182190316883137,MIXED
CACATCGTGCACGCGC-1,15033,13569,-0.418490501753381,-0.364380633766274,-0.68202195103871,False,False,other,0.0004025165923528,-0.182190316883137,MIXED
CACATCTCACCGACGA-1,14431,9376,-0.7591781822645406,-0.364380633766274,-0.0893441324523486,False,False,other,0.0002440631762456,-0.182190316883137,MIXED
CACATGATTCAGCAAC-1,10686,10632,0.0289913227029526,-0.364380633766274,0.572100928078242,False,False,other,0.0097748425133563,-0.182190316883137,MIXED
CACATGTTTGGACATG-1,5176,15860,1.318684383049624,0.0831993376015518,-0.1962371104685248,True,False,interface,0.3021370813344955,0.0415996688007759,TUMOR
CACCACGCCACACAGA-1,11097,16980,-0.0972492921634616,-0.0298508837942535,0.3789423004931977,False,False,other,0.0013633937745764,-0.01492544189712675,MIXED
CACCAGTCAGCATGCA-1,15038,15383,-0.0395750305394693,-0.364380633766274,-0.6802322479868642,False,False,interface,0.0192180094076445,-0.182190316883137,MIXED
CACCATCGGAGGAGAC-1,5361,10985,-0.4863107349545362,-0.364380633766274,0.2675595669320234,False,False,other,0.0048944303218923,-0.182190316883137,MIXED
CACCCACACGTCACCC-1,6550,13023,0.9861554784509616,0.0831993376015518,0.6149071823549651,True,False,interface,0.0457296788835391,0.0415996688007759,TUMOR
CACCCGGTTTGTGACT-1,13652,13459,1.3044354591780212,0.0831993376015518,-0.2560277289531026,True,False,tumor_core,0.0124821333736988,0.0415996688007759,TUMOR
CACCCTTGGTGAGACC-1,13067,16068,-0.0960281393403474,-0.364380633766274,-0.7404120802082294,False,False,other,0.0219890215143624,-0.182190316883137,MIXED
CACCGCCAGAAGGTTT-1,8518,11204,-0.6324508142831123,-0.0840655373844583,1.158092452250109,False,False,other,0.0893926185020139,-0.04203276869222915,STROMA
CACCGCCGACCAGCGA-1,4965,10306,-0.4120823918423165,-0.0992720792256356,0.7802316936745084,False,False,other,0.0185239237300139,-0.0496360396128178,STROMA
CACCGTTAGGGATCAC-1,13653,13686,1.4261421553673668,-0.1971157587802638,-1.0633593614542582,True,False,tumor_core,0.0047681657735549,-0.0985578793901319,TUMOR
CACCGTTGCGCGATAT-1,12472,14595,-0.6193464583335758,-0.364380633766274,0.3706751715013189,False,False,other,0.0044614557727323,-0.182190316883137,MIXED
CACCTAATAGAGTCGT-1,6555,15063,-0.4135200137195975,0.2766414616570225,0.5857575670915504,False,True,immune_core,0.2433036611505038,0.13832073082851126,MIXED
CACCTAATCAGTTTAC-1,7134,9734,0.6593735584893012,1.100338525260095,1.0211604083073431,True,True,interface,0.1418830587470705,0.5501692626300475,IMMUNE_EXHAUSTED
CACCTCGATGGTGGAC-1,6740,9961,-0.5222243774903553,-0.364380633766274,0.0071482039010358,False,False,other,0.0143983109533803,-0.182190316883137,MIXED
CACGAAAGTTAGTCCC-1,9710,14602,1.028011380036846,-0.364380633766274,0.372600255528675,True,False,interface,0.0297378577290097,-0.182190316883137,TUMOR
CACGACTAAAGTTCTG-1,3787,12349,-0.4136240806185025,-0.364380633766274,0.1378522376426516,False,False,other,0.0097603602588162,-0.182190316883137,MIXED
CACGATTGGTCGTTAA-1,3195,12238,0.3615876721551759,-0.1971157587802638,0.4146860977151002,False,False,other,0.0075759512070109,-0.0985578793901319,MIXED
CACGCACAGCGCAGCT-1,7923,9732,0.610975232769138,0.3982605396657903,-0.3506824748470739,True,True,interface,0.0153601945161665,0.19913026983289514,MIXED
CACGCAGCGAGGCTTT-1,9312,13016,0.7573526925011759,0.2205317105553692,0.3440366485647145,True,True,interface,0.0217485225597024,0.1102658552776846,TUMOR
CACGGGATTGAGGGTT-1,9320,16644,1.0495755893994525,-0.364380633766274,-0.1029519135809271,True,False,interface,0.034220764686766,-0.182190316883137,TUMOR
CACGTCGGCAACCTCT-1,12864,13688,-0.5410921591645185,0.2205317105553692,0.7545319401300193,False,True,immune_core,0.0089818385108707,0.1102658552776846,STROMA
CACTAAAGTTGCCTAT-1,10098,12107,0.3199760661104298,0.2431447274900141,0.600408418808241,False,True,interface,0.0246680114510692,0.12157236374500704,STROMA
CACTCAAGAGCTATGG-1,10886,11425,0.2636605586509041,0.053266835569359,0.9047507922764806,False,False,interface,0.022719514498985,0.0266334177846795,STROMA
CACTCAGCTCTTGAGG-1,5359,9852,-0.7591781822645406,-0.1971157587802638,0.2935401788635893,False,False,other,0.019365081589914,-0.0985578793901319,MIXED
CACTCCTATGTAAGAT-1,14245,13797,0.2894250624509334,-0.0840655373844583,-0.3674026599026266,False,False,interface,0.0064406293783666,-0.04203276869222915,MIXED
CACTCGAGCTGAACAA-1,12656,9493,-0.2956884540387088,-0.364380633766274,0.2654456914010922,False,False,other,2.4612517541459515e-05,-0.182190316883137,MIXED
CACTCGGTTAGGAGGA-1,10109,16415,0.2563496412036792,0.0637307896937697,-0.0841142987386057,False,False,interface,0.0124906892009647,0.03186539484688485,MIXED
CACTCTCAAGCATCGA-1,16806,12544,-0.6462348914393393,-0.364380633766274,-1.0004116435131576,False,False,other,0.0032363311937804,-0.182190316883137,MIXED
CACTGACGATTGTGGA-1,16016,12093,0.7221758906946446,-0.364380633766274,-0.7679815439126644,True,False,interface,0.0930253577221396,-0.182190316883137,TUMOR
CACTGTCCAAGTGAGA-1,6944,13022,0.3965493689697549,0.6966402525203177,0.6620597720030281,False,True,interface,0.0918539198258594,0.34832012626015885,IMMUNE_ACTIVE
CACTTAATCAGACGGA-1,9902,12448,-0.0909845323739664,0.053266835569359,0.8812491010714938,False,False,interface,0.0085921326385228,0.0266334177846795,STROMA
CACTTCGCCACAGGCT-1,7342,14381,-0.5925308943855855,0.4484086217765965,-0.2015582822948979,False,True,immune_core,0.0549890800535847,0.22420431088829826,MIXED
CACTTCGTCTTATCTC-1,5966,16312,1.9653408069313565,2.9981651878568853,-0.0826747140102999,True,True,interface,0.4330398482518971,1.4990825939284427,IMMUNE_EXHAUSTED
CAGACACCGATCGCTG-1,13649,12098,-0.6324508142831123,-0.364380633766274,-0.1257008053749992,False,False,other,0.0005000509893776,-0.182190316883137,MIXED
CAGACGAACCTGATAC-1,13057,12213,-0.5103698271532588,-0.364380633766274,0.0840915193944223,False,False,other,0.0002154418915276,-0.182190316883137,MIXED
CAGAGACGGTCACCCA-1,13253,11419,-0.7701329185137268,0.3288393442344081,-0.2433765008850877,False,True,immune_core,0.0011337607709887,0.16441967211720404,MIXED
CAGAGCATGAGCTTGC-1,8318,9958,0.2489002507704747,0.2279381856488367,1.7907763670312915,False,True,interface,0.0072244718875745,0.11396909282441835,STROMA
CAGAGGCGATGCATGA-1,13847,12438,-0.6571896276885255,-0.0298508837942535,0.020757330386897,False,False,other,0.0016083525072003,-0.01492544189712675,MIXED
CAGAGTGATTTAACGT-1,4965,10079,-0.139491019872741,-0.0992720792256356,0.0043554779907343,False,False,other,0.0317983893348952,-0.0496360396128178,MIXED
CAGATACTAACATAGT-1,8324,12678,0.2079818007712861,-0.0298508837942535,0.4613338958048062,False,False,interface,0.0292134444717895,-0.01492544189712675,MIXED
CAGATCCTGGTTTGAA-1,14053,15952,0.0005256771286852,0.977744930558613,0.0695094090469235,False,True,interface,0.1189398446224027,0.4888724652793065,IMMUNE_EXHAUSTED
CAGCAGTCTGTGCTGC-1,15418,9487,-0.8752756507885476,-0.364380633766274,-0.8674924537896628,False,False,other,0.0002458788664301,-0.182190316883137,MIXED
CAGCCCTCACAGGCAG-1,3783,10762,0.3142746475043997,0.0511158719634572,0.2219830676621155,False,False,interface,0.0208769042919986,0.0255579359817286,MIXED
CAGCGATTCCCTTCAA-1,13651,13005,0.2235591874779883,-0.1971157587802638,-0.1087110165073998,False,False,other,0.0083494383134982,-0.0985578793901319,MIXED
CAGCTCACTGAGACAT-1,9702,11201,0.8162739236560507,0.2279381856488367,0.7021903051062389,True,True,interface,0.0051330039052776,0.11396909282441835,TUMOR
CAGCTCGTGCTTGTGT-1,5958,13138,-0.1046275873733757,-0.364380633766274,0.352584521378089,False,False,interface,0.0870787934819091,-0.182190316883137,MIXED
CAGCTGGCGTAACCGT-1,12671,15389,-0.4102929668630187,0.0511158719634572,0.7146293520584404,False,False,interface,0.038375883605623,0.0255579359817286,STROMA
CAGCTTAGTAGGTAGC-1,9513,14716,0.3957615307038334,-0.364380633766274,-0.001870567499365,False,False,other,0.02563169337512,-0.182190316883137,MIXED
CAGGATATATCGTTGT-1,11871,11083,-0.7591781822645406,-0.364380633766274,-0.2658473734386864,False,False,other,0.000567069177891,-0.182190316883137,MIXED
CAGGATCCGCCCGACC-1,3392,12350,-0.2445633256053294,-0.364380633766274,0.6226055551962479,False,False,other,0.0099909629824912,-0.182190316883137,STROMA
CAGGCCGTTTGGGTGT-1,10890,13012,0.6784387709342063,0.9268072667913272,0.1752312512096913,True,True,interface,0.1464760869551362,0.4634036333956636,IMMUNE_EXHAUSTED
CAGGCGCACGGTGGTC-1,14247,14704,-0.2487707329375561,-0.1971157587802638,-0.302917353737066,False,False,other,0.1058230534572611,-0.0985578793901319,MIXED
CAGGCGCCATGCTAGG-1,12854,9606,-0.7701329185137268,-0.364380633766274,-0.0423521624241015,False,False,other,2.0039814410811073e-05,-0.182190316883137,MIXED
CAGTAATCCCTCCCAG-1,7344,15062,0.8023538724765112,0.4628432827814356,-0.2898058349229679,True,True,interface,0.099483980420178,0.2314216413907178,MIXED
CAGTACCAGTTTACGT-1,12672,15842,1.193829511539265,-0.0840655373844583,-0.3199294345033935,True,False,interface,0.033582373698592,-0.04203276869222915,TUMOR
CAGTCTGTATACTGGG-1,11475,10403,-0.8752756507885476,-0.0840655373844583,-0.1091845909448352,False,False,other,0.0004092518003087,-0.04203276869222915,MIXED
CAGTGGTTGCACATGA-1,6359,15404,1.307968412112173,0.7179110403757555,0.1547393927178997,True,True,interface,0.270703732324587,0.35895552018787774,IMMUNE_ACTIVE
CAGTGTCCGCAGAATG-1,6157,13704,1.0949323714971382,0.2190420364567523,0.0448495356806824,True,True,interface,0.0345756119126535,0.10952101822837615,TUMOR
CAGTTCAAATTGACAC-1,8915,12110,1.779475872232177,1.1032064232986143,-0.4313847554373173,True,True,interface,0.2856428113063539,0.5516032116493071,IMMUNE_EXHAUSTED
CAGTTCCGCGGGTCGA-1,8330,14946,-0.5783222259241404,-0.364380633766274,-1.0025986282649313,False,False,other,0.0317646147488187,-0.182190316883137,MIXED
CAGTTCGAGGACCCGA-1,16806,12317,-0.5273080820082915,-0.1971157587802638,-0.6989695081204942,False,False,other,0.0003161379886375,-0.0985578793901319,MIXED
CATAAGAAGCTTGGCT-1,14629,9715,-0.8752756507885476,-0.364380633766274,-0.8410749272410342,False,False,other,0.0001660469519178,-0.182190316883137,MIXED
CATAAGCTCTCCGTCT-1,11489,16298,1.4215027792726365,-0.364380633766274,-0.8800498936371504,True,False,interface,0.0377845148350125,-0.182190316883137,TUMOR
CATACAAAGCCGAACC-1,5763,13932,0.4534059084947502,-0.0840655373844583,-0.2935016473763825,False,False,interface,0.0297756391077371,-0.04203276869222915,MIXED
CATACACGGTTCCCAC-1,15226,11641,-0.6324508142831123,-0.364380633766274,0.6350024188824451,False,False,other,0.0009797968084495,-0.182190316883137,STROMA
CATACCCGTACCCAGT-1,10498,14374,1.3009174629808018,0.8864845664111339,0.7663032312871899,True,True,interface,0.1522421913124866,0.44324228320556697,IMMUNE_EXHAUSTED
CATACGAACTAGCTGG-1,16022,14360,-0.8752756507885476,-0.364380633766274,-0.7087772166771495,False,False,other,0.0004868072469639,-0.182190316883137,MIXED
CATACGGCGTCTGGGC-1,10884,10745,0.358798398390968,-0.364380633766274,0.0066380695117534,False,False,other,0.0256291483037563,-0.182190316883137,MIXED
CATACTATGTAATTGT-1,10296,12447,0.1606593187321802,0.5082532820306525,0.2235747836551129,False,True,interface,0.0188502385368129,0.2541266410153262,MIXED
CATACTTCTTTCTCCG-1,16608,11978,-0.5613839710691078,0.1300945060942085,-0.963513568653176,False,False,other,0.015682186018817,0.06504725304710425,MIXED
CATAGCCGCCCGGGAT-1,8331,15399,0.7952172190473699,-0.364380633766274,-0.3523612499085352,True,False,interface,0.0824673952247624,-0.182190316883137,TUMOR
CATAGCGTTGCCCACC-1,13849,13118,0.8906144163966424,-0.0840655373844583,-0.4927743844822667,True,False,tumor_core,0.0064494848139796,-0.04203276869222915,TUMOR
CATAGTAGCATAGTAG-1,6944,12795,1.390174083667684,0.5537036444206885,-0.077209789776251,True,True,interface,0.0297653673594546,0.27685182221034427,MIXED
CATAGTCCACAAGAAC-1,12076,14370,-0.8752756507885476,-0.364380633766274,0.2214707216653227,False,False,other,0.021610021822155,-0.182190316883137,MIXED
CATATAGGTACAGTCA-1,11675,11650,0.240187683691829,0.1300945060942085,0.4815943247072218,False,False,other,0.055966387545109,0.06504725304710425,MIXED
CATATGTCAGGCTACG-1,12670,15162,0.1155697730698436,0.23099566467978,0.1522506090281225,False,True,interface,0.0364030856112529,0.11549783233989,MIXED
CATCATCTACCCGGAC-1,5359,10078,-0.3024747299913098,-0.0992720792256356,1.1293010684330689,False,False,other,0.0026935684338373,-0.0496360396128178,STROMA
CATCCGCAGGCCCGAA-1,6163,16198,2.076714616976242,1.2750800752004363,0.6766760251745352,True,True,interface,0.4417862795631643,0.6375400376002182,IMMUNE_EXHAUSTED
CATCGCCCGCGGCCAA-1,5958,12911,-0.0172226718269762,0.4345504622926174,0.8168304275577051,False,True,interface,0.0987021024816491,0.2172752311463087,STROMA
CATCGGACGGGTTAAT-1,11477,11310,-0.8752756507885476,-0.364380633766274,-0.037925560409076,False,False,other,0.0090703578299143,-0.182190316883137,MIXED
CATGAACCTCTTATCA-1,4176,10081,0.3704967246538094,-0.1971157587802638,-0.0604925089996513,False,False,other,0.0009756374208129,-0.0985578793901319,MIXED
CATGATGCACAATTCT-1,7332,10073,-0.8752756507885476,-0.364380633766274,1.723015366534695,False,False,other,0.0861666953061746,-0.182190316883137,STROMA
CATGCATGGAGACCCT-1,4373,9967,0.6355086073743161,-0.364380633766274,0.1628910463290129,True,False,tumor_core,0.0165516876311411,-0.182190316883137,TUMOR
CATGCCAACTCGCAAA-1,11685,15504,-0.4653789350989391,0.1300945060942085,0.3444313325352116,False,False,other,0.0142670791756353,0.06504725304710425,MIXED
CATGCGTTAGACAGAA-1,6150,10757,1.829641713228544,-0.364380633766274,0.4102867339122399,True,False,interface,0.0598609114280628,-0.182190316883137,TUMOR
CATGCTGGCTCCAATT-1,5559,11098,-0.1388074907351809,-0.364380633766274,1.1104729406631857,False,False,other,0.0076059497454531,-0.182190316883137,STROMA
CATGGCAGGAAGATCG-1,6546,11436,0.2234294877720715,0.0511158719634572,0.6749267638641642,False,False,interface,0.1042035689596743,0.0255579359817286,STROMA
CATGGTAAGTAGCGTT-1,12065,9608,-0.6571896276885255,-0.364380633766274,0.501861116899937,False,False,other,3.9537690784916184e-05,-0.182190316883137,MIXED
CATGGTCTAGATACCG-1,8319,10411,-0.1132721937776926,0.1542353659108016,1.093768047950711,False,True,other,0.0044139902576687,0.0771176829554008,STROMA
CATTACGTCGGCCCGT-1,6938,10528,-0.7701329185137268,-0.364380633766274,0.7244524232313755,False,False,other,0.1115588817316736,-0.182190316883137,STROMA
CATTATAACAGGGTCC-1,3388,10537,-0.0501386887544918,-0.364380633766274,-0.5974452461416323,False,False,interface,0.0834035285116228,-0.182190316883137,MIXED
CATTATCCCATTAACG-1,16416,14359,-0.8752756507885476,-0.364380633766274,-0.4514282367966458,False,False,other,0.0003505818392431,-0.182190316883137,MIXED
CATTATGCTTGTTGTG-1,8323,11998,-0.0429863084403158,-0.0992720792256356,0.4356968758025483,False,False,other,0.0159095836386976,-0.0496360396128178,MIXED
CATTCACTGACAGCTA-1,4176,10308,-0.01135260360247,-0.0840655373844583,-0.2651061351256017,False,False,other,0.0120097884957725,-0.04203276869222915,MIXED
CATTCCCTAAGTACAA-1,5571,15859,1.5402456885213245,0.5521889658244935,0.2962068922177358,True,True,interface,0.0953671531179636,0.27609448291224675,MIXED
CATTGCGAAATGGGCG-1,10306,16528,-0.2650705341557083,-0.364380633766274,0.388185073571004,False,False,interface,0.0230380724593443,-0.182190316883137,MIXED
CATTGTGTGCTAGATC-1,5769,16199,1.9073426787080363,0.6648206267065839,-0.3093986521541495,True,True,interface,0.1468044025967149,0.33241031335329196,IMMUNE_ACTIVE
CATTTCTAGCAGACTA-1,6357,14951,-0.185931870454778,1.4143784935185315,0.3878324956078722,False,True,interface,0.3034586239434443,0.7071892467592658,IMMUNE_EXHAUSTED
CATTTGAGTGGTACGT-1,13058,12440,-0.6024082034785432,-0.364380633766274,-0.3132244268102667,False,False,other,0.0003756177962402,-0.182190316883137,MIXED
CCAAACAGAACCCTCG-1,7535,12454,1.889685409216853,-0.0371703688918016,-0.3510030623846313,True,False,interface,0.0829683559094612,-0.0185851844459008,TUMOR
CCAACCTTATGTAACT-1,16413,13225,-0.7591781822645406,-0.364380633766274,-0.9535210378255854,False,False,other,0.0004926245430387,-0.182190316883137,MIXED
CCAACGATGCACTGAT-1,9313,13696,0.9048741330834728,1.4880738363738653,0.3980356686959471,True,True,interface,0.1532897541761237,0.7440369181869326,IMMUNE_EXHAUSTED
CCAAGAAAGTGGGCGA-1,13451,11986,-0.6962647701225597,-0.364380633766274,-1.0258383804111586,False,False,other,0.000408364801299,-0.182190316883137,MIXED
CCAAGACTTCTGCGAA-1,7136,10867,1.3579129920176487,0.8963967183628239,0.937306773434252,True,True,interface,0.4059246603615058,0.44819835918141193,IMMUNE_EXHAUSTED
CCAAGCGTAACTCGTA-1,9698,9841,-0.4481361362179683,-0.364380633766274,0.0073201394209367,False,False,other,0.0035783521514877,-0.182190316883137,MIXED
CCAAGGAACAGAGAGG-1,5957,12457,-0.2869050066132805,0.3183753901099974,0.8944033564703104,False,True,immune_core,0.0417414690609175,0.1591876950549987,STROMA
CCAATAGTGCCGTCGA-1,9904,13128,0.8839952819770094,1.1135715770164865,0.0815975201479859,True,True,interface,0.2946279346306266,0.5567857885082432,IMMUNE_EXHAUSTED
CCAATGTCACAGCAAG-1,10493,12333,0.934706952980456,-0.364380633766274,1.792281737379377,True,False,interface,0.031849189424659,-0.182190316883137,TUMOR
CCAATTGAATGTTAAT-1,7141,12681,0.4648262193814416,0.2205317105553692,0.0953200381205023,False,True,interface,0.0135689849978945,0.1102658552776846,MIXED
CCACACTGAGATATTA-1,10888,12332,1.0770203689951856,0.4614306219820334,-0.0907306719333033,True,True,interface,0.0534475478627034,0.2307153109910167,MIXED
CCACCAACTTTACTGT-1,13455,13346,0.8526118221925382,-0.1971157587802638,-0.5574023669005664,True,False,interface,0.0285825753063038,-0.0985578793901319,TUMOR
CCACCCAAGGAAAGTG-1,10486,9385,-0.6540354499897197,-0.364380633766274,-0.3124324705935822,False,False,other,0.0104834896843867,-0.182190316883137,MIXED
CCACGGAGCCATAAGA-1,12472,14822,-0.1827451632135075,0.3143642877925588,-0.422533088771763,False,True,interface,0.0473260677102997,0.1571821438962794,MIXED
CCACTGGTGGCTGGTT-1,10896,15506,0.0689945366174858,0.6996590168332558,0.6867177611908298,False,True,interface,0.1266849366762889,0.3498295084166279,IMMUNE_ACTIVE
CCAGAAAGCAACTCAT-1,13456,13799,0.9257375531311016,-0.1971157587802638,-0.0987104841856643,True,False,tumor_core,0.0100489871698556,-0.0985578793901319,TUMOR
CCAGAGACAAAGCCGG-1,7740,15514,0.7006250823284363,-0.364380633766274,-0.3727362412033916,True,False,interface,0.3966201570890784,-0.182190316883137,TUMOR
CCAGCCTGGACCAATA-1,10489,10519,-0.2652446632316879,-0.1971157587802638,0.3634674205365575,False,False,other,0.0024477001658407,-0.0985578793901319,MIXED
CCAGCTACGCCTCATA-1,4974,13934,0.4378331846370134,0.3314309683452731,-0.4258896434193274,False,True,interface,0.0333626722383618,0.16571548417263654,MIXED
CCAGCTCGAACGCATT-1,15618,10506,-0.8752756507885476,-0.364380633766274,-0.6155380314259367,False,False,other,0.0004781874452631,-0.182190316883137,MIXED
CCAGCTGATGGTACTT-1,10501,15507,-0.2682247118545139,-0.0416726540253654,0.3297841584637896,False,False,other,0.0057348015004701,-0.0208363270126827,MIXED
CCAGCTTCCGCCCGCA-1,8924,15965,0.9963847988348646,1.2078561611244654,-0.2427092679078269,True,True,interface,0.3565684257013271,0.6039280805622327,IMMUNE_EXHAUSTED
CCAGGGACGTGGCCTC-1,8520,11884,-0.5032489898095688,0.0831993376015518,0.2996402866451339,False,False,other,0.019926598857947,0.0415996688007759,MIXED
CCAGTCAAATCTCTTA-1,11491,16979,-0.0940803794090227,0.053266835569359,0.030951932749159,False,False,interface,0.005641831436545,0.0266334177846795,MIXED
CCAGTCTTGTCATAGA-1,14830,11189,-0.5241539043094857,-0.0840655373844583,0.5640077750319018,False,False,other,0.0007648455536594,-0.04203276869222915,MIXED
CCATAGGTTGGCGTGG-1,6742,10868,1.1251957741488368,-0.1971157587802638,1.125744960167727,True,False,interface,0.1125386937098041,-0.0985578793901319,TUMOR
CCATAGTCAGTAACCC-1,6163,15971,1.3477874653230413,0.3183753901099974,0.3115610733518371,True,True,interface,0.3826099560219524,0.1591876950549987,MIXED
CCATCCATACCAAGTC-1,5960,13591,0.644597475086975,-0.364380633766274,0.5609878211089058,True,False,interface,0.0292397066505555,-0.182190316883137,TUMOR
CCATCGCAGTTAAACT-1,13054,10853,-0.8752756507885476,-0.364380633766274,-0.1817391490192673,False,False,other,5.038196971316754e-05,-0.182190316883137,MIXED
CCATGCCTGTTTAGTA-1,10098,11880,1.147701073141327,-0.0371703688918016,0.8947323339234481,True,False,interface,0.0168695839560705,-0.0185851844459008,TUMOR
CCATGCTCTGCAGGAA-1,7339,13021,0.3648533066864842,-0.1971157587802638,-0.5390863281568924,False,False,other,0.0195939086851016,-0.0985578793901319,MIXED
CCATGGCCCTTGTACC-1,9515,15396,0.0951204739190148,-0.364380633766274,-0.9199786729521032,False,False,other,0.0140784589673105,-0.182190316883137,MIXED
CCATGTTCATCTATAT-1,16614,14699,-0.8752756507885476,-0.1971157587802638,-0.0411458432356997,False,False,other,0.0010517050708749,-0.0985578793901319,MIXED
CCATTAGCGATAATCC-1,9509,13129,-0.0932246661507003,0.0831993376015518,0.1278830907022932,False,False,interface,0.1482987663489086,0.0415996688007759,MIXED
CCATTCCCTGCCCACA-1,9707,13469,1.3383171103241231,-0.1971157587802638,1.3891367938679464,True,False,interface,0.0111182685194285,-0.0985578793901319,TUMOR
CCATTTCTACCTATTA-1,14038,9830,-0.6292966365843066,-0.1971157587802638,0.1926151181234836,False,False,other,0.0006198020527556,-0.0985578793901319,MIXED
CCCAACATACGTCGCG-1,11681,13917,-0.2076626342807248,0.8280570718116573,0.4055079746453104,False,True,interface,0.0188582122577054,0.41402853590582867,IMMUNE_EXHAUSTED
CCCAACCACACTAACA-1,4768,10420,-0.195228341821379,-0.364380633766274,0.5197355916297509,False,False,other,0.0164010015342237,-0.182190316883137,MIXED
CCCAAGACAGAGTATG-1,3984,12236,-0.6462348914393393,-0.1971157587802638,0.3913771254355346,False,False,other,0.0146477420319505,-0.0985578793901319,MIXED
CCCAATGAGATTTGCA-1,15033,13342,-0.8752756507885476,-0.364380633766274,-0.2890212115824526,False,False,other,5.396728510976244e-05,-0.182190316883137,MIXED
CCCAATTTCACAACTT-1,10892,14146,-0.159491230761454,1.3540121748263292,0.8589842334774361,False,True,immune_core,0.1207225228606451,0.6770060874131646,IMMUNE_EXHAUSTED
CCCAGTAAACTTGGGA-1,13463,16520,-0.7322897491587772,-0.1971157587802638,-0.4982257095526666,False,False,other,0.0040392391040554,-0.0985578793901319,MIXED
CCCGAAGTTTCGCGAA-1,12082,16637,0.5143962765756264,0.2431447274900141,-0.356161636679531,False,True,other,0.013589768554818,0.12157236374500704,MIXED
CCCGCAGCGCGAACTA-1,12855,10287,-0.7701329185137268,-0.364380633766274,-0.4795693598466042,False,False,other,3.015892415937743e-05,-0.182190316883137,MIXED
CCCGCCATGCTCCCGT-1,6945,13249,0.3388570463655547,0.1211983569021241,0.4767394852636498,False,False,interface,0.0188962134473598,0.06059917845106205,MIXED
CCCGCGCAATGCACCC-1,6950,15289,0.47594109697804,3.9239570292066057,0.4395921860176658,False,True,interface,2.862979573160383,1.9619785146033029,IMMUNE_EXHAUSTED
CCCGGGTCGTTCAGGG-1,16014,11412,0.7696279141823347,-0.1971157587802638,-0.6192930131371915,True,False,interface,0.0153504877495829,-0.0985578793901319,TUMOR
CCCGGTGGAAGAACCT-1,8134,15513,0.7419636413718365,-0.364380633766274,0.0593302598880826,True,False,interface,0.0522397751359626,-0.182190316883137,TUMOR
CCCGGTGTATCGGAAT-1,13658,15953,0.4579759129479441,0.1470994128065486,-0.7878816584977655,False,True,interface,0.0749407042435424,0.0735497064032743,MIXED
CCCGTAAGTCTAGGCC-1,11091,14712,0.5054250992951019,0.5082532820306525,0.4001294098790514,False,True,interface,0.040286429991431,0.2541266410153262,MIXED
CCCGTAGCTGGGAAGA-1,14441,13457,-0.5582493565265728,-0.0840655373844583,-0.5100767510305717,False,False,other,0.0166267066447649,-0.04203276869222915,MIXED
CCCGTCAGCGTCTGAC-1,7731,12113,0.8618221053714906,0.4052438575811654,1.0263265695753845,True,True,interface,0.099281775199627,0.2026219287905827,STROMA
CCCTAGTGTCAGGTGT-1,5176,15634,0.4801071548747104,0.3863069114427625,0.1909942027298,False,True,interface,0.1473252539474322,0.19315345572138126,MIXED
CCCTATGTAGAGCAGA-1,15037,15156,0.0072401562793513,-0.364380633766274,-1.003263011533038,False,False,interface,0.013589514612593,-0.182190316883137,MIXED
CCCTCATTCTGGAATT-1,6352,12910,-0.0416854098919604,0.0511158719634572,0.609955680957599,False,False,interface,0.0738331825058141,0.0255579359817286,STROMA
CCCTCGATAATACACA-1,16811,14585,-0.8752756507885476,-0.364380633766274,0.0528336917749299,False,False,other,0.0002850226074795,-0.182190316883137,MIXED
CCCTCGGGAGCCTTGT-1,3587,11330,0.8682891680846929,0.9363647054906962,0.2300251703581202,True,True,interface,0.1513418997022939,0.4681823527453481,IMMUNE_EXHAUSTED
CCCTGAAATGAGTTGA-1,9313,13470,1.84890782591908,1.002494845705467,0.3237172742816527,True,True,interface,0.2443660691729111,0.5012474228527335,IMMUNE_EXHAUSTED
CCCTGACTAACAAATT-1,10701,16527,-0.8752756507885476,-0.0416726540253654,0.2863700752726615,False,False,other,0.0238911136466324,-0.0208363270126827,MIXED
CCCTGATGTAACTCGT-1,5966,16085,1.1993171099151323,2.986712622826865,0.171221269707383,True,True,interface,0.4323771827809526,1.4933563114134325,IMMUNE_EXHAUSTED
CCCTGCCCAATCCGCT-1,11291,15732,0.0628098660451409,-0.0371703688918016,0.5879304038397783,False,False,other,0.0014373108129168,-0.0185851844459008,MIXED
CCCTGCGCTACGCATA-1,9909,15169,-0.0882289108340434,-0.0992720792256356,-0.0578521045364535,False,False,other,0.001480359703883,-0.0496360396128178,MIXED
CCCTGGTATGGGCGGC-1,4372,9741,-0.4112106134842844,-0.364380633766274,-0.4884507000136971,False,False,other,0.0135425104035412,-0.182190316883137,MIXED
CCCTTTGACAGGTCTT-1,13056,11533,-0.8752756507885476,-0.0840655373844583,0.3106662507350015,False,False,other,0.0006559154802477,-0.04203276869222915,MIXED
CCGAAAGTGGTGAGCA-1,6554,14837,-0.3391587754280953,0.5333026597730954,0.1255184954733041,False,True,interface,0.3240205699298161,0.2666513298865477,MIXED
CCGAACACTGGGCCTC-1,11883,15844,-0.1767827627189137,0.2811437467905863,0.4235719881590686,False,True,interface,0.0323091474702535,0.14057187339529315,MIXED
CCGAACCTTCCCGGCC-1,12854,9833,-0.6540354499897197,-0.364380633766274,-0.4019604164465285,False,False,other,1.1343346502866962e-05,-0.182190316883137,MIXED
CCGAAGTATATTGTTC-1,7542,15401,0.1435773348605745,-0.364380633766274,-0.9276813286288388,False,False,interface,0.5173103598023456,-0.182190316883137,MIXED
CCGACAAACACATGAG-1,6361,16311,0.7853881253095519,0.6389324062450042,0.2084235378231426,True,True,interface,0.0222459908042337,0.3194662031225021,IMMUNE_ACTIVE
CCGACAAAGGGAGTGC-1,9712,15509,0.1164381725822307,0.0511158719634572,-0.3563283804597655,False,False,other,0.0057755908621591,0.0255579359817286,MIXED
CCGACGGGCATGAGGT-1,13853,14932,1.04300745900357,0.3909410545682422,-0.321396944358663,True,True,interface,0.3304105496519409,0.1954705272841211,MIXED
CCGAGGGATGTTAGGC-1,4375,10874,-0.3610682479264676,0.5113107610615957,-0.2716841410769841,False,True,other,0.0601766403008359,0.25565538053079784,MIXED
CCGATTCGAGGGACCC-1,10699,15620,0.1230094476155563,-0.1971157587802638,0.1015124967113398,False,False,other,0.0030403946339627,-0.0985578793901319,MIXED
CCGCACAAAGACCAAC-1,10289,9273,-0.8752756507885476,-0.0371703688918016,-0.3875377539154213,False,False,other,0.0008272123238352,-0.0185851844459008,MIXED
CCGCACGTGACCTCGG-1,8725,14945,-0.4863107349545362,-0.364380633766274,-0.426936064280161,False,False,other,0.0131159154785661,-0.182190316883137,MIXED
CCGCATGTGGTACGAT-1,14237,10397,-0.8752756507885476,0.414438032356961,-0.6468158901086476,False,True,immune_core,0.0045406622158044,0.2072190161784805,MIXED
CCGCCACCACAATCCA-1,3979,10422,-0.2543527599847097,-0.364380633766274,-0.453296161003039,False,False,other,0.0148720608515829,-0.182190316883137,MIXED
CCGCCGGAACTTCTCG-1,13857,16519,0.3927564905688615,0.0511158719634572,0.181135430548587,False,False,other,0.0473187354350848,0.0255579359817286,MIXED
CCGCCGGTCAACACAC-1,5758,11664,-0.2240658649025436,0.1255922209606447,0.6538840658087739,False,False,interface,0.0232027238793132,0.06279611048032235,STROMA
CCGCCTTGCGATGTCG-1,11689,17091,0.1503569460190322,0.3143642877925588,0.0899864086061247,False,True,other,0.0186785618490767,0.1571821438962794,MIXED
CCGCGATTTGGTAGGT-1,10899,16867,-0.2076626342807248,-0.0371703688918016,0.184275395071354,False,False,other,0.0006096626224703,-0.0185851844459008,MIXED
CCGCGGAATGCGTCAC-1,13256,12780,-0.4513322482496527,-0.1971157587802638,-0.020541221665526,False,False,other,0.0011059877150871,-0.0985578793901319,MIXED
CCGCGGGTACGAAGAA-1,9514,14943,-0.3432979479690856,-0.1971157587802638,-0.2419695839674729,False,False,other,0.0179059454744008,-0.0985578793901319,MIXED
CCGCGTAGGTAAGGGC-1,9120,15397,-0.1630819795796931,-0.0416726540253654,-1.2145316633717074,False,False,other,0.0060692194598161,-0.0208363270126827,MIXED
CCGCTATCAGCACCAG-1,12068,10742,-0.7701329185137268,-0.1971157587802638,-0.2889527145730008,False,False,other,6.103832533684413e-05,-0.0985578793901319,MIXED
CCGCTTACCTCACTCT-1,12470,13915,0.2799142886892825,-0.0298508837942535,1.0878953426435412,False,False,other,0.0035337355861038,-0.01492544189712675,STROMA
CCGGAATGGTTTCAGT-1,7934,14267,-0.5783222259241404,-0.364380633766274,-0.5561187918745331,False,False,other,0.0052939955588242,-0.182190316883137,MIXED
CCGGAGCGTACTTTCT-1,14634,11529,-0.7701329185137268,-0.0840655373844583,-0.2046677770367903,False,False,other,0.0001405260116648,-0.04203276869222915,MIXED
CCGGCGCATATTGGAT-1,5955,11551,-0.5520468954137047,0.4986958433312834,0.6275635767330723,False,True,interface,0.0677400353313899,0.2493479216656417,STROMA
CCGGCGTGAGACTCTG-1,12477,16636,0.014764201740427,-0.0371703688918016,0.3707542165048096,False,False,interface,0.0019758209849929,-0.0185851844459008,MIXED
CCGGGACCCGCAGAGA-1,6350,12003,1.44851128666138,-0.0992720792256356,0.0531376965045983,True,False,interface,0.0037966984520056,-0.0496360396128178,TUMOR
CCGGGCGGTCTCGTCA-1,9500,9275,-0.3055472109281799,-0.364380633766274,-0.0511593239675665,False,False,interface,0.0079576506089271,-0.182190316883137,MIXED
CCGGGTTCGAGGTTAC-1,10695,14260,0.1350621264582723,0.660792196825647,-0.2129679904087735,False,True,interface,0.1294212963689743,0.3303960984128235,IMMUNE_ACTIVE
CCGGTTTGTAATTGTG-1,14243,13117,0.1880254129474384,-0.046066518083886,-0.3691304845667137,False,False,other,0.0088075327251308,-0.023033259041943,MIXED
CCGTACCCAAGCGCCA-1,5566,14046,-0.6292966365843066,-0.1971157587802638,0.2169453839520811,False,False,interface,0.1931567418051427,-0.0985578793901319,MIXED
CCGTATCTCGTCGTAG-1,13656,14819,0.750590358481453,1.096223105383239,0.616816272350875,True,True,interface,0.1738408822686946,0.5481115526916195,IMMUNE_EXHAUSTED
CCGTGCCCATGACGGC-1,5562,12458,0.3182205654153601,-0.0992720792256356,0.1978666044768061,False,False,interface,0.0241516261962467,-0.0496360396128178,MIXED
CCGTGTTAAATTCCAT-1,12667,13801,-0.6161922806347702,-0.0840655373844583,1.1490064167525655,False,False,other,0.0010817553352432,-0.04203276869222915,STROMA
CCGTTCCGAATCTCGG-1,11093,15392,1.0151168511038409,-0.364380633766274,0.2549900918606207,True,False,interface,0.1073565394258968,-0.182190316883137,TUMOR
CCTAAACAGGGTCCGT-1,3193,11557,-0.6161922806347702,-0.364380633766274,-0.0242472940321863,False,False,interface,0.5488633136342246,-0.182190316883137,MIXED
CCTAAATTAACGGTTC-1,11474,10177,-0.7591781822645406,0.0831993376015518,0.1829411587937564,False,False,other,0.0178085826144725,0.0415996688007759,MIXED
CCTACATTCACAGACG-1,13259,14140,-0.5851377896323362,-0.0840655373844583,0.8258871257531716,False,False,interface,0.0799487905816904,-0.04203276869222915,STROMA
CCTACGGCTCAGTCGA-1,6356,14270,-0.4502857559183187,0.5582059295542524,-0.1017831932819615,False,True,immune_core,0.0480544162726879,0.2791029647771262,MIXED
CCTACTGCTTACACTT-1,8521,12338,-0.1065255944702893,-0.1971157587802638,0.210824378238817,False,False,interface,0.0549603063219303,-0.0985578793901319,MIXED
CCTAGGTAAAGGTAGC-1,13266,16634,-0.6402513728334929,-0.1971157587802638,-0.0340356860415945,False,False,other,0.0181975067247161,-0.0985578793901319,MIXED
CCTAGTTAGTCGCATG-1,5556,9738,0.0673325606664849,-0.364380633766274,0.3738360132334707,False,False,other,0.0181958648889842,-0.182190316883137,MIXED
CCTATACCGTCCTGTC-1,14045,12778,0.0037002574251452,-0.1971157587802638,-0.2262111793672998,False,False,other,0.002338235763579,-0.0985578793901319,MIXED
CCTATATCGTGTCACG-1,15041,16743,0.5873305236670586,-0.0840655373844583,0.6947359805079282,True,False,other,0.0701105251451373,-0.04203276869222915,STROMA
CCTATATTTGTCCTGG-1,15424,11981,-0.6402513728334929,-0.0992720792256356,-0.5345725333782966,False,False,other,0.0014596665959956,-0.0496360396128178,MIXED
CCTATGGCTCCTAGTG-1,15432,15155,-0.5956850720843913,0.0511158719634572,-0.3381557696844104,False,False,other,0.0210410977445919,0.0255579359817286,MIXED
CCTATGGGTTACCGTC-1,8910,10070,-0.4112106134842844,0.2431447274900141,0.6445339684731268,False,True,immune_core,0.0578222546566318,0.12157236374500704,STROMA
CCTATGGTCAAAGCTG-1,16603,10164,-0.8752756507885476,-0.364380633766274,-1.1587575701346535,False,False,other,3.40096912160168e-06,-0.182190316883137,MIXED
CCTCACCAATCTTGAC-1,6552,13930,-0.3680636467301787,-0.1971157587802638,0.2912268099443315,False,False,interface,0.17311233187528,-0.0985578793901319,MIXED
CCTCCCGACAATCCCT-1,4966,10759,-0.133608910609128,0.0239963787515655,0.5709459414160724,False,False,other,0.0039447099489012,0.01199818937578275,MIXED
CCTCCGACAATTCAAG-1,9709,14149,1.4357535677159667,0.993170983191766,0.936761964535674,True,True,interface,0.1539703940912104,0.496585491595883,IMMUNE_EXHAUSTED
CCTCGAAGTGGACGGG-1,6148,9850,-0.8752756507885476,-0.0840655373844583,0.0303036283629986,False,False,other,0.0813308846479268,-0.04203276869222915,MIXED
CCTCGACCCACTGCCT-1,3780,9629,0.1889678909777836,-0.364380633766274,0.2143684798785533,False,False,other,0.0029702883851471,-0.182190316883137,MIXED
CCTCGCGCTGTGCGAT-1,14436,11190,-0.8752756507885476,-0.364380633766274,0.2403430026100962,False,False,other,0.0025618355887409,-0.182190316883137,MIXED
CCTCGGATGCTACCTG-1,9518,16757,0.3973752182957847,0.140135303040527,-0.1190194349378832,False,False,interface,0.0031310969408828,0.0700676515202635,MIXED
CCTCTAATCTGCCAAG-1,7725,9619,1.2947678545332617,0.8161909433288692,0.1561582536212558,True,True,interface,0.0454396084676078,0.4080954716644346,IMMUNE_EXHAUSTED
CCTCTACAAGGATTGG-1,16417,14812,-0.6402513728334929,-0.0840655373844583,-0.7972955273124093,False,False,other,0.001175956970418,-0.04203276869222915,MIXED
CCTCTATCGATTAGCA-1,13459,14933,0.753760974496756,0.7605133426553105,2.7439042753755816,True,True,interface,0.2104364341329634,0.3802566713276552,IMMUNE_ACTIVE
CCTCTCTCCCATCTAG-1,9905,13808,0.9455007117689564,0.739147710232445,1.2347032673921807,True,True,interface,0.0143683422421214,0.3695738551162225,IMMUNE_ACTIVE
CCTCTGTACTATTCTA-1,13646,10965,-0.7701329185137268,-0.1971157587802638,-0.6277468635991686,False,False,other,0.0002859415495974,-0.0985578793901319,MIXED
CCTGAATATTTACATA-1,7726,9846,1.5109729876700568,0.5477419754298416,-0.0711073879389005,True,True,interface,0.1116943483840576,0.2738709877149208,MIXED
CCTGACCACCGATGGT-1,12068,10969,-0.7623323599633464,-0.0992720792256356,0.3903740747217502,False,False,other,0.0002549670790631,-0.0496360396128178,MIXED
CCTGCGATAGAACTGT-1,4781,15635,-0.0213011656733272,-0.1971157587802638,0.3922952994556525,False,False,interface,0.0868891948854192,-0.0985578793901319,MIXED
CCTGCGTTCTACGCTT-1,9517,16303,0.734861633411432,-0.0992720792256356,-0.233433085980096,True,False,interface,0.0150741371141067,-0.0496360396128178,TUMOR
CCTGCTATTTGAGAAG-1,8323,12225,-0.5187668128933234,0.2279381856488367,-0.0237303345673202,False,True,immune_core,0.0167739435225039,0.11396909282441835,MIXED
CCTGGCTAGACCCGCC-1,8917,13017,1.4793726852035092,0.1255922209606447,0.4317259397099481,True,False,interface,0.0168246722069551,0.06279611048032235,TUMOR
CCTGGTCGAATGTGGG-1,14827,10055,-0.8752756507885476,-0.364380633766274,-0.5005963135724739,False,False,other,0.0005935089057129,-0.182190316883137,MIXED
CCTGTAAGACATGATA-1,10496,13240,0.5894485205784307,-0.1971157587802638,0.2222909661709686,True,False,interface,0.0205743772132598,-0.0985578793901319,MIXED
CCTGTACTCACGCCCA-1,11092,15166,0.1864804590816851,-0.1971157587802638,-0.889293051562956,False,False,other,0.0033834127325739,-0.0985578793901319,MIXED
CCTGTCACCCGGGCTC-1,8910,10296,-0.5222243774903553,-0.1971157587802638,0.4718275179063909,False,False,other,0.0185409188913622,-0.0985578793901319,MIXED
CCTGTCGCCCGTAAAT-1,10293,10860,-0.2326640573791974,0.053266835569359,0.4956942036166123,False,False,interface,0.0221644819868255,0.0266334177846795,MIXED
CCTTCAGTTAAAGTGA-1,15228,12548,-0.8752756507885476,-0.1971157587802638,-0.4961769485931127,False,False,other,0.0003353714284831,-0.0985578793901319,MIXED
CCTTCGTATAGAATCC-1,16802,10957,-0.7623323599633464,-0.364380633766274,-0.2263173864729457,False,False,other,0.0002829540834281,-0.182190316883137,MIXED
CCTTCTCAGCGTTCCT-1,11686,16184,1.323104977755446,-0.0840655373844583,-0.3477151883100178,True,False,interface,0.0260807013538009,-0.04203276869222915,TUMOR
CCTTCTTGATCCAGTG-1,6936,9621,-0.1362535481569289,0.2504642125875622,0.3723645178886534,False,True,interface,0.1036426311350843,0.1252321062937811,MIXED
CCTTTAAGGGAGCACT-1,14636,12209,-0.8752756507885476,-0.364380633766274,-0.9974164196971192,False,False,other,0.0003113466644796,-0.182190316883137,MIXED
CGAAACGCAATTCATG-1,11287,14145,-0.5122546360833539,-0.0840655373844583,0.2381045148980118,False,False,interface,0.0151237554675675,-0.04203276869222915,MIXED
CGAACCCGCATGCGTC-1,12860,12327,-0.8752756507885476,0.0239963787515655,0.6919496296941271,False,False,other,0.0031124783724201,0.01199818937578275,STROMA
CGAACGCCCAGTGCCG-1,5951,9963,-0.8752756507885476,0.8320855016925941,0.3084312492766599,False,True,immune_core,0.0232558503611543,0.41604275084629705,IMMUNE_EXHAUSTED
CGAACGGCCGGACAAC-1,12475,16183,0.9310905286547282,-0.364380633766274,-0.4763504085472191,True,False,interface,0.0323740961227424,-0.182190316883137,TUMOR
CGAAGACTGCCCGGGA-1,3195,12464,1.2070769243500294,-0.364380633766274,0.40689278315244,True,False,tumor_core,0.0298271329720396,-0.182190316883137,TUMOR
CGAAGTTGCTCTGTGT-1,9708,13922,1.2343391543845077,-0.0992720792256356,1.021152291968895,True,False,interface,0.042218891771202,-0.0496360396128178,TUMOR
CGAATCTGCTCGACGC-1,15432,15382,-0.7453941051083136,-0.364380633766274,-0.2518772893876855,False,False,other,0.0025295734601432,-0.182190316883137,MIXED
CGAATGAAGTCATTGC-1,15433,15608,-0.6402513728334929,0.0511158719634572,-0.7861700097077604,False,False,other,0.0023600948530133,0.0255579359817286,MIXED
CGAATGACGCATAATG-1,15620,11413,-0.5851377896323362,-0.364380633766274,0.014856472213975,False,False,other,0.0221503559308607,-0.182190316883137,MIXED
CGACAGTTCGCGTTAT-1,10298,13127,0.8353111337335289,0.0637307896937697,-0.4985137178755665,True,False,interface,0.1473693527022915,0.03186539484688485,TUMOR
CGACATGCGATCTTCT-1,4769,10647,-0.4281488683393171,-0.0298508837942535,1.3141406647356295,False,False,other,0.0067992714375924,-0.01492544189712675,STROMA
CGACCCTTAACGCCGG-1,12674,16522,0.2330763533616768,0.4954047881146721,0.2288930430948141,False,True,immune_core,0.0171481305066022,0.24770239405733604,MIXED
CGACGCATCCGTACCT-1,13069,16748,0.1367229004059399,-0.364380633766274,-0.1736752178790443,False,False,other,0.0202377668327465,-0.182190316883137,MIXED
CGAGACCCTAGAGTGT-1,11674,10970,-0.7623323599633464,-0.1971157587802638,-0.047794073473531,False,False,other,0.0003546823618753,-0.0985578793901319,MIXED
CGAGAGATGTGAACCT-1,8909,9616,-0.2822008461620826,-0.1971157587802638,1.0319107736397897,False,False,other,0.0130310006162681,-0.0985578793901319,STROMA
CGAGAGCGCGTAGATA-1,12083,17090,-0.0153876916179396,-0.364380633766274,-0.4944707278414118,False,False,other,0.0024074269194422,-0.182190316883137,MIXED
CGAGCACTTCAAGTTT-1,7739,15061,-0.0974787142998074,-0.0416726540253654,-0.2002801005026794,False,False,other,0.0529396927331928,-0.0208363270126827,MIXED
CGAGCGTTGATCAGCC-1,5563,12685,-0.1107984668951335,-0.1971157587802638,-0.013800736746022,False,False,interface,0.0500382931943731,-0.0985578793901319,MIXED
CGAGCTGGGCTTTAGG-1,6543,10302,1.7425459508386147,0.4521078022116093,0.4439617520542337,True,True,interface,0.6518775706618891,0.22605390110580464,MIXED
CGAGGCCAGGCATTGG-1,5964,15405,0.141345618068941,0.0831993376015518,0.0522494065164047,False,False,interface,0.1004605737885569,0.0415996688007759,MIXED
CGAGGCTAAATATGGC-1,8909,9843,-0.3575066164305306,0.0511158719634572,2.1094649810231174,False,False,other,0.0356417005714054,0.0255579359817286,STROMA
CGAGGGTATCCAGGTG-1,15816,11073,1.0043741265434936,0.3877965855413794,-1.3745739333523486,True,True,immune_core,0.1425336355153448,0.1938982927706897,MIXED
CGAGTACTAAAGAGGA-1,12075,13916,-0.4154180208165112,0.0831993376015518,0.0115818991581243,False,False,other,0.0039979906817019,0.0415996688007759,MIXED
CGAGTGAAGGTACCAG-1,14050,14592,-0.1930100438560333,-0.364380633766274,0.2953831678970283,False,False,interface,0.0517772194321611,-0.182190316883137,MIXED
CGAGTGCTATAGTTCG-1,5171,13593,1.3453071586680263,0.8659476700371864,-0.5826451261886971,True,True,immune_core,0.0165679691931018,0.4329738350185932,IMMUNE_EXHAUSTED
CGATACCTCGCGGACA-1,11085,12445,-0.3823730904031199,0.54559101182394,0.4113218512275102,False,True,interface,0.023387286064849,0.27279550591197,MIXED
CGATCCGACCCAGTGC-1,10690,12219,0.4617869226244154,0.3183753901099974,0.5536643614877309,False,True,interface,0.0077157950807647,0.1591876950549987,MIXED
CGATCCTCGCAACATA-1,16216,13339,-0.8752756507885476,-0.364380633766274,-1.0394791348272292,False,False,other,0.0002429581898099,-0.182190316883137,MIXED
CGATCTGTTGGAGGAC-1,12276,15163,0.1558058406073633,0.2183807469494675,0.2716460311082309,False,True,interface,0.0099208591235606,0.10919037347473375,MIXED
CGATGTTGTTATCTAC-1,14646,16517,0.0087414451312419,-0.364380633766274,0.5010491880790536,False,False,other,0.0142542150113892,-0.182190316883137,MIXED
CGATTAAATATCTCCT-1,14238,10850,-0.7701329185137268,0.314159918548251,-0.0899709590557238,False,True,immune_core,0.0006220486111687,0.1570799592741255,MIXED
CGATTCGCCTGGCTGC-1,14432,9602,-0.483149235056321,-0.1971157587802638,-0.472584450604036,False,False,other,0.000207710029506,-0.0985578793901319,MIXED
CGCAAACACGAGTTAC-1,8524,13698,0.6922903642630224,-0.1971157587802638,-0.2596132073924415,True,False,interface,0.027452042439955,-0.0985578793901319,TUMOR
CGCAATTACTTTCGGT-1,7736,14154,-0.4061269089663483,-0.364380633766274,0.0436769682700004,False,False,other,0.0109306294303947,-0.182190316883137,MIXED
CGCAATTAGGGTAATA-1,8719,12904,1.6773195986048,-0.0840655373844583,0.5129038654292489,True,False,interface,0.0134900065507221,-0.04203276869222915,TUMOR
CGCAATTCTACAATAA-1,8329,14719,-0.5851377896323362,-0.0840655373844583,-0.154344925846095,False,False,other,0.0173674371943725,-0.04203276869222915,MIXED
CGCACGTCTGTTTATG-1,16613,14245,-0.7623323599633464,-0.364380633766274,-0.5905748004841718,False,False,other,0.0002679514228864,-0.182190316883137,MIXED
CGCAGAAACATTTGCG-1,4770,11327,0.6717451274807648,-0.1971157587802638,0.514937474620526,True,False,interface,0.0427784126478746,-0.0985578793901319,TUMOR
CGCATGGTGCGATGCT-1,11080,10404,0.2634405306595678,0.1300945060942085,0.485099705831568,False,False,other,0.0354417442881334,0.06504725304710425,MIXED
CGCATTAGCTAATAGG-1,8519,11431,0.2804480957327236,-0.0992720792256356,0.5377332491373119,False,False,other,0.042974286711045,-0.0496360396128178,MIXED
CGCCAAGAAGCCGAGT-1,10897,15960,0.6916116189717726,-0.0371703688918016,-0.3508379327713219,True,False,tumor_core,0.0065746379358038,-0.0185851844459008,TUMOR
CGCCACAGGTCGCGAT-1,12872,16862,-0.3497060578801502,-0.0840655373844583,-0.3543285724458717,False,False,other,0.0023899622340637,-0.04203276869222915,MIXED
CGCCCAGCACGCCTAG-1,14833,12096,-0.7623323599633464,-0.364380633766274,-0.7966726211292915,False,False,other,0.0002430327615306,-0.182190316883137,MIXED
CGCCCTTGAAGGCTGA-1,7937,15627,0.9648636903340836,0.292857095946655,-0.8425563582842902,True,True,tumor_core,0.0684187844648818,0.1464285479733275,TUMOR
CGCCTCCCTCCTCTAT-1,11670,9609,-0.8752756507885476,-0.364380633766274,-0.4011245263135197,False,False,other,0.0001910206597787,-0.182190316883137,MIXED
CGCCTGGCCTACGTAA-1,11289,14825,0.8974822867126898,0.2205317105553692,-0.3551292318281631,True,True,interface,0.0293071477455431,0.1102658552776846,TUMOR
CGCGACACTGCGCAGC-1,7939,16534,0.3420228471024629,1.5933941908828246,0.3049820546411159,False,True,interface,0.2378667403144538,0.7966970954414123,IMMUNE_EXHAUSTED
CGCGAGTCTGCCGGGT-1,13460,15613,0.0240627690020477,0.5113107610615957,0.1951208217444776,False,True,interface,0.309080884872394,0.25565538053079784,MIXED
CGCGCAAATGTCCAGA-1,14248,15158,-0.5264323697199044,0.9259007513662856,0.1030952984925914,False,True,immune_core,0.3243964195757286,0.4629503756831428,IMMUNE_EXHAUSTED
CGCGCATGTTTGATTG-1,13056,11760,-0.7322897491587772,-0.364380633766274,-0.2646550460612333,False,False,other,0.0007022097951043,-0.182190316883137,MIXED
CGCGGCAGTATTACGG-1,5571,16086,1.9403772788518687,1.072365179894092,-0.2889527145730008,True,True,interface,0.0635008226264919,0.536182589947046,IMMUNE_EXHAUSTED
CGCGTCATATTAAACC-1,3585,10649,0.2946244908933978,0.2811437467905863,-0.1469166272366576,False,True,interface,0.0093003240706013,0.14057187339529315,MIXED
CGCGTTCATGAAATAC-1,8520,12111,0.5186265513865841,0.0239963787515655,0.1962736948898598,False,False,interface,0.0057764414162121,0.01199818937578275,MIXED
CGCTACGGGACATTTA-1,10691,12446,-0.1692575553368812,0.6712561509500578,0.6693078734604093,False,True,interface,0.0454624761547728,0.3356280754750289,IMMUNE_ACTIVE
CGCTATACCGCCCACT-1,5960,13818,0.2203359887679052,0.1542353659108016,0.4614386400283219,False,True,interface,0.0241739193694661,0.0771176829554008,MIXED
CGCTATTCAATGTATG-1,6948,14382,-0.0115767754307786,0.8307276855858929,0.1386241013879952,False,True,immune_core,0.0705158809817871,0.41536384279294647,IMMUNE_EXHAUSTED
CGCTATTCTTAGGCTC-1,10688,11085,-0.0995973991752633,0.2234359005152729,1.075073285968012,False,True,immune_core,0.0152350187133469,0.11171795025763645,STROMA
CGCTCGACATAATGAT-1,7338,12794,1.3966037581864823,-0.1971157587802638,-0.7822497878890923,True,False,interface,0.0381708242429808,-0.0985578793901319,TUMOR
CGCTCTCCGTAGATTA-1,9708,13695,1.5251430384443905,0.3215002408968119,1.3034975353099256,True,True,interface,0.0135500526994737,0.16075012044840595,STROMA
CGCTGTGACGCCGCAC-1,8127,12566,-0.4502857559183187,0.053266835569359,0.4132202814087002,False,False,interface,0.0090114046783852,0.0266334177846795,MIXED
CGCTGTGTGGATGTTG-1,14835,13002,-0.8752756507885476,-0.1971157587802638,-0.9550185477507876,False,False,other,0.0006476367171684,-0.0985578793901319,MIXED
CGCTTAGTATTGATAC-1,16213,11979,0.9200283100443544,-0.364380633766274,-1.0712314761735289,True,False,tumor_core,0.0281068162308683,-0.182190316883137,TUMOR
CGCTTATTCCCGGTCG-1,11485,14484,0.251654762253757,-0.364380633766274,0.6583623007706645,False,False,other,0.0261501858742071,-0.182190316883137,STROMA
CGCTTCCACTGAAATC-1,6747,13136,0.2780109738379663,0.8380978687579759,-0.2375944619973178,False,True,interface,0.0177653319772968,0.41904893437898794,IMMUNE_EXHAUSTED
CGCTTTCATACCGGTG-1,5956,12231,-0.0025915436640687,0.4104096024760243,0.5369596498650651,False,True,interface,0.1073195591019019,0.20520480123801216,MIXED
CGGAAAGAATCAAACG-1,14636,12436,-0.6462348914393393,-0.1971157587802638,-0.43860861398404,False,False,other,0.0004818020356792,-0.0985578793901319,MIXED
CGGAACGTAAACATAG-1,12467,12782,-0.1252388102247435,-0.364380633766274,0.1430033490809234,False,False,other,0.0054770373307592,-0.182190316883137,MIXED
CGGAGCAATTTAATCG-1,13844,11078,-0.7591781822645406,-0.364380633766274,-0.5321252105676112,False,False,other,0.0009520936359092,-0.182190316883137,MIXED
CGGAGCATGGCGATCC-1,10883,10291,-0.318296524870613,-0.1971157587802638,0.3615280042257818,False,False,interface,0.0083461539301806,-0.0985578793901319,MIXED
CGGAGTTTGAGAGACA-1,9117,14037,1.1346692996378098,0.3314309683452731,1.0721166721355986,True,True,interface,0.0334214938960951,0.16571548417263654,STROMA
CGGATAAGCGGACATG-1,6952,15969,0.1312378852692761,0.9670406738509996,0.1671918192389595,False,True,interface,1.9805949682470223,0.4835203369254998,IMMUNE_EXHAUSTED
CGGCAAACATCGTGCG-1,13448,10398,-0.7591781822645406,-0.364380633766274,-0.8085245072682614,False,False,other,0.0001575847744168,-0.182190316883137,MIXED
CGGCACTCAAGAAAGT-1,5568,14726,0.6503202610351194,-0.0840655373844583,-0.4338979783378313,True,False,interface,0.0164662628470556,-0.04203276869222915,TUMOR
CGGCCACGCACAAAGT-1,10096,11200,-0.1601478947621074,0.1300945060942085,0.7421698358807277,False,False,interface,0.0283095325039988,0.06504725304710425,STROMA
CGGCCAGAGCGACCAT-1,16411,12318,-0.0223009744561204,-0.1971157587802638,-1.2145316633717074,False,False,other,0.0024763507671932,-0.0985578793901319,MIXED
CGGCTGCAAGATTAAG-1,3979,10195,0.0883788459580429,-0.364380633766274,-0.2613659539106886,False,False,interface,0.004564640596563,-0.182190316883137,MIXED
CGGCTTTGTATGATAA-1,4771,11553,0.0379988839181363,0.3738238517043659,0.3464862492411451,False,True,interface,0.0372918308843869,0.18691192585218294,MIXED
CGGGAATTTATGTAAA-1,12067,10515,-0.5882919673311419,-0.364380633766274,0.2444050676827511,False,False,other,0.0001389750662437,-0.182190316883137,MIXED
CGGGAGTATACCGCCG-1,6952,16196,0.2222644339946116,1.2033954523378414,0.7067564383822698,False,True,interface,0.1487578685449767,0.6016977261689207,IMMUNE_EXHAUSTED
CGGGATCAATGTAAGA-1,7729,11206,0.0747154455302728,-0.1971157587802638,0.4493935476403471,False,False,interface,0.1456794132542014,-0.0985578793901319,MIXED
CGGGCAGCTAAACCGC-1,9505,11542,1.34624661970036,-0.0298508837942535,1.5517141231693252,True,False,interface,0.0073336812564761,-0.01492544189712675,TUMOR
CGGGCCATAGCCGCAC-1,5965,15858,1.786446517949251,-0.1971157587802638,-0.0934722360719475,True,False,interface,0.4422026636946712,-0.0985578793901319,TUMOR
CGGGCCTTCTTTGTAA-1,11281,11651,-0.5379379814657128,0.6712561509500578,-0.0444513176442009,False,True,interface,0.2739522955113744,0.3356280754750289,IMMUNE_ACTIVE
CGGTCCGTCGCAAGCC-1,15622,12094,-0.564275539074854,-0.0840655373844583,-0.7074233585824714,False,False,other,0.0072142246768579,-0.04203276869222915,MIXED
CGGTGAAGACTAAAGT-1,10106,15281,-0.1961728737983248,-0.1971157587802638,-0.3955993992266576,False,False,other,0.0021164659517101,-0.0985578793901319,MIXED
CGGTGCAGATAGAACG-1,11483,13804,0.684413608458731,-0.364380633766274,-0.174583525441762,True,False,interface,0.0362800181717735,-0.182190316883137,TUMOR
CGGTGCGCGTTGGTCC-1,12863,13461,-0.8752756507885476,-0.1971157587802638,0.4962022100550257,False,False,other,0.0089520188553513,-0.0985578793901319,MIXED
CGGTGTACTTGATCCC-1,6553,14383,-0.4972654712037223,0.0637307896937697,1.0584525758536374,False,False,other,0.0539649427237145,0.03186539484688485,STROMA
CGGTTGACCTGGCATA-1,10895,15053,0.372092417750414,-0.364380633766274,-0.0874800772063046,False,False,other,0.0091203327399491,-0.182190316883137,MIXED
CGGTTGAGTATCCTTC-1,16219,14473,-0.6912655167493418,-0.1971157587802638,-0.2866003737199692,False,False,other,0.0005741260015063,-0.0985578793901319,MIXED
CGTAAACGCTTGAGTG-1,5372,15293,-0.4612404921675049,0.9885294088175915,0.3331290733952273,False,True,interface,0.4872196076358367,0.4942647044087958,IMMUNE_EXHAUSTED
CGTAACTTCGACACTT-1,16608,12205,0.1350718367726882,-0.1971157587802638,-0.5608385296335492,False,False,other,0.0084892662673978,-0.0985578793901319,MIXED
CGTACCTGATAGGCCT-1,7529,10186,-0.514203726058755,-0.1971157587802638,0.7147822909746628,False,False,interface,0.0901025859566949,-0.0985578793901319,STROMA
CGTAGCGAATTGTCAG-1,5753,9851,-0.6462348914393393,0.4986958433312834,-0.3652923693132234,False,True,immune_core,0.0083253006357595,0.2493479216656417,MIXED
CGTAGCGCCGACGTTG-1,4575,11894,1.267651915636067,-0.364380633766274,0.159992979639536,True,False,interface,0.1623283464971641,-0.182190316883137,TUMOR
CGTATTAAGAGATCTA-1,9506,11769,1.229578865868421,-0.364380633766274,0.2809239328245059,True,False,interface,0.0317533330456066,-0.182190316883137,TUMOR
CGTCAAGGCTATAAAT-1,9122,16304,-0.4421518880025658,0.0511158719634572,0.7542897696753432,False,False,interface,0.0495716439500173,0.0255579359817286,STROMA
CGTCACGTCCATTGGT-1,12465,12101,-0.4513322482496527,-0.0840655373844583,0.2120946352310099,False,False,other,0.0008911071400564,-0.04203276869222915,MIXED
CGTCAGTGCGCACAAG-1,5365,12346,1.0451828119275246,-0.364380633766274,-0.2358381729348746,True,False,interface,0.0880439166661492,-0.182190316883137,TUMOR
CGTCAGTTTATCGTCT-1,3586,11103,1.301720130584213,0.3183753901099974,0.2649625573098497,True,True,interface,0.3675854491698664,0.1591876950549987,MIXED
CGTCATACCATATCCA-1,7148,15629,2.56376234096239,5.926486961240292,0.7215689090514176,True,True,interface,5.776649174589761,2.963243480620146,IMMUNE_EXHAUSTED
CGTCGCGGCGGGATTT-1,5572,16313,0.9914643115964202,0.4416438480871986,0.577741057094671,True,True,interface,0.0757069357201405,0.2208219240435993,MIXED
CGTCGCTTGGTTATAC-1,15629,15041,-0.5410921591645185,-0.364380633766274,-0.7843811414306597,False,False,other,0.0017340629185598,-0.182190316883137,MIXED
CGTCGGGTCTAAGCGC-1,13854,15386,-0.7591781822645406,1.1907757297212556,-0.7409910528101931,False,True,immune_core,1.4657397019374134,0.5953878648606278,IMMUNE_EXHAUSTED
CGTCGTCCTTCGCGAA-1,14234,9263,-0.7453941051083136,-0.364380633766274,-0.8410749272410342,False,False,other,0.0002680518613048,-0.182190316883137,MIXED
CGTCTGGAAGGGCCCG-1,6347,10869,0.8114174895294639,0.3909410545682422,0.559064810548492,True,True,interface,0.13135329968139,0.1954705272841211,MIXED
CGTGAAGTTAATTCAC-1,11083,11538,0.2638908966652756,-0.0371703688918016,1.6998772663681925,False,False,interface,0.0282481217779807,-0.0185851844459008,STROMA
CGTGACCAGTCCTCTG-1,15620,11640,-0.6324508142831123,-0.364380633766274,-0.8216597644676309,False,False,other,0.0024323542277723,-0.182190316883137,MIXED
CGTGCAGACTGGGACA-1,11078,9497,-0.7453941051083136,-0.364380633766274,-1.230931260889703,False,False,other,0.0001461707071002,-0.182190316883137,MIXED
CGTGCATTGTCGACGC-1,10893,14373,-0.4795876035603842,-0.364380633766274,0.0229079474019189,False,False,other,0.0130942561571715,-0.182190316883137,MIXED
CGTGCCCGACATTTGT-1,3389,11217,-0.0106522111908874,1.64607498720979,0.2228866149796123,False,True,interface,0.7018661249720851,0.823037493604895,IMMUNE_EXHAUSTED
CGTGCCCTCCCGAAGA-1,11669,9156,-0.8752756507885476,-0.364380633766274,-0.8462717876672848,False,False,other,0.0001401819275159,-0.182190316883137,MIXED
CGTGCTGGCCTAGTCG-1,4979,15748,1.1877762880870093,0.0831993376015518,-0.3338614502792265,True,False,interface,0.2043694669204717,0.0415996688007759,TUMOR
CGTGCTTCTACCTAAA-1,15431,14702,-0.7591781822645406,-0.364380633766274,-0.8212247542852084,False,False,other,0.0020051980065138,-0.182190316883137,MIXED
CGTGGTACCCAAAGGC-1,16216,13112,-0.8752756507885476,-0.364380633766274,-0.7966726211292915,False,False,other,0.0008753966623131,-0.182190316883137,MIXED
CGTGTCCCATTCGCGA-1,8721,13358,1.129692854786411,0.0637307896937697,-1.0760858513353124,True,False,interface,0.006039165417603,0.03186539484688485,TUMOR
CGTGTCTCGTTACGAC-1,15035,14022,-0.7453941051083136,-0.364380633766274,-0.9653024369302764,False,False,other,0.0010610690252704,-0.182190316883137,MIXED
CGTTCAGACCCGCGAA-1,16013,10959,-0.2922838040532367,0.2234359005152729,-0.9310893207779886,False,True,interface,0.0495721143091434,0.11171795025763645,MIXED
CGTTCATGGTGCGCGT-1,12671,15615,0.1648383196389124,-0.0992720792256356,-0.2838370738877468,False,False,interface,0.0144032968063358,-0.0496360396128178,MIXED
CGTTGAATACCGCGCT-1,14431,9149,-0.8752756507885476,-0.1971157587802638,-0.7977305374948319,False,False,other,0.0013193009125731,-0.0985578793901319,MIXED
CGTTGAGCGACCGTCG-1,11867,9495,-0.7591781822645406,-0.1971157587802638,-1.0768171789334071,False,False,other,0.0002990112227426,-0.0985578793901319,MIXED
CGTTGCCCGCGTGGGA-1,16018,12773,-0.8752756507885476,-0.364380633766274,0.0938403290113428,False,False,other,0.0462816859232101,-0.182190316883137,MIXED
CGTTGTAAACGTCAGG-1,7347,16422,0.7310777424378249,1.1201844004017236,-0.2211387301933515,True,True,interface,0.1212071210931292,0.5600922002008618,IMMUNE_EXHAUSTED
CGTTGTCGGCAATTGA-1,15815,10393,-0.8752756507885476,-0.364380633766274,-0.9310893207779886,False,False,other,0.0003166327324088,-0.182190316883137,MIXED
CGTTGTTTCAATTCCC-1,9904,13355,1.0188314570015755,-0.1971157587802638,0.8735155966085145,True,False,interface,0.015447964026672,-0.0985578793901319,TUMOR
CGTTTAAGCGGAGCAC-1,5756,11211,-0.4080564357854787,0.3162244265040957,1.092722434509081,False,True,immune_core,0.015866429381999,0.15811221325204786,STROMA
CGTTTCGCTCATTACA-1,10099,12334,1.1360857558791682,0.4416438480871986,1.2952514515951694,True,True,immune_core,0.0465609307147208,0.2208219240435993,STROMA
CGTTTGTGTAGAGGGT-1,14046,13231,0.3260572344419562,-0.364380633766274,-0.7372772415393497,False,False,other,0.029862219615527,-0.182190316883137,MIXED
CTAAAGAATGCCTACT-1,10300,13807,-0.1749771342055919,1.0422171152903243,0.5982005804319829,False,True,interface,0.2237388089558381,0.5211085576451622,IMMUNE_EXHAUSTED
CTAAAGGGAAATAGGA-1,11871,10856,-0.8752756507885476,-0.364380633766274,-0.0084914182541411,False,False,other,0.0003393653557903,-0.182190316883137,MIXED
CTAAATCCGGTGTACA-1,15231,13908,-0.7701329185137268,-0.364380633766274,-1.3524335746566505,False,False,other,0.0006928446568061,-0.182190316883137,MIXED
CTAACCGCGCGCCCGT-1,10497,13920,-0.6161922806347702,-0.0371703688918016,-0.0355220761486243,False,False,interface,0.2382644109784625,-0.0185851844459008,MIXED
CTAACTGGTCCGGTTC-1,13061,13800,-0.4216446794521867,-0.364380633766274,0.5791996897788352,False,False,other,0.0142751431839066,-0.182190316883137,MIXED
CTAAGGGAATGATTGG-1,11868,9722,-0.8752756507885476,-0.364380633766274,-0.39136825525845,False,False,other,0.0004636227034394,-0.182190316883137,MIXED
CTAATTCGCACGCGCT-1,8722,14038,-0.1690654981855396,-0.364380633766274,-0.1261860501311264,False,False,other,0.0184086790256566,-0.182190316883137,MIXED
CTAATTTCAACAACAC-1,7343,14835,0.1565715848467224,0.2386424423564502,-0.9276813286288388,False,True,interface,0.0681315980272921,0.1193212211782251,MIXED
CTACAAGAAATAACCC-1,14638,13343,-0.7453941051083136,-0.364380633766274,-0.9682242919844356,False,False,other,0.0006386319330361,-0.182190316883137,MIXED
CTACGAACTAGGTCGA-1,4174,9628,-0.7453941051083136,-0.0416726540253654,0.1406871722825466,False,False,other,0.0059418321357757,-0.0208363270126827,MIXED
CTACGACTAGCTATAA-1,10698,15167,-0.4204172741897292,-0.1971157587802638,-0.5689362669445609,False,False,other,0.0054921338885422,-0.0985578793901319,MIXED
CTACGCACGGAGTACC-1,10097,11427,0.833541480788997,0.5206877420427829,1.6046965116920455,True,True,interface,0.0176265823975987,0.26034387102139145,STROMA
CTACTATCATAGGTTT-1,13656,15046,2.082611432995056,1.34445473612696,2.479602136661487,True,True,interface,1.6865550955053756,0.67222736806348,IMMUNE_EXHAUSTED
CTACTCAAGGTATAGT-1,15032,13115,-0.7086283629095925,-0.364380633766274,-0.1619497311877555,False,False,other,4.272403455331744e-05,-0.182190316883137,MIXED
CTACTCTAGGCCCGGC-1,9317,15057,-0.3680636467301787,0.0831993376015518,-0.6357255382404133,False,False,interface,0.0068879170064434,0.0415996688007759,MIXED
CTACTGCCACCTGACC-1,8517,10751,-0.649389069138145,-0.364380633766274,0.9624401648907532,False,False,interface,0.0660714917439975,-0.182190316883137,STROMA
CTAGATTTACGACGGC-1,11473,9496,-0.6694182713496748,-0.364380633766274,-0.501482699588393,False,False,other,6.235351197640756e-05,-0.182190316883137,MIXED
CTAGCATAGTATAATG-1,9897,10407,-0.2813290678040505,0.0239963787515655,1.7078777480775342,False,False,interface,0.0178417508543454,0.01199818937578275,STROMA
CTAGGTTCGGACGTGA-1,14630,9942,-0.7701329185137268,0.1300945060942085,0.1313612618408297,False,False,other,0.000885038314476,0.06504725304710425,MIXED
CTAGTCACGTCTTAAG-1,10488,10066,-0.1240008015056512,-0.1971157587802638,-0.2472720166807139,False,False,other,0.0056366262633779,-0.0985578793901319,MIXED
CTAGTGAAGGACAGGA-1,9905,13581,1.5097100732344946,-0.1971157587802638,0.5132112690007159,True,False,interface,0.0069645416443576,-0.0985578793901319,TUMOR
CTAGTTACAACCCGGT-1,13645,10285,-0.7453941051083136,0.1300945060942085,0.2115018493156018,False,False,other,0.0003532800979481,0.06504725304710425,MIXED
CTAGTTGGGCCCGGTA-1,8318,10184,1.510084470692815,-0.364380633766274,-0.094713237475073,True,False,interface,0.0113318081415583,-0.182190316883137,TUMOR
CTATAGGCGTTGATGT-1,15428,13568,-0.7322897491587772,-0.1971157587802638,-0.4742321282457448,False,False,other,0.0003295172525172,-0.0985578793901319,MIXED
CTATATCCAGCCTGGC-1,16811,14358,-0.7591781822645406,-0.364380633766274,0.0842571303894487,False,False,other,0.0001308516066189,-0.182190316883137,MIXED
CTATCGGGTCTCAACA-1,10093,10067,0.0425127901661201,-0.364380633766274,-0.1815856197961874,False,False,other,0.0125998372910669,-0.182190316883137,MIXED
CTATGCCCGAATGCAA-1,15619,11187,0.3174178080686055,-0.364380633766274,-0.4856797652098857,False,False,interface,0.0722813358430327,-0.182190316883137,MIXED
CTATGTCACTAGCCCA-1,9108,10409,-0.4972654712037223,0.2279381856488367,1.0977097628948942,False,True,immune_core,0.0136766311401355,0.11396909282441835,STROMA
CTATGTCTATTGAAAC-1,5363,11665,0.0137406985044599,0.4687633412990903,0.5734203989886544,False,True,interface,0.0534709889212748,0.23438167064954515,MIXED
CTATGTGAGTCACGGC-1,12080,15957,0.5994060949468399,0.1211983569021241,-0.2592106022992025,True,False,interface,0.0408719881958405,0.06059917845106205,MIXED
CTATTCATGTGTCCCA-1,13449,10852,-0.6540354499897197,-0.364380633766274,-0.8438001231633291,False,False,other,0.0002549189676916,-0.182190316883137,MIXED
CTATTTGCTTGGAGGA-1,16999,10616,-0.3352347797256457,-0.1971157587802638,-0.3511994343119401,False,False,other,0.0028734454689138,-0.0985578793901319,MIXED
CTCAAACCACTGCCCG-1,15822,13340,-0.8752756507885476,-0.364380633766274,-0.9528727334394248,False,False,other,5.784147041860458e-05,-0.182190316883137,MIXED
CTCACATTTACTAAAT-1,15420,10167,-0.7623323599633464,-0.364380633766274,-0.8554151129558336,False,False,other,0.0002500589928756,-0.182190316883137,MIXED
CTCACTGTGATACTTA-1,15615,9373,-0.5851377896323362,-0.364380633766274,-0.6361808801964328,False,False,other,0.0007139781343721,-0.182190316883137,MIXED
CTCACTTGGCTGGTAA-1,11092,14939,0.8444543499714694,-0.364380633766274,-0.307785564334,True,False,interface,0.0240805170424491,-0.182190316883137,TUMOR
CTCAGGACTCACCTGT-1,6356,14497,-0.5533208028256679,0.8429985945742476,0.3465686488830476,False,True,interface,0.1741329927285702,0.4214992972871238,IMMUNE_EXHAUSTED
CTCATGGCTCACAATC-1,5755,10757,-0.5663832244423258,-0.364380633766274,0.8702307620738878,False,False,interface,0.06607988466507,-0.182190316883137,STROMA
CTCATGGTAATTTGCG-1,13064,14934,0.657098832642264,-0.1971157587802638,1.560216374381431,True,False,interface,0.2495400311028983,-0.0985578793901319,TUMOR
CTCATTTGATGGGCGG-1,7531,10866,-0.4731794936493195,-0.0992720792256356,1.1893501020586863,False,False,interface,0.1722560448697704,-0.0496360396128178,STROMA
CTCCCTCCTTTCGATC-1,13262,15274,0.9116591361018832,0.3856456219354777,0.962469975583449,True,True,interface,0.1395311286056449,0.19282281096773884,STROMA
CTCCGCCCACATGAGG-1,11680,13464,1.110319639136199,0.1300945060942085,0.5063666563220418,True,False,interface,0.1332790025685125,0.06504725304710425,TUMOR
CTCCGGCCTAATATGC-1,6940,11208,1.5023359874420614,-0.364380633766274,-0.0520834648396533,True,False,interface,0.043000342308549,-0.182190316883137,TUMOR
CTCCGGCTTGTAGACA-1,6162,15745,1.1949549089211922,0.2279381856488367,-0.1018148898261861,True,True,interface,0.2398817859027019,0.11396909282441835,TUMOR
CTCCTAAGTTATGTCT-1,5567,14499,0.2223646403647308,-0.1971157587802638,0.0044212724518378,False,False,interface,0.0439090721825621,-0.0985578793901319,MIXED
CTCCTCCAGCTCACAC-1,15425,12207,-0.6912655167493418,-0.0992720792256356,-0.5792882609521156,False,False,other,0.003126040182031,-0.0496360396128178,MIXED
CTCGAGGTCGAACAGT-1,8913,11203,0.7674738909482104,-0.1971157587802638,0.4533003479190191,True,False,interface,0.0972614197002344,-0.0985578793901319,TUMOR
CTCGCACCTATATAGT-1,7924,10185,-0.2034237072262813,0.2234359005152729,1.0048669532706689,False,True,interface,0.012748692600261,0.11171795025763645,STROMA
CTCGCATTGCATAGCC-1,15041,16516,0.1864804590816851,-0.1971157587802638,0.4116122234955877,False,False,other,0.0112831885451425,-0.0985578793901319,MIXED
CTCGCCGAATGTAGGG-1,15026,10621,-0.6402513728334929,-0.0371703688918016,-0.3220441902565406,False,False,other,0.0002811018024208,-0.0185851844459008,MIXED
CTCGGGCATCGTCGGG-1,3190,10197,-0.5925308943855855,-0.1971157587802638,-0.2906666262298296,False,False,other,0.0028808563772756,-0.0985578793901319,MIXED
CTCGGGTTCTCTGGCC-1,15234,14815,-0.8752756507885476,-0.364380633766274,-1.047638978184452,False,False,other,0.005894348443566,-0.182190316883137,MIXED
CTCGGTCCGTAGCCTG-1,6745,12229,1.4733904709042986,0.5082532820306525,0.7876953912148009,True,True,interface,0.0195741849246549,0.2541266410153262,STROMA
CTCGGTTGTCGGCCCT-1,14248,14931,-0.6034856306347718,-0.0992720792256356,0.830803240151939,False,False,other,0.3938301836723148,-0.0496360396128178,STROMA
CTCGTCGAGGGCTCAT-1,15039,15836,-0.4431368828447503,-0.364380633766274,-0.4779727801039246,False,False,interface,0.0499283470336384,-0.182190316883137,MIXED
CTCTACACTGGCGATT-1,11686,15958,1.1838983288509,-0.364380633766274,-0.3496360539862402,True,False,interface,0.0617966347376283,-0.182190316883137,TUMOR
CTCTATTTGGCTGCAG-1,12658,10174,-0.8752756507885476,-0.364380633766274,0.0486356666083135,False,False,other,0.0003116480887942,-0.182190316883137,MIXED
CTCTCACAATCGATGA-1,9501,9955,-0.7012352581563432,0.053266835569359,0.2395570148470557,False,False,other,0.0068193431263663,0.0266334177846795,MIXED
CTCTCGATGTGCGCCT-1,3980,10875,-0.003727364928894,-0.1971157587802638,0.2296849993114986,False,False,other,0.0641622407676546,-0.0985578793901319,MIXED
CTCTCTAACTGCCTAG-1,14446,15497,0.6448082012243049,-0.364380633766274,-0.0966152627148223,True,False,interface,0.0693597056863354,-0.182190316883137,TUMOR
CTCTGCGAAGCAAGCA-1,5562,12232,-0.3166833984527549,0.2205317105553692,0.6511623252774319,False,True,interface,0.2410396059581804,0.1102658552776846,STROMA
CTCTGGACGCCTGGTG-1,9503,10862,1.2528947746859955,0.2386424423564502,0.4767036528500042,True,True,interface,0.032008192538546,0.1193212211782251,TUMOR
CTCTGTGCCTGCTATG-1,3590,12463,0.0847172788898806,-0.046066518083886,0.0956406256580597,False,False,other,0.0207047299254769,-0.023033259041943,MIXED
CTCTGTTTGAGGATTC-1,5950,9737,-0.7701329185137268,0.6464921704095115,-0.123338307682447,False,True,immune_core,0.0049959155902579,0.32324608520475573,IMMUNE_ACTIVE
CTCTTCTGGAAGTTAG-1,15427,13341,-0.6571896276885255,-0.364380633766274,-0.7342174729468177,False,False,other,0.0001602802308689,-0.182190316883137,MIXED
CTCTTGTCCCGCTTGG-1,13844,11304,-0.7453941051083136,-0.0992720792256356,-0.73465248312924,False,False,other,7.785274871852868e-05,-0.0496360396128178,MIXED
CTGAAAGAGATCCGAC-1,6937,10074,-0.5851377896323362,0.6434346913785681,0.8584616627291164,False,True,immune_core,0.0117916616410327,0.32171734568928406,IMMUNE_ACTIVE
CTGAATCCGAGACCTC-1,12465,11875,-0.8752756507885476,-0.0992720792256356,-0.2599024313832757,False,False,other,0.0015597319579876,-0.0496360396128178,MIXED
CTGAGCAAGTAACAAG-1,6160,15064,0.2366432272371563,0.3467043584924741,0.2117701543010522,False,True,interface,0.0858246166142884,0.17335217924623705,MIXED
CTGATAGTGTATCTCA-1,9516,16076,0.1687830272424375,0.0637307896937697,0.3437894478325369,False,False,interface,0.0036324010198579,0.03186539484688485,MIXED
CTGCAAATGGGCTCCA-1,3191,10650,0.6844057012815534,0.0679927957603745,-0.3701112207530477,True,False,interface,0.0378015058527872,0.03399639788018725,TUMOR
CTGCACAACTACATAT-1,13050,9266,-0.4562412387942869,-0.364380633766274,0.0393830420144623,False,False,other,0.0003055751457474,-0.182190316883137,MIXED
CTGCACCTGGAACCGC-1,6154,12344,-0.449544992755815,0.3909410545682422,0.7391301108779613,False,True,interface,0.006878889919607,0.1954705272841211,STROMA
CTGCACTCCAGTACAG-1,13841,9944,-0.8752756507885476,-0.364380633766274,-0.2581641814383689,False,False,other,0.0001334878609674,-0.182190316883137,MIXED
CTGCCATGCATCACAT-1,11082,10858,-0.3733674441293348,-0.364380633766274,-0.0300288983067014,False,False,other,0.0063200875646711,-0.182190316883137,MIXED
CTGCCTTTAATACCTT-1,15825,14701,-0.6402513728334929,-0.364380633766274,-0.21066982110128,False,False,other,0.0008253960842737,-0.182190316883137,MIXED
CTGCGGGTGAAATGTT-1,9317,15283,-0.2332462251496305,0.0831993376015518,-0.7504049216248372,False,False,other,0.0040082457731681,0.0415996688007759,MIXED
CTGCTGAGGCCACGAA-1,12864,13914,-0.5582493565265728,-0.0371703688918016,0.9155273103070558,False,False,other,0.0040661334207533,-0.0185851844459008,STROMA
CTGCTTGGCGATAGCT-1,13642,9378,-0.8752756507885476,-0.364380633766274,-0.7972955273124093,False,False,other,0.0001992105886912,-0.182190316883137,MIXED
CTGGAAATGGATGCTT-1,8914,11883,0.1797357038379911,0.4746650530125475,0.3520552944292384,False,True,interface,0.2645298918415419,0.23733252650627376,MIXED
CTGGACGCAGTCCGGC-1,13265,16407,0.447887964526409,0.0637307896937697,-0.5234261470947439,False,False,other,0.0100386027138968,0.03186539484688485,MIXED
CTGGATTTACACTTGA-1,12859,11647,-0.8752756507885476,-0.364380633766274,-0.6451253720510388,False,False,other,0.0004688987107064,-0.182190316883137,MIXED
CTGGCATCCGAATGAG-1,12670,14935,2.739427321354273,0.2386424423564502,0.9197320527059096,True,True,interface,0.5598245085424254,0.1193212211782251,TUMOR
CTGGCGGGAATAAGTA-1,7148,15402,1.9617370046055973,4.911741837988375,-0.8118108854705642,True,True,interface,2.678622886411231,2.4558709189941874,IMMUNE_EXHAUSTED
CTGGCTGGTTGTCAGT-1,13845,11531,-0.7322897491587772,-0.0992720792256356,-0.3508424882776782,False,False,other,8.222218616581639e-05,-0.0496360396128178,MIXED
CTGGGATCGCCCAGAT-1,3388,10763,0.5898888713139948,0.3183753901099974,-0.1424854721771707,True,True,interface,0.0294016636212625,0.1591876950549987,MIXED
CTGGGCCTGCTATATC-1,11880,14484,-0.3225768871444722,-0.364380633766274,-0.3131732998976984,False,False,other,0.0213255646405713,-0.182190316883137,MIXED
CTGGGCGGCCAAATGT-1,3385,9630,-0.8752756507885476,-0.364380633766274,-1.06200550335958,False,False,other,0.000672245040248,-0.182190316883137,MIXED
CTGGGTTGAGTTAAAG-1,13660,16633,-0.4390583889983994,-0.1971157587802638,-0.8418668834577188,False,False,other,0.0103884102081148,-0.0985578793901319,MIXED
CTGGTCATTCCAATCC-1,7741,16194,-0.0493819130901945,0.0831993376015518,0.4754116325442283,False,False,interface,0.1279437806078733,0.0415996688007759,MIXED
CTGGTCCTAACTTGGC-1,4571,10534,-0.4562412387942869,-0.1971157587802638,0.0633748352670636,False,False,other,0.0058001549179445,-0.0985578793901319,MIXED
CTGTACTTCTTAGCAT-1,10887,12105,0.3616523644231861,-0.0840655373844583,0.7668839754711263,False,False,interface,0.0114097509907153,-0.04203276869222915,STROMA
CTGTAGCCATCTCACT-1,14242,12664,-0.5273080820082915,-0.364380633766274,-0.5802728085557767,False,False,other,0.0039471329310074,-0.182190316883137,MIXED
CTGTAGTGAGGATCGA-1,16807,12998,-0.7591781822645406,-0.364380633766274,-0.5080102342156102,False,False,other,0.0018454495110048,-0.182190316883137,MIXED
CTGTATGGTGTAGAAA-1,7145,14268,-0.176073119045077,-0.364380633766274,0.2094439340483664,False,False,other,0.0694975152709617,-0.182190316883137,MIXED
CTGTGCAGGGTAGGTC-1,11474,9950,-0.6694182713496748,-0.364380633766274,-0.4635033200894747,False,False,other,0.003316885464538,-0.182190316883137,MIXED
CTGTTACCCAATCTAG-1,12661,11307,-0.6571896276885255,-0.1971157587802638,-0.2027787538993947,False,False,other,0.000294868664944,-0.0985578793901319,MIXED
CTGTTCACTGCCTGTG-1,7533,11547,0.3308164638122827,-0.0992720792256356,0.6460739624580888,False,False,interface,0.0562634762545181,-0.0496360396128178,STROMA
CTGTTCATCTCACGGG-1,7539,14041,-0.0128764726647583,-0.1971157587802638,0.5480231626739374,False,False,other,0.0311457103389248,-0.0985578793901319,MIXED
CTTAACTTCGAAGTAC-1,5361,10758,-0.6193464583335758,-0.364380633766274,0.9614207233542365,False,False,other,0.0084932362134445,-0.182190316883137,STROMA
CTTACACGGTATTCCA-1,9311,12789,1.2713886015330285,0.6515473239753167,-0.0855561774536017,True,True,interface,0.0358976715039754,0.32577366198765834,IMMUNE_ACTIVE
CTTACACTGGGAAATA-1,6351,12457,1.1997804198813964,-0.364380633766274,0.2835100873228512,True,False,interface,0.1478756457835121,-0.182190316883137,TUMOR
CTTAGGTATAGACCAG-1,15632,16175,-0.7591781822645406,0.0511158719634572,-0.9263274705341604,False,False,other,0.0003491725498571,0.0255579359817286,MIXED
CTTAGTTGAGGAATCG-1,16416,14132,-0.7591781822645406,-0.364380633766274,0.0656507968649005,False,False,other,0.0002004099176275,-0.182190316883137,MIXED
CTTATGCGCTCAGGGC-1,11688,16638,0.7890540110652512,-0.1971157587802638,-1.1085100992104997,True,False,interface,0.0021646022215631,-0.0985578793901319,TUMOR
CTTATGTTGACTACCA-1,5765,14839,0.6026992938733791,-0.364380633766274,0.1627671990733339,True,False,interface,0.0094956047238753,-0.182190316883137,TUMOR
CTTCAACTCCACTTGG-1,14825,9148,-0.6402513728334929,-0.364380633766274,-0.2830578408283326,False,False,other,9.223526892210485e-06,-0.182190316883137,MIXED
CTTCAGTGGTCGCCTA-1,13855,15839,0.6686414925549237,-0.0840655373844583,0.4038187540492055,True,False,interface,0.1098103660939451,-0.04203276869222915,TUMOR
CTTCATAGCTCAAGAA-1,6946,13702,0.1356171184285408,0.3423104944339535,0.3706376031185418,False,True,interface,0.0156540812666755,0.17115524721697675,MIXED
CTTCATTGTCAGTGGA-1,10293,11086,0.7026496385079689,-0.1971157587802638,0.5837665363178901,True,False,interface,0.0116178273954571,-0.0985578793901319,TUMOR
CTTCCGCTCCGTGAAG-1,14241,12210,-0.8752756507885476,-0.364380633766274,-0.784886434681727,False,False,other,0.0006364816286246,-0.182190316883137,MIXED
CTTCGTAGATAGGTGA-1,10889,12785,0.6684610315145374,-0.0992720792256356,0.4635081844930757,True,False,interface,0.1360405939976097,-0.0496360396128178,TUMOR
CTTCTATGTTGAAGTA-1,12275,14709,-0.1300593201522979,-0.1971157587802638,0.2207400257022257,False,False,other,0.0137650791778759,-0.0985578793901319,MIXED
CTTCTATTAATGCTAG-1,13256,12553,-0.7591781822645406,-0.364380633766274,-0.2254093124356254,False,False,other,0.0008621369342894,-0.182190316883137,MIXED
CTTCTGGGCGTACCTA-1,16218,14019,-0.8752756507885476,-0.364380633766274,-0.6388173359004242,False,False,other,0.0002565180071239,-0.182190316883137,MIXED
CTTCTTACGTCGTATA-1,5953,11097,0.3296969639414001,-0.0992720792256356,0.737884061250354,False,False,interface,0.01869463832516,-0.0496360396128178,STROMA
CTTGACCCGAAAGATA-1,4968,11440,-0.1845833212692942,-0.0992720792256356,0.5241526633285055,False,False,interface,0.0155597631824884,-0.0496360396128178,MIXED
CTTGAGGTTATCCCGA-1,5569,15179,1.3096145074611087,1.2671802430680132,0.4094031646304071,True,True,interface,0.499293154312424,0.6335901215340066,IMMUNE_EXHAUSTED
CTTGCAACCGCCTCCT-1,11684,15051,0.0552591633643734,-0.0992720792256356,0.6557861132841382,False,False,other,0.0103260131664997,-0.0496360396128178,STROMA
CTTGCCCAGGCTCTAC-1,12070,11649,-0.2546642216292734,0.2279381856488367,0.0116576382330403,False,True,immune_core,0.0104198192298178,0.11396909282441835,MIXED
CTTGGCCAAGCTGGGA-1,15225,11414,-0.8752756507885476,0.1300945060942085,-0.4159744671186137,False,False,other,0.0047877434593908,0.06504725304710425,MIXED
CTTGTACTTGTTGACT-1,7337,12114,1.338297020601473,-0.046066518083886,0.0852163761455113,True,False,interface,0.0023676728556523,-0.023033259041943,TUMOR
CTTGTCAACATTCGAG-1,13053,10399,-0.8752756507885476,-0.364380633766274,-0.567324787759562,False,False,other,4.8973684643719186e-05,-0.182190316883137,MIXED
CTTGTGAGTCTTTGAC-1,5172,14047,0.6359450257129785,-0.364380633766274,-0.5605097265567727,True,False,interface,0.0356441103517383,-0.182190316883137,TUMOR
CTTGTTTATGTAGCCA-1,6751,14723,-0.1625613092984093,0.3162244265040957,0.2812926688639135,False,True,immune_core,0.2103191980158011,0.15811221325204786,MIXED
CTTTAACTTTCAAAGG-1,7727,10299,-0.3354973894187051,0.053266835569359,0.0225744765652086,False,False,interface,0.0094872059968493,0.0266334177846795,MIXED
CTTTAATATTGGTCGA-1,13248,9605,-0.7591781822645406,-0.364380633766274,-0.1034667188334644,False,False,other,7.293048379262455e-05,-0.182190316883137,MIXED
CTTTAGTGCTATTATT-1,11870,10629,-0.7322897491587772,-0.364380633766274,0.3230794949783217,False,False,other,0.0003327302268685,-0.182190316883137,MIXED
CTTTCTGTGCGGGCTT-1,13842,10397,-0.8752756507885476,-0.1971157587802638,-0.3769481854941637,False,False,other,0.0002638316530123,-0.0985578793901319,MIXED
CTTTGGCGCTTTATAC-1,9516,15850,-0.1795909855147018,0.2975749436517935,0.2694591230708243,False,True,other,0.0245031144038788,0.14878747182589674,MIXED
CTTTGGCTTTAGTAAA-1,9510,13356,0.9370794906356802,1.009444404504778,0.105973202003458,True,True,interface,0.1950984722292734,0.504722202252389,IMMUNE_EXHAUSTED
CTTTGGGATTGTTGCA-1,15426,12888,-0.8752756507885476,-0.364380633766274,-0.72520448408276,False,False,other,0.0004203890881633,-0.182190316883137,MIXED
GAAACAGCCATGCAGT-1,5756,10984,-0.5110495483599492,-0.364380633766274,0.8812638717332903,False,False,other,0.0163917025356034,-0.182190316883137,STROMA
GAAACATAGGAAACAG-1,15038,15609,-0.33208060202684,-0.1971157587802638,-0.6633138378461348,False,False,interface,0.0211609879227633,-0.0985578793901319,MIXED
GAAACCGAATTACCTT-1,12071,12102,-0.4552562439521023,-0.364380633766274,0.4105136874179823,False,False,other,0.0039349418633999,-0.182190316883137,MIXED
GAAACCTATACAAATG-1,15029,11982,-0.8752756507885476,-0.364380633766274,-0.2576109721994339,False,False,other,0.0008847461405483,-0.182190316883137,MIXED
GAAACTCGTGCGATGC-1,8725,15171,-0.3813421317556948,-0.364380633766274,-0.5962489868970183,False,False,other,0.0105460495185129,-0.182190316883137,MIXED
GAAAGCAGTGCACTTT-1,14240,11757,-0.7591781822645406,-0.364380633766274,-0.6254411146097019,False,False,other,0.0002315567080907,-0.182190316883137,MIXED
GAAAGCCCTTTGGACC-1,10107,15508,-0.6912655167493418,-0.364380633766274,0.1378091857120243,False,False,other,0.0059227637887227,-0.182190316883137,MIXED
GAAAGTGACTAACTGC-1,8131,14379,-0.6962647701225597,-0.364380633766274,-0.2523922532250585,False,False,other,0.0100726886414123,-0.182190316883137,MIXED
GAAATACTAAACGTTT-1,6753,15403,0.2808554969319387,2.5540416835903517,0.4585764175220224,False,True,interface,0.226488905077215,1.2770208417951758,IMMUNE_EXHAUSTED
GAAATATCACCATCAG-1,9712,15282,-0.4750245693237317,-0.364380633766274,-0.0865530895140179,False,False,other,0.0099050267428778,-0.182190316883137,MIXED
GAAATCGCGCGCAACT-1,6740,10188,-0.1185157314285075,-0.0371703688918016,1.1822066508723903,False,False,interface,0.0332410474152038,-0.0185851844459008,STROMA
GAAATGGCGGTGTTAG-1,9112,11996,0.8228076891236954,-0.1971157587802638,0.5888520168528423,True,False,interface,0.033783379236531,-0.0985578793901319,TUMOR
GAAATGGGATGTAAAC-1,5768,15972,1.4495160632604478,0.2205317105553692,-0.480696198987373,True,True,interface,0.2087518381042164,0.1102658552776846,TUMOR
GAAATTCACATCGCTG-1,5759,12345,-0.2813290678040505,0.3183753901099974,0.1825387409561249,False,True,immune_core,0.052777896931556,0.1591876950549987,MIXED
GAAATTGTCTCTATAA-1,11676,11877,-0.6540354499897197,-0.364380633766274,0.4588557498996392,False,False,other,0.029634526167182,-0.182190316883137,MIXED
GAACACACATCAACCA-1,7534,12227,1.0724500886638444,-0.0992720792256356,0.4573534621129783,True,False,interface,0.0076425201087749,-0.0496360396128178,TUMOR
GAACAGATTACTAAAT-1,14432,9829,-0.8752756507885476,-0.364380633766274,0.4307504999570089,False,False,other,0.0015082540982445,-0.182190316883137,MIXED
GAACCATCTGGGAGAC-1,3983,11782,2.5182401996144734,0.2973593810802188,0.4165148716983184,True,True,interface,0.709821729369255,0.1486796905401094,TUMOR
GAACCCTCTGTGTTCT-1,14828,10282,-0.7012352581563432,-0.364380633766274,0.2121061386093863,False,False,other,0.0019836598492436,-0.182190316883137,MIXED
GAACCTCGACCTACAC-1,11294,16866,0.1574218470163682,-0.364380633766274,0.4459507625289562,False,False,other,0.0037004570023785,-0.182190316883137,MIXED
GAACGACCGAATGATA-1,6939,10755,0.2498504929578859,0.2190420364567523,0.9805212678425502,False,True,interface,0.0936206238367897,0.10952101822837615,STROMA
GAACGTTAGGAAGACG-1,9714,16189,0.8195780749576583,-0.1971157587802638,-0.2749919577541831,True,False,interface,0.0102622909894001,-0.0985578793901319,TUMOR
GAACTGTGGAGAGACA-1,16604,10391,-0.8752756507885476,-0.1971157587802638,-1.016468755766686,False,False,other,0.0001543272228262,-0.0985578793901319,MIXED
GAAGAAACGATATTGT-1,14839,14590,0.9504094205750666,-0.1971157587802638,-0.6015387128634533,True,False,tumor_core,0.0207222793350592,-0.0985578793901319,TUMOR
GAAGAACGGTGCAGGT-1,5959,13364,0.8077913925334054,0.18104301715618,0.0914620312553696,True,True,tumor_core,0.0117543517411938,0.09052150857809,TUMOR
GAAGACTTCAATGCCG-1,3782,10536,0.3337227912685372,0.3783261368379297,-0.7004480894545961,False,True,immune_core,0.0172701406676625,0.18916306841896485,MIXED
GAAGCCACTGATTATG-1,16011,10052,-0.8752756507885476,-0.364380633766274,-1.3519985644742278,False,False,other,2.4106977957588093e-05,-0.182190316883137,MIXED
GAAGCCTGCACATTCC-1,15224,10961,-0.7591781822645406,0.7688541129616708,0.3409398763288678,False,True,immune_core,0.0080283734297494,0.3844270564808354,IMMUNE_ACTIVE
GAAGCGTGAGGAATTT-1,9899,11087,0.3920267196222763,0.0831993376015518,0.1751497743345891,False,False,interface,0.0030417207311139,0.0415996688007759,MIXED
GAAGCTCGGACCCGTC-1,14052,15498,-0.3225768871444722,0.5113107610615957,0.5481304030086818,False,True,immune_core,0.2207554891839943,0.25565538053079784,MIXED
GAAGCTTGCTGACCGC-1,8919,13924,0.899521888623777,-0.0992720792256356,0.1861663576923788,True,False,interface,0.0271629555316692,-0.0496360396128178,TUMOR
GAAGGAGTCGAGTGCG-1,16211,11072,-0.7591781822645406,-0.364380633766274,-0.4326638840450983,False,False,other,0.0242588216011826,-0.182190316883137,MIXED
GAAGTCAGTTGCACTA-1,13450,11305,-0.8752756507885476,-0.364380633766274,-0.2336892564214471,False,False,other,0.0006260962507625,-0.182190316883137,MIXED
GAAGTGATTTATCGTG-1,10888,12559,0.7647048105381771,0.053266835569359,0.7635742331158124,True,False,interface,0.036043487975443,0.0266334177846795,TUMOR
GAAGTGCTGGATAGCT-1,6150,10983,0.0663663595661317,-0.1971157587802638,0.7492567913502926,False,False,interface,0.1102065093696529,-0.0985578793901319,STROMA
GAAGTTTCCACTCAAT-1,10297,12674,0.2688661987916776,-0.1971157587802638,0.1677369226370216,False,False,other,0.0144237703606791,-0.0985578793901319,MIXED
GAATAGTGCTCGATTA-1,15034,13796,0.156817720805228,-0.364380633766274,-1.1475951588222553,False,False,other,0.0017655891289528,-0.182190316883137,MIXED
GAATCGACATGGTCAC-1,8326,13132,1.584551148361134,0.0831993376015518,0.0775695596468145,True,False,interface,0.0326749863041872,0.0415996688007759,TUMOR
GAATCGCCGGACACGG-1,5367,13253,0.4262734726695047,0.2234359005152729,-0.0032859360449402,False,True,interface,0.0276356797280079,0.11171795025763645,MIXED
GAATCTGAACATTCTC-1,11476,10630,-0.7701329185137268,-0.364380633766274,0.1708790278641773,False,False,other,0.0010317026442071,-0.182190316883137,MIXED
GAATGCCGAAATGACC-1,7346,15968,1.0666758538499106,0.709146749175587,0.4499834766263649,True,True,interface,0.5669185578339666,0.3545733745877935,IMMUNE_ACTIVE
GAATGCGAATCGGTTC-1,15617,10053,-0.8752756507885476,-0.364380633766274,-1.3519985644742278,False,False,other,7.270126512839173e-05,-0.182190316883137,MIXED
GAATGTTGGGTAATCT-1,7726,10072,0.973738595745435,-0.1971157587802638,0.9919590782914784,True,False,interface,0.1122260735404287,-0.0985578793901319,TUMOR
GAATTATAGTGAAAGG-1,9896,10180,-0.6962647701225597,-0.1971157587802638,0.5409632565154491,False,False,other,0.0110963251191391,-0.0985578793901319,MIXED
GAATTCACCCGGGTGT-1,12464,11648,-0.3257310648432779,-0.364380633766274,-0.5690455422130377,False,False,other,0.0046156262108932,-0.182190316883137,MIXED
GAATTTCTCGCTGCAG-1,8723,14491,0.4756789952762396,0.2941657469960231,-0.50902840146857,False,True,interface,0.0356794395926872,0.14708287349801155,MIXED
GACAACGCAGCTTACG-1,7139,11774,1.160848677412275,-0.364380633766274,-0.519671165383489,True,False,interface,0.0132283706611351,-0.182190316883137,TUMOR
GACACAAGGGAAGAAA-1,9106,9729,0.3371266294999233,-0.1971157587802638,0.3758698190292269,False,False,interface,0.0093640459503947,-0.0985578793901319,MIXED
GACACGAGTTAGAGGA-1,6949,15062,0.000931748283824,1.8171038445228644,0.0328081808765299,False,True,interface,0.4340526032089811,0.9085519222614322,IMMUNE_EXHAUSTED
GACACTGAGTTCAGTG-1,11875,12670,1.111682088101413,-0.1971157587802638,0.0999688016900542,True,False,interface,0.1139092399568128,-0.0985578793901319,TUMOR
GACAGATTTCTGGCTC-1,11886,16978,-0.0253574330249411,-0.364380633766274,-0.1250143739906073,False,False,other,0.0079246384164562,-0.182190316883137,MIXED
GACAGGCACACACTAT-1,10698,15393,-0.0184710951567303,0.3143642877925588,0.1122767200160965,False,True,immune_core,0.0201443172091348,0.1571821438962794,MIXED
GACATCCGTCGAACTG-1,16010,9825,-0.8752756507885476,-0.364380633766274,-1.3037541006919773,False,False,other,9.68799271479742e-06,-0.182190316883137,MIXED
GACATCGATTTATAAC-1,13452,12212,-0.6462348914393393,-0.364380633766274,-0.5542245924981654,False,False,other,0.0005455676841647,-0.182190316883137,MIXED
GACCAGAGCCCTGTAG-1,9310,12563,0.9745435624377649,0.9259007513662856,0.7647300325756868,True,True,interface,0.0907396410325084,0.4629503756831428,IMMUNE_EXHAUSTED
GACCAGGTCATTCATA-1,3781,10082,0.8110543148377938,0.2183807469494675,-0.4961769485931127,True,True,tumor_core,0.0420657952106953,0.10919037347473375,TUMOR
GACCCAATTATGATAC-1,13855,15612,-0.0321114992439876,-0.0416726540253654,0.5674779926232227,False,False,interface,0.4681845156464213,-0.0208363270126827,MIXED
GACCCGTCGCCGGCTA-1,4967,11213,0.8783983750879727,0.3314309683452731,0.94878944304576,True,True,interface,0.0202223380189467,0.16571548417263654,STROMA
GACCGACTGAAGCGTC-1,9909,15395,-0.5801673015985527,-0.364380633766274,-0.3778139190758817,False,False,other,0.0049465680812676,-0.182190316883137,MIXED
GACCGTGCTGACGGTG-1,11084,11991,0.6123701680398242,0.0637307896937697,0.6645138622674199,True,False,interface,0.0069236948388372,0.03186539484688485,TUMOR
GACGACGATCCGCGTT-1,13446,9945,-0.8752756507885476,-0.364380633766274,-0.6572199405603228,False,False,other,4.838945496517061e-05,-0.182190316883137,MIXED
GACGCCGTAAAGGCTA-1,13845,11758,-0.8752756507885476,-0.364380633766274,-0.9351184331656868,False,False,other,0.0006391161068912,-0.182190316883137,MIXED
GACGCCTGTTGCAGGG-1,5370,14386,1.3856480515820542,0.2431447274900141,-0.1350116921610711,True,True,interface,0.1493291398310431,0.12157236374500704,TUMOR
GACGCTTGCTTCTAAA-1,10694,13806,1.1433871164685816,-0.364380633766274,0.8983158969680058,True,False,interface,0.136515178573461,-0.182190316883137,TUMOR
GACGGACCGCGTTCCT-1,3981,11329,-0.4700435490627082,0.1211983569021241,1.563367849700574,False,False,interface,0.1683160106275148,0.06059917845106205,STROMA
GACGGGTTGGCCCGTA-1,15227,12095,-0.8752756507885476,0.1255922209606447,-0.0650915247200141,False,False,other,0.0018734229735069,0.06279611048032235,MIXED
GACGTGTAGGGATTAT-1,8723,14265,-0.7453941051083136,-0.364380633766274,-1.3037541006919773,False,False,other,0.0326360207789562,-0.182190316883137,MIXED
GACTAAGATCATGCAC-1,7731,11886,-0.1991081089901088,0.9705579662571208,0.5931141318972196,False,True,interface,0.1456738333441884,0.4852789831285604,IMMUNE_EXHAUSTED
GACTAAGTAGGCTCAC-1,8523,13018,1.9694243472438235,-0.0992720792256356,0.4576835758396819,True,False,interface,0.0309495805460824,-0.0496360396128178,TUMOR
GACTACAAAGCGGTGG-1,12868,15501,0.2930226431039389,-0.1971157587802638,0.2036717839313967,False,False,interface,0.1594655694543405,-0.0985578793901319,MIXED
GACTCCTTCCAATTGA-1,14252,16745,-0.3539460805387011,0.3856456219354777,0.1839117310586737,False,True,other,0.0236392165833902,0.19282281096773884,MIXED
GACTGCAAATCGAGCT-1,14826,9375,-0.7591781822645406,-0.364380633766274,-0.6183470297885433,False,False,other,7.889804838234158e-06,-0.182190316883137,MIXED
GACTGCGGCACGTGTA-1,8530,16192,0.2311340541698844,0.4682852949027801,-0.3085139481155431,False,True,interface,0.0596068765706482,0.23414264745139005,MIXED
GACTGCTGGTGAGAAA-1,16414,13452,-0.8752756507885476,-0.364380633766274,-0.6974322547783885,False,False,other,0.0003781001802965,-0.182190316883137,MIXED
GAGACTGATGGGTAGA-1,8716,11544,-0.3792384758605848,0.3043114751333812,0.4529340729710459,False,True,interface,0.0342156770636301,0.1521557375666906,MIXED
GAGACTTCGCGACCGA-1,13647,11418,-0.6912655167493418,-0.1971157587802638,-0.5218178243559165,False,False,other,0.0002210752977416,-0.0985578793901319,MIXED
GAGAGGGCGCGAGGTT-1,10693,13353,0.6467625594525146,0.053266835569359,-0.4017650011294916,True,False,interface,0.0108022887785661,0.0266334177846795,TUMOR
GAGAGGTGCATTCTGG-1,11880,14710,-0.4386743556684793,0.2205317105553692,-0.2282508774122837,False,True,immune_core,0.0217769404740393,0.1102658552776846,MIXED
GAGATCTGCTTGGCAT-1,9903,12901,-0.2483972771087415,0.345016836925579,0.0355074788295103,False,True,interface,0.1649164891653279,0.1725084184627895,MIXED
GAGATCTGTCACTCCG-1,9106,9502,0.7411335331118842,0.0831993376015518,0.1423010335537821,True,False,tumor_core,0.0202910404226042,0.0415996688007759,TUMOR
GAGATCTTCCATGACA-1,12064,9155,-0.7623323599633464,-0.364380633766274,-0.4470624644460172,False,False,other,4.343672190677272e-05,-0.182190316883137,MIXED
GAGATGGGAGTCGACA-1,13446,9718,-0.8752756507885476,-0.1971157587802638,-0.5792882609521156,False,False,other,2.582672484206002e-05,-0.0985578793901319,MIXED
GAGCATCAACAACTTG-1,15825,14474,-0.8752756507885476,-0.364380633766274,-1.0376902665501286,False,False,other,0.0007789388199735,-0.182190316883137,MIXED
GAGCATCATCCCTGGG-1,5564,13365,1.2207353123584166,0.3694299876458453,-0.3896574412431899,True,True,interface,0.0279944391139638,0.18471499382292264,MIXED
GAGCCACGGTAGTAGG-1,4971,12573,0.758571760477199,-0.364380633766274,-0.7615809828440943,True,False,interface,0.026413949188467,-0.182190316883137,TUMOR
GAGCGAGGGAGTACCG-1,5954,11324,-0.6193464583335758,0.0239963787515655,0.023498601365732,False,False,interface,0.0727048096063994,0.01199818937578275,MIXED
GAGCGCTGTTAGGTAA-1,15235,15269,0.2750040034393956,-0.364380633766274,-0.2817144434700958,False,False,other,0.0154029421028187,-0.182190316883137,MIXED
GAGCGGAATGCGGTGT-1,16609,12431,-0.3501135116772814,-0.0371703688918016,-0.6762739626094011,False,False,other,0.0010785663678291,-0.0185851844459008,MIXED
GAGCTCTCGGACCTAA-1,6158,14158,-0.7623323599633464,-0.1971157587802638,0.8479763034108536,False,False,other,0.0421280978254185,-0.0985578793901319,STROMA
GAGGAATGGAGAGGTT-1,8526,14378,0.1739082273096779,-0.1971157587802638,-0.3703714859698394,False,False,other,0.0156541101301628,-0.0985578793901319,MIXED
GAGGAGTAATTCCTAC-1,3589,12237,-0.649389069138145,-0.364380633766274,-0.2744285497683666,False,False,other,0.0158954763880085,-0.182190316883137,MIXED
GAGGCCCGACTCCGCA-1,14051,15272,-0.3382142434511495,2.197205450102894,0.0630116631156903,False,True,immune_core,0.4129836922645882,1.098602725051447,IMMUNE_EXHAUSTED
GAGGCTATCAAAGTCG-1,10105,14828,0.7500229580082675,-0.0840655373844583,-0.8107114920200351,True,False,interface,0.0204141318697533,-0.04203276869222915,TUMOR
GAGGGAGTCAGATCGC-1,16019,13226,-0.8752756507885476,-0.364380633766274,-0.5358517619817443,False,False,other,0.0002831530925347,-0.182190316883137,MIXED
GAGGGCATCGCGTATC-1,5369,14159,0.8551145857073088,-0.1971157587802638,0.2449657324784084,True,False,interface,0.0529072672174065,-0.0985578793901319,TUMOR
GAGGGTAGTAACAAAG-1,15627,14361,-0.6324508142831123,-0.364380633766274,-0.9177399247138166,False,False,other,0.0009106793719823,-0.182190316883137,MIXED
GAGGTACATCCATCTT-1,5557,10191,-0.8752756507885476,0.4986958433312834,0.4063058340115537,False,True,immune_core,0.0176860958043197,0.2493479216656417,MIXED
GAGGTACGCGTGTCCC-1,16406,10278,-0.7623323599633464,-0.364380633766274,-0.4994875061009746,False,False,other,8.221197132417359e-05,-0.182190316883137,MIXED
GAGGTCCCAAAGATCT-1,6752,14950,-0.5737000408662161,0.5993494413979311,-0.6162099379548246,False,True,immune_core,0.4206826787985593,0.29967472069896556,MIXED
GAGTAAGGCCACGGGA-1,12673,16295,0.0901865040495349,-0.364380633766274,-0.7105660849542502,False,False,interface,0.0278121715528238,-0.182190316883137,MIXED
GAGTACGGGTATACAA-1,6155,13024,0.868362935026144,0.1962495589973573,0.5440041148593139,True,True,immune_core,0.121688606411992,0.09812477949867865,TUMOR
GAGTAGATACTAGTTG-1,15421,10620,-0.8752756507885476,-0.364380633766274,-0.4754903058296312,False,False,other,0.0003165719256319,-0.182190316883137,MIXED
GAGTATGCCCGCCTTG-1,12862,13007,-0.7591781822645406,-0.0992720792256356,-0.1815856197961874,False,False,other,0.0047284116886985,-0.0496360396128178,MIXED
GAGTATGCGCGTGCAT-1,15616,9826,-0.8752756507885476,-0.1971157587802638,-0.3352133914551331,False,False,other,9.337239963291771e-05,-0.0985578793901319,MIXED
GAGTCAGACCAGAATC-1,14242,12437,-0.6694182713496748,-0.364380633766274,-0.0720406687500681,False,False,other,0.0016049175792321,-0.182190316883137,MIXED
GAGTCCGCTTACCGGA-1,12266,11308,-0.8752756507885476,-0.364380633766274,0.3669795982194394,False,False,other,0.0043707256578232,-0.182190316883137,MIXED
GAGTTGATGGCAATTT-1,13263,15727,-0.4116749380451853,-0.364380633766274,0.0754568321792845,False,False,interface,0.3748122227242992,-0.182190316883137,MIXED
GATAAATCGGTGGATG-1,6156,13251,-0.2600475083324115,0.1255922209606447,1.118675910640975,False,False,interface,0.0960710786076594,0.06279611048032235,STROMA
GATACGATGGGAGTCA-1,12073,12783,0.5737114960833231,0.3804771004438314,0.9944215473461524,False,True,interface,0.0065310048338802,0.1902385502219157,STROMA
GATAGAACCCGCTAGG-1,17001,11523,-0.8752756507885476,-0.1971157587802638,-1.0155499078544303,False,False,other,0.0033032124685582,-0.0985578793901319,MIXED
GATAGGTAACGTTGAC-1,12660,11081,-0.5960925258815223,-0.364380633766274,-0.409640830273953,False,False,other,0.0004722927274343,-0.182190316883137,MIXED
GATAGTGCGAGTAAGT-1,16610,12885,-0.8752756507885476,-0.364380633766274,-1.3037541006919773,False,False,other,0.0038974167707179,-0.182190316883137,MIXED
GATATCTCATGCAATA-1,5559,11325,-0.6540354499897197,-0.0992720792256356,0.9194427537498904,False,False,other,0.0052303473063329,-0.0496360396128178,STROMA
GATATGGATTACGCGG-1,8727,15852,0.3048853690659708,-0.364380633766274,-0.252776334695713,False,False,interface,0.0408614211134297,-0.182190316883137,MIXED
GATCAACATAAAGGGA-1,15428,13795,-0.7701329185137268,-0.364380633766274,-0.8199166350720467,False,False,other,0.0002322228948565,-0.182190316883137,MIXED
GATCATTCCAAACATT-1,9111,11543,0.9537883130550184,0.18104301715618,-0.1605458918436986,True,True,interface,0.0180236484079742,0.09052150857809,TUMOR
GATCCCTTTATACTGC-1,8715,11090,-0.1888404477397149,-0.364380633766274,0.0271821747863703,False,False,interface,0.1586781226193683,-0.182190316883137,MIXED
GATCCGGGAATTAACA-1,10881,9611,-0.3864718000788714,-0.1971157587802638,0.3525289031436852,False,False,other,0.0043797204827216,-0.0985578793901319,MIXED
GATCCTCGACACTGGC-1,13063,14254,-0.3335316233936584,-0.0992720792256356,0.5623575028904434,False,False,other,0.0113996393842639,-0.0496360396128178,MIXED
GATCGACACTATCTGA-1,8521,12565,-0.1930894702595341,0.4015134532839399,0.8729247246825482,False,True,interface,0.0152238021511595,0.20075672664196995,STROMA
GATCGCGGGCTCTCCA-1,10295,11993,1.1133398405195027,0.8064375602979735,1.0102301937219067,True,True,interface,0.116919587972529,0.40321878014898677,IMMUNE_EXHAUSTED
GATCGCTATATCTCAG-1,15234,15042,-0.1607869332963101,-0.364380633766274,-1.1469056839956835,False,False,other,0.0021274776248134,-0.182190316883137,MIXED
GATCGGATAGAACCAT-1,11292,16412,-0.3497764844223827,-0.364380633766274,-0.0794622890479898,False,False,other,0.0440488858596594,-0.182190316883137,MIXED
GATCGGCGATAAGTCG-1,7150,16309,1.1292730117785126,1.2859464609004814,-0.4043195348479489,True,True,interface,0.0680994334240407,0.6429732304502407,IMMUNE_EXHAUSTED
GATCGGTGGCCATAAC-1,8713,10183,-0.0501386887544918,-0.364380633766274,0.2711244404315417,False,False,interface,0.092824968163681,-0.182190316883137,MIXED
GATCGTGACTGATATC-1,10684,9725,0.8266164053324291,-0.364380633766274,-0.007611741173542,True,False,tumor_core,0.0311989539468313,-0.182190316883137,TUMOR
GATCTGCTATCTAAGG-1,15423,11527,-0.8752756507885476,0.6722271018000513,-0.155715975557146,False,True,immune_core,0.0034525048459722,0.33611355090002565,IMMUNE_ACTIVE
GATCTTGGAGGGCATA-1,11868,9949,-0.3359219807239232,-0.364380633766274,-0.349728661928237,False,False,other,0.0005564883634603,-0.182190316883137,MIXED
GATCTTTGCAGGGTAT-1,10299,13580,0.9844837385707212,-0.046066518083886,-0.0080243548289141,True,False,interface,0.0202807955196582,-0.023033259041943,TUMOR
GATGACAAGTAGGGCA-1,14443,14137,0.8900211209935626,-0.0371703688918016,-0.9328781890550892,True,False,tumor_core,0.0342904922026559,-0.0185851844459008,TUMOR
GATGCCAGCAGAAGGC-1,7741,15967,0.7031491680168818,0.7031850801847399,0.1229957422530172,True,True,interface,0.0546791529679568,0.35159254009236995,IMMUNE_ACTIVE
GATGCCTTCTGCGGCA-1,14646,16291,0.1237202526023235,-0.364380633766274,0.0974200526914272,False,False,other,0.006975338115052,-0.182190316883137,MIXED
GATGCGTCCTGCATTC-1,10491,11426,0.9675673572039408,0.3804771004438314,0.7675181613178977,True,True,interface,0.0138762610008835,0.1902385502219157,STROMA
GATGCTACAAGCGCCT-1,6548,12116,1.152101980192345,0.0831993376015518,1.222468352240346,True,False,interface,0.0133093100020668,0.0415996688007759,TUMOR
GATGCTACCTTCGATG-1,17000,11297,-0.7591781822645406,-0.364380633766274,-0.9077852142976384,False,False,other,0.0004743804076508,-0.182190316883137,MIXED
GATGCTGTATTTCATC-1,11670,9383,-0.6193464583335758,-0.364380633766274,-0.457446186262763,False,False,other,5.9316200180709526e-05,-0.182190316883137,MIXED
GATGGCGCACACATTA-1,6948,14609,-0.4090609937839341,0.2504642125875622,0.1969722859166494,False,True,interface,0.1370358251254693,0.1252321062937811,MIXED
GATGTAACGAACCACC-1,13263,15500,1.667254066764073,-0.0840655373844583,0.243058940780882,True,False,interface,0.4444400987711283,-0.04203276869222915,TUMOR
GATGTTCAATCCACGA-1,11284,13011,-0.3009841766915274,-0.364380633766274,0.5179809265165608,False,False,interface,0.4022185964815688,-0.182190316883137,MIXED
GATGTTTGTGCGAGAT-1,7145,14495,-0.5488927177148989,0.2811437467905863,-0.155711934244486,False,True,interface,0.1383330937497658,0.14057187339529315,MIXED
GATTACTGAATTTGGG-1,11285,13465,1.65395549401071,0.18104301715618,0.2655080809204136,True,True,interface,0.0546857034405537,0.09052150857809,TUMOR
GATTCCCTTGTCGCAG-1,8121,10298,0.5684356075790286,-0.1971157587802638,0.8694439096865898,False,False,interface,0.0137490331934924,-0.0985578793901319,STROMA
GATTCCTATACGGCGC-1,8134,15286,-0.3260544194785588,0.1470994128065486,-0.4154200764354322,False,True,other,0.0143059885336144,0.0735497064032743,MIXED
GATTCGACGGTTCACG-1,11276,9837,-0.0860596534897204,-0.0840655373844583,0.2130321719793866,False,False,other,0.0035338718492064,-0.04203276869222915,MIXED
GATTGACACTCTGCTC-1,4177,10761,-0.3382142434511495,-0.1971157587802638,0.1340484138816846,False,False,interface,0.0429525163846016,-0.0985578793901319,MIXED
GATTGCTCCAGTTGCA-1,15628,14814,-0.6462348914393393,-0.364380633766274,-1.0376902665501286,False,False,other,0.0008802910705227,-0.182190316883137,MIXED
GCAAACCTTGGCCATA-1,14434,10283,-0.7322897491587772,-0.364380633766274,-0.1982770933607759,False,False,other,0.0022920015627635,-0.182190316883137,MIXED
GCAAATATTACGCTTT-1,10101,13241,0.6879784732668079,-0.1971157587802638,0.7091812959177635,True,False,interface,0.0412026934160101,-0.0985578793901319,TUMOR
GCAACACACTAGAACT-1,12278,16070,1.132683574873374,-0.1971157587802638,-0.281003206077643,True,False,interface,0.0854709299028421,-0.0985578793901319,TUMOR
GCAACCACGGCCGCGT-1,11683,14597,0.3327454057340908,-0.0992720792256356,0.1723162254848844,False,False,other,0.0256962952215294,-0.0496360396128178,MIXED
GCAAGAATTCCTTGGC-1,11878,13803,-0.6193464583335758,-0.0840655373844583,0.4833400361013067,False,False,other,0.0551817326628459,-0.04203276869222915,MIXED
GCAAGTGCACAGAGAA-1,7931,13133,1.140556561038507,-0.1971157587802638,-0.5467069148653233,True,False,interface,0.0223151788454127,-0.0985578793901319,TUMOR
GCAAGTGTAAAGCATG-1,16412,12772,-0.2434858984491009,-0.364380633766274,-0.8251134954982974,False,False,other,0.0148397070615383,-0.182190316883137,MIXED
GCACAAACCCTAGATG-1,16024,15494,-0.6912655167493418,-0.364380633766274,0.1021730286613026,False,False,other,0.0009442232852192,-0.182190316883137,MIXED
GCACAACCTCGGGCGT-1,14647,16744,-0.5482796151195712,0.6315217400078537,1.073658596864417,False,True,immune_core,0.029563861558901,0.31576087000392683,IMMUNE_ACTIVE
GCACAAGTGTCGGAAG-1,5163,10646,-0.8752756507885476,0.1300945060942085,-0.2878679729809103,False,False,other,0.0028313236231545,0.06504725304710425,MIXED
GCACACGCCCATGGTC-1,9913,16756,-0.1342444564985285,-0.0840655373844583,0.9149510118235968,False,False,other,0.0196272606186713,-0.04203276869222915,STROMA
GCACGCCTACTTAGAT-1,14047,13458,1.4142963893156992,-0.364380633766274,-0.7282645629291389,True,False,interface,0.0515575992163285,-0.182190316883137,TUMOR
GCACTAGTCGCGCTAT-1,5761,13025,0.6657145918820461,0.7605133426553105,0.3452457049104282,True,True,interface,0.1444468625683022,0.3802566713276552,IMMUNE_ACTIVE
GCACTGCCTACCTTTA-1,16209,10165,-0.8752756507885476,-0.364380633766274,-1.230931260889703,False,False,other,2.6817166977422104e-05,-0.182190316883137,MIXED
GCACTGTGCAAATGTA-1,4975,14160,-0.1986571150925578,-0.364380633766274,-0.32154616943324,False,False,interface,0.0360115974774413,-0.182190316883137,MIXED
GCAGATCCTCGCAAAT-1,7742,16421,0.444535364784647,-0.0298508837942535,0.1735457552018459,False,False,interface,0.030117242980639,-0.01492544189712675,MIXED
GCAGATTAGGGATATC-1,10490,10973,0.0762720501694466,0.4052438575811654,0.0443810731203565,False,True,interface,0.0271543058857878,0.2026219287905827,MIXED
GCAGCACACAGCCCAG-1,10693,13126,0.601358906457988,0.4648398186378038,0.342019558074993,True,True,interface,0.0506949636652274,0.2324199093189019,MIXED
GCAGGAACTTAGATCT-1,13659,16180,-0.0940803794090227,-0.364380633766274,-0.2589283198875488,False,False,interface,0.020900588456812,-0.182190316883137,MIXED
GCAGGACTATAGAATA-1,10102,13694,1.219702512078251,0.23099566467978,0.099391722913025,True,True,interface,0.085389942465865,0.11549783233989,TUMOR
GCATACGAGGTCTTTA-1,10700,16300,-0.6462348914393393,0.0511158719634572,0.1851678963938306,False,False,other,0.0142556260554908,0.0255579359817286,MIXED
GCATAGAGCACTCAGG-1,10491,11199,-0.3670517665323141,0.1300945060942085,0.5845887618573219,False,False,interface,0.0208808549581727,0.06504725304710425,MIXED
GCATCCCTAACTTTGA-1,6353,13137,0.1863434692593831,0.9713511137563215,0.3685355757547694,False,True,interface,0.1387406337051919,0.4856755568781608,IMMUNE_EXHAUSTED
GCATTCGAAATGAACA-1,8728,16305,-0.3464790110235713,1.7155869745748469,0.6364218367886035,False,True,interface,0.4447554082353036,0.8577934872874234,IMMUNE_EXHAUSTED
GCATTGTAATTCATAT-1,11290,15505,0.6770833810589555,-0.364380633766274,-0.1968333889085656,True,False,tumor_core,0.0364737759171535,-0.182190316883137,TUMOR
GCCAAGAATACTTCTG-1,12280,16750,-0.2705760464227058,-0.364380633766274,-0.2885670124788482,False,False,interface,0.0180697133775951,-0.182190316883137,MIXED
GCCACAATTTAAGGAC-1,12074,13463,0.5011750053562806,-0.0371703688918016,0.7236101554908776,False,False,interface,0.0259974883796682,-0.0185851844459008,STROMA
GCCATCGAGCTGCGTG-1,13650,12552,-0.1416990587409271,-0.364380633766274,-0.6157749277724021,False,False,other,0.0024044126563661,-0.182190316883137,MIXED
GCCATTAGCCTCAAAC-1,14054,16405,0.8569389693119457,0.0511158719634572,0.4983899236774044,True,False,tumor_core,0.0252426345113513,0.0255579359817286,TUMOR
GCCCACCAAGGCTGTC-1,5565,13592,0.6639080334217253,-0.0371703688918016,-0.0973807989516838,True,False,interface,0.0139831555536246,-0.0185851844459008,TUMOR
GCCCAGTTGGTATGCC-1,7538,13587,-0.5032489898095688,1.0592220220026642,0.7911136261501465,False,True,immune_core,0.1138739225342791,0.5296110110013321,IMMUNE_EXHAUSTED
GCCCGACTTCTTCCCG-1,12867,15048,0.6752295352540557,0.9163433126669164,0.3561697733596913,True,True,interface,0.4906102919129895,0.4581716563334582,IMMUNE_EXHAUSTED
GCCCGAGAGTCTAAAT-1,15436,16742,-0.5960925258815223,-0.0298508837942535,0.3942123413717701,False,False,other,0.0033283219549677,-0.01492544189712675,MIXED
GCCCGATCTGTGGTCG-1,13646,10738,-0.7701329185137268,-0.364380633766274,-0.5551609201433594,False,False,other,0.0001561974871066,-0.182190316883137,MIXED
GCCCGCGCGTAAACGG-1,12863,13234,-0.3055472109281799,-0.0992720792256356,0.153458451945132,False,False,other,0.0008880429055549,-0.0496360396128178,MIXED
GCCCGCGCGTTTGACA-1,7143,13362,0.9616642535797856,1.3467100172922797,-0.2513171455017679,True,True,interface,0.3430885911681656,0.6733550086461398,IMMUNE_EXHAUSTED
GCCCTAGCCGTCGCGA-1,13856,16066,0.7926464834323548,0.6681116819231951,0.2859077849186655,True,True,interface,0.1025116255690385,0.33405584096159757,IMMUNE_ACTIVE
GCCGAAATTCCTACGT-1,10100,12787,-0.2724321191867407,-0.0992720792256356,0.9099756597373472,False,False,interface,0.0285414323821212,-0.0496360396128178,STROMA
GCCGACCCACGACTGC-1,15430,14475,-0.8752756507885476,-0.1971157587802638,-0.8120653501147134,False,False,other,0.001569143940308,-0.0985578793901319,MIXED
GCCGATTGGCCAAGCT-1,11279,10971,-0.7623323599633464,-0.364380633766274,-0.0962710398378306,False,False,other,0.0006479187610317,-0.182190316883137,MIXED
GCCGCATTAGTCCGGC-1,10108,15962,0.1780302922366843,-0.1971157587802638,-0.1839452475840663,False,False,interface,0.0083919760517601,-0.0985578793901319,MIXED
GCCGCTTGTGAGAAAC-1,10299,13354,0.8459037110551514,-0.1971157587802638,-0.5089183082529305,True,False,interface,0.0142174336231543,-0.0985578793901319,TUMOR
GCCGGAAACACATCTT-1,3786,11896,-0.2565219428413308,-0.1971157587802638,0.5215252755187517,False,False,interface,0.0981503468560319,-0.0985578793901319,MIXED
GCCGGGTTAGGGTCGC-1,11280,11197,-0.6540354499897197,-0.364380633766274,-0.1102902061352164,False,False,other,0.0120616227369951,-0.182190316883137,MIXED
GCCGGTCGTATCTCTC-1,17002,11750,-0.7701329185137268,-0.364380633766274,-0.9550185477507876,False,False,other,0.0052503777240929,-0.182190316883137,MIXED
GCCTAGCGATCTGACC-1,7142,13135,1.073473695258447,-0.1971157587802638,-0.4531381904108801,True,False,interface,0.183585210613897,-0.0985578793901319,TUMOR
GCCTATTCCGATATAG-1,7934,14493,-0.7453941051083136,-0.364380633766274,-0.1641476569526765,False,False,other,0.0166177300541254,-0.182190316883137,MIXED
GCCTATTTGCTACACA-1,4773,12234,0.1968748633718263,0.5410887266903761,0.2987330473825586,False,True,interface,0.1703022017999824,0.27054436334518805,MIXED
GCCTCTATACATAGCA-1,14037,9377,-0.6962647701225597,-0.364380633766274,-0.6381010358473025,False,False,other,8.433548845905577e-05,-0.182190316883137,MIXED
GCCTTCAGCCCTACCG-1,6351,12230,0.0821085502835221,0.1300945060942085,0.9167960652191692,False,False,interface,0.0160803680756287,0.06504725304710425,STROMA
GCCTTGTATATGCAGT-1,6558,16197,-0.1266390671170204,1.145599306657707,0.1401597826647596,False,True,interface,0.1236598458826871,0.5727996533288535,IMMUNE_EXHAUSTED
GCGAAGCCATACCCGT-1,9307,10975,1.032203176752524,-0.0298508837942535,0.589195177148422,True,False,interface,0.0188987749656567,-0.01492544189712675,TUMOR
GCGACCCAACCATCTG-1,14838,14136,0.2178635403790924,-0.364380633766274,-0.4128454299029043,False,False,other,0.0019632320278191,-0.182190316883137,MIXED
GCGACGATAGTTGTAC-1,12662,11761,-0.8752756507885476,-0.1971157587802638,-0.0212930030038532,False,False,other,0.0006335072118192,-0.0985578793901319,MIXED
GCGAGAAACGGGAGTT-1,5769,16426,1.6428794831411782,0.4345504622926174,-0.2679663625234988,True,True,interface,0.0648860744069409,0.2172752311463087,MIXED
GCGAGGCCCGAGCAGA-1,10494,12560,0.3660686921409565,0.3183753901099974,0.2610549529020304,False,True,interface,0.0071458471576111,0.1591876950549987,MIXED
GCGAGTTCTGCAAAGA-1,10095,10747,0.345347591007914,-0.364380633766274,-0.2565140059280186,False,False,other,0.0514117103473086,-0.182190316883137,MIXED
GCGATTGTTAACGTTA-1,10486,9159,-0.7086283629095925,-0.364380633766274,-0.5220722890000656,False,False,other,0.0015369820854276,-0.182190316883137,MIXED
GCGCAAATATATTCAA-1,14642,14703,-0.1662361572784988,0.0831993376015518,-0.3532940340256833,False,False,other,0.0261927785442767,0.0415996688007759,MIXED
GCGCCGTTCCACGATA-1,11278,10517,-0.5960925258815223,-0.364380633766274,-0.1503400668123701,False,False,other,0.0252626595880703,-0.182190316883137,MIXED
GCGCGGTCTAGTAACT-1,16605,11071,-0.6962647701225597,-0.364380633766274,-0.044238982250795,False,False,other,0.0006605946511907,-0.182190316883137,MIXED
GCGCTAATTGAATAGA-1,9896,9954,-0.6292966365843066,-0.364380633766274,-0.3048223398348025,False,False,other,0.0096947753246029,-0.182190316883137,MIXED
GCGCTATGCCGAGGCA-1,11678,12557,0.4192826311405245,0.5506461653897453,0.825074394867071,False,True,interface,0.1638063556824051,0.27532308269487266,STROMA
GCGGACCGCGTTGTGG-1,13257,13006,-0.5861227844745208,0.1300945060942085,-0.6635279767109374,False,False,other,0.0029817133354223,0.06504725304710425,MIXED
GCGGAGAAACTTCGCA-1,14049,14138,-0.0174100327428875,-0.364380633766274,-0.2905054061016218,False,False,interface,0.0285038234799292,-0.182190316883137,MIXED
GCGGAGAGGGAGAACG-1,12261,9041,-0.7322897491587772,-0.364380633766274,-0.5496167698839081,False,False,other,2.1907536223502645e-05,-0.182190316883137,MIXED
GCGGCAAAGTATTGCC-1,14839,14816,-0.5520468954137047,0.0637307896937697,-1.1085100992104997,False,False,other,0.0191797641497634,0.03186539484688485,MIXED
GCGGCTCTGACGTACC-1,10694,13580,1.3323129043380737,-0.364380633766274,-0.1966721206509474,True,False,interface,0.1474557802246931,-0.182190316883137,TUMOR
GCGGGAACCAGGCCCT-1,6746,12456,1.9285501439723176,0.4104096024760243,0.4131601378659407,True,True,interface,0.282503210717613,0.20520480123801216,MIXED
GCGGGCGAGCCTTACC-1,14043,12097,-0.5956850720843913,-0.364380633766274,0.1900263909369335,False,False,other,0.0009402249832976,-0.182190316883137,MIXED
GCGGTCCCTAGACGCA-1,5760,12798,1.182342626202043,-0.364380633766274,-0.2343375608076075,True,False,interface,0.0321078922048522,-0.182190316883137,TUMOR
GCGGTTCCCTATCATG-1,12466,12328,-0.4071119038085329,0.2431447274900141,0.0152355101313837,False,True,immune_core,0.0055872171182094,0.12157236374500704,MIXED
GCGTCCCTAAGACATA-1,15821,13113,-0.8752756507885476,-0.364380633766274,-0.0474465414602394,False,False,other,0.0004594544989639,-0.182190316883137,MIXED
GCGTCGAAATGTCGGT-1,6544,10529,1.3143626123087313,-0.364380633766274,-0.3423552092604273,True,False,interface,0.3937042933323337,-0.182190316883137,TUMOR
GCGTCGCCAGGGTGAT-1,13843,10851,-0.8752756507885476,0.0831993376015518,-0.2444270973092082,False,False,other,0.000210769061745,0.0415996688007759,MIXED
GCGTCTCTGCATTGGG-1,10890,13239,0.448551411156582,0.5082532820306525,0.0435578721592893,False,True,interface,0.0472155599375689,0.2541266410153262,MIXED
GCGTGTATGTCGTATT-1,3783,10989,1.1974628026953735,-0.364380633766274,-0.1645499161026784,True,False,interface,0.4173226372704617,-0.182190316883137,TUMOR
GCGTTATATTTGGAAC-1,9320,16417,0.2465957936028937,0.0831993376015518,0.1515705920923001,False,False,interface,0.0010474981014446,0.0415996688007759,MIXED
GCTAAACCTGAGGTGA-1,7739,15287,-0.5564749805244735,-0.364380633766274,-0.6290775378001351,False,False,interface,0.2182911562500651,-0.182190316883137,MIXED
GCTAAGTAAAGGCGAT-1,8531,16419,0.7989216014494119,0.5946793841743745,-0.1642920687323186,True,True,interface,0.1090948054434004,0.29733969208718725,MIXED
GCTAATACCGAATGCC-1,7338,12567,1.581687366334208,-0.1971157587802638,-0.1088791975889182,True,False,interface,0.012963540159383,-0.0985578793901319,TUMOR
GCTACAGTACGGACCG-1,11095,16299,0.4527249594778709,-0.364380633766274,0.2127518906054904,False,False,other,0.009087555988093,-0.182190316883137,MIXED
GCTACGACTTATTGGG-1,11671,10063,-0.7623323599633464,-0.1971157587802638,-0.6660223986965559,False,False,other,0.000646338671467,-0.0985578793901319,MIXED
GCTAGCGATAGGTCTT-1,16221,15153,-0.8752756507885476,-0.364380633766274,0.2272002575427923,False,False,other,0.0008581380873609,-0.182190316883137,MIXED
GCTAGCTTGAATAGCT-1,13454,12893,-0.4070527529872609,-0.364380633766274,-0.364031870911246,False,False,other,0.011555991939529,-0.182190316883137,MIXED
GCTAGTAGAGCTTGTA-1,10883,10518,-0.6271470168839564,-0.364380633766274,0.2715139591568364,False,False,other,0.0124725474740973,-0.182190316883137,MIXED
GCTAGTTTCATTGAGG-1,6552,13703,0.8782880564643415,-0.0992720792256356,0.3811365678789596,True,False,interface,0.2782068292678653,-0.0496360396128178,TUMOR
GCTATCATACTCATGG-1,13839,9037,-0.6271470168839564,-0.364380633766274,-0.3173534140636495,False,False,other,0.0003827504669889,-0.182190316883137,MIXED
GCTATCGCGGCGCAAC-1,7147,15175,0.5914453911238171,1.2419554823677288,-0.6767089727918236,True,True,interface,0.1622425566675452,0.6209777411838644,IMMUNE_EXHAUSTED
GCTCAATCCGTTTATT-1,13653,13912,1.726623990217247,-0.364380633766274,-0.5570598816360995,True,False,interface,0.031564219207112,-0.182190316883137,TUMOR
GCTCAATGTAATACCG-1,15422,11301,-0.6571896276885255,0.3162244265040957,-0.5145251315987107,False,True,immune_core,0.0167863072071557,0.15811221325204786,MIXED
GCTCCATGCAAAGCAA-1,16804,11637,-0.3019691715337121,0.3907007755012831,-0.639042125608869,False,True,immune_core,0.0107951738234181,0.19535038775064156,MIXED
GCTCCTGACATACTGG-1,14246,14251,0.2722018277658722,-0.364380633766274,-0.2060859894655912,False,False,other,0.0121072385488982,-0.182190316883137,MIXED
GCTCGCGGTTCCGCTC-1,8136,16420,0.8227386981596195,-0.364380633766274,0.0636371410406194,True,False,interface,0.0744789337809841,-0.182190316883137,TUMOR
GCTCTAAACCCTGACG-1,7927,11319,-0.4612404921675049,-0.1971157587802638,0.7297013963962664,False,False,interface,0.111665485375785,-0.0985578793901319,STROMA
GCTCTATGTTACGTGC-1,8326,13359,1.2870757981259355,0.2279381856488367,-0.0436443293403808,True,True,interface,0.0101428380635905,0.11396909282441835,TUMOR
GCTCTCGGGTACCGAA-1,8321,11318,-0.5122546360833539,-0.1971157587802638,0.8181659360411524,False,False,interface,0.0125562370486629,-0.0985578793901319,STROMA
GCTCTTTCCGCTAGTG-1,15818,11753,-0.3824345878922692,-0.0840655373844583,-0.608551117439292,False,False,interface,0.0083996514719615,-0.04203276869222915,MIXED
GCTGAATCTTCCAATC-1,14840,15270,-0.0406675034145889,0.2205317105553692,-0.1955448721660399,False,True,interface,0.0301426799626039,0.1102658552776846,MIXED
GCTGAGGCGTGAGTAT-1,11081,10631,-0.7623323599633464,-0.0371703688918016,0.8015978982695157,False,False,other,0.021144391701827,-0.0185851844459008,STROMA
GCTGCACGGTTTCTTA-1,11276,9610,-0.8752756507885476,-0.364380633766274,-0.499538772893468,False,False,other,0.0003770471322926,-0.182190316883137,MIXED
GCTGCTAAGTAGTCGA-1,14239,11530,-0.6402513728334929,-0.364380633766274,-0.2219518556894258,False,False,other,0.0002574286246122,-0.182190316883137,MIXED
GCTGCTACTGCGTAGC-1,13248,9379,-0.8752756507885476,-0.364380633766274,-0.1860279354081978,False,False,other,0.0002118942821806,-0.182190316883137,MIXED
GCTGCTCTCCGGACAC-1,9306,10749,1.996465688449638,0.5388458262377572,0.4883631616059273,True,True,interface,0.0684383967423652,0.2694229131188786,MIXED
GCTGGCATATTCACCT-1,9315,14376,1.3580968661225383,-0.1971157587802638,0.1498615926958391,True,False,interface,0.0516820214662598,-0.0985578793901319,TUMOR
GCTGGCGGCGCATGCT-1,13843,10624,-0.8752756507885476,-0.364380633766274,-0.6027824777424919,False,False,other,0.0002752146182626,-0.182190316883137,MIXED
GCTGGTTTAGGCCATA-1,15040,16290,0.198393986727068,-0.364380633766274,-1.2295774027950246,False,False,other,0.0125272143245332,-0.182190316883137,MIXED
GCTGTATTACTGGCCC-1,12272,13576,-0.7012352581563432,-0.364380633766274,0.6692777317480664,False,False,other,0.0368405091019699,-0.182190316883137,STROMA
GCTTGATGATAATCAG-1,7538,13814,-0.344726420261119,0.7287237181584123,0.0362003442549893,False,True,immune_core,0.0411850915010131,0.36436185907920615,IMMUNE_ACTIVE
GGAACCGTGTAAATTG-1,12861,12554,-0.6324508142831123,-0.364380633766274,0.2537265856158299,False,False,other,0.0011649464290575,-0.182190316883137,MIXED
GGAACCTTGACTCTGC-1,14841,15497,0.8179376731353767,-0.364380633766274,-0.350351655796406,True,False,interface,0.0285553653874777,-0.182190316883137,TUMOR
GGAACGGCCTGCAGCC-1,8136,16193,1.1201907018474777,0.5658527072309226,0.5294970850703817,True,True,interface,0.1843951874201695,0.2829263536154613,MIXED
GGAATAACCTCAAGAA-1,4375,11101,0.588488361614001,0.1255922209606447,-0.1615037635748721,True,False,interface,0.02585743437155,0.06279611048032235,MIXED
GGACCAACAGGATAAC-1,13250,10286,-0.8752756507885476,-0.364380633766274,-0.1687897981309364,False,False,other,3.394505896739662e-05,-0.182190316883137,MIXED
GGACCTCTAGGCCGCC-1,14641,14477,0.7374453438933869,-0.364380633766274,-0.4998043573557894,True,False,tumor_core,0.0107947220973148,-0.182190316883137,TUMOR
GGACTCGACAGCGCAT-1,16609,12658,-0.3185591345636725,-0.046066518083886,-0.8684770013933237,False,False,other,0.0010895231004897,-0.023033259041943,MIXED
GGACTCGTGAGTGGTC-1,15822,13567,-0.8752756507885476,-0.364380633766274,-0.9668704338897574,False,False,other,2.3390886947205772e-05,-0.182190316883137,MIXED
GGAGAAGTCATTGGCA-1,7734,13247,0.528509616909259,-0.0298508837942535,-0.4865190127893687,False,False,other,0.0068076299119673,-0.01492544189712675,MIXED
GGAGACGACACCTTTG-1,11672,10289,-0.8752756507885476,-0.1971157587802638,-0.6376882675141908,False,False,other,0.0002580124198991,-0.0985578793901319,MIXED
GGAGCGAGGCCTACTT-1,16406,10051,-0.8752756507885476,-0.364380633766274,-0.8575377433734847,False,False,other,4.820806903283077e-06,-0.182190316883137,MIXED
GGAGGATTGAAAGGAG-1,4569,9627,0.0178090968854352,-0.364380633766274,-0.7030641253870618,False,False,interface,0.0190383966699646,-0.182190316883137,MIXED
GGAGTGCCGCCCTGGA-1,6942,11888,0.8671123602929044,-0.364380633766274,-0.3286645898529758,True,False,interface,0.0130407371067446,-0.182190316883137,TUMOR
GGATCAAAGGACGAGG-1,4378,12008,1.2746348966006018,1.3043530480312635,0.0722179698973448,True,True,interface,0.4856782535639508,0.6521765240156318,IMMUNE_EXHAUSTED
GGATCTTACTGCCCTT-1,16021,13906,-0.8752756507885476,-0.364380633766274,-0.6741822420537786,False,False,other,0.0002444982814089,-0.182190316883137,MIXED
GGATCTTGACTCAACC-1,13264,15954,0.3254331771091445,0.0511158719634572,-0.6295357318762694,False,False,other,0.0244349668335206,0.0255579359817286,MIXED
GGATGACGCGAGTTTA-1,10495,12786,-0.4972654712037223,-0.0840655373844583,0.3317529023426274,False,False,interface,0.2643943044095995,-0.04203276869222915,MIXED
GGATGCTGGCGTTCCT-1,10896,15733,0.4105035512359642,-0.1971157587802638,0.2135198593680704,False,False,interface,0.0075100764580377,-0.0985578793901319,MIXED
GGATTCAGTACGGTGG-1,6947,14156,-0.7591781822645406,-0.364380633766274,-0.1502939850961593,False,False,other,0.0946587052513431,-0.182190316883137,MIXED
GGCAAAGGCGCCAATA-1,13851,14025,1.3819243375739811,0.5614588431724021,-0.1271626211778984,True,True,interface,0.1288853440068405,0.28072942158620107,MIXED
GGCAAATTACTTTACT-1,11281,11878,0.6996625490829093,0.3288393442344081,0.882297629615293,True,True,interface,0.1264888629928931,0.16441967211720404,STROMA
GGCAAGCCCATAGTGG-1,16408,10958,-0.2663371193682622,-0.0416726540253654,-0.9199269094655902,False,False,other,0.0053583500987156,-0.0208363270126827,MIXED
GGCAAGGCGAAATAGC-1,12066,10062,-0.8752756507885476,-0.1971157587802638,-0.6014286196478137,False,False,other,0.0001475807291284,-0.0985578793901319,MIXED
GGCAATAGTCAATGAG-1,9107,9956,-0.7012352581563432,0.3335819319511747,0.4173973720490252,False,True,immune_core,0.0250263616629397,0.16679096597558735,MIXED
GGCACTCCACTGGGCA-1,9902,12675,0.9664440243725596,0.3314309683452731,0.297673427290225,True,True,interface,0.0181770673033789,0.16571548417263654,MIXED
GGCATACAGGTAGCGG-1,9906,14262,0.8262028726002953,0.6455856549844697,0.9297098654796044,True,True,interface,0.0227572163031526,0.32279282749223487,IMMUNE_ACTIVE
GGCATCAACGAGCACG-1,4181,12122,1.0159954436613072,-0.0992720792256356,0.746982030075045,True,False,interface,0.0971820668127391,-0.0496360396128178,TUMOR
GGCCCTCACCCACTTA-1,10501,15280,-0.3120513998153101,-0.364380633766274,0.0763907823291794,False,False,other,0.003194659261209,-0.182190316883137,MIXED
GGCCGAGACTCTGGTG-1,15430,14248,-0.8752756507885476,-0.364380633766274,-1.2535066297678237,False,False,other,0.0021995909934015,-0.182190316883137,MIXED
GGCCGTTTGGGTTTCA-1,14834,12776,-0.8752756507885476,-0.364380633766274,-0.6153399175899795,False,False,other,0.0015927989731461,-0.182190316883137,MIXED
GGCGCAGGACATCTTC-1,10500,14827,-0.0900856095465581,0.053266835569359,-0.2053628674593897,False,False,other,0.011869212629806,0.0266334177846795,MIXED
GGCGCATGAATTGATG-1,11478,11764,-0.5025692686028783,-0.1971157587802638,0.6443241167336163,False,False,interface,0.0477388133861928,-0.0985578793901319,STROMA
GGCGCGTTCGAGTTTA-1,12463,11194,-0.8752756507885476,-0.364380633766274,0.0423830994454598,False,False,other,0.0007782136995713,-0.182190316883137,MIXED
GGCGCTCCTCATCAAT-1,6557,15744,0.4155447389420608,2.1472996877137542,0.5888414740182746,False,True,interface,0.1208110185227073,1.0736498438568771,IMMUNE_EXHAUSTED
GGCGCTTCATTCCCTG-1,16405,9824,-0.8752756507885476,-0.364380633766274,-1.4956412369368737,False,False,other,4.768633779695861e-07,-0.182190316883137,MIXED
GGCGGAGTAATATTAG-1,9508,12675,0.4586517769903497,0.1300945060942085,0.2580156979896876,False,False,interface,0.0309269042194672,0.06504725304710425,MIXED
GGCGGTAGGATCATTG-1,9304,10069,-0.8752756507885476,-0.364380633766274,-0.1583417854674013,False,False,other,0.0175003303849058,-0.182190316883137,MIXED
GGCGTACCCTATATAA-1,3589,12010,-0.5032489898095688,-0.1971157587802638,0.0558522071167031,False,False,other,0.0318413661530526,-0.0985578793901319,MIXED
GGCGTCCTATCCGCTG-1,9314,14150,0.7575005694246234,1.1971916357246817,1.162731074501378,True,True,interface,0.0727526982096181,0.5985958178623408,IMMUNE_EXHAUSTED
GGCTACTATACACTCC-1,15821,12887,-0.8752756507885476,-0.364380633766274,-0.5317124422344996,False,False,other,0.0027259790614569,-0.182190316883137,MIXED
GGCTATTAAGTTGTAT-1,9707,13242,0.9094998451169104,0.0831993376015518,1.4746666403054605,True,False,interface,0.0525454843429584,0.0415996688007759,TUMOR
GGCTCCTCCACCTGTT-1,14837,13909,-0.2003120463393151,-0.364380633766274,-0.5939915151109659,False,False,other,0.002325577804267,-0.182190316883137,MIXED
GGCTCGTGCCACCAGC-1,7143,13588,-0.5783222259241404,0.2884632318881344,0.6259693807534062,False,True,interface,0.3230888396539866,0.1442316159440672,STROMA
GGCTCTGCTCCAACGC-1,8317,9731,0.1812677639524965,0.18104301715618,0.9563779807424204,False,True,interface,0.0072425927426322,0.09052150857809,STROMA
GGCTGAAATAGCAAAG-1,12852,8926,-0.5956850720843913,-0.364380633766274,-0.2195352181670202,False,False,other,1.5110748165622328e-05,-0.182190316883137,MIXED
GGCTGGCTAGCTTAAA-1,5370,14613,1.2527450858264615,0.2342485782979296,-0.2739881948906802,True,True,interface,0.0891697660142211,0.1171242891489648,TUMOR
GGCTTTCAATAAGGGT-1,15027,10848,-0.7086283629095925,-0.364380633766274,-0.1889456503285308,False,False,other,0.0015771777089938,-0.182190316883137,MIXED
GGGAACGGGAGGTTAG-1,10891,13692,0.6879561036253575,-0.364380633766274,-0.6508813708793699,True,False,interface,0.0590047418819634,-0.182190316883137,TUMOR
GGGAACGGTTTCAGAT-1,15824,14247,-0.7623323599633464,-0.364380633766274,-0.7895318340081158,False,False,other,0.0006238495727802,-0.182190316883137,MIXED
GGGACAGAGTTACTCC-1,14447,15724,0.0739279704011927,-0.364380633766274,-0.1048555187019656,False,False,interface,0.0882776343686961,-0.182190316883137,MIXED
GGGACCCGTATATCTT-1,14437,11870,-0.8752756507885476,-0.364380633766274,-1.0394791348272292,False,False,other,0.0003007422261596,-0.182190316883137,MIXED
GGGACTGCATAGATAG-1,9504,11088,0.37166887039468,-0.1971157587802638,0.1755094954253461,False,False,interface,0.1256451146801122,-0.0985578793901319,MIXED
GGGAGAACTCACAGTA-1,9503,10635,0.7226831918838378,0.0239963787515655,0.7333932096409868,True,False,interface,0.1145481897618894,0.01199818937578275,TUMOR
GGGAGGATGCCCGAAA-1,10493,12106,0.9916795112832324,-0.1971157587802638,0.4269546410134812,True,False,interface,0.0455083694960333,-0.0985578793901319,TUMOR
GGGAGTTAATGAGGCG-1,9697,9387,-0.6292966365843066,-0.364380633766274,-0.0989722565491145,False,False,other,0.0026011141332847,-0.182190316883137,MIXED
GGGATGGTCGTAACCG-1,12468,13008,-0.4820010706946022,-0.364380633766274,-0.0434826125181534,False,False,interface,0.0397784885809065,-0.182190316883137,MIXED
GGGCAACCGCACGTGC-1,14052,15725,0.3766273173893568,-0.046066518083886,-0.0144085930550814,False,False,interface,0.0510639727169914,-0.023033259041943,MIXED
GGGCACGTAGTACTGT-1,17003,12430,-0.4513322482496527,-0.1971157587802638,-0.8954014521821609,False,False,other,0.0004243011360164,-0.0985578793901319,MIXED
GGGCAGAGCAATCGTT-1,14633,11076,-0.8752756507885476,-0.364380633766274,-0.6446433311406917,False,False,other,6.427372144699333e-05,-0.182190316883137,MIXED
GGGCCCGTCTTAAACA-1,11479,11990,1.0867164699161462,-0.1971157587802638,0.9067964628967214,True,False,interface,0.1488359226323328,-0.0985578793901319,TUMOR
GGGCCCTACGAAAGGG-1,10700,16074,0.4646989917441799,-0.0992720792256356,0.0173504152258732,False,False,other,0.0096040464957835,-0.0496360396128178,MIXED
GGGCCTAAATGGGCTA-1,12083,16864,0.4804231873105819,-0.364380633766274,0.0051688754954209,False,False,other,0.0075007597062188,-0.182190316883137,MIXED
GGGCGATATGTGTGAA-1,8716,11317,-0.7623323599633464,0.9907949216524756,0.7138196534490097,False,True,interface,0.1345148013508795,0.4953974608262378,IMMUNE_EXHAUSTED
GGGCGGCAAATGAATT-1,12862,12781,-0.5737000408662161,-0.364380633766274,0.1266495005509069,False,False,other,0.0012102279551057,-0.182190316883137,MIXED
GGGCGGGTTCCCTACG-1,11680,13690,-0.4795876035603842,0.8296248767439838,1.0646947244255116,False,True,interface,0.1590442341121304,0.4148124383719919,IMMUNE_EXHAUSTED
GGGCGGTCCTATTGTC-1,5962,14725,0.5257712354174537,-0.364380633766274,0.3786927294361303,False,False,interface,0.0667752572482683,-0.182190316883137,MIXED
GGGCGTACATTTATAT-1,7928,11772,-0.4204172741897292,-0.364380633766274,0.369462476038685,False,False,interface,0.2077428208309331,-0.182190316883137,MIXED
GGGCGTCACCACGTAA-1,12663,12214,-0.564275539074854,-0.364380633766274,-0.3550210727885908,False,False,other,0.0020811139824437,-0.182190316883137,MIXED
GGGCGTTTACATTCAT-1,16220,14926,-0.7701329185137268,-0.364380633766274,-0.8092300609767792,False,False,other,0.0013133521692779,-0.182190316883137,MIXED
GGGCTATGATCGATGG-1,14438,12097,-0.7623323599633464,-0.364380633766274,-0.2155486403705099,False,False,other,0.0003172397078673,-0.182190316883137,MIXED
GGGCTGCCTAGGGCGA-1,9699,10068,-0.5533208028256679,-0.1971157587802638,-0.1575746965824367,False,False,other,0.0116081381287521,-0.0985578793901319,MIXED
GGGCTGGTTAGTCGCG-1,9309,12109,-0.1147522064673279,-0.1971157587802638,0.2484822879418944,False,False,interface,0.0591552144538056,-0.0985578793901319,MIXED
GGGTAATGCTGTGTTT-1,4978,15521,-0.5131991680602996,-0.364380633766274,-0.570290125039239,False,False,interface,0.6082704224423979,-0.182190316883137,MIXED
GGGTACCCACGGTCCT-1,5963,14952,1.0162571593253322,0.0239963787515655,-0.4619759390788453,True,False,interface,0.0507646087137277,0.01199818937578275,TUMOR
GGGTACTTCATGAACT-1,10496,13467,1.227777722421148,0.4059073173424605,-0.2291918272939252,True,True,interface,0.0817934429804326,0.20295365867123025,MIXED
GGGTATGTATGCACTT-1,8724,14718,-0.3352347797256457,-0.364380633766274,-0.4415793577995793,False,False,interface,0.0140716127633503,-0.182190316883137,MIXED
GGGTATTCTAGCAAAC-1,14054,16179,0.8442830582379935,-0.364380633766274,0.0516735195599533,True,False,interface,0.0571842055633161,-0.182190316883137,TUMOR
GGGTCACCGTGACGGT-1,10099,12561,-0.0129436976357466,-0.1971157587802638,0.7182357497968478,False,False,interface,0.0368809421855092,-0.0985578793901319,STROMA
GGGTCAGGAGCTAGAT-1,16015,11639,0.8079129899029269,-0.364380633766274,-1.1601114282293317,True,False,interface,0.0065476177002495,-0.182190316883137,TUMOR
GGGTCATGCGTACCAT-1,7544,16308,0.8762461091769266,0.3877965855413794,0.1609666035924731,True,True,interface,0.0480544308462186,0.1938982927706897,MIXED
GGGTGACACCTTAACT-1,12267,11535,-0.7591781822645406,0.3183753901099974,-0.4170989913768185,False,True,immune_core,0.0129252299927827,0.1591876950549987,MIXED
GGGTGGTCCAGCCTGT-1,4570,10080,1.2635221074011864,-0.1971157587802638,-0.333649534629478,True,False,tumor_core,0.0235191133827227,-0.0985578793901319,TUMOR
GGGTGTTTCAGCTATG-1,6346,10189,0.0200693291836595,0.9064787379633618,0.7972515557936034,False,True,interface,0.3368866773891018,0.4532393689816809,IMMUNE_EXHAUSTED
GGGTTAACATTTGAGT-1,13847,12211,-0.4386743556684793,-0.364380633766274,-0.6841003384471548,False,False,other,0.001342809140364,-0.182190316883137,MIXED
GGGTTCAGACGAACAA-1,6951,15743,1.424869181685543,5.14094373636862,-0.3289245930295332,True,True,interface,5.662004970181506,2.57047186818431,IMMUNE_EXHAUSTED
GGTAACCGGGAGGATA-1,14445,14817,0.482335932910343,-0.364380633766274,-0.6408309938859696,False,False,other,0.1049182043159813,-0.182190316883137,MIXED
GGTAACTATGTATCTG-1,5563,12912,1.3711094085878166,-0.364380633766274,-0.2049956346884333,True,False,interface,0.0344148197394372,-0.182190316883137,TUMOR
GGTACAAACATGCTAT-1,11084,11765,1.2154204392506898,0.2342485782979296,0.0946238797329306,True,True,interface,0.1238895781791859,0.1171242891489648,TUMOR
GGTACATCTGGGACGA-1,10699,15847,-0.0450969185694343,-0.364380633766274,-0.6819058332180743,False,False,other,0.0026077381532435,-0.182190316883137,MIXED
GGTAGAAGACCGCCTG-1,13643,9831,-0.8752756507885476,-0.0840655373844583,-0.171654093273721,False,False,other,4.8471278587384434e-05,-0.04203276869222915,MIXED
GGTAGACCGTTGGGCG-1,13648,11872,-0.8752756507885476,-0.1971157587802638,-0.3922090895190986,False,False,other,0.0010063992799528,-0.0985578793901319,MIXED
GGTAGTGCTCGCACCA-1,9895,9727,-0.7453941051083136,-0.1971157587802638,-0.2586245784757334,False,False,other,0.0016062722447031,-0.0985578793901319,MIXED
GGTATTGCCGAGTTTA-1,9703,11881,0.8405605600492543,0.3162244265040957,0.6390619204181203,True,True,interface,0.0134379580451811,0.15811221325204786,STROMA
GGTCAGTGGGTCCCAC-1,12660,10854,-0.8752756507885476,-0.1971157587802638,-0.4457912538767388,False,False,other,0.0003539039499582,-0.0985578793901319,MIXED
GGTCGGTAATTAGACA-1,5566,13819,-0.2157258025241648,-0.364380633766274,-0.0835722198443914,False,False,other,0.0458332010466804,-0.182190316883137,MIXED
GGTCGGTCGTCCACAG-1,14240,11984,-0.8752756507885476,-0.364380633766274,-0.9740933995618029,False,False,other,0.0003186234657646,-0.182190316883137,MIXED
GGTCGTAAGCTCGCAC-1,12869,15728,-0.2381821010499448,-0.364380633766274,-0.5590496613564485,False,False,interface,0.0719907064067526,-0.182190316883137,MIXED
GGTCTCTGAATGGACT-1,13456,14026,0.8534126180109934,-0.364380633766274,0.0839117376501385,True,False,interface,0.1045580912945297,-0.182190316883137,TUMOR
GGTCTTGAGCGCTCTT-1,16012,10505,-0.8752756507885476,-0.364380633766274,-0.8588916014681629,False,False,other,0.0008526867851282,-0.182190316883137,MIXED
GGTGAAACCGGGAATG-1,4379,12461,0.1573812421854867,0.3738238517043659,0.0079134747710952,False,True,interface,0.1461588334897071,0.18691192585218294,MIXED
GGTGAACGGGCTAGCC-1,4778,14274,0.5837917394215546,-0.364380633766274,-1.1098639573051778,True,False,interface,0.0248655856716699,-0.182190316883137,MIXED
GGTGAAGTACAGGGAT-1,12469,13688,-0.5956850720843913,0.0831993376015518,0.5033022262166487,False,False,other,0.0042080408053368,0.0415996688007759,MIXED
GGTGAGATGCAGATAA-1,6355,13817,-0.1404244743173238,-0.0298508837942535,0.948659813427038,False,False,interface,0.1153672459839334,-0.01492544189712675,STROMA
GGTGCATAAATGATTA-1,16412,12545,0.0829896987168742,-0.364380633766274,-0.6842104316627944,False,False,other,0.029490443654918,-0.182190316883137,MIXED
GGTGCGGATAAGTGGC-1,6352,12683,-0.8752756507885476,0.3982605396657903,0.2783208156305316,False,True,interface,0.2214416045872554,0.19913026983289514,MIXED
GGTGCTGATCACAAAG-1,8529,15512,1.2927486666164345,-0.0371703688918016,-0.6434470298184352,True,False,interface,0.0981852662921779,-0.0185851844459008,TUMOR
GGTGCTGGTACACATT-1,11481,12671,0.5173784073612765,-0.1971157587802638,0.7681700929458739,False,False,interface,0.0482567049234002,-0.0985578793901319,STROMA
GGTGTAAATCGATTGT-1,16801,10504,-0.8752756507885476,-0.364380633766274,-0.532241328388247,False,False,other,0.000968736913844,-0.182190316883137,MIXED
GGTGTAGGTAAGTAAA-1,17003,12204,-0.6694182713496748,-0.364380633766274,-0.8083103684034587,False,False,other,0.0009877967447777,-0.182190316883137,MIXED
GGTTACCACCCTCGGG-1,12076,14143,-0.5582493565265728,-0.364380633766274,0.2929652093268989,False,False,other,0.0012730924728036,-0.182190316883137,MIXED
GGTTAGGCTTGGAGAA-1,8722,13811,0.7847980717494089,-0.1971157587802638,-0.199019540777043,True,False,interface,0.0210343645286655,-0.0985578793901319,TUMOR
GGTTAGTTACGGCGCC-1,8528,15285,-0.1095980754071593,-0.364380633766274,-0.6978672649608111,False,False,other,0.0459295524166907,-0.182190316883137,MIXED
GGTTGTATCGTGAAAT-1,3392,12124,-0.6462348914393393,-0.0992720792256356,-0.0022924901401582,False,False,other,0.0135264205440825,-0.0496360396128178,MIXED
GGTTGTGTAGCCTGGC-1,9714,16416,-0.287312586409897,-0.364380633766274,-0.092597931439994,False,False,interface,0.0321150644568122,-0.182190316883137,MIXED
GGTTTAATTACCATCG-1,15625,13454,-0.7012352581563432,-0.364380633766274,-0.6140032446071585,False,False,other,9.113631242128608e-05,-0.182190316883137,MIXED
GGTTTACAATCTCAAT-1,8120,9618,0.0514207358730525,-0.1971157587802638,0.4426126747475956,False,False,interface,0.0377265878460613,-0.0985578793901319,MIXED
GGTTTGAGTGCTGGAA-1,5564,13139,1.2301971450265172,0.3162244265040957,0.3447150664815118,True,True,interface,0.0368534072053447,0.15811221325204786,MIXED
GTAACTGCCCAAGGAG-1,16215,12659,0.1690837967841714,-0.1971157587802638,-0.4219268819342806,False,False,interface,0.0299675348148739,-0.0985578793901319,MIXED
GTAAGCGGGCAGTCAG-1,7728,10753,-0.1706188888848034,0.0831993376015518,1.2857441501478328,False,False,interface,0.0635893282258954,0.0415996688007759,STROMA
GTAAGGATTTGTCGGA-1,5162,10192,-0.4972654712037223,-0.1971157587802638,-0.0786013862397435,False,False,other,0.000517608714725,-0.0985578793901319,MIXED
GTAAGTAGGGTATACC-1,8327,13812,-0.0550321223306685,0.4528024858351172,-0.5637806861198256,False,True,interface,0.1175031417798409,0.2264012429175586,MIXED
GTAATCTGATTCTTCG-1,13059,12893,-0.4135200137195975,-0.0840655373844583,0.3654320474222863,False,False,other,0.0006701696361214,-0.04203276869222915,MIXED
GTACACTTACCTGAAG-1,10292,10633,-0.6024082034785432,-0.364380633766274,-0.130227600067932,False,False,other,0.0283157903774679,-0.182190316883137,MIXED
GTACGACGGCGCTGCG-1,5568,14953,0.2917957619867986,0.4528024858351172,-0.4037492847236292,False,True,interface,0.0609781185462101,0.2264012429175586,MIXED
GTACGAGATTGCGACA-1,7335,11434,1.0558270950340318,-0.046066518083886,-0.2208524622388967,True,False,interface,0.0115814399951333,-0.023033259041943,TUMOR
GTACGCTTCATTGCAC-1,12262,9721,-0.48333068633171,-0.1971157587802638,0.205459460518653,False,False,other,0.0003786552731673,-0.0985578793901319,MIXED
GTACGTTTGCCCGTCA-1,11869,10176,-0.5613839710691078,-0.364380633766274,0.6171695252821797,False,False,other,0.0003497767001332,-0.182190316883137,STROMA
GTACTAAGATTTGGAG-1,8519,11658,-0.7453941051083136,0.0239963787515655,0.2275011782669388,False,False,other,0.0182400168359212,0.01199818937578275,MIXED
GTACTCCCTTATCGCT-1,10302,14714,-0.3703873955065088,0.2973593810802188,0.2767108180121582,False,True,other,0.0252520739021048,0.1486796905401094,MIXED
GTACTGAGGTCGTAAC-1,5365,12572,0.6366549890543498,-0.364380633766274,0.0995675955458993,True,False,interface,0.0245843154261838,-0.182190316883137,TUMOR
GTACTGCATGAAGCGT-1,5368,13479,-0.2250508597447282,-0.0840655373844583,0.0796756026703905,False,False,interface,0.0072077917686285,-0.04203276869222915,MIXED
GTACTTGGGCACTTCT-1,6553,14157,-0.6402513728334929,-0.0371703688918016,0.3774566043714709,False,False,other,0.0310343167639098,-0.0185851844459008,MIXED
GTAGAAACGGGTGGAG-1,7938,16080,0.5707912239201257,0.4104096024760243,-0.1272668123096531,False,True,interface,0.0126422214406264,0.20520480123801216,MIXED
GTAGACAACCGATGAA-1,4574,11667,1.256067945500965,-0.364380633766274,0.1689553189356429,True,False,interface,0.1699396946224725,-0.182190316883137,TUMOR
GTAGACACGCCTGACT-1,15617,10280,-0.7701329185137268,-0.1971157587802638,-0.964867426747854,False,False,other,8.820669273442747e-05,-0.0985578793901319,MIXED
GTAGACGTCGTTACAT-1,5762,13478,1.376531333807849,0.053266835569359,-0.480696198987373,True,False,interface,0.0383860969300174,0.0266334177846795,TUMOR
GTAGAGGGAGACAAGT-1,13260,14367,-0.3320386676939613,1.237282630433764,0.2841685733018046,False,True,interface,0.3230686380886773,0.618641315216882,IMMUNE_EXHAUSTED
GTAGCCAAACATGGGA-1,13052,9946,-0.6292966365843066,-0.364380633766274,-0.160655985059338,False,False,other,7.014645915418774e-05,-0.182190316883137,MIXED
GTAGCGCTGTTGTAGT-1,4378,12235,1.361018924794824,-0.364380633766274,-0.1974781118716503,True,False,interface,0.3133020777512142,-0.182190316883137,TUMOR
GTAGCGGCTATACACT-1,10882,10065,0.4048207495739356,0.2234359005152729,0.5648347758250727,False,True,other,0.0198297322888828,0.11171795025763645,MIXED
GTAGCTCCGGGAGGCT-1,16020,13680,-0.8752756507885476,-0.364380633766274,-0.8096650711592017,False,False,other,9.392095542461072e-05,-0.182190316883137,MIXED
GTAGTCGCGGGAATCA-1,12852,8699,-0.5801673015985527,-0.364380633766274,-1.2295774027950246,False,False,other,1.0194697735305669e-05,-0.182190316883137,MIXED
GTAGTTCGAAGGCGAA-1,16019,13453,-0.8752756507885476,0.0831993376015518,-0.1744305139133768,False,False,other,7.576534943024929e-05,0.0415996688007759,MIXED
GTATAGGACTCAGTAG-1,7138,11321,1.4856274848206736,-0.1971157587802638,0.0616954869513925,True,False,interface,0.0152046872106177,-0.0985578793901319,TUMOR
GTATCAGCTTGGGTTC-1,7144,14042,0.1798512601864682,0.4015134532839399,0.3601997207719868,False,True,immune_core,0.0918638855347181,0.20075672664196995,MIXED
GTATCTCAGTCTTGAC-1,14643,15384,0.0426122879177999,0.3804771004438314,0.1932677051841859,False,True,interface,0.0482073750353443,0.1902385502219157,MIXED
GTATCTCCCTAACTGT-1,3192,11104,0.7654886000786216,0.7731282603856228,0.5041748120310875,True,True,interface,0.037297449639032,0.3865641301928114,IMMUNE_ACTIVE
GTATCTTGTTGCTCAC-1,3193,11784,-0.0428640048520775,-0.1971157587802638,-0.0024657722637293,False,False,interface,0.0477026561462233,-0.0985578793901319,MIXED
GTATCTTTCATAACCA-1,12264,10401,-0.8752756507885476,-0.0992720792256356,-0.3451382842364899,False,False,other,0.0001227105679651,-0.0496360396128178,MIXED
GTATGAAATTTCACTC-1,13460,15387,1.6590149020741214,-0.0371703688918016,0.6797986184135371,True,False,interface,1.1540279227017975,-0.0185851844459008,TUMOR
GTATTAAGGCGTCTAA-1,7146,14949,0.1189220136607651,0.7198275689663279,-0.925892460351738,False,True,interface,0.1871202404543643,0.35991378448316397,IMMUNE_ACTIVE
GTATTCTGAGAAACGA-1,12666,13575,-0.3780051727374238,-0.1971157587802638,0.670225078586107,False,False,other,0.002278298662775,-0.0985578793901319,STROMA
GTCAAAGAAGTGGTGT-1,14250,15838,-0.6271470168839564,0.1211983569021241,-0.3502339551793043,False,False,other,0.1577254077328803,0.06059917845106205,MIXED
GTCAAAGTTTACATAG-1,5765,14612,0.204112252441715,0.23099566467978,0.1632731920043094,False,True,interface,0.0020372143077618,0.11549783233989,MIXED
GTCAAGCGGACTCGGG-1,10880,9158,-0.514203726058755,-0.1971157587802638,-0.8263214392395078,False,False,other,0.0008436291961969,-0.0985578793901319,MIXED
GTCACAAAGTTTCCAA-1,4967,10986,-0.48333068633171,-0.364380633766274,0.2896468165805381,False,False,interface,0.0082841380532374,-0.182190316883137,MIXED
GTCACTCTCCAAATCT-1,7737,14380,-0.0005801048487138,0.0511158719634572,0.1564195368232813,False,False,other,0.0260886749622822,0.0255579359817286,MIXED
GTCAGAATAGTCTATG-1,9117,14264,0.5938408529070417,0.2183807469494675,0.3849261821555266,True,True,interface,0.0480703273159709,0.10919037347473375,MIXED
GTCAGTTGTGCTCGTT-1,4964,9853,-0.3144648669495281,-0.1971157587802638,0.5103541842507396,False,False,interface,0.0515001957817079,-0.0985578793901319,MIXED
GTCAGTTTGGTAGTCG-1,8925,16418,-0.4080564357854787,-0.0298508837942535,0.7435228139288949,False,False,interface,0.1217815045150717,-0.01492544189712675,STROMA
GTCATGCACCTCCGTT-1,8912,10976,1.266421991128164,-0.0992720792256356,0.0941497027030832,True,False,interface,0.0845198946544484,-0.0496360396128178,TUMOR
GTCATGGACATGACTA-1,8320,10865,-0.483149235056321,-0.0992720792256356,1.0498050865638129,False,False,interface,0.0372301756447462,-0.0496360396128178,STROMA
GTCATTAGAGCGAACG-1,10488,10292,0.1892256970608792,0.0679927957603745,0.0343284646913049,False,False,other,0.0164385915431225,0.03399639788018725,MIXED
GTCATTGCATTGACCC-1,9319,15964,-0.3560970302831279,-0.364380633766274,0.1200741945974778,False,False,interface,0.0392593311517802,-0.182190316883137,MIXED
GTCCAATATTTAGCCT-1,16015,11866,0.9943544247211158,-0.364380633766274,-0.9328781890550892,True,False,tumor_core,0.0217966130056766,-0.182190316883137,TUMOR
GTCCCAACGTAAAGTA-1,9698,9614,-0.6462348914393393,0.23099566467978,0.5959410221224238,False,True,immune_core,0.0049769180379927,0.11549783233989,MIXED
GTCCGGCTGAATTGCG-1,8717,11997,0.5159655206046823,-0.364380633766274,-0.0408803444467224,False,False,interface,0.0718411333340136,-0.182190316883137,MIXED
GTCCTACAGGCGGCTC-1,6755,16083,0.8571290035863023,1.307644103247875,0.5927221810200675,True,True,interface,0.1861517701870962,0.6538220516239375,IMMUNE_EXHAUSTED
GTCGCCGTTGTGTGTT-1,14440,13003,-0.8752756507885476,-0.0992720792256356,-0.912543064287566,False,False,other,0.0098612263714907,-0.0496360396128178,MIXED
GTCGCGTAACCCGTTG-1,10881,9384,-0.5032489898095688,-0.364380633766274,-0.6516529066782558,False,False,other,0.0007434269639653,-0.182190316883137,MIXED
GTCGGATATCTCAGAC-1,9511,13809,1.524861698693692,-0.0298508837942535,1.1670782760320808,True,False,interface,0.0073407417920119,-0.01492544189712675,TUMOR
GTCGGGAAGCAGAAAC-1,14829,10508,-0.8752756507885476,-0.364380633766274,-0.18553439105954,False,False,other,0.0017229075452788,-0.182190316883137,MIXED
GTCGTACCATCTCGGG-1,12265,10855,-0.5882919673311419,-0.364380633766274,0.1316809814987483,False,False,other,0.0004780992220884,-0.182190316883137,MIXED
GTCGTACCTACGATTG-1,10505,16868,-0.133608910609128,-0.364380633766274,-0.1635208303493013,False,False,other,0.0115311624432327,-0.182190316883137,MIXED
GTCGTTATTCGCTTAT-1,12261,9268,-0.7453941051083136,-0.364380633766274,-0.2893645316216644,False,False,other,2.85025405782649e-05,-0.182190316883137,MIXED
GTCTACTCAATTACAA-1,10503,16414,-0.4102929668630187,0.3909410545682422,0.076145694629629,False,True,interface,0.0753309565127332,0.1954705272841211,MIXED
GTCTATCTGAGTTTCT-1,11087,13125,0.041649215284126,1.2664365733975602,0.3803219549852394,False,True,interface,0.3106285467176652,0.6332182866987801,IMMUNE_EXHAUSTED
GTCTCAAGGCCCGGCT-1,15026,10395,-0.8752756507885476,-0.364380633766274,-0.2154801433610582,False,False,other,0.0002280507127951,-0.182190316883137,MIXED
GTCTCCTGCCAGTATG-1,14843,16403,0.3719528263202018,-0.1971157587802638,0.0722760422487107,False,False,other,0.0110731172439758,-0.0985578793901319,MIXED
GTCTCGCCAACACGCC-1,3188,9744,-0.7591781822645406,-0.364380633766274,-0.5849014427246677,False,False,other,2.902904110995955e-05,-0.182190316883137,MIXED
GTCTGGGCGGTCGAGA-1,12270,12895,0.2765741874931754,0.3804771004438314,-0.0624782820095268,False,True,interface,0.0087909016432879,0.1902385502219157,MIXED
GTGAAACGTGCTCCAC-1,5368,13706,0.0072273713202921,-0.1971157587802638,0.1601024735098427,False,False,interface,0.0117193447140358,-0.0985578793901319,MIXED
GTGACAGCTTCCCACT-1,15812,9486,-0.8752756507885476,-0.364380633766274,-0.3785774110432727,False,False,other,0.000105189713443,-0.182190316883137,MIXED
GTGACTTCAGTAGTGC-1,12268,12215,-0.3670517665323141,-0.0840655373844583,0.0648744504986666,False,False,other,0.0035500532075797,-0.04203276869222915,MIXED
GTGAGATAACCTTATA-1,16808,13224,-0.2517507815603821,0.053266835569359,-0.9310893207779886,False,False,other,0.0158491580556931,0.0266334177846795,MIXED
GTGAGCGTGCTGCACT-1,9711,15056,-0.1640244576100382,0.1211983569021241,-0.5795427255962646,False,False,interface,0.0085979901440393,0.06059917845106205,MIXED
GTGAGGACACTTAAGG-1,11275,9157,-0.5564749805244735,-0.364380633766274,-0.5631431280782693,False,False,other,0.0003888366852393,-0.182190316883137,MIXED
GTGAGTGGTACAACGC-1,13450,11532,-0.7591781822645406,-0.364380633766274,-0.7734747217545873,False,False,other,0.0015099792471927,-0.182190316883137,MIXED
GTGATCAAGCGTGCAC-1,16023,14813,-0.7701329185137268,-0.364380633766274,-1.1601114282293317,False,False,other,0.0008632625996064,-0.182190316883137,MIXED
GTGATCATAGATCTGC-1,12069,11422,-0.6540354499897197,-0.364380633766274,-0.2353717387878767,False,False,other,0.0088317262158744,-0.182190316883137,MIXED
GTGATTCGCCGCTCAA-1,12666,13348,-0.5787468172293586,-0.1971157587802638,1.659949120824722,False,False,other,0.0078357095398636,-0.0985578793901319,STROMA
GTGCAACAAATGTGGC-1,5953,10870,0.395180897321082,0.1300945060942085,1.4520231102837453,False,False,other,0.0048976167000999,0.06504725304710425,STROMA
GTGCACCAGCTTCAAC-1,16212,11752,0.5803013055579628,-0.0371703688918016,-0.3472784829518248,False,False,other,0.0098234967505855,-0.0185851844459008,MIXED
GTGCACGAAAGTGACT-1,6542,9849,-0.8752756507885476,-0.1971157587802638,0.0147881765033412,False,False,other,0.0040381094393381,-0.0985578793901319,MIXED
GTGCCATCACACGGTG-1,11484,14031,-0.2812594262026675,0.23099566467978,0.5880737381051991,False,True,interface,0.0229115286976045,0.11549783233989,MIXED
GTGCCGCTTCAAAGGT-1,11876,12896,0.5739068507549573,0.0637307896937697,-0.3436160261585256,False,False,interface,0.0104178201209762,0.03186539484688485,MIXED
GTGCGAAATCGAACAC-1,12073,13009,0.7865226567262659,-0.364380633766274,0.5880496740919794,True,False,interface,0.0054669291954006,-0.182190316883137,TUMOR
GTGCGGGTCTCCAAAT-1,7138,11548,0.0228576812786431,0.2279381856488367,0.4445787170716896,False,True,interface,0.0186516827721045,0.11396909282441835,MIXED
GTGCTCAAGTACTGTC-1,9901,11994,1.4168787948550428,-0.1971157587802638,0.5671019057019461,True,False,interface,0.0100342694129592,-0.0985578793901319,TUMOR
GTGGACCAACCCGATT-1,12077,14596,-0.8752756507885476,0.4104096024760243,-0.2129679904087735,False,True,immune_core,0.0163194604419074,0.20520480123801216,MIXED
GTGGACGCATTTGTCC-1,14237,10623,-0.535108640558672,0.6785756360476058,-0.4655579346461001,False,True,immune_core,0.0039207411866314,0.3392878180238029,IMMUNE_ACTIVE
GTGGACGTGCTGAGAC-1,6551,13476,1.346926235197467,0.7451549150196195,-0.0156169055076134,True,True,interface,0.0534469399528683,0.37257745750980975,IMMUNE_ACTIVE
GTGGAGCGTTTACCGA-1,14645,16064,0.0102800218898971,0.0511158719634572,-0.1988621309188686,False,False,interface,0.0077283523691811,0.0255579359817286,MIXED
GTGGAGTCGGCGGTTG-1,13850,13572,1.860546036963676,-0.364380633766274,-0.388917548287388,True,False,tumor_core,0.0111487794576149,-0.182190316883137,TUMOR
GTGGCAAACAGCGGCA-1,13066,15614,-0.3811680026797153,0.7790109397130991,0.017019916973326,False,True,other,0.1556253677296973,0.38950546985654955,IMMUNE_ACTIVE
GTGGCGGGCCGTAGCT-1,3387,10083,-0.6912655167493418,-0.364380633766274,-0.295650829026287,False,False,other,0.0050244078906583,-0.182190316883137,MIXED
GTGGCGGTCCCAGCGT-1,11093,15619,0.0202834702730746,0.1300945060942085,0.4056013292074251,False,False,interface,0.0035522069910351,0.06504725304710425,MIXED
GTGGGAAGACTGAATC-1,12081,16184,0.2127504700872015,-0.364380633766274,0.2001832818359992,False,False,other,0.016911941357924,-0.182190316883137,MIXED
GTGGGCTTAGACACAC-1,8918,13471,1.5419411397363574,-0.0416726540253654,-0.316650623831045,True,False,interface,0.0235804290516882,-0.0208363270126827,TUMOR
GTGGTATAGTCTGCCG-1,14441,13230,-0.8752756507885476,-0.364380633766274,-0.3652748010155397,False,False,other,0.0039526481358936,-0.182190316883137,MIXED
GTGGTGGCCAAGTGAA-1,12063,8928,-0.7701329185137268,-0.364380633766274,-1.1098639573051778,False,False,other,2.810250495931826e-05,-0.182190316883137,MIXED
GTGGTTTCCGCCTTTC-1,11484,14258,-0.1487772321421823,0.7490784376809061,-0.055838446550908,False,True,immune_core,0.0385477482325951,0.37453921884045305,IMMUNE_ACTIVE
GTGTATATCAGCGGGC-1,14628,9262,-0.8752756507885476,-0.364380633766274,-0.8348991558809088,False,False,other,0.0001660882446601,-0.182190316883137,MIXED
GTGTCAGTGTACGTGG-1,16610,13111,-0.8752756507885476,0.053266835569359,-0.6153399175899795,False,False,other,0.005262115120026,0.0266334177846795,MIXED
GTGTCGTATAGCGTTC-1,13839,9264,-0.8752756507885476,-0.364380633766274,-1.3524335746566505,False,False,other,8.76710422491958e-05,-0.182190316883137,MIXED
GTGTTACTATGCGTCC-1,11275,9383,-0.8752756507885476,-0.1971157587802638,-0.6071972593446139,False,False,other,0.0013641978695665,-0.0985578793901319,MIXED
GTTAACATCACTTAAA-1,14037,9603,-0.6540354499897197,-0.364380633766274,-0.294950234381543,False,False,other,0.0001564334258627,-0.182190316883137,MIXED
GTTAAGGGTGCGATGT-1,15221,9827,-0.8752756507885476,-0.364380633766274,-0.7689003918249201,False,False,other,0.0003113827796383,-0.182190316883137,MIXED
GTTAATGTCTATCTTA-1,9123,16531,0.6082977624313969,0.1300945060942085,-0.0165252130703312,True,False,interface,0.0116426138230952,0.06504725304710425,TUMOR
GTTACAATTGGTGACG-1,10498,14147,-0.159491230761454,-0.364380633766274,0.3690203593988779,False,False,interface,0.0819949784423046,-0.182190316883137,MIXED
GTTACCTACAACTTGC-1,12461,10288,-0.7086283629095925,-0.364380633766274,-0.1679588015850093,False,False,other,0.0001037562228438,-0.182190316883137,MIXED
GTTACTTTGGGCCTAG-1,11676,12103,-0.449544992755815,-0.364380633766274,0.4876073915137326,False,False,other,0.0374324111407468,-0.182190316883137,MIXED
GTTAGGCTACCCGTTT-1,13857,16293,0.2514738493226333,-0.364380633766274,-0.0656381026334086,False,False,interface,0.0052163139812417,-0.182190316883137,MIXED
GTTATATTATCTCCCT-1,12661,11534,-0.6161922806347702,-0.364380633766274,-0.1690561511576108,False,False,other,0.0006608702844928,-0.182190316883137,MIXED
GTTATCACCTTCTGAA-1,4376,11328,0.0788710785677101,0.2279381856488367,0.7054432693191394,False,True,interface,0.027286440374424,0.11396909282441835,STROMA
GTTATTAACGTGGGAG-1,7543,15855,1.1800165896278727,1.1947257398439852,-0.1690581950355383,True,True,interface,0.2316771428904847,0.5973628699219926,IMMUNE_EXHAUSTED
GTTCACAGGAGTCTAG-1,9511,14036,0.3445042467581553,1.771706178666821,0.166421351740216,False,True,interface,0.2164785821636715,0.8858530893334104,IMMUNE_EXHAUSTED
GTTCAGTCGCCAAATG-1,17000,11070,-0.8752756507885476,-0.364380633766274,-0.8462717876672848,False,False,other,0.0009065010398965,-0.182190316883137,MIXED
GTTCCAGTCTGACCAT-1,6547,11889,0.8542893816954251,0.5792684730888894,-0.0079088371992352,True,True,interface,0.012297420538472,0.2896342365444447,MIXED
GTTCGACAATTGTATA-1,16812,14811,-0.5656424612798221,-0.364380633766274,-0.5569673567181439,False,False,other,4.418754275131335e-05,-0.182190316883137,MIXED
GTTCGCCATAAGTGCC-1,10492,11879,1.27547820208003,0.2279381856488367,0.5268143213522433,True,True,interface,0.0351263457847672,0.11396909282441835,TUMOR
GTTCTTCCCTCGATGT-1,6153,12117,0.9406646279152724,0.053266835569359,0.460908321044273,True,False,interface,0.0275912871882675,0.0266334177846795,TUMOR
GTTGAACCGGTTCCAT-1,11482,13351,0.7102275370769372,0.4104096024760243,-0.1858811368005744,True,True,interface,0.0162444809610273,0.20520480123801216,MIXED
GTTGAGTCCCGCCGGT-1,13444,9038,-0.7591781822645406,-0.364380633766274,-0.8657692852039675,False,False,other,4.501979266188456e-05,-0.182190316883137,MIXED
GTTGCACGGAGTTTCG-1,7929,12453,0.3834717729103997,-0.0992720792256356,0.3949802730072491,False,False,interface,0.0276383496657014,-0.0496360396128178,MIXED
GTTGGATTTGCGTTGG-1,10296,12220,-0.133608910609128,0.0679927957603745,0.1308979119979273,False,False,interface,0.092219135400813,0.03399639788018725,MIXED
GTTGGTCATGCTATCC-1,14040,10737,-0.7591781822645406,-0.0371703688918016,0.4473954735503787,False,False,other,0.0011223831481964,-0.0185851844459008,MIXED
GTTGTCGTGTTAGTTG-1,6154,12570,-0.8752756507885476,0.1300945060942085,0.5209996438227115,False,False,interface,0.151136097407908,0.06504725304710425,MIXED
GTTTACGTTCCATCTG-1,12659,10627,-0.8752756507885476,-0.364380633766274,0.0328796488027425,False,False,other,0.0002104174466533,-0.182190316883137,MIXED
GTTTCATATCGTCGCT-1,10894,14826,0.345245491648324,-0.1971157587802638,-0.2638497497096221,False,False,interface,0.0104911280502049,-0.0985578793901319,MIXED
GTTTCCTGGAGGGTGA-1,8126,12339,-0.0764140192649277,0.2183807469494675,0.3482051337224652,False,True,immune_core,0.0078484503693246,0.10919037347473375,MIXED
GTTTCTGCAGTCTCCC-1,11079,9724,-0.6962647701225597,-0.364380633766274,0.1040061452458722,False,False,other,0.0062799690318716,-0.182190316883137,MIXED
GTTTGACCAAATCCTA-1,9110,11316,1.479164982022212,-0.1971157587802638,0.4650970965677202,True,False,interface,0.0324817910193318,-0.0985578793901319,TUMOR
GTTTGGCCGCTCAGCG-1,5567,14272,0.3692648041726408,0.7690802122646379,0.0596845210284256,False,True,interface,0.2771850925612829,0.3845401061323189,IMMUNE_ACTIVE
GTTTGGGCTTGTGAGC-1,13251,10512,-0.6024082034785432,-0.364380633766274,-0.564386892957308,False,False,other,0.0003220609083575,-0.182190316883137,MIXED
GTTTGGTAGGGTCAAC-1,13647,11192,-0.7701329185137268,-0.0992720792256356,-0.5072386984167243,False,False,other,5.140762926848645e-05,-0.0496360396128178,MIXED
GTTTGGTGATCGGTGC-1,16217,13566,-0.8752756507885476,-0.364380633766274,-0.2682768869056808,False,False,other,0.0001441723612679,-0.182190316883137,MIXED
TAAACCCAGGAGGGCA-1,13850,13798,1.831922126082645,-0.364380633766274,-0.2060065318273074,True,False,interface,0.0649890496032168,-0.182190316883137,TUMOR
TAAAGCGGTATTTCCA-1,15622,12320,-0.7012352581563432,-0.0416726540253654,-0.5936345690767039,False,False,other,0.01221283752429,-0.0208363270126827,MIXED
TAAATGAATCCGTTTC-1,7737,14607,-0.4427909791346845,-0.1971157587802638,-0.4028532747618482,False,False,other,0.0473594797852971,-0.0985578793901319,MIXED
TAACAAAGGGAGAAGC-1,7341,13928,-0.4513322482496527,-0.0992720792256356,-0.497357780465859,False,False,other,0.0294219294086652,-0.0496360396128178,MIXED
TAACAATATTTGTTGC-1,8727,16078,-0.3866735149467127,0.4834893014901059,-0.2223494211469702,False,True,interface,0.2648574207794152,0.24174465074505294,MIXED
TAACAGCGTTTGTGCT-1,15625,13681,-0.8752756507885476,-0.364380633766274,-0.6389496006909133,False,False,other,5.341388191660527e-05,-0.182190316883137,MIXED
TAACATACAATGTGGG-1,10685,9952,-0.2737302241215115,-0.364380633766274,-0.2983545429631316,False,False,interface,0.0105375853805989,-0.182190316883137,MIXED
TAACATACACGCGATC-1,14051,15045,0.3097390578481004,1.9749977050089913,0.8152508491502745,False,True,interface,0.0727731811383183,0.9874988525044956,IMMUNE_EXHAUSTED
TAACCGCCCGCAGTGC-1,4970,12347,0.5876817915032352,0.3162244265040957,0.293513110332252,True,True,interface,0.0092271082640542,0.15811221325204786,MIXED
TAACGCTTTGAGAGCG-1,8526,14605,-0.5663832244423258,-0.0992720792256356,-0.259734820693016,False,False,other,0.0275273782665519,-0.0496360396128178,MIXED
TAACTATCGAAGGTCC-1,7933,14040,-0.5241539043094857,-0.364380633766274,-0.2929065297181984,False,False,other,0.0128091625887992,-0.182190316883137,MIXED
TAACTCATCCGCGCGG-1,11677,12330,-0.5882919673311419,-0.364380633766274,0.8969076429525271,False,False,other,0.0137877638721377,-0.182190316883137,STROMA
TAACTCCATGGAGGCT-1,6949,14836,0.3644969401150746,1.6886232947768418,0.0033469485131619,False,True,interface,0.0940017900713048,0.8443116473884209,IMMUNE_EXHAUSTED
TAAGAGGGACAGGGAC-1,15630,15721,-0.649389069138145,-0.364380633766274,-0.5773557408444907,False,False,other,0.0014556606890379,-0.182190316883137,MIXED
TAAGCAGGCGACACGC-1,10107,15735,-0.0475598201341175,-0.1971157587802638,0.2452432879459719,False,False,other,0.0009031143531651,-0.0985578793901319,MIXED
TAAGCGCGAATCAAAT-1,16023,15040,-0.8752756507885476,-0.364380633766274,-1.155762346318615,False,False,other,0.0014734114262912,-0.182190316883137,MIXED
TAAGGAACTTGTGGGA-1,6354,13363,1.214250084953166,0.18104301715618,1.2998637743477448,True,True,interface,0.0705120087707624,0.09052150857809,TUMOR
TAAGGCAACATAAGAT-1,8120,9845,0.1284986834847655,-0.364380633766274,1.1626134218877466,False,False,interface,0.0619279089510206,-0.182190316883137,STROMA
TAAGGCATAACATCAA-1,14439,12323,-0.4750245693237317,-0.0992720792256356,0.5546869851387622,False,False,other,0.0009781214391985,-0.0496360396128178,MIXED
TAAGGCCCGTCACCCT-1,15419,9940,-0.8752756507885476,-0.1971157587802638,-0.804825156767213,False,False,other,5.509462362817176e-05,-0.0985578793901319,MIXED
TAAGGGCTGGGAGAGG-1,9910,15849,-0.6962647701225597,-0.364380633766274,-0.5800643016949119,False,False,interface,0.0876989872172941,-0.182190316883137,MIXED
TAAGTAACATCTTGAC-1,12271,13349,-0.09026032351986,-0.0992720792256356,0.3617701849490074,False,False,interface,0.0198475371095026,-0.0496360396128178,MIXED
TAAGTCGCCGAGTATC-1,13852,14252,0.5979987231059756,0.23099566467978,0.3286876899573721,True,True,interface,0.0828389540722809,0.11549783233989,MIXED
TAATACACAGTAGTAT-1,7136,10641,-0.2205042334066067,-0.0992720792256356,0.5026113758847183,False,False,interface,0.020927704747814,-0.0496360396128178,MIXED
TAATAGAACAGAGTTA-1,13061,13574,0.0846451101682893,-0.1971157587802638,0.9557377470047348,False,False,other,0.0101072683088406,-0.0985578793901319,STROMA
TAATAGGTCACCAGAA-1,15235,15496,-0.4135200137195975,-0.364380633766274,-0.4885668178343329,False,False,other,0.0052819267559728,-0.182190316883137,MIXED
TAATATTGAAATTCGC-1,6549,12569,0.804300476099086,-0.1971157587802638,-0.3312789306096707,True,False,interface,0.0803888508473745,-0.0985578793901319,TUMOR
TAATGAAAGACCCTTG-1,8135,15967,0.1462218344940149,-0.0416726540253654,0.5029543399306083,False,False,interface,0.0607003362947294,-0.0208363270126827,MIXED
TACAACGCACAACTCA-1,11282,12331,-0.031110815882108,0.2973593810802188,0.8409351013196342,False,True,interface,0.0182827624989128,0.1486796905401094,STROMA
TACAAGCTGTTCACTG-1,3391,11897,-0.0391839525053057,-0.364380633766274,0.361208137913742,False,False,other,0.0588075827422723,-0.182190316883137,MIXED
TACAAGTCTCGTGCAT-1,9316,14830,0.161163919967446,-0.0840655373844583,-0.3247674748643995,False,False,interface,0.0072895874769344,-0.04203276869222915,MIXED
TACATAGGCATACACC-1,11082,11084,-0.0982883716385717,-0.0992720792256356,-0.1384432597390462,False,False,other,0.0006206034850586,-0.0496360396128178,MIXED
TACATCCCTATCCCTG-1,11884,16297,0.7503190050804684,-0.364380633766274,-0.1657058981823037,True,False,interface,0.0072870183951745,-0.182190316883137,TUMOR
TACATTTCTAACGTGC-1,10886,11652,1.3789399122788295,-0.1971157587802638,0.1471814777478928,True,False,interface,0.0476453973532682,-0.0985578793901319,TUMOR
TACCAAATAGCCCAGA-1,14830,10962,-0.8752756507885476,-0.1971157587802638,0.0324241272327539,False,False,other,0.0004640043801209,-0.0985578793901319,MIXED
TACCAGAAGTAGGTTC-1,12860,12100,-0.6161922806347702,-0.364380633766274,-0.7134977873194622,False,False,other,0.0005376663400713,-0.182190316883137,MIXED
TACCAGCTAGGTTTAA-1,5360,10532,-0.5032489898095688,-0.364380633766274,0.4460000580174761,False,False,other,0.0217158530030995,-0.182190316883137,MIXED
TACCAGGAATCCCGTC-1,16612,13792,-0.8752756507885476,-0.364380633766274,0.0498236750668397,False,False,other,0.0007017462044256,-0.182190316883137,MIXED
TACCGGCTCACTGCCC-1,12462,10514,-0.6292966365843066,-0.364380633766274,-0.0520834648396533,False,False,other,0.0001202789860789,-0.182190316883137,MIXED
TACCGGTCGTTTCCAT-1,11878,14030,-0.4711663734906048,-0.364380633766274,-0.5538897095740811,False,False,other,0.0046359683993816,-0.182190316883137,MIXED
TACCGTAGGTTAACTA-1,14831,11415,-0.7591781822645406,-0.364380633766274,0.1672843441569152,False,False,other,0.0003830480910707,-0.182190316883137,MIXED
TACCGTGCCTCGGACC-1,13249,10059,-0.7701329185137268,-0.364380633766274,-1.3745739333523486,False,False,other,2.680250248792859e-05,-0.182190316883137,MIXED
TACCTACTCCCAGTAT-1,14632,10849,-0.7623323599633464,-0.364380633766274,-0.3502339551793043,False,False,other,0.0002738411803844,-0.182190316883137,MIXED
TACCTCACGCTTGTAC-1,6349,11550,2.451909409919928,0.0637307896937697,0.4152583192275195,True,False,interface,0.1620016409971021,0.03186539484688485,TUMOR
TACCTCAGTTGTCTGT-1,15030,12208,-0.8752756507885476,-0.364380633766274,-0.5565692402434708,False,False,other,0.0005319683954352,-0.182190316883137,MIXED
TACCTCCACACCAATG-1,16022,14587,-0.7701329185137268,-0.364380633766274,-0.637678390121635,False,False,other,0.0007363410795554,-0.182190316883137,MIXED
TACCTGCTGCACTGTG-1,8726,15398,-0.5032489898095688,-0.364380633766274,-0.3181229979286091,False,False,interface,0.0311049421276743,-0.182190316883137,MIXED
TACCTTAAGATTTCCC-1,12866,14594,-0.5241539043094857,0.5113107610615957,0.2067432843012098,False,True,interface,0.0270130723389873,0.25565538053079784,MIXED
TACGAACACGACTTCA-1,9309,11882,1.8658615748614669,0.2342485782979296,0.1650451925892659,True,True,interface,0.1076178256731117,0.1171242891489648,TUMOR
TACGACGCTTGCTGCG-1,12267,11762,-0.7453941051083136,-0.364380633766274,-0.531409589955978,False,False,other,0.0033519970164529,-0.182190316883137,MIXED
TACGACTGCCTCTTAG-1,11869,10402,-0.8752756507885476,-0.364380633766274,-0.1936820351354229,False,False,other,0.0004185870608129,-0.182190316883137,MIXED
TACGAGAACTTCACGT-1,10102,13468,1.5357257623226286,-0.0371703688918016,-0.2588967165858465,True,False,interface,0.0117812026282102,-0.0185851844459008,TUMOR
TACGATGTTGATCATC-1,10103,13921,0.9882739283958764,0.0239963787515655,2.112967646810527,True,False,interface,0.088439148469428,0.01199818937578275,TUMOR
TACGCAGTTCTTTCCT-1,11282,12104,0.882563877660352,0.2504642125875622,1.1227163622359335,True,True,interface,0.0620567267246774,0.1252321062937811,TUMOR
TACGCCATATTCTAAT-1,11083,11311,-0.1229165724461109,-0.364380633766274,1.212519873012745,False,False,other,0.0244579715580794,-0.182190316883137,STROMA
TACGCCGAGGGTACCC-1,14245,14024,-0.3866735149467127,0.0831993376015518,-0.033582804809319,False,False,other,0.0207451025641534,0.0415996688007759,MIXED
TACGCCTCCATTCCGA-1,14041,11191,-0.6540354499897197,0.4071185472594129,-0.2758577831529778,False,True,immune_core,0.0051103986187176,0.20355927362970644,MIXED
TACGTACTAGTGCTGA-1,15427,13114,-0.8752756507885476,-0.364380633766274,-0.5680995588643895,False,False,other,0.000157794195469,-0.182190316883137,MIXED
TACGTGCACTATGCTG-1,7342,14155,-0.6462348914393393,0.5410887266903761,0.0063758817261759,False,True,immune_core,0.0575046018516647,0.27054436334518805,MIXED
TACGTTTACCGGCAAT-1,11090,14259,-0.1827451632135075,-0.0371703688918016,0.1301215129556525,False,False,other,0.0063682074468107,-0.0185851844459008,MIXED
TACTATGGTTCCTCAG-1,14439,12550,-0.8752756507885476,0.0511158719634572,-0.4851011031969391,False,False,other,0.0032683458420394,0.0255579359817286,MIXED
TACTCCTCTAGTTGAC-1,15823,13794,-0.8752756507885476,0.053266835569359,-0.0474874715518783,False,False,other,8.738452773503996e-05,0.0266334177846795,MIXED
TACTCGGCACGCCGGG-1,10305,16075,-0.4233973228125552,-0.364380633766274,0.0303753118193528,False,False,interface,0.019044001979306,-0.182190316883137,MIXED
TACTCTTTCGTCTTCA-1,14637,12663,-0.7322897491587772,-0.364380633766274,-0.5699186363076428,False,False,other,0.0040057794150923,-0.182190316883137,MIXED
TACTGAACAGATTTAG-1,14243,12891,-0.5110495483599492,-0.364380633766274,-0.8800498936371504,False,False,other,0.0139045582580399,-0.182190316883137,MIXED
TACTGGACAGCTCGGC-1,10106,15055,-0.6912655167493418,-0.0992720792256356,-0.1695495560261528,False,False,interface,0.0281306926638917,-0.0496360396128178,MIXED
TACTTTCCGCACGCCA-1,12474,15729,0.8940546219518252,0.0637307896937697,-0.3374885367071498,True,False,interface,0.0425389488967235,0.03186539484688485,TUMOR
TAGAAATTCACGTATA-1,10307,16755,0.448284659254282,0.0239963787515655,-0.2021307472968861,False,False,other,0.0158289446310547,0.01199818937578275,MIXED
TAGACGAAACGCCAAT-1,15615,9600,-0.8752756507885476,-0.364380633766274,-1.3037541006919773,False,False,other,0.0001057741769311,-0.182190316883137,MIXED
TAGAGATCATGCAACT-1,11881,14937,-0.3602630881797983,-0.364380633766274,-0.0840586675283995,False,False,other,0.0041747329831926,-0.182190316883137,MIXED
TAGAGCTACGAAGAAC-1,5758,11891,0.3628432402331298,-0.1971157587802638,0.0258772526610851,False,False,other,0.0672192509612118,-0.0985578793901319,MIXED
TAGAGTCTAAGCGAAC-1,8914,11657,0.6522153463308269,0.6321046936238139,0.4090795926971641,True,True,interface,0.0455736159780965,0.31605234681190697,IMMUNE_ACTIVE
TAGATATGGACTGGAA-1,12859,11874,-0.5410921591645185,-0.0371703688918016,-0.28624698307683,False,False,other,0.0009865081637439,-0.0185851844459008,MIXED
TAGATCCGAAGTCGCA-1,5161,9739,-0.1069043311786681,-0.0298508837942535,-0.1320164683450326,False,False,interface,0.0004060280798332,-0.01492544189712675,MIXED
TAGATTCCTGGTTATT-1,9515,15623,0.4497032215837017,-0.1971157587802638,-0.2005875377365239,False,False,other,0.0062295338502168,-0.0985578793901319,MIXED
TAGCAACCTGTCACAA-1,7541,14948,0.412085206805714,-0.1971157587802638,-0.387690581888281,False,False,interface,0.0715581250321339,-0.0985578793901319,MIXED
TAGCGTCCGGTGTGGT-1,13642,9151,-0.8752756507885476,-0.0840655373844583,-0.0677260711475454,False,False,other,0.0004169256293406,-0.04203276869222915,MIXED
TAGCGTTGGGTCTTAC-1,10685,10179,-0.1684497060281823,-0.364380633766274,0.1313908611988,False,False,other,0.0027173186357134,-0.182190316883137,MIXED
TAGCTAAGTCCGGGAG-1,8913,11430,0.5683229980511225,-0.0298508837942535,1.1409507074255962,False,False,interface,0.0293307558166479,-0.01492544189712675,STROMA
TAGCTAGAAGGCATGA-1,13254,12099,-0.6292966365843066,-0.1971157587802638,-0.195726137302299,False,False,other,0.0001193199492776,-0.0985578793901319,MIXED
TAGCTAGTGATGATGG-1,15031,12435,-0.7453941051083136,-0.364380633766274,-0.0613831231783277,False,False,other,0.0002943768984221,-0.182190316883137,MIXED
TAGCTCGCCTGATAAC-1,13055,11306,-0.7322897491587772,-0.364380633766274,-0.243180634892692,False,False,other,0.000593137451794,-0.182190316883137,MIXED
TAGCTGATGTGAAGCG-1,11491,16752,0.6324060700948764,-0.364380633766274,-0.0744494140840058,True,False,tumor_core,0.0103774741237997,-0.182190316883137,TUMOR
TAGGCGATGAGGTCTC-1,14055,16632,0.8527812549635518,-0.364380633766274,0.271614312294599,True,False,interface,0.0648123310431137,-0.182190316883137,TUMOR
TAGGGTGTTTCAAGAG-1,7533,11773,0.8235116894183141,0.2386424423564502,0.0538666320299394,True,True,interface,0.022967863450774,0.1193212211782251,TUMOR
TAGGTCCAAGTAAGGA-1,8923,15284,0.6734873895676093,-0.364380633766274,-0.4013718437185921,True,False,tumor_core,0.0201441579616568,-0.182190316883137,TUMOR
TAGGTGAGCCCTACTC-1,8920,14151,-0.0639227659107188,0.0637307896937697,0.489449311459344,False,False,interface,0.0368604490182515,0.03186539484688485,MIXED
TAGGTGTTCCACAGAT-1,15027,11075,-0.5851377896323362,-0.1971157587802638,0.0903621096591936,False,False,other,0.0049949636671979,-0.0985578793901319,MIXED
TAGGTTCGAGTTCGTC-1,10094,10293,-0.0565146493354449,-0.1971157587802638,0.0960645493447439,False,False,other,0.0086037557120374,-0.0985578793901319,MIXED
TAGTACCACAACTTTC-1,15632,16402,-0.8752756507885476,0.053266835569359,-0.2912109598101396,False,False,other,0.0016787586040196,0.0266334177846795,MIXED
TAGTACCTTAGTGGTC-1,7345,15515,1.4559229890693206,2.7091366863017794,-0.1977703049982938,True,True,interface,0.5758689462549499,1.3545683431508897,IMMUNE_EXHAUSTED
TAGTAGCTTATACCAG-1,15229,13001,-0.8752756507885476,-0.364380633766274,-0.6982800332939226,False,False,other,9.689241481549607e-05,-0.182190316883137,MIXED
TAGTCCCGGAGACCAC-1,16214,12432,1.2235483278160508,0.0831993376015518,-0.8800498936371504,True,False,interface,0.1065453700277729,0.0415996688007759,TUMOR
TAGTCCGCAGAGAATG-1,10887,11879,0.677023056079977,-0.1971157587802638,0.196956370889737,True,False,interface,0.0074786982952973,-0.0985578793901319,TUMOR
TAGTCCGTATGCATAA-1,6164,16425,1.1714422172087575,0.710504565282288,0.3793743434312596,True,True,interface,0.1479261776746787,0.355252282641144,IMMUNE_ACTIVE
TAGTCCTGCACTAAGC-1,16812,15038,-0.7701329185137268,-0.364380633766274,-0.4715879217294464,False,False,other,4.4567183063583154e-06,-0.182190316883137,MIXED
TAGTCTAACAACGAGA-1,11089,14032,-0.5122546360833539,-0.0992720792256356,0.6307699909500062,False,False,interface,0.0548202943819363,-0.0496360396128178,STROMA
TAGTGCCCTCCAGAGT-1,9506,11995,1.5573899701764682,0.7198079808631126,1.3160390550501757,True,True,interface,0.1598563043323209,0.3599039904315563,IMMUNE_ACTIVE
TAGTGTCAGAAACGGC-1,7346,15742,1.1074417092150406,0.8220651125794767,0.0668559798577848,True,True,interface,0.8264322233577629,0.41103255628973834,IMMUNE_EXHAUSTED
TAGTTTATTCTTGCTT-1,5757,11438,0.0164076370346998,-0.1971157587802638,0.7108652748201533,False,False,other,0.011599298270999,-0.0985578793901319,STROMA
TATAAATCCACAAGCT-1,7141,12908,-0.1164080460610359,-0.1971157587802638,0.901237995443426,False,False,interface,0.0978781797174272,-0.0985578793901319,STROMA
TATAAGTGAGGATAGC-1,7340,13474,-0.141720930804072,-0.364380633766274,0.923977435451944,False,False,interface,0.1259402253642138,-0.182190316883137,STROMA
TATACACAGACGCCTT-1,13055,11080,-0.8752756507885476,-0.364380633766274,-0.4129628930808227,False,False,other,9.03898277923306e-05,-0.182190316883137,MIXED
TATACACGCAAAGTAT-1,6749,13816,-0.4116749380451853,1.13646502513643,0.0790142167980342,False,True,interface,0.1253301491310858,0.568232512568215,IMMUNE_EXHAUSTED
TATACGCGTCATCACT-1,15025,10168,-0.7623323599633464,-0.1971157587802638,-0.2052500993325824,False,False,other,6.2824002565678e-05,-0.0985578793901319,MIXED
TATACTCATGCGGCAA-1,7149,15856,2.029827063025254,1.4677177852855317,-0.5231716824505946,True,True,interface,6.672618390091119,0.7338588926427658,IMMUNE_EXHAUSTED
TATAGAGTCGCTTGAA-1,15820,12660,-0.8752756507885476,-0.364380633766274,-1.2162280067308526,False,False,other,0.0264209562661229,-0.182190316883137,MIXED
TATAGGGTACTCATGA-1,10304,15621,-0.6324508142831123,-0.1971157587802638,0.0548983941978662,False,False,other,0.0050371834225668,-0.0985578793901319,MIXED
TATATAGGGCTTTACG-1,15627,14134,-0.8752756507885476,-0.364380633766274,-0.8418668834577188,False,False,other,0.0004182164910801,-0.182190316883137,MIXED
TATATATCGAGAAATG-1,15036,14702,-0.3242800434764595,-0.0371703688918016,-0.3937016403805271,False,False,other,0.0105174732901216,-0.0185851844459008,MIXED
TATATTCGCGTCGATA-1,4769,10873,0.0115715156478388,0.18104301715618,0.3492373403987607,False,True,immune_core,0.0087240247441191,0.09052150857809,MIXED
TATCACAGCACGGGCA-1,3980,10648,0.4005355195246682,-0.0992720792256356,0.1540456507983462,False,False,other,0.0081713604274871,-0.0496360396128178,MIXED
TATCAGTGGCGTAGTC-1,13858,16973,-0.5181984959212196,-0.364380633766274,-0.5989445482347414,False,False,other,0.0044538776559618,-0.182190316883137,MIXED
TATCCATATCATGCGA-1,6745,12002,1.2138516667532748,-0.1971157587802638,0.9869504184497052,True,False,interface,0.0065644523320039,-0.0985578793901319,TUMOR
TATCCATCTCGGTTAG-1,15237,15949,-0.6540354499897197,-0.364380633766274,-0.5361632878194399,False,False,other,0.0043777114729319,-0.182190316883137,MIXED
TATCCGCACCGTCGGG-1,14832,11869,-0.8752756507885476,-0.364380633766274,-0.4236508951810407,False,False,other,9.625514659493882e-05,-0.182190316883137,MIXED
TATCCTATCAACTGGT-1,16803,11184,-0.4403775120004666,-0.364380633766274,-0.8978383142564049,False,False,other,0.0006878319347597,-0.182190316883137,MIXED
TATCCTGCATGGGAAT-1,5955,11777,1.4678504968759143,-0.364380633766274,0.1353659348361299,True,False,interface,0.0411413201013896,-0.182190316883137,TUMOR
TATCGATGATTAAACG-1,7732,12340,1.420343740694077,0.7767635344053032,-0.3279452492668007,True,True,interface,0.1341281649297845,0.3883817672026516,IMMUNE_ACTIVE
TATCTACAGAGGTAAT-1,9120,15171,0.4499552615163437,0.0637307896937697,-0.0154980944938812,False,False,other,0.0070124394605643,0.03186539484688485,MIXED
TATCTACCACAGCGGG-1,11477,11084,-0.4453060657013715,-0.364380633766274,0.2784201212189739,False,False,other,0.0006885031312675,-0.182190316883137,MIXED
TATCTAGCCTAAAGGA-1,9912,16529,0.1148691722482474,-0.0992720792256356,0.9365011455150094,False,False,other,0.0078476449851776,-0.0496360396128178,STROMA
TATCTTGCAATACAAC-1,14251,16065,0.2891503803519725,0.0831993376015518,-0.1174990667748862,False,False,interface,0.018821087279218,0.0415996688007759,MIXED
TATGAAGACAGGTGCG-1,8923,15511,0.6587501727662032,-0.046066518083886,-0.6670688195573895,True,False,interface,0.0235543586131287,-0.023033259041943,TUMOR
TATGCTCCCTACTTAC-1,8123,10978,-0.2623720287743176,-0.0840655373844583,0.7960645846591553,False,False,interface,0.1121028425452844,-0.04203276869222915,STROMA
TATGGATGTGCTACGC-1,8322,11771,-0.13834316617428,0.4394928844812968,1.0708666530863018,False,True,interface,0.0099835999474623,0.2197464422406484,STROMA
TATGGCCCGGCCTCGC-1,9118,14490,0.8291425543964939,0.0637307896937697,0.6725094436894835,True,False,interface,0.0217810804973884,0.03186539484688485,TUMOR
TATGGGACCGAGCAGG-1,10294,11540,0.892227561937883,0.414438032356961,0.1250921065238476,True,True,interface,0.0102891670656838,0.2072190161784805,MIXED
TATGGGTACGTATCGT-1,9505,11315,1.9624426118772775,-0.364380633766274,0.3212551410890215,True,False,interface,0.1255147334340233,-0.182190316883137,TUMOR
TATGGTCTGAGTAACA-1,10294,11313,0.5929569123096675,-0.0992720792256356,0.419888192324933,True,False,interface,0.0195297965447041,-0.0496360396128178,MIXED
TATGTAAAGTGCTTAA-1,16215,12886,-0.6402513728334929,-0.364380633766274,-1.1098639573051778,False,False,other,0.0118824300030048,-0.182190316883137,MIXED
TATTAACACCAAAGCA-1,13858,16746,-0.7701329185137268,-0.364380633766274,-0.0058017303311804,False,False,other,0.0112266134957601,-0.182190316883137,MIXED
TATTAACCTGACCGCG-1,14440,12777,-0.2813290678040505,-0.046066518083886,-0.5317124422344996,False,False,other,0.0091405988360121,-0.023033259041943,MIXED
TATTATGTTTGCCTGC-1,14447,15951,0.3216959150731454,-0.1971157587802638,-0.3371093488235768,False,False,other,0.0242046706949987,-0.0985578793901319,MIXED
TATTCAATTCTAATCC-1,9895,9500,-0.7623323599633464,-0.364380633766274,0.1526838052489092,False,False,other,0.002576734794878,-0.182190316883137,MIXED
TATTCCACTCAGCTCG-1,12858,11420,-0.8752756507885476,-0.364380633766274,1.705436838159651,False,False,other,0.0003277541913441,-0.182190316883137,STROMA
TATTCCGGCAGTCCTA-1,4179,11442,-0.0274811834921224,0.7975414111058892,0.6750498341872372,False,True,interface,0.1823750153144805,0.3987707055529446,IMMUNE_ACTIVE
TATTCCTCCGCCCACT-1,12668,14255,-0.3072998542885483,-0.364380633766274,0.943623812508491,False,False,other,0.0073656766989176,-0.182190316883137,STROMA
TATTCGTGCCAGAATA-1,9897,10634,0.9351862599084368,0.053266835569359,0.401957400774196,True,False,interface,0.0699606784072933,0.0266334177846795,TUMOR
TATTTAGTCTAGATCG-1,6743,11322,-0.2686890364154148,-0.0371703688918016,0.46483673652307,False,False,interface,0.1415646460905862,-0.0185851844459008,MIXED
TATTTGTTACCCTTTA-1,7930,12679,-0.4481780705508469,-0.0992720792256356,0.7484995054990157,False,False,interface,0.0117650799381675,-0.0496360396128178,STROMA
TCAAACAACCGCGTCG-1,7926,11092,-0.8752756507885476,0.053266835569359,0.4332528240265581,False,False,other,0.3911053231227546,0.0266334177846795,MIXED
TCAAACTTAGATTGTT-1,9305,10522,-0.2240658649025436,-0.364380633766274,-0.0890219436530332,False,False,interface,0.1285599332763734,-0.182190316883137,MIXED
TCAAATTTGAGACTCA-1,15024,9941,-0.8752756507885476,-0.0840655373844583,-0.2648671949012089,False,False,other,5.8264961934582786e-05,-0.04203276869222915,MIXED
TCAACAAAGATAATTC-1,13655,14593,-0.3429934039431475,-0.0840655373844583,0.8114580585867192,False,False,interface,0.0981949387003449,-0.04203276869222915,STROMA
TCAACACATTGGGTAA-1,5369,13933,-0.2272004794450786,-0.1971157587802638,-0.038128080193494,False,False,other,0.0201515398971691,-0.0985578793901319,MIXED
TCAACATAGCGCCCTA-1,14637,12890,-0.7453941051083136,0.3314309683452731,-0.7988596058810653,False,True,immune_core,0.0062832376684981,0.16571548417263654,MIXED
TCAACATCGACCGAGA-1,11883,16071,0.7622958192511483,-0.364380633766274,0.0160048662239674,True,False,interface,0.0214832491584872,-0.182190316883137,TUMOR
TCAACCATGTTCGGGC-1,8126,12112,-0.0365781985292512,0.2973593810802188,0.4184324489798405,False,True,immune_core,0.0153913021613478,0.1486796905401094,MIXED
TCAACGAGGAGACAAA-1,11478,11537,-0.5150443182224139,-0.364380633766274,0.6633666033117114,False,False,other,0.037721924310927,-0.182190316883137,STROMA
TCAACGCAGGAAATAA-1,12866,14368,-0.4972654712037223,0.7338718958397287,1.367567144988509,False,True,immune_core,0.017364931850942,0.36693594791986434,IMMUNE_ACTIVE
TCAACGCGACCGGCAG-1,10895,15280,-0.405823522068122,-0.364380633766274,0.1052273035442373,False,False,interface,0.0668078420850199,-0.182190316883137,MIXED
TCAACTAACGTATAAC-1,9318,15737,0.0868773234494642,-0.364380633766274,0.1078413648539675,False,False,interface,0.0158490597968794,-0.182190316883137,MIXED
TCAATACGCCGTCATG-1,15619,10960,-0.0224198267262526,-0.364380633766274,0.0072497247302694,False,False,interface,0.0600738541273755,-0.182190316883137,MIXED
TCACAGATCCTCAAAC-1,5374,16200,0.9603645013160288,0.8032930912711107,1.0915531706117385,True,True,interface,0.0316155549050753,0.40164654563555535,IMMUNE_EXHAUSTED
TCACAGCAAACTCGAA-1,13255,12326,-0.2886089560731472,-0.364380633766274,-0.1365448866908401,False,False,other,0.0007529119847854,-0.182190316883137,MIXED
TCACAGGAGAATAAGA-1,14044,12324,-0.8752756507885476,-0.0840655373844583,-0.7597745462693098,False,False,other,0.0003704359440184,-0.04203276869222915,MIXED
TCACAGGGAATCGCAA-1,12458,8927,-0.8752756507885476,0.0831993376015518,-0.3654415513047738,False,False,other,0.000787092391468,0.0415996688007759,MIXED
TCACAGGTTATTGGGC-1,9507,12449,0.9424331703722826,-0.1971157587802638,0.9985485180704884,True,False,interface,0.0431513975497689,-0.0985578793901319,TUMOR
TCACATCTTATCTGAT-1,8726,15625,0.1401033141643689,0.2205317105553692,-0.2073647193512112,False,True,other,0.0493097171118879,0.1102658552776846,MIXED
TCACCCTCTTAAGATT-1,12069,11195,-0.7701329185137268,0.3804771004438314,0.5718582636413538,False,True,immune_core,0.0020788125391712,0.1902385502219157,MIXED
TCACGATGTCCGTGGA-1,13458,14706,-0.6571896276885255,1.0781661688304136,0.4100038044833704,False,True,interface,0.1595663109025056,0.5390830844152068,IMMUNE_EXHAUSTED
TCACGCATTGTAGATC-1,9704,12335,0.1507301353004767,-0.364380633766274,0.3842565175029663,False,False,interface,0.0423436043472417,-0.182190316883137,MIXED
TCACGGTCATCGCACA-1,7733,12793,1.3483395295233134,-0.0298508837942535,0.1080869125407881,True,False,tumor_core,0.0058105853439844,-0.01492544189712675,TUMOR
TCACGTGCCCGATTCA-1,10687,10859,0.3932983444314215,0.2504642125875622,-0.2078572894450082,False,True,immune_core,0.0389536431410576,0.1252321062937811,MIXED
TCAGACGCTATAGAAG-1,12657,9720,-0.8752756507885476,-0.364380633766274,-0.304826708900986,False,False,other,0.0002022209826547,-0.182190316883137,MIXED
TCAGCAAATGCATCTC-1,9303,9615,-0.4135200137195975,-0.364380633766274,-0.1034997482124026,False,False,other,0.0140892421928414,-0.182190316883137,MIXED
TCAGCAGTAGGCCCTG-1,15230,13228,-0.7453941051083136,-0.364380633766274,-0.6746374692867408,False,False,other,5.4813482599193096e-05,-0.182190316883137,MIXED
TCAGGGCGCAAACTCG-1,7544,16081,1.4793866904852422,0.5776744774620345,0.4129494435998711,True,True,interface,0.1631883455945986,0.28883723873101724,MIXED
TCAGGGTGTAACGTAA-1,8712,9730,0.1033338166326942,0.053266835569359,1.3935777658235626,False,False,interface,0.0040363450029309,0.0266334177846795,STROMA
TCAGGTTCTTTGAGAA-1,9115,13130,0.1136834450029393,0.3288393442344081,0.5723838815666488,False,True,interface,0.0572008015441135,0.16441967211720404,MIXED
TCAGTACTGACCCGCG-1,8328,14039,0.4111525711556411,-0.0992720792256356,-0.1986194956012018,False,False,other,0.0258006401603545,-0.0496360396128178,MIXED
TCAGTAGGGACTATAA-1,12269,12442,-0.228628951737112,-0.364380633766274,-0.4803613160632888,False,False,other,0.0078486630159326,-0.182190316883137,MIXED
TCAGTGTATACGTCAT-1,14639,13797,0.1755909558692973,-0.0840655373844583,-0.402608720832689,False,False,other,0.0004737933298656,-0.04203276869222915,MIXED
TCATACTTACAGATCC-1,7542,15174,0.1726414597168986,0.2183807469494675,-0.8216597644676309,False,True,interface,0.1883251163635906,0.10919037347473375,MIXED
TCATATGAGCTTTGTT-1,15816,10846,-0.8752756507885476,0.0511158719634572,-0.3881066784157371,False,False,interface,0.0707042279483508,0.0255579359817286,MIXED
TCATCACTCGAGCTCG-1,6554,14610,-0.7701329185137268,0.3288393442344081,-0.008592469732471,False,True,interface,0.1777626427657982,0.16441967211720404,MIXED
TCATCCCAGAGGGTGG-1,5556,9964,-0.4894649126533418,-0.0298508837942535,0.2407683713793482,False,False,other,0.0017316533480739,-0.01492544189712675,MIXED
TCATCGATGGTCCCAA-1,14444,14591,-0.7086283629095925,-0.1971157587802638,-0.5668585574612638,False,False,other,0.0270825668505389,-0.0985578793901319,MIXED
TCCAACTTTAAATTCT-1,11088,13352,0.6910716698440645,-0.0840655373844583,0.5937908954011338,True,False,interface,0.0123036666284998,-0.04203276869222915,TUMOR
TCCAATAAAGGCTACC-1,15621,11867,-0.8752756507885476,-0.364380633766274,-0.3802708746091942,False,False,other,0.0079600520558343,-0.182190316883137,MIXED
TCCACAATGGTTTACG-1,9116,13810,0.7418065307753022,-0.0298508837942535,0.984846196027896,True,False,interface,0.0901730940073685,-0.01492544189712675,TUMOR
TCCACATCGTATATTG-1,16801,10277,-0.8752756507885476,-0.1971157587802638,-0.9177399247138166,False,False,other,0.0002828177518201,-0.0985578793901319,MIXED
TCCACCTCTAGCCTTT-1,15226,11868,-0.7591781822645406,-0.364380633766274,0.5438523428792729,False,False,other,0.0008303953752632,-0.182190316883137,MIXED
TCCAGAGCACCGGTTC-1,11079,9951,0.0514207358730525,-0.1971157587802638,0.262917581605603,False,False,interface,0.0037996454092504,-0.0985578793901319,MIXED
TCCAGGCGAGTACGGT-1,9308,11429,0.7951657753476425,0.2342485782979296,0.0633821794062009,True,True,interface,0.0212896114005066,0.1171242891489648,TUMOR
TCCAGGGTATATACGA-1,15224,10734,-0.8752756507885476,-0.364380633766274,-0.2967480176474342,False,False,other,0.0022072549745828,-0.182190316883137,MIXED
TCCCAAAGACGAAGGA-1,8321,11091,-0.6571896276885255,1.1312965036447835,0.5997394548769103,False,True,immune_core,0.0390830864406434,0.5656482518223918,IMMUNE_EXHAUSTED
TCCCAGCTTTAGTCTG-1,9900,11541,1.075023771798849,0.813617756154911,0.5841154644027069,True,True,interface,0.0207137446185309,0.4068088780774555,IMMUNE_EXHAUSTED
TCCCAGGCTTAGCTAA-1,9113,12450,1.208086206846115,0.1300945060942085,0.3068449702373024,True,False,interface,0.0337650458319113,0.06504725304710425,TUMOR
TCCCGCGTACTCCTGG-1,8515,10070,0.8081031260204677,-0.0992720792256356,0.7674989460580562,True,False,interface,0.1159894860464589,-0.0496360396128178,TUMOR
TCCCGGGTGTGCTGCT-1,9906,14035,1.1415122637291264,0.053266835569359,0.5582431990288838,True,False,interface,0.0081163943865864,0.0266334177846795,TUMOR
TCCCTGGCGTATTAAC-1,14644,15837,0.7665314129178652,-0.364380633766274,-0.3648257558290986,True,False,interface,0.0381262324795435,-0.182190316883137,TUMOR
TCCCTGGCTCGCTGGA-1,9711,14829,0.5829035587594246,-0.1971157587802638,-0.4393003947287736,False,False,interface,0.003975833935845,-0.0985578793901319,MIXED
TCCGAACTTGGCTTAC-1,9713,15736,0.3091188308798113,-0.0840655373844583,0.2108956424781194,False,False,interface,0.0087388141887807,-0.04203276869222915,MIXED
TCCGATAATTGCCATA-1,6741,10642,-0.2294789448554972,-0.1971157587802638,0.7781312171947287,False,False,interface,0.2792675381486872,-0.0985578793901319,STROMA
TCCGATGGTGCGACAT-1,8125,11885,-0.8752756507885476,1.248608731107194,1.3930116902798164,False,True,interface,0.1703345924966843,0.624304365553597,IMMUNE_EXHAUSTED
TCCGATTACATTGCCG-1,9512,14263,0.8264817414847733,-0.364380633766274,0.4349406268130186,True,False,interface,0.1561808372555578,-0.182190316883137,TUMOR
TCCGCCTGTCTACAAG-1,14234,9490,-0.7012352581563432,-0.1971157587802638,-0.395543782952585,False,False,other,0.0001494138711427,-0.0985578793901319,MIXED
TCCGCTTATCCCATTA-1,13054,10626,-0.8752756507885476,-0.364380633766274,-0.7258527884689203,False,False,other,5.057619509253727e-05,-0.182190316883137,MIXED
TCCGGTTCGTCCGGTC-1,13254,11873,-0.6324508142831123,-0.364380633766274,-0.4343842553127474,False,False,other,0.0006465119015755,-0.182190316883137,MIXED
TCCGTAACCACAATCC-1,7149,16082,1.9270732440673235,0.8881952527942474,-0.1139001860285226,True,True,interface,1.116053161932926,0.4440976263971237,IMMUNE_EXHAUSTED
TCCTAAATTGGGAAGC-1,14235,9943,-0.8752756507885476,-0.0371703688918016,-0.4030068373073621,False,False,other,0.0003872113058519,-0.0185851844459008,MIXED
TCCTAACCGTCGGGCA-1,15426,12661,-0.8752756507885476,-0.364380633766274,-1.0651482297313588,False,False,other,0.0007863064695905,-0.182190316883137,MIXED
TCCTAGCAAAGAAGCT-1,11285,13238,1.2328540760533364,-0.364380633766274,0.1922493961609714,True,False,interface,0.290363946623162,-0.182190316883137,TUMOR
TCCTCCTAAGACATTC-1,12474,15502,-0.1561518693432683,0.3183753901099974,-0.5238577247729904,False,True,interface,0.0150581597934354,0.1591876950549987,MIXED
TCCTCGGGCTGGGCTT-1,11078,9271,-0.4513322482496527,-0.046066518083886,-0.7234804708359999,False,False,other,0.0019971894202059,-0.023033259041943,MIXED
TCCTCTACGAGATGGC-1,8328,14266,-0.6571896276885255,-0.364380633766274,0.1134691203151619,False,False,other,0.0130957100562933,-0.182190316883137,MIXED
TCCTCTCCAGTTGTCC-1,9121,15624,0.6323297291676013,-0.0416726540253654,-0.0087650964479792,True,False,tumor_core,0.0127516682219934,-0.0208363270126827,TUMOR
TCCTGCGTTGATACTC-1,10696,14486,-0.2393871887733494,-0.0992720792256356,-0.0251820906748719,False,False,interface,0.0035742242872224,-0.0496360396128178,MIXED
TCCTTCAGTGGTCGAA-1,6148,10076,-0.6292966365843066,-0.1971157587802638,0.637913238579951,False,False,other,0.1196937976611928,-0.0985578793901319,STROMA
TCCTTGTCCTTTAATT-1,16800,10050,-0.8752756507885476,-0.364380633766274,-0.6516760905719676,False,False,other,9.54531454990202e-07,-0.182190316883137,MIXED
TCCTTTCTTACGCTTA-1,9109,10863,0.118396191610715,0.2855376108491069,1.0342929680083566,False,True,interface,0.0500776733567358,0.14276880542455345,STROMA
TCGAAATTTAGGACCA-1,8916,12790,1.1320020233229466,0.23099566467978,0.1847871794618229,True,True,interface,0.0082577493551724,0.11549783233989,TUMOR
TCGAATATCCCGCAGG-1,14641,14250,-0.5410921591645185,-0.0840655373844583,-1.0036980217154603,False,False,other,0.0134372335023908,-0.04203276869222915,MIXED
TCGACAACTGAACCCG-1,14448,16178,0.8308306004494839,-0.1971157587802638,-0.7555016065791368,True,False,tumor_core,0.0148944617668659,-0.0985578793901319,TUMOR
TCGAGACCAACACCGT-1,10492,11653,0.9317616553587652,-0.364380633766274,0.3042040835028893,True,False,interface,0.0065044578848736,-0.182190316883137,TUMOR
TCGAGCCAGGCAGGCC-1,14442,13684,-0.3370091557277449,-0.364380633766274,-0.0547775217115256,False,False,other,0.0071173185581971,-0.182190316883137,MIXED
TCGATAGGCTAGTCGC-1,4773,12460,0.8117186214476336,1.7015975030336254,0.3293507999230763,True,True,interface,0.5282398831803841,0.8507987515168127,IMMUNE_EXHAUSTED
TCGCAAAGATGCATTT-1,12459,9381,-0.6271470168839564,-0.364380633766274,-0.0093483952887711,False,False,other,1.773919847025834e-05,-0.182190316883137,MIXED
TCGCACCAGGAGGCAG-1,13049,8812,-0.6324508142831123,-0.364380633766274,-0.8410749272410342,False,False,other,2.1666974019308635e-06,-0.182190316883137,MIXED
TCGCATCCCTAAGTGT-1,6159,14384,0.0363803717738914,-0.364380633766274,1.5294181736005057,False,False,interface,0.0939339099497441,-0.182190316883137,STROMA
TCGCATTCAATGACTT-1,4974,13707,0.1037598700793523,0.2386424423564502,-0.6148237545935026,False,True,interface,0.0163550475541865,0.1193212211782251,MIXED
TCGCCGAAGTTGCGTC-1,12075,13689,-0.6540354499897197,0.3183753901099974,0.3666774200288364,False,True,immune_core,0.0254469010704251,0.1591876950549987,MIXED
TCGCCGGTCGATCCGT-1,6939,10981,2.1025481454983193,-0.1971157587802638,1.2563140911514843,True,False,interface,0.2315786575858909,-0.0985578793901319,TUMOR
TCGCGTCCAGAAGGTC-1,9315,14603,0.6943698868149978,0.0637307896937697,0.2159974114481175,True,False,interface,0.0097974541497438,0.03186539484688485,TUMOR
TCGCTACTGGCTTTGA-1,16010,9599,-0.8752756507885476,-0.364380633766274,-1.0258383804111586,False,False,other,2.562075846372352e-05,-0.182190316883137,MIXED
TCGCTCGATATATTCC-1,8911,10750,0.0228871845874366,-0.0992720792256356,0.4637933758926033,False,False,interface,0.0242229439552463,-0.0496360396128178,MIXED
TCGCTGGGCGGATTGT-1,8711,9503,0.5022462699132985,0.0831993376015518,0.3169418142658917,False,False,interface,0.016984221867134,0.0415996688007759,MIXED
TCGCTGTGCGTAAATC-1,6550,13250,1.617284504682651,-0.0416726540253654,-0.2809544681072775,True,False,interface,0.0409628804070313,-0.0208363270126827,TUMOR
TCGGAATGCGCTCTGA-1,9118,14717,0.1298497900665693,0.2941657469960231,-0.173510258974827,False,True,interface,0.0319904095136264,0.14708287349801155,MIXED
TCGGAGAGTATCGGGA-1,12079,15277,-0.7322897491587772,0.2279381856488367,-0.6389908588163756,False,True,interface,0.0161622281678052,0.11396909282441835,MIXED
TCGGAGTACATGAGTA-1,9500,9501,-0.5222243774903553,-0.0371703688918016,-0.085917341578631,False,False,interface,0.004453286685058,-0.0185851844459008,MIXED
TCGGCGTACTGCACAA-1,12871,16408,0.2589055956817135,-0.364380633766274,0.3651897105523182,False,False,interface,0.0162716558215815,-0.182190316883137,MIXED
TCGGGAGACAGCGTAC-1,14827,9828,-0.8752756507885476,-0.364380633766274,-0.7225616229237443,False,False,other,6.407978281045956e-05,-0.182190316883137,MIXED
TCGGGATTCAAACATA-1,10897,16186,0.4351731716176127,-0.1971157587802638,-0.3099723809021801,False,False,other,0.0097582669816531,-0.0985578793901319,MIXED
TCGGGTGAAACTGCTA-1,5166,11553,-0.1991770733909013,0.18104301715618,0.9430788950011942,False,True,interface,0.0011606848700126,0.09052150857809,STROMA
TCGGTCCCGACAATAG-1,14446,15271,-0.6193464583335758,0.2973593810802188,0.2864595231082028,False,True,interface,0.1456224366828399,0.1486796905401094,MIXED
TCGTACCGACGTCAAG-1,16606,11524,-0.8752756507885476,0.053266835569359,-0.7101310747718277,False,False,other,0.0103231738171661,0.0266334177846795,MIXED
TCGTATAGTGCAATTA-1,5560,11552,-0.6402513728334929,0.0831993376015518,-0.5756593974853459,False,False,other,0.0327430224274668,0.0415996688007759,MIXED
TCGTATTACCCATTGC-1,10500,15054,-0.5410921591645185,-0.364380633766274,0.4192784073147054,False,False,other,0.0093021357170484,-0.182190316883137,MIXED
TCGTCAAGTACGCGCA-1,14244,13571,0.1005930851648536,0.2205317105553692,-0.1023208295254049,False,True,other,0.0696605751203,0.1102658552776846,MIXED
TCGTCACACTGTTAGC-1,8529,15739,0.0198331712027299,-0.364380633766274,-0.2022950463927029,False,False,interface,0.0199213322179328,-0.182190316883137,MIXED
TCGTCCGCTGGCGTCT-1,7537,13361,-0.6324508142831123,-0.1971157587802638,1.036584106041317,False,False,other,0.0486443518929457,-0.0985578793901319,STROMA
TCGTGTACTATGGATG-1,12458,9154,-0.8752756507885476,-0.364380633766274,-1.4956412369368737,False,False,other,0.0005144146204833,-0.182190316883137,MIXED
TCGTGTCACGCTGACA-1,11684,15278,-0.8752756507885476,-0.364380633766274,-0.5105910587093955,False,False,other,0.0471425758587748,-0.182190316883137,MIXED
TCGTTAGGAGTCCCTA-1,13451,11759,-0.8752756507885476,0.0831993376015518,-0.4515598935735391,False,False,other,0.0034308212706406,0.0415996688007759,MIXED
TCGTTCGTTATTATGT-1,5164,10872,-0.649389069138145,-0.0371703688918016,0.0358804366219402,False,False,other,0.0018121323495104,-0.0185851844459008,MIXED
TCGTTGCTATCCGGTC-1,13848,12665,-0.212431407446667,-0.364380633766274,-0.2951353672414954,False,False,other,0.0035519556775161,-0.182190316883137,MIXED
TCTAAAGAACAGTCTC-1,13463,16747,-0.7453941051083136,-0.0840655373844583,-0.3037244657413029,False,False,other,0.0048050839676428,-0.04203276869222915,MIXED
TCTAATACTGCCTCAG-1,14445,15044,0.2972702514872346,1.150765051552566,0.5189033765152983,False,True,immune_core,0.1755452018922331,0.575382525776283,IMMUNE_EXHAUSTED
TCTACCGTCCACAAGC-1,8516,10297,0.0008357219056743,0.1300945060942085,1.3544600286725672,False,False,interface,0.0070361996345269,0.06504725304710425,STROMA
TCTAGCAATCTCCGCC-1,12274,14483,-0.3451430236434978,-0.364380633766274,0.9019208873893952,False,False,other,0.0134336185263221,-0.182190316883137,STROMA
TCTAGCATCTTCGATG-1,7733,13020,0.5268345637340958,-0.1971157587802638,0.2916682714002888,False,False,other,0.0053159102181783,-0.0985578793901319,MIXED
TCTAGCATGCCCAGAA-1,12658,10400,-0.6571896276885255,-0.1971157587802638,-0.642093171723757,False,False,other,0.0001183796833862,-0.0985578793901319,MIXED
TCTAGTTATCAGAAGA-1,9900,11768,0.9637751199504908,-0.0298508837942535,0.5512703194521966,True,False,interface,0.0030126983861275,-0.01492544189712675,TUMOR
TCTATCATGCAGTTAC-1,6748,13362,0.6054599488673862,0.4654135284889366,-0.2049956346884333,True,True,interface,0.0296694506160568,0.2327067642444683,MIXED
TCTATCGGTCGCAACA-1,7530,10640,-0.5861227844745208,0.2279381856488367,0.336549140548959,False,True,immune_core,0.0116858932727605,0.11396909282441835,MIXED
TCTATTACGCTGGCGA-1,5961,14045,-0.4481361362179683,0.4104096024760243,0.2210666215185968,False,True,immune_core,0.0140394880792259,0.20520480123801216,MIXED
TCTATTACTAGAGGAT-1,11292,16185,0.5767246216363814,-0.0992720792256356,-0.5651345442145038,False,False,other,0.0060701534111042,-0.0496360396128178,MIXED
TCTCCCTGGGCAGCGT-1,13838,8810,-0.7623323599633464,-0.364380633766274,-0.4409310534134188,False,False,other,1.9861207830842273e-05,-0.182190316883137,MIXED
TCTCGGCTCCAGGACT-1,5766,15292,1.3712990819949376,0.9728381601108184,0.3217791946662984,True,True,interface,0.0699779480914362,0.4864190800554092,IMMUNE_EXHAUSTED
TCTCTAATAGCTGGTA-1,7139,12001,1.0422172795168836,-0.364380633766274,0.0024117227331657,True,False,interface,0.0179245870987323,-0.182190316883137,TUMOR
TCTCTTACCGCGAACC-1,16018,13000,-0.8752756507885476,-0.364380633766274,-0.9740933995618029,False,False,other,0.0028954564771711,-0.182190316883137,MIXED
TCTGAACCGGTCGGCT-1,7341,13701,-0.305454778614136,0.0511158719634572,0.3745839411494536,False,False,other,0.0650941231554024,0.0255579359817286,MIXED
TCTGCGTCCGGTTTCT-1,6161,15291,0.390450246034306,0.2234359005152729,0.8965860098657386,False,True,interface,0.0657224191596614,0.11171795025763645,STROMA
TCTGGGTAGCGCTCAT-1,11089,13805,-0.0873687555141138,-0.1971157587802638,0.2856766802175484,False,False,interface,0.0317105470384067,-0.0985578793901319,MIXED
TCTGTGGCTACATTTC-1,3787,12576,0.2143899106823507,-0.046066518083886,-0.698224210995073,False,False,other,0.0012859657480219,-0.023033259041943,MIXED
TCTGTTACCCAGCATA-1,13259,13913,0.0356514113102368,-0.364380633766274,0.6758651152469292,False,False,interface,0.0466021119508378,-0.182190316883137,STROMA
TCTTACAGAGGTACCG-1,6155,12797,-0.4758241311971205,0.9610875175536712,0.1316447170381363,False,True,interface,0.1874976942888273,0.4805437587768356,IMMUNE_EXHAUSTED
TCTTACGGCATCCGAC-1,8132,14606,-0.3335316233936584,-0.1971157587802638,-0.5306087869874426,False,False,other,0.0174004584651247,-0.0985578793901319,MIXED
TCTTATGGGTAGTACC-1,3194,12011,-0.2021571220137274,-0.1971157587802638,0.2784318057712207,False,False,other,0.0094542137695527,-0.0985578793901319,MIXED
TCTTCGAATAGACGTT-1,10882,9838,0.04152810158992,0.1255922209606447,0.1122569487571828,False,False,interface,0.018725923997134,0.06279611048032235,MIXED
TCTTCGATACCAATAA-1,9502,10408,-0.1961728737983248,1.1845767179943694,1.1402466091173633,False,True,interface,0.2801703018849894,0.5922883589971847,IMMUNE_EXHAUSTED
TCTTGATGCGTAGCGA-1,9502,10181,-0.7322897491587772,-0.0992720792256356,0.1340178949255576,False,False,other,0.0764342394257811,-0.0496360396128178,MIXED
TCTTGCTCCCGATACT-1,16012,10279,-0.8752756507885476,-0.364380633766274,-0.9413732099574776,False,False,other,0.0001019725988413,-0.182190316883137,MIXED
TCTTGGTAACACCAAA-1,7333,10527,-0.5325508900495504,-0.1971157587802638,0.7405460215068825,False,False,other,0.0080347137948547,-0.0985578793901319,STROMA
TGAACAAGCAGGGACT-1,16218,13793,-0.8752756507885476,-0.364380633766274,-0.8051676420316799,False,False,other,0.0002041484630382,-0.182190316883137,MIXED
TGAATGAGTGTTTCCC-1,16214,12206,1.0922486507394882,-0.0840655373844583,-0.4582209573675906,True,False,interface,0.0724722865697767,-0.04203276869222915,TUMOR
TGACAGGACAAGTCCA-1,14055,16859,0.2603483409794758,-0.364380633766274,-0.2621987948407076,False,False,interface,0.007833644259107,-0.182190316883137,MIXED
TGACATGTAACGTGAC-1,16802,10730,-0.6292966365843066,-0.364380633766274,-1.1085100992104997,False,False,other,0.00051652805809,-0.182190316883137,MIXED
TGACCAAATCTTAAAC-1,16210,10845,-0.5273080820082915,-0.364380633766274,-0.7837870412311979,False,False,other,0.0031987757075998,-0.182190316883137,MIXED
TGACCCACGTTAGACA-1,9705,12562,0.2135534651082437,0.2183807469494675,0.3181097047258724,False,True,interface,0.017639403539036,0.10919037347473375,MIXED
TGACGAATATTTCCCT-1,11882,15390,-0.7012352581563432,0.7376198673504968,0.3248866690935049,False,True,immune_core,0.04495670411594,0.3688099336752484,IMMUNE_ACTIVE
TGACTATAATCCTTTC-1,12263,10175,-0.7453941051083136,-0.1971157587802638,-0.4107009609488243,False,False,other,0.0001620981796808,-0.0985578793901319,MIXED
TGACTCCGAATCATAC-1,15434,16062,-0.7012352581563432,-0.364380633766274,-0.6835209568362226,False,False,other,0.000734162789692,-0.182190316883137,MIXED
TGAGAATGCTTTACCG-1,6744,11775,1.0739108542713802,0.7975414111058892,0.9797039727268844,True,True,interface,0.0568096327120036,0.3987707055529446,IMMUNE_ACTIVE
TGAGATCAAATACTCA-1,4572,10760,0.141470236369337,-0.364380633766274,0.4316731595043658,False,False,other,0.0161631337853306,-0.182190316883137,MIXED
TGAGCCATACAGTCTC-1,11483,13578,1.1053432316769218,-0.364380633766274,0.4921048458448673,True,False,interface,0.0248434515417942,-0.182190316883137,TUMOR
TGAGCGGAAAGTGTTC-1,14040,10510,-0.8752756507885476,-0.364380633766274,-0.6222887376494476,False,False,other,0.0028495275350557,-0.182190316883137,MIXED
TGAGGAGTGCCAGCTT-1,14633,11302,-0.7623323599633464,-0.364380633766274,-0.4388839814384709,False,False,other,0.0001896824652941,-0.182190316883137,MIXED
TGAGGCATGTACTGTG-1,14253,16972,0.0109584130525112,0.053266835569359,0.022453673746042,False,False,interface,0.010730547938137,0.0266334177846795,MIXED
TGAGGTGTGTGGCGGA-1,17002,11977,-0.3981062575347479,-0.364380633766274,-0.7414221425723585,False,False,other,0.0017210093912253,-0.182190316883137,MIXED
TGAGTAAATTAGCGTA-1,12464,11421,-0.7086283629095925,-0.364380633766274,-0.6239038612675962,False,False,other,0.0027611078544813,-0.182190316883137,MIXED
TGAGTGCCTCTTAAAT-1,12074,13236,1.1717141204969042,-0.364380633766274,-0.0795836956114443,True,False,tumor_core,0.0304380261891118,-0.182190316883137,TUMOR
TGATACATTTAGCCGT-1,14046,13004,0.627050997577331,-0.364380633766274,-0.2808887834327778,True,False,tumor_core,0.0117342935638208,-0.182190316883137,TUMOR
TGATAGCGGGATTCTA-1,8728,16532,0.8803920416899632,1.218588151810288,0.2997592494553576,True,True,interface,0.5181424168632469,0.609294075905144,IMMUNE_EXHAUSTED
TGATCACCACACTGAC-1,16805,12091,-0.1105067819199849,-0.364380633766274,-1.1085100992104997,False,False,other,0.0055519953712149,-0.182190316883137,MIXED
TGATCAGGGAACTGCT-1,11487,15165,-0.1010822801286229,0.2855376108491069,0.420518700213836,False,True,immune_core,0.0081155051046956,0.14276880542455345,MIXED
TGATCGGTTTGACCCT-1,8717,11771,-0.5613839710691078,0.18104301715618,0.6592033092147528,False,True,interface,0.0556639659586185,0.09052150857809,STROMA
TGATCTCCGGCGCCAG-1,8718,12224,0.721747018087025,0.2183807469494675,-0.373895401766751,True,True,interface,0.0194623987864444,0.10919037347473375,TUMOR
TGATTCAGGTCCCGCG-1,12675,16976,-0.3432979479690856,-0.364380633766274,-0.3274263635063455,False,False,other,0.0051171058604857,-0.182190316883137,MIXED
TGATTCCCGGTTACCT-1,15819,12206,-0.490407390683687,-0.364380633766274,-0.230980695571026,False,False,interface,0.0802039254666471,-0.182190316883137,MIXED
TGATTCGTCTATCACT-1,9312,13243,1.4501161977823789,0.1542353659108016,1.4917156833799277,True,True,interface,0.0701745094136575,0.0771176829554008,TUMOR
TGATTCTGTCGCCGGT-1,12665,12894,0.0457617890922597,-0.0298508837942535,0.4909494285756877,False,False,other,0.0040353048705943,-0.01492544189712675,MIXED
TGATTTATTAGCTGTG-1,10695,14033,-0.458410421650908,-0.364380633766274,-0.0700637631098832,False,False,interface,0.114199165692124,-0.182190316883137,MIXED
TGATTTCCTCCTGACG-1,6355,14044,-0.3981062575347479,-0.046066518083886,0.7283384484356503,False,False,other,0.0137073586399334,-0.023033259041943,STROMA
TGCAAGAATGACGTAA-1,9110,11089,0.9901439184014188,0.3183753901099974,0.4993625828985402,True,True,interface,0.0154716468096883,0.1591876950549987,MIXED
TGCACGAGTCGGCAGC-1,4374,10421,-0.4526991704546207,-0.1971157587802638,0.0281218589705285,False,False,other,0.0034007055362358,-0.0985578793901319,MIXED
TGCACTATGTGAGTGC-1,6558,16424,0.4957469135813023,0.727951837322074,0.8529114643804192,False,True,interface,0.1078182954075979,0.363975918661037,IMMUNE_ACTIVE
TGCAGAACTATATCGT-1,11487,15391,-0.389625977777677,-0.364380633766274,0.2647089044975182,False,False,interface,0.0505235520066879,-0.182190316883137,MIXED
TGCAGAGTACCGAGCA-1,10692,12673,-0.274095743585764,-0.0416726540253654,0.1942793561880358,False,False,interface,0.1427186757785559,-0.0208363270126827,MIXED
TGCAGATCGTCCTAGG-1,11488,15845,0.1137836703456816,-0.364380633766274,-0.2981786873869496,False,False,other,0.0218247416441439,-0.182190316883137,MIXED
TGCAGCTACGTACTTC-1,11489,16072,1.2882163310238817,-0.0992720792256356,-0.4488513327231179,True,False,tumor_core,0.0067671794011901,-0.0496360396128178,TUMOR
TGCAGGATCGGCAAAG-1,7922,9505,-0.5131991680602996,-0.1971157587802638,-0.1360718228359424,False,False,interface,0.0531714829713171,-0.0985578793901319,MIXED
TGCATGGATCGGATCT-1,6938,10301,-0.5172251241171374,0.7595423918053169,1.2918268623012954,False,True,immune_core,0.1299929103624844,0.37977119590265845,IMMUNE_ACTIVE
TGCATGTGACCCATAG-1,16611,13565,-0.6462348914393393,-0.364380633766274,-1.1826867971074524,False,False,other,0.0063736851386198,-0.182190316883137,MIXED
TGCCAAAGTCAGACTT-1,11685,15731,-0.1827451632135075,-0.364380633766274,0.3195996471211203,False,False,interface,0.0993017677303614,-0.182190316883137,MIXED
TGCCAATGGGTACTCT-1,13846,11985,-0.8752756507885476,-0.364380633766274,-0.0672574795961693,False,False,other,0.0008510989466355,-0.182190316883137,MIXED
TGCCAGTACGTGGAGA-1,13249,9832,-0.7591781822645406,-0.364380633766274,-0.8234399102670876,False,False,other,4.556034480243843e-05,-0.182190316883137,MIXED
TGCCCGTACCGTTAAA-1,12064,9382,-0.6912655167493418,-0.364380633766274,-0.8848881899169878,False,False,other,3.1526348168133995e-05,-0.182190316883137,MIXED
TGCCGGATGTACGAGC-1,15429,14021,-0.7623323599633464,-0.364380633766274,-0.7360071759986633,False,False,other,0.000570067333333,-0.182190316883137,MIXED
TGCCGTGGATCGTCCT-1,14435,10736,-0.8752756507885476,0.4104096024760243,0.4451162997546253,False,True,immune_core,0.0017781828860001,0.20520480123801216,MIXED
TGCCTGACATCGGTCA-1,6359,15631,0.8141278831793838,0.23099566467978,0.167167569075384,True,True,interface,0.5619594653765045,0.11549783233989,TUMOR
TGCCTGATCAAACGAT-1,7134,9961,-0.8752756507885476,-0.0992720792256356,1.8328538034154944,False,False,interface,0.0892220173235972,-0.0496360396128178,STROMA
TGCGAATATGGGATTT-1,12082,16410,0.7923063538820967,-0.0840655373844583,-0.8418668834577188,True,False,interface,0.0101929126836461,-0.04203276869222915,TUMOR
TGCGACACCCTAGTGC-1,12270,12669,0.1039181108157201,-0.0992720792256356,0.083909785716212,False,False,other,0.0065174919455476,-0.0496360396128178,MIXED
TGCGACGGCCGAACGT-1,15035,14249,0.3465591852425657,-0.364380633766274,-1.1469056839956835,False,False,other,0.0013429564505204,-0.182190316883137,MIXED
TGCGAGAATATTACCC-1,13060,13347,-0.5956850720843913,0.0831993376015518,0.1693434162057598,False,False,other,0.0100893778871068,0.0415996688007759,MIXED
TGCGCAAAGCATTTGG-1,9305,10295,-0.4112106134842844,-0.1971157587802638,0.6665129145218714,False,False,other,0.0426053162849801,-0.0985578793901319,STROMA
TGCGCGATTAACGGAG-1,8523,13245,1.4945261164189765,-0.364380633766274,-0.4851011031969391,True,False,interface,0.0164117337672917,-0.182190316883137,TUMOR
TGCGGAGTAAAGGTGC-1,7529,9960,0.5620251548623519,0.3215002408968119,0.6753797733621659,False,True,interface,0.0748278804499914,0.16075012044840595,STROMA
TGCGGCATAGTTCAAC-1,5561,11778,-0.418490501753381,-0.364380633766274,0.2643722116548589,False,False,interface,0.109020034157076,-0.182190316883137,MIXED
TGCGGGTATTGGGATC-1,3386,9856,-0.8752756507885476,-0.364380633766274,-0.8603098138969637,False,False,other,0.0010221286006808,-0.182190316883137,MIXED
TGCGGTGAAATTTCAT-1,5557,10418,0.0721065494873197,0.3483078921421902,0.4629827756592222,False,True,interface,0.0394863227790083,0.1741539460710951,MIXED
TGCGTAAGAACCTGAT-1,11679,13010,0.5827292917690843,0.4986958433312834,0.234873369013561,False,True,interface,0.0211161937695251,0.2493479216656417,MIXED
TGCGTCATGACTGAGC-1,13657,15499,0.0595458662484866,0.3314309683452731,0.1503677254034573,False,True,interface,1.002172974858492,0.16571548417263654,MIXED
TGCGTGATTGGGTGTC-1,5374,15973,0.830444058873207,1.3201151049815565,-0.2425314858454666,True,True,interface,0.0797249196379383,0.6600575524907782,IMMUNE_EXHAUSTED
TGCGTTTGTTGACACT-1,11472,9270,-0.8752756507885476,-0.364380633766274,-0.0533632103288519,False,False,other,0.000337796060134,-0.182190316883137,MIXED
TGCTATACAAACGGAC-1,4180,11668,-0.1769100511989598,1.2268303121128517,0.6483690451635754,False,True,interface,0.7678925879805719,0.6134151560564258,IMMUNE_EXHAUSTED
TGCTCGGCGAAACCCA-1,14435,10963,-0.7453941051083136,-0.364380633766274,0.9958967662693208,False,False,other,0.0003721906912011,-0.182190316883137,STROMA
TGCTCGGTGGGTCACC-1,16207,9711,-0.8752756507885476,-0.364380633766274,-0.8826307181309355,False,False,other,2.838518004481309e-06,-0.182190316883137,MIXED
TGCTCTTGAGAGTTTG-1,15813,9939,-0.8752756507885476,-0.364380633766274,-1.3519985644742278,False,False,other,2.2086220008290572e-05,-0.182190316883137,MIXED
TGCTGGTTGGACAATT-1,7340,13248,0.4666604099871104,-0.364380633766274,0.1402471631588356,False,False,interface,0.1181995379643976,-0.182190316883137,MIXED
TGCTGTTGAAGAACTC-1,10686,10405,-0.8752756507885476,-0.0992720792256356,-0.4416762121467606,False,False,other,0.0126607865253659,-0.0496360396128178,MIXED
TGCTTAGAGAGAATGC-1,15431,14928,-0.8752756507885476,-0.364380633766274,-1.0951607031463275,False,False,other,0.0054860135199529,-0.182190316883137,MIXED
TGCTTCCCAAGCAGTA-1,15420,10394,-0.8752756507885476,-0.364380633766274,0.503543713194252,False,False,other,9.333949395143658e-05,-0.182190316883137,MIXED
TGCTTGAAACCATGCA-1,4979,15974,1.0444745201120411,0.2811437467905863,0.189297859370655,True,True,interface,0.1026105473932569,0.14057187339529315,TUMOR
TGGAAGAAGGGAACGT-1,10892,13919,0.130617513072455,-0.364380633766274,0.1833159997748525,False,False,interface,0.0721629133898703,-0.182190316883137,MIXED
TGGAAGACGAACACCA-1,5957,12684,0.4475572780173599,0.41934392045144,0.4154616833889824,False,True,interface,0.0462022066763732,0.20967196022572,MIXED
TGGAAGGATAAAGATG-1,7135,10187,-0.7701329185137268,-0.1971157587802638,0.8790370680683284,False,False,other,0.0173750026400298,-0.0985578793901319,STROMA
TGGAATTAGACGCTTT-1,8332,15853,0.2879192177558184,0.23099566467978,0.036970265401103,False,True,interface,0.0524342917062289,0.11549783233989,MIXED
TGGACGCAATCCAGCC-1,14644,15610,1.4169721680820335,-0.0992720792256356,-0.2538979699955532,True,False,interface,0.0998976980558528,-0.0496360396128178,TUMOR
TGGACTGTTCGCTCAA-1,10487,9612,0.274012462457279,-0.364380633766274,0.4112140109451161,False,False,other,0.013015694448489,-0.182190316883137,MIXED
TGGAGCTAAAGTTCCC-1,4373,10194,0.9718284166924188,-0.0371703688918016,-0.5699186363076428,True,False,tumor_core,0.0171536385777732,-0.0185851844459008,TUMOR
TGGAGTGATGCGATGA-1,8918,13244,0.6107307937615245,-0.364380633766274,0.0535785684197732,True,False,interface,0.0680281917708576,-0.182190316883137,TUMOR
TGGCAAACTAAATTAC-1,13050,9039,-0.7701329185137268,-0.364380633766274,-0.3110741175377446,False,False,other,4.981829104222769e-06,-0.182190316883137,MIXED
TGGCAAGCACAAGTCG-1,16212,11525,1.0427678037668913,-0.1971157587802638,-0.61112802151282,True,False,tumor_core,0.0117661451995229,-0.0985578793901319,TUMOR
TGGCAGATTACGATCA-1,11872,11309,-0.7453941051083136,-0.0840655373844583,0.8134718550615471,False,False,other,0.0089109315395073,-0.04203276869222915,STROMA
TGGCAGCAGTAATAGT-1,10885,10972,-0.6571896276885255,-0.1971157587802638,-0.0080392604935361,False,False,other,0.0231128667849609,-0.0985578793901319,MIXED
TGGCATGAAGTTTGGG-1,14252,16518,-0.3228176247743867,-0.364380633766274,0.2301861239130392,False,False,interface,0.0470718594124097,-0.182190316883137,MIXED
TGGCCAATTTGGTACT-1,12871,16635,-0.0041519562341121,-0.1971157587802638,0.1500636242763487,False,False,other,0.0092765920028139,-0.0985578793901319,MIXED
TGGCCGTATATTGACC-1,8327,13585,0.4670855735227178,0.5949555773394106,0.0188716077626148,False,True,interface,0.082927901189948,0.2974777886697053,MIXED
TGGCGACTGCTCCAAA-1,14045,12551,-0.8752756507885476,-0.0992720792256356,-0.2244235201933815,False,False,other,0.0029465186857834,-0.0496360396128178,MIXED
TGGCGATCAAGTTATG-1,13253,11646,-0.7701329185137268,0.2279381856488367,-0.440954063826812,False,True,immune_core,0.0007653355647167,0.11396909282441835,MIXED
TGGCTCTTGTCGCGTA-1,11490,16525,0.2558008430661557,0.0831993376015518,0.082460012116728,False,False,interface,0.0333974028255606,0.0415996688007759,MIXED
TGGCTTTGGGTAGACA-1,6942,12115,1.767370503548508,0.569731871640533,-0.2197777877701893,True,True,interface,0.0118735190460135,0.2848659358202665,MIXED
TGGGAAATGCCTTTCC-1,7738,14834,-0.1388074907351809,-0.364380633766274,-0.8664855852570891,False,False,other,0.0453715977547403,-0.182190316883137,MIXED
TGGGCCACAAGAGCGC-1,6739,9735,-0.5787468172293586,-0.0298508837942535,0.3492656073249351,False,False,other,0.0006879738536662,-0.01492544189712675,MIXED
TGGGCGATACAATAAG-1,16605,10844,-0.3942723586292517,-0.364380633766274,-1.0019091534383595,False,False,other,0.000691172112668,-0.182190316883137,MIXED
TGGTAAGCAGGATTGA-1,11293,16639,0.0818698509843935,-0.364380633766274,0.030934747637302,False,False,other,0.0053801759899964,-0.182190316883137,MIXED
TGGTATCGCATCCCAA-1,4768,10193,1.4509997960375416,0.0831993376015518,-0.2073638845764663,True,False,tumor_core,0.0238827624966203,0.0415996688007759,TUMOR
TGGTATCGGTCTGTAT-1,4573,11214,-0.1031899654960946,-0.1971157587802638,-0.3195313180287203,False,False,interface,0.044468844863607,-0.0985578793901319,MIXED
TGGTCCCACGCTACGG-1,13445,9492,-0.7701329185137268,-0.0840655373844583,-0.4334361429288586,False,False,other,0.0002799454006235,-0.04203276869222915,MIXED
TGGTCGTGCAAGGCAA-1,11294,17092,-0.1147522064673279,-0.364380633766274,-0.2226413305159975,False,False,interface,0.0045342585804763,-0.182190316883137,MIXED
TGGTCTGTTGGGCGTA-1,10499,14600,-0.7701329185137268,-0.364380633766274,0.067491660658081,False,False,interface,0.009735286007166,-0.182190316883137,MIXED
TGGTGATCGTATTTGT-1,8333,16079,-0.096378843849506,0.7464868135700412,0.1608569850016491,False,True,interface,0.0960804734917741,0.3732434067850206,IMMUNE_ACTIVE
TGGTTAACTTACATTT-1,15042,16970,-0.2682247118545139,0.8259061082057557,0.4778984736708221,False,True,interface,0.1084906624658527,0.41295305410287786,IMMUNE_EXHAUSTED
TGGTTCAACGGGTAAT-1,13051,9492,-0.6912655167493418,-0.1971157587802638,-0.629549766880288,False,False,other,0.0003633371939843,-0.0985578793901319,MIXED
TGGTTCGTAGCAAAGG-1,7730,11660,-0.3401633334265506,0.2205317105553692,0.2753731066936598,False,True,interface,0.0771511911860113,0.1102658552776846,MIXED
TGTAATGACCACAATA-1,10306,16301,0.8507958857435761,0.4648398186378038,0.6215975770652905,True,True,immune_core,0.0985118258833459,0.2324199093189019,STROMA
TGTACGAACAAATCCG-1,10688,11312,-0.2686890364154148,-0.0992720792256356,0.5863537908642859,False,False,interface,0.0048979578455314,-0.0496360396128178,MIXED
TGTAGTGATCTATAAT-1,10103,14148,0.8404170163612604,0.8085885239038751,1.2405385110904796,True,True,interface,0.0382275544374695,0.4042942619519376,IMMUNE_EXHAUSTED
TGTATCCTTATTCCAT-1,5167,12233,0.9208723209930072,-0.0840655373844583,-0.5654033386113413,True,False,interface,0.0134736712741445,-0.04203276869222915,TUMOR
TGTCCCGACATAGCAC-1,5362,11439,-0.2941954983390117,-0.1971157587802638,0.930353779928454,False,False,other,0.0003642634076964,-0.0985578793901319,STROMA
TGTCCGTGGCGCCTTT-1,9121,15851,0.276766244644517,0.0239963787515655,0.5694454869619585,False,False,interface,0.0046575335762553,0.01199818937578275,MIXED
TGTCCTAAGTCACCGC-1,9907,14488,0.1206700147168047,-0.0992720792256356,0.7464575274071349,False,False,interface,0.0231157747390318,-0.0496360396128178,STROMA
TGTCGTTATCACATAT-1,15237,16176,-0.6271470168839564,-0.364380633766274,-0.2819395337228371,False,False,other,0.0054287538295083,-0.182190316883137,MIXED
TGTCTACAGTTTCTGT-1,5364,11892,1.065597928613074,-0.364380633766274,0.0016507279803268,True,False,interface,0.3076491996206057,-0.182190316883137,TUMOR
TGTGACTACGCCAGTC-1,7331,9620,1.1038158266064622,-0.364380633766274,1.4380575068700598,True,False,interface,0.2442238184242895,-0.182190316883137,TUMOR
TGTGAGACTAGCCCAA-1,14829,10735,-0.7453941051083136,-0.364380633766274,1.4951755131840794,False,False,other,0.0002910304877415,-0.182190316883137,STROMA
TGTGCTTTACGTAAGA-1,10305,15848,-0.6324508142831123,-0.0992720792256356,-0.52404751314881,False,False,other,0.006044878548137,-0.0496360396128178,MIXED
TGTGGAGGAAGCTTAA-1,3587,11556,-0.2612959316621656,0.414438032356961,-0.1741616655630523,False,True,interface,0.0524863007232515,0.2072190161784805,MIXED
TGTGGCGGGCTTCTGG-1,16014,11186,0.16013475736031,-0.1971157587802638,-1.2535066297678237,False,False,interface,0.0156422399226847,-0.0985578793901319,MIXED
TGTGGTTGCTAAAGCT-1,16017,12319,0.6611114667940363,0.6560496091088805,-1.3372953103153775,True,True,interface,0.2093676095090083,0.3280248045544403,IMMUNE_ACTIVE
TGTGTCGCGAGTTGCA-1,7933,13813,0.4821758306709503,-0.364380633766274,-0.0223300899426267,False,False,interface,0.0378692387021856,-0.182190316883137,MIXED
TGTGTTCGTATCCAAG-1,9318,15510,-0.0138373237145876,0.1255922209606447,-0.3784296165374199,False,False,other,0.0026934708602766,0.06279611048032235,MIXED
TGTTCCGCTTCCATGA-1,10298,12900,-0.5187668128933234,0.5333026597730954,0.5649465700234169,False,True,interface,0.292613949407441,0.2666513298865477,MIXED
TGTTCGTATTGCGGTG-1,12857,10967,-0.8752756507885476,-0.364380633766274,0.1151211614737023,False,False,other,0.000194583170673,-0.182190316883137,MIXED
TGTTCTTCCATTGACT-1,9706,13015,1.4292062872807028,-0.1971157587802638,0.7001950254046589,True,False,interface,0.2748119498576634,-0.0985578793901319,TUMOR
TGTTTCGGTACTTCTC-1,6744,11549,1.683021558754709,-0.0992720792256356,0.1776525445665336,True,False,interface,0.1027229698812399,-0.0496360396128178,TUMOR
TTAAACCGGTAGCGAC-1,4772,12007,-0.2305556715755439,-0.364380633766274,0.0464119760224897,False,False,interface,0.1420432159430916,-0.182190316883137,MIXED
TTAAACCTGGTTCCTT-1,8334,16533,0.8292733081469639,1.0991953209811758,-0.1723078834957258,True,True,interface,0.0152801430768937,0.5495976604905879,IMMUNE_EXHAUSTED
TTAACACCTCGAACAT-1,7937,15400,-0.186222695547594,0.0511158719634572,-1.085934730332379,False,False,interface,0.0411143662539497,0.0255579359817286,MIXED
TTAACCAACCCTCCCT-1,6941,11662,0.4530385260499325,-0.364380633766274,0.6965425095682504,False,False,interface,0.1027824596388786,-0.182190316883137,STROMA
TTAACGTCGCAAGACC-1,5166,11779,0.6198816839419983,-0.1971157587802638,0.2668314293046424,True,False,interface,0.0138265797440484,-0.0985578793901319,TUMOR
TTAACTCACGCGTGGA-1,7939,16307,0.4463277350934948,-0.1971157587802638,0.4664435111244608,False,False,interface,0.0405935090828732,-0.0985578793901319,MIXED
TTAACTTCAGGTAGGA-1,12275,14936,-0.5783222259241404,-0.364380633766274,-0.3416278564543945,False,False,other,0.049202623107494,-0.182190316883137,MIXED
TTAAGCGCCTGACCCA-1,9114,12903,1.223388793105924,0.2975749436517935,-0.1525468029536796,True,True,interface,0.0180698898746054,0.14878747182589674,TUMOR
TTAAGGCCCGTACTTT-1,14840,15043,0.8806630936045972,-0.364380633766274,-0.4106996155915416,True,False,other,0.0198976465205579,-0.182190316883137,TUMOR
TTAATGCGAGGTAACT-1,3978,9968,0.20624588439763,-0.1971157587802638,-0.3081416598535563,False,False,interface,0.0020494418515207,-0.0985578793901319,MIXED
TTAATGTAGACCAGGT-1,9107,10182,-0.8752756507885476,0.2279381856488367,0.3796113338099109,False,True,immune_core,0.0154811550363026,0.11396909282441835,MIXED
TTAATTGCTTTGGGTG-1,15417,9260,-0.7453941051083136,-0.0416726540253654,-0.6518882394119433,False,False,other,0.001337645468121,-0.0208363270126827,MIXED
TTAATTTCAGACGCGG-1,6543,10075,-0.3063972566444811,-0.0298508837942535,0.1863864275192627,False,False,interface,0.0250057531295816,-0.01492544189712675,MIXED
TTACAACTACGCATCC-1,7928,11999,0.0154233426286969,-0.1971157587802638,1.0817005288830397,False,False,interface,0.0517689012919423,-0.0985578793901319,STROMA
TTACATCGTGGCCTGG-1,7144,13815,-0.6540354499897197,-0.364380633766274,0.1802918605468585,False,False,other,0.0618715722319571,-0.182190316883137,MIXED
TTACCATTGATTACCC-1,9908,14715,0.9913202591399376,0.3783261368379297,-0.3188376085828188,True,True,tumor_core,0.0315356176945084,0.18916306841896485,MIXED
TTACCCTAACAGTCCT-1,7936,15173,-0.2381552156942647,-0.364380633766274,-0.5574726499692111,False,False,other,0.0260855856332001,-0.182190316883137,MIXED
TTACCCTAGGGATTGG-1,15028,11301,-0.8752756507885476,-0.364380633766274,-0.1982770933607759,False,False,other,0.0024456877689631,-0.182190316883137,MIXED
TTACCGCCTTAGGGAA-1,5373,15520,-0.330193592019549,0.3043114751333812,-0.3498861006364185,False,True,interface,1.19153435658784,0.1521557375666906,MIXED
TTACTAAAGGACTTTA-1,12655,9040,-0.6540354499897197,-0.364380633766274,-0.6020077066376645,False,False,other,0.0002142885801358,-0.182190316883137,MIXED
TTACTATCGGCTTCTC-1,9911,16076,0.8395822895034402,0.4104096024760243,-0.2160070495117419,True,True,tumor_core,0.1105317184114765,0.20520480123801216,MIXED
TTACTCTGGTACGTAC-1,11682,14371,-0.6402513728334929,0.23099566467978,0.0720533792308354,False,True,immune_core,0.0200413106099117,0.11549783233989,MIXED
TTACTGGGATATTTCA-1,11873,11763,-0.6161922806347702,-0.1971157587802638,0.0089611980997682,False,False,other,0.0090403786346719,-0.0985578793901319,MIXED
TTACTGTTTCTCTACG-1,3584,10196,-0.4521309060804329,-0.1971157587802638,-1.207002033916904,False,False,interface,0.0129421269452912,-0.0985578793901319,MIXED
TTAGAAGAACATGACT-1,13448,10625,-0.7623323599633464,-0.0840655373844583,-0.293257443310616,False,False,other,0.0004690503324027,-0.04203276869222915,MIXED
TTAGAATAAGGGTCGG-1,15229,12775,-0.7453941051083136,-0.364380633766274,-1.0951607031463275,False,False,other,0.0002967759925774,-0.182190316883137,MIXED
TTAGACGAGTCACCTC-1,12655,8813,-0.6540354499897197,-0.364380633766274,-0.4332380758257793,False,False,other,0.0001617939996605,-0.182190316883137,MIXED
TTAGATAGGTCGATAC-1,5767,15519,-0.0778975701742109,0.7369967466265432,0.1498077223309158,False,True,interface,0.3401440536795855,0.3684983733132716,IMMUNE_ACTIVE
TTAGCAACATGGATGT-1,7146,14722,0.7697603540347725,1.0534667759947216,-0.7526288000843604,True,True,immune_core,0.0386449796853079,0.5267333879973608,IMMUNE_EXHAUSTED
TTAGCTCTGTAATCCG-1,9319,16190,0.3997031615176008,0.4059073173424605,-0.5910098106665943,False,True,other,0.0248773659247921,0.20295365867123025,MIXED
TTAGGTCATAACCGAC-1,14639,13570,-0.5410921591645185,-0.364380633766274,-0.2545652029728137,False,False,other,0.0013170127033485,-0.182190316883137,MIXED
TTAGTAGGGCGGCGGG-1,9908,14942,0.8703730234990761,-0.364380633766274,-0.8736961036688855,True,False,interface,0.0200036283848361,-0.182190316883137,TUMOR
TTATAGATGCACATTA-1,4180,11895,-0.4594223018487726,0.2205317105553692,0.2787504351041948,False,True,interface,0.4733231185125863,0.1102658552776846,MIXED
TTATAGGTAATTGTCT-1,15221,9601,-0.5851377896323362,-0.364380633766274,-0.391270843262412,False,False,other,0.0008491292988266,-0.182190316883137,MIXED
TTATATACGCTGTCAC-1,10684,9498,-0.7591781822645406,-0.0371703688918016,0.0261357539255367,False,False,other,0.001366451782766,-0.0185851844459008,MIXED
TTATATTTGGCAATCC-1,8319,10638,1.229134470816147,-0.1971157587802638,1.1864756272413275,True,False,interface,0.0646681305233912,-0.0985578793901319,TUMOR
TTATCCAATCGAACTC-1,5764,14158,-0.4371813999687822,-0.0992720792256356,0.2845668773342017,False,False,other,0.0678269819282388,-0.0496360396128178,MIXED
TTATCCTCAAGGAATA-1,13461,15840,-0.1720876258534782,-0.364380633766274,0.2060749633942366,False,False,interface,0.0344543342823661,-0.182190316883137,MIXED
TTATCGCCTGCGAAGC-1,8530,15966,0.2501574250988305,-0.0840655373844583,0.4159049600693207,False,False,other,0.0491614745769045,-0.04203276869222915,MIXED
TTATCTGACATTAGGA-1,12280,16977,0.0802634746091098,-0.364380633766274,-0.1588407436619188,False,False,other,0.004390855899666,-0.182190316883137,MIXED
TTATCTGTATCATAAC-1,7531,11093,0.8142404474334244,0.2471731573709508,0.7107178953247943,True,True,interface,0.3245168832406098,0.1235865786854754,TUMOR
TTATGAATGAAAGGGA-1,11279,10744,-0.3981062575347479,-0.0992720792256356,-0.1368495604487715,False,False,other,0.0005972149301597,-0.0496360396128178,MIXED
TTATGACAAACTGGAT-1,8525,13925,0.0991642205163758,-0.364380633766274,0.634030513449843,False,False,interface,0.0410956579767114,-0.182190316883137,STROMA
TTATGTTTGCGATAGA-1,8332,15626,0.6714887774412309,0.5037509968970886,-0.2878419329214717,True,True,interface,0.1138100588676856,0.2518754984485443,MIXED
TTATTAGAGCGTGTTC-1,12263,9948,-0.7623323599633464,-0.364380633766274,0.1261457319926745,False,False,other,0.000199862503165,-0.182190316883137,MIXED
TTATTAGGGAAGCATC-1,6151,11210,0.8059086725806995,-0.364380633766274,0.2857127114411078,True,False,interface,0.0526594264869561,-0.182190316883137,TUMOR
TTCAAAGTCTCTAGCC-1,10092,9386,-0.7591781822645406,-0.364380633766274,0.2593008124896571,False,False,other,0.0006446241889686,-0.182190316883137,MIXED
TTCAACGACCCGACCG-1,7140,12455,1.555583672256173,-0.364380633766274,-0.1845763668583697,True,False,interface,0.0103458185235794,-0.182190316883137,TUMOR
TTCACGAAAGGATCAC-1,10689,11766,1.30741105540374,-0.046066518083886,0.3941512938510254,True,False,interface,0.0063166280933548,-0.023033259041943,TUMOR
TTCACTCGAGCACCTA-1,14038,10057,-0.7322897491587772,-0.0371703688918016,0.1557683342995017,False,False,other,0.000334801333927,-0.0185851844459008,MIXED
TTCACTTCCTAGAACG-1,16411,12092,0.4817722483230119,-0.0992720792256356,-1.1601114282293317,False,False,other,0.0102977261354754,-0.0496360396128178,MIXED
TTCAGGCGTCAAAGCC-1,11094,16073,1.0247831573141204,0.0511158719634572,-0.2975134562673807,True,False,tumor_core,0.007835931348382,0.0255579359817286,TUMOR
TTCCAATCTGGCTATC-1,12664,12668,-0.5564749805244735,-0.364380633766274,0.5447254940392531,False,False,other,0.0061011077834341,-0.182190316883137,MIXED
TTCCACACAGATTTGA-1,13059,12667,-0.6271470168839564,-0.364380633766274,-0.0893922970427771,False,False,other,0.0001993927216909,-0.182190316883137,MIXED
TTCCCGGCGCCAATAG-1,12279,16523,1.0064557345570433,-0.0416726540253654,0.6610979636254454,True,False,interface,0.013600999682328,-0.0208363270126827,TUMOR
TTCCGCGTGAGGCGAT-1,12265,10628,-0.5713537124761092,-0.364380633766274,-0.1596303939604416,False,False,other,2.2248292831583415e-05,-0.182190316883137,MIXED
TTCCGGCCTTGAGGCT-1,13848,12892,0.6008925852722463,-0.364380633766274,-0.594495857077585,True,False,tumor_core,0.0069106030016296,-0.182190316883137,TUMOR
TTCCTCGAGGGTGTCT-1,7337,12341,1.5834063145845183,0.3314309683452731,0.0735671277922033,True,True,tumor_core,0.0052560468037109,0.16571548417263654,MIXED
TTCCTCTGCCCGAATA-1,10108,16188,0.5662650146686096,-0.1971157587802638,0.7383864131721322,False,False,interface,0.0465531267958013,-0.0985578793901319,STROMA
TTCCTTTCTGTGTTGC-1,5371,15066,1.2669131177922253,-0.364380633766274,-0.7371479105986956,True,False,interface,0.3267429563914908,-0.182190316883137,TUMOR
TTCGACAGAGCCCGTG-1,13447,10172,-0.8752756507885476,-0.364380633766274,-0.44205035306384,False,False,other,0.0001056915467586,-0.182190316883137,MIXED
TTCGACGGGAAGGGCG-1,7930,12906,0.3086981576310434,-0.0371703688918016,0.2833423893140288,False,False,interface,0.0036769238020346,-0.0185851844459008,MIXED
TTCGCACTCGCGTGCT-1,8127,12792,0.934248329806946,0.23099566467978,0.6286566902411049,True,True,immune_core,0.0072244306912238,0.11549783233989,TUMOR
TTCGCACTGTACGACA-1,15225,11188,-0.6402513728334929,0.18104301715618,-0.6081009268890888,False,True,immune_core,0.0019023239947297,0.09052150857809,MIXED
TTCGCATCCGGAAGCA-1,5373,15747,1.407616171234639,2.059060631077637,-0.0963069875158352,True,True,interface,0.5827144112439112,1.0295303155388185,IMMUNE_EXHAUSTED
TTCGCCGCTCGCGCTA-1,14450,16858,-0.3403447847019396,-0.364380633766274,0.5354355686613264,False,False,other,0.0276615937563149,-0.182190316883137,MIXED
TTCGCGCGCCATACGA-1,14834,12549,-0.7701329185137268,-0.364380633766274,-1.1098639573051778,False,False,other,0.0007979398011663,-0.182190316883137,MIXED
TTCGGCTAGAGATGGT-1,6753,15176,-0.5911220378477389,1.5786794815720555,-0.2573623129528949,False,True,immune_core,1.170756040501373,0.7893397407860278,IMMUNE_EXHAUSTED
TTCGGGACTAATCGCG-1,10290,9726,-0.0804002420660826,-0.364380633766274,-0.2189709860197992,False,False,other,0.0036467907865417,-0.182190316883137,MIXED
TTCGGGCGCTAGTCTT-1,14047,13685,1.843219867223884,-0.1971157587802638,-1.0708889909090618,True,False,interface,0.0447099415710412,-0.0985578793901319,TUMOR
TTCGGTACTGTAGAGG-1,16407,10731,-0.2822008461620826,-0.364380633766274,-0.7269107048344606,False,False,other,0.0022684493739931,-0.182190316883137,MIXED
TTCGTACTCCAGAACG-1,8921,14604,1.058961709836163,0.5778900400336092,0.4537003900992732,True,True,interface,0.0412673893595764,0.2889450200168046,MIXED
TTCTACTTGCGAGGGC-1,7539,14267,-0.1353631175514539,-0.0371703688918016,-0.3381834395720255,False,False,other,0.0256129944611141,-0.0185851844459008,MIXED
TTCTAGAAAGTCTTAT-1,15031,12662,-0.8752756507885476,-0.364380633766274,-0.964867426747854,False,False,other,0.0004561501163764,-0.182190316883137,MIXED
TTCTAGGCCAATTGTG-1,7536,12907,1.3160147935350612,-0.0840655373844583,0.2354411334528321,True,False,tumor_core,0.0043469816171299,-0.04203276869222915,TUMOR
TTCTATTAAACGCAGC-1,16409,11638,-0.2744002876117021,-0.046066518083886,-0.7896705267748659,False,False,other,0.0112940508133828,-0.023033259041943,MIXED
TTCTCTTACAGGTGAT-1,15436,16969,-0.5273080820082915,-0.364380633766274,-0.2635809553127845,False,False,other,0.0525010513626237,-0.182190316883137,MIXED
TTCTGCCGCGCCTAGA-1,12855,10060,-0.7322897491587772,-0.0992720792256356,-0.3253925953568483,False,False,other,0.0002411625228075,-0.0496360396128178,MIXED
TTCTGCGAGCGCCCTT-1,9713,15963,0.8235006436217296,-0.364380633766274,-0.1589507965264258,True,False,interface,0.0474885412090828,-0.182190316883137,TUMOR
TTCTGTTTCCTGTCGC-1,7150,16536,0.8523223271437986,0.6082455905900155,0.1714018345974114,True,True,interface,0.0937457948974278,0.30412279529500774,IMMUNE_ACTIVE
TTCTTAGTGAACGGTG-1,6750,14043,-0.6571896276885255,0.4104096024760243,0.1853571917702862,False,True,immune_core,0.0742331491344578,0.20520480123801216,MIXED
TTCTTAGTGGCTCAGA-1,6545,10982,1.8117291688521504,0.7469274740750044,1.0332343948366722,True,True,interface,0.0974889550097211,0.3734637370375022,IMMUNE_ACTIVE
TTCTTCCCTTTGATAT-1,3584,9969,0.0939361475307501,-0.1971157587802638,-1.0022005117902584,False,False,interface,0.0003844430349188,-0.0985578793901319,MIXED
TTCTTGAGCCGCGCTA-1,12468,13235,-0.3942723586292517,0.6518960476335627,0.2914199720429214,False,True,other,0.0654898059382641,0.32594802381678134,IMMUNE_ACTIVE
TTCTTGGACGATCTGC-1,13457,14253,0.7729260648129331,0.2504642125875622,1.0606790636208354,True,True,interface,0.3710812927713727,0.1252321062937811,TUMOR
TTCTTGTAACCTAATG-1,7736,13927,-0.4526991704546207,-0.1971157587802638,-0.1950688819278185,False,False,other,0.0258672654657571,-0.0985578793901319,MIXED
TTGAACGAATCCTTTG-1,6951,15516,0.7297116896136379,2.213034983915428,-1.4956412369368737,True,True,interface,0.4247855141003762,1.106517491957714,IMMUNE_EXHAUSTED
TTGAAGAATTCCCAGG-1,9507,12222,0.0169936958957193,0.1300945060942085,1.211392335673248,False,False,interface,0.053665925771907,0.06504725304710425,STROMA
TTGAAGGATGGGCGCC-1,15435,16515,-0.7322897491587772,-0.0840655373844583,-0.2716192860466436,False,False,other,0.0009000522293409,-0.04203276869222915,MIXED
TTGAATATGGACTTTC-1,9894,9274,-0.8752756507885476,-0.364380633766274,0.1050201610175222,False,False,other,0.0014636399716597,-0.182190316883137,MIXED
TTGAATCGTTGTATAA-1,12674,16749,-0.3222654254999086,0.0831993376015518,-0.0788603112298383,False,False,other,0.0135914474036859,0.0415996688007759,MIXED
TTGACATGAACGTGGA-1,11879,14257,-0.6271470168839564,-0.1971157587802638,0.3806916911193744,False,False,other,0.005708706835595,-0.0985578793901319,MIXED
TTGACCGTGTTAATGA-1,13062,14027,-0.159491230761454,0.2183807469494675,0.0504954419222265,False,True,immune_core,0.0020161341209147,0.10919037347473375,MIXED
TTGACGATTCAGCACG-1,4970,12120,0.5895034486854207,0.0799082823849405,0.4756334532169387,True,False,interface,0.004487324138026,0.03995414119247025,MIXED
TTGACTACCATATGGT-1,11679,13237,1.086123971222325,-0.0416726540253654,-0.1887647442499516,True,False,interface,0.0090861117127282,-0.0208363270126827,TUMOR
TTGAGAGTACTGCTAA-1,11877,13577,0.0691767647656986,-0.0992720792256356,0.4114777728023999,False,False,interface,0.0201770754342538,-0.0496360396128178,MIXED
TTGATCTAACTTTGTC-1,8916,12564,0.8710354065785489,-0.0992720792256356,-0.3060417869175679,True,False,interface,0.009222312346814,-0.0496360396128178,TUMOR
TTGATTAGCTGTTTCT-1,12667,14028,-0.2565219428413308,-0.1971157587802638,0.3260412754887438,False,False,other,0.0017336433805805,-0.0985578793901319,MIXED
TTGATTATGCAGATGA-1,8525,14152,-0.3382142434511495,-0.0840655373844583,0.1684767490888915,False,False,other,0.0093337826743177,-0.04203276869222915,MIXED
TTGCACAATTCAGAAA-1,11675,11423,-0.3225768871444722,-0.364380633766274,0.1989673537190181,False,False,other,0.0134658621735475,-0.182190316883137,MIXED
TTGCACGGAGCAGCAC-1,7335,11207,1.4996646215228095,-0.364380633766274,0.0603728007219935,True,False,interface,0.0322921566040134,-0.182190316883137,TUMOR
TTGCATGCTGATCACG-1,11286,13918,0.5893481128065586,0.23099566467978,0.0250602911191765,True,True,interface,0.0083920399940019,0.11549783233989,MIXED
TTGCCATAGCCCGCTC-1,13854,15159,0.1468833163222906,2.8711412067634012,0.5807704818999752,False,True,interface,1.6231852075644737,1.4355706033817006,IMMUNE_EXHAUSTED
TTGCCCTGATCACGGG-1,10300,14034,0.0752838369900785,-0.1971157587802638,0.4898074036766737,False,False,interface,0.0797198013038194,-0.0985578793901319,MIXED
TTGCCGCAGACCTACA-1,15433,15835,-0.7623323599633464,0.0831993376015518,-1.230931260889703,False,False,other,0.0011482004060914,0.0415996688007759,MIXED
TTGCGGCATCAGAAAG-1,13651,12779,-0.5533208028256679,-0.364380633766274,-0.4265379478054878,False,False,other,0.0025405712273523,-0.182190316883137,MIXED
TTGCGGCGACTCATGC-1,3585,10423,-0.1083017802316111,-0.0840655373844583,-1.012554684038392,False,False,other,0.007801447957198,-0.04203276869222915,MIXED
TTGCGTAGTTTGAGGA-1,8135,15740,0.4752075314404512,-0.0371703688918016,0.4345405832307403,False,False,interface,0.0541814698071951,-0.0185851844459008,MIXED
TTGCGTCGGCCAACCG-1,13257,13233,-0.3942723586292517,-0.0840655373844583,0.2792157277357529,False,False,interface,0.003648805121749,-0.04203276869222915,MIXED
TTGCTCCCATACCGGA-1,7528,9733,1.1450035428643697,0.0637307896937697,0.3260134853616749,True,False,interface,0.0488762450678154,0.03186539484688485,TUMOR
TTGCTGAAGGAACCAC-1,6941,11435,0.0102179605532653,0.3440458860755854,0.1225952191141512,False,True,interface,0.0474206900310804,0.1720229430377927,MIXED
TTGCTGATCATGTTCG-1,9702,11428,1.2619121945952858,-0.1971157587802638,1.3824244232833374,True,False,interface,0.0071563752420969,-0.0985578793901319,TUMOR
TTGCTGCACCTATCCA-1,7543,15628,1.109985311763358,0.5582059295542524,0.4757978218252084,True,True,interface,0.8576726024578875,0.2791029647771262,MIXED
TTGGAAGAATACAGTC-1,13065,15161,0.2911620943519953,-0.1971157587802638,-0.0424452670601177,False,False,interface,0.3043112294933248,-0.0985578793901319,MIXED
TTGGACATGTGGCTTA-1,11288,14598,0.1988203740725752,-0.364380633766274,-0.5561187918745331,False,False,interface,0.0037990972934778,-0.182190316883137,MIXED
TTGGATATCGTCTACG-1,12662,11988,-0.7453941051083136,-0.364380633766274,-0.4916338205913266,False,False,other,0.0014814333432827,-0.182190316883137,MIXED
TTGGATCGACTTCTGG-1,5164,11099,-0.3323627748761701,-0.1971157587802638,0.8154676419972399,False,False,interface,0.0007093395229452,-0.0985578793901319,STROMA
TTGGATTGGGTACCAC-1,6547,11662,1.3418938263716584,0.5366948626318555,-0.0825912286820531,True,True,interface,0.0554572759630641,0.26834743131592775,MIXED
TTGGCCATCTTGCGCT-1,6556,15517,-0.3335316233936584,-0.1971157587802638,-0.0962710398378306,False,False,interface,1.1602397281975023,-0.0985578793901319,MIXED
TTGGCTCGCATGAGAC-1,7735,13700,-0.2542899269825017,-0.0992720792256356,0.2410834676488668,False,False,other,0.0025300229465432,-0.0496360396128178,MIXED
TTGGGAAGACGAGCCG-1,16604,10617,-0.6962647701225597,-0.364380633766274,-0.8940475940874829,False,False,other,0.000357250300171,-0.182190316883137,MIXED
TTGGGACACTGCCCGC-1,8712,9957,-0.3864718000788714,1.0836081876529269,1.7298135154011889,False,True,interface,0.2411956531487243,0.5418040938264634,IMMUNE_EXHAUSTED
TTGGTCACACTCGTAA-1,12664,12441,-0.2012545243696602,-0.0992720792256356,0.0882764549918903,False,False,other,0.0060303151027842,-0.0496360396128178,MIXED
TTGGTTGCGGTGCGCG-1,13657,15273,0.0767911004687427,2.5107954590518182,1.561502896421329,False,True,interface,1.8033867064918336,1.2553977295259091,IMMUNE_EXHAUSTED
TTGTAAGGACCTAAGT-1,12273,14256,-0.6271470168839564,-0.0840655373844583,0.4494552561979774,False,False,other,0.0019567042387269,-0.04203276869222915,MIXED
TTGTAATCCGTACTCG-1,10097,11654,1.3332725325746482,0.1300945060942085,0.8595257382948355,True,False,interface,0.0164374810403061,0.06504725304710425,TUMOR
TTGTCGTTCAGTTACC-1,7532,11320,0.940608386975436,-0.364380633766274,1.2477605690958702,True,False,interface,0.0911097990821363,-0.182190316883137,TUMOR
TTGTGAGGCATGACGC-1,11687,16411,0.5326940544574964,0.3314309683452731,-0.2621096194028869,False,True,other,0.0453541611737239,0.16571548417263654,MIXED
TTGTGCAGCCACGTCA-1,15023,9488,-0.7591781822645406,-0.364380633766274,-0.6974322547783885,False,False,other,5.150170096025183e-05,-0.182190316883137,MIXED
TTGTGGCCCTGACAGT-1,6742,11095,1.0515829582958791,-0.364380633766274,0.4583410847883351,True,False,interface,0.0905714074381306,-0.182190316883137,TUMOR
TTGTGGTAGGAGGGAT-1,13064,14707,-0.5925308943855855,0.500846806937185,1.091663262295872,False,True,interface,0.0623811642233753,0.2504234034685925,STROMA
TTGTGTATGCCACCAA-1,14238,11077,-0.8752756507885476,0.3314309683452731,-0.2418020286452516,False,True,immune_core,0.0034343756210187,0.16571548417263654,MIXED
TTGTGTTTCCCGAAAG-1,13252,11192,-0.7701329185137268,-0.364380633766274,-0.9868634140150424,False,False,other,0.0001411180112473,-0.182190316883137,MIXED
TTGTTAGCAAATTCGA-1,7537,13134,-0.5564749805244735,-0.0992720792256356,0.3554215124242846,False,False,other,0.0110837842997438,-0.0496360396128178,MIXED
TTGTTCAGTGTGCTAC-1,7925,10639,1.308380177406098,-0.364380633766274,0.4447597442827211,True,False,interface,0.1595120656762844,-0.182190316883137,TUMOR
TTGTTTCACATCCAGG-1,14638,13116,-0.7591781822645406,-0.364380633766274,-0.4124761194118873,False,False,other,0.0002049276628985,-0.182190316883137,MIXED
TTGTTTCATTAGTCTA-1,15036,14476,0.524301140921454,-0.364380633766274,-0.5673584226740271,False,False,other,0.0122773859513984,-0.182190316883137,MIXED
TTGTTTCCATACAACT-1,12078,14823,-0.0118393851238381,-0.1971157587802638,-0.1687897981309364,False,False,other,0.0049882769628476,-0.0985578793901319,MIXED
TTGTTTGTGTAAATTC-1,4575,12121,0.2432366441175316,-0.364380633766274,0.1335996809037916,False,False,interface,0.2089944722025407,-0.182190316883137,MIXED
