spot,x,y,tumor_score,immune_score,stroma_score,is_tumor,is_immune,region,coexact_energy,exhaustion_score,state
AAACAACGAATAGTTC-1,2726,17407,-0.6663152273065707,-0.320427463552867,2.067255579250719,False,False,other,0.0008547194267755,-0.1602137317764335,STROMA
AAACAAGTATCTCCCA-1,12591,7699,0.2194126642960057,-0.0538203147789063,0.087488591603841,False,False,interface,0.0150785740201348,-0.02691015738945315,MIXED
AAACAATCTACTAGCA-1,3324,14354,-0.8130148728374643,-0.320427463552867,-0.4376200455144547,False,False,other,0.0001248158563394,-0.1602137317764335,MIXED
AAACACCAATAACTGC-1,14342,17093,0.4377714277797451,-0.320427463552867,0.2176935300451226,True,False,tumor_core,0.0111374668613692,-0.1602137317764335,MIXED
AAACAGAGCGACTCCT-1,5502,8588,-0.8002963608025098,-0.320427463552867,-0.4998914938025068,False,False,other,0.0029629179790437,-0.1602137317764335,MIXED
AAACAGCTTTCAGAAG-1,11190,18218,1.0459620810050554,-0.320427463552867,-0.6378992199319686,True,False,interface,0.0118280823051487,-0.1602137317764335,TUMOR
AAACAGGGTCTATATT-1,11978,17767,1.3183760924749843,-0.320427463552867,-0.5298417347410346,True,False,interface,0.0207326632267601,-0.1602137317764335,TUMOR
AAACATTTCCCGGATT-1,14755,8269,0.1682500236382711,0.3574529404143807,-0.7246544768844247,False,True,interface,0.033546199797083,0.17872647020719035,MIXED
AAACCCGAACGAAATC-1,11610,6226,0.1565766741522793,0.1892425577380367,-0.2362172302267202,False,True,immune_core,0.0109326598122362,0.09462127886901835,MIXED
AAACCGGGTAGGTACC-1,10998,16068,0.2126661624708475,-0.320427463552867,-0.7246544768844247,False,False,interface,0.0163647539464941,-0.1602137317764335,MIXED
AAACCGTTCGTCCAGG-1,12970,14488,1.426287563089979,-0.1522170808765231,-0.6176110422308293,True,False,tumor_core,0.0166517862083035,-0.07610854043826155,TUMOR
AAACCTAAGCAGCCGG-1,15539,9855,-0.551905727066526,-0.320427463552867,-0.518380133344276,False,False,other,0.001171917599234,-0.1602137317764335,MIXED
AAACCTCATGAAGTTG-1,10011,17084,0.3532396345829137,-0.320427463552867,0.1265075451885612,False,False,other,0.003502768464903,-0.1602137317764335,MIXED
AAACGAAGAACATACC-1,3920,11979,-0.5517190384614572,-0.320427463552867,-0.4680519259883473,False,False,other,0.0008767911979689,-0.1602137317764335,MIXED
AAACGAAGATGGAGTA-1,14141,18790,0.4957122969935287,0.2339794873086786,-0.5138982656858294,True,True,interface,0.0067756114732536,0.1169897436543393,MIXED
AAACGAGACGGTTGAT-1,9632,10294,0.1435708649454418,-0.1522170808765231,0.1538049425496738,False,False,interface,0.0387827971885826,-0.07610854043826155,MIXED
AAACGGGCGTACGGGT-1,15541,8950,-0.39523405558428,0.5740368654619201,0.3532931169923946,False,True,immune_core,0.0163536552044528,0.28701843273096006,MIXED
AAACGGGTTGGTATCC-1,2925,16615,-0.9913531565245204,-0.320427463552867,-0.3758302367617674,False,False,other,0.0006006185253449,-0.1602137317764335,MIXED
AAACGGTTGCGAACTG-1,15927,12571,-0.5758671883626482,0.3852869852616737,0.2636452238814766,False,True,immune_core,0.0296503309010707,0.19264349263083685,MIXED
AAACGTGTTCGCCCTA-1,5508,5873,-0.9913531565245204,-0.320427463552867,-0.5216100624583638,False,False,other,0.0039700907639708,-0.1602137317764335,MIXED
AAACTAACGTGGCGAC-1,4325,6775,0.4779246232240601,-0.320427463552867,0.4374535640036989,True,False,interface,0.0231259297456272,-0.1602137317764335,MIXED
AAACTCGGTTCGCAAT-1,15733,11326,0.1354928845905819,-0.320427463552867,0.3788122041771805,False,False,interface,0.0718195704173078,-0.1602137317764335,MIXED
AAACTCGTGATATAAG-1,7278,6443,-0.6722624555044977,-0.320427463552867,0.018915140309354,False,False,other,0.0060193228903329,-0.1602137317764335,MIXED
AAACTGCTGGCTCCAA-1,11598,11656,-0.209499865798799,-0.320427463552867,0.1325852189879875,False,False,other,0.0206741869432673,-0.1602137317764335,MIXED
AAACTTGCAAACGTAT-1,11586,17087,0.0292989186446804,0.7418428290743384,1.9539021978003843,False,True,interface,0.1334033496458694,0.3709214145371692,IMMUNE_ACTIVE
AAAGACCCAAGTCGCG-1,4703,13791,-0.4823858928304737,-0.320427463552867,-0.4121221863127121,False,False,other,0.0034305492057923,-0.1602137317764335,MIXED
AAAGACTGGGCGCTTT-1,8435,17533,-0.3838516359930189,-0.320427463552867,-0.0524694009904747,False,False,other,0.007019840914931,-0.1602137317764335,MIXED
AAAGCTTGCCTACATA-1,7871,5426,-0.6518700718543425,-0.320427463552867,-0.7246544768844247,False,False,other,0.0013161308433167,-0.1602137317764335,MIXED
AAAGGCTACGGACCAT-1,14941,13135,-0.209499865798799,-0.320427463552867,-0.0021912296000265,False,False,interface,0.0561742233417178,-0.1602137317764335,MIXED
AAAGGCTCTCGCGCCG-1,13563,13018,0.4372578012614965,-0.0326276614652821,-0.4847451073568881,True,False,interface,0.0523844954095204,-0.01631383073264105,MIXED
AAAGGGATGTAGCAAG-1,7463,12213,-0.225532556323905,-0.320427463552867,-0.3812966690358911,False,False,interface,0.106993660121532,-0.1602137317764335,MIXED
AAAGGGCAGCTTGAAT-1,7454,16286,-0.7502663224384395,-0.1522170808765231,0.5434498637649974,False,False,other,0.0071004041476902,-0.07610854043826155,MIXED
AAAGGTAAGCTGTACC-1,4717,7229,-0.7368286059855409,-0.320427463552867,-0.6546329958490664,False,False,other,0.0003063430325471,-0.1602137317764335,MIXED
AAAGTAGCATTGCTCA-1,12769,16185,1.070954174000009,0.2321728077834345,0.5101385958538348,True,True,interface,0.0234923001492695,0.11608640389171725,TUMOR
AAAGTCACTGATGTAA-1,4704,13338,-0.7234727269165546,-0.0326276614652821,-0.342100705277354,False,False,other,0.0013537413770952,-0.01631383073264105,MIXED
AAAGTCGACCCTCAGT-1,10010,17536,-0.3703652371884094,-0.1522170808765231,1.3746282206517495,False,False,other,0.0031938798020944,-0.07610854043826155,STROMA
AAAGTGTGATTTATCT-1,11408,8601,1.1006414099877506,0.4003831904597785,-0.325366929360256,True,True,interface,0.0221464156465,0.20019159522988925,MIXED
AAAGTTGACTCCCGTA-1,11014,8374,0.5455062335555442,0.2884100493568959,-0.6378992199319686,True,True,interface,0.0192976516668689,0.14420502467844795,MIXED
AAATAACCATACGGGA-1,5500,9267,-0.4761837707883322,-0.320427463552867,-0.3379933095998376,False,False,other,0.0020541575293295,-0.1602137317764335,MIXED
AAATAAGGTAGTGCCC-1,8854,6220,-0.0160696580232658,-0.1522170808765231,-0.1325044536817202,False,False,other,0.00098926033036,-0.07610854043826155,MIXED
AAATACCTATAAGCAT-1,11992,11431,0.3357960364931226,0.3366660219965708,-0.0621458824937655,False,True,interface,0.0043125133733717,0.1683330109982854,MIXED
AAATAGCTTAGACTTT-1,9836,7240,0.7703368637385687,0.3037931038874057,-0.0254610190281251,True,True,interface,0.0102474343342208,0.15189655194370286,MIXED
AAATAGGGTGCTATTG-1,13176,10302,0.0111452152163917,-0.0538203147789063,-0.4998914938025068,False,False,interface,0.0182738759283972,-0.02691015738945315,MIXED
AAATCCGATACACGCC-1,15540,9402,-0.6924714557944238,0.1355827212110617,-0.3564819491416067,False,False,other,0.0257394219105399,0.06779136060553086,MIXED
AAATCGCGGAAGGAGT-1,13945,18676,0.4842393614172109,-0.320427463552867,-0.0874078262975738,True,False,interface,0.0079616853059335,-0.1602137317764335,MIXED
AAATCGTGTACCACAA-1,11398,12901,1.3469711756856364,0.4566204320332398,-0.2368121342484299,True,True,interface,0.0848378726869787,0.2283102160166199,MIXED
AAATCTAGCCCTGCTA-1,13181,7813,0.4991455454994816,0.1355827212110617,0.4608709415275693,True,False,interface,0.0095585371321534,0.06779136060553086,MIXED
AAATGATTCGATCAGC-1,6884,6668,-0.2122359537912792,-0.320427463552867,-0.4697196299114825,False,False,other,0.0008116678967591,-0.1602137317764335,MIXED
AAATGCTCGTTACGTT-1,5878,16509,-0.7098483218585873,0.0488662199089858,0.0679859015247333,False,False,other,0.0025995054861773,0.0244331099544929,MIXED
AAATGGCATGTCTTGT-1,5299,11416,-0.7898600242774277,-0.320427463552867,-0.5298417347410346,False,False,other,0.0006501005670362,-0.1602137317764335,MIXED
AAATGGCCCGTGCCCT-1,12373,17315,0.3862856979646337,-0.320427463552867,0.8407423387148801,False,False,other,0.0379756893695776,-0.1602137317764335,STROMA
AAATGGTCAATGTGCC-1,9232,13461,0.623883942132391,0.4021898699850225,1.1355678521183463,True,True,interface,0.0135865287720321,0.20109493499251124,STROMA
AAATGTATCTTATCCC-1,7841,19228,-0.87080973948148,-0.320427463552867,0.2787979887615658,False,False,other,0.0007704060349059,-0.1602137317764335,MIXED
AAATGTGGGTGCTCCT-1,3130,13109,-0.775065471518429,-0.320427463552867,-0.0776791900543075,False,False,other,0.0008308811108836,-0.1602137317764335,MIXED
AAATTAACGGGTAGCT-1,9430,12670,0.5699163297791747,0.0159933017998207,0.5143770679090706,True,False,interface,0.1753623746606103,0.00799665089991035,MIXED
AAATTAATAAGCGCGA-1,9023,18778,-0.6663152273065707,0.0488662199089858,-0.3821719453741844,False,False,other,0.006397076844308,0.0244331099544929,MIXED
AAATTACACGACTCTG-1,5500,9493,-0.3504850359127297,-0.320427463552867,-0.518380133344276,False,False,other,0.0070029372926522,-0.1602137317764335,MIXED
AAATTACCTATCGATG-1,7864,8593,-0.3356715449288591,-0.1522170808765231,-0.5487495207984325,False,False,other,0.0015343466520928,-0.07610854043826155,MIXED
AAATTCCAGGTCCAAA-1,9641,6222,0.6195367107263936,0.1355827212110617,-0.005422507141474,True,False,tumor_core,0.0185922439652542,0.06779136060553086,TUMOR
AAATTGATAGTCCTTT-1,13557,15734,1.817067527427696,2.569550368553359,0.7149478069259664,True,True,interface,0.4440466340814584,1.2847751842766795,IMMUNE_EXHAUSTED
AAATTGCGGCGGTTCT-1,3711,17070,-0.7436817272064806,-0.1522170808765231,0.0236097421872541,False,False,other,0.0004275404103674,-0.07610854043826155,MIXED
AAATTGGTGAGAAGCA-1,5705,5760,-0.531326654811302,-0.320427463552867,-0.7935159983168215,False,False,interface,0.0118798394224728,-0.1602137317764335,MIXED
AAATTTACCGAAATCC-1,3926,9037,-0.9913531565245204,-0.1522170808765231,-0.1592810350284141,False,False,other,0.0871993129041132,-0.07610854043826155,MIXED
AAATTTGCGGGTGTGG-1,11983,15504,0.3290001426389746,-0.1522170808765231,-0.0687230908027215,False,False,interface,0.0086732430924563,-0.07610854043826155,MIXED
AACAACTGGTAGTTGC-1,8245,14478,0.7893106154227324,1.683784080134339,1.1876595030567658,True,True,interface,0.26700437783821,0.8418920400671694,IMMUNE_EXHAUSTED
AACAATACATTGTCGA-1,14740,15058,0.1331891951677569,-0.320427463552867,-0.0333237436178979,False,False,interface,0.1069235328515115,-0.1602137317764335,MIXED
AACAATTACTCTACGC-1,8438,16401,0.5024105688618125,0.6144301313912797,0.7397586869266048,True,True,interface,0.0386504480960821,0.30721506569563983,IMMUNE_ACTIVE
AACACACGCTCGCCGC-1,12785,8717,-0.2273073855045123,0.0701449498350903,0.3894758400219746,False,False,other,0.0086349994586177,0.03507247491754515,MIXED
AACACGACTGTACTGA-1,4510,11867,-0.9913531565245204,-0.320427463552867,-0.1165725796140702,False,False,other,0.0003704725125457,-0.1602137317764335,MIXED
AACACGAGACGCGGCC-1,11586,16861,1.8164890555412627,-0.1522170808765231,-0.0142874877692762,True,False,interface,0.1907602907428108,-0.07610854043826155,TUMOR
AACACGCGGCCGCGAA-1,3912,15373,-0.775065471518429,-0.1522170808765231,-0.3079119922835907,False,False,other,0.0002586387167355,-0.07610854043826155,MIXED
AACAGCTGTGTGGCAA-1,14345,15735,1.14635952776173,-0.320427463552867,-0.2310189860446747,True,False,interface,0.1594263417466247,-0.1602137317764335,TUMOR
AACAGGAAATCGAATA-1,5692,11643,-0.5653434435194244,-0.1522170808765231,-0.3969936908011998,False,False,other,0.0008882194403923,-0.07610854043826155,MIXED
AACAGGATGGGCCGCG-1,8439,15722,-0.055034590697523,0.2862370633743352,0.1796552069375676,False,True,interface,0.0209088254863746,0.1431185316871676,MIXED
AACAGGTAGTATGGAT-1,12397,6454,-0.7300573221485134,-0.1522170808765231,-0.3539367786550427,False,False,other,0.0179812157223417,-0.07610854043826155,MIXED
AACATATCAACTGGTG-1,8062,8028,0.2685139969335047,-0.0326276614652821,-0.3761752228210359,False,False,other,0.0012602169717457,-0.01631383073264105,MIXED
AACATCGATACGTCTA-1,6097,6440,-0.4382154312444251,-0.320427463552867,-0.3679435505383652,False,False,other,0.0003516364250928,-0.1602137317764335,MIXED
AACATTGGTCAGCCGT-1,3317,17295,-0.6693166072343872,-0.320427463552867,-0.1138236771091159,False,False,other,0.0002953673826943,-0.1602137317764335,MIXED
AACATTGTGACTCGAG-1,15334,13362,0.2514282983948825,0.7436495085995825,0.8178398116714328,False,True,interface,0.0294223056503692,0.3718247542997912,IMMUNE_ACTIVE
AACCAAGACTTCTCTG-1,9815,16517,1.0970851405242077,-0.320427463552867,0.2633935476898331,True,False,interface,0.085826734200158,-0.1602137317764335,TUMOR
AACCAGTATCACTCTT-1,3927,8811,-0.061822351471209,-0.1522170808765231,0.8750877406307228,False,False,other,0.0327124444836088,-0.07610854043826155,STROMA
AACCATGGGATCGCTA-1,5486,15829,-0.7166196056956149,-0.320427463552867,-0.7935159983168215,False,False,other,0.0092831774963548,-0.1602137317764335,MIXED
AACCCAGAGACGGAGA-1,5685,14811,-0.5707075925055941,0.1357244304709254,0.3481985381774349,False,False,other,0.0097056969197934,0.0678622152354627,MIXED
AACCCATCCCATGATC-1,13750,17658,0.3991717452272247,-0.1522170808765231,0.2468416053199464,False,False,interface,0.0041308824976228,-0.07610854043826155,MIXED
AACCCGAGCAGAATCG-1,13972,6457,-0.2284581624344203,0.0488662199089858,-0.3679435505383652,False,False,other,0.0225383600063377,0.0244331099544929,MIXED
AACCCTACTGTCAATA-1,10621,8373,0.7130176708727246,-0.1522170808765231,-0.0938217361031585,True,False,interface,0.0620996372663371,-0.07610854043826155,TUMOR
AACCCTGGTGGAACCA-1,4315,11301,-0.9913531565245204,-0.320427463552867,-0.5545246203990845,False,False,other,0.0010638533220956,-0.1602137317764335,MIXED
AACCGAGCTTGGTCAT-1,7465,11308,0.1721344478466474,0.7714835534468755,0.25682335659132,False,True,interface,0.0404733400238231,0.38574177672343773,IMMUNE_ACTIVE
AACCGCTAAGGGATGC-1,11801,8828,0.0712072901454347,0.2170766025853298,0.1855079263899236,False,True,interface,0.1816124465260865,0.1085383012926649,MIXED
AACCGTTGTGTTTGCT-1,5101,11982,-0.9913531565245204,0.0488662199089858,-0.911235546745144,False,False,other,0.0058898078542282,0.0244331099544929,MIXED
AACCTCGCTTTAGCCC-1,14948,9967,-0.5255628099736042,-0.320427463552867,-0.1317189660596889,False,False,other,0.0022458206367373,-0.1602137317764335,MIXED
AACCTGTCACGGAATT-1,9839,5883,0.2582298043199555,0.4003831904597785,-0.1911295087557143,False,True,other,0.0359189221771211,0.20019159522988925,MIXED
AACCTTTAAATACGGT-1,13370,11547,0.2004113431444782,-0.0326276614652821,-0.5872416547766728,False,False,interface,0.013454798422845,-0.01631383073264105,MIXED
AACCTTTACGACGTCT-1,5895,8815,-0.7166196056956149,0.5231170214095163,-0.3786196643130924,False,True,immune_core,0.0313922874516725,0.26155851070475816,MIXED
AACGAAAGTCGTCCCA-1,14142,18337,0.5583693465797596,-0.0538203147789063,0.3510058566628664,True,False,interface,0.0019938968190917,-0.02691015738945315,MIXED
AACGATAATGCCGTAG-1,13174,10981,-0.4270256885709978,0.0159933017998207,-0.0481391106104429,False,False,other,0.005563142137771,0.00799665089991035,MIXED
AACGATAGAAGGGCCG-1,5689,13227,-0.358478348803959,-0.320427463552867,-0.2250436989678713,False,False,other,0.0068286766116626,-0.1602137317764335,MIXED
AACGATATGTCAACTG-1,7466,10629,0.2131143648994237,-0.0538203147789063,0.0316412269937734,False,False,other,0.004648424379004,-0.02691015738945315,MIXED
AACGCATGATCTGGGT-1,6686,7460,0.1865399477492873,-0.320427463552867,0.0605486055971369,False,False,other,0.043785289379386,-0.1602137317764335,MIXED
AACGCGAACGGCAACA-1,4303,16732,-0.7234727269165546,0.0488662199089858,-0.1920385944523732,False,False,other,0.0011329059201821,0.0244331099544929,MIXED
AACGCGGTCTCCAGCC-1,7266,11873,-0.0156412461770518,0.2648891764873584,-0.086658113984238,False,True,interface,0.0114347871806165,0.1324445882436792,MIXED
AACGCTGTTGCTGAAA-1,13376,8606,-0.5894915934206155,0.0488662199089858,-0.4698101764862601,False,False,other,0.0072361017507467,0.0244331099544929,MIXED
AACGGACGTACGTATA-1,12588,8830,0.2792546719230732,0.0159933017998207,0.7000244849601688,False,False,other,0.0073560204679117,0.00799665089991035,STROMA
AACGGCCATCTCCGGT-1,11985,14825,0.590354392146377,-0.1522170808765231,0.2536492304013701,True,False,interface,0.0028782260597378,-0.07610854043826155,MIXED
AACGTACTGTGGGTAC-1,12182,14486,0.495214080970082,-0.320427463552867,-0.5987032561734313,True,False,interface,0.0321786355558934,-0.1602137317764335,MIXED
AACGTAGTCTACCCAT-1,2930,14579,-0.8002963608025098,-0.320427463552867,0.1297388227300087,False,False,other,0.0004489460425211,-0.1602137317764335,MIXED
AACGTCAGACTAGTGG-1,7457,14702,0.7171560097847268,0.5528442121482959,0.875573080578125,True,True,interface,0.0267892183392965,0.27642210607414797,STROMA
AACGTGATGAAGGACA-1,4515,9831,0.481354766856905,0.4544474460506791,0.7567883418581226,True,True,tumor_core,0.0195259341615637,0.22722372302533955,STROMA
AACGTGCGAAAGTCTC-1,9828,10861,1.155625374695634,-0.320427463552867,-0.3582814873009766,True,False,interface,0.2402203304549053,-0.1602137317764335,TUMOR
AACGTTATCAGCACCT-1,7056,18095,-0.5611935106720057,-0.1522170808765231,0.5177323801585597,False,False,other,0.0015255020072908,-0.07610854043826155,MIXED
AACTACCCGTTTGTCA-1,12003,6453,-0.7436817272064806,-0.0326276614652821,-0.3977173775124158,False,False,other,0.0041226685688237,-0.01631383073264105,MIXED
AACTAGCGTATCGCAC-1,3522,13788,-0.8642251442495211,0.0488662199089858,-0.911235546745144,False,False,other,0.0004844911392223,0.0244331099544929,MIXED
AACTAGGCTTGGGTGT-1,13565,12340,0.9338617647873342,-0.320427463552867,-0.1909168708241835,True,False,interface,0.0619761125975838,-0.1602137317764335,TUMOR
AACTCAAGTTAATTGC-1,10214,14256,-0.1607643326344123,-0.1522170808765231,-0.3019522339551952,False,False,other,0.0075656344676516,-0.07610854043826155,MIXED
AACTCCAGAGCGTGTT-1,14557,8835,-0.4608132761323318,-0.320427463552867,-0.7246544768844247,False,False,other,0.0073810013265366,-0.1602137317764335,MIXED
AACTCCTAATCCCATG-1,5108,8814,-0.2162447727184253,-0.0326276614652821,-0.1287546490574961,False,False,other,0.0218511796397792,-0.01631383073264105,MIXED
AACTCGATAAACACGT-1,3513,17861,-0.850600739191554,-0.1522170808765231,0.5765454214536748,False,False,other,0.0008530680672758,-0.07610854043826155,MIXED
AACTCGATGGCGCAGT-1,4895,16167,-0.4569615348392086,-0.320427463552867,0.0152256384797304,False,False,other,0.0001100371816666,-0.1602137317764335,MIXED
AACTCTCAATAGAGCG-1,9636,8711,0.2625372288801922,-0.1522170808765231,-0.4760010357292991,False,False,interface,0.0026942631967393,-0.07610854043826155,MIXED
AACTCTCAGTGTGCTC-1,13166,14601,1.0031011028568442,-0.320427463552867,-0.2804544094502579,True,False,interface,0.0767323492015194,-0.1602137317764335,TUMOR
AACTGAGGTCAGCGTC-1,4522,6663,-0.2633082189499784,-0.320427463552867,-0.316829855560405,False,False,other,0.0026752267690311,-0.1602137317764335,MIXED
AACTGATATTAGGCCT-1,5889,11757,-0.3797601691309953,-0.320427463552867,-0.6069349284561023,False,False,other,0.0034367628630576,-0.1602137317764335,MIXED
AACTGGGTCCCGACGT-1,6676,11759,0.4153655203186275,0.4770423598256217,-0.2387624007132842,False,True,interface,0.026252188534249,0.23852117991281085,MIXED
AACTGGTGTGGGCCTT-1,4113,13676,-0.6722624555044977,-0.1522170808765231,-0.911235546745144,False,False,other,0.0001580611820471,-0.07610854043826155,MIXED
AACTTCTGCGTCTATC-1,6270,17188,0.184463907025243,-0.320427463552867,-0.4450367442534327,False,False,other,0.0046927543080681,-0.1602137317764335,MIXED
AACTTGCCCGTATGCA-1,8438,16175,0.779056234539015,-0.1522170808765231,1.322654022334406,True,False,interface,0.0661427051207618,-0.07610854043826155,TUMOR
AACTTGCGTTCTCGCG-1,5483,16960,-0.2499502350009459,0.0488662199089858,0.963079323664642,False,False,other,0.0023587526900334,0.0244331099544929,STROMA
AACTTTACGGGAGCTT-1,8827,18439,-0.5879412884073311,-0.320427463552867,0.3013713205063578,False,False,other,0.0052166300698552,-0.1602137317764335,MIXED
AACTTTAGCTGCTGAG-1,3719,13676,-0.8642251442495211,-0.320427463552867,-0.6316178141141519,False,False,other,0.0010119294806995,-0.1602137317764335,MIXED
AACTTTCTCGATCATG-1,7084,5198,-0.4189627640994383,0.3549066387331724,-0.7935159983168215,False,True,immune_core,0.0198698766663218,0.1774533193665862,MIXED
AAGAAATCACCAGATT-1,6691,4970,-0.737097131974522,0.0159933017998207,-0.911235546745144,False,False,other,0.0062119775338826,0.00799665089991035,MIXED
AAGAAGGATCAGTTAG-1,5288,16394,-0.4245910261864579,-0.320427463552867,-0.0299428866865716,False,False,other,0.0002631661694204,-0.1602137317764335,MIXED
AAGACCCAACTGAACA-1,14547,13134,0.0909547387501544,-0.0538203147789063,-0.3190855235424395,False,False,other,0.0138958683698348,-0.02691015738945315,MIXED
AAGACTAACCCGTTGT-1,3713,16165,-0.5677781059039644,-0.320427463552867,0.8423222866312461,False,False,other,0.0040166884391461,-0.1602137317764335,STROMA
AAGACTGCAAGCTACT-1,9826,11539,1.2044791896399003,-0.1522170808765231,0.7125451223019496,True,False,interface,0.0444672273908384,-0.07610854043826155,TUMOR
AAGAGATGAATCGGTA-1,8044,16174,0.7061534475479608,1.0120001242826102,0.3699395648593067,True,True,interface,0.0533375668497528,0.5060000621413051,IMMUNE_EXHAUSTED
AAGAGCTCTTTATCGG-1,9632,10521,-0.0817831560840133,-0.1522170808765231,-0.3503323775600248,False,False,interface,0.0295872955158164,-0.07610854043826155,MIXED
AAGAGGATGTACGCGA-1,10407,15953,0.6775623396897611,-0.320427463552867,0.3895248600366616,True,False,interface,0.0332005338571678,-0.1602137317764335,TUMOR
AAGAGGCATGGATCGC-1,9829,10182,0.4129414349096466,0.1143900678974375,-0.5580769014601766,False,False,interface,0.0820569471818434,0.05719503394871875,MIXED
AAGAGGCCCTTTGGAA-1,14364,6911,-0.3354313534553657,-0.320427463552867,-0.518380133344276,False,False,other,0.0028051159434619,-0.1602137317764335,MIXED
AAGATGGCACCGGACC-1,14347,14830,2.068776346568759,1.0606210875477131,0.9473940039631216,True,True,interface,0.1792539964005699,0.5303105437738566,IMMUNE_EXHAUSTED
AAGATTGGCGGAACGT-1,7863,9046,0.0302924630875983,0.2170766025853298,-0.2051273747258963,False,True,immune_core,0.0275163120354969,0.1085383012926649,MIXED
AAGCACCCTGCGTATC-1,14355,10984,-0.3240696777265114,-0.320427463552867,-0.2747093642049604,False,False,interface,0.0460730386353007,-0.1602137317764335,MIXED
AAGCATACTCTCCTGA-1,13173,11434,0.2140375222632315,-0.320427463552867,-0.3199004970861323,False,False,interface,0.0100578373591186,-0.1602137317764335,MIXED
AAGCCGAAGCGGTTTA-1,12395,7133,0.0029907893470578,0.1355827212110617,1.5250753129922356,False,False,interface,0.0148484203690772,0.06779136060553086,STROMA
AAGCCGCTTTACCTTG-1,6494,5083,-0.850600739191554,-0.320427463552867,-0.7935159983168215,False,False,other,0.0014463503596777,-0.1602137317764335,MIXED
AAGCGCAGGGCTTTGA-1,15930,10987,-0.0064976705084919,-0.1522170808765231,-0.1218578258286545,False,False,other,0.0147870917308112,-0.07610854043826155,MIXED
AAGCGGAGTGCGCGCA-1,5116,4967,-0.6790337393415252,-0.320427463552867,-0.7353305906591517,False,False,other,0.0003174556159874,-0.1602137317764335,MIXED
AAGCGGCGTCATGGGT-1,4518,8247,-0.5963447146415554,-0.320427463552867,-0.7246544768844247,False,False,other,0.0011100069536615,-0.1602137317764335,MIXED
AAGCGTCCCTCATCGA-1,13952,15282,1.733672042985393,-0.0538203147789063,0.3312499073179342,True,False,interface,0.561552325577971,-0.02691015738945315,TUMOR
AAGCTAGATCGAGTAA-1,12582,11545,0.086993791623754,-0.1522170808765231,-0.0288211630583818,False,False,interface,0.0169055962862166,-0.07610854043826155,MIXED
AAGCTCGTGCCAAGTC-1,9631,10973,0.6877942808539336,0.5798149711259942,-0.0567078730457103,True,True,interface,0.0407505660929952,0.2899074855629971,MIXED
AAGCTCTTTCATGGTG-1,13964,10078,-0.4812056597824869,-0.320427463552867,-0.7246544768844247,False,False,other,0.0027630384472549,-0.1602137317764335,MIXED
AAGGAGAACTTATAAG-1,3327,12770,-0.9913531565245204,-0.320427463552867,-0.911235546745144,False,False,other,0.0001489059275032,-0.1602137317764335,MIXED
AAGGAGCGGTTGGTGC-1,8246,13799,0.5598949209234648,-0.1522170808765231,0.3299511735159276,True,False,interface,0.0427326404013136,-0.07610854043826155,MIXED
AAGGATCGATCGCTTG-1,10427,6902,0.658661327414576,-0.0538203147789063,0.528237479067063,True,False,interface,0.0122383740441827,-0.02691015738945315,TUMOR
AAGGATGAGGGACCTC-1,8059,9386,0.0225826944802399,0.2321728077834345,-0.5807549930424943,False,True,immune_core,0.0052638348138656,0.11608640389171725,MIXED
AAGGCAGGCTGTCTCC-1,11020,5885,1.182601795912672,-0.320427463552867,-0.2936171502623584,True,False,tumor_core,0.0357651151784457,-0.1602137317764335,TUMOR
AAGGCGCGTAAAGCTT-1,7457,14928,0.7821048909272224,-0.0538203147789063,0.5814121525815007,True,False,interface,0.0206353456374816,-0.02691015738945315,TUMOR
AAGGCTGTGCTCATCG-1,8640,14026,1.2470859156185323,0.6032731707705316,1.2596655344201575,True,True,interface,0.0219584448154815,0.3016365853852658,IMMUNE_ACTIVE
AAGGGACAGATTCTGT-1,7864,8820,-0.444800026476384,-0.0538203147789063,-0.4121221863127121,False,False,other,0.0110514705426043,-0.02691015738945315,MIXED
AAGGGACTATGCATTC-1,14540,16302,1.150430892108261,0.4023315792448862,-0.166195749191362,True,True,tumor_core,0.0945727403465533,0.2011657896224431,MIXED
AAGGGTTTGATTTCAG-1,14337,19130,0.1972730501011869,-0.1522170808765231,-0.0858726263622067,False,False,interface,0.000487686757696,-0.07610854043826155,MIXED
AAGGTATCCTAATATA-1,7664,10064,0.7933103883961283,0.5798149711259942,0.7122710893696189,True,True,immune_core,0.0265452805531416,0.2899074855629971,STROMA
AAGGTGATAAACCAGC-1,11407,8828,1.5560216200577064,0.7423889573981277,-0.0395583374862252,True,True,interface,0.20137853058518,0.37119447869906386,IMMUNE_ACTIVE
AAGTAAGCTTCCAAAC-1,2732,14692,-0.87080973948148,0.0488662199089858,0.1396987121847072,False,False,other,0.000668535450217,0.0244331099544929,MIXED
AAGTAGAAGACCGGGT-1,6474,13908,-0.3356715449288591,-0.1522170808765231,0.0072965403958339,False,False,other,0.0264928653069369,-0.07610854043826155,MIXED
AAGTAGTGACGCGAGG-1,9227,15724,-0.4755327716095339,-0.0326276614652821,0.0097152775941528,False,False,interface,0.0098386202057816,-0.01631383073264105,MIXED
AAGTCAATTGTCGTCA-1,11606,7810,-0.0861153805156095,0.6555307468361882,0.0991348517283432,False,True,interface,0.0212747050942424,0.3277653734180941,IMMUNE_ACTIVE
AAGTCTAGTAGCTGCC-1,6888,5084,-0.3940207358830964,-0.320427463552867,-0.361008491334752,False,False,other,0.000726367885543,-0.1602137317764335,MIXED
AAGTCTTCTGTGGCCT-1,10401,18895,-0.1929328465243659,-0.1522170808765231,0.1097168533501043,False,False,other,0.003194158550624,-0.07610854043826155,MIXED
AAGTGACGACCGAATT-1,10800,16406,0.9229467486991796,-0.1522170808765231,-0.1813624806776459,True,False,interface,0.0163314269830722,-0.07610854043826155,TUMOR
AAGTGAGTCGGGTTTA-1,14940,13813,1.4899523584846033,-0.0538203147789063,-0.112811180002291,True,False,interface,0.0730862036333601,-0.02691015738945315,TUMOR
AAGTGCAAAGGTAGAC-1,8237,18098,-0.3540776475074877,-0.320427463552867,0.0177570227348981,False,False,other,0.0014792903518481,-0.1602137317764335,MIXED
AAGTGCCTTGACTGTA-1,11410,7470,-0.3595795033565568,-0.1522170808765231,-0.7246544768844247,False,False,other,0.0020395043458853,-0.07610854043826155,MIXED
AAGTGCGTTAGAATCT-1,12375,16184,0.6057711781417477,-0.1522170808765231,0.7897474417668892,True,False,interface,0.023311663495588,-0.07610854043826155,TUMOR
AAGTGTTTGGAGACGG-1,12979,10189,0.0341810461902072,-0.0326276614652821,-0.7246544768844247,False,False,interface,0.05283216522845,-0.01631383073264105,MIXED
AAGTTCACTCCAAGCT-1,13965,9625,-0.6731683485275104,-0.320427463552867,-0.1673557087943234,False,False,other,0.0048791759076437,-0.1602137317764335,MIXED
AAGTTCAGTCTGCGTA-1,6292,7459,-0.7898600242774277,-0.320427463552867,-0.5298417347410346,False,False,interface,0.0126404500349168,-0.1602137317764335,MIXED
AAGTTCGGCCAACAGG-1,11786,15390,0.2388407113184279,-0.320427463552867,0.2056061769491372,False,False,interface,0.101064056537879,-0.1602137317764335,MIXED
AAGTTGTGATGTTATA-1,15742,7253,-0.3100344227928979,-0.320427463552867,-0.6378992199319686,False,False,interface,0.0605951369030509,-0.1602137317764335,MIXED
AAGTTTACTAATGGCA-1,3722,12318,-0.8573720230285815,-0.320427463552867,-0.2494385144880114,False,False,other,0.0004067178388253,-0.1602137317764335,MIXED
AAGTTTATGGGCCCAA-1,16126,11327,-0.2296824891713239,-0.320427463552867,-0.5580769014601766,False,False,interface,0.0049972939939117,-0.1602137317764335,MIXED
AATAACAACGCTCGGC-1,9817,15839,0.3873409266759691,0.2321728077834345,0.0927593337575606,False,True,other,0.0307554449981489,0.11608640389171725,MIXED
AATAACACTAGAACAA-1,12969,14940,1.0677544949446582,0.0159933017998207,0.1573586512208148,True,False,interface,0.006239977863778,0.00799665089991035,TUMOR
AATAAGTCCTCGAGAC-1,3724,11187,-0.3945830564054816,-0.320427463552867,-0.3379933095998376,False,False,other,0.0036721734413782,-0.1602137317764335,MIXED
AATAATCTTCGTATCG-1,12990,5437,-0.5960761886525743,-0.320427463552867,0.9215848205636448,False,False,other,0.0072076136775252,-0.1602137317764335,STROMA
AATACAATGTTTCAGG-1,7255,17077,-0.1359843059015753,-0.0326276614652821,0.9782466722746757,False,False,interface,0.0014175090770604,-0.01631383073264105,STROMA
AATAGAACAGAGTGGC-1,12971,14035,-0.1320887398129555,-0.0538203147789063,-0.3280878626945084,False,False,interface,0.0803052112432985,-0.02691015738945315,MIXED
AATAGAATCTGTTTCA-1,12193,9508,-0.2148879364123252,-0.320427463552867,-0.2811882935859091,False,False,other,0.0463379191823156,-0.1602137317764335,MIXED
AATAGCAAGCCTCCTG-1,4128,6662,0.6939173209784962,-0.320427463552867,0.6927550552910507,True,False,interface,0.0443215882158866,-0.1602137317764335,TUMOR
AATAGCTACCGCGTGC-1,6490,6667,-0.4177379049655181,-0.320427463552867,0.0544216022382674,False,False,other,0.0005946185331726,-0.1602137317764335,MIXED
AATAGTCCGTCCCGAC-1,13958,12793,0.1357478649995137,0.9118598912759264,-0.2125824652996763,False,True,interface,0.0394858623623375,0.4559299456379632,IMMUNE_EXHAUSTED
AATAGTCGCGAGTCGG-1,7646,18436,-0.4735317881672864,-0.320427463552867,0.8623040232768451,False,False,other,0.0027540847768847,-0.1602137317764335,STROMA
AATATCAAGGTCGGAT-1,4308,14469,-0.87080973948148,-0.320427463552867,-0.7246544768844247,False,False,other,0.000800155489366,-0.1602137317764335,MIXED
AATATCCTAGCAAACT-1,11778,19011,0.3426349869953404,-0.320427463552867,0.5576376353962769,False,False,interface,0.0209222824829248,-0.1602137317764335,MIXED
AATATCGAATCAATGC-1,12396,6906,0.0867868608590901,-0.320427463552867,-0.3539367786550427,False,False,other,0.0319446553703155,-0.1602137317764335,MIXED
AATATCGAGGGTTCTC-1,8063,7802,0.1050818973287192,-0.1522170808765231,-0.6757964498884991,False,False,other,0.0005854992447157,-0.07610854043826155,MIXED
AATATTGGAGTATTGA-1,9815,16744,-0.4693841524358172,0.5526889785749433,-0.6757964498884991,False,True,other,0.096264631680161,0.27634448928747163,MIXED
AATCAGACTGCAGGAC-1,3712,16617,-0.490978323547331,-0.320427463552867,-0.087540330285342,False,False,other,7.373072796093978e-05,-0.1602137317764335,MIXED
AATCATGTAAAGACTC-1,13377,8153,-0.047093159159464,0.2648891764873584,-0.4680519259883473,False,True,interface,0.0177852198355693,0.1324445882436792,MIXED
AATCCAAGGGCCTGAG-1,5293,13905,-0.5517190384614572,-0.320427463552867,-0.5627562926817552,False,False,other,0.00362026520126,-0.1602137317764335,MIXED
AATCCATGCAAGGGTG-1,4304,16279,-0.8573720230285815,-0.1522170808765231,-0.4680519259883473,False,False,other,0.0002694487295005,-0.07610854043826155,MIXED
AATCGCCTCAGCGCCA-1,10420,10296,-0.0548324118124453,1.197853013838267,2.234699114735363,False,True,interface,0.4549244765869602,0.5989265069191335,IMMUNE_EXHAUSTED
AATCGCGCAGAGGACT-1,11019,6338,0.4468393731172249,-0.0538203147789063,0.2008168189484945,True,False,interface,0.0072741478070011,-0.02691015738945315,MIXED
AATCGGGACACTACGA-1,4312,12432,-0.8642251442495211,-0.320427463552867,-0.3520906280579376,False,False,other,0.000651302904791,-0.1602137317764335,MIXED
AATCGTGAGCCGAGCA-1,15933,9856,-0.4627995572038585,-0.1522170808765231,0.0987526694374675,False,False,other,0.0054745064498554,-0.07610854043826155,MIXED
AATCTAGGTTTACTTG-1,12963,17429,0.8728313040029259,0.0488662199089858,0.3721529911384637,True,False,interface,0.0216471537339745,0.0244331099544929,TUMOR
AATCTATGCCGGAGCC-1,7868,6783,-0.7302440107535821,0.2170766025853298,0.0888983853699405,False,True,immune_core,0.0183741008751873,0.1085383012926649,MIXED
AATCTCTACTGTGGTT-1,10206,18102,1.008481060037062,0.3574529404143807,-0.4006605849159536,True,True,interface,0.0714639491494362,0.17872647020719035,MIXED
AATCTGCGTTGGGACG-1,9045,8822,0.6952168491418641,0.2321728077834345,-0.2792741423728774,True,True,immune_core,0.0574942379527042,0.11608640389171725,TUMOR
AATCTGGCTTTCTAGT-1,12766,17542,1.4651051006073474,0.990807470968986,1.0904682558116918,True,True,interface,0.1959469069154445,0.495403735484493,IMMUNE_EXHAUSTED
AATGACAGCAATGTCT-1,12179,15844,1.3507540136325178,0.1355827212110617,-0.0743190460240507,True,False,interface,0.0175091204860769,0.06779136060553086,TUMOR
AATGACGTAGGATGTC-1,11404,10411,0.0254115084346463,0.7267466238762337,0.1857959965278333,False,True,interface,0.0434937980221436,0.36337331193811684,IMMUNE_ACTIVE
AATGACTGTCAGCCGG-1,7262,13910,1.4495779250833896,-0.1522170808765231,1.9059463511713404,True,False,interface,0.0169893507275052,-0.07610854043826155,TUMOR
AATGAGTTCGCATATG-1,5681,16848,-0.2847047483616454,-0.320427463552867,0.432607701636973,False,False,other,0.0068345720947019,-0.1602137317764335,MIXED
AATGATGATACGCTAT-1,7273,8705,0.3877576970645413,-0.320427463552867,-0.35200008148316,False,False,interface,0.0171762613806404,-0.1602137317764335,MIXED
AATGATGCGACTCCTG-1,7669,7801,-0.2971944879224776,-0.1522170808765231,-0.3141933981014073,False,False,other,0.0003730509107731,-0.07610854043826155,MIXED
AATGCAACCGGGTACC-1,7659,12553,1.0967778194816908,0.2170766025853298,0.5472726992466505,True,True,interface,0.0646498196534554,0.1085383012926649,TUMOR
AATGCACCAAGCAATG-1,6487,8251,0.0971629547816891,0.0159933017998207,-0.4998914938025068,False,False,other,0.0029184862674073,0.00799665089991035,MIXED
AATGGTCCACCGTTCA-1,8632,17420,-0.0493361268976057,-0.1522170808765231,0.0465652560829649,False,False,other,0.0013623963367268,-0.07610854043826155,MIXED
AATGGTTCTCACAAGC-1,6471,15266,0.13848090306063,-0.1522170808765231,0.5830442844428837,False,False,other,0.0003761611612876,-0.07610854043826155,MIXED
AATGTGCCCGAGGTGT-1,13556,16186,1.154614118109348,-0.0538203147789063,1.0714775253724824,True,False,interface,0.0602738806394287,-0.02691015738945315,TUMOR
AATGTTGTCGTGAGAC-1,16136,7028,-0.1499972886507801,-0.320427463552867,-0.7164228046017538,False,False,other,0.0111528183713062,-0.1602137317764335,MIXED
AATTAAAGGTCGGCGT-1,10609,13578,1.4708596389987083,0.4330995591637024,0.3180958658140542,True,True,interface,0.0075391798842367,0.2165497795818512,MIXED
AATTAACGGATTTCCA-1,14157,11775,-0.0360853421515393,0.2170766025853298,-0.6316178141141519,False,True,immune_core,0.0027494459938829,0.1085383012926649,MIXED
AATTACGAGACCCATC-1,14338,18677,0.7406001387750349,0.5762098514444808,-0.0352313515657046,True,True,interface,0.0047787810926744,0.2881049257222404,MIXED
AATTACTCGTACGCTC-1,4693,18316,-0.6411378408909146,0.1892425577380367,-0.1242727813990495,False,True,immune_core,0.0002518999830722,0.09462127886901835,MIXED
AATTAGCGCTGCAGCG-1,12778,12112,1.1681331805551043,-0.0326276614652821,-0.3539367786550427,True,False,interface,0.0044877991187115,-0.01631383073264105,TUMOR
AATTCATAAGGGATCT-1,7273,8932,0.0705562909666363,-0.1522170808765231,-0.3162158173184321,False,False,interface,0.0020303602184387,-0.07610854043826155,MIXED
AATTCCAACTTGGTGA-1,3316,17748,-0.2016369085644953,-0.0326276614652821,2.695764720857888,False,False,other,0.0029507374727518,-0.01631383073264105,STROMA
AATTCCAAGCATGTAC-1,15730,12684,0.2687015029074307,0.5048764046729147,0.8965150798737537,False,True,immune_core,0.0288757932939098,0.25243820233645736,STROMA
AATTCGATTCGAGGAT-1,15734,10647,-0.1811113391776961,-0.320427463552867,-0.2240440666964349,False,False,interface,0.0449503705512036,-0.1602137317764335,MIXED
AATTCTAGAGTTAGGC-1,12384,12111,0.7693939522296536,-0.1522170808765231,-0.7935159983168215,True,False,tumor_core,0.0178285528562232,-0.07610854043826155,TUMOR
AATTGAACGCTCTGGT-1,11602,9846,0.6559395851439733,0.5256633230907246,-0.0734010544142513,True,True,interface,0.0354402774353449,0.2628316615453623,MIXED
AATTGCAGCAATCGAC-1,15347,7705,-0.1455264562658541,0.3154733686829467,-0.2502240021100427,False,True,interface,0.0508021980716803,0.15773668434147334,MIXED
AATTTGGGACATAGTA-1,5304,8927,-0.5137413026269344,0.907506910069474,-0.0484762007630396,False,True,immune_core,0.0457229538701852,0.453753455034737,IMMUNE_EXHAUSTED
AATTTGGTTCCAAAGA-1,4905,11642,-0.8642251442495211,-0.320427463552867,-0.4680519259883473,False,False,other,0.0005246674930449,-0.1602137317764335,MIXED
ACAAAGAAGGTAGGCC-1,11779,18785,1.2100509370695114,-0.320427463552867,0.1136685270174489,True,False,interface,0.0205674666888597,-0.1602137317764335,TUMOR
ACAAAGCATGACCTAG-1,15149,8270,-0.316209117506242,-0.320427463552867,-0.5987032561734313,False,False,other,0.0233596018909375,-0.1602137317764335,MIXED
ACAAATCGCACCGAAT-1,12586,9962,-0.3554230335087857,-0.320427463552867,-0.5298417347410346,False,False,other,0.1288253742800333,-0.1602137317764335,MIXED
ACAAATGGTAGTGTTT-1,11405,9733,1.095344330727285,0.2339794873086786,0.3199428705575974,True,True,interface,0.1381010392285753,0.1169897436543393,TUMOR
ACAAATTCAGATCTGA-1,4126,7567,-0.7368286059855409,-0.320427463552867,-0.7246544768844247,False,False,other,0.0055720721757853,-0.1602137317764335,MIXED
ACAACAGCATGAGCTA-1,9040,11085,1.5182032669070522,-0.320427463552867,-0.1255693944781071,True,False,interface,0.0493483819565243,-0.1602137317764335,TUMOR
ACAACGGTCCCTGCGA-1,7061,15833,0.0152199382364823,-0.1522170808765231,0.638480789595599,False,False,other,0.0003633791874613,-0.07610854043826155,STROMA
ACAAGCAGTGCCTAGC-1,8635,16289,0.0357632780521019,0.2321728077834345,0.5563909774935004,False,True,interface,0.0115806810911432,0.11608640389171725,MIXED
ACAAGCTATATGGAAG-1,10006,19120,-0.2837567714695791,0.3549066387331724,0.0927593337575606,False,True,immune_core,0.0043503916949296,0.1774533193665862,MIXED
ACAAGGAAATCCGCCC-1,12387,10753,1.443074123603605,-0.320427463552867,0.0545740336631205,True,False,interface,0.2590094999484196,-0.1602137317764335,TUMOR
ACAAGGACAAGAGGTT-1,8441,15044,0.0545343290550167,-0.1522170808765231,0.535876117425256,False,False,other,0.003880601303279,-0.07610854043826155,MIXED
ACAAGGATGCTTTAGG-1,14753,9401,-0.6231383101634401,0.0488662199089858,0.1740675799363772,False,False,other,0.0009652178677969,0.0244331099544929,MIXED
ACAAGGGCAGGCTCTG-1,11403,10638,0.3887714874933202,0.5915929059749906,0.3555601630235596,False,True,interface,0.0266652112713637,0.2957964529874953,MIXED
ACAATAGTCGTACGTT-1,10996,16973,-0.391581676477665,2.9023785499763015,0.3514509253175374,False,True,interface,0.3689278057292354,1.4511892749881508,IMMUNE_EXHAUSTED
ACAATCCATTTAAACC-1,9817,15612,-0.1931418055115591,-0.1522170808765231,0.5830442844428837,False,False,interface,0.0018886673714726,-0.07610854043826155,MIXED
ACAATCGATCTTTATA-1,3132,12203,-0.8573720230285815,-0.320427463552867,-0.2342921280423926,False,False,other,0.0024417706881169,-0.1602137317764335,MIXED
ACAATGAATACGGAGA-1,13951,15735,1.8431372217644473,1.2256870586855602,-0.129339700003027,True,True,interface,0.1946698069079766,0.6128435293427801,IMMUNE_EXHAUSTED
ACAATGATTCTTCTAC-1,4325,6549,-0.1367006861181543,-0.1522170808765231,-0.1063245182681124,False,False,interface,0.0014729481318525,-0.07610854043826155,MIXED
ACAATTGTGTCTCTTT-1,12786,8265,0.6916278405090603,-0.1522170808765231,-0.3280878626945084,True,False,interface,0.0468869462652886,-0.07610854043826155,TUMOR
ACAATTTAGGAGGCTC-1,8827,18212,0.362608722005115,-0.320427463552867,0.1423433411529153,False,False,other,0.0034172418216691,-0.1602137317764335,MIXED
ACAATTTGAGCAGTGG-1,8255,9952,-0.3134166965656187,0.6215137875071332,-0.5807549930424943,False,True,interface,0.0228325257879619,0.3107568937535666,IMMUNE_ACTIVE
ACAATTTGGCCATATT-1,11218,5320,-0.6410843380224899,0.0488662199089858,-0.2218124214264238,False,False,other,0.0081553285570527,0.0244331099544929,MIXED
ACACAAAGACGGGTGG-1,7461,12892,0.7785402285170208,-0.0326276614652821,1.0292981211183012,True,False,interface,0.0189780743451015,-0.01631383073264105,TUMOR
ACACAAATATTCCTAG-1,5509,5194,-0.4179970346638834,-0.1522170808765231,-0.5734324064564824,False,False,other,0.0012573748343282,-0.07610854043826155,MIXED
ACACACCAGGACCAGT-1,11407,9054,0.6393617389934938,-0.320427463552867,1.2922895499298424,True,False,interface,0.1998011350204687,-0.1602137317764335,TUMOR
ACACACTTTCTACACG-1,5494,11982,-0.4234493302097134,-0.320427463552867,0.1997302704394818,False,False,other,0.0015643830308687,-0.1602137317764335,MIXED
ACACATGATCAAATCT-1,14538,17433,0.1411000581752804,-0.320427463552867,0.612162713919637,False,False,other,0.0022405502445564,-0.1602137317764335,STROMA
ACACATTGACGCAACA-1,4299,18316,-0.850600739191554,0.2170766025853298,1.667768208044912,False,True,immune_core,0.0050781490174125,0.1085383012926649,STROMA
ACACCACATAATTAGC-1,8854,5993,0.0530208277111281,-0.320427463552867,0.2720933817462488,False,False,other,0.0010222122935541,-0.1602137317764335,MIXED
ACACCCAGCATGCAGC-1,7460,13571,1.1793499604516164,-0.0538203147789063,0.5806519629847531,True,False,interface,0.0512058546039532,-0.02691015738945315,TUMOR
ACACCCGAGAAATCCG-1,6472,14813,-0.009601125567442,-0.320427463552867,0.7031038389727602,False,False,other,0.0033649595152381,-0.1602137317764335,STROMA
ACACCGAGCGCTCTTT-1,5677,18658,-0.7166196056956149,-0.320427463552867,0.1593919858641366,False,False,other,0.0002200757481403,-0.1602137317764335,MIXED
ACACCTTAAGTAGGGC-1,7655,14363,1.060140752714507,0.0159933017998207,0.7138589409398132,True,False,interface,0.0130334590418817,0.00799665089991035,TUMOR
ACACCTTACTACTTGC-1,10821,6677,1.281788173818637,0.1892425577380367,-0.305078751659117,True,True,interface,0.0520197700914184,0.09462127886901835,TUMOR
ACACGAGACTCCTTCT-1,8843,11198,0.9037485974602244,0.3574529404143807,0.4253894243449868,True,True,interface,0.011010320447716,0.17872647020719035,MIXED
ACACGGCACTATGCAT-1,4118,11187,-0.8642251442495211,-0.320427463552867,-0.6316178141141519,False,False,other,0.0010635032499749,-0.1602137317764335,MIXED
ACACGGGAACTTAGGG-1,8055,11196,0.0594566316582563,0.6013099418400463,0.3929491694958441,False,True,interface,0.2641860744962203,0.30065497092002313,IMMUNE_ACTIVE
ACACGTAGGCCACAAG-1,14168,6797,-0.5611935106720057,0.1355827212110617,-0.6378992199319686,False,False,other,0.006117599644974,0.06779136060553086,MIXED
ACACTCCAATGTCACT-1,6073,17301,-0.5451344432294983,-0.320427463552867,-0.307623922145681,False,False,other,0.0051895898643973,-0.1602137317764335,MIXED
ACACTGATCAAGGTGT-1,12971,13809,0.1237231921111168,1.4020807261622732,0.0218441344501435,False,True,other,0.1239229887399486,0.7010403630811366,IMMUNE_EXHAUSTED
ACACTGGGACAGTCGT-1,14366,6232,-0.688321522947005,-0.0538203147789063,-0.6069349284561023,False,False,other,0.0012594396847389,-0.02691015738945315,MIXED
ACAGAACTGAGAACAA-1,12965,16524,1.932500660663944,-0.1522170808765231,-0.0288211630583818,True,False,interface,0.0463261606743964,-0.07610854043826155,TUMOR
ACAGATTAGGTTAGTG-1,4115,12771,-0.6006598004422857,-0.320427463552867,-0.5138982656858294,False,False,other,0.0002267828957876,-0.1602137317764335,MIXED
ACAGCATAGAGCCAGT-1,4705,12659,-0.87080973948148,-0.320427463552867,-0.5627562926817552,False,False,other,0.0031068574617695,-0.1602137317764335,MIXED
ACAGCGACATTCTCAT-1,14362,8042,0.7478461917365253,2.0702877813920777,0.2734707985206026,True,True,interface,1.051727299178584,1.0351438906960388,IMMUNE_EXHAUSTED
ACAGCGCACCCGCAGC-1,4711,10170,-0.1843711489773884,-0.1522170808765231,0.3904319905410452,False,False,other,0.0017306367794905,-0.07610854043826155,MIXED
ACAGGCTTGCCCGACT-1,13178,9397,-0.187695934409655,0.2321728077834345,-0.3235673912008861,False,True,interface,0.0361674822458077,0.11608640389171725,MIXED
ACAGGTGGAGGTGAGG-1,12772,14827,0.7110069128965681,-0.320427463552867,0.5633971504744483,True,False,interface,0.0240448332508591,-0.1602137317764335,TUMOR
ACAGGTGTGTTGTTGC-1,10203,19234,-0.768265853165914,-0.320427463552867,0.4060255084649243,False,False,other,0.0034443809279758,-0.1602137317764335,MIXED
ACAGTAATACAACTTG-1,11781,17653,1.2348088934681576,0.2884100493568959,0.1513605010576174,True,True,tumor_core,0.0263877563077435,0.14420502467844795,TUMOR
ACAGTATACCGTGGGA-1,6492,5762,-0.7302440107535821,-0.320427463552867,-0.2059423482695891,False,False,other,0.0013069054384095,-0.1602137317764335,MIXED
ACATAAGTCGTGGTGA-1,14339,18224,-0.029588678292886,-0.320427463552867,-0.0657901437334099,False,False,interface,0.0052607405138338,-0.1602137317764335,MIXED
ACATAATAAGGCGGTG-1,6872,12099,0.0805114871726871,-0.1522170808765231,0.432607701636973,False,False,other,0.0137005509936252,-0.07610854043826155,MIXED
ACATCAGCTGGGACGC-1,9025,17873,-0.4838159807808355,-0.1522170808765231,-0.0488506727439696,False,False,other,0.002474005026355,-0.07610854043826155,MIXED
ACATCCCGGCCATACG-1,13564,12792,1.0742619247866674,0.2170766025853298,-0.6069349284561023,True,True,interface,0.155481090534588,0.1085383012926649,TUMOR
ACATCCTGGTAACTGT-1,11016,7695,-0.6342847196699749,0.2170766025853298,-0.1400540497525258,False,True,immune_core,0.0056773493434857,0.1085383012926649,MIXED
ACATCGATCGTTTACC-1,11006,12221,0.5222009020973878,0.3549066387331724,-0.1985756934163537,True,True,interface,0.0108638380376174,0.1774533193665862,MIXED
ACATCGGTCAGCCGCG-1,10803,15049,-0.1299010677656393,0.1355827212110617,-0.166195749191362,False,False,interface,0.0082692495120423,0.06779136060553086,MIXED
ACATCGTATGCAATGG-1,11601,10073,0.0382797778205541,0.5685935731361224,0.0544216022382674,False,True,interface,0.1298349814002173,0.2842967865680612,MIXED
ACATCGTTAACCTAGT-1,4513,10736,-0.5963447146415554,0.0488662199089858,-0.7246544768844247,False,False,other,0.0039886460627199,0.0244331099544929,MIXED
ACATGGCGCCAAAGTA-1,10623,7468,-0.602929309873514,-0.1522170808765231,0.1495664704944381,False,False,other,0.0269640935244201,-0.07610854043826155,MIXED
ACATGGCTCAATTTAG-1,4301,17637,-0.9913531565245204,-0.320427463552867,-0.3199004970861323,False,False,other,0.0016997551443843,-0.1602137317764335,MIXED
ACATTAGTTTATATCC-1,12777,12338,0.8635792989212245,-0.1522170808765231,-0.305078751659117,True,False,interface,0.0630616475341293,-0.07610854043826155,TUMOR
ACCAAACACCCAGCGA-1,6098,6214,-0.7898600242774277,-0.1522170808765231,-0.6546329958490664,False,False,other,0.0014661176897367,-0.07610854043826155,MIXED
ACCAAACTAGAAATCC-1,3330,11638,-0.0470205339438868,-0.1522170808765231,1.4937305173930453,False,False,interface,0.0020041929719588,-0.07610854043826155,STROMA
ACCAACACCACACACT-1,6687,6781,-0.87080973948148,-0.320427463552867,-0.0621458824937655,False,False,other,0.0010091987111371,-0.1602137317764335,MIXED
ACCAACCGCACTCCAC-1,15542,8271,0.7304753803962897,0.3154733686829467,-0.7246544768844247,True,True,interface,0.0415529287377168,0.15773668434147334,MIXED
ACCAACGCTTATTTAT-1,13168,13696,0.0897266455625896,0.0159933017998207,1.7577761939497776,False,False,interface,0.0125554168135852,0.00799665089991035,STROMA
ACCAAGAACGCGTGTC-1,6081,13681,0.1083526974551164,0.6032731707705316,-0.0876721645215766,False,True,immune_core,0.024157742932975,0.3016365853852658,IMMUNE_ACTIVE
ACCAATATGCAAGTTA-1,13766,10417,-0.6165537149314815,0.2862370633743352,-0.5987032561734313,False,True,immune_core,0.0036304880237892,0.1431185316871676,MIXED
ACCACAACTCAGAACA-1,4121,10056,-0.7368286059855409,-0.1522170808765231,-0.3088401512708962,False,False,other,0.0040923832808191,-0.07610854043826155,MIXED
ACCACAAGTTTCTATC-1,8642,13121,1.8769895410942712,1.3962334635373266,0.9071053996825684,True,True,interface,0.0763525974927487,0.6981167317686633,IMMUNE_EXHAUSTED
ACCACCAATGTAACAA-1,10820,7129,-0.3565123098920276,-0.320427463552867,0.1857054499530558,False,False,other,0.0117736918382383,-0.1602137317764335,MIXED
ACCACCCTCTCTTCTA-1,7280,5537,0.0814120688777511,-0.1522170808765231,0.3484122416456751,False,False,other,0.2382874718449148,-0.07610854043826155,MIXED
ACCACGTGCAGCTATA-1,12191,10640,-0.1995632595428841,-0.0538203147789063,0.6631497288824276,False,False,interface,0.0518343734202394,-0.02691015738945315,STROMA
ACCACTGTTCAAGAAG-1,4693,18543,-0.7368286059855409,-0.320427463552867,0.0708371907523105,False,False,other,0.0017940629566677,-0.1602137317764335,MIXED
ACCAGACCATAACAAC-1,10204,18781,-0.4823858928304737,-0.320427463552867,0.4339010193741406,False,False,other,0.0076118711892001,-0.1602137317764335,MIXED
ACCAGCCCGGTCTTTG-1,3528,11073,1.5513265941861734,-0.1522170808765231,2.059858266463616,True,False,tumor_core,0.0272200207311923,-0.07610854043826155,TUMOR
ACCAGGAGTGTGATCT-1,3327,12996,-0.9913531565245204,-0.320427463552867,-0.2243811568490316,False,False,other,0.0003425889480784,-0.1602137317764335,MIXED
ACCAGTGCCCGGTCAA-1,4520,7568,-0.3350488802655482,-0.1522170808765231,-0.7246544768844247,False,False,other,0.0043341616511418,-0.07610854043826155,MIXED
ACCAGTGCGGGAGACG-1,12195,8603,0.3090819720499157,0.3037931038874057,-0.0628574446272922,False,True,interface,0.0439336205282656,0.15189655194370286,MIXED
ACCATATCCGCAATAA-1,10217,12898,0.9803742697750712,0.6240600891883414,0.5271988828867681,True,True,interface,0.0102486246407819,0.3120300445941707,IMMUNE_ACTIVE
ACCATCCGCCAACTAG-1,11387,17879,0.9055400408933296,-0.320427463552867,-0.0555032389080501,True,False,interface,0.026860184659198,-0.1602137317764335,TUMOR
ACCATCGTATATGGTA-1,11001,14484,0.6050809700145471,0.1355827212110617,-0.0484762007630396,True,False,interface,0.0009938061620762,0.06779136060553086,TUMOR
ACCATTAAGGGTGTCA-1,5283,18657,-0.8130148728374643,-0.320427463552867,-0.117375958170208,False,False,other,0.0002086029924146,-0.1602137317764335,MIXED
ACCCAACGCCCGTGGC-1,8650,9500,0.114331068391741,-0.320427463552867,-0.4760010357292991,False,False,interface,0.0290217568032954,-0.1602137317764335,MIXED
ACCCACCTACATGCTC-1,7650,16400,-0.2278613422914941,0.0701449498350903,1.051095563732017,False,False,interface,0.0102268666698766,0.03507247491754515,STROMA
ACCCATCTTGAGGGTA-1,10015,15047,-0.3945830564054816,-0.1522170808765231,-0.1241911235573151,False,False,interface,0.0132457242515142,-0.07610854043826155,MIXED
ACCCATTTGTCCCTCT-1,14559,7929,2.154465443708725,0.0159933017998207,-0.4191938989924216,True,False,interface,0.8692704331360478,0.00799665089991035,TUMOR
ACCCGAGCGAAATTAC-1,14738,15963,0.3663069550079411,0.0159933017998207,0.0055635752423417,False,False,interface,0.026974977039357,0.00799665089991035,MIXED
ACCCGGAAACTCCCAG-1,13960,11888,-0.2868795742328614,-0.1522170808765231,0.3735023554549738,False,False,interface,0.011020044630308,-0.07610854043826155,MIXED
ACCCGGATGACGCATC-1,10228,7920,0.3599862023987122,0.3037931038874057,0.0027846572255917,False,True,interface,0.020375911993246,0.15189655194370286,MIXED
ACCCGGTTACACTTCC-1,11002,13805,1.327265874594072,0.0159933017998207,0.3025148879971761,True,False,interface,0.0127638791310419,0.00799665089991035,TUMOR
ACCCGTGTCATCAGTA-1,14154,13133,-0.4825725814355422,0.8406440142358809,-0.4698101764862601,False,True,immune_core,0.0433934928395563,0.42032200711794043,IMMUNE_EXHAUSTED
ACCCTATAGGACTGAG-1,5090,16960,-0.3111063571942977,-0.320427463552867,-0.5487495207984325,False,False,other,0.001155135766569,-0.1602137317764335,MIXED
ACCCTATGCCATATCG-1,13757,14716,0.988921204875842,0.1355827212110617,0.2017348105582939,True,False,interface,0.0558981490348951,0.06779136060553086,TUMOR
ACCCTCCCTTGCTATT-1,12193,9734,0.1995537338682285,0.2339794873086786,-0.4695221063483504,False,True,immune_core,0.0075093803092395,0.1169897436543393,MIXED
ACCCTGGTAACGCCCT-1,6885,6215,-0.5735723392713361,0.1355827212110617,-0.4368050719707619,False,False,other,0.0019618487011167,0.06779136060553086,MIXED
ACCCTTCATCTGCGAA-1,5298,11869,-0.5960761886525743,-0.320427463552867,-0.6546329958490664,False,False,other,0.0011584029787618,-0.1602137317764335,MIXED
ACCCTTGCCTGGGTCG-1,5904,4969,-0.7789980841293419,-0.320427463552867,-0.3924289126332829,False,False,other,1.2689364972944214e-05,-0.1602137317764335,MIXED
ACCCTTTAGTTCTCCA-1,3924,10169,-0.9913531565245204,0.2862370633743352,-0.0484762007630396,False,True,immune_core,0.0034261627228771,0.1431185316871676,MIXED
ACCGAAAGGGCCCTGC-1,4507,13225,-0.6491076069444611,-0.320427463552867,-0.5138982656858294,False,False,other,0.0002594950401797,-0.1602137317764335,MIXED
ACCGAAGAGTCTGGTT-1,13946,17997,0.9865065776878522,-0.320427463552867,-0.166195749191362,True,False,interface,0.0417388217547142,-0.1602137317764335,TUMOR
ACCGACACATCTCCCA-1,14748,11663,-0.4823858928304737,-0.320427463552867,-0.3868513365957632,False,False,other,0.0083899603879541,-0.1602137317764335,MIXED
ACCGACTGAGTCCCAC-1,8251,11762,0.3526143083292259,0.7272384353845281,0.3299511735159276,False,True,interface,0.0788404881669516,0.3636192176922641,IMMUNE_ACTIVE
ACCGATAGGCATAACC-1,14563,5893,-0.3905159637288437,-0.1522170808765231,0.5602519258811206,False,False,other,0.0023875677196943,-0.07610854043826155,MIXED
ACCGATATTTAATCAT-1,13383,5664,-0.9913531565245204,0.4558497065119976,-0.2792741423728774,False,True,immune_core,0.0077318839257022,0.2279248532559988,MIXED
ACCGATGGTAGCATCG-1,9832,8824,-0.17829537139939,0.3574529404143807,-0.3868513365957632,False,True,interface,0.0147735165703369,0.17872647020719035,MIXED
ACCGCAATAACTGCCT-1,12782,10301,0.0489902112688466,0.5550171981308567,0.2100383806231203,False,True,interface,0.255790947203296,0.27750859906542835,MIXED
ACCGCGGTGGAAGTCG-1,11411,7244,-0.8573720230285815,-0.320427463552867,-0.5487495207984325,False,False,interface,0.0225890065992625,-0.1602137317764335,MIXED
ACCGGGCCTTTGTTGA-1,11802,8150,0.1025760765393531,-0.1522170808765231,0.9841280747845323,False,False,interface,0.0206083608592129,-0.07610854043826155,STROMA
ACCGGTCAGGTACACC-1,14341,17546,0.107365933114314,-0.1522170808765231,-0.5627562926817552,False,False,other,0.000912288065204,-0.07610854043826155,MIXED
ACCGTGACCACGTGGG-1,14741,14831,1.4260327076697676,1.8542068772317408,0.9253150334894172,True,True,interface,0.1841076424806258,0.9271034386158704,IMMUNE_EXHAUSTED
ACCGTTCCCGCTCTGA-1,3723,11865,-0.6693166072343872,-0.1522170808765231,-0.2193571971717645,False,False,interface,0.0198679717281295,-0.07610854043826155,MIXED
ACCTAAGTACCTTTCA-1,12573,15845,1.0981606501553784,0.0159933017998207,0.2932585776970574,True,False,interface,0.0135289296923567,0.00799665089991035,TUMOR
ACCTAATCGACTTCCT-1,9029,15837,0.0198548372085398,0.4023315792448862,0.6658685596823004,False,True,immune_core,0.0233639320476154,0.2011657896224431,STROMA
ACCTACAGTATGTGGT-1,10822,6450,0.6756275454464014,-0.320427463552867,0.0124362109284053,True,False,interface,0.0265610501586296,-0.1602137317764335,TUMOR
ACCTCCGCCCTCGCTG-1,13576,7135,-0.1091978176679793,-0.320427463552867,-0.7246544768844247,False,False,other,0.0033776961302254,-0.1602137317764335,MIXED
ACCTCCGTTATTCACC-1,9444,6560,0.42196057209278,-0.320427463552867,-0.5627562926817552,True,False,tumor_core,0.0060244148578404,-0.1602137317764335,MIXED
ACCTGCGTGTCATGTT-1,11782,17201,-0.1389418610338953,0.3574529404143807,0.6336474135186537,False,True,immune_core,0.0450576853314113,0.17872647020719035,STROMA
ACGAAATGGGCGGCAC-1,9028,16516,-0.1703256053458435,0.1355827212110617,-0.1071394918118052,False,False,interface,0.0305940611756139,0.06779136060553086,MIXED
ACGAGAACCCATCACG-1,4306,15374,-0.9913531565245204,-0.320427463552867,-0.0288211630583818,False,False,other,0.0001679961574337,-0.1602137317764335,MIXED
ACGAGATATTTGCTTA-1,4514,10057,-0.218820549023238,-0.1522170808765231,0.2081263501330378,False,False,interface,0.0041468716711263,-0.07610854043826155,MIXED
ACGAGGATACCACTCT-1,12570,17202,0.0411993203644584,-0.0538203147789063,1.938486384773942,False,False,interface,0.0533012689597472,-0.02691015738945315,STROMA
ACGAGGTTTACAACGT-1,13947,17771,0.3166631777151321,-0.320427463552867,-0.6378992199319686,False,False,other,0.0068370024913852,-0.1602137317764335,MIXED
ACGAGTACGGATGCCC-1,8260,7463,0.2622902385429684,-0.320427463552867,-0.1291737955731249,False,False,other,0.0012318239544759,-0.1602137317764335,MIXED
ACGATACATAGAACTA-1,7073,10176,0.3330506075591623,0.2339794873086786,-0.4998914938025068,False,True,immune_core,0.0163412166425276,0.1169897436543393,MIXED
ACGATACCTATCCTGA-1,9219,19118,-0.7502663224384395,0.2321728077834345,0.250009112649808,False,True,immune_core,0.0026679741271104,0.11608640389171725,MIXED
ACGATCATACATAGAG-1,7660,12100,0.9813984743853056,-0.0538203147789063,0.3177378890057139,True,False,interface,0.0824469591130821,-0.02691015738945315,TUMOR
ACGATCATCTTGTAAA-1,9835,7693,0.2038213829826158,0.3574529404143807,-0.1431805674564475,False,True,interface,0.0302422209724951,0.17872647020719035,MIXED
ACGATGCATATGTTAT-1,10017,14368,0.2923980178666062,-0.1522170808765231,-0.0938217361031585,False,False,other,0.0030903219426307,-0.07610854043826155,MIXED
ACGATGGATCCGATGC-1,4708,11302,-0.850600739191554,-0.320427463552867,-0.3079119922835907,False,False,other,0.0005114938783131,-0.1602137317764335,MIXED
ACGCAAACTAATAGAT-1,15136,13927,1.4484509316198682,0.1355827212110617,2.378460595041502,True,False,interface,0.0920833426549703,0.06779136060553086,TUMOR
ACGCAATCACTACAGC-1,7671,6896,0.1418827121779872,-0.1522170808765231,0.2717562915936521,False,False,other,0.0135648811722633,-0.07610854043826155,MIXED
ACGCATACGTTTACTA-1,13772,7701,-0.170253164252547,0.0159933017998207,-0.3859422508991043,False,False,other,0.0133453917761553,0.00799665089991035,MIXED
ACGCATTCGTGAGTAC-1,9234,12330,1.5941009550424066,0.2339794873086786,1.1636986930105615,True,True,interface,0.0839673032367774,0.1169897436543393,TUMOR
ACGCCAGATGATTTCT-1,6087,10965,-0.5879412884073311,0.2862370633743352,-0.0113231707670833,False,True,immune_core,0.006942197107207,0.1431185316871676,MIXED
ACGCCGCTAGACGACC-1,11205,11203,0.0058829634415972,-0.0326276614652821,-0.0687643784641786,False,False,other,0.0015519960245485,-0.01631383073264105,MIXED
ACGCGAAGTCAGACGA-1,12383,12563,0.4507276950280481,0.1357244304709254,0.7092068554477076,True,False,interface,0.0338824159875844,0.0678622152354627,STROMA
ACGCGCTACACAGGGT-1,10801,15728,0.7800976261096964,0.2339794873086786,-0.0952000070239506,True,True,interface,0.0012569709945006,0.1169897436543393,TUMOR
ACGCGGGCCAAGGACA-1,9431,12217,2.1763566303904875,0.5820805174569074,0.7988803471708706,True,True,interface,0.3140870201691899,0.2910402587284537,STROMA
ACGCGTTTCTTAAGAG-1,8433,18664,-0.6924714557944238,0.0488662199089858,0.2703988084275586,False,False,other,0.0091276185270805,0.0244331099544929,MIXED
ACGCTAGTGATACACT-1,8259,7916,-0.2607286774222289,-0.1522170808765231,-0.4191938989924216,False,False,other,0.002176114594299,-0.07610854043826155,MIXED
ACGCTGTGAGGCGTAG-1,10403,17763,-0.420441093339039,-0.320427463552867,0.6173961527705948,False,False,other,0.0123793160785448,-0.1602137317764335,STROMA
ACGGAATTTAGCAAAT-1,5682,16169,-0.648545286422076,-0.320427463552867,-0.0769547630853924,False,False,other,0.0003441145053295,-0.1602137317764335,MIXED
ACGGACTCTCAAAGCG-1,14750,10758,0.5705874454804863,-0.1522170808765231,0.1746418854732709,True,False,interface,0.0099573909878868,-0.07610854043826155,MIXED
ACGGAGCGCAAATTAC-1,6293,7006,-0.6693166072343872,-0.320427463552867,-0.1796679073589558,False,False,other,0.0006386108378287,-0.1602137317764335,MIXED
ACGGATGGTGCGGATA-1,13963,10304,-0.609513905105473,-0.320427463552867,-0.5487495207984325,False,False,other,0.0041654831213495,-0.1602137317764335,MIXED
ACGGCACTTGCTTGGG-1,12974,12451,1.9502272143084305,-0.1522170808765231,0.1770519249002441,True,False,interface,0.0934275661896306,-0.07610854043826155,TUMOR
ACGGCCAACATGGACT-1,13170,13018,0.1962757697046457,-0.0538203147789063,0.0027846572255917,False,False,interface,0.0237161241109726,-0.02691015738945315,MIXED
ACGGCGACGATGGGAA-1,12388,10527,0.5005307163210695,-0.0538203147789063,0.3067770919663187,True,False,interface,0.0351433595753113,-0.02691015738945315,MIXED
ACGGCGGGTTGCCCTG-1,3714,15712,-0.7436817272064806,-0.320427463552867,-0.3000960796433071,False,False,other,0.0035162759121803,-0.1602137317764335,MIXED
ACGGGAGTGTCGGCCC-1,11981,16409,0.8927709656822654,0.1355827212110617,1.143861609474626,True,False,interface,0.0087776991602011,0.06779136060553086,TUMOR
ACGGGCGTATGCGACA-1,7476,5877,-0.7436817272064806,0.2170766025853298,-0.2342921280423926,False,True,immune_core,0.0119222067572365,0.1085383012926649,MIXED
ACGGGTCATGTGACTT-1,5678,18205,-0.8573720230285815,-0.320427463552867,-0.1460859608330919,False,False,other,6.879060406942517e-05,-0.1602137317764335,MIXED
ACGTACAGATTTCTCT-1,4707,11754,-0.8642251442495211,-0.320427463552867,-0.4697196299114825,False,False,other,6.521219769728728e-05,-0.1602137317764335,MIXED
ACGTAGATTGCTGATG-1,9235,11651,0.8951878658930046,0.8680736400192482,2.329922767648718,True,True,interface,0.0226463944148677,0.4340368200096241,IMMUNE_EXHAUSTED
ACGTATTACTCCGATC-1,10818,8261,-0.1457414793864103,-0.1522170808765231,0.0070366022858763,False,False,interface,0.0442963222088271,-0.07610854043826155,MIXED
ACGTCTCGTTCCGGGA-1,11386,18557,0.7365313714720264,0.4770423598256217,0.0008826305902493,True,True,tumor_core,0.0197191292415818,0.23852117991281085,MIXED
ACGTGACAAAGTAAGT-1,12960,18787,0.3532596078490884,-0.0538203147789063,-0.0919197094678161,False,False,interface,0.0638617601920626,-0.02691015738945315,MIXED
ACGTGCGCCTCGTGCA-1,6085,12097,-0.87080973948148,-0.320427463552867,-0.7164228046017538,False,False,other,0.0144990435250639,-0.1602137317764335,MIXED
ACGTTAATGTCGAAGA-1,10811,11428,-0.0117502605435161,-0.0538203147789063,0.4807531301968692,False,False,interface,0.0104661209521392,-0.02691015738945315,MIXED
ACGTTAGATTTGCCCG-1,10410,14822,0.4294906142374079,0.0488662199089858,0.3910696831090022,True,False,interface,0.0117988911812954,0.0244331099544929,MIXED
ACGTTATTGGTCACTC-1,6466,17755,-0.2080860209438604,-0.0538203147789063,0.1168998045588964,False,False,other,0.0014538888198152,-0.02691015738945315,MIXED
ACGTTCCGCGCTCCGT-1,4311,13111,-0.6731683485275104,-0.320427463552867,-0.4253434705740034,False,False,other,0.0001422173041453,-0.1602137317764335,MIXED
ACGTTCGCAATCAATT-1,9247,6447,-0.2085624708787317,-0.1522170808765231,-0.4697196299114825,False,False,interface,0.0066720140156697,-0.07610854043826155,MIXED
ACGTTCGTTCAGGAAA-1,14545,14265,-0.0723496759664668,-0.0326276614652821,-0.1805769930556146,False,False,interface,0.0853326319922651,-0.01631383073264105,MIXED
ACGTTCTGTACAAGTC-1,15542,8497,-0.1205005047553744,-0.320427463552867,-0.2502240021100427,False,False,interface,0.0451333730907221,-0.1602137317764335,MIXED
ACGTTTAGTTGTGATC-1,5495,11530,-0.513769637142422,-0.320427463552867,-0.5487495207984325,False,False,other,0.001292643436744,-0.1602137317764335,MIXED
ACTAAGGACGCACACC-1,4920,4853,-0.9913531565245204,-0.320427463552867,-0.5987032561734313,False,False,other,0.0004053388038203,-0.1602137317764335,MIXED
ACTAATACGTCAGGCG-1,4322,8133,-0.8573720230285815,-0.320427463552867,-0.3786196643130924,False,False,other,0.0001626058055207,-0.1602137317764335,MIXED
ACTACCAGCTCTCTGG-1,7654,14589,0.7076141671297599,0.1355827212110617,1.2731168016382477,True,False,interface,0.0055995115878504,0.06779136060553086,TUMOR
ACTACGCGTTAGAATT-1,14548,12907,-0.3229530328939046,-0.1522170808765231,-0.2390504708511939,False,False,other,0.0225747263043258,-0.07610854043826155,MIXED
ACTAGTTGCGATCGTC-1,12591,7473,-0.5584903222984847,-0.1522170808765231,-0.3679435505383652,False,False,interface,0.0168291688755602,-0.07610854043826155,MIXED
ACTATATGCTGTGTTC-1,5308,7343,-0.8642251442495211,-0.1522170808765231,-0.5987032561734313,False,False,other,0.0003092336563244,-0.07610854043826155,MIXED
ACTATCCAGGGCATGG-1,10230,7015,1.1697470650529471,1.0115751384272995,-0.2399786298384994,True,True,interface,0.0193297269528871,0.5057875692136498,IMMUNE_EXHAUSTED
ACTATCGCCGGCTAAA-1,5282,19110,-0.850600739191554,-0.1522170808765231,0.0390441987707826,False,False,other,0.0001449169780071,-0.07610854043826155,MIXED
ACTATCTGCCCGCGTA-1,13184,6456,-0.2688505873873083,-0.0538203147789063,-0.6757964498884991,False,False,other,0.007918677422988,-0.02691015738945315,MIXED
ACTATTCGTCCGTGGT-1,5497,10851,-0.8642251442495211,-0.320427463552867,-0.7164228046017538,False,False,other,0.0013880837537925,-0.1602137317764335,MIXED
ACTATTTCCGGGCCCA-1,14347,14604,0.4034012775364305,0.5217792893962635,0.3540428293057304,False,True,interface,0.1265827638948082,0.26088964469813175,MIXED
ACTCAACGAATGTATT-1,4109,15487,-0.8642251442495211,-0.320427463552867,-0.6176110422308293,False,False,other,7.336609347838457e-05,-0.1602137317764335,MIXED
ACTCAAGTGCAAGGCT-1,14555,9513,-0.4566656404008627,-0.1522170808765231,0.5528697013638305,False,False,other,0.0012988570752246,-0.07610854043826155,MIXED
ACTCAATAAAGGCACG-1,7661,11421,0.5187317603808117,0.2884100493568959,0.3119584051822364,True,True,interface,0.0077510907202759,0.14420502467844795,MIXED
ACTCAGACCTGCTTCT-1,4505,14356,-0.3219936370024671,-0.1522170808765231,-0.4698101764862601,False,False,other,0.0028317478509593,-0.07610854043826155,MIXED
ACTCCCATTCCTAAAG-1,11979,17314,-0.042938463372479,-0.1522170808765231,0.0152256384797304,False,False,interface,0.0241722631433657,-0.07610854043826155,MIXED
ACTCCCGAATTCGTTT-1,9048,7465,-0.0555359477935458,0.8563933752237073,-0.4760010357292991,False,True,immune_core,0.0199768161605587,0.42819668761185364,IMMUNE_EXHAUSTED
ACTCCCGTAGACTAGG-1,6887,5310,-0.356997190051392,-0.320427463552867,-0.6316178141141519,False,False,other,0.009203656911168,-0.1602137317764335,MIXED
ACTCCCTAATGCTAAA-1,13961,11435,-0.3350488802655482,0.4558497065119976,-0.6757964498884991,False,True,other,0.0665704356324579,0.2279248532559988,MIXED
ACTCCCTAGAATAGTA-1,12189,11318,0.4726568528257834,-0.1522170808765231,-0.4430864777885785,True,False,interface,0.0070225168257877,-0.07610854043826155,MIXED
ACTCGATGTATTTCAT-1,6268,18094,-0.602929309873514,-0.320427463552867,0.1392265927258693,False,False,other,0.0005589369454784,-0.1602137317764335,MIXED
ACTCGCCGTTCGATAA-1,15940,6688,-0.509966877591468,-0.320427463552867,-0.7164228046017538,False,False,other,0.0202624254524131,-0.1602137317764335,MIXED
ACTCGCGATCTGACGC-1,11022,4980,-0.1703256053458435,-0.320427463552867,-0.6069349284561023,False,False,other,0.0039652425145773,-0.1602137317764335,MIXED
ACTCGTAACCCGTCCT-1,12374,16636,1.0703847224106071,0.9818152171145172,1.454907313220388,True,True,interface,0.0731922817518051,0.4909076085572586,IMMUNE_EXHAUSTED
ACTCGTCAGTAATCCC-1,9829,10408,1.0191758073420214,0.6789824627448533,0.1754583357701362,True,True,interface,0.1212637460459849,0.33949123137242665,IMMUNE_ACTIVE
ACTCTAAACCTGGGAT-1,8038,19116,-0.87080973948148,-0.1522170808765231,1.589729661032677,False,False,other,0.0024571122643974,-0.07610854043826155,STROMA
ACTCTCTGACTTAGGT-1,11010,10411,0.0911353632218601,0.4836837513592905,0.2236416229979836,False,True,other,0.0101057083349805,0.24184187567964524,MIXED
ACTCTCTTATACACGA-1,4318,9717,-0.5667727209188212,-0.320427463552867,-0.6546329958490664,False,False,interface,0.0073110418168992,-0.1602137317764335,MIXED
ACTCTTCAGCTCCCGC-1,9841,4977,0.0083559141618611,-0.1522170808765231,-0.3812966690358911,False,False,other,0.0005087122996494,-0.07610854043826155,MIXED
ACTCTTGTATAGTAAC-1,9827,11313,0.7821943945676832,0.2862370633743352,0.5317323934092838,True,True,interface,0.0104128959103562,0.1431185316871676,TUMOR
ACTGAAACGCCGTTAG-1,13967,8720,0.5018289716609868,0.2321728077834345,-0.5580769014601766,True,True,interface,0.0678910328961688,0.11608640389171725,MIXED
ACTGAATGGCGAAAGT-1,11996,9847,-0.3120437521143651,-0.1522170808765231,-0.3761752228210359,False,False,interface,0.0293442917704309,-0.07610854043826155,MIXED
ACTGCCGTCGTAACTC-1,5890,11304,-0.768265853165914,-0.320427463552867,-0.2921469699023553,False,False,other,0.0012695195233698,-0.1602137317764335,MIXED
ACTGCGGACACACCGT-1,10036,5770,0.0547487201600862,-0.1522170808765231,-0.3632641593167864,False,False,other,0.0034475583324853,-0.07610854043826155,MIXED
ACTGCTCGGAAGGATG-1,13158,18222,0.5150153938512162,-0.0538203147789063,0.1774196735213178,True,False,interface,0.0099174206711644,-0.02691015738945315,MIXED
ACTGGCGAACCTGCGT-1,4722,4966,-0.9913531565245204,-0.320427463552867,-0.7353305906591517,False,False,other,5.825736509372821e-05,-0.1602137317764335,MIXED
ACTGTACGATACACAT-1,8648,10405,-0.5218977572855497,0.2339794873086786,-0.7246544768844247,False,True,interface,0.023948492374929,0.1169897436543393,MIXED
ACTGTAGCACTTTGGA-1,8047,14816,0.0387756879711786,0.5231170214095163,1.3295121047722385,False,True,interface,0.05044694300428,0.26155851070475816,STROMA
ACTGTATACGCGAGCA-1,4700,15149,-0.5653434435194244,-0.320427463552867,-0.324152442146417,False,False,other,0.0003636126102187,-0.1602137317764335,MIXED
ACTGTCCAGGATTATA-1,9233,13009,1.0360062663582736,0.5685935731361224,0.9211655593350162,True,True,interface,0.0433191878829413,0.2842967865680612,STROMA
ACTGTCTTCTTTAGAA-1,8644,11989,1.395090997181196,1.174114058843435,1.4285972375365714,True,True,interface,0.0338974766492914,0.5870570294217174,IMMUNE_EXHAUSTED
ACTGTGCTAGTAGATC-1,5289,15716,-0.602929309873514,-0.320427463552867,-0.4006605849159536,False,False,other,0.0007288102812078,-0.1602137317764335,MIXED
ACTGTTTAGTGTAGGC-1,3328,12543,-0.9913531565245204,-0.320427463552867,0.1841180604815765,False,False,other,0.0008463926089148,-0.1602137317764335,MIXED
ACTTACCGGGCGCGCA-1,4912,8474,-0.87080973948148,-0.320427463552867,-0.0442377287078039,False,False,other,0.0011419284849967,-0.1602137317764335,MIXED
ACTTACGCATCCACGC-1,14160,10418,-0.5894915934206155,0.1355827212110617,-0.7246544768844247,False,False,other,0.0079695129625489,0.06779136060553086,MIXED
ACTTAGTACGACAAGA-1,5486,15603,-0.3866416248674226,-0.1522170808765231,0.2958037481836214,False,False,other,0.0012011725758845,-0.07610854043826155,MIXED
ACTTATACTTACCCGG-1,9832,9050,-0.0214382877676337,0.5231170214095163,-0.5298417347410346,False,True,interface,0.0313493543695476,0.26155851070475816,MIXED
ACTTATTAGGATCGGT-1,10216,13350,2.1640863367553544,-0.0538203147789063,0.6058209226241242,True,False,interface,0.0862479813324063,-0.02691015738945315,TUMOR
ACTTATTTATGTGCCA-1,11800,9055,1.2086372990847565,0.4021898699850225,1.3293529494022398,True,True,interface,0.1224638226204734,0.20109493499251124,STROMA
ACTTCAGGCTGATCCC-1,12782,10075,-0.4566656404008627,-0.320427463552867,-0.6378992199319686,False,False,other,0.1159132078201222,-0.1602137317764335,MIXED
ACTTCCAGTGGAAGCT-1,13944,18902,0.3424455395017483,-0.0538203147789063,-0.4430864777885785,False,False,interface,0.001671263503492,-0.02691015738945315,MIXED
ACTTCCATGCGGGACA-1,14752,9627,-0.4234493302097134,0.0488662199089858,-0.5627562926817552,False,False,other,0.000338106401339,0.0244331099544929,MIXED
ACTTCGCCATACGCAC-1,8056,10744,0.1054199056086471,-0.0326276614652821,0.1427044138451359,False,False,interface,0.0550369161108678,-0.01631383073264105,MIXED
ACTTCGCTAGCGAGTG-1,8857,4862,0.1421054431604236,-0.320427463552867,-0.7164228046017538,False,False,other,0.0023846306999817,-0.1602137317764335,MIXED
ACTTGACTCCCTCTTT-1,11008,11089,1.4280012518557272,-0.0538203147789063,1.2559322782344091,True,False,interface,0.0297066882294398,-0.02691015738945315,TUMOR
ACTTGCCATATTGTAC-1,3524,12883,-0.9913531565245204,-0.320427463552867,-0.4256315407119131,False,False,other,0.0003633734737114,-0.1602137317764335,MIXED
ACTTGGGACCCGGTGG-1,8444,13686,0.5665813903580847,0.8093234448208328,0.6118728017532218,True,True,interface,0.1730619889215129,0.4046617224104164,IMMUNE_EXHAUSTED
ACTTGTAGTCCCTTCA-1,11387,18105,1.0505234350209127,-0.1522170808765231,-0.3924289126332829,True,False,tumor_core,0.002191350498784,-0.07610854043826155,TUMOR
ACTTGTGGATGGAACG-1,12986,7021,-0.3540776475074877,0.0488662199089858,-0.911235546745144,False,False,other,0.001627021531664,0.0244331099544929,MIXED
ACTTTACCCTCATGAA-1,9048,7238,-0.5439927472527539,-0.320427463552867,-0.6757964498884991,False,False,other,0.080989710642271,-0.1602137317764335,MIXED
ACTTTCCTATAGCTTC-1,8250,12215,0.5579060208337672,0.1842036844761646,0.835692816769919,True,False,interface,0.0470916460473219,0.0921018422380823,STROMA
ACTTTGACTGCATCCT-1,10403,17990,0.3722436858036242,-0.320427463552867,0.3717776650110954,False,False,interface,0.0165716538446584,-0.1602137317764335,MIXED
ACTTTGTCGACGCACT-1,13776,5665,-0.6722624555044977,-0.1522170808765231,0.5518574844466145,False,False,other,0.0028631690848526,-0.07610854043826155,MIXED
AGAAATTATGACTCGC-1,13185,6229,-0.2175627902703585,-0.1522170808765231,0.2359891271155677,False,False,other,0.0233533190209566,-0.07610854043826155,MIXED
AGAACCCAGCGTGACA-1,11415,5207,-0.0696718817002182,-0.320427463552867,0.146673631532947,False,False,other,0.0068853498551957,-0.1602137317764335,MIXED
AGAACGTGGTACATTC-1,8056,10970,0.8326108362182844,0.0159933017998207,0.419523764252282,True,False,interface,0.184745443149972,0.00799665089991035,TUMOR
AGAAGAGCGCCGTTCC-1,10225,9278,-0.7300573221485134,-0.320427463552867,-0.911235546745144,False,False,other,0.0609326741913446,-0.1602137317764335,MIXED
AGAAGGTACACTTCAC-1,12963,17656,1.6318187857797557,0.1892425577380367,0.4766731519677071,True,True,interface,0.1160044997479408,0.09462127886901835,TUMOR
AGAAGGTTGCCGAATT-1,11001,14257,0.924501347132034,0.3039348131472694,-0.7246544768844247,True,True,interface,0.0093310043597738,0.1519674065736347,MIXED
AGAAGGTTGTAGGTCG-1,15341,10420,-0.2272635607090158,0.3366660219965708,-0.7493373625424743,False,True,other,0.0484596621527756,0.1683330109982854,MIXED
AGAAGTGATTCGTGAT-1,12179,16070,1.8044309669523213,-0.1522170808765231,0.1186021790185718,True,False,tumor_core,0.0147277806842677,-0.07610854043826155,TUMOR
AGAATAAATCTTCAGG-1,10009,17989,-0.4823858928304737,-0.0538203147789063,-0.0192667729118444,False,False,interface,0.0632873607946042,-0.02691015738945315,MIXED
AGAATGCGGGTTCGGA-1,5112,7003,-0.9913531565245204,-0.320427463552867,-0.6316178141141519,False,False,other,0.0011888668306499,-0.1602137317764335,MIXED
AGAATTATGGATTCGA-1,9046,8144,0.4080383921945666,0.6730867873492586,-0.1392390762088329,False,True,interface,0.0978904048616389,0.3365433936746293,IMMUNE_ACTIVE
AGAATTGTTTGACATA-1,6075,16622,-0.5584903222984847,-0.320427463552867,-0.2538178936704855,False,False,other,0.0002315825686361,-0.1602137317764335,MIXED
AGACAGCTCAGAATCC-1,7056,17869,-0.377572497083679,0.3154733686829467,1.8094758511581364,False,True,immune_core,0.0021458674297142,0.15773668434147334,STROMA
AGACATAGATCCTTCC-1,4112,13903,-0.6097005937105415,-0.320427463552867,-0.1079190545612587,False,False,other,0.0011724150095243,-0.1602137317764335,MIXED
AGACCAAACCACACCT-1,12764,18221,0.9491526923711768,-0.320427463552867,0.2451483037512747,True,False,interface,0.0130422616220343,-0.1602137317764335,TUMOR
AGACCATGGGATACAA-1,7060,16059,0.2386342335694651,0.3037931038874057,-0.117375958170208,False,True,immune_core,0.0097612290923524,0.15189655194370286,MIXED
AGACCCACCGCTGATC-1,12385,11884,-0.1540930424623268,-0.320427463552867,0.5528697013638305,False,False,interface,0.0109256889792993,-0.1602137317764335,MIXED
AGACCCGCCCTCCTCG-1,7855,12893,1.35836204210795,-0.0538203147789063,1.0532809616967287,True,False,interface,0.048752958837613,-0.02691015738945315,TUMOR
AGACCGCTCCGCGGTT-1,12790,6681,-0.5205944238478741,-0.320427463552867,-0.7049612032049952,False,False,other,0.0028895467991966,-0.1602137317764335,MIXED
AGACCGGGAAACCCTG-1,10798,17312,0.1068547472287435,-0.320427463552867,-0.3539367786550427,False,False,interface,0.0615442893910206,-0.1602137317764335,MIXED
AGACGAAGTGCCGGTC-1,12393,8264,2.365483648076748,0.2339794873086786,0.233731376889215,True,True,interface,0.1540733353013691,0.1169897436543393,TUMOR
AGACGACGATGCCGCT-1,13164,15507,0.935770960003076,0.9662904533241436,1.024449149044501,True,True,interface,0.0970711436860976,0.4831452266620718,IMMUNE_EXHAUSTED
AGACGCCCACTTCGCC-1,14564,5667,-0.9913531565245204,-0.320427463552867,-0.0529963043962578,False,False,other,0.0094794523298242,-0.1602137317764335,MIXED
AGACGGGCCGATTTAA-1,4323,7681,-0.9913531565245204,0.4566204320332398,-0.5298417347410346,False,True,immune_core,0.0204898553787844,0.2283102160166199,MIXED
AGACTAGCCTTCCAGA-1,8246,14025,0.7676442671123469,0.0488662199089858,0.9585675013448348,True,False,interface,0.0025703133231196,0.0244331099544929,TUMOR
AGACTGTTACCGGGTC-1,15136,14153,0.8691274760897246,-0.1522170808765231,0.777626321886828,True,False,interface,0.1064327632483357,-0.07610854043826155,TUMOR
AGAGAACCGTCTAGGA-1,7863,9272,0.3338145717136487,-0.0538203147789063,-0.3859422508991043,False,False,other,0.0139519932705783,-0.02691015738945315,MIXED
AGAGAAGGAGTACAAT-1,14149,15396,1.29094493153927,0.3037931038874057,0.2700528123618212,True,True,interface,0.0743640472623864,0.15189655194370286,MIXED
AGAGATCTCTAAAGCG-1,10601,17198,0.1486069080987328,-0.1522170808765231,-0.0503255698847362,False,False,interface,0.0124650924234032,-0.07610854043826155,MIXED
AGAGCAGTTATGAGAC-1,8436,17080,-0.6097005937105415,-0.320427463552867,-0.1682063059621972,False,False,other,0.0189360733389661,-0.1602137317764335,MIXED
AGAGCCGCCGAGATTT-1,14168,6571,-0.4879769436195145,-0.320427463552867,-0.911235546745144,False,False,other,0.0043594757060018,-0.1602137317764335,MIXED
AGAGCGCTTGTAACGG-1,6494,4857,-0.9913531565245204,-0.320427463552867,-0.911235546745144,False,False,other,0.001625320284215,-0.1602137317764335,MIXED
AGAGCGGGCTAATCAT-1,5888,11983,0.1269500097650691,-0.1522170808765231,-0.0484762007630396,False,False,other,0.0149187012263824,-0.07610854043826155,MIXED
AGAGCGTACAAGCTCG-1,7454,16060,-0.1610256823792223,-0.320427463552867,0.5318377490619761,False,False,other,0.0090481101574317,-0.1602137317764335,MIXED
AGAGCTACGAAAGCAT-1,4695,17411,-0.5003319206895234,-0.320427463552867,-0.018106813308883,False,False,other,0.0003066245717555,-0.1602137317764335,MIXED
AGAGGCTTCGGAAACC-1,12787,7812,-0.3984347976986048,0.0159933017998207,-0.1431805674564475,False,False,interface,0.0645345138214367,0.00799665089991035,MIXED
AGAGGTATCTCGGTCC-1,3326,13448,-0.9913531565245204,-0.320427463552867,-0.2535459101655279,False,False,other,0.0016178983296339,-0.1602137317764335,MIXED
AGAGTAAACTTCACTA-1,12198,7245,-0.2740396393624411,0.6427064408207573,0.8285130383110556,False,True,interface,0.0485124286276253,0.32135322041037867,IMMUNE_ACTIVE
AGAGTATAGTGTTACG-1,8265,5427,-0.9913531565245204,-0.0326276614652821,-0.4760010357292991,False,False,other,0.0070100476016615,-0.01631383073264105,MIXED
AGAGTTAGAGACCGAT-1,3928,8132,-0.6663152273065707,-0.320427463552867,-0.7049612032049952,False,False,other,0.0013206907314547,-0.1602137317764335,MIXED
AGAGTTGCAGGCCTCC-1,4919,5080,-0.87080973948148,-0.320427463552867,-0.6176110422308293,False,False,other,9.707919278681768e-05,-0.1602137317764335,MIXED
AGATAACTTCAGGGCC-1,9033,14253,1.5317539520523415,0.3039348131472694,1.2713166314693731,True,True,interface,0.0157058685827032,0.1519674065736347,STROMA
AGATACCAATAGAACC-1,15349,6800,0.4682893360906252,0.7210410705111509,-0.3821719453741844,True,True,immune_core,0.0420446428455993,0.3605205352555754,IMMUNE_ACTIVE
AGATACCAGCACTTCA-1,5902,5874,0.5118115558269067,1.063284958960442,-0.4760010357292991,True,True,tumor_core,0.0385707493313763,0.531642479480221,IMMUNE_EXHAUSTED
AGATACCGGTGTTCAC-1,10606,14935,0.2596708993060374,0.2321728077834345,-0.4458517177971255,False,True,interface,0.0174822416096323,0.11608640389171725,MIXED
AGATACGACTTCATAT-1,5684,15264,-0.3529883711242458,-0.320427463552867,-0.0439496585698942,False,False,other,0.0022378982310455,-0.1602137317764335,MIXED
AGATACTCAAGATCGA-1,11798,9960,0.1504828507567248,-0.0538203147789063,-0.4450367442534327,False,False,interface,0.03299988594676,-0.02691015738945315,MIXED
AGATATAATACGACTA-1,15339,11099,1.4673604557851294,-0.0326276614652821,-0.7353305906591517,True,False,interface,0.0743311203269136,-0.01631383073264105,TUMOR
AGATCGTGCATAAGAT-1,6881,8252,-0.7368286059855409,-0.1522170808765231,-0.5298417347410346,False,False,other,0.0028000447881093,-0.07610854043826155,MIXED
AGATCTCAGGTGTGAT-1,8450,10744,0.1857487675576596,-0.1522170808765231,-0.1899043737173585,False,False,interface,0.0158928245631679,-0.07610854043826155,MIXED
AGATGACTCGCCCACG-1,6870,13004,0.6304352204396496,0.0159933017998207,0.3293517721384705,True,False,interface,0.0081738224592253,0.00799665089991035,TUMOR
AGATGAGGGTTGCGAT-1,5503,8136,-0.850600739191554,-0.320427463552867,-0.7493373625424743,False,False,other,0.0004618187495267,-0.1602137317764335,MIXED
AGATGATGGAGTCTGG-1,9442,7239,0.4353530730440716,-0.0326276614652821,-0.6378992199319686,True,False,interface,0.0127709567321095,-0.01631383073264105,MIXED
AGATGCAAGACGTGCA-1,14146,16527,0.5700251560319135,0.1355827212110617,0.6102797279004113,True,False,interface,0.0716994236244303,0.06779136060553086,STROMA
AGATGCATCCTGTGTC-1,12173,18559,1.7065134182232289,-0.1522170808765231,-0.3564819491416067,True,False,interface,0.0607658089989592,-0.07610854043826155,TUMOR
AGATGCTATAACGAGC-1,4890,18430,-0.7166196056956149,0.0488662199089858,0.222470212168957,False,False,other,0.0012296284106516,0.0244331099544929,MIXED
AGATTATAGGACGTTT-1,9823,13123,0.6445167836685473,2.653895027898447,0.4566510087386141,True,True,interface,0.1922134401815514,1.3269475139492235,IMMUNE_EXHAUSTED
AGATTCACAACCGATA-1,13159,17769,1.0613392931104193,1.182898517900026,0.6227691257302387,True,True,interface,0.2350092625821444,0.591449258950013,IMMUNE_EXHAUSTED
AGCAAAGGCCGCTAGT-1,14552,11097,0.6429913094776519,0.0701449498350903,-0.2202737611715151,True,False,interface,0.0517507162292824,0.03507247491754515,TUMOR
AGCAACATATCTTATT-1,10817,8713,0.50700122270105,-0.320427463552867,-0.35200008148316,True,False,interface,0.0835388287683256,-0.1602137317764335,MIXED
AGCAACCGAAAGTAAT-1,13752,16979,0.9693437916289356,-0.1522170808765231,0.1668065526287008,True,False,interface,0.0049677994252228,-0.07610854043826155,TUMOR
AGCACCAGTACTCACG-1,8054,11875,0.9157315266003866,0.1355827212110617,0.6498376698068821,True,False,interface,0.0065285255646736,0.06779136060553086,TUMOR
AGCACTACCGGCCTGT-1,9421,16969,0.1748774993665357,1.5709246296067754,0.3667977484396568,False,True,immune_core,0.0949916768667465,0.7854623148033877,IMMUNE_EXHAUSTED
AGCACTACCTCACCAG-1,13176,10076,-0.1609200881436391,-0.0326276614652821,-0.7935159983168215,False,False,other,0.019061411229239,-0.01631383073264105,MIXED
AGCACTTAAGGACGCC-1,8834,15271,0.1843151126950953,-0.320427463552867,1.024216584658998,False,False,interface,0.0070774040080349,-0.1602137317764335,STROMA
AGCAGAAGGAGAAAGA-1,15338,11552,-0.2458073701505437,0.2339794873086786,-0.1813624806776459,False,True,interface,0.0596051006414512,0.1169897436543393,MIXED
AGCAGCCAGATGAATA-1,13761,12679,0.3600053160591518,0.7272384353845281,0.6098965220349103,False,True,interface,0.2769081118377769,0.3636192176922641,IMMUNE_ACTIVE
AGCATATCAATATGCT-1,12786,8491,0.3550277177650867,-0.0326276614652821,0.3929239094055857,False,False,interface,0.032951816051831,-0.01631383073264105,MIXED
AGCATCATTTCGAAAG-1,13161,17091,0.6125219158450551,0.8251433899738505,0.4742742124308799,True,True,interface,0.1217051743197747,0.41257169498692525,IMMUNE_EXHAUSTED
AGCATCGTCGATAATT-1,7066,13344,0.8142205036149421,0.4987799565573952,0.9321498906788978,True,True,interface,0.0102448075546567,0.2493899782786976,STROMA
AGCATTACGAGGCAAG-1,15938,7367,-0.3782114505381926,-0.1522170808765231,-0.7353305906591517,False,False,interface,0.0162779994085247,-0.07610854043826155,MIXED
AGCCAAGCTTTGTGTC-1,15336,12683,-0.6722624555044977,0.1357244304709254,-0.6324327876578446,False,False,other,0.0099778265396915,0.0678622152354627,MIXED
AGCCACAGGTTACCCG-1,15147,9175,-0.6663152273065707,-0.320427463552867,-0.060907178162438,False,False,interface,0.0244906448769354,-0.1602137317764335,MIXED
AGCCACTCCCGTGCTT-1,7270,10063,-0.3732039084145241,-0.1522170808765231,-0.4227983000874394,False,False,interface,0.0075142674060062,-0.07610854043826155,MIXED
AGCCCATACATGTAAG-1,10997,16294,0.5417567388486183,-0.320427463552867,-0.2099763480487353,True,False,interface,0.007324350341183,-0.1602137317764335,MIXED
AGCCCGGTAGCCTGTA-1,14743,13700,0.1869736266915797,-0.0538203147789063,0.1431288287749466,False,False,interface,0.1680380490527602,-0.02691015738945315,MIXED
AGCCCTAAGCGAAGTT-1,5692,11870,-0.1214063977783871,-0.0538203147789063,-0.6069349284561023,False,False,other,0.0014865675538048,-0.02691015738945315,MIXED
AGCCCTGTCGCACCGT-1,10824,5545,-0.3375073941794099,-0.320427463552867,-0.3281321693688031,False,False,other,0.0101893419080117,-0.1602137317764335,MIXED
AGCCCTTCTAATCCGA-1,6095,7571,0.6414978006079617,-0.0538203147789063,-0.1161493784165697,True,False,other,0.0397561888152239,-0.02691015738945315,TUMOR
AGCCCTTGGACATCCC-1,13973,6005,-0.5324159311945439,0.2170766025853298,0.0985157621373597,False,True,immune_core,0.0042919576112627,0.1085383012926649,MIXED
AGCCGCAAATTCAAAT-1,10007,18894,-0.5273940422003892,-0.1522170808765231,-0.5580769014601766,False,False,interface,0.0034716562372241,-0.07610854043826155,MIXED
AGCCGTGGCTAAATGT-1,12571,16750,1.0702102611448991,0.1355827212110617,1.5688366888447638,True,False,interface,0.0177244355194247,0.06779136060553086,TUMOR
AGCCTAATACCCACGT-1,12569,17655,1.948111186485168,0.907506910069474,-0.1040928729981014,True,True,interface,0.0948424049296898,0.453753455034737,IMMUNE_EXHAUSTED
AGCCTTAAAGCGGAAG-1,6860,17529,-0.5843319975635614,-0.0538203147789063,0.6058370014275258,False,False,other,0.0033975416949589,-0.02691015738945315,STROMA
AGCGACAGGAACGGTC-1,12771,15053,1.596873542980502,-0.1522170808765231,0.4359678456672297,True,False,interface,0.0194162786541885,-0.07610854043826155,TUMOR
AGCGACATCCCATTCA-1,6084,12549,0.2982263955639889,0.3154733686829467,0.4415762770681323,False,True,immune_core,0.0156557413802402,0.15773668434147334,MIXED
AGCGACCAACGATATT-1,7658,13005,0.1998024866318518,-0.320427463552867,0.2522585784234029,False,False,interface,0.1252807662891918,-0.1602137317764335,MIXED
AGCGATGCGCCTAATA-1,15348,7026,0.4183885856940552,0.6577037328187488,-0.0729997988327289,False,True,interface,0.0427240050137249,0.3288518664093744,IMMUNE_ACTIVE
AGCGCATAATGAATCG-1,13957,13019,-0.3288184237079194,0.2321728077834345,-0.1431805674564475,False,True,immune_core,0.0414647662118446,0.11608640389171725,MIXED
AGCGCGGGTGCCAATG-1,7470,8819,0.1489302298658759,-0.320427463552867,0.2266596642095057,False,False,other,0.0344071843288801,-0.1602137317764335,MIXED
AGCGCTAGAGCGATGT-1,10627,5432,-0.6491076069444611,-0.0538203147789063,-0.7493373625424743,False,False,other,0.0142164309136452,-0.02691015738945315,MIXED
AGCGCTTATGGGCAAG-1,4321,8359,-0.7300573221485134,-0.320427463552867,-0.7164228046017538,False,False,other,0.0040334178078709,-0.1602137317764335,MIXED
AGCGGACACTTCGTAG-1,14943,12230,-0.2526604913714835,1.0120001242826102,0.0152256384797304,False,True,immune_core,0.019570087235939,0.5060000621413051,IMMUNE_EXHAUSTED
AGCGGCGGTTAGCGGT-1,12568,17881,0.8247134462823421,-0.320427463552867,0.690592744228624,True,False,interface,0.0426093701183335,-0.1602137317764335,TUMOR
AGCGGGAAGGGTCCAT-1,5291,15037,-0.5735723392713361,-0.320427463552867,-0.4191938989924216,False,False,other,0.0029267713179925,-0.1602137317764335,MIXED
AGCGGGTCTGACACTC-1,15732,11779,-0.091951666446604,0.2170766025853298,0.7723883363297028,False,True,interface,0.0185392403794264,0.1085383012926649,STROMA
AGCGGTTGCCGCTCTG-1,6295,6101,-0.8642251442495211,-0.320427463552867,-0.5545246203990845,False,False,other,0.0010326728636346,-0.1602137317764335,MIXED
AGCGTACGAGAGCTAG-1,4303,16505,-0.850600739191554,-0.320427463552867,-0.7246544768844247,False,False,other,0.0001231045388929,-0.1602137317764335,MIXED
AGCGTAGCGCTAGACC-1,3319,16390,-0.8642251442495211,-0.1522170808765231,0.2996094946205318,False,False,other,0.000265495303266,-0.07610854043826155,MIXED
AGCGTCTGAACCCGCA-1,3913,15147,-0.87080973948148,-0.320427463552867,-0.6316178141141519,False,False,other,8.99551826088592e-05,-0.1602137317764335,MIXED
AGCGTGGTATTCTACT-1,11599,11204,0.0750071500853876,-0.320427463552867,0.1071405776218133,False,False,other,0.0015415866620628,-0.1602137317764335,MIXED
AGCTAACAAGCAATGT-1,14739,15510,1.0361649102542292,0.1355827212110617,0.376847339059444,True,False,interface,0.0050700448195977,0.06779136060553086,TUMOR
AGCTAAGTACGCAGGC-1,15343,9515,-0.511117654521376,-0.1522170808765231,-0.7935159983168215,False,False,interface,0.0004680025798967,-0.07610854043826155,MIXED
AGCTAGAAGCAGAAGT-1,6881,8026,-0.316209117506242,-0.320427463552867,-0.5627562926817552,False,False,other,0.0084951623520451,-0.1602137317764335,MIXED
AGCTATTTAATCCAAC-1,5891,10852,-0.4080207728583802,0.1355827212110617,-0.2390504708511939,False,False,other,0.0069488939488216,0.06779136060553086,MIXED
AGCTCCATATATGTTC-1,13971,6910,-0.3945830564054816,-0.320427463552867,-0.7935159983168215,False,False,other,0.0020268955569744,-0.1602137317764335,MIXED
AGCTCCTTCGCACATC-1,12981,9510,0.5118432197763543,-0.320427463552867,-0.4048500369565023,True,False,other,0.0495745749689133,-0.1602137317764335,MIXED
AGCTCGTTGATGGAAA-1,5903,5195,-0.8642251442495211,-0.320427463552867,-0.2390504708511939,False,False,other,0.0001178983731678,-0.1602137317764335,MIXED
AGCTCTAGACGTTCCA-1,10222,10635,-0.3122481703798416,0.3574529404143807,0.3076201276374333,False,True,interface,2.128834228212409,0.17872647020719035,MIXED
AGCTCTTCCCAGTGCA-1,6288,9269,-0.850600739191554,-0.320427463552867,-0.6316178141141519,False,False,other,0.0049054823419857,-0.1602137317764335,MIXED
AGCTCTTCGTAACCTT-1,10427,7128,0.5206871818957287,0.0488662199089858,-0.2202737611715151,True,False,interface,0.0110804177907834,0.0244331099544929,MIXED
AGCTCTTTACTCAGTT-1,10805,14144,1.493828550441593,0.3154733686829467,-0.0465641702729569,True,True,interface,0.108366432472064,0.15773668434147334,MIXED
AGCTGAAGTAAACCAA-1,6681,9722,0.2393551701661223,-0.1522170808765231,0.3178469578580817,False,False,other,0.0184932726927727,-0.07610854043826155,MIXED
AGCTGTAACCTCAATC-1,13360,16073,2.50233015486861,1.3485625988951615,0.5614147089312909,True,True,interface,0.1651795735092941,0.6742812994475808,IMMUNE_EXHAUSTED
AGCTTATAGAGACCTG-1,3718,13902,-0.6231383101634401,-0.320427463552867,-0.6546329958490664,False,False,other,0.0012327916887113,-0.1602137317764335,MIXED
AGCTTCTTCTCGAGCA-1,16134,7933,-0.6584546670863014,-0.320427463552867,-0.1320070361975986,False,False,interface,0.0608690268780375,-0.1602137317764335,MIXED
AGCTTGATCTTAACTT-1,10799,16633,0.1580227725599415,-0.320427463552867,0.2886032529543629,False,False,interface,0.0178615562655073,-0.1602137317764335,MIXED
AGGAAAGCCTCTGATG-1,3710,17749,-0.8642251442495211,-0.320427463552867,0.2003763173857318,False,False,other,0.0002544537862391,-0.1602137317764335,MIXED
AGGAAGCTGTCCGCCG-1,14747,11890,-0.5826384721996758,0.0488662199089858,-0.5627562926817552,False,False,other,0.0030141833030049,0.0244331099544929,MIXED
AGGACAGTCGAATCCC-1,11209,9619,1.222064158886408,-0.320427463552867,0.6647603838526771,True,False,interface,0.0529368319387439,-0.1602137317764335,TUMOR
AGGACATCGCACGTCG-1,5882,14925,0.0435998583690045,-0.320427463552867,-0.2243811568490316,False,False,other,0.0038515857306927,-0.1602137317764335,MIXED
AGGACGACCCATTAGA-1,11199,14145,-0.1105979604987259,-0.1522170808765231,0.5720854031232836,False,False,interface,0.0013528097952598,-0.07610854043826155,MIXED
AGGACGCTCGATGTTG-1,6290,8137,-0.5899275694788578,-0.320427463552867,-0.1242727813990495,False,False,other,0.0017445453430465,-0.1602137317764335,MIXED
AGGACTTATAGGAGAA-1,5282,18883,-0.8642251442495211,-0.1522170808765231,-0.1892491669010482,False,False,other,0.0001441038948877,-0.07610854043826155,MIXED
AGGAGACATCCACAGT-1,7477,5425,-0.87080973948148,-0.320427463552867,-0.7935159983168215,False,False,other,0.0067890641182691,-0.1602137317764335,MIXED
AGGAGAGTCTGGCTAC-1,7872,4973,-0.0554550764757562,-0.1522170808765231,-0.6316178141141519,False,False,other,0.0006317304004435,-0.07610854043826155,MIXED
AGGAGGCCTTCGCGCG-1,12984,8152,0.4553753847289289,-0.320427463552867,-0.4760010357292991,True,False,interface,0.041148982564379,-0.1602137317764335,MIXED
AGGATAAAGTCGGGAT-1,13172,11886,1.240962670561775,0.1355827212110617,-0.3190855235424395,True,False,interface,0.0070204001572492,0.06779136060553086,TUMOR
AGGATATAGGGATTTA-1,11802,8376,-0.1388883581654705,-0.320427463552867,-0.297718475240352,False,False,other,0.0178929202505403,-0.1602137317764335,MIXED
AGGATCACGCGATCTG-1,12176,17428,0.7343418585587004,-0.1522170808765231,1.1778012790429673,True,False,interface,0.0091659070085711,-0.07610854043826155,TUMOR
AGGATTGCTTACGACA-1,8658,5654,-0.2606019229095425,-0.320427463552867,-0.7164228046017538,False,False,other,0.0008807707357211,-0.1602137317764335,MIXED
AGGCAAAGAGGAATCA-1,2929,14805,-0.7436817272064806,0.5585362411998898,-0.1547341477946035,False,True,immune_core,0.0023049701820725,0.2792681205999449,MIXED
AGGCACGTGACTGTCC-1,13972,6231,-0.87080973948148,0.0488662199089858,-0.6069349284561023,False,False,other,0.0106336738496699,0.0244331099544929,MIXED
AGGCAGATGCGTAAAC-1,7862,9499,0.0149774308854243,0.1355827212110617,0.3192568354234843,False,False,interface,0.0024322847302806,0.06779136060553086,MIXED
AGGCAGGGAGCGTACT-1,14349,13699,-0.1782670368839025,1.617359100758033,-0.3868513365957632,False,True,interface,0.2750429035954807,0.8086795503790165,IMMUNE_EXHAUSTED
AGGCATTGTCGTAGGG-1,12393,8038,2.4056754892217036,0.1355827212110617,0.9281934589415772,True,False,interface,0.1096845438189265,0.06779136060553086,TUMOR
AGGCCACATTGGTTAC-1,11809,4982,-0.0027195526222152,-0.1522170808765231,-0.3379933095998376,False,False,other,0.0071841661760516,-0.07610854043826155,MIXED
AGGCCACCCGTTATGA-1,8244,14930,0.0431617667354637,-0.0538203147789063,0.7052575013928892,False,False,interface,0.011564688397162,-0.02691015738945315,STROMA
AGGCCCAGTGACTGGT-1,4498,17524,-0.87080973948148,-0.320427463552867,0.5865950120734621,False,False,other,0.0002150518495689,-0.1602137317764335,MIXED
AGGCCCATTGTACAGG-1,5689,13001,0.3263864720592411,-0.1522170808765231,0.06335997876444,False,False,other,0.020427904307443,-0.07610854043826155,MIXED
AGGCCCTAGAACGCCA-1,11587,16408,1.8322746062341049,-0.1522170808765231,-0.1052833374999171,True,False,interface,0.0549189916137291,-0.07610854043826155,TUMOR
AGGCCTGAGAATCTCG-1,14950,9288,-0.5960761886525743,0.3549066387331724,-0.229460560365976,False,True,immune_core,0.0064708031235026,0.1774533193665862,MIXED
AGGCGATAACTGGCGT-1,14171,5440,-0.7300573221485134,-0.1522170808765231,0.097440278409653,False,False,other,0.0004678623958952,-0.07610854043826155,MIXED
AGGCGGTTTGTCCCGC-1,14341,17319,-0.0918268057598049,-0.320427463552867,-0.1920385944523732,False,False,other,0.0058688740266703,-0.1602137317764335,MIXED
AGGCGTCTATGGACGG-1,5900,6553,-0.8642251442495211,-0.320427463552867,-0.6176110422308293,False,False,other,0.0036370666927313,-0.1602137317764335,MIXED
AGGCTATGGTTAGCTT-1,7848,15834,-0.0863695596341044,-0.1522170808765231,1.4169249769726695,False,False,other,0.0061796216579205,-0.07610854043826155,STROMA
AGGCTTCCCGAAGAAG-1,12576,14487,-0.0679527527818242,0.6427064408207573,-0.1985756934163537,False,True,interface,0.1434992962057956,0.32135322041037867,IMMUNE_ACTIVE
AGGCTTGCTAGACACC-1,7452,17191,-0.0976793503977192,0.5231170214095163,0.1914276893863195,False,True,immune_core,0.0095964055813653,0.26155851070475816,MIXED
AGGGAAACGAGGTACT-1,5304,9154,-0.4382154312444251,-0.0326276614652821,0.0566148467027523,False,False,other,0.0039906469585008,-0.01631383073264105,MIXED
AGGGACAGCACGGCGG-1,3521,14015,-0.7789980841293419,-0.320427463552867,-0.0988044081189684,False,False,other,0.0001561037816267,-0.1602137317764335,MIXED
AGGGACCGGCTGCGTT-1,9837,6788,-0.1078354955888446,-0.320427463552867,0.0996617551341263,False,False,interface,0.0045838845190572,-0.1602137317764335,MIXED
AGGGACTCTACGCGAC-1,13563,13245,-0.101374243848338,0.5528442121482959,-0.4680519259883473,False,True,other,0.1210939162767553,0.27642210607414797,MIXED
AGGGAGACATACTTCG-1,8460,6445,-0.0251641254670929,-0.320427463552867,-0.1864839268925011,False,False,other,0.002463427927301,-0.1602137317764335,MIXED
AGGGCAGCGGCGTGGT-1,4316,10848,-0.6342847196699749,-0.320427463552867,-0.7246544768844247,False,False,other,0.000718385203385,-0.1602137317764335,MIXED
AGGGCGAGCAGCTGAT-1,11389,16973,0.3099497679016956,0.3154733686829467,0.5695779212323177,False,True,interface,0.0359116780716431,0.15773668434147334,MIXED
AGGGCGTGATCGGCTA-1,6080,14133,-0.6165537149314815,0.5231170214095163,-0.1472818924344411,False,True,immune_core,0.035353926415219,0.26155851070475816,MIXED
AGGGCTGCAGTTACAG-1,9629,11878,1.212838896219683,-0.0538203147789063,0.9069221675205332,True,False,interface,0.1373856343763096,-0.02691015738945315,TUMOR
AGGGTCAGTAACCCTA-1,5704,6439,-0.20412507381746,-0.320427463552867,-0.2646615154965492,False,False,other,0.0007709609089778,-0.1602137317764335,MIXED
AGGGTCGATGCGAACT-1,10030,8259,1.5668091713277732,-0.1522170808765231,0.1758258304342901,True,False,interface,0.0824981485280196,-0.07610854043826155,TUMOR
AGGGTGCTCTCGAGGG-1,9439,8823,0.1259299572835917,-0.1522170808765231,-0.1662339851661337,False,False,other,0.0006571709560856,-0.07610854043826155,MIXED
AGGGTGGATAGTGCAT-1,8434,17985,-0.5653434435194244,-0.320427463552867,-0.0734010544142513,False,False,other,0.0058590786897795,-0.1602137317764335,MIXED
AGGGTTCCCTTTGGTT-1,8650,9274,-0.3843721154361941,0.3549066387331724,-0.0442377287078039,False,True,other,0.0467174902544838,0.1774533193665862,MIXED
AGGGTTTAGTTCGGGA-1,9234,12104,1.4770784224565412,0.3574529404143807,0.0822157239706015,True,True,interface,0.0317972780418782,0.17872647020719035,MIXED
AGGTAACCTCCTATTC-1,5292,14584,-0.4270256885709978,-0.320427463552867,-0.45571285802816,False,False,other,0.001545100413889,-0.1602137317764335,MIXED
AGGTACGATATTGCCA-1,5104,10624,-0.7098483218585873,-0.320427463552867,-0.3309271740185052,False,False,other,0.0011837156439305,-0.1602137317764335,MIXED
AGGTAGGTACAAAGCT-1,9620,15725,-0.0486019552548164,-0.320427463552867,0.1610483916815693,False,False,other,0.0026593805077004,-0.1602137317764335,MIXED
AGGTATAATTGATAGT-1,9640,6900,0.0447919319592164,-0.320427463552867,-0.342475177258284,False,False,interface,0.0019954837146183,-0.1602137317764335,MIXED
AGGTATGCGGACATTA-1,10234,5205,0.3731003331900428,0.2648891764873584,-0.4450367442534327,False,True,immune_core,0.0052037924914521,0.1324445882436792,MIXED
AGGTCAGGTGAGAGTG-1,11783,16974,0.0571469090292252,-0.320427463552867,0.5963221020406849,False,False,interface,0.1623976145247329,-0.1602137317764335,MIXED
AGGTCGCCACTTCGGT-1,3320,16164,-0.9913531565245204,-0.320427463552867,-0.4116247688285905,False,False,other,0.0006061250944284,-0.1602137317764335,MIXED
AGGTCGCGGAGTTACT-1,7867,7462,-0.3082393514526955,-0.320427463552867,-0.6176110422308293,False,False,other,0.0017400246948556,-0.1602137317764335,MIXED
AGGTGGTGACCTTCGC-1,15335,12909,-0.1051522804814984,0.2170766025853298,0.0540914369316319,False,True,immune_core,0.0155688377162525,0.1085383012926649,MIXED
AGGTGTATCGCCATGA-1,10010,17310,-0.0261605344751623,0.2170766025853298,-0.3868513365957632,False,True,immune_core,0.0046917072651932,0.1085383012926649,MIXED
AGGTTACACCATGCCG-1,11216,6225,0.1882837402313706,-0.1522170808765231,1.063833456450064,False,False,interface,0.0139426384287719,-0.07610854043826155,STROMA
AGGTTGAGGCACGCTT-1,7072,10855,-0.6731683485275104,0.2321728077834345,-0.3812966690358911,False,True,immune_core,0.0193991967613403,0.11608640389171725,MIXED
AGGTTTCACACACCTT-1,10810,11655,-0.081175328905367,-0.1522170808765231,-0.0533975599777802,False,False,interface,0.023422889732492,-0.07610854043826155,MIXED
AGTAATGTCTTGCCGC-1,5887,12436,-0.4761837707883322,-0.320427463552867,0.0083288152508887,False,False,other,0.0013053573191048,-0.1602137317764335,MIXED
AGTACATCATTTATCA-1,8459,6898,0.3955549758441736,-0.0538203147789063,0.3427289010235799,False,False,interface,0.0017929330627964,-0.02691015738945315,MIXED
AGTACCTTCGAGTGCT-1,4718,7003,-0.87080973948148,-0.320427463552867,-0.911235546745144,False,False,other,0.0004495441089418,-0.1602137317764335,MIXED
AGTACGGCCCGTATCG-1,9615,17988,-0.4406500936289651,-0.320427463552867,0.3088289591165939,False,False,other,0.0012002581073256,-0.1602137317764335,MIXED
AGTACGGGCACCTGGC-1,7664,10290,0.1366202665603663,-0.1522170808765231,0.0254627488079095,False,False,interface,0.0056422764231293,-0.07610854043826155,MIXED
AGTACGTGGCCTGTCT-1,3926,9264,-0.2094734888813978,-0.320427463552867,0.4200158903731704,False,False,other,0.0405428821600802,-0.1602137317764335,MIXED
AGTACTCTTATGCCCA-1,13768,9285,-0.609513905105473,0.0488662199089858,-0.3539367786550427,False,False,other,0.0013986908432624,0.0244331099544929,MIXED
AGTAGGAAGGAAGTTG-1,5897,8137,-0.775065471518429,-0.320427463552867,-0.4680519259883473,False,False,other,0.0015135126355409,-0.1602137317764335,MIXED
AGTAGGTAACATACAT-1,5294,13453,-0.5653434435194244,-0.1522170808765231,-0.3679435505383652,False,False,other,0.0018161298122066,-0.07610854043826155,MIXED
AGTATAATACTAGGCA-1,7652,15494,0.1029568705685299,0.0488662199089858,1.3244984023748982,False,False,other,0.0050109701552682,0.0244331099544929,STROMA
AGTATACACAGCGACA-1,15333,13814,-0.0161354715599784,0.4558497065119976,0.4721657439948249,False,True,interface,0.0545031888055022,0.2279248532559988,MIXED
AGTATCCATAATAACG-1,3516,16504,-0.8130148728374643,-0.320427463552867,-0.6324327876578446,False,False,other,0.0001395788559985,-0.1602137317764335,MIXED
AGTATGCTGGAGACCA-1,14147,16301,0.6416131755597763,1.1070959294364888,0.4535470312831929,True,True,interface,0.2065808147926275,0.5535479647182444,IMMUNE_EXHAUSTED
AGTATTTGGCACGACC-1,14153,13359,-0.1259684551547264,0.6555307468361882,-0.4256315407119131,False,True,immune_core,0.1112468422172659,0.3277653734180941,IMMUNE_ACTIVE
AGTCAACACCACCATC-1,10805,13917,2.1332472383982477,-0.0326276614652821,-0.3000960796433071,True,False,interface,0.0673136644983139,-0.01631383073264105,TUMOR
AGTCAAGATGACACTT-1,12194,9056,-0.3347803542765673,0.8924107048713693,0.2149491548567746,False,True,interface,0.1808643964055679,0.44620535243568465,IMMUNE_EXHAUSTED
AGTCACTAGCTCTCGA-1,13574,8040,0.1417631831684087,0.6215137875071332,0.4965860524952438,False,True,interface,0.0191415494275746,0.3107568937535666,IMMUNE_ACTIVE
AGTCACTCCGCCTCAT-1,3911,15826,-0.468948176377575,0.3574529404143807,-0.2671815217025865,False,True,immune_core,0.0175582337544316,0.17872647020719035,MIXED
AGTCAGCCACCGCCTG-1,5879,16056,-0.609513905105473,-0.320427463552867,-0.0151575352058223,False,False,other,0.0018404168362992,-0.1602137317764335,MIXED
AGTCCAGCGGGTACGT-1,3515,16956,-0.8642251442495211,-0.320427463552867,-0.5627562926817552,False,False,other,0.0003960960682886,-0.1602137317764335,MIXED
AGTCCATTGGCTGATG-1,11015,7922,-0.4367525345492825,-0.0538203147789063,-0.1381978954406376,False,False,interface,0.0063010414961384,-0.02691015738945315,MIXED
AGTCCCGCCTTTAATT-1,6092,8703,-0.3043067388417826,0.2321728077834345,-0.2732391838449573,False,True,interface,0.0237603539446234,0.11608640389171725,MIXED
AGTCCCTCGCAGAAAG-1,7478,5199,-0.3143318017569666,-0.1522170808765231,-0.7164228046017538,False,False,interface,0.0018969989825723,-0.07610854043826155,MIXED
AGTCGACGGTCTCAAG-1,10226,9051,0.224963501887244,-0.1522170808765231,-0.5580769014601766,False,False,interface,0.047488704071487,-0.07610854043826155,MIXED
AGTCGGCCCAAACGAC-1,7654,14816,0.1652619132357145,0.2884100493568959,1.1914463797601198,False,True,interface,0.0349071038945277,0.14420502467844795,STROMA
AGTCGGCTCAACTTTA-1,11981,16635,0.6894530353020515,0.4395985842823451,1.1754089575848368,True,True,interface,0.0210644371922585,0.21979929214117255,STROMA
AGTCGGTTGCGTGAGA-1,10625,6563,0.973013166829622,0.1355827212110617,0.063093776083701,True,False,interface,0.0248525339453762,0.06779136060553086,TUMOR
AGTCGTATAAAGCAGA-1,15538,10081,-0.609513905105473,-0.320427463552867,-0.7246544768844247,False,False,other,0.0009743600016327,-0.1602137317764335,MIXED
AGTCGTCGACCACCAA-1,13966,8946,-0.5331217261515044,0.5685935731361224,-0.6069349284561023,False,True,interface,0.0257170402336154,0.2842967865680612,MIXED
AGTCGTGGGCATTACG-1,12769,15958,0.7783434545649969,-0.1522170808765231,-0.4760010357292991,True,False,interface,0.0321331488134481,-0.07610854043826155,TUMOR
AGTCTAAAGTATACTC-1,8459,6671,0.029781238283897,-0.1522170808765231,-0.063291875490532,False,False,other,0.002751356286613,-0.07610854043826155,MIXED
AGTCTCACAAGACTAC-1,13360,15846,0.9882026177623956,0.2339794873086786,0.1601942093224292,True,True,interface,0.1154836500521957,0.1169897436543393,TUMOR
AGTCTGGACATCCTTG-1,6271,16962,-0.4111533097335594,-0.320427463552867,-0.0699357753856981,False,False,other,0.0013509713651064,-0.1602137317764335,MIXED
AGTCTTCTCCTCAAAT-1,7464,11760,0.3085508013753407,-0.1522170808765231,0.2234358057949408,False,False,interface,0.0045811414178506,-0.07610854043826155,MIXED
AGTCTTTAAAGTGTCC-1,15931,10535,-0.775065471518429,-0.0538203147789063,-0.5138982656858294,False,False,other,0.0274029770096724,-0.02691015738945315,MIXED
AGTGAACAAACTTCTC-1,11410,7696,0.1613090584652065,0.0488662199089858,0.2381212656062643,False,False,interface,0.0039168172339697,0.0244331099544929,MIXED
AGTGAAGATGGTGTCC-1,6887,5537,-0.6731683485275104,-0.320427463552867,-0.1358263617372055,False,False,other,0.0525259312442709,-0.1602137317764335,MIXED
AGTGACCTACTTTACG-1,11397,13353,0.8959102831972724,-0.1522170808765231,0.0347901294696534,True,False,interface,0.0389885238652022,-0.07610854043826155,TUMOR
AGTGAGACTTCCAGTA-1,9634,9389,0.0302924630875983,0.6577037328187488,-0.2058478427725636,False,True,immune_core,0.002591652236821,0.3288518664093744,IMMUNE_ACTIVE
AGTGAGCCTCGCCGCC-1,8457,7577,0.3578360454256754,-0.0538203147789063,-0.4310299723701101,False,False,other,0.0052979515110609,-0.02691015738945315,MIXED
AGTGAGGGTTTCTGAC-1,4319,9265,-0.0431975930708442,1.2770138943803024,-0.2831385600507632,False,True,immune_core,0.2616383421601296,0.6385069471901512,IMMUNE_EXHAUSTED
AGTGAGTCGAATTAAC-1,15939,6914,-0.6162851889425005,-0.320427463552867,-0.2399786298384994,False,False,other,0.0062145764703399,-0.1602137317764335,MIXED
AGTGATAACCTGCGCG-1,14359,9173,-0.4891571766675012,-0.320427463552867,-0.4191938989924216,False,False,other,0.0020977658979692,-0.1602137317764335,MIXED
AGTGATATGAGTAGTT-1,11593,13693,-0.3008940853040679,-0.320427463552867,-0.0749139500457605,False,False,other,0.0047413456746624,-0.1602137317764335,MIXED
AGTGATTCAAGCAGGA-1,9240,9388,-0.3516252275830193,-0.0538203147789063,-0.35200008148316,False,False,other,0.0142867781916406,-0.02691015738945315,MIXED
AGTGCACGCTTAAGAA-1,12983,8378,-0.019921399316389,-0.320427463552867,-0.0177697231562863,False,False,other,0.0331462021361443,-0.1602137317764335,MIXED
AGTGCGTAGCTCGTAA-1,11788,14485,1.641659474384682,-0.320427463552867,-0.3317990634835568,True,False,interface,0.0797355769121051,-0.1602137317764335,TUMOR
AGTGCTAAACACAGCA-1,14754,8948,-0.4248501558848231,-0.320427463552867,-0.5201796715036461,False,False,other,0.0088547095406643,-0.1602137317764335,MIXED
AGTGCTTGCACGAATA-1,10816,9166,-0.4432279239479642,-0.1522170808765231,0.1577599068023373,False,False,interface,0.0678707028835287,-0.07610854043826155,MIXED
AGTGGCGGCAATTTGA-1,7470,8593,-0.2732512886837797,-0.0538203147789063,-0.6378992199319686,False,False,other,0.0038781808573676,-0.02691015738945315,MIXED
AGTGGCGTCTGAAGGT-1,14949,9514,-0.7300573221485134,-0.320427463552867,-0.3621684509377133,False,False,other,0.0099670609092454,-0.1602137317764335,MIXED
AGTGGCTCCGTCGGCC-1,10600,17877,-0.3595729663562046,-0.0326276614652821,0.6441839694333783,False,False,other,0.010052997709127,-0.01631383073264105,STROMA
AGTGGTGTTACCCGTG-1,11977,18219,0.2886399544996205,-0.320427463552867,-0.2247556288299616,False,False,interface,0.0204437552369231,-0.1602137317764335,MIXED
AGTGGTTGCGTATAGG-1,9614,18440,-0.225532556323905,0.5048764046729147,-0.281470856127628,False,True,immune_core,0.0214974732955315,0.25243820233645736,MIXED
AGTGTATTGCGCATTG-1,6093,8476,-0.9913531565245204,0.3366660219965708,-0.2938146738254905,False,True,interface,0.0917857291928251,0.1683330109982854,MIXED
AGTGTGCTAAGATCGC-1,5481,18092,-0.9913531565245204,-0.320427463552867,-0.6378992199319686,False,False,other,0.0002355217946683,-0.1602137317764335,MIXED
AGTGTGGTCTATTGTG-1,6862,16624,-0.398870773756847,-0.1522170808765231,0.0461899299555966,False,False,other,0.0006541685117239,-0.07610854043826155,MIXED
AGTTAAACACTTGCGA-1,10608,14256,1.2208037691071894,1.3803210663566383,0.5254106168770596,True,True,interface,0.2666565539829923,0.6901605331783192,IMMUNE_EXHAUSTED
AGTTAAGCGGTCCCGG-1,5892,10173,-0.2728694916614096,-0.320427463552867,0.0761659564037485,False,False,other,0.002335756310979,-0.1602137317764335,MIXED
AGTTAAGTCAACCGCT-1,12768,16411,0.8826386373500608,0.2339794873086786,0.8249969980406443,True,True,interface,0.0149168410361234,0.1169897436543393,TUMOR
AGTTACCCTTAAGACT-1,7449,18322,-0.5451344432294983,-0.1522170808765231,1.0222955606222073,False,False,other,0.0004696619060819,-0.07610854043826155,STROMA
AGTTACCGCACATGGT-1,7844,17644,0.0918712140252899,0.0159933017998207,0.7752716732104078,False,False,other,0.0031651745370412,0.00799665089991035,STROMA
AGTTACTCTATCGTGG-1,5698,9154,-0.850600739191554,-0.320427463552867,-0.7164228046017538,False,False,other,0.0012802537675989,-0.1602137317764335,MIXED
AGTTCACCGGTTGGAC-1,6662,18321,-0.87080973948148,-0.320427463552867,-0.0507748276717845,False,False,other,0.0011627934035157,-0.1602137317764335,MIXED
AGTTCCTACAGAATTA-1,8641,13573,1.908732046076138,0.2170766025853298,0.248596373134886,True,True,interface,0.0652713497253274,0.1085383012926649,TUMOR
AGTTCCTATTTATGTT-1,11204,11882,0.2856920774402287,0.3366660219965708,-0.1901924438552682,False,True,other,0.0198381551485624,0.1683330109982854,MIXED
AGTTCTGCGTTGTATC-1,5286,17073,-0.7302440107535821,-0.320427463552867,0.0545740336631205,False,False,other,0.0007805204031997,-0.1602137317764335,MIXED
AGTTGACATCGGCTGG-1,4698,16280,0.0650074692494946,-0.1522170808765231,0.149463059084272,False,False,other,0.000716146705577,-0.07610854043826155,MIXED
AGTTGACGGTCCTTGC-1,15534,12118,-0.6722624555044977,-0.1522170808765231,-0.2799978290840934,False,False,other,0.0036885549232739,-0.07610854043826155,MIXED
AGTTGCTGACTGATAT-1,5877,17188,-0.5071850419104631,-0.320427463552867,0.3115555481855249,False,False,other,0.000822195701693,-0.1602137317764335,MIXED
AGTTGGCAAGGCTAGA-1,16135,7254,-0.602929309873514,-0.320427463552867,-0.6757964498884991,False,False,interface,0.0037206886578269,-0.1602137317764335,MIXED
AGTTTATGTAAAGACA-1,7674,5538,-0.3868283134724913,-0.320427463552867,-0.6316178141141519,False,False,other,0.001387300650187,-0.1602137317764335,MIXED
AGTTTCGCAGGTCGGA-1,5100,12208,-0.420441093339039,-0.320427463552867,-0.911235546745144,False,False,other,0.0009391240217668,-0.1602137317764335,MIXED
AGTTTGCACCTGCCTC-1,14159,10870,-0.850600739191554,-0.320427463552867,-0.6378992199319686,False,False,other,0.0045348717321219,-0.1602137317764335,MIXED
AGTTTGGCACGGGTTG-1,12197,7698,0.0897266455625896,-0.1522170808765231,-0.3812966690358911,False,False,interface,0.0063128379459385,-0.07610854043826155,MIXED
AGTTTGGCCAGACCTA-1,11983,15730,0.681325872811272,0.1357244304709254,0.3081964896082482,True,False,interface,0.0155258482434922,0.0678622152354627,TUMOR
ATAAACCATTGGACGG-1,3324,14127,-0.7234727269165546,-0.0326276614652821,-0.7935159983168215,False,False,other,0.0001757234108049,-0.01631383073264105,MIXED
ATAAACGGACCCGTAA-1,11990,12336,0.4520761011096552,0.2884100493568959,0.1934397047516048,True,True,interface,0.02606894423741,0.14420502467844795,MIXED
ATAAACGTTGCACCAC-1,13970,7136,-0.7436817272064806,0.1355827212110617,-0.7246544768844247,False,False,other,0.0101338999095574,0.06779136060553086,MIXED
ATAAAGGCTCGGTCGT-1,9428,13575,1.127584777479005,0.4558497065119976,1.1364834676525817,True,True,interface,0.0335002000389569,0.2279248532559988,STROMA
ATAAATATTAGCAGCT-1,10210,16066,0.0857178266354435,-0.0538203147789063,-0.4695221063483504,False,False,other,0.0069882461759628,-0.02691015738945315,MIXED
ATAACGCCGGAGGGTC-1,9633,10068,-0.3347803542765673,0.6215137875071332,-0.6378992199319686,False,True,immune_core,0.0187732007948638,0.3107568937535666,IMMUNE_ACTIVE
ATAACGGAGTCCAACG-1,7663,10743,-0.4775406070944324,0.2551721406223028,-0.2473902678844232,False,True,interface,0.0824951831553436,0.1275860703111514,MIXED
ATAACGTTACCTCCAC-1,4719,6324,-0.9913531565245204,-0.320427463552867,-0.7049612032049952,False,False,other,0.0154775063612933,-0.1602137317764335,MIXED
ATAAGCAAACACCGAG-1,4525,5079,-0.9913531565245204,-0.320427463552867,-0.911235546745144,False,False,other,6.572635448045268e-05,-0.1602137317764335,MIXED
ATAAGGTGGAGAACAT-1,12583,11093,-0.2634462252033361,-0.320427463552867,-0.7353305906591517,False,False,interface,0.0358346854417501,-0.1602137317764335,MIXED
ATAAGTACCCGATTGT-1,4522,6437,0.1884783570200681,-0.320427463552867,0.0995261241979316,False,False,other,0.0593042924009897,-0.1602137317764335,MIXED
ATAAGTAGGATTCAGA-1,8063,7576,0.0438262025236615,-0.1522170808765231,-0.307623922145681,False,False,other,0.0013605200936387,-0.07610854043826155,MIXED
ATAAGTAGGGCGACTC-1,9836,7014,0.2327425840763877,0.0159933017998207,-0.2635771206075686,False,False,interface,0.0040899693904099,0.00799665089991035,MIXED
ATAAGTTACCGCGACG-1,11791,13354,0.4282513528145946,-0.1522170808765231,0.650740064170788,True,False,interface,0.0028609114434863,-0.07610854043826155,STROMA
ATAATACCGTTAGCCG-1,5876,17414,-0.2652412965435385,-0.320427463552867,0.1908927923536647,False,False,other,0.0023933332392609,-0.1602137317764335,MIXED
ATAATAGCTGTTGAAT-1,11991,12110,0.3645163652609408,-0.320427463552867,-0.1213309224228714,False,False,interface,0.0239463731305767,-0.1602137317764335,MIXED
ATAATAGTGTAGGGAC-1,6273,15831,-0.4327915874228822,-0.0326276614652821,0.188739203931371,False,False,other,0.0025697581115831,-0.01631383073264105,MIXED
ATAATCTTGGAGAACC-1,14750,10532,-0.3931978855838939,-0.0538203147789063,-0.4188568088398248,False,False,other,0.0028836683084156,-0.02691015738945315,MIXED
ATAATTAGCTAAGTAG-1,15337,12004,-0.7300573221485134,0.0488662199089858,0.2633850614509789,False,False,other,0.0016874537951436,0.0244331099544929,MIXED
ATACAGGCCCTCCAAT-1,13765,11096,-0.7302440107535821,-0.320427463552867,-0.5430630190023259,False,False,other,0.0002289649860594,-0.1602137317764335,MIXED
ATACCACGGGCAACTT-1,9620,15951,-0.5517190384614572,-0.0538203147789063,0.3661665748341614,False,False,other,0.0146361608446106,-0.02691015738945315,MIXED
ATACCAGCAAATTGCT-1,3525,12431,-0.1297599538453666,-0.0326276614652821,0.2431053699886939,False,False,other,0.0017522212461899,-0.01631383073264105,MIXED
ATACCAGGCTAATAGA-1,4508,12998,-0.7436817272064806,-0.320427463552867,-0.6176110422308293,False,False,other,0.0018738306421901,-0.1602137317764335,MIXED
ATACCAGGTGAGCGAT-1,2933,12995,-0.87080973948148,-0.320427463552867,-0.4191938989924216,False,False,other,6.112245598182656e-05,-0.1602137317764335,MIXED
ATACCGTCATCCATAA-1,5704,6213,-0.7898600242774277,-0.1522170808765231,-0.4619942638459764,False,False,other,0.0010666683854809,-0.07610854043826155,MIXED
ATACCTAACCAAGAAA-1,14156,12001,0.2301342522642642,-0.0538203147789063,0.1329864745695099,False,False,interface,0.0320038633509646,-0.02691015738945315,MIXED
ATACGAAGGCTTTCCA-1,10037,5317,-0.1176618335292597,0.0488662199089858,-0.7246544768844247,False,False,other,0.0028604141157208,0.0244331099544929,MIXED
ATACGCCGGCGAAACC-1,10616,10410,-0.5894915934206155,-0.320427463552867,-0.0743190460240507,False,False,other,0.2040549058688509,-0.1602137317764335,MIXED
ATACGGAACGTCGTTT-1,13752,16752,1.117588049079309,-0.320427463552867,0.1388903567197109,True,False,interface,0.0122693648677832,-0.1602137317764335,TUMOR
ATACGGGTTTCGATTG-1,7074,9949,-0.2852501565924802,0.4394386332969433,-0.1813624806776459,False,True,interface,0.0442676401264107,0.21971931664847166,MIXED
ATACGGTGAAGATGCA-1,9222,17987,-0.5719280387513833,-0.1522170808765231,0.1602370766729746,False,False,other,0.0006727763971545,-0.07610854043826155,MIXED
ATACGTACTTAGCCAC-1,13569,10529,-0.264889640260908,-0.1522170808765231,-0.3868513365957632,False,False,other,0.0010838143324328,-0.07610854043826155,MIXED
ATACGTCCACTCCTGT-1,11998,8716,0.2974559972941046,0.3037931038874057,-0.1699008792808874,False,True,immune_core,0.0119837375162387,0.15189655194370286,MIXED
ATACGTTATGCACGGA-1,15140,12117,-0.3422561401608179,-0.0326276614652821,-0.3744806495023458,False,False,other,0.00092949084462,-0.01631383073264105,MIXED
ATACTACCCGTACCAC-1,14363,7363,-0.1810016674398259,0.0159933017998207,-0.1490639363572903,False,False,other,0.0137695142267194,0.00799665089991035,MIXED
ATACTAGCATGACCCT-1,6872,12325,-0.0929685017365493,0.3154733686829467,0.4108023632776914,False,True,interface,0.0054067520341588,0.15773668434147334,MIXED
ATACTCTCGCCACTCT-1,4500,16393,-0.9913531565245204,-0.320427463552867,-0.2053917129498991,False,False,other,0.0003762280587811,-0.1602137317764335,MIXED
ATACTGCCTTACACCG-1,14161,9739,-0.2312245078354161,-0.1522170808765231,-0.5487495207984325,False,False,other,0.0033095808763461,-0.07610854043826155,MIXED
ATACTTGTTCTCGAGC-1,8631,18099,-0.2316733300697586,-0.320427463552867,0.3735023554549738,False,False,other,0.0016528625920201,-0.1602137317764335,MIXED
ATAGACAACGGGACCT-1,8257,8821,-0.0381656187297344,-0.320427463552867,-0.3744806495023458,False,False,other,0.0023642204875133,-0.1602137317764335,MIXED
ATAGACGAAGAGAAAG-1,9230,14140,0.7090612614227239,-0.320427463552867,1.1352396425967932,True,False,interface,0.0183181912827409,-0.1602137317764335,TUMOR
ATAGAGTACTGGGACA-1,7853,13798,0.8332027095539155,-0.320427463552867,0.8220899849683444,True,False,interface,0.0092172179910454,-0.1602137317764335,TUMOR
ATAGAGTTATCAACTT-1,8061,8707,0.2220713277927046,-0.1522170808765231,-0.3539367786550427,False,False,other,0.0019303097056636,-0.07610854043826155,MIXED
ATAGCAACTAGGGAAG-1,14952,8157,-0.5285641899014206,0.0488662199089858,-0.7246544768844247,False,False,interface,0.1601606930024957,0.0244331099544929,MIXED
ATAGCCTCAGTACCCA-1,6269,17641,-0.1700664756474783,-0.320427463552867,0.4011426058037433,False,False,other,0.0037853249567644,-0.1602137317764335,MIXED
ATAGCTGCTCTTGTTA-1,5875,18093,-0.8642251442495211,0.3549066387331724,0.1696762588527082,False,True,immune_core,0.0054775032352945,0.1774533193665862,MIXED
ATAGGCGGCTATAGAA-1,11196,15502,1.2262874283071716,-0.0538203147789063,0.0187176167462218,True,False,interface,0.0655116081207334,-0.02691015738945315,TUMOR
ATAGGCTAGCTTCGCA-1,7668,8254,-0.531326654811302,-0.1522170808765231,-0.1104230080324884,False,False,other,0.0003442863727911,-0.07610854043826155,MIXED
ATAGGGATATCCTTGA-1,6874,11193,-0.1930599681276469,-0.1522170808765231,-0.2058478427725636,False,False,other,0.0032154998872103,-0.07610854043826155,MIXED
ATAGGTTGGGCAGATG-1,8250,11988,0.8695286434622058,1.4469593649927786,0.8170640991176567,True,True,interface,0.0975582597860094,0.7234796824963893,IMMUNE_EXHAUSTED
ATAGTCTTTGACGTGC-1,4117,11640,-0.775065471518429,-0.320427463552867,0.4896974009155694,False,False,other,0.0003229710750915,-0.1602137317764335,MIXED
ATAGTGAAGCGTTCTC-1,10808,12786,0.7725755933241617,-0.320427463552867,0.139563682878466,True,False,interface,0.0961608348806452,-0.1602137317764335,TUMOR
ATAGTTCCACCCACTC-1,10229,7694,0.5338118226373073,-0.0538203147789063,1.1778913235805448,True,False,interface,0.0132696627334947,-0.02691015738945315,STROMA
ATATAAAGCGCTCGTG-1,14157,11549,-0.1021509005536819,-0.320427463552867,-0.5487495207984325,False,False,interface,0.0867089424779366,-0.1602137317764335,MIXED
ATATAAATGTAGCTGC-1,13371,10868,-0.5653434435194244,-0.320427463552867,-0.4430864777885785,False,False,other,0.0020846586856971,-0.1602137317764335,MIXED
ATATAACACGGGCGCA-1,15739,8611,-0.0795164384131646,0.1355827212110617,1.6055134903117734,False,False,interface,0.0085601113804331,0.06779136060553086,STROMA
ATATACATGTATGGTA-1,12369,19125,0.0383237902563549,0.2170766025853298,0.592370111674114,False,True,interface,0.0425575113745901,0.1085383012926649,MIXED
ATATACGCTCGTGACG-1,14955,7025,-0.083609991289907,0.3574529404143807,-0.7246544768844247,False,True,immune_core,0.0129319903034382,0.17872647020719035,MIXED
ATATCAACCTACAGAG-1,10032,7354,0.3149418709984107,0.0701449498350903,-0.0193612784088699,False,False,interface,0.0294123111060351,0.03507247491754515,MIXED
ATATCAATTCCAGCCT-1,13748,18563,0.033817250546435,-0.1522170808765231,-0.4998914938025068,False,False,other,0.0014368383394994,-0.07610854043826155,MIXED
ATATCGGTAGGGAGAT-1,10231,6788,0.4737215514798173,-0.320427463552867,0.5141365231100039,True,False,interface,0.0128770943006983,-0.1602137317764335,MIXED
ATATCGTTCCTCGAAC-1,14163,8834,-0.1420648351043239,-0.320427463552867,-0.4998914938025068,False,False,interface,0.0442782063201225,-0.1602137317764335,MIXED
ATATCTCCCTCGTTAA-1,6484,9382,-0.2930445550750588,-0.1522170808765231,-0.6316178141141519,False,False,other,0.0113987955808052,-0.07610854043826155,MIXED
ATATCTTAGGGCCTTC-1,9628,12331,-0.0520424229380416,1.188652484035757,0.1233274303449587,False,True,interface,0.4951193319767872,0.5943262420178785,IMMUNE_EXHAUSTED
ATATGTCTCCCTAGCC-1,9637,8258,-0.0944809094295957,0.5762098514444808,-0.0105789708065092,False,True,interface,0.0792097201892994,0.2881049257222404,MIXED
ATATGTGCACAAACCA-1,4524,5758,-0.9913531565245204,-0.320427463552867,-0.5872416547766728,False,False,other,0.00098607756463,-0.1602137317764335,MIXED
ATATTCAGTTAAACCT-1,11394,14711,0.9584956477589252,-0.0326276614652821,7.35425195604243e-06,True,False,interface,0.0035754151148255,-0.01631383073264105,TUMOR
ATATTCCACATAGTGA-1,12781,10528,1.5651875933218926,1.598703431560447,-0.3679435505383652,True,True,interface,0.2693266140293859,0.7993517157802235,IMMUNE_EXHAUSTED
ATATTCCCACAGGTCA-1,4903,12547,-0.9913531565245204,-0.320427463552867,-0.1945837649389372,False,False,other,0.0008336403573371,-0.1602137317764335,MIXED
ATATTGCTGTCAAAGT-1,6274,15605,-0.4432562584634517,-0.320427463552867,-0.0794787282136775,False,False,other,0.0030453021004111,-0.1602137317764335,MIXED
ATATTGGAGAGGCCTT-1,14367,5553,-0.87080973948148,-0.320427463552867,-0.5138982656858294,False,False,other,0.0098498357303823,-0.1602137317764335,MIXED
ATATTTAACCCTCAAG-1,8839,13008,1.635973631784259,0.4003831904597785,1.4444086537497622,True,True,interface,0.0080045793467443,0.20019159522988925,STROMA
ATCAAACACTGTTCCA-1,12001,7132,-0.7098483218585873,-0.320427463552867,0.3656964466694303,False,False,other,0.0596556352861854,-0.1602137317764335,MIXED
ATCAAACGAAGGTTTG-1,12377,15505,0.6257043051125404,-0.320427463552867,0.0476629569991313,True,False,interface,0.0149216026291361,-0.1602137317764335,TUMOR
ATCAATCTGGGCTGCA-1,9235,11878,1.0089126299203794,1.1060976392743191,1.0628207564751246,True,True,interface,0.1704415339210584,0.5530488196371596,IMMUNE_EXHAUSTED
ATCAATGCCGTGGCTG-1,14736,17094,0.1814091666053127,0.1355827212110617,0.5382981649797952,False,False,other,0.0092034448103667,0.06779136060553086,MIXED
ATCACATTAGAATATC-1,6680,9949,-0.0323997198778501,-0.320427463552867,-0.536913447420744,False,False,other,0.0045900341924152,-0.1602137317764335,MIXED
ATCACGTGCTAATTAA-1,11787,15164,1.5306387505106915,-0.0538203147789063,-0.1634687451575865,True,False,interface,0.1287755061744596,-0.02691015738945315,TUMOR
ATCACTTCATCCTCGC-1,6873,11646,-0.3294545854020532,-0.1522170808765231,0.1463365413803503,False,False,interface,0.0021252209039333,-0.07610854043826155,MIXED
ATCAGACGGCACGCCG-1,11395,14484,-0.1532993911705191,0.2339794873086786,-0.7935159983168215,False,True,interface,0.0328082486659611,0.1169897436543393,MIXED
ATCAGCCTCATGCTGC-1,13965,9399,-0.2293842976170283,-0.320427463552867,-0.5487495207984325,False,False,other,0.0004415836581378,-0.1602137317764335,MIXED
ATCAGCTCGTCCACTA-1,12372,17541,0.5312295487722954,-0.1522170808765231,0.456040082972986,True,False,interface,0.0314386407805853,-0.07610854043826155,MIXED
ATCAGGTAGCTGACAG-1,9250,4863,-0.5083551896114946,-0.320427463552867,-0.911235546745144,False,False,other,0.0027526133878234,-0.1602137317764335,MIXED
ATCAGGTCGCCATTGC-1,4321,8586,-0.349055758513333,-0.0326276614652821,-0.0432291905232269,False,False,other,0.0025822726495515,-0.01631383073264105,MIXED
ATCAGTAGGCAGGGAT-1,7272,9384,-0.253830639072515,-0.320427463552867,0.0734818197205185,False,False,other,0.0078023251070805,-0.1602137317764335,MIXED
ATCATAGCCCTATGTA-1,14954,7251,-0.0386018419199914,-0.320427463552867,-0.7246544768844247,False,False,other,0.0263309208296411,-0.1602137317764335,MIXED
ATCATCCAATATTTGT-1,10415,12559,0.9068815929341888,0.5685935731361224,0.4141149340877036,True,True,interface,0.016121400766725,0.2842967865680612,MIXED
ATCATGGACTACCGAC-1,11416,4981,-0.5353354737384481,-0.1522170808765231,-0.4008581084790857,False,False,other,0.0080381048875402,-0.07610854043826155,MIXED
ATCCAACGCAGTCATA-1,7653,15042,-0.0687474484658324,-0.0538203147789063,0.7015654030268151,False,False,interface,0.0109692594462061,-0.02691015738945315,STROMA
ATCCAATGGAGGGTCC-1,11194,16181,0.9945268707026148,-0.0538203147789063,-0.3670255589285657,True,False,interface,0.0090216238926713,-0.02691015738945315,TUMOR
ATCCAATGGTACCGAA-1,9811,18554,0.0617297102679713,-0.320427463552867,-0.0468823576760119,False,False,interface,0.0034628917144151,-0.1602137317764335,MIXED
ATCCACATCGACAGAA-1,14946,11098,0.9800793365219874,0.1892425577380367,0.8185216172743003,True,True,interface,0.019118106708866,0.09462127886901835,TUMOR
ATCCACGCTAAATGTT-1,3727,9829,-0.5391872150315714,-0.320427463552867,-0.7493373625424743,False,False,other,0.0023751099407487,-0.1602137317764335,MIXED
ATCCAGAGCAACAACC-1,12578,13356,-0.0537431354292034,0.1892425577380367,0.5209648041004147,False,True,interface,0.0274789893813174,0.09462127886901835,MIXED
ATCCAGGATTCGTGAA-1,10608,14030,1.4540085646930083,-0.320427463552867,0.7507594417199355,True,False,interface,0.2983117624937367,-0.1602137317764335,TUMOR
ATCCTACCTAAGCTCT-1,11396,13806,-0.0970193732273181,-0.320427463552867,-0.6378992199319686,False,False,interface,0.0106750311587902,-0.1602137317764335,MIXED
ATCCTGAATCGCTGCG-1,10210,16292,-0.2352333267625622,-0.320427463552867,0.1212791837413706,False,False,other,0.0017169891871048,-0.1602137317764335,MIXED
ATCCTGCGTGGAATGG-1,11593,13919,-0.2700308204352949,-0.320427463552867,-0.4316248763918199,False,False,other,0.0088529433928342,-0.1602137317764335,MIXED
ATCCTGCTGCAGATAG-1,3915,14242,-0.5315100381715311,-0.320427463552867,-0.911235546745144,False,False,other,0.0002090130201908,-0.1602137317764335,MIXED
ATCCTTCTGAAAGAAC-1,12203,4983,-0.3932262200993814,0.1892425577380367,0.2526180533479579,False,True,immune_core,0.0012768095251987,0.09462127886901835,MIXED
ATCGACCCAATACAGA-1,11203,12108,0.5694547334073886,-0.1522170808765231,-0.0628574446272922,True,False,interface,0.0150395672780853,-0.07610854043826155,MIXED
ATCGACTCTTTCCGTT-1,7265,12326,0.4554748692483786,0.0159933017998207,0.4635891927430121,True,False,interface,0.0088803931996251,0.00799665089991035,MIXED
ATCGCACGATTGTTCA-1,4105,17297,-0.7302440107535821,-0.0538203147789063,0.1595126497040593,False,False,other,0.0009535911585657,-0.02691015738945315,MIXED
ATCGCACGCCGGGAGA-1,7658,12779,0.769233924429021,0.0159933017998207,-0.2584556743927135,True,False,interface,0.0058986211580348,0.00799665089991035,TUMOR
ATCGCCAGTCAACATT-1,11607,7357,1.1912602618848276,-0.320427463552867,-0.0395583374862252,True,False,tumor_core,0.0255674270846889,-0.1602137317764335,TUMOR
ATCGCTGCGTGCAGCA-1,7278,6669,-0.6479374592434296,-0.320427463552867,-0.1728335783870051,False,False,other,0.0018507469521259,-0.1602137317764335,MIXED
ATCGCTTTACGTCTCA-1,9644,5090,-0.381145339952583,-0.320427463552867,-0.5298417347410346,False,False,other,0.0020944135643545,-0.1602137317764335,MIXED
ATCGGAGACAGACGGC-1,12978,10641,0.3954707955566641,-0.320427463552867,-0.7935159983168215,False,False,interface,0.1130889499897343,-0.1602137317764335,MIXED
ATCGGCAAGCAGTCCA-1,6684,8365,-0.9913531565245204,-0.320427463552867,-0.3235673912008861,False,False,other,0.0074866076967556,-0.1602137317764335,MIXED
ATCGGTTACCTAGTAA-1,9418,18327,-0.2623118099419089,0.0488662199089858,0.7156524056599922,False,False,other,0.0017537038442895,0.0244331099544929,STROMA
ATCGTATTCCGAGAAC-1,8432,18890,-0.4272123771760666,-0.320427463552867,0.2738503801105559,False,False,other,0.0035653346470801,-0.1602137317764335,MIXED
ATCGTCCAATCGAGTC-1,4497,17750,-0.7234727269165546,-0.320427463552867,0.1522450995814774,False,False,other,0.0003755257050225,-0.1602137317764335,MIXED
ATCGTTAGCTAGCGGA-1,14165,8155,0.2960062843148861,0.3852869852616737,0.0996127351194393,False,True,interface,0.049851685898955,0.19264349263083685,MIXED
ATCGTTCACTTTCGCC-1,4714,8587,-0.2594852780769358,-0.320427463552867,0.2244431894234166,False,False,other,0.0040604879969549,-0.1602137317764335,MIXED
ATCTAACGTCCCTATG-1,4495,18882,-0.659543943469543,-0.1522170808765231,0.2947714733285665,False,False,other,0.0023963084064031,-0.07610854043826155,MIXED
ATCTAATATCCTACGG-1,13566,11661,0.2240311845629787,-0.320427463552867,-0.7353305906591517,False,False,interface,0.0786555689910823,-0.1602137317764335,MIXED
ATCTAGCTTGTGAGGG-1,15928,11892,-0.0675509238473998,-0.320427463552867,1.209616879177345,False,False,interface,0.006026489854241,-0.1602137317764335,STROMA
ATCTCCCACGGAATAT-1,14561,7024,-0.4299551751726275,0.2862370633743352,-0.6316178141141519,False,True,immune_core,0.0054360188364816,0.1431185316871676,MIXED
ATCTCCCTGCAATCTA-1,5890,11078,-0.30683210133366,-0.1522170808765231,-0.2811882935859091,False,False,other,0.003181413648862,-0.07610854043826155,MIXED
ATCTCGTGAGCGAAAC-1,12201,6114,0.3464020105385476,0.2339794873086786,0.3147749677650377,False,True,interface,0.0820437520330381,0.1169897436543393,MIXED
ATCTGACATGGAAGGA-1,15135,14606,0.2669102718286233,0.5048764046729147,-0.2251900596932014,False,True,interface,0.0920111759027437,0.25243820233645736,MIXED
ATCTGATAGTGTCTTA-1,5875,17866,-0.7166196056956149,-0.1522170808765231,-0.4598202537056765,False,False,other,0.0008370307626876,-0.07610854043826155,MIXED
ATCTGCACCTCTGCGA-1,8457,7803,-0.0736712085056289,-0.1522170808765231,-0.0481391106104429,False,False,other,0.0028693699587542,-0.07610854043826155,MIXED
ATCTGCTGTTATCGCC-1,15926,12797,-0.7898600242774277,-0.320427463552867,0.0365753333023814,False,False,other,0.060232601710785,-0.1602137317764335,MIXED
ATCTGGGCTGTTCTTG-1,14748,11437,0.1165187404390573,-0.0538203147789063,-0.112811180002291,False,False,other,0.0264375102671702,-0.02691015738945315,MIXED
ATCTGGTTAAGACTGT-1,7860,10630,-0.079344096678582,-0.320427463552867,-0.3744806495023458,False,False,interface,0.0210141335159485,-0.1602137317764335,MIXED
ATCTGTAATTGTACCC-1,5690,12775,-0.0077872594029293,0.0488662199089858,-0.5298417347410346,False,False,other,0.0123347161977178,0.0244331099544929,MIXED
ATCTTATCGCACACCC-1,15347,7479,0.1893116477830439,-0.320427463552867,-0.911235546745144,False,False,interface,0.03096268588006,-0.1602137317764335,MIXED
ATCTTGACCTGCAACG-1,7852,14250,1.1434569484306107,-0.0538203147789063,0.8540941087850464,True,False,interface,0.0253543554664152,-0.02691015738945315,TUMOR
ATCTTGACTTGTCCAA-1,8655,7011,-0.2960001172163159,0.2339794873086786,-0.1190925858201074,False,True,immune_core,0.0058197312310407,0.1169897436543393,MIXED
ATCTTTCGTATAACCA-1,7871,5652,-0.4623635811456162,-0.320427463552867,-0.4316248763918199,False,False,other,0.0009152656748139,-0.1602137317764335,MIXED
ATGAAGCCAAGGAGCC-1,7065,14022,1.27235615778687,-0.0538203147789063,0.9932287312833074,True,False,interface,0.0406954107794004,-0.02691015738945315,TUMOR
ATGAAGTGGACCCAGC-1,8629,18778,-0.2132433927906088,-0.320427463552867,0.6023500307399143,False,False,other,0.0087313639125771,-0.1602137317764335,STROMA
ATGACGCCGGCTCTAA-1,5887,12662,-0.1633608528016318,-0.1522170808765231,0.6311786247275935,False,False,other,0.0034763145654615,-0.07610854043826155,STROMA
ATGACGCGTTCTATCC-1,12967,15846,1.5412202299898,0.7696768739216314,0.0514830707456987,True,True,interface,0.0195040641087225,0.3848384369608157,IMMUNE_ACTIVE
ATGACTATCAGCTGTG-1,15135,14380,0.2277130168850187,0.3574529404143807,0.5708567026466963,False,True,interface,0.0309587604238588,0.17872647020719035,MIXED
ATGACTATGCGACATT-1,12194,9282,-0.2720125803805661,-0.320427463552867,-0.1213309224228714,False,False,interface,0.0946193733813994,-0.1602137317764335,MIXED
ATGAGGAGTGTTAATC-1,7653,15268,-0.3347803542765673,-0.320427463552867,0.4868293306660216,False,False,other,0.0055542986130308,-0.1602137317764335,MIXED
ATGAGGGCAGCGGCTA-1,11020,5659,-0.028359050942836,-0.1522170808765231,-0.197198276642,False,False,other,0.0019633999064864,-0.07610854043826155,MIXED
ATGATCGGGAATAGAC-1,5886,13115,0.2597009831440723,-0.320427463552867,1.4390026362857231,False,False,other,0.0174657314801149,-0.1602137317764335,STROMA
ATGATGCAATGGTACA-1,11397,13579,-0.2081098724731822,-0.320427463552867,-0.0071180826370825,False,False,interface,0.0375954636514876,-0.1602137317764335,MIXED
ATGCACCTTCCTTAAT-1,6661,18547,-0.87080973948148,-0.1522170808765231,0.238537780285105,False,False,other,0.0012722227346847,-0.07610854043826155,MIXED
ATGCACGCGCTGTTCA-1,14340,17998,-0.1114534986882861,-0.0326276614652821,-0.6757964498884991,False,False,interface,0.0296270393598279,-0.01631383073264105,MIXED
ATGCACTACCGCATTG-1,8049,14138,0.2015033501098832,0.8924107048713693,0.561742056204406,False,True,interface,0.0410665160794204,0.44620535243568465,IMMUNE_EXHAUSTED
ATGCATGATCCAGGAT-1,7660,11874,0.5981441608517434,-0.1522170808765231,0.5279742124620531,True,False,interface,0.0072555765396158,-0.07610854043826155,MIXED
ATGCATTCCGTGATGG-1,3523,13336,-0.87080973948148,-0.320427463552867,-0.2494385144880114,False,False,other,0.0006877989240251,-0.1602137317764335,MIXED
ATGCCAATCGCTCTGC-1,5702,7344,-0.5151264734485221,-0.0538203147789063,-0.1920385944523732,False,False,other,0.0009149729020351,-0.02691015738945315,MIXED
ATGCCATTTGCGACCA-1,11210,8940,0.022649043524765,-0.1522170808765231,0.0151448347844341,False,False,interface,0.0867209709264051,-0.07610854043826155,MIXED
ATGCCGGTCTTGCATA-1,8844,10745,0.1801205054706399,0.1355827212110617,-0.2104126209404806,False,False,interface,0.0255497184611889,0.06779136060553086,MIXED
ATGCCGGTTGATGGGA-1,6483,9835,0.1140313996640624,-0.0538203147789063,-0.0043358009634642,False,False,other,0.0021132490060173,-0.02691015738945315,MIXED
ATGCGACAATTGGTCC-1,5309,6891,-0.6558788907814888,-0.320427463552867,-0.536913447420744,False,False,other,6.665608907128897e-05,-0.1602137317764335,MIXED
ATGCGACAGTCCCATT-1,9630,11200,0.8861454293025626,0.0488662199089858,0.1094287832121947,True,False,interface,0.029991826879546,0.0244331099544929,TUMOR
ATGCGAGTCCCACCAC-1,12198,7472,0.1992584597842418,0.2170766025853298,-0.3442747154176539,False,True,interface,0.0293367115364257,0.1085383012926649,MIXED
ATGCTCAGTGTTGCAT-1,6864,15945,0.1287450811052716,-0.0538203147789063,0.4048272855714435,False,False,other,0.0023238691677177,-0.02691015738945315,MIXED
ATGCTCTGGCGCGGTA-1,14553,10645,0.1734702492475001,-0.320427463552867,0.4696955514409638,False,False,other,0.0239421378950112,-0.1602137317764335,MIXED
ATGCTTAGGAGTTGAT-1,13774,6570,-0.8573720230285815,-0.320427463552867,-0.7049612032049952,False,False,other,0.0450461546697651,-0.1602137317764335,MIXED
ATGGAAATTTAAGGAG-1,13158,18448,0.8209624137385424,0.1355827212110617,0.3747486000919847,True,False,tumor_core,0.0016039055897588,0.06779136060553086,TUMOR
ATGGAACCTTTGCACA-1,10233,5657,-0.1053358800310779,0.2170766025853298,0.0820832199828334,False,True,interface,0.0123919717408813,0.1085383012926649,MIXED
ATGGAGCAGGCCGTGA-1,9826,11766,1.1976736250672524,0.7418428290743384,0.4478039190449183,True,True,interface,0.0179328629294743,0.3709214145371692,IMMUNE_ACTIVE
ATGGATCCGGCGTCCG-1,6482,10288,-0.3422561401608179,-0.320427463552867,-0.1192901093832397,False,False,other,0.0017956673819807,-0.1602137317764335,MIXED
ATGGATTGACCAAACG-1,8053,12327,0.2183573710035279,0.3579447519226753,0.1761629205868868,False,True,interface,0.0240743391359895,0.17897237596133764,MIXED
ATGGCAGCCGAGAAAC-1,9221,18213,-0.2563410343395471,-0.1522170808765231,-0.1482474860604249,False,False,other,0.0022286078455743,-0.07610854043826155,MIXED
ATGGCGGAATAGTCGC-1,9447,5203,0.5171721273244894,-0.320427463552867,-0.2811882935859091,True,False,tumor_core,0.0047472035329319,-0.1602137317764335,MIXED
ATGGCTGGAAATGGCC-1,4517,8699,0.0656356938648243,-0.0326276614652821,1.1538736992293637,False,False,other,0.0090981253629679,-0.01631383073264105,STROMA
ATGGGACCTGCTGAAC-1,14739,15736,1.117715781090523,0.4987799565573952,0.0256323309091698,True,True,tumor_core,0.0567820779384328,0.2493899782786976,MIXED
ATGGGCCTCGGCCTCT-1,11604,8941,0.5026429009862602,1.3275638881784897,0.4330047628369913,True,True,interface,0.3681558195890777,0.6637819440892448,IMMUNE_EXHAUSTED
ATGGTCGCGTGGTTTC-1,11602,9620,-0.3799351549939221,2.3808325816623075,0.1009910060402314,False,True,interface,0.484500938379828,1.1904162908311537,IMMUNE_EXHAUSTED
ATGGTGCTCAAAGCCA-1,2934,12769,-0.7086936644375649,-0.320427463552867,-0.0406190004612988,False,False,other,2.4811686593081387e-05,-0.1602137317764335,MIXED
ATGTAAGGCTGCTCTT-1,9050,6560,0.2477426761211933,-0.1522170808765231,-0.144346104157786,False,False,interface,0.0114345135367682,-0.07610854043826155,MIXED
ATGTACATGCGGTGAG-1,15349,6574,-0.4500275423004792,-0.0538203147789063,0.6196213715321724,False,False,interface,0.0129698188898176,-0.02691015738945315,STROMA
ATGTACGATGACGTCG-1,15731,12005,-0.3066454127285912,0.4558497065119976,0.857871986580725,False,True,immune_core,0.0133899722116643,0.2279248532559988,STROMA
ATGTAGCGCGCGTAGG-1,16127,11101,-0.4755327716095339,-0.320427463552867,-0.6069349284561023,False,False,other,0.004365923024193,-0.1602137317764335,MIXED
ATGTCATTTCCCATTG-1,6267,18772,-0.768265853165914,-0.320427463552867,-0.4695221063483504,False,False,other,9.02389679376772e-05,-0.1602137317764335,MIXED
ATGTGAAAGCCTAATG-1,11783,16748,1.4865430657206444,0.0488662199089858,-0.2510389756537355,True,False,interface,0.0249449051346889,0.0244331099544929,TUMOR
ATGTGCATCCGACGCA-1,7264,12778,0.4533498424881893,-0.1522170808765231,0.4656128061524711,True,False,interface,0.0286503360674358,-0.07610854043826155,MIXED
ATGTGGACATCTTGAT-1,11993,11205,0.0664302096485392,-0.1522170808765231,-0.5987032561734313,False,False,interface,0.0139933983527134,-0.07610854043826155,MIXED
ATGTGTAGTTTAGTCA-1,3721,12544,-0.7436817272064806,-0.320427463552867,-0.5487495207984325,False,False,other,4.8417977501530295e-05,-0.1602137317764335,MIXED
ATGTTACGAGCAATAC-1,5683,15943,0.2022229979025727,0.3549066387331724,0.9558433207582684,False,True,immune_core,0.0167518035410429,0.1774533193665862,STROMA
ATGTTCCTGCCCACCT-1,5874,18319,-0.9913531565245204,-0.320427463552867,-0.2399786298384994,False,False,other,0.0025830048568918,-0.1602137317764335,MIXED
ATGTTCGTCGACCCAC-1,9419,17648,-0.2570290800406386,-0.1522170808765231,0.2993405111815092,False,False,other,0.0031503764125592,-0.07610854043826155,MIXED
ATGTTGATTAGAGACT-1,16132,8838,-0.2364537730083515,-0.1522170808765231,-0.7935159983168215,False,False,interface,0.0104361901292844,-0.07610854043826155,MIXED
ATGTTGTAGTCTGTTT-1,15530,13928,0.4537425123133322,0.4544474460506791,0.4765826053929295,True,True,interface,0.0998455939399571,0.22722372302533955,MIXED
ATGTTTCGGCCCGGAG-1,9250,5089,-0.3945830564054816,-0.320427463552867,-0.1476624351148941,False,False,other,0.0021477227870928,-0.1602137317764335,MIXED
ATTAAACATGCGGACC-1,11202,12561,-0.0093576507225988,-0.0326276614652821,0.2266596642095057,False,False,interface,0.1298648515362491,-0.01631383073264105,MIXED
ATTAACACCTGAGATA-1,6463,19112,-0.9913531565245204,-0.320427463552867,-0.0041382774003321,False,False,other,0.0030266439245158,-0.1602137317764335,MIXED
ATTAATACTACGCGGG-1,7070,11760,0.1112985457252268,-0.0538203147789063,-0.1634687451575865,False,False,other,0.0019109270406148,-0.02691015738945315,MIXED
ATTAATGAACCAGTCG-1,7270,10289,-0.1133308144375615,-0.320427463552867,-0.5734324064564824,False,False,other,0.0066702545945438,-0.1602137317764335,MIXED
ATTAATTCGGTCACTC-1,5495,11756,-0.850600739191554,-0.320427463552867,-0.3503323775600248,False,False,other,0.00131157441801,-0.1602137317764335,MIXED
ATTACAACTACCGGCC-1,4910,9379,-0.659543943469543,-0.1522170808765231,0.0046202982881217,False,False,other,0.0009854792658426,-0.07610854043826155,MIXED
ATTACATGTCAGTCTT-1,12592,7020,-0.9913531565245204,-0.1522170808765231,-0.7935159983168215,False,False,other,0.0170040064692993,-0.07610854043826155,MIXED
ATTACCACACTGCCTG-1,12201,5888,1.0961056120824693,0.2170766025853298,-0.3809673112365243,True,True,interface,0.0608991067813331,0.1085383012926649,TUMOR
ATTACGACTCCACAGT-1,6493,5536,-0.6790337393415252,-0.320427463552867,-0.1287546490574961,False,False,other,0.001256050860026,-0.1602137317764335,MIXED
ATTACGCGCTGGCAGG-1,10604,15840,0.5164327442696434,0.2321728077834345,0.4006404653676828,True,True,interface,0.0187332720270574,0.11608640389171725,MIXED
ATTACTAGCCTCTTGC-1,6277,14247,-0.5893049048155469,-0.0538203147789063,0.0667358657743168,False,False,other,0.0106650678903477,-0.02691015738945315,MIXED
ATTACTTACTGGGCAT-1,7078,7913,0.3550277177650867,-0.320427463552867,-0.2617775824481987,False,False,other,0.0655764918466171,-0.1602137317764335,MIXED
ATTAGATTCCTCAGCA-1,7670,7349,-0.5815656521625655,-0.320427463552867,0.13722189493806,False,False,other,0.0037631174722311,-0.1602137317764335,MIXED
ATTAGATTGATAGCGG-1,6475,13682,-0.1389418610338953,0.3366660219965708,0.5142270696847815,False,True,interface,0.0087036325218964,0.1683330109982854,MIXED
ATTAGGCGATGCTTTC-1,10024,11200,0.3167747206203826,-0.0326276614652821,-0.1616692069982166,False,False,interface,0.0898684541875308,-0.01631383073264105,MIXED
ATTATACTTTGCTCGT-1,6285,10400,-0.533978637432348,0.0701449498350903,-0.7493373625424743,False,False,other,0.0065013246319794,0.03507247491754515,MIXED
ATTATAGCTACTTTAC-1,9247,6221,-0.3122765048953292,-0.320427463552867,-0.6316178141141519,False,False,other,0.0113509913877325,-0.1602137317764335,MIXED
ATTATCTCGACAGATC-1,4116,12319,-0.4395912057753972,-0.320427463552867,-0.5405178485157619,False,False,other,0.0001601964135055,-0.1602137317764335,MIXED
ATTATGCCATAGGGAG-1,6870,13230,0.7118297335106976,0.3574529404143807,1.1430721333045863,True,True,interface,0.0069685621666056,0.17872647020719035,STROMA
ATTATTATGTCCGTCA-1,14346,15057,0.6636070249782308,-0.0326276614652821,0.381622789208562,True,False,interface,0.1096720632502878,-0.01631383073264105,TUMOR
ATTATTCAGAGTCACT-1,15936,8272,0.119573259263698,-0.1522170808765231,-0.4680519259883473,False,False,interface,0.0784464050710819,-0.07610854043826155,MIXED
ATTCAAAGTACCTGTT-1,4299,18542,-0.9913531565245204,0.5048764046729147,1.0603489772965935,False,True,immune_core,0.0059379207789262,0.25243820233645736,STROMA
ATTCAACCATTTAAGG-1,14165,7929,0.2424637114428598,-0.1522170808765231,-0.2352485247122159,False,False,interface,0.2088494946358933,-0.07610854043826155,MIXED
ATTCACTGATGTTGGA-1,13764,11548,-0.4475845186666265,-0.320427463552867,-0.7935159983168215,False,False,interface,0.0504602340344558,-0.1602137317764335,MIXED
ATTCAGGACCTATTTC-1,6684,8138,-0.6924714557944238,-0.320427463552867,-0.911235546745144,False,False,other,0.001029732530756,-0.1602137317764335,MIXED
ATTCAGTAGCAGGGTC-1,8044,16400,0.4385524815059803,-0.1522170808765231,0.3673943943727427,True,False,interface,0.0364038638733009,-0.07610854043826155,MIXED
ATTCATATACTGTCCA-1,11793,12449,0.0163192999666793,-0.1522170808765231,-0.0988044081189684,False,False,interface,0.0232241793333906,-0.07610854043826155,MIXED
ATTCATCGTTGAGGCA-1,14753,9174,-0.5988032285554169,-0.320427463552867,-0.0193169717345754,False,False,other,0.0007215005266285,-0.1602137317764335,MIXED
ATTCCCACATAAACAA-1,7847,16513,-0.4569615348392086,-0.0326276614652821,0.979315477567702,False,False,interface,0.0228955330721627,-0.01631383073264105,STROMA
ATTCCTAAGACGTGGA-1,5702,7118,-0.685886860562465,-0.320427463552867,0.4645853881035239,False,False,other,0.000181260706706,-0.1602137317764335,MIXED
ATTCCTCCGCCAGTGC-1,7260,14815,1.1388806173562167,-0.1522170808765231,1.7710800639113244,True,False,interface,0.0211606202604382,-0.07610854043826155,TUMOR
ATTCCTTCCAGGCGGT-1,4697,16506,-0.6790337393415252,-0.320427463552867,-0.2053917129498991,False,False,other,0.0007059911479744,-0.1602137317764335,MIXED
ATTCGACGCCGGGCCT-1,9816,16291,0.3902229805882716,-0.320427463552867,-0.5627562926817552,False,False,other,0.0010453815850237,-0.1602137317764335,MIXED
ATTCGCAGAGGACACT-1,5510,4968,-0.7302440107535821,-0.320427463552867,-0.911235546745144,False,False,other,3.0459275871687217e-05,-0.1602137317764335,MIXED
ATTCGCGCCTTGAGAG-1,15545,7140,0.4832113387437736,-0.320427463552867,-0.293905220400268,True,False,other,0.0319817444278439,-0.1602137317764335,MIXED
ATTCGTGCTATCTCTT-1,11018,6790,0.0881895149517497,-0.320427463552867,-0.5627562926817552,False,False,interface,0.0490243632669163,-0.1602137317764335,MIXED
ATTCTCGTCTCTTTAG-1,4901,13452,-0.9913531565245204,-0.320427463552867,-0.3679435505383652,False,False,other,0.0034937844077059,-0.1602137317764335,MIXED
ATTCTGAGTATGAACT-1,3925,9490,0.0404674498678704,-0.1522170808765231,0.2608497256306288,False,False,other,0.059638343965844,-0.07610854043826155,MIXED
ATTCTTCGTACTTATG-1,4516,9378,0.2125071905161219,-0.1522170808765231,0.2514275888461422,False,False,other,0.1285008597694662,-0.07610854043826155,MIXED
ATTGAAGATCTTAGTG-1,8837,13687,1.6711395453339075,-0.1522170808765231,1.1191258555269266,True,False,interface,0.022888477813488,-0.07610854043826155,TUMOR
ATTGACCGGCGATGAC-1,6688,6328,-0.4177379049655181,-0.1522170808765231,-0.7493373625424743,False,False,other,0.0027814016385813,-0.07610854043826155,MIXED
ATTGACGTAACTCGGT-1,4315,11075,-0.659543943469543,-0.320427463552867,-0.5627562926817552,False,False,other,0.0024069675322031,-0.1602137317764335,MIXED
ATTGATAGCAACGAGA-1,5090,16733,-0.7234727269165546,-0.320427463552867,-0.3235673912008861,False,False,other,0.0036154937473851,-0.1602137317764335,MIXED
ATTGATCACCACATTT-1,12961,18335,0.9175627756135796,-0.320427463552867,0.4192559315668066,True,False,tumor_core,0.0183089900731092,-0.1602137317764335,TUMOR
ATTGATGAGTCCTAAC-1,9243,8031,-0.5285641899014206,0.3154733686829467,-0.4188568088398248,False,True,interface,0.0316708789344337,0.15773668434147334,MIXED
ATTGCCTTTATGTTTG-1,15342,9741,-0.6097005937105415,-0.320427463552867,-0.3084388956893737,False,False,other,0.0022689322448679,-0.1602137317764335,MIXED
ATTGCGATCAGTAACT-1,12787,8039,1.2741360642823918,0.4233825232986467,-0.2871304885281798,True,True,interface,0.0764797491142179,0.21169126164932334,MIXED
ATTGCTGCTCCTCCAT-1,9623,14367,-0.0149368228293246,-0.320427463552867,0.6560514375275687,False,False,other,0.004201745364083,-0.1602137317764335,STROMA
ATTGGATTACAGCGTA-1,13378,7701,0.3068899661831783,0.1892425577380367,0.4132407340702248,False,True,interface,0.00936568643456,0.09462127886901835,MIXED
ATTGGGAATATCTTGG-1,5098,13339,-0.420441093339039,-0.320427463552867,-0.6176110422308293,False,False,other,0.0083590487432387,-0.1602137317764335,MIXED
ATTGGGAGTTCTGTAA-1,4326,6323,-0.87080973948148,-0.320427463552867,-0.5627562926817552,False,False,other,0.0148380541309166,-0.1602137317764335,MIXED
ATTGGTAGGATCCGCT-1,7645,18889,-0.7898600242774277,-0.320427463552867,0.4230549513342208,False,False,other,0.0014693833929564,-0.1602137317764335,MIXED
ATTGTACAACTCGGCT-1,9638,7579,1.035950806240349,-0.0326276614652821,-0.7935159983168215,True,False,other,0.0653878243764679,-0.01631383073264105,TUMOR
ATTGTCGCAATACCTT-1,5697,9607,-0.7436817272064806,-0.320427463552867,-0.4809837077451089,False,False,other,0.0030992414869433,-0.1602137317764335,MIXED
ATTGTGACTTCGCTGC-1,4915,6890,-0.6115217405903716,-0.1522170808765231,-0.5987032561734313,False,False,other,0.0005679032722144,-0.07610854043826155,MIXED
ATTGTTCAACGATCCG-1,13187,5324,-0.2243624086228735,0.1357244304709254,-0.0552348460021757,False,False,other,0.0018639129570325,0.0678622152354627,MIXED
ATTTAACTCGTATTAC-1,5491,13340,-0.768265853165914,-0.0538203147789063,-0.2429518527538329,False,False,other,0.0014296992269104,-0.02691015738945315,MIXED
ATTTACAGTTTACTGG-1,8638,14931,0.3403825622302358,-0.320427463552867,0.3974757116889895,False,False,interface,0.0119743850673009,-0.1602137317764335,MIXED
ATTTACTAAGTCCATT-1,8853,6672,-0.1677376896798893,-0.1522170808765231,-0.2609001158847699,False,False,interface,0.0054310474696723,-0.07610854043826155,MIXED
ATTTCATTATTTCGCG-1,5498,10398,-0.9913531565245204,-0.320427463552867,-0.253985401721822,False,False,other,0.0092742836740139,-0.1602137317764335,MIXED
ATTTCCGGGTTCTGCG-1,13558,15281,1.4464708294871582,2.1478590053659903,0.422500364741759,True,True,interface,0.2183298408415133,1.0739295026829951,IMMUNE_EXHAUSTED
ATTTGCGCGAGTAGCT-1,13164,15733,1.8008733588458143,0.2648891764873584,0.6144366773012852,True,True,interface,0.0490468033329164,0.1324445882436792,TUMOR
ATTTGGAGATTGCGGT-1,14140,19242,-0.1103577690252325,-0.1522170808765231,-0.0628574446272922,False,False,other,0.0022133034327744,-0.07610854043826155,MIXED
ATTTGTCTTGGGAGCT-1,10618,9731,-0.0335341351392773,0.2170766025853298,0.5995606031885894,False,True,interface,0.0072130053682999,0.1085383012926649,MIXED
ATTTGTTCCAGGGCTC-1,6480,11193,-0.0443960752873633,-0.1522170808765231,0.1007084434985124,False,False,other,0.0014224313611876,-0.07610854043826155,MIXED
CAAACCAGGTCTGCAT-1,9809,19233,-0.8642251442495211,-0.320427463552867,0.2496748459444202,False,False,other,0.0079051230507565,-0.1602137317764335,MIXED
CAAACGAGTATCGCAG-1,11987,13920,-0.1105383934969383,0.7436495085995825,-0.2747093642049604,False,True,immune_core,0.05030031092254,0.3718247542997912,IMMUNE_ACTIVE
CAAACGGTCGCACTTT-1,8638,14705,0.5414801578349794,0.9791272061734452,1.282691455025487,True,True,interface,0.0791661144460551,0.4895636030867226,IMMUNE_EXHAUSTED
CAAACTACGATAGAGA-1,5106,9719,-0.6693166072343872,-0.320427463552867,-0.4158835859244914,False,False,other,0.0017969762651458,-0.1602137317764335,MIXED
CAAACTATTGAGCTTC-1,4907,10737,-0.513769637142422,-0.320427463552867,-0.4158835859244914,False,False,other,0.0029442710285178,-0.1602137317764335,MIXED
CAAACTCGCGACGCCG-1,11609,6678,-0.659543943469543,-0.320427463552867,-0.7935159983168215,False,False,other,0.002002118447683,-0.1602137317764335,MIXED
CAAAGATTATTGGGCC-1,13754,15847,1.0877401798042083,0.1357244304709254,-0.4450367442534327,True,False,interface,0.0930646636769996,0.0678622152354627,TUMOR
CAAAGGTCATCTGAAA-1,11809,5208,-0.4462293038757807,-0.320427463552867,0.125220674988985,False,False,other,0.0121388746995875,-0.1602137317764335,MIXED
CAAAGTCAGGTTAGCT-1,4497,17977,-0.768265853165914,0.0488662199089858,-0.1805769930556146,False,False,other,3.2813452408507784e-05,0.0244331099544929,MIXED
CAAATCTCTCACAAGG-1,11390,16521,1.931155880321908,0.4023315792448862,-0.6757964498884991,True,True,tumor_core,0.0958940894959336,0.2011657896224431,MIXED
CAAATGTCCTTCCGTG-1,11594,13240,0.3861736839081464,-0.1522170808765231,0.5847388577615741,False,False,other,0.0103497711683259,-0.07610854043826155,MIXED
CAAATTGGATTATGCC-1,7082,6103,-0.6219580771154536,-0.320427463552867,-0.4598202537056765,False,False,other,0.0051968869324487,-0.1602137317764335,MIXED
CAAATTGTCAGCAAGC-1,5298,11643,-0.3732039084145241,-0.320427463552867,-0.361008491334752,False,False,other,0.0010110033515894,-0.1602137317764335,MIXED
CAACACATCTCCTGCC-1,9052,5655,-0.6491076069444611,-0.1522170808765231,-0.0546257723446214,False,False,interface,0.0039619883754667,-0.07610854043826155,MIXED
CAACATGGCCTGATAA-1,3907,17862,-0.5653434435194244,-0.1522170808765231,-0.2305307284306134,False,False,other,0.0022242833385752,-0.07610854043826155,MIXED
CAACCAGTGGCCTACC-1,14760,6233,-0.5584903222984847,-0.320427463552867,0.4719312873428055,False,False,other,0.0222230668355912,-0.1602137317764335,MIXED
CAACCGCACCTAGACA-1,4889,18656,-0.9913531565245204,-0.320427463552867,-0.0749139500457605,False,False,other,0.0009021050872592,-0.1602137317764335,MIXED
CAACCTACCGAGCAGT-1,14757,7590,-0.0049789767064886,0.2170766025853298,-0.5627562926817552,False,True,immune_core,0.0177622662156276,0.1085383012926649,MIXED
CAACCTGAACCTGCCA-1,7675,5312,-0.3732039084145241,-0.320427463552867,-0.911235546745144,False,False,other,0.0006100435635146,-0.1602137317764335,MIXED
CAACGACCCGTTTACA-1,6672,13569,0.9705685000738802,0.0488662199089858,0.3335968622724027,True,False,other,0.0922101262193851,0.0244331099544929,TUMOR
CAACGGTTCTTGATAC-1,6275,14926,-0.444800026476384,-0.320427463552867,-0.5380734070237054,False,False,other,0.0004909818169084,-0.1602137317764335,MIXED
CAACGTGGTGGAGTCT-1,13578,6456,-0.5071850419104631,-0.1522170808765231,-0.5487495207984325,False,False,other,0.0036865193062931,-0.07610854043826155,MIXED
CAACTATATCGAATGC-1,5695,10286,-0.9913531565245204,-0.1522170808765231,-0.4847451073568881,False,False,other,0.0064604418579141,-0.07610854043826155,MIXED
CAACTCCGTAACTTGC-1,5311,5759,-0.87080973948148,-0.320427463552867,-0.911235546745144,False,False,interface,0.0009874364746331,-0.1602137317764335,MIXED
CAACTCCTTGATCCCG-1,6277,14021,0.0835100979994347,0.1892425577380367,0.1165485011435515,False,True,immune_core,0.0111586120917378,0.09462127886901835,MIXED
CAACTGAGGGTATGAC-1,4721,5645,-0.5139563257474906,-0.320427463552867,-0.6316178141141519,False,False,other,0.0006126152472542,-0.1602137317764335,MIXED
CAACTGCTCATCCGAT-1,14351,13020,-0.0903577277224997,0.8251433899738505,0.4355665062864042,False,True,immune_core,0.0190788623260742,0.41257169498692525,IMMUNE_EXHAUSTED
CAACTTGTAGTGGGCA-1,4504,14582,-0.4627995572038585,0.1355827212110617,-0.2368121342484299,False,False,other,0.00469431101512,0.06779136060553086,MIXED
CAAGACTCAGAAGCGC-1,8660,4975,-0.0984703575856184,-0.320427463552867,-0.3868513365957632,False,False,other,0.0040798850526437,-0.1602137317764335,MIXED
CAAGAGGGCGGAGTAC-1,11796,10865,0.8559942813262149,0.4395985842823451,-0.281470856127628,True,True,interface,0.0831542937683401,0.21979929214117255,MIXED
CAAGATATTATAACGT-1,11603,9167,1.0166586624387213,2.2374399878408293,0.9022930931219044,True,True,interface,2.3533380425946953,1.1187199939204147,IMMUNE_EXHAUSTED
CAAGCAACGTCGGAGT-1,9031,14932,0.6602440961971119,-0.320427463552867,1.4007467812180088,True,False,tumor_core,0.0278445149267567,-0.1602137317764335,TUMOR
CAAGCACCAAATGCCT-1,6282,11758,-0.17829537139939,-0.320427463552867,-0.2697266921891505,False,False,other,0.0047312059382305,-0.1602137317764335,MIXED
CAAGCGGCACATAATT-1,13371,11095,-0.2498218201453688,-0.1522170808765231,-0.5987032561734313,False,False,other,0.0031245907136875,-0.07610854043826155,MIXED
CAAGGATCGCATGTTC-1,10614,11541,0.1276319531927079,0.6577037328187488,0.3984189886432095,False,True,interface,0.0231390441666574,0.3288518664093744,IMMUNE_ACTIVE
CAAGGCCAGTGGTGCA-1,15740,7932,1.51950048219172,0.0159933017998207,-0.4598202537056765,True,False,interface,0.1805372421801738,0.00799665089991035,TUMOR
CAAGGGAGTGTATTTG-1,2924,17294,-0.9913531565245204,-0.320427463552867,0.7379167022505612,False,False,other,0.0010729165677005,-0.1602137317764335,STROMA
CAAGGTCCTATAGGCT-1,9443,6787,0.001864059167496,-0.0326276614652821,-0.518380133344276,False,False,interface,0.0088679113483367,-0.01631383073264105,MIXED
CAAGTGAACTTTGGTT-1,3917,13110,-0.9913531565245204,-0.320427463552867,-0.361008491334752,False,False,other,0.0023155304916707,-0.1602137317764335,MIXED
CAAGTGTGGTTGCAAA-1,10620,8600,1.3327709227558957,1.623875750381876,0.487460504271517,True,True,interface,0.4249879612176361,0.811937875190938,IMMUNE_EXHAUSTED
CAATAAACCTTGGCCC-1,7859,10856,0.4255410964440569,1.0757172927458178,0.5066939115193384,True,True,interface,0.0841749091322882,0.5378586463729089,IMMUNE_EXHAUSTED
CAATACGAGAGTCTGA-1,11414,5660,-0.356997190051392,-0.320427463552867,-0.1192901093832397,False,False,interface,0.0278406866531192,-0.1602137317764335,MIXED
CAATACGCTCTGAGGC-1,10599,18103,0.9810290243739024,-0.0538203147789063,0.0318469220661156,True,False,tumor_core,0.0080356772605484,-0.02691015738945315,TUMOR
CAATATTCTTGACCTA-1,13363,14715,1.3946004181333709,1.0574766760092162,-0.0037629512729638,True,True,interface,0.1681615720870403,0.5287383380046081,IMMUNE_EXHAUSTED
CAATATTGGACTAGTG-1,4302,17184,-0.7436817272064806,-0.320427463552867,0.1027031063735246,False,False,other,0.0001347876508855,-0.1602137317764335,MIXED
CAATCCCTATACCAGC-1,5107,9266,-0.4245910261864579,-0.1522170808765231,-0.1532233728860433,False,False,other,0.0009315685799756,-0.07610854043826155,MIXED
CAATCCTGCCGTGGAG-1,5484,16508,-0.3945830564054816,-0.320427463552867,-0.2193984848332217,False,False,other,0.0041394152172223,-0.1602137317764335,MIXED
CAATGAGGTTCGACTA-1,8461,5766,-0.252632156855996,-0.1522170808765231,-0.5734324064564824,False,False,interface,0.0008471937103847,-0.07610854043826155,MIXED
CAATGCGAGAAGTATC-1,13373,9963,-0.3148239466846543,1.083706886752824,-0.6757964498884991,False,True,immune_core,0.0463877490370292,0.541853443376412,IMMUNE_EXHAUSTED
CAATGGAATCTACATA-1,4517,8926,-0.2623118099419089,0.0159933017998207,0.787583084711483,False,False,other,0.0042699424854062,0.00799665089991035,STROMA
CAATGGATCTCTACCA-1,8256,9499,-0.4353673637276948,-0.1522170808765231,-0.1054596061198369,False,False,other,0.0002436381499209,-0.07610854043826155,MIXED
CAATGGTCGGCCTGGG-1,3918,12884,-0.9913531565245204,-0.320427463552867,-0.0327761273110453,False,False,other,0.0002481096524831,-0.1602137317764335,MIXED
CAATGTGCCAACCCTT-1,10035,6222,-0.0752281007074401,-0.0326276614652821,-0.0670468966678409,False,False,interface,0.0087129228802875,-0.01631383073264105,MIXED
CAATTAAGGGTGATGA-1,8448,11876,1.4009226883230892,0.3037931038874057,0.6644060099221776,True,True,interface,0.0521154253853935,0.15189655194370286,STROMA
CAATTGGGCCGCACTC-1,13748,18789,0.3886809715082635,-0.320427463552867,-0.5872416547766728,False,False,other,0.000894216904127,-0.1602137317764335,MIXED
CAATTTCGTATAAGGG-1,10022,12106,1.5478279896579024,0.8910729728581165,1.4667211017557469,True,True,interface,0.0417001551044369,0.44553648642905824,IMMUNE_EXHAUSTED
CAATTTGACCGGGAAG-1,4104,17749,-0.775065471518429,0.2862370633743352,-0.6069349284561023,False,True,immune_core,0.0053288970538297,0.1431185316871676,MIXED
CACAAGAAAGATATTA-1,5506,6552,-0.9913531565245204,-0.320427463552867,-0.0183948834467927,False,False,other,0.0013748249187457,-0.1602137317764335,MIXED
CACAATGAGCTGCTAT-1,11003,13578,0.5549138530742858,0.2170766025853298,1.075853515161503,True,True,interface,0.0329177764616181,0.1085383012926649,STROMA
CACACACGCTAACGAG-1,13575,7588,-0.3595795033565568,-0.0538203147789063,-0.4009486550538633,False,False,other,0.0076233288860475,-0.02691015738945315,MIXED
CACACAGCTTGCGCTC-1,12003,6227,-0.4695991755563735,-0.320427463552867,-0.2749068877680926,False,False,other,0.0063865025542172,-0.1602137317764335,MIXED
CACACAGGGATAGATT-1,7651,16173,0.2583321879822521,-0.320427463552867,0.4330047628369913,False,False,interface,0.0413162362975821,-0.1602137317764335,MIXED
CACACGCGCTGTCTTA-1,9241,9162,-0.2732512886837797,0.6452527425019656,-0.4450367442534327,False,True,immune_core,0.0080013806011388,0.3226263712509828,IMMUNE_ACTIVE
CACACTTGTATTGCGA-1,4720,6098,-0.9913531565245204,-0.320427463552867,-0.6546329958490664,False,False,other,0.0070205293280197,-0.1602137317764335,MIXED
CACAGCACCCACGGCA-1,8840,12555,1.715552444877405,1.9718910152944609,1.0367892978004671,True,True,interface,0.5808685104587511,0.9859455076472304,IMMUNE_EXHAUSTED
CACAGCTAGGGAGTGA-1,6675,12438,0.269121824112151,-0.0538203147789063,0.400111428750331,False,False,other,0.0131003196242502,-0.02691015738945315,MIXED
CACAGGGCCATATAGT-1,13968,8268,0.042078344508211,0.2170766025853298,0.4846304823115919,False,True,immune_core,0.0100115136891135,0.1085383012926649,MIXED
CACAGGGCCGTTGTCA-1,14943,12456,-0.4327915874228822,0.1355827212110617,-0.4227983000874394,False,False,other,0.0029011756811766,0.06779136060553086,MIXED
CACAGTCCCGCTTCGC-1,14562,6572,-0.5331217261515044,-0.1522170808765231,-0.5627562926817552,False,False,other,0.0019613778032732,-0.07610854043826155,MIXED
CACAGTTCGCTTCCCA-1,13381,6343,-0.685886860562465,-0.0326276614652821,-0.4316248763918199,False,False,other,0.0058284607996576,-0.01631383073264105,MIXED
CACATATTAGCAGGAT-1,11993,10978,0.3407890381290071,-0.0538203147789063,0.5142270696847815,False,False,interface,0.0094228206167366,-0.02691015738945315,MIXED
CACATCGTGCACGCGC-1,14543,14944,1.0926152313326545,0.3852869852616737,-0.2190189032432683,True,True,interface,0.0476715530833968,0.19264349263083685,MIXED
CACATCTCACCGACGA-1,13962,10757,-0.6924714557944238,-0.320427463552867,-0.3924289126332829,False,False,other,0.002550606267063,-0.1602137317764335,MIXED
CACATGATTCAGCAAC-1,10219,11993,0.6001448132313912,-0.320427463552867,0.0434005024042716,True,False,interface,0.0954903102241631,-0.1602137317764335,TUMOR
CACATGTTTGGACATG-1,4696,17185,-0.7302440107535821,-0.320427463552867,-0.6546329958490664,False,False,other,0.000348929882705,-0.1602137317764335,MIXED
CACATTCTTTCGATGG-1,6288,9043,-0.4608132761323318,0.2862370633743352,-0.3670255589285657,False,True,immune_core,0.0282878963343203,0.1431185316871676,MIXED
CACATTTCTTGTCAGA-1,11411,7017,-0.7300573221485134,-0.320427463552867,-0.7246544768844247,False,False,other,0.0009419946886413,-0.1602137317764335,MIXED
CACCAATCATCCGTCT-1,13354,18788,0.6401182263392491,-0.320427463552867,-0.2936171502623584,True,False,tumor_core,0.0039079531654442,-0.1602137317764335,TUMOR
CACCACGCCACACAGA-1,10599,18329,0.8103533451587832,-0.320427463552867,0.1779079311353791,True,False,tumor_core,0.0036648204476647,-0.1602137317764335,TUMOR
CACCAGTCAGCATGCA-1,14539,16754,0.1287295908252625,-0.320427463552867,0.0266064361811927,False,False,other,0.0173589061304689,-0.1602137317764335,MIXED
CACCATCGGAGGAGAC-1,4903,12321,-0.3677020525654549,-0.320427463552867,0.0038958713192065,False,False,other,0.000568460813528,-0.1602137317764335,MIXED
CACCATGATCGCAAAG-1,5113,6325,-0.6731683485275104,-0.320427463552867,-0.4809837077451089,False,False,other,0.000329543477476,-0.1602137317764335,MIXED
CACCCAAATCTTATGT-1,9639,7353,0.4155142062742791,-0.1522170808765231,-0.2350955065985304,False,False,interface,0.0196812136913741,-0.07610854043826155,MIXED
CACCCACACGTCACCC-1,6080,14360,-0.0112697774050431,-0.320427463552867,0.1364371651745443,False,False,other,0.0068887434484155,-0.1602137317764335,MIXED
CACCCACGAGGCAATT-1,6681,9496,-0.3942892618720773,0.5231170214095163,-0.3520906280579376,False,True,immune_core,0.0234352575122006,0.26155851070475816,MIXED
CACCCGGTTTGTGACT-1,13166,14828,1.1640447240463467,-0.0538203147789063,0.2335743783724536,True,False,interface,0.0470366132738844,-0.02691015738945315,TUMOR
CACCCTAACAAGATCT-1,13766,10190,-0.3352140332188597,-0.320427463552867,-0.7049612032049952,False,False,other,0.0032143381989489,-0.1602137317764335,MIXED
CACCCTTGGTGAGACC-1,12569,17429,0.0190226977874363,-0.1522170808765231,0.203466688639817,False,False,interface,0.0617407606067484,-0.07610854043826155,MIXED
CACCCTTTCCTCGCTC-1,4307,14695,-0.8642251442495211,-0.1522170808765231,-0.5627562926817552,False,False,other,0.00158193246283,-0.07610854043826155,MIXED
CACCGATACACCGAGC-1,4712,9718,-0.6722624555044977,-0.320427463552867,-0.911235546745144,False,False,interface,0.0038451734642551,-0.1602137317764335,MIXED
CACCGCCAGAAGGTTT-1,8052,12554,0.9762258395466368,0.0701449498350903,0.2392649348504321,True,False,interface,0.0422134245251193,0.03507247491754515,TUMOR
CACCGCCGACCAGCGA-1,4511,11641,-0.0536586320442704,-0.320427463552867,0.2353800039231879,False,False,other,3.0181013562346095e-05,-0.1602137317764335,MIXED
CACCGCGTCCACTCTA-1,5898,7458,-0.6477224361228734,-0.320427463552867,-0.1920385944523732,False,False,other,0.000378789342469,-0.1602137317764335,MIXED
CACCGGAGATATCTCC-1,4124,8698,-0.3648539850487245,0.2321728077834345,0.871796604154425,False,True,immune_core,0.0108089148214695,0.11608640389171725,STROMA
CACCGTATCCCATCCG-1,12985,7473,-0.4521810919006158,0.1355827212110617,-0.3812966690358911,False,False,interface,0.0014140726896932,0.06779136060553086,MIXED
CACCGTTAGGGATCAC-1,13165,15054,0.7380502451753348,-0.1522170808765231,0.7738718776809129,True,False,interface,0.0582665976981421,-0.07610854043826155,TUMOR
CACCGTTGCGCGATAT-1,11982,15957,0.8119378680542128,-0.320427463552867,0.7577834988243833,True,False,interface,0.0118264622409673,-0.1602137317764335,TUMOR
CACCTAATAGAGTCGT-1,6075,16396,-0.2612529220883409,-0.320427463552867,0.0152256384797304,False,False,other,0.0022336284960566,-0.1602137317764335,MIXED
CACCTAATCAGTTTAC-1,6678,11080,-0.2335342304644471,-0.1522170808765231,-0.3679435505383652,False,False,other,0.0056083502329902,-0.07610854043826155,MIXED
CACCTCGATGGTGGAC-1,6283,11305,0.3517705565456085,-0.320427463552867,1.1232755275423592,False,False,other,0.0164417893423215,-0.1602137317764335,STROMA
CACCTTGCGAAACTCG-1,7468,9724,-0.6924714557944238,-0.320427463552867,0.0807539690767283,False,False,interface,0.0654777712802131,-0.1602137317764335,MIXED
CACCTTGGCGCCTTTG-1,11213,7583,-0.577504951882249,-0.1522170808765231,-0.3281321693688031,False,False,other,0.0027597220092709,-0.07610854043826155,MIXED
CACGAAAGTTAGTCCC-1,9226,15950,0.2720187690877573,-0.320427463552867,0.7659011884896769,False,False,other,0.0079150868028992,-0.1602137317764335,STROMA
CACGACTAAAGTTCTG-1,3325,13675,-0.7436817272064806,0.2862370633743352,-0.3079119922835907,False,True,immune_core,0.0026160991629849,0.1431185316871676,MIXED
CACGATTGGTCGTTAA-1,2735,13560,-0.9913531565245204,0.3366660219965708,-0.911235546745144,False,True,immune_core,0.0011824048133996,0.1683330109982854,MIXED
CACGCACAGCGCAGCT-1,7465,11082,-0.0340319391157891,1.0574766760092162,0.4122536655236841,False,True,interface,0.0124561498511719,0.5287383380046081,IMMUNE_EXHAUSTED
CACGCAGCGAGGCTTT-1,8836,14366,1.2472764805349053,0.6913274040858602,1.1091230679109545,True,True,interface,0.0246064066650768,0.3456637020429301,IMMUNE_ACTIVE
CACGCGGAACTGTTGC-1,11015,8148,-0.5205944238478741,-0.320427463552867,0.0680764480995108,False,False,interface,0.0278296322315992,-0.1602137317764335,MIXED
CACGGACGTGGATGGC-1,7281,5311,-0.4648220950594779,-0.320427463552867,-0.6378992199319686,False,False,other,0.0145611476169131,-0.1602137317764335,MIXED
CACGGCGCGCCAAAGG-1,5701,7570,-0.8642251442495211,-0.320427463552867,-0.5138982656858294,False,False,other,0.0003072756975729,-0.1602137317764335,MIXED
CACGGGATTGAGGGTT-1,8828,17986,-0.1634818804155195,-0.1522170808765231,0.6748417043291336,False,False,other,0.0009379326178494,-0.07610854043826155,STROMA
CACGTCAATCAATGGA-1,14957,6120,-0.3095984467346557,-0.320427463552867,0.3390907477586951,False,False,other,0.0301531725925558,-0.1602137317764335,MIXED
CACGTCGGCAACCTCT-1,12378,15052,-0.2417631262163589,-0.320427463552867,-0.1369863213401669,False,False,interface,0.0424756025360365,-0.1602137317764335,MIXED
CACGTCGGGTTCTAGA-1,5676,19110,-0.9913531565245204,-0.320427463552867,0.0327243886295444,False,False,other,0.0040968477568421,-0.1602137317764335,MIXED
CACGTCTATGATGTGG-1,4124,8472,-0.8642251442495211,0.2321728077834345,-0.2432889429064295,False,True,immune_core,0.0150518712813071,0.11608640389171725,MIXED
CACGTTCGTGCTCTAG-1,10026,10069,0.6737037318602661,1.4556656790823683,0.8949412694124137,True,True,interface,0.4416979617316764,0.7278328395411842,IMMUNE_EXHAUSTED
CACGTTTCGTACACAC-1,13572,8945,-0.1808711477042027,0.7267466238762337,0.1003819323826771,False,True,immune_core,0.0401320795074385,0.36337331193811684,IMMUNE_ACTIVE
CACTAAAGTTGCCTAT-1,9625,13462,0.9328480158637092,0.6240600891883414,1.5952690657308666,True,True,interface,0.0907714574455025,0.3120300445941707,IMMUNE_ACTIVE
CACTACGGGAGCTGCC-1,14364,7137,-0.349055758513333,-0.320427463552867,-0.5842984473731351,False,False,other,0.0173219845432094,-0.1602137317764335,MIXED
CACTACTCAGTTCTGT-1,3725,10734,-0.5894915934206155,-0.320427463552867,-0.5545246203990845,False,False,other,0.0016246835858131,-0.1602137317764335,MIXED
CACTCAAGAGCTATGG-1,10414,12785,0.7262586075065736,-0.1522170808765231,0.5159807477393433,True,False,interface,0.0500285470855783,-0.07610854043826155,TUMOR
CACTCAGCTCTTGAGG-1,4906,11189,-0.9913531565245204,-0.320427463552867,-0.2811882935859091,False,False,other,0.0084345322561826,-0.1602137317764335,MIXED
CACTCCTATGTAAGAT-1,13756,15168,0.926681543246438,1.4867639163905708,0.2213711993303727,True,True,interface,0.604774723883205,0.7433819581952854,IMMUNE_EXHAUSTED
CACTCCTCTCGGTCGG-1,5697,9381,-0.6411378408909146,-0.320427463552867,-0.6757964498884991,False,False,other,0.0004866137621993,-0.1602137317764335,MIXED
CACTCGAGCTGAACAA-1,12190,10866,0.9360847270416291,0.1143900678974375,0.3420805857290832,True,False,interface,0.0174184421029304,0.05719503394871875,TUMOR
CACTCGGTTAGGAGGA-1,9616,17762,-0.5004785720369628,0.1355827212110617,-0.0139994176313665,False,False,other,0.0020344630707456,0.06779136060553086,MIXED
CACTCTTCTGCTAGCC-1,14362,7816,0.7039191913889142,0.3366660219965708,-0.1899043737173585,True,True,interface,0.1390740639824789,0.1683330109982854,MIXED
CACTGACGATTGTGGA-1,15531,13475,0.6610013407418753,0.0701449498350903,0.4023234357981714,True,False,interface,0.0345500135554595,0.03507247491754515,TUMOR
CACTGTCCAAGTGAGA-1,6473,14360,-0.3228995300254799,-0.320427463552867,0.127765845475549,False,False,other,0.0169175425104158,-0.1602137317764335,MIXED
CACTTAATCAGACGGA-1,9428,13801,0.383371618300256,0.7436495085995825,-0.2784591688291846,False,True,interface,0.0614714423398753,0.3718247542997912,IMMUNE_ACTIVE
CACTTCGCCACAGGCT-1,6864,15719,-0.2430087026749955,-0.320427463552867,0.3948310827207815,False,False,other,0.0026131004575927,-0.1602137317764335,MIXED
CACTTCGTCTTATCTC-1,5482,17639,-0.9913531565245204,-0.320427463552867,0.1836027520633484,False,False,other,0.00144562130828,-0.1602137317764335,MIXED
CAGAACTTAGCCCTCT-1,13177,9623,-0.1186793578755444,0.4544474460506791,-0.4760010357292991,False,True,interface,0.0505172140655768,0.22722372302533955,MIXED
CAGAATAACACACGGA-1,13577,6683,-0.3216235650371693,-0.320427463552867,-0.911235546745144,False,False,other,0.0110436174834203,-0.1602137317764335,MIXED
CAGAATATTCGTTATC-1,12596,5210,-0.3134166965656187,0.0701449498350903,0.8399981387543061,False,False,other,0.0022518095491551,0.03507247491754515,STROMA
CAGACACCGATCGCTG-1,13169,13470,0.220590178979136,0.2339794873086786,0.0978245104501619,False,True,immune_core,0.0084504608097239,0.1169897436543393,MIXED
CAGACCTGTAAGTGTT-1,8850,8030,-0.2299416188696892,-0.1522170808765231,0.0942047800267385,False,False,interface,0.0179047146091665,-0.07610854043826155,MIXED
CAGACGAACCTGATAC-1,12578,13582,0.9784947839677612,0.3852869852616737,0.7141757007328191,True,True,interface,0.0808885870221753,0.19264349263083685,STROMA
CAGAGACGGTCACCCA-1,12776,12790,0.9673585278252012,0.2321728077834345,-0.2190189032432683,True,True,interface,0.0493978921334244,0.11608640389171725,TUMOR
CAGAGCATGAGCTTGC-1,7858,11309,0.7500607452311733,-0.0538203147789063,0.8575839164428155,True,False,interface,0.0076512053650435,-0.02691015738945315,TUMOR
CAGAGGCGATGCATGA-1,13365,13810,0.5010847253664946,0.1355827212110617,1.16914329474664,True,False,other,0.0072152084951706,0.06779136060553086,STROMA
CAGAGTGATTTAACGT-1,4511,11415,-0.6693166072343872,-0.320427463552867,-0.6546329958490664,False,False,other,0.0002278520085153,-0.1602137317764335,MIXED
CAGATAATGGGCGGGT-1,15741,7706,0.9257025204578224,-0.1522170808765231,0.2212305606745912,True,False,interface,0.0751154116767301,-0.07610854043826155,TUMOR
CAGATACTAACATAGT-1,7852,14024,0.2830053588684834,-0.0326276614652821,0.6449366556328068,False,False,interface,0.0329669116775633,-0.01631383073264105,STROMA
CAGATCATTTAAAGTC-1,7080,7008,-0.87080973948148,0.5231170214095163,-0.1370808268371924,False,True,immune_core,0.0055835087572586,0.26155851070475816,MIXED
CAGATCCTGGTTTGAA-1,13554,17318,0.6576914034895257,0.6032731707705316,-0.1920385944523732,True,True,interface,0.0398357253176648,0.3016365853852658,IMMUNE_ACTIVE
CAGATGTTTGTCCCAA-1,12960,19013,0.1947528018420112,-0.320427463552867,0.0347901294696534,False,False,interface,0.0296459067556723,-0.1602137317764335,MIXED
CAGCAGCCCGTTCCTT-1,8254,10405,-0.0241052376135249,0.3549066387331724,-0.2058478427725636,False,True,interface,0.003238801529599,0.1774533193665862,MIXED
CAGCAGTCCAGACTAT-1,12590,7925,0.2345980369253644,-0.0538203147789063,0.2844055803108812,False,False,interface,0.0091934410270882,-0.02691015738945315,MIXED
CAGCAGTCTGTGCTGC-1,14946,10872,1.6573419165932282,0.3037931038874057,-0.4619942638459764,True,True,interface,0.0314904956954078,0.15189655194370286,MIXED
CAGCCCTCACAGGCAG-1,3329,12091,-0.0998560514623699,-0.320427463552867,0.008674811316626,False,False,other,0.0091702257487312,-0.1602137317764335,MIXED
CAGCCGGGCCCTCTAT-1,4909,9605,-0.9913531565245204,-0.320427463552867,0.0008826305902493,False,False,other,0.0018262073811509,-0.1602137317764335,MIXED
CAGCCTCCTGCAGAGG-1,7269,10516,-0.1956003194254209,-0.0538203147789063,-0.1823765312149846,False,False,other,0.0006692188873176,-0.02691015738945315,MIXED
CAGCCTCTCCTCAAGA-1,5699,8476,-0.648545286422076,-0.1522170808765231,-0.2099763480487353,False,False,other,0.0044549870542978,-0.07610854043826155,MIXED
CAGCGATTCCCTTCAA-1,13167,14375,0.1764779897835514,-0.320427463552867,-0.5627562926817552,False,False,interface,0.0916483926555346,-0.1602137317764335,MIXED
CAGCGCCAACACGATA-1,10007,18667,0.5770682036848058,-0.0326276614652821,-0.3281321693688031,True,False,tumor_core,0.0024626257306055,-0.01631383073264105,MIXED
CAGCTCACTGAGACAT-1,9234,12556,1.3400482588080531,-0.1522170808765231,-0.0233952781880161,True,False,interface,0.6350389796390145,-0.07610854043826155,TUMOR
CAGCTCGACAAGTTAA-1,8257,9047,-0.0133664696497449,0.0159933017998207,-0.3139053279634974,False,False,other,0.004177979874741,0.00799665089991035,MIXED
CAGCTCGTGCTTGTGT-1,5489,14471,-0.0474534023352141,-0.320427463552867,-0.7935159983168215,False,False,other,0.0048819611304245,-0.1602137317764335,MIXED
CAGCTGGCGTAACCGT-1,12177,16749,1.245488070061781,0.2339794873086786,0.0739637084562322,True,True,interface,0.0292857182634047,0.1169897436543393,TUMOR
CAGCTTAGTAGGTAGC-1,9029,16063,-0.2778913806555643,-0.320427463552867,-0.1239755513910794,False,False,other,0.0049294254090043,-0.1602137317764335,MIXED
CAGGAAGACTTTATAT-1,5303,9606,-0.5988032285554169,0.5231170214095163,-0.518380133344276,False,True,immune_core,0.0155408259143515,0.26155851070475816,MIXED
CAGGACAGCTGCCCTT-1,9644,4864,-0.1089221843907094,-0.1522170808765231,-0.3379933095998376,False,False,other,0.0004049684896258,-0.07610854043826155,MIXED
CAGGATATATCGTTGT-1,11399,12448,-0.444800026476384,-0.1522170808765231,-0.3821719453741844,False,False,interface,0.1777414452938976,-0.07610854043826155,MIXED
CAGGATCCGCCCGACC-1,2932,13674,-0.9913531565245204,-0.320427463552867,0.1195217240588849,False,False,other,0.0019389230123015,-0.1602137317764335,MIXED
CAGGCAGTCTTACCAG-1,15539,9629,-0.6477224361228734,-0.320427463552867,-0.6316178141141519,False,False,other,0.0020680138769836,-0.1602137317764335,MIXED
CAGGCCGTTTGGGTGT-1,10411,14369,0.2198202676986706,-0.320427463552867,0.4463337386849151,False,False,interface,0.0455267599354141,-0.1602137317764335,MIXED
CAGGCGCACGGTGGTC-1,13754,16074,1.707733762284216,0.1892425577380367,-0.2281425564608108,True,True,interface,0.0971419325350007,0.09462127886901835,TUMOR
CAGGCGCCATGCTAGG-1,12387,10979,0.5981441608517434,-0.1522170808765231,-0.4892153800277798,True,False,interface,0.0259331381815935,-0.07610854043826155,MIXED
CAGGTTTAGTACTACA-1,5313,5081,-0.7300573221485134,-0.320427463552867,-0.2494385144880114,False,False,other,0.0001248095027602,-0.1602137317764335,MIXED
CAGTAACTATTTATTG-1,6488,7798,-0.7368286059855409,-0.320427463552867,-0.5138982656858294,False,False,other,0.0046794373946228,-0.1602137317764335,MIXED
CAGTAATCCCTCCCAG-1,6863,16398,-0.768265853165914,-0.1522170808765231,-0.0675623761633065,False,False,other,0.0056080000442892,-0.07610854043826155,MIXED
CAGTACATTCTCTAAA-1,6685,7686,-0.6479374592434296,-0.320427463552867,-0.2096092423843429,False,False,other,0.0383797490998342,-0.1602137317764335,MIXED
CAGTACCAGTTTACGT-1,12176,17201,0.5860862319265073,-0.320427463552867,0.139563682878466,True,False,interface,0.0416915732803667,-0.1602137317764335,MIXED
CAGTAGATGATGTCCG-1,6069,19111,-0.5382813220085587,-0.320427463552867,-0.1528221173045209,False,False,other,0.0011800689280001,-0.1602137317764335,MIXED
CAGTAGCCCACGCGGT-1,7667,8932,-0.4247777147915266,1.180210506958954,-0.0402827644551404,False,True,immune_core,0.0813564940625706,0.590105253479477,IMMUNE_EXHAUSTED
CAGTAGCGAGGTAGTA-1,3517,15825,-0.602929309873514,-0.320427463552867,-0.6316178141141519,False,False,other,0.0016180818192287,-0.1602137317764335,MIXED
CAGTCCAACGCCTTCT-1,4327,5644,-0.3940207358830964,-0.1522170808765231,0.7204571065506354,False,False,other,0.0048728761396389,-0.07610854043826155,STROMA
CAGTCGAGGATGCAAT-1,7669,8027,-0.4120592027565721,-0.1522170808765231,-0.0280061895146891,False,False,other,0.0001476846428834,-0.07610854043826155,MIXED
CAGTCGGCCTAGATAT-1,11582,18897,0.3357762135870549,0.4544474460506791,0.0897519877166648,False,True,interface,0.0241299075502076,0.22722372302533955,MIXED
CAGTCTCTCGGCTAAT-1,3911,16052,-0.87080973948148,0.2862370633743352,-0.3539367786550427,False,True,immune_core,0.0138942359619565,0.1431185316871676,MIXED
CAGTCTGTATACTGGG-1,11007,11768,-0.0027730554906399,-0.0538203147789063,-0.1662339851661337,False,False,interface,0.0036420516385431,-0.02691015738945315,MIXED
CAGTGAATAAATGACT-1,7665,9838,0.1973703777651082,-0.320427463552867,0.149463059084272,False,False,interface,0.0421283354289744,-0.1602137317764335,MIXED
CAGTGGTTGCACATGA-1,5878,16735,-0.6924714557944238,-0.0538203147789063,0.1962902767553491,False,False,other,0.0025418912440971,-0.02691015738945315,MIXED
CAGTGTCCGCAGAATG-1,5685,15038,-0.3100344227928979,-0.320427463552867,-0.3000960796433071,False,False,other,0.0006051182788224,-0.1602137317764335,MIXED
CAGTGTCGGCTGGCCC-1,12982,8831,-0.4179970346638834,0.2884100493568959,0.0923188321947978,False,True,immune_core,0.0092212106680593,0.14420502467844795,MIXED
CAGTTCAAATTGACAC-1,8444,13460,1.1537248591330225,-0.1522170808765231,1.351120736315979,True,False,interface,0.0727197711817156,-0.07610854043826155,TUMOR
CAGTTCCGCGGGTCGA-1,7847,16287,0.56335731017418,0.5048764046729147,1.12213754282537,True,True,interface,0.0471887856106263,0.25243820233645736,STROMA
CATAACGGACAGTCGT-1,9833,8598,0.4505221869665102,0.4003831904597785,-0.5380734070237054,True,True,interface,0.0451148761874959,0.20019159522988925,MIXED
CATAAGAAGCTTGGCT-1,14158,11096,-0.1040964955604168,-0.0538203147789063,-0.3564819491416067,False,False,interface,0.0277038010145708,-0.02691015738945315,MIXED
CATAAGCTCTCCGTCT-1,10994,17651,0.1476846534072392,-0.320427463552867,0.6531200880859657,False,False,interface,0.0337796031513043,-0.1602137317764335,STROMA
CATAATGAGCGGGCGA-1,3915,14015,-0.775065471518429,-0.320427463552867,-0.5290562471190032,False,False,other,0.0002330276395528,-0.1602137317764335,MIXED
CATACAAAGCCGAACC-1,5290,15263,-0.2324669813615665,-0.0538203147789063,0.0564385780828323,False,False,other,0.0028953389607092,-0.02691015738945315,MIXED
CATACACAAAGTCAGC-1,13747,19241,-0.0112543503928916,-0.320427463552867,-0.4121221863127121,False,False,other,0.0007436982597918,-0.1602137317764335,MIXED
CATACACGGTTCCCAC-1,14745,13021,-0.2176724286025677,0.347822982617319,-0.5147132392295223,False,True,immune_core,0.0051353489168524,0.1739114913086595,MIXED
CATACCCGTACCCAGT-1,10014,15726,0.7252327805492352,-0.1522170808765231,0.6066197614531454,True,False,other,0.019099930401387,-0.07610854043826155,TUMOR
CATACGGCGTCTGGGC-1,10416,12106,0.4486139431370932,1.155873442106833,0.3813647723097991,True,True,interface,0.1198049684754982,0.5779367210534165,IMMUNE_EXHAUSTED
CATACGGGTGCATGAT-1,3711,17296,-0.87080973948148,-0.320427463552867,0.3455641695434531,False,False,other,0.000222883938118,-0.1602137317764335,MIXED
CATACTATGTAATTGT-1,9821,13802,0.3059132170912963,0.0159933017998207,0.3932372396337538,False,False,interface,0.0182683531883205,0.00799665089991035,MIXED
CATACTTAGGCAATAC-1,10034,6449,0.7126442877955615,-0.1522170808765231,-0.1813624806776459,True,False,interface,0.0135450838558117,-0.07610854043826155,TUMOR
CATAGCCGCCCGGGAT-1,7846,16739,0.4328806163008544,-0.320427463552867,0.5481914758997669,True,False,interface,0.0028864645897458,-0.1602137317764335,MIXED
CATAGCGTTGCCCACC-1,13363,14489,1.0983138865071171,1.182061229579637,0.3837218888635365,True,True,interface,0.1835975017581656,0.5910306147898186,IMMUNE_EXHAUSTED
CATAGTACATTGAGAG-1,5695,10512,-0.6343130541854624,-0.320427463552867,-0.1699571488031413,False,False,other,0.0007975164236477,-0.1602137317764335,MIXED
CATAGTAGCATAGTAG-1,6474,14134,0.0098155760525101,0.4003831904597785,0.3352645661955379,False,True,immune_core,0.0034282591553997,0.20019159522988925,MIXED
CATAGTCAAATACATA-1,15541,8724,-0.5893049048155469,0.8406440142358809,0.8658027480405455,False,True,immune_core,0.0286797313228723,0.42032200711794043,IMMUNE_EXHAUSTED
CATAGTCCACAAGAAC-1,11589,15729,2.132016399840918,-0.0538203147789063,-0.1920385944523732,True,False,interface,0.0748156178892906,-0.02691015738945315,TUMOR
CATATACTACTGATAA-1,6291,7685,-0.4014361776264213,0.2862370633743352,-0.1571873393397701,False,True,interface,0.0534472483576545,0.1431185316871676,MIXED
CATATAGGTACAGTCA-1,11201,13013,0.8993546959177116,2.5467402046578407,1.138639627137011,True,True,interface,0.772377219928957,1.2733701023289203,IMMUNE_EXHAUSTED
CATATGTCAGGCTACG-1,12178,16523,1.013645276138754,-0.0326276614652821,0.2528013636483419,True,False,interface,0.0047798320139876,-0.01631383073264105,TUMOR
CATATTATTTGCCCTA-1,4514,10283,-0.3945830564054816,-0.320427463552867,0.0453256045885992,False,False,other,0.0011582867964119,-0.1602137317764335,MIXED
CATCAAACTGGCGCCC-1,5704,5987,-0.8002963608025098,-0.0326276614652821,-0.5627562926817552,False,False,interface,0.0267034892384831,-0.01631383073264105,MIXED
CATCAACACCTACTAA-1,5677,18432,-0.7898600242774277,-0.320427463552867,1.2373409625689555,False,False,other,0.00010272718121,-0.1602137317764335,STROMA
CATCATCTACCCGGAC-1,4905,11415,-0.2311101450554663,-0.320427463552867,-0.1911206028425738,False,False,other,0.0008272716239885,-0.1602137317764335,MIXED
CATCATTACCCTGAGG-1,12983,8605,0.0312888720956678,-0.0538203147789063,-0.4253434705740034,False,False,other,0.0055356400743642,-0.02691015738945315,MIXED
CATCCGCAGGCCCGAA-1,5679,17527,-0.2699101956026467,-0.320427463552867,-0.45571285802816,False,False,other,0.000897564441469,-0.1602137317764335,MIXED
CATCCTCTCAAAGATC-1,13376,8832,-0.5879412884073311,0.0488662199089858,0.1166452944750211,False,False,other,0.0094294807998261,0.0244331099544929,MIXED
CATCGAATGGATCTCT-1,3318,17069,-0.5176368687155541,-0.320427463552867,0.6337786639771209,False,False,other,0.0004761821834183,-0.1602137317764335,STROMA
CATCGCCCGCGGCCAA-1,5489,14245,-0.5071567073949756,-0.320427463552867,0.2334163340702499,False,False,other,0.0007788025423891,-0.1602137317764335,MIXED
CATCGGACGGGTTAAT-1,11005,12673,-0.0802499897015948,0.1892425577380367,-0.0858726263622067,False,True,interface,0.1789156441674258,0.09462127886901835,MIXED
CATCGTCCGGTTACTA-1,7253,17983,-0.468948176377575,-0.0538203147789063,1.1334656447518587,False,False,other,0.0009263949125699,-0.02691015738945315,STROMA
CATCTAGTGAAGGGAA-1,11611,5547,-0.0696718817002182,-0.320427463552867,0.4951232857859352,False,False,other,0.0024678216275877,-0.1602137317764335,MIXED
CATCTATCCCGTGTCT-1,6291,7911,0.1616965309247483,0.2339794873086786,0.2511800437546033,False,True,immune_core,0.005509165756778,0.1169897436543393,MIXED
CATCTGCAGGATCATT-1,8236,18324,-0.5894915934206155,-0.320427463552867,0.4296658426607949,False,False,other,0.0064259478624471,-0.1602137317764335,MIXED
CATCTTACACCACCTC-1,10031,8033,0.5763752579362728,0.6555907906113129,0.0318469220661156,True,True,interface,0.0980302164505498,0.32779539530565643,IMMUNE_ACTIVE
CATGAACCGACATTTG-1,4899,14357,-0.3160999116729649,-0.320427463552867,-0.3199004970861323,False,False,other,0.0011789254132734,-0.1602137317764335,MIXED
CATGAACCTCTTATCA-1,3724,11413,0.142033849094781,0.0159933017998207,1.7912354400605257,False,False,other,0.0287875288591545,0.00799665089991035,STROMA
CATGACTTCGCTGAAT-1,10623,7242,-0.1851201581048423,-0.1522170808765231,0.2793867847942863,False,False,interface,0.011367746791553,-0.07610854043826155,MIXED
CATGAGATGCACTCTC-1,14357,10305,-0.7300573221485134,-0.1522170808765231,-0.2387624007132842,False,False,interface,0.0111990397087237,-0.07610854043826155,MIXED
CATGATCGCTTTGAGA-1,15744,6122,-0.6165537149314815,0.4566204320332398,-0.2142770386183665,False,True,immune_core,0.0136086787602605,0.2283102160166199,MIXED
CATGATGCACAATTCT-1,6874,11420,-0.0957013556753849,-0.1522170808765231,0.2593384626123224,False,False,interface,0.0016561996107896,-0.07610854043826155,MIXED
CATGATGGAAGTTAGC-1,11607,7583,-0.2456957388272717,-0.0538203147789063,0.063093776083701,False,False,interface,0.0116944484640035,-0.02691015738945315,MIXED
CATGCATGGAGACCCT-1,3921,11300,0.1466890549501348,-0.320427463552867,0.9029837536770472,False,False,other,0.0035829982519298,-0.1602137317764335,STROMA
CATGCCAACTCGCAAA-1,11193,16860,0.3054065033900349,2.677955537124915,0.7880062174690206,False,True,interface,1.1080961622647274,1.3389777685624575,IMMUNE_EXHAUSTED
CATGCGACCAGTTTAA-1,7865,8141,-0.2485344100533864,-0.1522170808765231,0.0769346435371215,False,False,other,0.0001950072610518,-0.07610854043826155,MIXED
CATGCGTTAGACAGAA-1,5691,12096,0.1853698000482558,-0.1522170808765231,-0.45571285802816,False,False,other,0.0039201183449361,-0.07610854043826155,MIXED
CATGCTGGCTCCAATT-1,5100,12434,-0.7234727269165546,-0.320427463552867,-0.2998805074770714,False,False,other,0.0011389003332397,-0.1602137317764335,MIXED
CATGGATTGTCTTCCG-1,13575,7814,0.2219381420560607,0.3154733686829467,0.4412542871466124,False,True,interface,0.0053391564756771,0.15773668434147334,MIXED
CATGGCAGGAAGATCG-1,6083,12776,-0.1597679236263429,-0.320427463552867,-0.2921469699023553,False,False,other,0.0068516106396284,-0.1602137317764335,MIXED
CATGGCTCCCTATGTC-1,7250,19114,-0.5475691056140384,-0.320427463552867,0.5943977610890838,False,False,other,0.0033605790722072,-0.1602137317764335,MIXED
CATGGGTATGCCTTAT-1,13767,9964,-0.8002963608025098,-0.320427463552867,-0.518380133344276,False,False,other,0.0084451639682798,-0.1602137317764335,MIXED
CATGGGTCGGGTGTGG-1,6878,9610,-0.737097131974522,0.4770423598256217,-0.4695221063483504,False,True,immune_core,0.0144337847236566,0.23852117991281085,MIXED
CATGGTAAGTAGCGTT-1,11599,10978,0.0314706690354151,0.2321728077834345,-0.3420946345778311,False,True,interface,0.0109955807868121,0.11608640389171725,MIXED
CATGGTATTAGTTTGT-1,14339,18451,-0.2644536642026657,-0.320427463552867,-0.2936171502623584,False,False,interface,0.0035941711098082,-0.1602137317764335,MIXED
CATGGTCTAGATACCG-1,7857,11761,0.9505131627539172,0.4330995591637024,2.2712579437728624,True,True,interface,0.0144583360280912,0.2165497795818512,STROMA
CATGTAAGAGACATTT-1,13375,9058,-0.659543943469543,-0.0326276614652821,0.0734818197205185,False,False,other,0.0071601913073627,-0.01631383073264105,MIXED
CATGTAGGAGCGCCAA-1,5703,6665,-0.775065471518429,-0.320427463552867,-0.911235546745144,False,False,other,0.0006383094391367,-0.1602137317764335,MIXED
CATGTCTCATTTATGG-1,12390,9622,-0.4883727064799541,-0.0326276614652821,-0.7246544768844247,False,False,other,0.005740177221425,-0.01631383073264105,MIXED
CATTACATAGATTGTG-1,8067,5992,-0.6558788907814888,-0.320427463552867,-0.7246544768844247,False,False,interface,0.008711565891965,-0.1602137317764335,MIXED
CATTACGTCGGCCCGT-1,6479,11871,-0.4109666211284906,0.3154733686829467,0.0318469220661156,False,True,interface,0.0226854846454482,0.15773668434147334,MIXED
CATTATGCTTGTTGTG-1,7854,13345,1.2943409579163931,0.8892662933328724,0.5934491684717945,True,True,interface,0.0660181531690387,0.4446331466664362,IMMUNE_EXHAUSTED
CATTCACTGACAGCTA-1,3723,11639,-0.9913531565245204,-0.320427463552867,-0.3812966690358911,False,False,interface,0.0370825422239589,-0.1602137317764335,MIXED
CATTCAGGTCAGTGCG-1,3712,16843,-0.6693166072343872,-0.320427463552867,-0.4008581084790857,False,False,other,5.5177065321594546e-05,-0.1602137317764335,MIXED
CATTCCCATTCCGTCG-1,9051,5881,-0.6558788907814888,0.2862370633743352,-0.5487495207984325,False,True,immune_core,0.0138383410842101,0.1431185316871676,MIXED
CATTCCCTAAGTACAA-1,5089,17186,-0.5099832392599487,-0.320427463552867,-0.3590964608446694,False,False,other,0.0014124260756921,-0.1602137317764335,MIXED
CATTGATGAACACGCC-1,7280,5764,-0.3227128414204112,-0.0326276614652821,0.4909137203349814,False,False,other,0.0354436763693227,-0.01631383073264105,MIXED
CATTGCGAAATGGGCG-1,9812,17875,-0.3866416248674226,-0.1522170808765231,0.1839398422159451,False,False,other,0.0031835712849322,-0.07610854043826155,MIXED
CATTGCGGGTCAATTC-1,7673,6217,-0.0196418433361479,-0.320427463552867,-0.1864839268925011,False,False,other,0.0213034395476184,-0.1602137317764335,MIXED
CATTGTGTGCTAGATC-1,5285,17526,-0.6342847196699749,-0.320427463552867,-0.4158835859244914,False,False,other,0.0006990989879368,-0.1602137317764335,MIXED
CATTTAGCGGACCATG-1,7665,9611,-0.0050491784193862,0.4544474460506791,-0.081144215125941,False,True,interface,0.0623981227355887,0.22722372302533955,MIXED
CATTTATCGTTCAAGA-1,3726,10508,-0.551905727066526,-0.320427463552867,-0.7935159983168215,False,False,other,0.0013240172137569,-0.1602137317764335,MIXED
CATTTCTAGCAGACTA-1,5879,16282,-0.7234727269165546,-0.320427463552867,0.0658190382061002,False,False,other,0.0006854657307455,-0.1602137317764335,MIXED
CATTTGAGTGGTACGT-1,12577,13808,0.512294257183816,-0.0538203147789063,0.1188665172425746,True,False,interface,0.0079313110714663,-0.02691015738945315,MIXED
CCAAACAGAACCCTCG-1,7065,13796,1.08129943209845,0.1355827212110617,1.565991217908233,True,False,interface,0.0091258201302204,0.06779136060553086,TUMOR
CCAAAGCAGTTGGTTG-1,4694,18090,-0.7436817272064806,-0.320427463552867,-0.7246544768844247,False,False,other,0.0005308282694958,-0.1602137317764335,MIXED
CCAAAGTCCCGCTAAC-1,3322,15032,-0.4270256885709978,-0.320427463552867,-0.0891407914510661,False,False,other,6.0123349806520854e-05,-0.1602137317764335,MIXED
CCAAATAACAAGATTC-1,12790,6455,-0.3460759733669456,-0.320427463552867,-0.3488593505164901,False,False,other,0.0065673684540542,-0.1602137317764335,MIXED
CCAACGATGCACTGAT-1,8834,15044,0.3254804533262992,0.1355827212110617,1.272475528611187,False,False,interface,0.001585286442652,0.06779136060553086,STROMA
CCAACGCTTGCCAGGG-1,4716,7908,-0.9913531565245204,-0.320427463552867,-0.536913447420744,False,False,other,0.0004717963305222,-0.1602137317764335,MIXED
CCAACTTGATAGATCC-1,12005,5322,-0.4880925496668397,-0.0538203147789063,-0.0153815511864838,False,False,interface,0.0254625052439156,-0.02691015738945315,MIXED
CCAAGAAAGTGGGCGA-1,12972,13357,0.0984957156762787,0.1357244304709254,-0.122259081410177,False,False,other,0.0055554575937328,0.0678622152354627,MIXED
CCAAGACTTCTGCGAA-1,6675,12211,-0.0390998462682347,0.9402232787733978,0.1705729955192955,False,True,interface,0.0916318942269236,0.4701116393866989,IMMUNE_EXHAUSTED
CCAAGCGTAACTCGTA-1,9236,11199,0.8339140162855531,0.5231170214095163,0.1244351873669537,True,True,interface,0.0145618651544697,0.26155851070475816,MIXED
CCAAGCTTGATCTCCT-1,2727,17181,-0.2957715949779014,-0.0538203147789063,1.9151691634108208,False,False,other,0.001905722178173,-0.02691015738945315,STROMA
CCAAGGAACAGAGAGG-1,5490,13793,-0.7300573221485134,-0.320427463552867,-0.3531512910330113,False,False,other,0.0008536838193073,-0.1602137317764335,MIXED
CCAAGTTTCTACAGAT-1,5480,18318,-0.8573720230285815,-0.320427463552867,-0.2350955065985304,False,False,other,6.338908760483945e-05,-0.1602137317764335,MIXED
CCAATAGATTTCATCT-1,8234,19229,-0.5653434435194244,-0.320427463552867,0.4340776769938221,False,False,other,0.0026888809249956,-0.1602137317764335,MIXED
CCAATAGTGCCGTCGA-1,9426,14480,-0.3228594927678505,0.0488662199089858,0.2520709124897405,False,False,interface,0.0677625438378737,0.0244331099544929,MIXED
CCAATCGGTAGATCGA-1,5499,9720,-0.8573720230285815,-0.0326276614652821,-0.3812966690358911,False,False,other,0.0064988078457413,-0.01631383073264105,MIXED
CCAATGTCACAGCAAG-1,10018,13689,1.049746504963372,1.1827568086401623,2.3656857422993154,True,True,interface,0.1939858630635918,0.5913784043200812,IMMUNE_EXHAUSTED
CCAATTACGGGTCGAG-1,6486,8704,-0.768265853165914,-0.320427463552867,-0.4698101764862601,False,False,interface,0.0089510303940938,-0.1602137317764335,MIXED
CCAATTGAATGTTAAT-1,6671,14021,-0.1601416679711014,0.8251433899738505,0.384970335318007,False,True,immune_core,0.0239831031004881,0.41257169498692525,IMMUNE_EXHAUSTED
CCACAATGTACGTCTT-1,8453,9613,-0.3848103926406376,-0.320427463552867,-0.0670468966678409,False,False,other,0.009904703815257,-0.1602137317764335,MIXED
CCACACTGAGATATTA-1,10412,13690,1.2710708452503798,-0.320427463552867,0.0126517830946409,True,False,interface,0.2171161217109062,-0.1602137317764335,TUMOR
CCACAGCTGAAATCAT-1,4304,16053,-0.6790337393415252,-0.320427463552867,0.041990624838869,False,False,other,0.0003891623774783,-0.1602137317764335,MIXED
CCACAGTACCCATCCT-1,12195,8829,0.3242863257219008,0.6457445540102602,0.2136199039506695,False,True,immune_core,0.0379866189038101,0.3228722770051301,IMMUNE_ACTIVE
CCACATACTGCACCCA-1,12989,5889,0.0113455993750612,-0.1522170808765231,-0.3000960796433071,False,False,other,0.0038223013848039,-0.07610854043826155,MIXED
CCACATGGCTCTTTAT-1,13551,18675,0.4404297972552558,-0.1522170808765231,-0.1070360804016391,True,False,tumor_core,0.000811485656273,-0.07610854043826155,MIXED
CCACCAACTTTACTGT-1,12969,14714,0.8588096184333216,-0.1522170808765231,-0.342100705277354,True,False,tumor_core,0.008237208205626,-0.07610854043826155,TUMOR
CCACCCAAGGAAAGTG-1,10025,10748,1.4810529506871937,1.9059034848282304,-0.1213309224228714,True,True,interface,0.7712212220551654,0.9529517424141152,IMMUNE_EXHAUSTED
CCACGAATTTAACCTC-1,10821,6903,-0.5205944238478741,-0.320427463552867,0.1418164377471322,False,False,interface,0.0020503004448289,-0.1602137317764335,MIXED
CCACGAGAAGAGAATC-1,6088,10739,-0.0297477372568041,-0.320427463552867,-0.3088401512708962,False,False,other,0.0057594054830613,-0.1602137317764335,MIXED
CCACGGAGCCATAAGA-1,11982,16183,1.0420162602321572,-0.1522170808765231,0.6264993057359394,True,False,interface,0.0056984762992113,-0.07610854043826155,TUMOR
CCACGGTGCCCGGTAG-1,9639,7127,0.2786355227521427,-0.0326276614652821,-0.1317189660596889,False,False,interface,0.0022972943431069,-0.01631383073264105,MIXED
CCACGTAAATTAGACT-1,9446,5429,0.0051934271915567,-0.1522170808765231,-0.5580769014601766,False,False,other,0.0012990277150902,-0.07610854043826155,MIXED
CCACTAAACTGAATCG-1,3514,17182,-0.8002963608025098,-0.0326276614652821,1.1978704299271352,False,False,other,0.0007220023187592,-0.01631383073264105,STROMA
CCACTATCCGGGTCAC-1,8657,6106,-0.0196418433361479,-0.0538203147789063,-0.3868513365957632,False,False,other,0.0013270384555661,-0.02691015738945315,MIXED
CCACTGGTGGCTGGTT-1,10405,16858,0.4908933986339099,-0.1522170808765231,-0.0883258179073733,True,False,interface,0.008397646812683,-0.07610854043826155,MIXED
CCACTGTTTGGATTAA-1,14167,7250,-0.5677781059039644,0.2321728077834345,-0.7246544768844247,False,True,immune_core,0.0124078846007564,0.11608640389171725,MIXED
CCAGAAAGCAACTCAT-1,12968,15167,1.2513013780451618,0.3154733686829467,0.9697312463977994,True,True,interface,0.0193038386245044,0.15773668434147334,STROMA
CCAGAGACAAAGCCGG-1,7255,16851,0.4337626088525989,-0.320427463552867,-0.1960037215083537,True,False,tumor_core,0.0067035381195366,-0.1602137317764335,MIXED
CCAGATAGTTGAGTGA-1,8255,9726,0.0449335193132303,0.2339794873086786,-0.5580769014601766,False,True,immune_core,0.0025861810903775,0.1169897436543393,MIXED
CCAGATGTAAATGGGT-1,6493,5309,-0.8642251442495211,-0.320427463552867,-0.0801846921994801,False,False,other,0.0045105359000255,-0.1602137317764335,MIXED
CCAGCCTGGACCAATA-1,10022,11879,0.6362619569538104,0.1143900678974375,0.6259072338475266,True,False,interface,0.0176938289025834,0.05719503394871875,TUMOR
CCAGCGGGATCACCAG-1,9053,5202,0.5671315686955117,-0.320427463552867,-0.2671815217025865,True,False,tumor_core,0.0028189537159679,-0.1602137317764335,MIXED
CCAGCTACGCCTCATA-1,4503,15261,-0.5353354737384481,-0.320427463552867,-0.5405178485157619,False,False,other,0.0003540190200504,-0.1602137317764335,MIXED
CCAGCTCGAACGCATT-1,15141,11891,-0.9913531565245204,-0.1522170808765231,0.4294683190976627,False,False,other,0.0044059210562225,-0.07610854043826155,MIXED
CCAGCTGATGGTACTT-1,10011,16857,-0.2296824891713239,0.0159933017998207,0.0155549962790972,False,False,other,0.0085252647257599,0.00799665089991035,MIXED
CCAGCTTCCGCCCGCA-1,8436,17306,-0.242086447983502,-0.1522170808765231,0.4807856083382779,False,False,other,0.0009258082428499,-0.07610854043826155,MIXED
CCAGGCTGGCGTCTGA-1,13777,5439,0.0897195382743008,-0.320427463552867,-0.3744806495023458,False,False,other,0.0031431684376404,-0.1602137317764335,MIXED
CCAGGGACGTGGCCTC-1,8051,13233,1.347007665989336,0.2339794873086786,0.8017414338732206,True,True,interface,0.0713660540748271,0.1169897436543393,TUMOR
CCAGTAGTCTGATCCA-1,8060,8933,-0.468948176377575,-0.320427463552867,-0.4368050719707619,False,False,other,0.0032783268668426,-0.1602137317764335,MIXED
CCAGTCAAATCTCTTA-1,10993,18330,0.944298232880186,-0.320427463552867,-0.1241911235573151,True,False,interface,0.0087645450030399,-0.1602137317764335,TUMOR
CCAGTCCATTATTCGA-1,4697,16732,-0.9913531565245204,-0.320427463552867,0.041990624838869,False,False,other,0.0045452608261769,-0.1602137317764335,MIXED
CCAGTCTAGACGGCGC-1,7469,9498,0.3275393554194776,-0.320427463552867,-0.6378992199319686,False,False,other,0.0160232720581984,-0.1602137317764335,MIXED
CCAGTCTTGTCATAGA-1,14352,12568,-0.4825725814355422,0.4544474460506791,-0.4483586523089179,False,True,immune_core,0.3123908638650772,0.22722372302533955,MIXED
CCATAAACAACCCGAC-1,5497,10625,-0.5391872150315714,-0.320427463552867,0.008674811316626,False,False,other,0.0024003144039348,-0.1602137317764335,MIXED
CCATAACCTGTGCAGT-1,12764,18674,0.670466803501632,1.4530005702146769,0.1101951975435794,True,True,interface,0.1547679984748383,0.7265002851073384,IMMUNE_EXHAUSTED
CCATACCTTTACTTGT-1,8654,7690,0.0369792435396928,-0.0326276614652821,-0.122259081410177,False,False,interface,0.0075829560801274,-0.01631383073264105,MIXED
CCATACTCGCCTCTCC-1,9022,19231,-0.8130148728374643,-0.1522170808765231,1.080307415436005,False,False,other,0.0038350455186917,-0.07610854043826155,STROMA
CCATAGGTTGGCGTGG-1,6281,12210,-0.5894915934206155,-0.1522170808765231,-0.4998914938025068,False,False,interface,0.001453458229079,-0.07610854043826155,MIXED
CCATAGTCAGTAACCC-1,5680,17300,-0.4096030047202749,-0.320427463552867,0.3265776619740622,False,False,other,0.0014723907220534,-0.1602137317764335,MIXED
CCATATGGAAACTATA-1,13182,7587,0.086993791623754,-0.0326276614652821,0.4491240203826785,False,False,interface,0.001729945071919,-0.01631383073264105,MIXED
CCATATTGGATCATGA-1,4891,17977,-0.3422026372923932,-0.320427463552867,0.1232831236706642,False,False,other,0.0006549768229677,-0.1602137317764335,MIXED
CCATCCATACCAAGTC-1,5488,14924,-0.4825725814355422,-0.1522170808765231,-0.0288211630583818,False,False,other,0.0004647756985029,-0.07610854043826155,MIXED
CCATCGCAGTTAAACT-1,12581,12224,1.1621448647584056,-0.1522170808765231,1.3179129933540832,True,False,interface,0.0931603683394916,-0.07610854043826155,TUMOR
CCATCTCACCAGTGAA-1,10228,8146,1.5090642753309955,-0.0326276614652821,-0.4680519259883473,True,False,interface,0.1141743635601729,-0.01631383073264105,TUMOR
CCATCTTGTTCACAAT-1,4111,14582,-0.4883727064799541,-0.320427463552867,-0.5627562926817552,False,False,other,9.681797500550006e-05,-0.1602137317764335,MIXED
CCATGCCCTAGATTTC-1,13771,8154,-0.0133380969941677,0.3037931038874057,1.10850781906086,False,True,immune_core,0.001621702766196,0.15189655194370286,STROMA
CCATGCCTGTTTAGTA-1,9626,13236,0.8746497108891553,2.490189691160856,0.8162451292753516,True,True,interface,0.2315657630677829,1.245094845580428,IMMUNE_EXHAUSTED
CCATGCTCTGCAGGAA-1,6867,14361,0.3757086614521644,0.8259141154950927,0.0085492472916685,False,True,interface,0.0795377325470861,0.4129570577475464,IMMUNE_EXHAUSTED
CCATGGCCCTTGTACC-1,9027,16742,0.0191644692637308,-0.320427463552867,0.4265988545061351,False,False,other,0.0049412228601441,-0.1602137317764335,MIXED
CCATTAGCGATAATCC-1,9032,14479,1.0812742967668802,-0.1522170808765231,1.6775833635993769,True,False,interface,0.0149312956566165,-0.07610854043826155,TUMOR
CCATTCCCTGCCCACA-1,9229,14819,0.1427281078237345,-0.320427463552867,1.4781770481850292,False,False,interface,0.0371077309130667,-0.1602137317764335,STROMA
CCATTGTTTCCTCCAT-1,8462,5314,-0.3216111638126496,-0.320427463552867,-0.6757964498884991,False,False,other,0.0014054342430073,-0.1602137317764335,MIXED
CCATTTCTACCTATTA-1,13567,11208,-0.9913531565245204,-0.320427463552867,-0.6316178141141519,False,False,other,0.0105973414778902,-0.1602137317764335,MIXED
CCCAAACATGCTGCTC-1,9438,9276,0.0362734485827322,0.1892425577380367,0.2256252686315018,False,True,immune_core,0.0034450271852465,0.09462127886901835,MIXED
CCCAACATACGTCGCG-1,11196,15276,0.851855251839403,0.3037931038874057,0.3264904790561531,True,True,interface,0.0189766355462267,0.15189655194370286,MIXED
CCCAACCACACTAACA-1,4314,11754,-0.688321522947005,-0.320427463552867,-0.129339700003027,False,False,other,9.303213536673436e-05,-0.1602137317764335,MIXED
CCCAAGACAGAGTATG-1,3522,13562,-0.9913531565245204,-0.320427463552867,-0.5545246203990845,False,False,other,0.0006214719718438,-0.1602137317764335,MIXED
CCCAATGAGATTTGCA-1,14544,14718,1.0496736496077184,1.5622495332981117,0.6753571838245993,True,True,interface,0.1366499312244932,0.7811247666490558,IMMUNE_EXHAUSTED
CCCAATTTCACAACTT-1,10408,15501,0.3566983980841712,0.2339794873086786,-0.3379933095998376,False,True,interface,0.0227806519714148,0.1169897436543393,MIXED
CCCACTCCACGGTATC-1,12369,18899,0.5150153938512162,0.4544474460506791,0.494813820065347,True,True,interface,0.0268081289830188,0.22722372302533955,MIXED
CCCAGAGGAGGGCGTA-1,6883,7347,0.0381715635192407,-0.320427463552867,0.5765454214536748,False,False,other,0.0100763812359848,-0.1602137317764335,MIXED
CCCAGGTCTGAAGGCT-1,13184,6682,-0.6477224361228734,-0.320427463552867,-0.4009486550538633,False,False,other,0.0054218889609347,-0.1602137317764335,MIXED
CCCAGTAAACTTGGGA-1,12962,17882,0.8654027229596697,-0.1522170808765231,0.4927107331758784,True,False,interface,0.0282441776004004,-0.07610854043826155,TUMOR
CCCAGTTAAGGCGCCG-1,11011,9958,0.2038660090685492,0.2862370633743352,-0.1873592032307945,False,True,interface,0.0128714398409232,0.1431185316871676,MIXED
CCCATATAGGTCGATT-1,15547,6008,-0.9913531565245204,-0.1522170808765231,-0.1873592032307945,False,False,other,0.0564513676713874,-0.07610854043826155,MIXED
CCCGAAGTTTCGCGAA-1,11584,17992,1.3678994320044158,0.0488662199089858,-0.0484762007630396,True,False,tumor_core,0.0102076870850028,0.0244331099544929,TUMOR
CCCGACCATAGTCCGC-1,6678,10854,0.2905294731327308,0.0159933017998207,-0.2305307284306134,False,False,other,0.0150838125644282,0.00799665089991035,MIXED
CCCGAGTTTCTCCGTA-1,12199,7019,0.0785344182694955,0.2339794873086786,-0.1070360804016391,False,True,immune_core,0.0229546979966693,0.1169897436543393,MIXED
CCCGATAGCCTCGCCT-1,10038,4865,-0.4471888710743645,-0.320427463552867,-0.3000960796433071,False,False,other,0.0033964439429869,-0.1602137317764335,MIXED
CCCGCAGCGCGAACTA-1,12385,11658,-0.0684170633555539,0.5231170214095163,-0.6378992199319686,False,True,interface,0.0596005052538007,0.26155851070475816,MIXED
CCCGCAGGGCCCAAAG-1,4908,10284,-0.5988032285554169,-0.320427463552867,-0.2617775824481987,False,False,other,0.0004548852279085,-0.1602137317764335,MIXED
CCCGCCATGCTCCCGT-1,6473,14587,-0.0299650574933102,-0.1522170808765231,-0.0960791459965691,False,False,other,0.0007832742057141,-0.07610854043826155,MIXED
CCCGCGCAATGCACCC-1,6468,16623,-0.4693841524358172,-0.0326276614652821,0.6441713460735775,False,False,other,0.000598932679888,-0.01631383073264105,STROMA
CCCGCTTGCCCTCGTC-1,3126,14692,-0.8573720230285815,-0.320427463552867,0.1878794600933558,False,False,other,1.7757604270855697e-05,-0.1602137317764335,MIXED
CCCGGCTAGGTGAGAA-1,4692,18995,-0.6097005937105415,-0.320427463552867,-0.2356292661678209,False,False,other,0.0035843438240877,-0.1602137317764335,MIXED
CCCGGGTCGTTCAGGG-1,15532,12796,0.2689996944617264,0.0159933017998207,0.3806299936144355,False,False,other,0.0398730239286576,0.00799665089991035,MIXED
CCCGGTGGAAGAACCT-1,7649,16852,0.0124217408869967,-0.1522170808765231,1.1659494657635847,False,False,interface,0.0012210717190619,-0.07610854043826155,STROMA
CCCGGTGTATCGGAAT-1,13160,17317,1.184329020653507,0.1355827212110617,0.8672462321703361,True,False,interface,0.0131827152759744,0.06779136060553086,TUMOR
CCCGTAAGTCTAGGCC-1,10604,16067,0.1386142686465939,-0.320427463552867,0.018915140309354,False,False,interface,0.0077446486926775,-0.1602137317764335,MIXED
CCCGTAGCTGGGAAGA-1,13953,14829,0.7796810825811912,0.0159933017998207,-0.3670255589285657,True,False,interface,0.18992523758521,0.00799665089991035,TUMOR
CCCGTCAGCGTCTGAC-1,7263,13457,1.3943448836073713,0.3574529404143807,1.4069917690124825,True,True,interface,0.0717993910697501,0.17872647020719035,STROMA
CCCGTGAGGGCGGTGA-1,11385,18784,0.2630405918838139,0.1357244304709254,-0.0341323387271203,False,False,interface,0.009044588822545,0.0678622152354627,MIXED
CCCGTTTCGCAGATGT-1,12986,7247,-0.8642251442495211,0.1355827212110617,-0.6757964498884991,False,False,other,0.0256065315308163,0.06779136060553086,MIXED
CCCTAGGCAACAAGAG-1,11976,18898,0.6564038957177031,-0.320427463552867,-0.3432606648803154,True,False,interface,0.0192689750623211,-0.1602137317764335,TUMOR
CCCTAGTGTCAGGTGT-1,4696,16959,-0.2190796787216033,-0.1522170808765231,0.1343434694859003,False,False,other,0.0013479061862478,-0.07610854043826155,MIXED
CCCTATGTAGAGCAGA-1,14540,16528,0.5458477201459461,-0.320427463552867,0.2149491548567746,True,False,interface,0.0366284477301882,-0.1602137317764335,MIXED
CCCTCAAGCTCTTAGT-1,6661,18773,-0.8642251442495211,-0.1522170808765231,0.1455746186943627,False,False,other,0.0016183584390037,-0.07610854043826155,MIXED
CCCTCATTCTGGAATT-1,5883,14246,-0.6491076069444611,-0.320427463552867,0.2993405111815092,False,False,other,0.0184142166132234,-0.1602137317764335,MIXED
CCCTCCTCGCTCGTAT-1,12592,7246,-0.20169041143292,0.2648891764873584,0.0841284475735842,False,True,interface,0.0091554261820987,0.1324445882436792,MIXED
CCCTCGGGAGCCTTGT-1,3131,12656,-0.7436817272064806,-0.320427463552867,-0.1431805674564475,False,False,other,6.550025064310854e-05,-0.1602137317764335,MIXED
CCCTGAAATGAGTTGA-1,8835,14818,0.5500340312804484,0.1355827212110617,1.2378112005603443,True,False,interface,0.0154023032290596,0.06779136060553086,STROMA
CCCTGACTAACAAATT-1,10206,17876,0.3664621549115274,-0.1522170808765231,0.3776281762309199,False,False,interface,0.0025727650407569,-0.07610854043826155,MIXED
CCCTGATGTAACTCGT-1,5482,17413,-0.3148239466846543,-0.320427463552867,0.9652618200437958,False,False,other,0.003478648588875,-0.1602137317764335,STROMA
CCCTGCCCAATCCGCT-1,10798,17085,0.4708016449643123,0.1355827212110617,0.2372855791615019,True,False,interface,0.0335160241648758,0.06779136060553086,MIXED
CCCTGCGCTACGCATA-1,9422,16517,0.9644643470274672,-0.320427463552867,-0.0628574446272922,True,False,interface,0.0258087477980642,-0.1602137317764335,TUMOR
CCCTGGCTGTTCCTTC-1,11976,18672,0.6615389994102944,0.0488662199089858,0.2961009781915915,True,False,interface,0.0090245540927388,0.0244331099544929,TUMOR
CCCTGGTATGGGCGGC-1,3922,11074,-0.4245910261864579,-0.320427463552867,-0.4680519259883473,False,False,other,0.0012870536256989,-0.1602137317764335,MIXED
CCCTGTTGGCAAAGAC-1,5087,18091,-0.5519781681598225,-0.320427463552867,0.082298792149069,False,False,other,0.0017261675801424,-0.1602137317764335,MIXED
CCCTTCTCGTACGCGA-1,3125,15145,-0.6165537149314815,-0.320427463552867,0.1255711242578916,False,False,other,6.264385211318531e-05,-0.1602137317764335,MIXED
CCCTTTAATGGAGTTC-1,15152,6912,-0.2344011873414586,-0.320427463552867,0.3343906382846042,False,False,interface,0.0197354936831603,-0.1602137317764335,MIXED
CCCTTTGACAGGTCTT-1,12579,12903,0.6655754134343896,-0.320427463552867,-0.0110562102278287,True,False,interface,0.0914967207008757,-0.1602137317764335,TUMOR
CCGAAAGTGGTGAGCA-1,6076,16170,-0.2906098926905188,-0.1522170808765231,0.3389501091029136,False,False,other,0.000860609483882,-0.07610854043826155,MIXED
CCGAACACTGGGCCTC-1,11389,17200,0.1478592026511664,1.3763414008488335,0.9216481393746636,False,True,immune_core,0.0261611716872184,0.6881707004244167,IMMUNE_EXHAUSTED
CCGAACCTTCCCGGCC-1,12386,11206,0.3590003025498171,0.1892425577380367,0.2866543349168683,False,True,interface,0.0196103799306651,0.09462127886901835,MIXED
CCGAAGGGCGTACCGC-1,8463,5088,0.2112986229526477,0.0488662199089858,-0.6757964498884991,False,False,other,0.005398873574171,0.0244331099544929,MIXED
CCGAAGTATATTGTTC-1,7059,16738,-0.2219277462383336,-0.0538203147789063,-0.0831456223284313,False,False,other,0.0012234539459902,-0.02691015738945315,MIXED
CCGACAAACACATGAG-1,5876,17640,-0.5677781059039644,-0.320427463552867,-0.1760951253971681,False,False,other,0.0024813346918613,-0.1602137317764335,MIXED
CCGACAAAGGGAGTGC-1,9224,16856,0.3734430325120504,-0.320427463552867,0.2298840857274027,False,False,other,0.0262840540729778,-0.1602137317764335,MIXED
CCGACAATAGGCCGCC-1,13971,6684,-0.6477224361228734,1.182061229579637,-0.2747093642049604,False,True,immune_core,0.0642423696958068,0.5910306147898186,IMMUNE_EXHAUSTED
CCGACGGGCATGAGGT-1,13359,16299,1.8375098232091625,0.4770423598256217,0.2019385425766842,True,True,interface,0.0302913857436762,0.23852117991281085,MIXED
CCGACGTAAACACAAC-1,5306,8248,-0.8642251442495211,-0.320427463552867,-0.5545246203990845,False,False,other,0.0001748863103565,-0.1602137317764335,MIXED
CCGAGAAGTCGCATAA-1,11806,6566,-0.5677781059039644,-0.1522170808765231,-0.5734324064564824,False,False,other,0.0009146989806027,-0.07610854043826155,MIXED
CCGAGCTGTGCTTGTC-1,6294,6554,-0.7436817272064806,-0.320427463552867,-0.5138982656858294,False,False,other,0.0007541481545423,-0.1602137317764335,MIXED
CCGAGGGATGTTAGGC-1,3919,12205,-0.6731683485275104,-0.320427463552867,-0.4253434705740034,False,False,other,0.0002897399062314,-0.1602137317764335,MIXED
CCGATCTCAACCTTAT-1,10031,7806,0.4406320377224051,0.0159933017998207,-0.5298417347410346,True,False,interface,0.0063606876987693,0.00799665089991035,MIXED
CCGATCTTAAGAGGCT-1,4721,5419,-0.5391872150315714,-0.1522170808765231,-0.6176110422308293,False,False,other,0.0008626966872069,-0.07610854043826155,MIXED
CCGATTCGAGGGACCC-1,10208,16971,0.0072785066984233,0.2321728077834345,0.2493867758065104,False,True,other,0.0118470284320263,0.11608640389171725,MIXED
CCGCACAAAGACCAAC-1,9828,10634,1.0800136558100362,0.8134631251783095,-0.5201796715036461,True,True,interface,0.0908757314612411,0.40673156258915477,IMMUNE_EXHAUSTED
CCGCACACGAACGTGT-1,11612,5321,-0.0133664696497449,0.1892425577380367,-0.0891407914510661,False,True,immune_core,0.0069529387815118,0.09462127886901835,MIXED
CCGCACGTGACCTCGG-1,8241,16288,0.4969397610699371,0.4003831904597785,0.3377952101930064,True,True,interface,0.0087722456100014,0.20019159522988925,MIXED
CCGCATGTGGTACGAT-1,13763,11774,0.4284424700152965,0.6881829925473634,-0.5627562926817552,True,True,tumor_core,0.0833745187609701,0.3440914962736817,IMMUNE_ACTIVE
CCGCCACCACAATCCA-1,3526,11752,0.456378334798039,0.4566204320332398,0.2496748459444202,True,True,tumor_core,0.0778687400106941,0.2283102160166199,MIXED
CCGCCGGAACTTCTCG-1,13356,17883,1.5211247968618171,-0.1522170808765231,0.66163186400049,True,False,interface,0.092884129298118,-0.07610854043826155,TUMOR
CCGCCGGTCAACACAC-1,5295,13000,-0.6342847196699749,0.4330995591637024,7.35425195604243e-06,False,True,immune_core,0.0061706440728872,0.2165497795818512,MIXED
CCGCCGTTGAGGATAA-1,11611,5773,-0.1401934821472384,0.5550171981308567,-0.325366929360256,False,True,other,0.0265558033340598,0.27750859906542835,MIXED
CCGCCTGCGAATTGGT-1,5700,8249,-0.6410843380224899,0.2170766025853298,-0.7164228046017538,False,True,immune_core,0.0027514040482608,0.1085383012926649,MIXED
CCGCCTTGCGATGTCG-1,11189,18444,0.6936724690918487,-0.320427463552867,-0.4619942638459764,True,False,interface,0.0093815219525927,-0.1602137317764335,TUMOR
CCGCGATTTGGTAGGT-1,10402,18216,0.6873582592494475,-0.1522170808765231,-0.257049171211933,True,False,interface,0.0084644498213176,-0.07610854043826155,TUMOR
CCGCGGAATGCGTCAC-1,12773,14148,0.5958554221528025,-0.320427463552867,0.1388700116790457,True,False,tumor_core,0.0276414499260671,-0.1602137317764335,MIXED
CCGCGGGTACGAAGAA-1,9028,16289,0.2636356245442665,-0.1522170808765231,-0.1744274214740328,False,False,other,0.002098622532187,-0.07610854043826155,MIXED
CCGCGTAGGTAAGGGC-1,8634,16741,-0.3367881897614659,-0.1522170808765231,-0.3379933095998376,False,False,other,0.0066589824517559,-0.07610854043826155,MIXED
CCGCTATCAGCACCAG-1,11597,12109,0.2626488602034641,0.5798149711259942,0.0104859444635511,False,True,other,0.1368796850537293,0.2899074855629971,MIXED
CCGCTCTTCCGAACTA-1,15149,8044,-0.2162447727184253,-0.1522170808765231,-0.1024939099485921,False,False,other,0.0350074924487759,-0.07610854043826155,MIXED
CCGCTGGTGCCATTCA-1,3922,10848,-0.0144565565839519,-0.320427463552867,-0.307623922145681,False,False,other,0.0018079641214098,-0.1602137317764335,MIXED
CCGCTTACCTCACTCT-1,11984,15278,0.1450654982925888,0.2884100493568959,-0.2416950998194019,False,True,other,0.0136304149028361,0.14420502467844795,MIXED
CCGCTTCGCGGTTAAC-1,3126,14919,-0.768265853165914,-0.320427463552867,0.6958174214517758,False,False,other,0.0009144197560084,-0.1602137317764335,STROMA
CCGCTTGCTGACATGG-1,8066,6444,-0.7234727269165546,-0.1522170808765231,-0.5298417347410346,False,False,other,0.0042395328453414,-0.07610854043826155,MIXED
CCGGAATGGTTTCAGT-1,7455,15607,-0.3418201641025757,-0.0326276614652821,0.1755248596328904,False,False,other,0.0009524065446509,-0.01631383073264105,MIXED
CCGGAGCGTACTTTCT-1,14154,12907,-0.6411378408909146,1.2811535747377794,0.1808133245120234,False,True,immune_core,0.1126270651099836,0.6405767873688897,IMMUNE_EXHAUSTED
CCGGAGGTCTTATGGT-1,6295,5875,-0.5391872150315714,-0.1522170808765231,-0.45571285802816,False,False,other,0.001272065044623,-0.07610854043826155,MIXED
CCGGCACGACCGTTTC-1,9640,6674,0.3026743022465435,-0.0538203147789063,-0.2697266921891505,False,False,interface,0.002237613586523,-0.02691015738945315,MIXED
CCGGCCGCGAGCATAT-1,14141,19016,0.0815429476974577,-0.320427463552867,-0.0715296184727257,False,False,interface,0.0008601698426637,-0.1602137317764335,MIXED
CCGGCGCATATTGGAT-1,5492,12888,-0.468948176377575,-0.320427463552867,-0.2697266921891505,False,False,other,0.0066566202371667,-0.1602137317764335,MIXED
CCGGCGTGAGACTCTG-1,11978,17993,1.0342647647669596,0.4770423598256217,0.9857142984984966,True,True,interface,0.0347915576399399,0.23852117991281085,STROMA
CCGGGACCCGCAGAGA-1,5885,13341,0.0149774308854243,-0.1522170808765231,0.3050436910192886,False,False,other,0.0015850765149507,-0.07610854043826155,MIXED
CCGGGCGGTCTCGTCA-1,9041,10633,0.2907477741121672,-0.0538203147789063,-0.1862634948517214,False,False,interface,0.0066480807311927,-0.02691015738945315,MIXED
CCGGGCTGCTCCATAC-1,9831,9503,0.009492254285367,-0.320427463552867,-0.7935159983168215,False,False,interface,0.0741007887835782,-0.1602137317764335,MIXED
CCGGGTTCGAGGTTAC-1,10211,15613,-0.5083551896114946,-0.1522170808765231,-0.0481391106104429,False,False,interface,0.0097028772440673,-0.07610854043826155,MIXED
CCGGTAATGGCTAGTC-1,10232,6336,0.9541713053578904,0.1892425577380367,-0.1744274214740328,True,True,interface,0.0054106808965651,0.09462127886901835,TUMOR
CCGGTGCGAGTGATAG-1,4102,18428,-0.9913531565245204,-0.320427463552867,-0.0254610190281251,False,False,other,0.0066921363418873,-0.1602137317764335,MIXED
CCGGTTTGTAATTGTG-1,13757,14490,0.66137065094946,0.5231170214095163,0.3221352608756441,True,True,interface,0.0551457787823581,0.26155851070475816,MIXED
CCGTAAGTTGGTCCCA-1,9238,10520,0.2100631318409662,0.0159933017998207,0.1364371651745443,False,False,interface,0.0054540884561045,0.00799665089991035,MIXED
CCGTACCCAAGCGCCA-1,5093,15376,-0.6479374592434296,-0.320427463552867,-0.129339700003027,False,False,other,0.0007407911212048,-0.1602137317764335,MIXED
CCGTAGGAAATCCCTG-1,14558,8382,-0.4555104599246765,0.5199726098710195,-0.7164228046017538,False,True,interface,0.0654125705719266,0.2599863049355097,MIXED
CCGTAGGGTTGTTTAC-1,14560,7477,-0.3338942228445257,-0.1522170808765231,0.1536968177991153,False,False,other,0.0276340603337763,-0.07610854043826155,MIXED
CCGTATCTCGTCGTAG-1,13163,16185,2.091158504867497,0.5762098514444808,-0.0735335584020194,True,True,interface,0.0547082437514058,0.2881049257222404,MIXED
CCGTATTAGCGCAGTT-1,6097,6666,-0.7300573221485134,-0.0326276614652821,-0.536913447420744,False,False,other,0.0050382516365277,-0.01631383073264105,MIXED
CCGTGAGGCATTCATG-1,9839,5656,-0.3843721154361941,-0.0326276614652821,0.029393730520949,False,False,interface,0.0126647746568324,-0.01631383073264105,MIXED
CCGTGCCCATGACGGC-1,5097,13792,-0.6790337393415252,0.5740368654619201,-0.4695221063483504,False,True,immune_core,0.0362851472967022,0.28701843273096006,MIXED
CCGTGGAACGATCCAA-1,7473,7235,-0.6961710531760141,-0.320427463552867,-0.3379933095998376,False,False,other,0.001364760528124,-0.1602137317764335,MIXED
CCGTGTTAAATTCCAT-1,12181,15165,0.5734695814157125,-0.0326276614652821,-0.0021912296000265,True,False,interface,0.0088597053930284,-0.01631383073264105,MIXED
CCGTTACGTTAGAACA-1,6682,9270,-0.8002963608025098,-0.320427463552867,-0.0177697231562863,False,False,other,0.0579030231558608,-0.1602137317764335,MIXED
CCGTTCCGAATCTCGG-1,10602,16745,-0.10027784412522,-0.320427463552867,-0.5872416547766728,False,False,interface,0.0522026877643063,-0.1602137317764335,MIXED
CCTAAACAGGGTCCGT-1,2736,12881,-0.6382456667963753,-0.320427463552867,0.4194030954173542,False,False,other,2.430317392367307e-05,-0.1602137317764335,MIXED
CCTAAAGGCTGACGCT-1,5499,9946,-0.4695991755563735,-0.320427463552867,-0.253985401721822,False,False,other,0.0020795206123571,-0.1602137317764335,MIXED
CCTAAATTAACGGTTC-1,11007,11542,0.621427873433492,-0.1522170808765231,0.2837111275133305,True,False,tumor_core,0.019993438070144,-0.07610854043826155,TUMOR
CCTAAATTGTATCCTA-1,12988,6342,-0.3662849736568717,0.5740368654619201,0.1953506373000879,False,True,immune_core,0.0221955686331458,0.28701843273096006,MIXED
CCTAACCCAAACAAGT-1,12391,9169,0.1209128554004897,1.03278704270042,0.3182482972389073,False,True,immune_core,0.1269839800942857,0.51639352135021,IMMUNE_EXHAUSTED
CCTAACTAAGGCTCTA-1,6880,8704,-0.7234727269165546,-0.1522170808765231,-0.7246544768844247,False,False,interface,0.0064621627999771,-0.07610854043826155,MIXED
CCTAAGTGTCTAACCG-1,3122,16729,-0.7898600242774277,-0.320427463552867,-0.5627562926817552,False,False,other,5.054089248576488e-05,-0.1602137317764335,MIXED
CCTACAAGTCCGGAAT-1,4520,7342,-0.3190477887323567,-0.1522170808765231,0.3966607381452967,False,False,other,0.0005753301442116,-0.07610854043826155,MIXED
CCTACATTCACAGACG-1,12770,15506,0.4273014060540387,0.0488662199089858,0.9214585824575444,True,False,interface,0.0168312942851369,0.0244331099544929,STROMA
CCTACGGCTCAGTCGA-1,5880,15604,-0.659543943469543,-0.320427463552867,0.8811111900556164,False,False,other,0.0096660881554921,-0.1602137317764335,STROMA
CCTACTGCGGCGGCCA-1,7085,4971,-0.468948176377575,-0.320427463552867,-0.911235546745144,False,False,other,0.0072672036628836,-0.1602137317764335,MIXED
CCTACTGCTTACACTT-1,8050,13685,0.9264339916845272,0.3549066387331724,2.797563070711136,True,True,interface,0.026561821445614,0.1774533193665862,STROMA
CCTAGGCGTAGCGATC-1,9831,9277,-0.0170292252218496,-0.1522170808765231,-0.2250436989678713,False,False,other,0.0023955417961799,-0.07610854043826155,MIXED
CCTAGGTAAAGGTAGC-1,12765,17995,0.6382688598227045,-0.320427463552867,0.3474695838919134,True,False,tumor_core,0.0239621935950847,-0.1602137317764335,TUMOR
CCTAGTTAGTCGCATG-1,5103,11076,-0.9913531565245204,-0.320427463552867,-0.3379933095998376,False,False,other,0.0031286914408085,-0.1602137317764335,MIXED
CCTATAATGAGTGCCC-1,13570,10077,-0.6731683485275104,-0.320427463552867,-0.6757964498884991,False,False,other,0.0300405543938581,-0.1602137317764335,MIXED
CCTATACCGTCCTGTC-1,13561,14150,0.0233548384817255,0.8892662933328724,0.6342334116272228,False,True,interface,0.1197498731106274,0.4446331466664362,IMMUNE_EXHAUSTED
CCTATATTTGTCCTGG-1,14941,13361,0.7404923307460197,1.5132703056088226,0.3390907477586951,True,True,interface,0.1167155787431405,0.7566351528044113,IMMUNE_EXHAUSTED
CCTATCTATATCGGAA-1,6482,10514,-0.1069351667865315,-0.320427463552867,-0.7246544768844247,False,False,other,0.0012614070093616,-0.1602137317764335,MIXED
CCTATGAAGTGGTGCC-1,10034,6675,0.2764099821608128,-0.0538203147789063,-0.4430864777885785,False,False,interface,0.0075239524700403,-0.02691015738945315,MIXED
CCTATGGGTTACCGTC-1,8449,11423,0.6191521219612779,0.3039348131472694,-0.1066616084207091,True,True,interface,0.0194745093902745,0.1519674065736347,MIXED
CCTATGGTCAAAGCTG-1,16126,11553,-0.1688460294016892,0.1357244304709254,1.1283289108151815,False,False,interface,0.0032182149409419,0.0678622152354627,STROMA
CCTATGTCCACTCCAC-1,14951,8835,-0.6663152273065707,0.0488662199089858,-0.2592706479364063,False,False,other,0.0030257333664928,0.0244331099544929,MIXED
CCTCAACGATCGCTGT-1,12959,19240,-0.4435795802305948,0.0488662199089858,-0.3190855235424395,False,False,interface,0.0488141057096494,0.0244331099544929,MIXED
CCTCACCAATCTTGAC-1,6078,15265,-0.2796886760060724,-0.320427463552867,-0.3821719453741844,False,False,other,8.487646075217723e-05,-0.1602137317764335,MIXED
CCTCACCTGAGGGAGC-1,8260,7689,0.1406914491387404,-0.320427463552867,0.1607474208801696,False,False,other,0.0005189558046221,-0.1602137317764335,MIXED
CCTCACCTTAGCATCG-1,8062,8255,-0.2526604913714835,-0.320427463552867,-0.4998914938025068,False,False,other,0.0017229291956291,-0.1602137317764335,MIXED
CCTCATGCAGCTACGA-1,4699,15827,-0.5893049048155469,-0.320427463552867,0.1137590735922265,False,False,other,0.0002073979491201,-0.1602137317764335,MIXED
CCTCCCGACAATCCCT-1,4510,12093,-0.091951666446604,0.0159933017998207,-0.3868513365957632,False,False,other,0.0012362032681167,0.00799665089991035,MIXED
CCTCCGACAATTCAAG-1,9227,15498,0.5987281543605583,-0.320427463552867,0.6136257943894231,True,False,tumor_core,0.0103549686390737,-0.1602137317764335,STROMA
CCTCCTGAGCCCACAT-1,10205,18329,1.9276015595566212,0.3037931038874057,0.0301792181429804,True,True,interface,0.08624502303573,0.15189655194370286,MIXED
CCTCCTGTTGTGTCGT-1,14952,8383,-0.6410843380224899,0.1355827212110617,-0.2250436989678713,False,False,other,0.0235804629724233,0.06779136060553086,MIXED
CCTCGAAGTGGACGGG-1,5693,11191,-0.1700664756474783,0.1355827212110617,0.2604078756405063,False,False,other,0.0031078911770748,0.06779136060553086,MIXED
CCTCGCCAGCAAATTA-1,6284,10853,0.0474416556044023,-0.0538203147789063,0.4818410547602669,False,False,other,0.0027729236487651,-0.02691015738945315,MIXED
CCTCGCGCGATATAGG-1,6880,8478,0.8501912102767311,-0.1522170808765231,0.378410948595658,True,False,tumor_core,0.0083824520632769,-0.07610854043826155,TUMOR
CCTCGCGCTGTGCGAT-1,13958,12567,2.0673692652154583,1.978560925612408,0.3422116561130766,True,True,interface,1.8583180600377556,0.989280462806204,IMMUNE_EXHAUSTED
CCTCGGACCGGGATAG-1,10815,9618,-0.1171825557306848,0.3366660219965708,-0.0243653106490519,False,True,interface,0.0290560496154689,0.1683330109982854,MIXED
CCTCGGATGCTACCTG-1,9024,18100,-0.3008940853040679,-0.320427463552867,-0.0644579057930163,False,False,other,0.0011491153558993,-0.1602137317764335,MIXED
CCTCTAATCTGCCAAG-1,7268,10968,0.3919485587371044,-0.320427463552867,0.1009910060402314,False,False,interface,0.0035855599700589,-0.1602137317764335,MIXED
CCTCTATCGATTAGCA-1,12966,16298,0.7151631263347502,-0.1522170808765231,0.6804914805154801,True,False,interface,0.0438336991748968,-0.07610854043826155,TUMOR
CCTCTCTCCCATCTAG-1,9425,15159,0.0230970818746436,-0.320427463552867,0.946666099327764,False,False,other,0.0024738054842464,-0.1602137317764335,STROMA
CCTCTGGCCTAGACGG-1,5694,10738,-0.87080973948148,-0.320427463552867,-0.5138982656858294,False,False,other,0.0035057961298923,-0.1602137317764335,MIXED
CCTCTGTACTATTCTA-1,13171,12339,1.7171505815283468,0.8671229617052846,0.9496530335642354,True,True,interface,0.1469069717051432,0.4335614808526423,IMMUNE_EXHAUSTED
CCTGAACGATATATTC-1,10027,9616,0.0320697851719317,2.027821123795385,0.4355665062864042,False,True,interface,1.1663481384019527,1.0139105618976925,IMMUNE_EXHAUSTED
CCTGAATATTTACATA-1,7268,11194,0.5222009020973878,-0.320427463552867,0.0545740336631205,True,False,other,0.0162713368331743,-0.1602137317764335,MIXED
CCTGACAAACTCGCGC-1,6464,18886,-0.7300573221485134,-0.320427463552867,0.4557417525008503,False,False,other,0.0008487965085868,-0.1602137317764335,MIXED
CCTGACCACCGATGGT-1,11596,12335,-0.1556892401622912,-0.320427463552867,-0.1210428522849617,False,False,interface,0.0340093627487938,-0.1602137317764335,MIXED
CCTGCCCGTTGTCTAG-1,9615,18214,-0.513769637142422,-0.1522170808765231,0.6392242288442673,False,False,other,0.0098610667071917,-0.07610854043826155,STROMA
CCTGCGATAGAACTGT-1,4302,16958,-0.9913531565245204,-0.1522170808765231,-0.0628574446272922,False,False,other,0.0009390390705553,-0.07610854043826155,MIXED
CCTGCGTTCTACGCTT-1,9025,17647,0.1143497076680241,0.0488662199089858,0.3297098986356658,False,False,other,0.0089274151908412,0.0244331099544929,MIXED
CCTGCTATTTGAGAAG-1,7853,13572,0.6553711823722688,0.6452527425019656,0.7431759986170717,True,True,interface,0.017969433276859,0.3226263712509828,IMMUNE_ACTIVE
CCTGGAAACGTTCTGC-1,10428,6450,2.454065226354141,-0.320427463552867,0.6168973472427621,True,False,interface,0.2090281109530922,-0.1602137317764335,TUMOR
CCTGGCTAGACCCGCC-1,8442,14365,0.4356788136503399,0.0488662199089858,0.9610294186880832,True,False,interface,0.0205307788749676,0.0244331099544929,STROMA
CCTGGTCGAATGTGGG-1,14354,11436,-0.3207666537563258,0.8136048344381732,-0.0732878689706385,False,True,interface,0.5557059804254522,0.4068024172190866,IMMUNE_EXHAUSTED
CCTGTAAGACATGATA-1,10016,14595,0.0409247003860841,-0.320427463552867,-0.1661896784918391,False,False,interface,0.0019217486535548,-0.1602137317764335,MIXED
CCTGTACTCACGCCCA-1,10603,16519,0.3434869440842444,-0.1522170808765231,-0.2921469699023553,False,False,other,0.0093379781172784,-0.07610854043826155,MIXED
CCTGTCACCCGGGCTC-1,8448,11650,1.3403862663785655,0.0488662199089858,1.33610382369474,True,False,interface,0.0427443887401734,0.0244331099544929,TUMOR
CCTGTCCCTCACGTTA-1,9838,6335,-0.2740396393624411,-0.0326276614652821,0.0457488057860996,False,False,interface,0.0107543539289135,-0.01631383073264105,MIXED
CCTGTCGCCCGTAAAT-1,9825,12218,0.44575974140125,0.3037931038874057,0.8484697374898788,True,True,interface,0.1344025725566581,0.15189655194370286,STROMA
CCTGTGAAACCGTAAC-1,9416,19006,-0.5353354737384481,-0.320427463552867,0.9255526106234524,False,False,other,0.0042523406479502,-0.1602137317764335,STROMA
CCTGTGCATAGGAGAC-1,3514,17409,-0.87080973948148,-0.320427463552867,0.2019385425766842,False,False,other,0.0006001205827724,-0.1602137317764335,MIXED
CCTGTTTGAAGACACG-1,14164,8607,-0.2734773188400559,0.2321728077834345,-0.2240440666964349,False,True,interface,0.0190068493708217,0.11608640389171725,MIXED
CCTTCAGTTAAAGTGA-1,14743,13926,1.451653144586717,0.3039348131472694,-0.4619942638459764,True,True,interface,0.6466689635861284,0.1519674065736347,MIXED
CCTTCTCAGCGTTCCT-1,11191,17539,-0.1550784541812954,-0.1522170808765231,0.2724946373277712,False,False,interface,0.0397561124652487,-0.07610854043826155,MIXED
CCTTCTTGATCCAGTG-1,6481,10966,-0.8642251442495211,0.4558497065119976,-0.4310299723701101,False,True,immune_core,0.0172344191881397,0.2279248532559988,MIXED
CCTTGACCACTTTATT-1,13577,6909,-0.0509641765460598,0.0488662199089858,-0.6176110422308293,False,False,other,0.0128117208693387,0.0244331099544929,MIXED
CCTTTAAGGGAGCACT-1,14153,13585,-0.7086936644375649,-0.320427463552867,-0.0337042862983508,False,False,other,0.6781216470189023,-0.1602137317764335,MIXED
CCTTTCAATGAAGAAA-1,7668,8480,-0.0109758757029242,-0.320427463552867,-0.3000960796433071,False,False,other,0.0039864035994314,-0.1602137317764335,MIXED
CCTTTGAATTATGGCT-1,14142,18563,-0.1051833484409792,-0.1522170808765231,-0.4310299723701101,False,False,interface,0.0069855854334632,-0.07610854043826155,MIXED
CGAAACATAGATGGCA-1,4907,10510,-0.5587588482874657,-0.320427463552867,-0.4458517177971255,False,False,other,0.0002382096488695,-0.1602137317764335,MIXED
CGAAACGCAATTCATG-1,10802,15501,0.2830627982669913,0.2170766025853298,-0.3564819491416067,False,True,interface,0.015071472956315,0.1085383012926649,MIXED
CGAACAGTATGGGCGT-1,12589,8378,0.378773221362996,0.6452527425019656,0.3481985381774349,False,True,interface,0.1954106542448885,0.3226263712509828,IMMUNE_ACTIVE
CGAACATAGTCAGAAA-1,4523,6210,-0.2460758961395247,0.4770423598256217,-0.3000960796433071,False,True,immune_core,0.0791667841096908,0.23852117991281085,MIXED
CGAACCCGCATGCGTC-1,12381,13695,2.200353698061052,-0.1522170808765231,-0.3379933095998376,True,False,interface,0.1370098602608006,-0.07610854043826155,TUMOR
CGAACGCCCAGTGCCG-1,5496,11304,-0.5988032285554169,-0.1522170808765231,-0.4158835859244914,False,False,other,0.0003873533857887,-0.07610854043826155,MIXED
CGAACGGCCGGACAAC-1,11979,17540,1.459245369983437,-0.320427463552867,-0.2358191933097464,True,False,interface,0.0437978089622221,-0.1602137317764335,TUMOR
CGAAGACGGTGAGTGC-1,9220,18892,-0.9913531565245204,-0.320427463552867,-0.0041382774003321,False,False,other,0.0113106593337866,-0.1602137317764335,MIXED
CGAAGACTGCCCGGGA-1,2734,13787,-0.9913531565245204,0.2648891764873584,-0.5487495207984325,False,True,immune_core,0.0015090713208869,0.1324445882436792,MIXED
CGAAGCTATAAATTCA-1,6489,7346,-0.5071850419104631,-0.320427463552867,-0.3868513365957632,False,False,other,0.0035110626301702,-0.1602137317764335,MIXED
CGAAGTTGCTCTGTGT-1,9228,15272,-0.3916635138615773,-0.320427463552867,1.0065040550275293,False,False,other,0.0122346521510054,-0.1602137317764335,STROMA
CGAATGACGCATAATG-1,15139,12796,0.2695912139915062,-0.0326276614652821,0.0516321746869424,False,False,other,0.0257607275558792,-0.01631383073264105,MIXED
CGACAATTTGATCTAA-1,11211,8488,1.2629367990717155,0.0159933017998207,0.021753587875366,True,False,interface,0.030109208326303,0.00799665089991035,TUMOR
CGACACCGCTTAAGGA-1,4720,5871,-0.775065471518429,-0.320427463552867,-0.2502240021100427,False,False,other,0.0017880193323168,-0.1602137317764335,MIXED
CGACACGCTCCGACAG-1,11801,8602,0.2453080137366534,0.2339794873086786,-0.1813624806776459,False,True,interface,0.0051720106932787,0.1169897436543393,MIXED
CGACACGGATGCCCAC-1,4132,4852,-0.8130148728374643,-0.320427463552867,-0.7935159983168215,False,False,other,4.143247850324704e-05,-0.1602137317764335,MIXED
CGACAGTTCGCGTTAT-1,9820,14481,0.0395854083741794,0.1892425577380367,0.3763424431790124,False,True,immune_core,0.0056946450751657,0.09462127886901835,MIXED
CGACATGCGATCTTCT-1,4313,11980,-0.685886860562465,-0.320427463552867,-0.2053917129498991,False,False,other,0.0006795989445617,-0.1602137317764335,MIXED
CGACCCTTAACGCCGG-1,12175,17880,0.7604158042485246,-0.1522170808765231,0.0795468314875855,True,False,interface,0.0084542833624675,-0.07610854043826155,TUMOR
CGACCTACTAGACAAT-1,11778,19237,0.581406555870946,0.2339794873086786,0.6391886740577675,True,True,interface,0.0115942645252495,0.1169897436543393,STROMA
CGACGCATCCGTACCT-1,12568,18107,0.6627779940495641,-0.320427463552867,-0.0952000070239506,True,False,interface,0.0367515968118804,-0.1602137317764335,TUMOR
CGACTCAGGATGTTAT-1,7272,9158,0.2163589318092451,-0.0326276614652821,-0.536913447420744,False,False,other,0.0052036289392151,-0.01631383073264105,MIXED
CGACTCGGTACACGGT-1,4919,5306,-0.8573720230285815,-0.320427463552867,-0.3786196643130924,False,False,other,0.0002805507715529,-0.1602137317764335,MIXED
CGACTTTGTATAGCCT-1,9246,6899,0.4664209550741056,0.8929015903015377,-0.5872416547766728,True,True,interface,0.0728520437328213,0.44645079515076885,IMMUNE_EXHAUSTED
CGAGACCCTAGAGTGT-1,11203,12334,0.4254403852259849,1.2979919310130623,-0.1615545939445549,True,True,interface,0.3898442155059021,0.6489959655065312,IMMUNE_EXHAUSTED
CGAGAGATGTGAACCT-1,8450,10971,-0.1822279840103029,0.3852869852616737,-0.1813624806776459,False,True,interface,0.1034067185409249,0.19264349263083685,MIXED
CGAGAGCGCGTAGATA-1,11583,18445,0.482160353380117,-0.320427463552867,-0.4115342222538129,True,False,interface,0.0094614774740748,-0.1602137317764335,MIXED
CGAGAGCTTTCACTAC-1,15343,9289,0.8898328644940277,-0.320427463552867,0.0318469220661156,True,False,tumor_core,0.0369810488871503,-0.1602137317764335,TUMOR
CGAGAGGGTAGCCGCG-1,13772,7475,-0.7166196056956149,-0.1522170808765231,-0.5298417347410346,False,False,other,0.0096099399970479,-0.07610854043826155,MIXED
CGAGATGTTGCCTATA-1,3124,15598,-0.768265853165914,-0.1522170808765231,-0.1892491669010482,False,False,other,0.0004528595748177,-0.07610854043826155,MIXED
CGAGATTTCGCTCGGG-1,11019,6111,0.7181823048868489,-0.1522170808765231,-0.7353305906591517,True,False,tumor_core,0.0069250354561473,-0.07610854043826155,TUMOR
CGAGCACTTCAAGTTT-1,7256,16399,0.1605092867631921,-0.320427463552867,0.506431128811309,False,False,other,0.0019943229014434,-0.1602137317764335,MIXED
CGAGCCGAGCACTCGA-1,4889,18882,-0.9913531565245204,-0.320427463552867,-0.6176110422308293,False,False,other,0.0014658184007918,-0.1602137317764335,MIXED
CGAGCGTTGATCAGCC-1,5096,14018,-0.9913531565245204,-0.1522170808765231,-0.518380133344276,False,False,other,0.0102184612338478,-0.07610854043826155,MIXED
CGAGCTGGGCTTTAGG-1,6086,11644,-0.531326654811302,0.1355827212110617,0.1597069546026428,False,False,other,0.0042448494687759,0.06779136060553086,MIXED
CGAGGAGCTTCCATAT-1,7279,5990,-0.8642251442495211,-0.320427463552867,-0.5627562926817552,False,False,other,0.016470275981721,-0.1602137317764335,MIXED
CGAGGATCGGGAACGA-1,8264,5879,0.4727866426178847,0.2321728077834345,-0.5138982656858294,True,True,tumor_core,0.0085310777347035,0.11608640389171725,MIXED
CGAGGCCAGGCATTGG-1,5484,16734,-0.0027730554906399,0.2862370633743352,0.2652773622127035,False,True,immune_core,0.0147533030089507,0.1431185316871676,MIXED
CGAGGCTAAATATGGC-1,8449,11197,1.3170215959943106,0.3579447519226753,0.4898311480495372,True,True,interface,0.3565336052714243,0.17897237596133764,MIXED
CGAGGGACTGCGGTCG-1,10223,10409,0.7569351707681148,0.3579447519226753,0.3898129301745712,True,True,interface,0.341000115970795,0.17897237596133764,MIXED
CGAGGGTATCCAGGTG-1,15336,12457,-0.5967271878313728,-0.1522170808765231,-0.7246544768844247,False,False,other,0.0004464066273369,-0.07610854043826155,MIXED
CGAGTACTAAAGAGGA-1,11590,15277,0.4070395000154526,0.9792689154333089,0.6994524894161066,False,True,interface,0.3222441381638496,0.4896344577166544,IMMUNE_EXHAUSTED
CGAGTGAAGGTACCAG-1,13557,15960,1.794816596923701,0.5199726098710195,0.4706764294145587,True,True,interface,0.2579465716654291,0.2599863049355097,MIXED
CGAGTGCTATAGTTCG-1,4701,14922,-0.398870773756847,-0.320427463552867,-0.5627562926817552,False,False,other,0.0021329997859484,-0.1602137317764335,MIXED
CGAGTTCTGTCCCACC-1,8059,9612,-0.377136521025437,-0.1522170808765231,-0.0011507633224998,False,False,interface,0.0027414770129662,-0.07610854043826155,MIXED
CGAGTTTATCGGACTG-1,10029,8711,-0.0608444539738993,0.0488662199089858,-0.2792741423728774,False,False,interface,0.009425466585243,0.0244331099544929,MIXED
CGATAATACTCAGGTT-1,11217,5999,1.357306681144958,0.0488662199089858,0.4211461002402143,True,False,interface,0.2174441736788269,0.0244331099544929,TUMOR
CGATACCTCGCGGACA-1,10609,13804,1.391700420523746,0.0701449498350903,0.4778039280326941,True,False,interface,0.0095293105156459,0.03507247491754515,TUMOR
CGATAGTCGTACTGCA-1,15737,9290,-0.5285641899014206,-0.320427463552867,-0.3679435505383652,False,False,other,0.0191089167300575,-0.1602137317764335,MIXED
CGATATTAGCCGCAGG-1,4109,15260,-0.8642251442495211,-0.320427463552867,-0.2617775824481987,False,False,other,3.0707752630983465e-05,-0.1602137317764335,MIXED
CGATCATTAGAGGCAC-1,5115,5420,-0.2526604913714835,-0.1522170808765231,-0.5138982656858294,False,False,other,0.0005986042023842,-0.07610854043826155,MIXED
CGATCCGACCCAGTGC-1,10216,13577,1.2486221192937674,0.4566204320332398,1.0545423138647876,True,True,interface,0.0606306171887117,0.2283102160166199,STROMA
CGATCTGTTGGAGGAC-1,11784,16522,1.6799353637556986,-0.320427463552867,-0.6757964498884991,True,False,interface,0.0109947618177563,-0.1602137317764335,TUMOR
CGATGGACCCTACGCC-1,7077,8365,-0.55262493148447,-0.0326276614652821,0.4195571573382214,False,False,other,0.0032399811216286,-0.01631383073264105,MIXED
CGATGTTGTTATCTAC-1,14143,17885,0.5128423916507455,-0.1522170808765231,-0.7246544768844247,True,False,interface,0.0043087326035431,-0.07610854043826155,MIXED
CGATTAAATATCTCCT-1,13762,12227,0.2405026688223052,0.9933537726501944,0.6475761955819307,False,True,interface,0.1574931877460299,0.4966768863250972,IMMUNE_EXHAUSTED
CGATTCGCCTGGCTGC-1,13962,10983,-0.511117654521376,-0.320427463552867,-0.3079119922835907,False,False,other,9.366055984718658e-05,-0.1602137317764335,MIXED
CGCAAACACGAGTTAC-1,8047,15043,0.4457528556225064,0.2648891764873584,1.3415907059810208,True,True,immune_core,0.0074297345017692,0.1324445882436792,STROMA
CGCAATCGATCATTAG-1,7447,19228,-0.8130148728374643,-0.320427463552867,0.8767520449607716,False,False,other,0.0003143403710966,-0.1602137317764335,STROMA
CGCAATTACTTTCGGT-1,7258,15494,0.0034439040361659,-0.1522170808765231,0.5551288057577267,False,False,other,0.0001569197001212,-0.07610854043826155,MIXED
CGCAATTAGGGTAATA-1,8245,14251,0.7226642841946137,-0.1522170808765231,0.8257426258928741,True,False,interface,0.0186647290873617,-0.07610854043826155,TUMOR
CGCAATTCTACAATAA-1,7848,16061,-0.2564064153773277,0.3037931038874057,0.8944477774050101,False,True,interface,0.0222722276172166,0.15189655194370286,STROMA
CGCACATGTCCACTAC-1,10422,9391,-0.2189548180348041,0.3037931038874057,-0.122259081410177,False,True,interface,0.0255163270631111,0.15189655194370286,MIXED
CGCACGTGCGCTATCA-1,10425,8033,-0.2217127231177774,-0.320427463552867,-0.5627562926817552,False,False,interface,0.0696625107333248,-0.1602137317764335,MIXED
CGCAGAAACATTTGCG-1,4312,12659,-0.4555104599246765,-0.320427463552867,-0.2646615154965492,False,False,other,0.00264076605093,-0.1602137317764335,MIXED
CGCAGATCTTCACCCG-1,7672,6443,-0.490978323547331,-0.0326276614652821,-0.911235546745144,False,False,other,0.0067772348259269,-0.01631383073264105,MIXED
CGCAGGCGATCCAAAC-1,12985,7700,-0.0954031641210892,-0.1522170808765231,0.1071405776218133,False,False,interface,0.0185010794852802,-0.07610854043826155,MIXED
CGCATCATGGCTTCAG-1,4515,9604,-0.8573720230285815,-0.1522170808765231,-0.2168120266852005,False,False,interface,0.0389509618887396,-0.07610854043826155,MIXED
CGCATCCATCAGCCAG-1,8263,6105,-0.3312814206079468,-0.320427463552867,0.1525096778979759,False,False,interface,0.0032308429127023,-0.1602137317764335,MIXED
CGCATGCCGAATGCGT-1,15934,9177,-0.5205409209794494,-0.320427463552867,-0.4253434705740034,False,False,other,0.0197438242108935,-0.1602137317764335,MIXED
CGCATGGTGCGATGCT-1,10613,11767,0.3007740944130801,0.7865797586449802,0.3390653524688642,False,True,interface,0.0165491287837934,0.3932898793224901,IMMUNE_ACTIVE
CGCATTAGCTAATAGG-1,8052,12780,0.934572490486503,1.3485625988951615,0.5874818776889602,True,True,interface,0.2506956087280219,0.6742812994475808,IMMUNE_EXHAUSTED
CGCCAAGAAGCCGAGT-1,10404,17311,-0.1389418610338953,-0.1522170808765231,0.2439814041855028,False,False,other,0.0063129521600482,-0.07610854043826155,MIXED
CGCCACAGGTCGCGAT-1,12371,18220,0.6361683402472433,0.4544474460506791,-0.200270266735044,True,True,interface,0.0434403490276058,0.22722372302533955,MIXED
CGCCACCCGCATTAAC-1,3908,17183,-0.5667727209188212,-0.320427463552867,-0.2059423482695891,False,False,other,0.0005675728113298,-0.1602137317764335,MIXED
CGCCATCCGATTATGA-1,7467,10177,-0.7368286059855409,-0.320427463552867,-0.1899043737173585,False,False,interface,0.0280669988091543,-0.1602137317764335,MIXED
CGCCCAGCACGCCTAG-1,14350,13473,0.0972668929811755,3.303188816902374,-0.4847451073568881,False,True,interface,0.8964389465406563,1.651594408451187,IMMUNE_EXHAUSTED
CGCCCAGCGTTTCACG-1,15540,9176,-0.5531305862004461,-0.1522170808765231,-0.6378992199319686,False,False,interface,0.0083843846976395,-0.07610854043826155,MIXED
CGCCCGCTTCCGTACA-1,6286,10174,-0.5382813220085587,-0.320427463552867,-0.307623922145681,False,False,other,0.0019468997186735,-0.1602137317764335,MIXED
CGCCCTTGAAGGCTGA-1,7452,16965,0.1155644403365518,-0.1522170808765231,1.0314020901948149,False,False,interface,0.0029227768937645,-0.07610854043826155,STROMA
CGCCGACTATTCGCTA-1,9614,18667,-0.3230361631875542,0.2339794873086786,0.2287707522070366,False,True,immune_core,0.0135087330610573,0.1169897436543393,MIXED
CGCCGCCCATGCCTGT-1,10421,9844,0.2794222483790641,0.4566204320332398,0.953157809199746,False,True,interface,0.0244592825469338,0.2283102160166199,STROMA
CGCCGGTGTCGCAGTA-1,4526,4853,-0.9913531565245204,-0.320427463552867,-0.2250436989678713,False,False,other,6.032389478774583e-05,-0.1602137317764335,MIXED
CGCCGTCTACCCATCG-1,10234,5431,-0.0636918642118288,-0.320427463552867,-0.2747093642049604,False,False,interface,0.0075645052165599,-0.1602137317764335,MIXED
CGCCGTTCAGCATAGT-1,14166,7476,-0.0885544399210408,-0.1522170808765231,-0.518380133344276,False,False,other,0.00710129878417,-0.07610854043826155,MIXED
CGCCTCCCTCCTCTAT-1,11206,10977,0.4283153424148897,-0.0538203147789063,-0.3744806495023458,True,False,interface,0.0135988283709247,-0.02691015738945315,MIXED
CGCCTGGCCTACGTAA-1,10800,16180,0.3562054561191989,0.1892425577380367,0.1347447250674227,False,True,other,0.0085398655089021,0.09462127886901835,MIXED
CGCCTTTAGCATGCTC-1,11610,6000,-0.0215539700185923,-0.1522170808765231,-0.6757964498884991,False,False,interface,0.020721665279896,-0.07610854043826155,MIXED
CGCGAAGTGGCATACT-1,15345,8384,-0.4948300648404543,0.2862370633743352,-0.2053917129498991,False,True,interface,0.038424002836441,0.1431185316871676,MIXED
CGCGACACTGCGCAGC-1,7450,17870,-0.3040476091434174,-0.320427463552867,0.7759835672449978,False,False,other,0.0045794217445158,-0.1602137317764335,STROMA
CGCGACCGCGACAGAT-1,14357,10079,0.7821427703432778,-0.320427463552867,-0.3000960796433071,True,False,other,0.0429165134991136,-0.1602137317764335,TUMOR
CGCGAGAGGGACTTGT-1,5899,7005,-0.2390360863135162,-0.320427463552867,0.0046202982881217,False,False,other,0.0070497782314408,-0.1602137317764335,MIXED
CGCGAGTCTGCCGGGT-1,12964,16977,1.388262636061554,-0.320427463552867,0.4138205266199141,True,False,interface,0.1899261036174096,-0.1602137317764335,TUMOR
CGCGCAAATGTCCAGA-1,13753,16526,0.5964430709120138,0.2170766025853298,0.4934226272104682,True,True,interface,0.0304735522251471,0.1085383012926649,MIXED
CGCGCAAGGAACTACA-1,3714,15938,-0.102256285342029,-0.320427463552867,-0.342100705277354,False,False,other,0.0210788389304011,-0.1602137317764335,MIXED
CGCGCATGTTTGATTG-1,12579,13129,0.0506625763556289,0.2339794873086786,-0.518380133344276,False,True,interface,0.0469429238324992,0.1169897436543393,MIXED
CGCGCCCGACTTAATA-1,6875,10741,-0.1171023047672542,-0.320427463552867,-0.1558941073975648,False,False,interface,0.0035118802902599,-0.1602137317764335,MIXED
CGCGGCAGTATTACGG-1,5089,17412,-0.8573720230285815,-0.1522170808765231,-0.0938217361031585,False,False,other,0.0016762170462112,-0.07610854043826155,MIXED
CGCGGCTCAACTTGAA-1,11212,8261,0.6827207413012489,0.6913274040858602,0.4703304333488213,True,True,interface,0.1211584467841195,0.3456637020429301,IMMUNE_ACTIVE
CGCGGGAATTAGGCAG-1,8254,10178,0.7779905339840114,-0.0538203147789063,0.0569944282927057,True,False,other,0.0311325016335834,-0.02691015738945315,TUMOR
CGCGGTAAGTCTAGCT-1,8658,5880,-0.044314237903451,0.0159933017998207,-0.4760010357292991,False,False,other,0.0004479798576948,0.00799665089991035,MIXED
CGCGGTACGGTATACA-1,14957,5894,-0.6477224361228734,0.0159933017998207,-0.1333194272254131,False,False,other,0.0024419634272908,0.00799665089991035,MIXED
CGCGGTCACAAACCAA-1,6292,7232,-0.775065471518429,-0.320427463552867,-0.063297946190055,False,False,other,0.0006501858489462,-0.1602137317764335,MIXED
CGCGTCATATTAAACC-1,3132,11977,-0.8642251442495211,-0.1522170808765231,-0.911235546745144,False,False,other,0.0045549668462255,-0.07610854043826155,MIXED
CGCGTTCATGAAATAC-1,8050,13459,2.365056248265705,0.8251433899738505,2.23473460508787,True,True,interface,0.1112685307270982,0.41257169498692525,IMMUNE_EXHAUSTED
CGCTACCGCCCTATGA-1,3127,14466,-0.4313623100234854,-0.1522170808765231,0.4057073839716603,False,False,other,6.275375469568786e-05,-0.07610854043826155,MIXED
CGCTACGGGACATTTA-1,10215,13803,-0.2906098926905188,-0.1522170808765231,0.3257461200070449,False,False,interface,0.2735519728848058,-0.07610854043826155,MIXED
CGCTAGAGACCGCTGC-1,10425,7807,-0.3595795033565568,-0.1522170808765231,0.5592793903946334,False,False,interface,0.0206876822341353,-0.07610854043826155,MIXED
CGCTATACCGCCCACT-1,5487,15150,-0.2700308204352949,-0.320427463552867,0.0110524157195811,False,False,other,0.0014642900225419,-0.1602137317764335,MIXED
CGCTATTCAATGTATG-1,6470,15718,-0.1827549398711596,-0.0538203147789063,0.3295574672108127,False,False,other,0.0019756768800567,-0.02691015738945315,MIXED
CGCTATTCTTAGGCTC-1,10218,12445,0.4102443134104154,0.3366660219965708,-0.1049037559099637,False,True,interface,0.0213881241204496,0.1683330109982854,MIXED
CGCTCGACATAATGAT-1,6868,14135,0.2693085127172197,0.5048764046729147,0.6243044570918441,False,True,interface,0.0291808826168922,0.25243820233645736,STROMA
CGCTCTCCGTAGATTA-1,9228,15045,0.2556941930062075,-0.320427463552867,0.9299825340831338,False,False,other,0.0100445909064664,-0.1602137317764335,STROMA
CGCTGAGGACGTCCAA-1,3520,14693,-0.6410843380224899,-0.320427463552867,-0.7493373625424743,False,False,other,0.0005827055675313,-0.1602137317764335,MIXED
CGCTGGTGACTACCCT-1,12196,8150,2.0546916086678535,0.8414388792854662,0.1912013681488409,True,True,interface,0.2412855971169122,0.4207194396427331,IMMUNE_EXHAUSTED
CGCTGTGACGCCGCAC-1,7656,13911,0.8029140814065717,-0.1522170808765231,0.5868918642026879,True,False,interface,0.0079423328960041,-0.07610854043826155,TUMOR
CGCTGTGTGGATGTTG-1,14348,14378,-0.253830639072515,0.1357244304709254,-0.2691317881674407,False,False,interface,0.0646520285590877,0.0678622152354627,MIXED
CGCTTAGTATTGATAC-1,15728,13363,-0.5893049048155469,-0.0326276614652821,0.2832228698992692,False,False,interface,0.0959154828657976,-0.01631383073264105,MIXED
CGCTTATTCCCGGTCG-1,10998,15841,0.629856726097812,0.1355827212110617,-0.2691317881674407,True,False,interface,0.0085055698844408,0.06779136060553086,TUMOR
CGCTTCCACTGAAATC-1,6276,14473,0.1554715655476796,-0.0538203147789063,-0.182160959048749,False,False,other,0.0031809495243104,-0.02691015738945315,MIXED
CGCTTCGGTCTAAGAC-1,15741,7479,1.0397197073626911,-0.320427463552867,-0.911235546745144,True,False,interface,0.0772773711201024,-0.1602137317764335,TUMOR
CGCTTGGACGGATAGA-1,15154,6007,-0.7436817272064806,-0.320427463552867,0.0774367839731819,False,False,other,0.0115236996337859,-0.1602137317764335,MIXED
CGCTTTCATACCGGTG-1,5491,13566,-0.8642251442495211,-0.320427463552867,-0.4809837077451089,False,False,other,0.003000127617873,-0.1602137317764335,MIXED
CGCTTTCTTGCATTCG-1,8846,9614,-0.659543943469543,-0.1522170808765231,-0.4619942638459764,False,False,interface,0.02144369867465,-0.07610854043826155,MIXED
CGGAAAGAATCAAACG-1,14152,13812,0.4000239841834496,1.00964926196181,-0.3786196643130924,False,True,interface,0.0870460457845182,0.504824630980905,IMMUNE_EXHAUSTED
CGGAAAGCAAATGTGC-1,6267,18546,-0.5280018693790354,0.1357244304709254,-0.0621458824937655,False,False,other,0.0014032371765193,0.0678622152354627,MIXED
CGGAACGTAAACATAG-1,11986,14146,-0.3878117725684541,0.3574529404143807,-0.5298417347410346,False,True,interface,0.0136473164247678,0.17872647020719035,MIXED
CGGACGTTACTTGAAG-1,10992,18557,0.9498264306229997,0.5199726098710195,-0.1761856719719456,True,True,tumor_core,0.0123574704655822,0.2599863049355097,MIXED
CGGAGCAATTTAATCG-1,13368,12452,0.8084896582942879,0.8950745762840981,0.103379178010034,True,True,interface,0.1904116865315877,0.4475372881420491,IMMUNE_EXHAUSTED
CGGAGCATGGCGATCC-1,10417,11654,0.6781391919723764,0.1143900678974375,0.3191662888487067,True,False,interface,0.0162280393942093,0.05719503394871875,TUMOR
CGGAGCTTATAACACC-1,4712,9492,-0.2974536176208429,-0.320427463552867,-0.4760010357292991,False,False,other,0.0209576271799605,-0.1602137317764335,MIXED
CGGAGTTTGAGAGACA-1,8637,15383,-0.5963447146415554,-0.320427463552867,0.3391476326660458,False,False,interface,0.0405696198504838,-0.1602137317764335,MIXED
CGGATAAGCGGACATG-1,6467,17302,0.0779592604081964,-0.1522170808765231,0.2402789853877706,False,False,other,0.0027026159389608,-0.07610854043826155,MIXED
CGGATCCTCAAGGACT-1,14554,10192,-0.6162851889425005,0.2884100493568959,-0.2390504708511939,False,True,other,0.0586504619430617,0.14420502467844795,MIXED
CGGCAAACATCGTGCG-1,12976,11773,1.6032677703806406,-0.1522170808765231,0.4374092573294043,True,False,interface,0.1193681724736406,-0.07610854043826155,TUMOR
CGGCAATAAGATCGCC-1,13380,7022,-0.4408132348295989,0.5585362411998898,-0.7353305906591517,False,True,immune_core,0.0098233341334584,0.2792681205999449,MIXED
CGGCACCGTTAGCGCC-1,4910,9153,-0.3984347976986048,-0.320427463552867,0.7729532932241694,False,False,other,0.0011673883857669,-0.1602137317764335,STROMA
CGGCACTCAAGAAAGT-1,5092,16054,-0.5963447146415554,-0.320427463552867,-0.0555032389080501,False,False,other,0.0001838353462194,-0.1602137317764335,MIXED
CGGCAGGGTCGGGTTG-1,9045,8596,-0.3905742374783355,-0.1522170808765231,-0.4188568088398248,False,False,interface,0.0102068733876547,-0.07610854043826155,MIXED
CGGCCACGCACAAAGT-1,9627,12557,0.4948296159891071,0.4003831904597785,0.7684989992606576,True,True,interface,0.0742418912723012,0.20019159522988925,STROMA
CGGCCCAACCTGTAGT-1,8262,6558,-0.5003319206895234,0.0488662199089858,0.1536968177991153,False,False,other,0.0043663412273957,0.0244331099544929,MIXED
CGGCCCAGGTATATCC-1,11214,7356,-0.2974630139114586,-0.0538203147789063,-0.4695221063483504,False,False,other,0.0029660398111991,-0.02691015738945315,MIXED
CGGCGCCATCAATCCC-1,14360,8721,-0.3828552269849495,-0.320427463552867,-0.2510389756537355,False,False,other,0.0092879795786043,-0.1602137317764335,MIXED
CGGCTCTAAAGCTGCA-1,11805,6792,-0.9913531565245204,-0.320427463552867,-0.3868513365957632,False,False,other,0.0260316549216733,-0.1602137317764335,MIXED
CGGCTCTTCGTCGAAC-1,4319,9491,-0.7166196056956149,0.4330995591637024,0.5605997353875978,False,True,immune_core,0.0625964617334387,0.2165497795818512,MIXED
CGGCTGCAAGATTAAG-1,3527,11526,0.2637421848459723,-0.320427463552867,1.1005974359600412,False,False,interface,0.0451290527745572,-0.1602137317764335,STROMA
CGGCTTTGTATGATAA-1,4311,12885,-0.9913531565245204,-0.320427463552867,-0.7049612032049952,False,False,other,0.0001812208742948,-0.1602137317764335,MIXED
CGGGAATATAGTATAC-1,12001,7358,0.2004113431444782,-0.1522170808765231,0.0060040768051045,False,False,interface,0.0308235689137421,-0.07610854043826155,MIXED
CGGGAATTTATGTAAA-1,11597,11883,0.6986136279585196,-0.320427463552867,0.1429824680496164,True,False,interface,0.0471559276598832,-0.1602137317764335,TUMOR
CGGGAGCTTCAGTGTA-1,12391,8943,0.098749404180595,-0.0538203147789063,0.1491320396311983,False,False,other,0.0444572466716646,-0.02691015738945315,MIXED
CGGGAGTATACCGCCG-1,6467,17528,-0.4204649448683608,-0.0538203147789063,-0.1218578258286545,False,False,other,0.0008545371569887,-0.02691015738945315,MIXED
CGGGATCAATGTAAGA-1,7265,12552,0.6312627704005861,0.6032731707705316,0.0146162917682282,True,True,interface,0.0537530721147112,0.3016365853852658,IMMUNE_ACTIVE
CGGGCAGCTAAACCGC-1,9036,12895,0.6693417213984089,1.0145464259638186,1.0600782759639096,True,True,interface,0.0549078090559135,0.5072732129819093,IMMUNE_EXHAUSTED
CGGGCCATAGCCGCAC-1,5483,17187,-0.9913531565245204,-0.1522170808765231,0.432552044057392,False,False,other,0.0059784535703691,-0.07610854043826155,MIXED
CGGGCCTTCTTTGTAA-1,10807,13012,1.0934764425122638,-0.0538203147789063,0.506431128811309,True,False,interface,0.0306884844261918,-0.02691015738945315,TUMOR
CGGGTGTACCCATTTA-1,9043,9501,-0.264889640260908,0.4544474460506791,-0.3137232699366762,False,True,interface,0.0288733806908417,0.22722372302533955,MIXED
CGGGTTCGGCACGTAT-1,4127,7114,-0.7234727269165546,0.0488662199089858,0.088497129788418,False,False,interface,0.0515381822948849,0.0244331099544929,MIXED
CGGGTTGTAGCTTTGG-1,3318,16843,-0.685886860562465,-0.320427463552867,-0.1220553493917867,False,False,other,4.704617292519898e-05,-0.1602137317764335,MIXED
CGGGTTTGTTAGGGCT-1,13775,6344,-0.5611935106720057,-0.320427463552867,-0.6316178141141519,False,False,other,0.0096392836799879,-0.1602137317764335,MIXED
CGGTACGGCAAACCCA-1,13156,19127,0.7778633504176533,0.1355827212110617,0.0238978123251639,True,False,tumor_core,0.0197362199381082,0.06779136060553086,TUMOR
CGGTACTAGAATCAAA-1,11208,9845,0.3227666788400379,0.5231170214095163,-0.3014743505640991,False,True,interface,0.0075696740100264,0.26155851070475816,MIXED
CGGTAGAGGTGCAGGT-1,7076,8818,0.6052339993234722,0.2170766025853298,0.0785707283270266,True,True,immune_core,0.0400457750881215,0.1085383012926649,TUMOR
CGGTATAGGTATTAGC-1,4913,8021,-0.6731683485275104,-0.320427463552867,-0.7049612032049952,False,False,other,0.0001540856960639,-0.1602137317764335,MIXED
CGGTCAAGTGGGAACC-1,7861,10177,0.4213493541347788,0.3574529404143807,-0.2691317881674407,False,True,interface,0.0093177523395011,0.17872647020719035,MIXED
CGGTCCATGAGACTCC-1,6689,5876,-0.8642251442495211,-0.320427463552867,-0.4458517177971255,False,False,other,0.0051030336212999,-0.1602137317764335,MIXED
CGGTCCGTCGCAAGCC-1,15137,13474,0.3535207491523127,1.0757172927458178,1.222002794124767,False,True,interface,0.0325283494531944,0.5378586463729089,IMMUNE_EXHAUSTED
CGGTCTATCAACCCGT-1,6286,9948,-0.5894915934206155,-0.1522170808765231,-0.7493373625424743,False,False,other,0.0018786127119139,-0.07610854043826155,MIXED
CGGTGAAGACTAAAGT-1,9618,16630,-0.2427291466947545,-0.320427463552867,-0.0204783470123151,False,False,interface,0.0558652763230146,-0.1602137317764335,MIXED
CGGTGCAGATAGAACG-1,10999,15162,-0.2598771475573689,-0.0326276614652821,-0.0195548430497541,False,False,interface,0.0948069574140178,-0.01631383073264105,MIXED
CGGTGCGCGTTGGTCC-1,12378,14826,0.976099347208877,-0.320427463552867,0.6003192214150658,True,False,interface,0.0570131191721204,-0.1602137317764335,TUMOR
CGGTGGGCTCCAGCCT-1,5700,8023,-0.9913531565245204,-0.320427463552867,-0.146828781624614,False,False,other,0.0016291026261229,-0.1602137317764335,MIXED
CGGTGTACTTGATCCC-1,6077,15717,0.3819936666559406,-0.1522170808765231,0.041990624838869,False,False,other,0.0307556447304397,-0.07610854043826155,MIXED
CGGTTATCCAACAGTG-1,8653,8143,0.2031595704981,-0.1522170808765231,0.2149491548567746,False,False,interface,0.0108392822468793,-0.07610854043826155,MIXED
CGGTTCAAGTAGGTGT-1,7471,8140,-0.2567960648113161,-0.0538203147789063,-0.1555196354166348,False,False,other,0.0007617524518815,-0.02691015738945315,MIXED
CGGTTCCGGCTTCTTG-1,4501,15940,-0.685886860562465,-0.320427463552867,-0.6316178141141519,False,False,other,8.117644061711342e-05,-0.1602137317764335,MIXED
CGGTTGACCTGGCATA-1,10406,16406,-0.3677020525654549,-0.320427463552867,-0.7353305906591517,False,False,other,0.0019500946076342,-0.1602137317764335,MIXED
CGGTTGGGTTCAAGTT-1,4322,7907,-0.2396587509768271,-0.320427463552867,-0.3679435505383652,False,False,other,0.0049445167938843,-0.1602137317764335,MIXED
CGGTTTATGAAGGAAC-1,4717,7455,-0.688321522947005,-0.320427463552867,-0.5734324064564824,False,False,other,4.7189076621268675e-05,-0.1602137317764335,MIXED
CGTAAACGCTTGAGTG-1,4894,16620,-0.1037731737932737,-0.320427463552867,-0.1490639363572903,False,False,other,0.0053645506506062,-0.1602137317764335,MIXED
CGTAATAATTACGAGT-1,5480,18544,-0.5451344432294983,-0.1522170808765231,-0.0732878689706385,False,False,other,0.0002406319723794,-0.07610854043826155,MIXED
CGTACCGAAAGTCTAG-1,4694,17864,-0.7234727269165546,-0.320427463552867,0.0958592300831778,False,False,other,8.236708979274451e-05,-0.1602137317764335,MIXED
CGTACCTGATAGGCCT-1,7070,11533,-0.4621768925405475,0.0488662199089858,-0.1823765312149846,False,False,other,0.0081574056870008,0.0244331099544929,MIXED
CGTAGAGAGTAATTAT-1,15934,9403,-0.7436817272064806,-0.320427463552867,-0.7246544768844247,False,False,other,0.0150589134232932,-0.1602137317764335,MIXED
CGTAGCGAATTGTCAG-1,5299,11190,-0.5893049048155469,-0.320427463552867,-0.4227983000874394,False,False,other,0.0008052856228768,-0.1602137317764335,MIXED
CGTAGCGCCGACGTTG-1,4114,13224,-0.7368286059855409,0.0488662199089858,-0.1431805674564475,False,False,other,0.0013177233698912,0.0244331099544929,MIXED
CGTATTAAGAGATCTA-1,9035,13122,1.4171330151563992,0.4558497065119976,0.993263311293479,True,True,interface,0.0015409895764817,0.2279248532559988,STROMA
CGTATTGTTTCCTAAT-1,7281,5085,0.1576877119976021,0.1892425577380367,-0.7935159983168215,False,True,interface,0.0270281126144917,0.09462127886901835,MIXED
CGTCAAATGGTCGCAG-1,6691,5197,-0.0285612278872919,-0.0326276614652821,-0.5627562926817552,False,False,other,0.0080615021420953,-0.01631383073264105,MIXED
CGTCAAGGCTATAAAT-1,8632,17646,-0.5772090574439032,-0.320427463552867,-0.0443688050855231,False,False,other,0.0270187254814733,-0.1602137317764335,MIXED
CGTCAATCTTTAACAT-1,4890,18204,-0.768265853165914,-0.1522170808765231,0.4252917318925025,False,False,other,0.0002376793069904,-0.07610854043826155,MIXED
CGTCACGTCCATTGGT-1,11988,13468,0.4914710782857942,0.7418428290743384,0.6863990671908532,True,True,interface,0.0857995936285574,0.3709214145371692,IMMUNE_ACTIVE
CGTCAGCTATTTACTC-1,6072,17980,-0.685886860562465,-0.320427463552867,-0.1431805674564475,False,False,other,0.0022694942166044,-0.1602137317764335,MIXED
CGTCAGTGCGCACAAG-1,4900,13678,-0.9913531565245204,-0.320427463552867,-0.5627562926817552,False,False,other,0.010953054598713,-0.1602137317764335,MIXED
CGTCAGTTTATCGTCT-1,3131,12430,-0.4623635811456162,-0.320427463552867,0.2184224843306441,False,False,other,5.304787416903069e-05,-0.1602137317764335,MIXED
CGTCATACCATATCCA-1,6665,16963,-0.0657452672475789,-0.320427463552867,0.920438788538634,False,False,other,0.0039160258118581,-0.1602137317764335,STROMA
CGTCGCATGTGAGCCA-1,15537,10534,-0.3866132903519351,-0.320427463552867,-0.0599142372237544,False,False,interface,0.0648672882569699,-0.1602137317764335,MIXED
CGTCGCGGCGGGATTT-1,5088,17638,-0.5324159311945439,-0.1522170808765231,0.1024150362356149,False,False,other,0.0001750797742654,-0.07610854043826155,MIXED
CGTCGGATAGTGTTGA-1,9440,8371,-0.2564064153773277,-0.1522170808765231,-0.3503323775600248,False,False,other,0.0074592799315567,-0.07610854043826155,MIXED
CGTCGGGTCTAAGCGC-1,13358,16752,0.8690689955866463,-0.1522170808765231,0.0142357490877753,True,False,interface,0.0247801482423272,-0.07610854043826155,TUMOR
CGTCGTCCTTCGCGAA-1,13765,10643,-0.5324159311945439,0.0488662199089858,-0.3671580629163338,False,False,other,0.0033281388784304,0.0244331099544929,MIXED
CGTCTGGAAGGGCCCG-1,5888,12210,-0.0983227066649935,0.0488662199089858,-0.305078751659117,False,False,other,0.0033685491882895,0.0244331099544929,MIXED
CGTCTTGAGTGTGACG-1,10825,5093,0.1359345536045824,0.0159933017998207,-0.361008491334752,False,False,interface,0.008268508297899,0.00799665089991035,MIXED
CGTGAAGTTAATTCAC-1,10611,12899,0.7148655047695641,0.8251433899738505,-0.3432606648803154,True,True,interface,0.0481858053254066,0.41257169498692525,IMMUNE_EXHAUSTED
CGTGACATTGGGTCGT-1,5696,9833,-0.8573720230285815,0.2339794873086786,-0.5487495207984325,False,True,immune_core,0.0027133124079808,0.1169897436543393,MIXED
CGTGACCAGTCCTCTG-1,15138,13022,-0.850600739191554,0.4330995591637024,-0.0414044880833302,False,True,immune_core,0.0540094693823082,0.2165497795818512,MIXED
CGTGCAGACTGGGACA-1,10615,10862,0.5116179142248665,-0.320427463552867,-0.6316178141141519,True,False,interface,0.0643198822836145,-0.1602137317764335,MIXED
CGTGCATTGTCGACGC-1,10408,15727,-0.5584903222984847,-0.320427463552867,0.4641589943100688,False,False,interface,0.0258897387744981,-0.1602137317764335,MIXED
CGTGCCCGACATTTGT-1,2934,12542,-0.8642251442495211,-0.320427463552867,-0.7935159983168215,False,False,other,1.683980382229505e-05,-0.1602137317764335,MIXED
CGTGCCCTCCCGAAGA-1,11207,10524,0.5977905798256279,0.0701449498350903,-0.325366929360256,True,False,other,0.0138898762362333,0.03507247491754515,MIXED
CGTGCTGGCCTAGTCG-1,4499,17071,-0.7898600242774277,-0.320427463552867,0.3369664634693953,False,False,other,0.0001733745660032,-0.1602137317764335,MIXED
CGTGGAAGCCTCGTAC-1,12202,5661,0.2860862574922557,-0.320427463552867,-0.4368050719707619,False,False,interface,0.0169230958535384,-0.1602137317764335,MIXED
CGTGGCCGAATATCTA-1,12000,7811,-0.0025328640171465,-0.320427463552867,-0.5298417347410346,False,False,interface,0.0448011401640936,-0.1602137317764335,MIXED
CGTGTATGGGAGCTGA-1,15546,6687,-0.7166196056956149,-0.0538203147789063,-0.7246544768844247,False,False,interface,0.0502978572113962,-0.02691015738945315,MIXED
CGTGTCCCATTCGCGA-1,8244,14704,0.1676377963894171,0.2321728077834345,0.392277793384634,False,True,interface,0.0476563927191745,0.11608640389171725,MIXED
CGTGTCTCGTTACGAC-1,14542,15396,0.8954826946341603,0.0488662199089858,-0.7246544768844247,True,False,interface,0.006994234025562,0.0244331099544929,TUMOR
CGTGTGTTAAACCCTG-1,9051,6107,0.2287094258930882,-0.320427463552867,-0.7246544768844247,False,False,other,0.0150458558061348,-0.1602137317764335,MIXED
CGTTAAACTAGTTAGG-1,12396,6680,-0.2785423798343627,-0.320427463552867,-0.4998914938025068,False,False,other,0.0063288678897806,-0.1602137317764335,MIXED
CGTTAATGTCCCGACG-1,14359,9400,-0.850600739191554,-0.0538203147789063,-0.5487495207984325,False,False,other,0.0057056714387409,-0.02691015738945315,MIXED
CGTTAGCTCACAACTG-1,5501,9041,-0.8642251442495211,-0.320427463552867,-0.7935159983168215,False,False,other,0.0150738910442077,-0.1602137317764335,MIXED
CGTTATCATACTTCCA-1,11581,19124,0.9235131071060312,0.4544474460506791,-0.4760010357292991,True,True,interface,0.0251711368345634,0.22722372302533955,MIXED
CGTTCAGACCCGCGAA-1,15533,12344,-0.428782768495736,-0.1522170808765231,-0.6757964498884991,False,False,other,0.0013622413345241,-0.07610854043826155,MIXED
CGTTCATGGTGCGCGT-1,12177,16975,1.1069572403361616,-0.320427463552867,0.6079312416679261,True,False,interface,0.1857012421131321,-0.1602137317764335,TUMOR
CGTTCTTCGCACACCT-1,6490,6893,-0.6097005937105415,-0.0538203147789063,-0.0525775257410332,False,False,other,0.0013795811913797,-0.02691015738945315,MIXED
CGTTGAATACCGCGCT-1,13963,10530,-0.19449555276217,-0.320427463552867,-0.7246544768844247,False,False,other,0.0048617279357243,-0.1602137317764335,MIXED
CGTTGAGCGACCGTCG-1,11403,10864,0.6536599334640852,-0.1522170808765231,-0.2635771206075686,True,False,interface,0.0165571063076842,-0.07610854043826155,TUMOR
CGTTGAGTAATTGCGT-1,4913,7795,-0.6790337393415252,-0.320427463552867,-0.3811648347996564,False,False,other,9.14467810735196e-05,-0.1602137317764335,MIXED
CGTTGTAAACGTCAGG-1,6860,17755,-0.5653434435194244,-0.320427463552867,0.1013705876301848,False,False,other,0.0002315573556752,-0.1602137317764335,MIXED
CGTTGTAAGATTGATT-1,7868,7010,-0.7166196056956149,-0.320427463552867,-0.4809837077451089,False,False,interface,0.0486122444754882,-0.1602137317764335,MIXED
CGTTGTCGGCAATTGA-1,15338,11778,-0.7302440107535821,-0.320427463552867,0.3371560832963052,False,False,other,0.023197876041008,-0.1602137317764335,MIXED
CGTTGTTTCAATTCCC-1,9426,14706,-0.1320770370708136,-0.0326276614652821,1.000431199649663,False,False,interface,0.0207944957717138,-0.01631383073264105,STROMA
CGTTTAAGCGGAGCAC-1,5296,12548,-0.1449570091988633,-0.1522170808765231,-0.0863755514425191,False,False,other,0.0075789289234552,-0.07610854043826155,MIXED
CGTTTACAAGGCAGCT-1,6886,5989,-0.6924714557944238,-0.320427463552867,-0.6546329958490664,False,False,other,0.0041071707044792,-0.1602137317764335,MIXED
CGTTTCACTTCGGGCG-1,6289,8816,-0.87080973948148,-0.320427463552867,-0.7493373625424743,False,False,interface,0.0163455275553916,-0.1602137317764335,MIXED
CGTTTCGCTCATTACA-1,9625,13689,-0.3545665588469418,0.8428170002184416,2.093670420921772,False,True,interface,0.1019826150566299,0.4214085001092208,IMMUNE_EXHAUSTED
CGTTTGTGTAGAGGGT-1,13560,14602,-0.1339098866927854,0.7444202341208247,0.3894758400219746,False,True,interface,0.2766430267192584,0.37221011706041235,IMMUNE_ACTIVE
CTAAACGGGTGTAATC-1,3520,14467,-0.5099832392599487,-0.320427463552867,-0.5430630190023259,False,False,other,0.0011852964470623,-0.1602137317764335,MIXED
CTAAAGAATGCCTACT-1,9818,15160,0.6851181513786428,-0.320427463552867,0.0698879281600757,True,False,other,0.1185421977758879,-0.1602137317764335,TUMOR
CTAAAGGGAAATAGGA-1,11400,12222,0.6228131341278502,-0.1522170808765231,0.0483831744200815,True,False,interface,0.0710877875949983,-0.07610854043826155,TUMOR
CTAAAGTCCGAAGCTA-1,3515,16730,-0.7502663224384395,-0.320427463552867,-0.0745505828254506,False,False,other,4.0214811120008384e-05,-0.1602137317764335,MIXED
CTAAATCCGGTGTACA-1,14740,15284,0.5965013646382457,-0.320427463552867,-0.060907178162438,True,False,interface,0.0241240387103248,-0.1602137317764335,MIXED
CTAAATCCTATTCCGG-1,7862,9725,0.7217881347069911,1.0757172927458178,0.0428971098346055,True,True,immune_core,0.0388835868692595,0.5378586463729089,IMMUNE_EXHAUSTED
CTAACCGCGCGCCCGT-1,10015,15273,-0.6645361642957944,-0.320427463552867,0.7204571065506354,False,False,interface,0.0604762816535117,-0.1602137317764335,STROMA
CTAACGAAACTTGCTG-1,8652,8595,-0.3648539850487245,-0.320427463552867,-0.324152442146417,False,False,other,0.0057150782717534,-0.1602137317764335,MIXED
CTAACTGATAATCGCC-1,14166,7702,-0.2576823803656383,0.1143900678974375,0.1843898402606926,False,False,interface,0.0155843808105006,0.05719503394871875,MIXED
CTAACTGGTCCGGTTC-1,12574,15166,1.1375329330561044,0.0159933017998207,0.4397826565517959,True,False,interface,0.0079717991440966,0.00799665089991035,TUMOR
CTAAGGGAATGATTGG-1,11402,11090,0.2770876878676512,0.1355827212110617,-0.0524694009904747,False,False,interface,0.0026748513609776,0.06779136060553086,MIXED
CTAATTATGAAGCGTA-1,4918,5532,-0.8573720230285815,-0.320427463552867,-0.5290562471190032,False,False,other,0.0006213097689736,-0.1602137317764335,MIXED
CTAATTCGCACGCGCT-1,8243,15383,0.8816339179417974,-0.320427463552867,2.258718877130634,True,False,interface,0.1034128152913188,-0.1602137317764335,TUMOR
CTAATTCTCAGATATT-1,8064,7349,0.2287094258930882,0.1355827212110617,-0.3812966690358911,False,False,interface,0.0088319472585276,0.06779136060553086,MIXED
CTAATTTCAACAACAC-1,6863,16172,0.2678993396773347,-0.0538203147789063,0.0124362109284053,False,False,other,0.0047808326807027,-0.02691015738945315,MIXED
CTACAAGAAATAACCC-1,14150,14717,0.6455429041684796,1.231582734081155,0.3532931169923946,True,True,interface,0.0883640955635675,0.6157913670405775,IMMUNE_EXHAUSTED
CTACACTAGCTTGTTC-1,3519,14920,-0.6722624555044977,-0.320427463552867,-0.2609001158847699,False,False,other,0.0002144389005067,-0.1602137317764335,MIXED
CTACACTCGCAGATGG-1,13969,7815,-0.0481814694765833,1.4887972274643488,0.4735165708705883,False,True,immune_core,0.1581438734021419,0.7443986137321744,IMMUNE_EXHAUSTED
CTACCCTAAGGTCATA-1,8848,8935,0.3480826952350971,0.0159933017998207,-0.7164228046017538,False,False,interface,0.0023355558276618,0.00799665089991035,MIXED
CTACGAACTAGGTCGA-1,3725,10960,-0.0421004903165073,-0.320427463552867,0.0544492578061417,False,False,other,0.0029894209510823,-0.1602137317764335,MIXED
CTACGACTAGCTATAA-1,10209,16518,-0.0360853421515393,-0.320427463552867,-0.060907178162438,False,False,other,0.0021413807560639,-0.1602137317764335,MIXED
CTACGCACGGAGTACC-1,9627,12783,0.9599565696586908,1.0646872194217605,1.4041825663433145,True,True,interface,0.0403630252596565,0.5323436097108802,IMMUNE_EXHAUSTED
CTACGCCATTTCCGAT-1,5105,10171,-0.3240696777265114,-0.320427463552867,0.5585589223479662,False,False,other,0.0009877802435043,-0.1602137317764335,MIXED
CTACGTGTTGCCACCA-1,3910,16504,-0.685886860562465,-0.320427463552867,-0.072525778075958,False,False,other,0.000283146391767,-0.1602137317764335,MIXED
CTACTATCATAGGTTT-1,13162,16412,1.536606620215801,-0.320427463552867,-0.7246544768844247,True,False,interface,0.078586177163838,-0.1602137317764335,TUMOR
CTACTATCTTTCAGAG-1,8455,8708,-0.079344096678582,0.1355827212110617,-0.2635771206075686,False,False,other,0.0117707630800031,0.06779136060553086,MIXED
CTACTCAAGGTATAGT-1,14544,14491,1.083446388989135,0.6032731707705316,-0.0173376160456452,True,True,interface,0.1162465091386479,0.3016365853852658,IMMUNE_ACTIVE
CTACTCTAGGCCCGGC-1,8831,16402,-0.3845708404109629,-0.320427463552867,0.6515955851182387,False,False,other,0.0139892693822175,-0.1602137317764335,STROMA
CTACTGCCACCTGACC-1,8053,12101,1.079758373581453,-0.0538203147789063,-0.3011372604115024,True,False,interface,0.0387630321495454,-0.02691015738945315,TUMOR
CTAGACATATATGTAG-1,4324,7002,-0.7898600242774277,-0.320427463552867,-0.7246544768844247,False,False,interface,0.0231262939780438,-0.1602137317764335,MIXED
CTAGACTGCATTTCGT-1,4715,8360,-0.87080973948148,-0.320427463552867,-0.4847451073568881,False,False,other,0.0011449580137418,-0.1602137317764335,MIXED
CTAGATAAACTCCTCG-1,4107,16392,-0.9913531565245204,-0.1522170808765231,-0.2494385144880114,False,False,other,0.0006505520339166,-0.07610854043826155,MIXED
CTAGATGTGAGTGTAA-1,9244,7578,0.0261991407755192,0.6014664912452875,-0.1320070361975986,False,True,interface,0.0342287217512678,0.30073324562264375,IMMUNE_ACTIVE
CTAGATTTACGACGGC-1,11009,10863,0.971261150681696,0.3574529404143807,-0.0292313245530449,True,True,interface,0.0654451169851468,0.17872647020719035,MIXED
CTAGCAACTAATTTAC-1,3123,16050,-0.6545220544753885,-0.1522170808765231,0.1137590735922265,False,False,other,0.0001872239290814,-0.07610854043826155,MIXED
CTAGCATAGTATAATG-1,9432,11765,0.6428441286830898,1.231495341636786,0.9812264212115532,True,True,interface,0.4125204885087227,0.615747670818393,IMMUNE_EXHAUSTED
CTAGCCACAGGCGAGC-1,14366,6006,-0.5205944238478741,0.3549066387331724,0.8774858957124597,False,True,immune_core,0.0126463989603898,0.1774533193665862,STROMA
CTAGCCGATGTTATGA-1,7275,7800,0.0142050611296036,0.3549066387331724,-0.5147132392295223,False,True,immune_core,0.0338142566094792,0.1774533193665862,MIXED
CTAGCTTAATGGTCCC-1,12006,5095,-0.2660698733088946,-0.1522170808765231,-0.3590964608446694,False,False,other,0.0065188398881093,-0.07610854043826155,MIXED
CTAGGCGCCCTATCAG-1,12785,8944,-0.5960761886525743,-0.320427463552867,-0.2936171502623584,False,False,other,0.0067030637762808,-0.1602137317764335,MIXED
CTAGGCGGCAGAGAAT-1,3518,15598,-0.850600739191554,-0.1522170808765231,-0.6316178141141519,False,False,other,0.000193314270696,-0.07610854043826155,MIXED
CTAGGTCTGAAGGAAT-1,9835,7466,0.1083526974551164,1.2256870586855602,0.2059936276541948,False,True,interface,0.1164888734548864,0.6128435293427801,IMMUNE_EXHAUSTED
CTAGGTTCGGACGTGA-1,14158,11323,0.5526783208873913,-0.320427463552867,-0.3786196643130924,True,False,interface,0.2020158006059916,-0.1602137317764335,MIXED
CTAGTAGAAAGGGATT-1,15145,10080,-0.3201066765859246,0.1355827212110617,-0.4705346034551753,False,False,other,0.0032278978172217,0.06779136060553086,MIXED
CTAGTATTCGGAATTA-1,5498,10172,-0.5077928690891094,0.2862370633743352,0.0628057059457912,False,True,immune_core,0.0301750070396978,0.1431185316871676,MIXED
CTAGTCACGTCTTAAG-1,10023,11427,0.704047314437199,-0.1522170808765231,-0.2059423482695891,True,False,interface,0.0344285110397069,-0.07610854043826155,TUMOR
CTAGTGAAGGACAGGA-1,9425,14933,-0.3866132903519351,0.0159933017998207,0.5122104422144235,False,False,other,0.006967888660418,0.00799665089991035,MIXED
CTAGTTACAACCCGGT-1,13173,11660,0.643714098909122,-0.0326276614652821,-0.5138982656858294,True,False,tumor_core,0.0058859804057649,-0.01631383073264105,TUMOR
CTAGTTGGGCCCGGTA-1,7858,11535,0.2874183913500117,0.0159933017998207,-0.0033233038566392,False,False,interface,0.0238696922148329,0.00799665089991035,MIXED
CTATAAGAGCCAATCG-1,7866,7915,-0.4248501558848231,-0.320427463552867,-0.0715296184727257,False,False,other,0.0010082423298289,-0.1602137317764335,MIXED
CTATAGGCGTTGATGT-1,14937,14945,0.4291894880731724,-0.320427463552867,-0.0525775257410332,True,False,interface,0.2832986657927606,-0.1602137317764335,MIXED
CTATCGACGAAATACA-1,13179,8718,-0.4245910261864579,-0.1522170808765231,-0.4705346034551753,False,False,other,0.0023238787836354,-0.07610854043826155,MIXED
CTATCGCGTAGAGAAC-1,14170,5892,-0.7300573221485134,0.3154733686829467,0.4434984868317767,False,True,immune_core,0.0097497471067036,0.15773668434147334,MIXED
CTATCGGGTCTCAACA-1,9630,11426,0.4184511818819659,-0.1522170808765231,0.1453770184538894,False,False,interface,0.0311745916138516,-0.07610854043826155,MIXED
CTATGCCCGAATGCAA-1,15139,12569,-0.6219580771154536,-0.1522170808765231,-0.6176110422308293,False,False,other,0.0029954570067622,-0.07610854043826155,MIXED
CTATGGGAAGCGGAAT-1,13379,7474,0.0947282923971491,-0.320427463552867,-0.4430864777885785,False,False,other,0.0060764812589107,-0.1602137317764335,MIXED
CTATGTCACTAGCCCA-1,8645,11763,0.9189840417625632,0.1355827212110617,0.3286141902565927,True,False,interface,0.0247021377227379,0.06779136060553086,TUMOR
CTATGTCTATTGAAAC-1,4902,12999,-0.6411378408909146,-0.320427463552867,0.1208917330363129,False,False,other,0.00142346915885,-0.1602137317764335,MIXED
CTATGTGAGTCACGGC-1,11585,17313,0.0859006919462554,-0.1522170808765231,0.2265776078464735,False,False,interface,0.0379077419955998,-0.07610854043826155,MIXED
CTATTCATGTGTCCCA-1,12975,12225,1.2178663127805964,0.4566204320332398,-0.1813624806776459,True,True,interface,0.0272445797232418,0.2283102160166199,MIXED
CTATTGTGTTTGGTCA-1,5307,7796,-0.3502259062143644,-0.320427463552867,-0.6316178141141519,False,False,other,0.0001465425281743,-0.1602137317764335,MIXED
CTATTTGGTTACGGAT-1,9830,9955,0.24684238545897,0.0159933017998207,-0.0715296184727257,False,False,interface,0.4518570201807632,0.00799665089991035,MIXED
CTCAACTAACCCGGAT-1,15146,9628,-0.8002963608025098,0.6452527425019656,-0.2125824652996763,False,True,immune_core,0.0163920030845318,0.3226263712509828,IMMUNE_ACTIVE
CTCAAGACATTAGCGC-1,5504,7683,-0.6491076069444611,-0.320427463552867,-0.3487385344729971,False,False,other,0.0001019801928144,-0.1602137317764335,MIXED
CTCACACGCAAGCCTA-1,6296,5422,-0.5285641899014206,-0.1522170808765231,-0.4405664715825412,False,False,other,0.0015084187374529,-0.07610854043826155,MIXED
CTCACATTTACTAAAT-1,14945,11551,-0.531326654811302,0.0488662199089858,-0.5138982656858294,False,False,other,0.0097577519890021,0.0244331099544929,MIXED
CTCACCAGTACAAGTG-1,9022,19005,-0.7436817272064806,-0.320427463552867,0.245479015469401,False,False,other,0.0004233939516664,-0.1602137317764335,MIXED
CTCACCGATCCAAACT-1,4327,5870,-0.1593319475681007,-0.320427463552867,0.1422352164023567,False,False,other,0.0029575648721439,-0.1602137317764335,MIXED
CTCACTGTGATACTTA-1,15143,10759,0.8069613952111977,0.0159933017998207,-0.018106813308883,True,False,interface,0.004548821289221,0.00799665089991035,TUMOR
CTCACTTGGCTGGTAA-1,10603,16293,0.0262768987185142,-0.0326276614652821,-0.3621684509377133,False,False,interface,0.0033341327046907,-0.01631383073264105,MIXED
CTCAGATTGTGATAAG-1,11189,18670,0.5479962937438182,-0.320427463552867,0.4521877898727895,True,False,interface,0.0073586360697887,-0.1602137317764335,MIXED
CTCAGGACTCACCTGT-1,5880,15830,-0.6693166072343872,-0.320427463552867,1.3169691331240403,False,False,other,0.0160322229813956,-0.1602137317764335,STROMA
CTCAGTCACGACAAAT-1,7471,8366,-0.0088010498317083,-0.320427463552867,-0.2429518527538329,False,False,other,0.0011867721753816,-0.1602137317764335,MIXED
CTCATCACTTAGTGAT-1,8265,5200,-0.3393639660662785,-0.320427463552867,-0.5298417347410346,False,False,other,0.0039122373677712,-0.1602137317764335,MIXED
CTCATGGCTCACAATC-1,5297,12095,-0.3662849736568717,-0.320427463552867,0.0961884256602568,False,False,other,0.0004274333059721,-0.1602137317764335,MIXED
CTCATGGTAATTTGCG-1,12572,16297,0.6810559073488828,-0.320427463552867,1.4302681826552994,True,False,interface,0.007346604028215,-0.1602137317764335,TUMOR
CTCATTAACGTTGCCC-1,8463,4861,0.2870763245079732,-0.320427463552867,-0.6378992199319686,False,False,other,0.0026748667471285,-0.1602137317764335,MIXED
CTCATTCGTGAACATC-1,8038,18889,-0.8002963608025098,-0.1522170808765231,0.0254627488079095,False,False,other,0.0009165622487587,-0.07610854043826155,MIXED
CTCATTGCTCTAACAA-1,14553,10418,-0.7300573221485134,-0.320427463552867,0.4303691600310549,False,False,other,0.022374120659176,-0.1602137317764335,MIXED
CTCATTTGATGGGCGG-1,7069,12212,-0.2023561129824394,-0.1522170808765231,-0.0876721645215766,False,False,interface,0.0098953764402098,-0.07610854043826155,MIXED
CTCCCAATGAGTCGCG-1,12791,6228,-0.7368286059855409,-0.320427463552867,-0.2557199203058279,False,False,other,0.0079989150612439,-0.1602137317764335,MIXED
CTCCCTCCTTTCGATC-1,12768,16637,0.6336596372108607,-0.320427463552867,1.7475002843769596,True,False,interface,0.0773839547171015,-0.1602137317764335,TUMOR
CTCCGCCCACATGAGG-1,11197,14823,0.6482332492904759,0.3579447519226753,1.097075468405627,True,True,interface,0.0054088085566753,0.17897237596133764,STROMA
CTCCGGCCTAATATGC-1,6477,12550,-0.2279963185722304,-0.320427463552867,0.6054138002300252,False,False,other,0.0156402828520277,-0.1602137317764335,STROMA
CTCCGGCTTGTAGACA-1,5680,17074,-0.5285641899014206,-0.1522170808765231,-0.1260472778692032,False,False,other,0.0007576511975315,-0.07610854043826155,MIXED
CTCCTAAGTTATGTCT-1,5092,15828,-0.5255628099736042,-0.320427463552867,-0.2342805330548376,False,False,other,0.0001970512910142,-0.1602137317764335,MIXED
CTCCTCCAGCTCACAC-1,14940,13587,0.6058867052939202,0.2339794873086786,0.3779730216098818,True,True,interface,0.0201946355895681,0.1169897436543393,TUMOR
CTCCTGTTCAAGGCAG-1,13579,6004,-0.5324159311945439,-0.320427463552867,0.2054524185777524,False,False,other,0.0073815636609677,-0.1602137317764335,MIXED
CTCCTTTACGCAAGTC-1,7277,6895,-0.4270256885709978,-0.320427463552867,-0.0186788088529452,False,False,other,0.0004513498242043,-0.1602137317764335,MIXED
CTCGAGACATACGATA-1,13551,18449,-0.1929328465243659,0.0159933017998207,-0.0280061895146891,False,False,interface,0.0166430119841486,0.00799665089991035,MIXED
CTCGAGATCCAAAGCA-1,4891,17751,-0.6722624555044977,-0.1522170808765231,-0.2429518527538329,False,False,other,0.000419449107421,-0.07610854043826155,MIXED
CTCGAGGTCGAACAGT-1,8446,12555,1.1392430156698563,-0.1522170808765231,1.0127569389142057,True,False,interface,0.1053927113812808,-0.07610854043826155,TUMOR
CTCGATATTTGCGAGC-1,7275,8027,-0.6584546670863014,-0.320427463552867,-0.2936171502623584,False,False,other,0.0115557739227413,-0.1602137317764335,MIXED
CTCGCACCTATATAGT-1,7464,11534,0.7995429261163591,0.0159933017998207,-0.1699008792808874,True,False,interface,0.0234710220827452,0.00799665089991035,TUMOR
CTCGCATTGCATAGCC-1,14537,17886,-0.213325230174521,0.2321728077834345,-0.7935159983168215,False,True,other,0.0033241368402332,0.11608640389171725,MIXED
CTCGCCGAATGTAGGG-1,14550,12002,-0.6545220544753885,-0.320427463552867,-0.7935159983168215,False,False,other,0.0029336559031877,-0.1602137317764335,MIXED
CTCGGGATAACACCTA-1,8855,5541,-0.4974932494634086,-0.1522170808765231,-0.5138982656858294,False,False,other,0.0018355040617169,-0.07610854043826155,MIXED
CTCGGGTTCTCTGGCC-1,14738,16189,-0.3878117725684541,-0.320427463552867,-0.0042914942891697,False,False,interface,0.0923384088726116,-0.1602137317764335,MIXED
CTCGGTACCACTGCTC-1,10814,10071,0.426850095609589,1.0782635944270262,0.0145257451934506,True,True,interface,0.0213710116619085,0.5391317972135131,IMMUNE_EXHAUSTED
CTCGGTCCGTAGCCTG-1,6278,13568,0.0169717565820346,-0.320427463552867,-0.911235546745144,False,False,other,0.0171006169690561,-0.1602137317764335,MIXED
CTCGGTTGTCGGCCCT-1,13753,16300,0.097769327874554,-0.1522170808765231,0.5212100549091373,False,False,interface,0.0873878044811493,-0.07610854043826155,MIXED
CTCGTCGAGGGCTCAT-1,14538,17207,-0.3866132903519351,-0.320427463552867,0.6223292413456848,False,False,other,0.0075920571098563,-0.1602137317764335,STROMA
CTCGTTTCTAATGTTT-1,7079,7460,-0.1339098866927854,-0.320427463552867,-0.129339700003027,False,False,other,0.0149911649944794,-0.1602137317764335,MIXED
CTCTAATGCATTGATC-1,7474,6782,-0.1567012002878763,-0.320427463552867,0.2628891902429008,False,False,other,0.0033483241080036,-0.1602137317764335,MIXED
CTCTACACTGGCGATT-1,11192,17312,-0.2485344100533864,-0.320427463552867,0.3974049381058709,False,False,other,0.1831750705715253,-0.1602137317764335,MIXED
CTCTAGCCCTCGGAAA-1,15738,9063,0.1337698702771794,-0.1522170808765231,-0.5138982656858294,False,False,other,0.0312620921112658,-0.07610854043826155,MIXED
CTCTATTTGGCTGCAG-1,12189,11545,0.0650074692494946,0.6014664912452875,-0.4310299723701101,False,True,interface,0.0231858254396191,0.30073324562264375,IMMUNE_ACTIVE
CTCTCACAATCGATGA-1,9039,11311,0.9056106049006722,-0.320427463552867,0.2660581993841792,True,False,interface,0.0324715301884186,-0.1602137317764335,TUMOR
CTCTCGATGTGCGCCT-1,3525,12204,-0.4500275423004792,-0.320427463552867,-0.3199004970861323,False,False,other,0.001931211550447,-0.1602137317764335,MIXED
CTCTCGCTGTACTATG-1,7449,18549,-0.4270256885709978,-0.320427463552867,1.045440489783937,False,False,other,0.002510680821543,-0.1602137317764335,STROMA
CTCTCTAACTGCCTAG-1,13949,16866,1.102077733714918,0.1357244304709254,0.3296017738851073,True,False,tumor_core,0.0044735485614415,0.0678622152354627,TUMOR
CTCTGCGAAGCAAGCA-1,5097,13565,-0.4627995572038585,0.2884100493568959,-0.45571285802816,False,True,immune_core,0.009220479081731,0.14420502467844795,MIXED
CTCTGGACGCCTGGTG-1,9037,12216,1.2797433467388732,0.9608865894368436,1.1901666985620791,True,True,interface,0.0039645734254644,0.4804432947184218,IMMUNE_EXHAUSTED
CTCTGTGCCTGCTATG-1,3128,13787,-0.8642251442495211,-0.320427463552867,-0.7353305906591517,False,False,other,0.0012573188099343,-0.1602137317764335,MIXED
CTCTGTTTGAGGATTC-1,5496,11077,-0.6097005937105415,-0.0326276614652821,-0.7935159983168215,False,False,other,0.0024017028068958,-0.01631383073264105,MIXED
CTCTTCTATTGACTGG-1,11803,7923,0.1318443903321682,0.1892425577380367,-0.3868513365957632,False,True,interface,0.0257178415687391,0.09462127886901835,MIXED
CTCTTCTGGAAGTTAG-1,14938,14719,0.9298716094515684,0.688324701807227,0.5175164156595979,True,True,interface,0.0187265205643493,0.3441623509036135,IMMUNE_ACTIVE
CTCTTGTCCCGCTTGG-1,13367,12679,-0.0261605344751623,-0.0538203147789063,0.2576184480891813,False,False,interface,0.2671178457811596,-0.02691015738945315,MIXED
CTGAAAGAGATCCGAC-1,6480,11419,-0.3757159251968104,-0.1522170808765231,-0.1901924438552682,False,False,interface,0.0016496383252753,-0.07610854043826155,MIXED
CTGAATCCGAGACCTC-1,11988,13241,1.1677653817179257,0.8140966459464677,1.2408876241973712,True,True,interface,0.0809078688914491,0.40704832297323384,IMMUNE_EXHAUSTED
CTGAATTTATTGCCAG-1,7080,7234,-0.4219579817902837,-0.320427463552867,-0.342100705277354,False,False,other,0.0022922276710878,-0.1602137317764335,MIXED
CTGACATAGAAATAGA-1,12792,5776,-0.0959604853737501,-0.320427463552867,-0.7246544768844247,False,False,other,0.0070256388888942,-0.1602137317764335,MIXED
CTGACTGCGCAGCTCG-1,8850,7804,0.838805125865666,-0.1522170808765231,-0.2293025160637722,True,False,interface,0.0731933574836699,-0.07610854043826155,TUMOR
CTGAGAAAGTTCGGCG-1,12398,6001,1.9877954317000737,-0.320427463552867,0.4612805688579091,True,False,interface,0.4451163184564379,-0.1602137317764335,TUMOR
CTGAGCAAGTAACAAG-1,5682,16395,-0.5894915934206155,-0.320427463552867,0.1885046203838621,False,False,other,0.0005680805167915,-0.1602137317764335,MIXED
CTGAGCGAGACTTATT-1,8856,5088,-0.5003035861740358,0.0488662199089858,-0.7493373625424743,False,False,other,0.0288271202947392,0.0244331099544929,MIXED
CTGATAGTGTATCTCA-1,9026,17421,-0.6663152273065707,0.1355827212110617,0.773279100000288,False,False,other,0.0181896433454059,0.06779136060553086,STROMA
CTGCAAGCACGTTCCG-1,14759,6685,-0.6097005937105415,0.2170766025853298,-0.4450367442534327,False,True,immune_core,0.0056650756410539,0.1085383012926649,MIXED
CTGCACAACTACATAT-1,12584,10640,1.5640621641744332,0.6881829925473634,-0.1642837187012794,True,True,interface,0.2716089209638554,0.3440914962736817,IMMUNE_ACTIVE
CTGCACCTAGTCCACA-1,8461,5993,-0.7234727269165546,-0.320427463552867,-0.7935159983168215,False,False,interface,0.0014711878156854,-0.1602137317764335,MIXED
CTGCACCTGGAACCGC-1,5688,13680,-0.1956657004632015,-0.320427463552867,0.1492784003565284,False,False,other,0.0007054141763358,-0.1602137317764335,MIXED
CTGCACTCCAGTACAG-1,13370,11321,-0.3025038411304851,0.2862370633743352,-0.5487495207984325,False,True,immune_core,0.014281867655978,0.1431185316871676,MIXED
CTGCAGAGAATCAGAG-1,14756,7817,0.3841283221410895,0.3574529404143807,-0.1985756934163537,False,True,interface,0.0478524702784618,0.17872647020719035,MIXED
CTGCCAAGGTTGGAAG-1,6876,10515,0.5357734922881504,-0.320427463552867,-0.0353906390141081,True,False,tumor_core,0.0034125392489958,-0.1602137317764335,MIXED
CTGCCATGCATCACAT-1,10612,12220,1.4414548069967503,0.0159933017998207,0.7768384487323289,True,False,interface,0.1355623319698988,0.00799665089991035,TUMOR
CTGCCCACGAAGCGTT-1,9023,18552,-0.685886860562465,-0.320427463552867,0.8551709409401128,False,False,other,0.0019175985183753,-0.1602137317764335,STROMA
CTGCCTAGCCACCAAG-1,4317,10170,-0.7898600242774277,-0.320427463552867,-0.5487495207984325,False,False,other,0.0033496445159627,-0.1602137317764335,MIXED
CTGCCTCATATGCAAC-1,9249,5542,0.5340101322828325,-0.320427463552867,-0.286170965601719,True,False,tumor_core,0.0084749281928584,-0.1602137317764335,MIXED
CTGCCTTTCTAGTAAA-1,15148,8723,-0.1511374803210697,-0.0538203147789063,-0.4665788989448126,False,False,other,0.0031348374198353,-0.02691015738945315,MIXED
CTGCGGGTGAAATGTT-1,8831,16628,-0.2746906385412395,-0.320427463552867,-0.324152442146417,False,False,other,0.0084846222402749,-0.1602137317764335,MIXED
CTGCGGTAGTCACGTG-1,4714,8813,-0.5382813220085587,-0.320427463552867,-0.5875297249145826,False,False,other,0.0014327862427835,-0.1602137317764335,MIXED
CTGCGTTACGATATAA-1,5895,9042,-0.1929786643109252,-0.320427463552867,-0.2732391838449573,False,False,other,0.0015973392865849,-0.1602137317764335,MIXED
CTGCTGAGGCCACGAA-1,12377,15279,0.8358357167665861,-0.320427463552867,-0.4121221863127121,True,False,interface,0.0147467857998495,-0.1602137317764335,TUMOR
CTGCTGTCTAACGAGC-1,12398,5775,1.3654298145415031,0.6555307468361882,0.3131268510240521,True,True,interface,0.3024838096623911,0.3277653734180941,IMMUNE_ACTIVE
CTGCTTGGCGATAGCT-1,13175,10755,-0.187695934409655,0.7696768739216314,-0.4998914938025068,False,True,immune_core,0.050005369072848,0.3848384369608157,IMMUNE_ACTIVE
CTGCTTTATGTCCGCG-1,6688,6554,-0.6342847196699749,-0.320427463552867,0.0315588519282059,False,False,other,0.0015065270220885,-0.1602137317764335,MIXED
CTGGAAATGGATGCTT-1,8445,13233,1.399799877959087,0.3579447519226753,0.583293340326004,True,True,interface,0.019408647948786,0.17897237596133764,MIXED
CTGGAAGACACGGTGG-1,12587,9283,-0.688321522947005,-0.0326276614652821,-0.4006605849159536,False,False,other,0.0317482937022362,-0.01631383073264105,MIXED
CTGGACGCAGTCCGGC-1,12765,17768,1.3240411623779942,-0.320427463552867,0.0658832036350259,True,False,interface,0.0928219034204044,-0.1602137317764335,TUMOR
CTGGATTTACACTTGA-1,12382,13016,-0.6491076069444611,-0.320427463552867,-0.7493373625424743,False,False,interface,0.106783563157128,-0.1602137317764335,MIXED
CTGGCATCCGAATGAG-1,12178,16296,1.847398763773008,-0.320427463552867,-0.2060453663356958,True,False,interface,0.0350583678054049,-0.1602137317764335,TUMOR
CTGGCGACATAAGTCC-1,6089,10060,-0.5963447146415554,-0.320427463552867,-0.3812966690358911,False,False,other,0.0009798278978208,-0.1602137317764335,MIXED
CTGGCGCACAGGTCTG-1,10028,9164,-0.659543943469543,-0.320427463552867,-0.253985401721822,False,False,interface,0.0794753333693771,-0.1602137317764335,MIXED
CTGGCGGGAATAAGTA-1,6665,16737,-0.2272635607090158,-0.320427463552867,0.4656128061524711,False,False,other,0.0033643908688025,-0.1602137317764335,MIXED
CTGGCTCCTGCGGGAT-1,4107,16165,-0.8573720230285815,-0.0538203147789063,-0.6069349284561023,False,False,other,0.0018588434450642,-0.02691015738945315,MIXED
CTGGCTGATTCATCCT-1,11408,8375,1.0178334251583598,-0.0538203147789063,-0.0692416178854983,True,False,interface,0.0412312656431259,-0.02691015738945315,TUMOR
CTGGCTGCTAACGTAA-1,3713,16391,-0.7436817272064806,-0.320427463552867,-0.1317189660596889,False,False,other,0.000761743226017,-0.1602137317764335,MIXED
CTGGCTGGTTGTCAGT-1,13367,12905,-0.1520067677258582,-0.0326276614652821,-0.2051273747258963,False,False,interface,0.0261963882933556,-0.01631383073264105,MIXED
CTGGGATAAATAATGG-1,10224,9730,0.306650904226466,-0.0538203147789063,-0.2719841020825611,False,False,interface,0.5109039099834131,-0.02691015738945315,MIXED
CTGGGATACGCTACCC-1,10035,5996,-0.1956657004632015,-0.0538203147789063,0.1956953727336393,False,False,interface,0.013305001984735,-0.02691015738945315,MIXED
CTGGGCCTGCTATATC-1,11392,15842,1.4572432451134376,0.4233825232986467,-0.0477110581816734,True,True,interface,0.043710589979727,0.21169126164932334,MIXED
CTGGGTAGGCAGTTAA-1,11207,10298,-0.0189173072409832,-0.0538203147789063,-0.0185463048651771,False,False,interface,0.0273875977870158,-0.02691015738945315,MIXED
CTGGGTTGAGTTAAAG-1,13159,17996,0.2987277088451246,0.2170766025853298,0.4343747718144192,False,True,interface,0.108631300512986,0.1085383012926649,MIXED
CTGGTAAAGTGTGGGC-1,14562,6345,-0.4406500936289651,-0.0538203147789063,-0.2311398020881677,False,False,other,0.0025087023791734,-0.02691015738945315,MIXED
CTGGTAACACATAGAA-1,11012,9279,0.368931746547458,-0.1522170808765231,0.683167122355963,False,False,interface,0.0804530878528231,-0.07610854043826155,STROMA
CTGGTAACGAGCTCTT-1,8456,8255,0.7769102831608052,-0.1522170808765231,-0.156989815776638,True,False,other,0.0335270935893421,-0.07610854043826155,TUMOR
CTGGTCATTCCAATCC-1,7254,17530,-0.2266811092435074,-0.320427463552867,1.687841146600057,False,False,other,0.0064735810425328,-0.1602137317764335,STROMA
CTGGTCCTAACTTGGC-1,4117,11866,-0.5285641899014206,-0.320427463552867,-0.1662339851661337,False,False,other,0.0003369890897107,-0.1602137317764335,MIXED
CTGGTTCAACGCATCA-1,4307,14921,-0.87080973948148,-0.320427463552867,-0.4619942638459764,False,False,other,0.0002202864395584,-0.1602137317764335,MIXED
CTGGTTCGCGAGCTAC-1,11021,5206,-0.7234727269165546,-0.0538203147789063,-0.4680519259883473,False,False,other,0.0070260546524927,-0.02691015738945315,MIXED
CTGGTTTCGAGCAAGA-1,11800,9281,3.1262806029911165,0.0488662199089858,0.0489964576256008,True,False,interface,2.4310462401078268,0.0244331099544929,TUMOR
CTGTACTTCTTAGCAT-1,10413,13464,1.6708486810483143,0.2321728077834345,0.3267771995295482,True,True,interface,0.0293510562854934,0.11608640389171725,TUMOR
CTGTAGCCATCTCACT-1,13758,14037,1.4527160923261702,0.3574529404143807,-0.1672301447693658,True,True,interface,0.3018787408714186,0.17872647020719035,MIXED
CTGTATGGTGTAGAAA-1,6668,15605,-0.0589975308149863,-0.1522170808765231,0.4387941463288928,False,False,other,0.0008154181290215,-0.07610854043826155,MIXED
CTGTCAAATGGCTCGG-1,7271,9837,0.5276194611386724,-0.320427463552867,0.5896438248641714,True,False,other,0.0246313540425581,-0.1602137317764335,MIXED
CTGTCACGCCAGGCGC-1,4715,8134,-0.8642251442495211,-0.320427463552867,-0.6024646557852106,False,False,other,0.0003324159357192,-0.1602137317764335,MIXED
CTGTGCAGGGTAGGTC-1,11008,11316,-0.3122481703798416,-0.1522170808765231,-0.0692416178854983,False,False,interface,0.0289718633238625,-0.07610854043826155,MIXED
CTGTGGTCGGGAGATA-1,13572,9172,-0.5324159311945439,-0.0326276614652821,-0.2697266921891505,False,False,other,0.0075204890489524,-0.01631383073264105,MIXED
CTGTTACCCAATCTAG-1,12186,12676,0.3673044986852888,0.3852869852616737,0.1630451530169216,False,True,interface,0.0162889741099155,0.19264349263083685,MIXED
CTGTTCACTGCCTGTG-1,7067,12891,0.3185965088320195,-0.1522170808765231,0.5998162963347534,False,False,interface,0.0114234692357924,-0.07610854043826155,MIXED
CTGTTCATCTCACGGG-1,7062,15380,0.0165478222050937,-0.320427463552867,0.2660581993841792,False,False,other,0.0004338220136748,-0.1602137317764335,MIXED
CTGTTGGCTCTTCTGA-1,6660,19000,-0.850600739191554,0.3154733686829467,0.0986063087121373,False,True,immune_core,0.0030558399348766,0.15773668434147334,MIXED
CTTAAATAAGACCCAT-1,7646,18210,-0.9913531565245204,-0.0538203147789063,1.1328241648975177,False,False,other,0.0134036466594195,-0.02691015738945315,STROMA
CTTAACTTCGAAGTAC-1,4904,12094,-0.8002963608025098,-0.320427463552867,-0.4998914938025068,False,False,other,0.0021118937832194,-0.1602137317764335,MIXED
CTTAAGCAGCGAGCCG-1,12763,18900,0.6209030996125631,0.5199726098710195,-0.3582814873009766,True,True,interface,0.0386268284735151,0.2599863049355097,MIXED
CTTACACGGTATTCCA-1,8836,14139,1.2369549655346646,0.910457630814608,2.1214373276061775,True,True,interface,0.0120059584321608,0.455228815407304,IMMUNE_EXHAUSTED
CTTACACTGGGAAATA-1,5884,13793,-0.8130148728374643,-0.320427463552867,-0.2936171502623584,False,False,other,0.0128827216202861,-0.1602137317764335,MIXED
CTTAGCCCGGATAGTG-1,8040,18211,-0.0133406251293603,-0.320427463552867,-0.1805769930556146,False,False,other,0.0050579155457545,-0.1602137317764335,MIXED
CTTAGCCTTCCACATG-1,7073,10402,0.0745651098937824,-0.1522170808765231,0.4295531508183279,False,False,interface,0.0054956795486103,-0.07610854043826155,MIXED
CTTAGGTCCCAATCGT-1,7282,4859,0.022649043524765,-0.320427463552867,-0.3646128924297698,False,False,interface,0.0120527159462732,-0.1602137317764335,MIXED
CTTAGTAGGCCTACAG-1,9047,7691,0.1989886027454336,0.1355827212110617,-0.325366929360256,False,False,interface,0.0134544382632469,0.06779136060553086,MIXED
CTTAGTGTAGTAGCAT-1,14752,9853,-0.6162851889425005,0.3549066387331724,-0.1758976018340359,False,True,immune_core,0.0130636878383936,0.1774533193665862,MIXED
CTTATAGATGGCTGTT-1,14761,5780,-0.87080973948148,-0.1522170808765231,0.2870283126168769,False,False,other,0.0007829792212746,-0.07610854043826155,MIXED
CTTATGCGCTCAGGGC-1,11190,17991,1.636593694352829,-0.0326276614652821,0.0155549962790972,True,False,interface,0.0735295215360916,-0.01631383073264105,TUMOR
CTTATGTTGACTACCA-1,5288,16168,-0.6491076069444611,-0.320427463552867,0.6899530733245723,False,False,other,0.000338252301067,-0.1602137317764335,STROMA
CTTCAACTCCACTTGG-1,14356,10531,-0.3122481703798416,-0.320427463552867,0.2301721558653125,False,False,other,0.0061685365102794,-0.1602137317764335,MIXED
CTTCAGTGGTCGCCTA-1,13357,17204,0.8206289397435177,0.3154733686829467,0.633324325930564,True,True,interface,0.0210724006270377,0.15773668434147334,STROMA
CTTCATAGCTCAAGAA-1,6472,15039,-0.1149986489063053,-0.0538203147789063,-0.1255693944781071,False,False,other,0.0011608345216107,-0.02691015738945315,MIXED
CTTCATTGTCAGTGGA-1,9824,12445,1.5223921577321085,1.5873357028218291,0.4956539405794161,True,True,interface,0.1872311917518228,0.7936678514109146,IMMUNE_EXHAUSTED
CTTCCGCTCCGTGAAG-1,13759,13585,-0.7436817272064806,-0.1522170808765231,-0.5987032561734313,False,False,other,0.0982663072422615,-0.07610854043826155,MIXED
CTTCGATTGCGCAAGC-1,16131,9291,-0.0521804291913993,0.3574529404143807,-0.5627562926817552,False,True,immune_core,0.0045165190628127,0.17872647020719035,MIXED
CTTCGGCCAATTGTTT-1,12593,6794,-0.420441093339039,0.1357244304709254,-0.5298417347410346,False,False,other,0.003076750892636,0.0678622152354627,MIXED
CTTCGTAGATAGGTGA-1,10411,14143,0.0319889771219995,-0.320427463552867,-0.0078498460497847,False,False,interface,0.304109924152001,-0.1602137317764335,MIXED
CTTCGTGCCCGCATCG-1,2728,16728,-0.87080973948148,-0.320427463552867,-0.5545246203990845,False,False,other,8.392205520611977e-05,-0.1602137317764335,MIXED
CTTCTATGTTGAAGTA-1,11785,16069,0.9482337093201358,-0.0326276614652821,-0.1482474860604249,True,False,interface,0.0023183575143152,-0.01631383073264105,TUMOR
CTTCTATTAATGCTAG-1,12774,13922,0.2180381249392202,0.0488662199089858,0.1233274303449587,False,False,interface,0.0169908250911367,0.0244331099544929,MIXED
CTTCTTACGTCGTATA-1,5493,12435,-0.6382456667963753,-0.320427463552867,-0.5734324064564824,False,False,other,0.0052683594715962,-0.1602137317764335,MIXED
CTTGACCCGAAAGATA-1,4508,12772,0.0953792915759475,-0.1522170808765231,0.1754583357701362,False,False,other,0.0152217240008178,-0.07610854043826155,MIXED
CTTGAGGTTATCCCGA-1,5091,16507,-0.468948176377575,-0.0538203147789063,-0.3281321693688031,False,False,other,0.0011457300268007,-0.02691015738945315,MIXED
CTTGAGTTAGGGTAAT-1,10423,8712,1.4614822505663196,0.2884100493568959,0.7449787292419329,True,True,interface,0.3330441665356117,0.14420502467844795,TUMOR
CTTGCAACCGCCTCCT-1,11194,16407,0.5672214278705379,-0.320427463552867,0.0530509706541052,True,False,interface,0.0659088600527968,-0.1602137317764335,MIXED
CTTGCCCAGGCTCTAC-1,11595,13014,-0.2212767470595353,-0.1522170808765231,0.0697204201087392,False,False,interface,0.0232212376498637,-0.07610854043826155,MIXED
CTTGGCCAAGCTGGGA-1,14745,12795,-0.0689077601535,0.2339794873086786,-0.2051273747258963,False,True,immune_core,0.0062068457476605,0.1169897436543393,MIXED
CTTGTACTTGTTGACT-1,6869,13456,-0.1185677265522725,-0.1522170808765231,0.76803641140161,False,False,interface,0.0214308083964205,-0.07610854043826155,STROMA
CTTGTCAACATTCGAG-1,12582,11772,-0.3281957590446085,-0.320427463552867,-0.2132076255901827,False,False,interface,0.0404668272218728,-0.1602137317764335,MIXED
CTTGTCGTACGTGTCA-1,3125,15371,-0.6722624555044977,-0.320427463552867,0.1595813905776853,False,False,other,7.599825065691569e-05,-0.1602137317764335,MIXED
CTTGTGAGGACAGCGG-1,3906,18088,-0.8642251442495211,-0.320427463552867,1.1373928008407712,False,False,other,0.0009027597730847,-0.1602137317764335,STROMA
CTTGTGAGTCTTTGAC-1,4700,15375,-0.1753758288554858,0.0488662199089858,-0.1382884420154152,False,False,other,0.0055938766976059,0.0244331099544929,MIXED
CTTGTGCTCACCGATT-1,7077,8592,-0.2930445550750588,-0.0538203147789063,-0.4619942638459764,False,False,interface,0.0032290020234717,-0.02691015738945315,MIXED
CTTGTTGCTGAGTCAA-1,10223,10183,2.6295578482403044,0.5217792893962635,0.0457488057860996,True,True,interface,0.705598110255544,0.26088964469813175,MIXED
CTTGTTTATGTAGCCA-1,6273,16057,-0.6162851889425005,-0.320427463552867,0.2947714733285665,False,False,other,0.0018194325441934,-0.1602137317764335,MIXED
CTTTAACTTTCAAAGG-1,7267,11647,0.2289400001311601,-0.0538203147789063,0.2493867758065104,False,False,interface,0.0017889197725335,-0.02691015738945315,MIXED
CTTTAATATTGGTCGA-1,12780,10980,-0.4118725141515034,-0.0538203147789063,-0.6316178141141519,False,False,interface,0.117001580020821,-0.02691015738945315,MIXED
CTTTACCGAATAGTAG-1,12586,9735,-0.3984347976986048,-0.1522170808765231,-0.4121221863127121,False,False,other,0.0054370018180511,-0.07610854043826155,MIXED
CTTTAGGAACACTGTT-1,10815,9392,0.2553660475177315,-0.0538203147789063,0.4719312873428055,False,False,interface,0.0239990043558091,-0.02691015738945315,MIXED
CTTTAGTGCTATTATT-1,11400,11995,1.331882693698289,-0.1522170808765231,0.9210422291066483,True,False,interface,0.0847761598404476,-0.07610854043826155,TUMOR
CTTTCTGTGCGGGCTT-1,13369,11773,0.7178730674038013,-0.1522170808765231,-0.6069349284561023,True,False,interface,0.0081367079559221,-0.07610854043826155,TUMOR
CTTTGACGTCGCTTCT-1,11384,19236,1.015536224509113,-0.1522170808765231,0.0203853206693571,True,False,interface,0.0328063901527234,-0.07610854043826155,TUMOR
CTTTGCATCGCTCTTG-1,14557,8608,-0.7436817272064806,0.2884100493568959,-0.5290562471190032,False,True,immune_core,0.0302370389954666,0.14420502467844795,MIXED
CTTTGCTGTCATGGAT-1,12202,5435,0.2356620390761584,0.8406440142358809,-0.2671815217025865,False,True,other,0.0935370932143019,0.42032200711794043,IMMUNE_EXHAUSTED
CTTTGGCGCTTTATAC-1,9026,17195,0.3478648426015747,-0.320427463552867,0.2679968878501688,False,False,other,0.0146217907772627,-0.1602137317764335,MIXED
CTTTGGCTTTAGTAAA-1,9032,14706,0.8309155683244834,-0.320427463552867,1.3749786941096682,True,False,interface,0.080454968711548,-0.1602137317764335,TUMOR
CTTTGGGATTGTTGCA-1,14939,14266,0.1581677827966652,-0.1522170808765231,0.8542634246227896,False,False,interface,0.0499149025669788,-0.07610854043826155,STROMA
CTTTGTCGAATGCTCC-1,13945,18450,-0.2732374395144862,-0.320427463552867,0.3239965294396635,False,False,other,0.0071505204727693,-0.1602137317764335,MIXED
GAAACAGATGACCACC-1,10620,8826,0.9167338347290008,0.4544474460506791,0.5266039788650584,True,True,interface,0.016720544942701,0.22722372302533955,MIXED
GAAACAGCCATGCAGT-1,5297,12321,-0.5273940422003892,-0.320427463552867,0.4765826053929295,False,False,other,0.0014381954757523,-0.1602137317764335,MIXED
GAAACATAGGAAACAG-1,14539,16980,0.1852564180112363,0.1355827212110617,0.3327818887287098,False,False,other,0.0066914161825644,0.06779136060553086,MIXED
GAAACCATGGTGCGCT-1,8065,6897,-0.0471585401972446,0.0488662199089858,-0.5807549930424943,False,False,interface,0.0078654000350568,0.0244331099544929,MIXED
GAAACCGAATTACCTT-1,11594,13467,-0.0971290115595272,-0.1522170808765231,0.2772321981323818,False,False,other,0.0054925023278838,-0.07610854043826155,MIXED
GAAACCTATACAAATG-1,14547,13360,0.1825239436529391,1.147337588849789,0.2958037481836214,False,True,interface,0.0268954911959969,0.5736687944248945,IMMUNE_EXHAUSTED
GAAACTCGTGCGATGC-1,8240,16514,0.4667785884809066,0.6032731707705316,0.4555147586213289,True,True,interface,0.0216259586073846,0.3016365853852658,IMMUNE_ACTIVE
GAAACTCTAATGAAGG-1,5300,10964,-0.8130148728374643,0.0488662199089858,-0.7353305906591517,False,False,other,0.0022740062954249,0.0244331099544929,MIXED
GAAAGAACAGCGTTAT-1,10032,7580,0.990891777008401,0.0159933017998207,-0.1052833374999171,True,False,interface,0.0210968077796851,0.00799665089991035,TUMOR
GAAAGCAGTGCACTTT-1,13760,13132,0.0510664950946543,-0.0538203147789063,-0.6757964498884991,False,False,interface,0.0700962685555199,-0.02691015738945315,MIXED
GAAAGCCCTTTGGACC-1,9618,16856,0.3060869557842584,-0.320427463552867,0.0820832199828334,False,False,other,0.0099880829172076,-0.1602137317764335,MIXED
GAAAGTGACTAACTGC-1,7652,15721,0.0770860904204329,-0.1522170808765231,1.4361291748369225,False,False,other,0.0016687055590199,-0.07610854043826155,STROMA
GAAATACCTGCTGGCT-1,4122,9603,-0.4245910261864579,-0.320427463552867,-0.1728335783870051,False,False,other,0.0147114458091533,-0.1602137317764335,MIXED
GAAATACTAAACGTTT-1,6271,16736,-0.5353354737384481,-0.320427463552867,-0.0363270599447777,False,False,other,0.0013767871420236,-0.1602137317764335,MIXED
GAAATATCACCATCAG-1,9225,16629,0.2544202820320834,0.4330995591637024,0.2644020858744101,False,True,interface,0.051486536862386,0.2165497795818512,MIXED
GAAATATGCTTGAATG-1,5900,6779,-0.3595795033565568,-0.320427463552867,-0.6546329958490664,False,False,other,0.0039680515480967,-0.1602137317764335,MIXED
GAAATCGCGCGCAACT-1,6283,11532,-0.3396230957646438,-0.320427463552867,-0.2732391838449573,False,False,other,0.0039087849677595,-0.1602137317764335,MIXED
GAAATCTGACCAAGTT-1,6266,18999,-0.5324159311945439,-0.320427463552867,-0.1805769930556146,False,False,other,0.0004357174074565,-0.1602137317764335,MIXED
GAAATGGCGGTGTTAG-1,8641,13347,1.4694329923715073,-0.320427463552867,0.6962263076331787,True,False,interface,0.0696804676736167,-0.1602137317764335,TUMOR
GAAATGGGATGTAAAC-1,5286,17299,-0.3934129087044501,0.1355827212110617,0.8910390497765687,False,False,other,0.0069862187257342,0.06779136060553086,STROMA
GAAATTAGCACGGATA-1,6290,8364,-0.5382813220085587,-0.320427463552867,-0.2497265846259211,False,False,interface,0.0280093581945109,-0.1602137317764335,MIXED
GAAATTCACATCGCTG-1,5294,13679,-0.850600739191554,0.1892425577380367,-0.4227983000874394,False,True,immune_core,0.0046619376944176,0.09462127886901835,MIXED
GAAATTGTCTCTATAA-1,11201,13240,1.8470429536285125,0.8645766600240762,0.7844627631383796,True,True,interface,0.5795917628727285,0.4322883300120381,IMMUNE_EXHAUSTED
GAACAACTGGGATGAA-1,15933,9630,-0.0493361268976057,0.5048764046729147,-0.5487495207984325,False,True,immune_core,0.0405475962621463,0.25243820233645736,MIXED
GAACACACATCAACCA-1,7066,13570,0.06688478499877,0.0701449498350903,0.1025546155764454,False,False,interface,0.0216213166017105,0.03507247491754515,MIXED
GAACAGATTACTAAAT-1,13961,11209,-0.7302440107535821,-0.320427463552867,-0.3503323775600248,False,False,interface,0.0484883812889086,-0.1602137317764335,MIXED
GAACATTAGTATGTTA-1,5509,5420,-0.9913531565245204,-0.320427463552867,-0.5101484610616053,False,False,other,0.0016224068716544,-0.1602137317764335,MIXED
GAACCATCTGGGAGAC-1,3523,13109,-0.7300573221485134,-0.1522170808765231,-0.3679435505383652,False,False,other,0.0001356223693499,-0.07610854043826155,MIXED
GAACCCTCTGTGTTCT-1,14354,11663,-0.3354030189398782,-0.320427463552867,-0.4619942638459764,False,False,other,0.0545776441945793,-0.1602137317764335,MIXED
GAACCTCGACCTACAC-1,10796,18217,0.5116518560906645,0.0159933017998207,0.2064127741698237,True,False,interface,0.0037311912862515,0.00799665089991035,MIXED
GAACCTTTAACGATCC-1,15144,10307,-0.602929309873514,-0.1522170808765231,-0.3520906280579376,False,False,other,0.0108761333075294,-0.07610854043826155,MIXED
GAACGACCGAATGATA-1,6478,12098,0.6048555949282021,0.2321728077834345,0.2237330358029109,True,True,immune_core,0.0413597078170007,0.11608640389171725,TUMOR
GAACGATAAGTTAAAG-1,8068,5313,0.2912948350914791,-0.1522170808765231,-0.911235546745144,False,False,other,0.007573204181545,-0.07610854043826155,MIXED
GAACGCGGGTCACACG-1,12200,6340,-0.3984347976986048,0.2862370633743352,-0.6176110422308293,False,True,immune_core,0.0460589284253303,0.1431185316871676,MIXED
GAACGTCTCATGGTCG-1,8847,9388,0.4945751630732976,0.1355827212110617,-0.200270266735044,True,False,other,0.0519161244737939,0.06779136060553086,MIXED
GAACGTTAGGAAGACG-1,9223,17534,0.3913946627318895,0.1892425577380367,-0.2691317881674407,False,True,immune_core,0.012835244867128,0.09462127886901835,MIXED
GAACTGTGGAGAGACA-1,16125,11780,-0.0013124177713573,-0.1522170808765231,0.93271004625057,False,False,interface,0.0016134653128782,-0.07610854043826155,STROMA
GAACTTGTGCACGGGA-1,6297,5196,-0.9913531565245204,-0.0538203147789063,-0.7353305906591517,False,False,other,0.0021963878094076,-0.02691015738945315,MIXED
GAAGAAACGATATTGT-1,14344,15962,1.2062786019457632,0.2339794873086786,0.401089723154731,True,True,interface,0.0342791360983292,0.1169897436543393,TUMOR
GAAGAACGGTGCAGGT-1,5488,14698,-0.8573720230285815,0.3549066387331724,-0.5627562926817552,False,True,immune_core,0.0078517321713802,0.1774533193665862,MIXED
GAAGACTTCAATGCCG-1,3329,11864,0.6706623146748202,-0.0538203147789063,2.11997030452418,True,False,interface,0.0376322924269865,-0.02691015738945315,TUMOR
GAAGCAAGGCAATGTT-1,2930,14353,-0.8130148728374643,-0.320427463552867,-0.4191938989924216,False,False,other,0.0001549253869498,-0.1602137317764335,MIXED
GAAGCCACTGATTATG-1,15535,11439,1.8596896264935088,0.6079506762185527,0.2100383806231203,True,True,interface,0.2390823262072002,0.30397533810927635,IMMUNE_ACTIVE
GAAGCCGGGTAAGCTC-1,7251,18888,-0.9913531565245204,-0.320427463552867,0.9578464069623438,False,False,other,0.0019297540342259,-0.1602137317764335,STROMA
GAAGCCTGCACATTCC-1,14746,12342,-0.158086371109464,-0.320427463552867,-0.5807549930424943,False,False,other,0.0178952468566094,-0.1602137317764335,MIXED
GAAGCGTGAGGAATTT-1,9431,12444,1.5335399356970625,1.2519172694291678,1.4078566184598968,True,True,interface,0.2100746756397342,0.6259586347145839,IMMUNE_EXHAUSTED
GAAGCTCGGACCCGTC-1,13555,16865,1.483295318659563,0.2170766025853298,-0.0402827644551404,True,True,tumor_core,0.0043258569168666,0.1085383012926649,TUMOR
GAAGCTCTTTGCTTAG-1,5479,18771,-0.87080973948148,-0.1522170808765231,0.262712921622981,False,False,other,0.0002002358021331,-0.07610854043826155,MIXED
GAAGCTTGCTGACCGC-1,8440,15270,0.1776438225230098,-0.320427463552867,2.464694343014347,False,False,interface,0.0095354139448949,-0.1602137317764335,STROMA
GAAGGACTAAATTGAA-1,3513,17635,-0.6343130541854624,-0.320427463552867,2.867079558517106,False,False,other,0.0013000632124833,-0.1602137317764335,STROMA
GAAGGAGTCGAGTGCG-1,15730,12458,-0.4935606368524958,-0.0538203147789063,0.8988447401034555,False,False,other,0.0032734709842942,-0.02691015738945315,STROMA
GAAGGCTACCATTGTT-1,7674,5765,-0.4395912057753972,-0.320427463552867,-0.4158835859244914,False,False,other,0.0023808911050377,-0.1602137317764335,MIXED
GAAGGGCATAACCATG-1,4103,17976,-0.9913531565245204,-0.320427463552867,-0.1381978954406376,False,False,other,0.0020405279132137,-0.1602137317764335,MIXED
GAAGTCAGTTGCACTA-1,12974,12678,2.2618447271443194,0.2862370633743352,-0.2839535335944561,True,True,interface,0.1210485328731558,0.1431185316871676,TUMOR
GAAGTCTCCCTAGCGA-1,10029,8938,0.4832845650996941,0.907506910069474,-0.5580769014601766,True,True,immune_core,0.0332615861546761,0.453753455034737,IMMUNE_EXHAUSTED
GAAGTGATTTATCGTG-1,10412,13917,1.0226559896500769,0.6032731707705316,0.5715437745788459,True,True,tumor_core,0.0200259889378093,0.3016365853852658,IMMUNE_ACTIVE
GAAGTGCTGGATAGCT-1,5691,12322,-0.7234727269165546,-0.320427463552867,-0.7246544768844247,False,False,other,0.0018065412143449,-0.1602137317764335,MIXED
GAAGTTTCCACTCAAT-1,9821,14028,-0.1861255430899856,-0.320427463552867,0.3505468415592629,False,False,other,0.0067437806129627,-0.1602137317764335,MIXED
GAATAGACGCGACCCA-1,11013,8827,0.6102638597527088,0.0701449498350903,0.2992323864309507,True,False,interface,0.0144464579375647,0.03507247491754515,TUMOR
GAATAGCATTTAGGGT-1,11807,5887,-0.0674690864634875,-0.1522170808765231,-0.5734324064564824,False,False,interface,0.0036650724101862,-0.07610854043826155,MIXED
GAATAGCCCTGCGGTC-1,6293,6780,-0.7368286059855409,-0.1522170808765231,-0.2921469699023553,False,False,other,0.0017529502262711,-0.07610854043826155,MIXED
GAATAGTGCTCGATTA-1,14543,15170,0.7275138675506081,0.5231170214095163,0.4646291224747998,True,True,interface,0.0146146433250413,0.26155851070475816,MIXED
GAATATTCGGAGTCCC-1,5302,9832,-0.349055758513333,-0.320427463552867,-0.6069349284561023,False,False,other,0.0053391247056512,-0.1602137317764335,MIXED
GAATCGACATGGTCAC-1,7851,14477,1.028004065255816,0.7714835534468755,0.246051202648322,True,True,interface,0.0596089639999234,0.38574177672343773,IMMUNE_ACTIVE
GAATCGCCGGACACGG-1,4898,14583,-0.8642251442495211,-0.1522170808765231,-0.4698101764862601,False,False,other,0.0062690356648878,-0.07610854043826155,MIXED
GAATCTGAACATTCTC-1,11006,11995,-0.2720125803805661,-0.1522170808765231,-0.3761752228210359,False,False,interface,0.0247060152089342,-0.07610854043826155,MIXED
GAATGAAGGTCTTCAG-1,6098,5987,-0.6722624555044977,-0.320427463552867,-0.3528150550268529,False,False,interface,0.0023898515934957,-0.1602137317764335,MIXED
GAATGCCGAAATGACC-1,6861,17303,-0.0904347779953592,-0.320427463552867,0.5406198418050724,False,False,other,0.0060023136431395,-0.1602137317764335,MIXED
GAATGCGAATCGGTTC-1,15142,11438,0.1435708649454418,0.1355827212110617,-0.0552348460021757,False,False,interface,0.06049236630456,0.06779136060553086,MIXED
GAATGGGCTTATCGAC-1,10598,18556,-0.141722575112309,-0.320427463552867,-0.1218578258286545,False,False,other,0.0118525828017043,-0.1602137317764335,MIXED
GAATGTATGGCAGGTC-1,5698,8928,-0.3232184961363873,-0.1522170808765231,-0.4847451073568881,False,False,other,0.0011736364187879,-0.07610854043826155,MIXED
GAATGTGGTCCGGATT-1,11208,10072,0.205015851342128,0.4558497065119976,-0.1369863213401669,False,True,interface,0.0093145982394662,0.2279248532559988,MIXED
GAATGTTGGGTAATCT-1,7267,11421,-0.0227200667919371,-0.320427463552867,-0.396178717257507,False,False,interface,0.0362143728342803,-0.1602137317764335,MIXED
GAATTATAGTGAAAGG-1,9433,11539,0.9014215088959048,0.1143900678974375,-0.3632641593167864,True,False,interface,0.042176167234125,0.05719503394871875,TUMOR
GAATTCACCCGGGTGT-1,11989,13015,0.6016787426146947,-0.320427463552867,-0.7164228046017538,True,False,interface,0.080848492156974,-0.1602137317764335,TUMOR
GAATTTCTCGCTGCAG-1,8242,15835,0.3485307739530331,0.6032731707705316,1.2730473638209232,False,True,immune_core,0.0250509614562971,0.3016365853852658,IMMUNE_ACTIVE
GACAAACATATGCAGG-1,11409,7922,0.4247759494377871,-0.320427463552867,-0.2691317881674407,True,False,interface,0.0311799403370167,-0.1602137317764335,MIXED
GACAACGACCATTGAA-1,7663,10516,0.1640201714690405,-0.320427463552867,0.0684560296894642,False,False,other,0.0084693080270124,-0.1602137317764335,MIXED
GACAACGCAGCTTACG-1,6673,13116,0.5019718704621593,-0.0326276614652821,0.538335526598205,True,False,interface,0.0015457913567049,-0.01631383073264105,MIXED
GACAAGAGATGAGATT-1,13775,6117,-0.448739176087649,0.4394386332969433,0.3410633752818658,False,True,immune_core,0.0140382929273789,0.21971931664847166,MIXED
GACACAAGGGAAGAAA-1,8646,11084,1.1989740606658932,-0.0538203147789063,0.4665307977622705,True,False,interface,0.0989891572611108,-0.02691015738945315,TUMOR
GACACGAGTTAGAGGA-1,6469,16397,-0.609513905105473,-0.320427463552867,0.1376879324709605,False,False,other,0.0003940290085403,-0.1602137317764335,MIXED
GACACTGAGTTCAGTG-1,11396,14032,-0.0729541105180133,-0.320427463552867,-0.4665788989448126,False,False,interface,0.0063040084322969,-0.1602137317764335,MIXED
GACACTGGAACCCGAT-1,12987,6795,-0.4462293038757807,-0.1522170808765231,-0.5872416547766728,False,False,other,0.0002809234470273,-0.07610854043826155,MIXED
GACAGATTTCTGGCTC-1,11386,18331,1.0269651377041742,-0.320427463552867,0.1037804335915564,True,False,interface,0.0135142867421267,-0.1602137317764335,TUMOR
GACAGCCAGACCTGAC-1,11012,9506,1.8276425142793484,0.1355827212110617,0.6772390970495368,True,False,interface,0.1325125695521339,0.06779136060553086,TUMOR
GACAGGCACACACTAT-1,10209,16745,-0.2633808441655555,-0.320427463552867,-0.0337042862983508,False,False,interface,0.012910516586721,-0.1602137317764335,MIXED
GACATACTGTCGCAGA-1,6859,18208,-0.7234727269165546,-0.320427463552867,-0.2572957147897521,False,False,other,0.0006106778449111,-0.1602137317764335,MIXED
GACATCCGTCGAACTG-1,15536,11213,0.622904257902193,0.2170766025853298,-0.4227983000874394,True,True,interface,0.0153990016685703,0.1085383012926649,TUMOR
GACATCGATTTATAAC-1,12972,13583,0.3537689657502483,-0.320427463552867,0.5387575239179784,False,False,interface,0.025826511946352,-0.1602137317764335,MIXED
GACCAAACGTTGACTG-1,14167,7023,-0.9913531565245204,-0.0326276614652821,-0.7935159983168215,False,False,other,0.0117764264070894,-0.01631383073264105,MIXED
GACCAGAGCCCTGTAG-1,8837,13913,1.444439277725244,0.1355827212110617,0.7045997576481875,True,False,interface,0.0106480423418549,0.06779136060553086,TUMOR
GACCCAATTATGATAC-1,13358,16978,1.593547962917104,-0.320427463552867,1.651732400692253,True,False,interface,0.0377789732832746,-0.1602137317764335,TUMOR
GACCCGTCGCCGGCTA-1,4509,12546,-0.87080973948148,-0.1522170808765231,-0.6176110422308293,False,False,other,0.0009311201453898,-0.07610854043826155,MIXED
GACCGACGTGAAAGCA-1,10231,6562,1.1844479206807743,0.0701449498350903,0.9288657611199956,True,False,interface,0.0114064282568399,0.03507247491754515,TUMOR
GACCGACTGAAGCGTC-1,9421,16743,-0.0027730554906399,0.2321728077834345,0.0301792181429804,False,True,interface,0.0380862062769996,0.11608640389171725,MIXED
GACCGCGTCTGACGTG-1,12593,6567,-0.5653434435194244,-0.1522170808765231,-0.7935159983168215,False,False,other,0.0011967455009481,-0.07610854043826155,MIXED
GACCGTCAGGTCGTGA-1,5302,10059,-0.87080973948148,-0.320427463552867,-0.6546329958490664,False,False,other,0.0057607564562257,-0.1602137317764335,MIXED
GACCGTGCTGACGGTG-1,10610,13351,1.948167468184596,0.3852869852616737,0.2115872383024642,True,True,interface,0.0629895842049972,0.19264349263083685,MIXED
GACCGTTACATGCGAC-1,10205,18555,0.2885961297041239,-0.320427463552867,0.5158504669336222,False,False,interface,0.0145826446623505,-0.1602137317764335,MIXED
GACCTTCCACGTCTAC-1,15734,10874,-0.4608132761323318,-0.0538203147789063,-0.0365980846874402,False,False,interface,0.187229391885786,-0.02691015738945315,MIXED
GACGACGATCCGCGTT-1,12977,11320,0.4831108724890632,-0.320427463552867,0.5144708331483968,True,False,interface,0.0073752290248482,-0.1602137317764335,MIXED
GACGAGGCTAATAAAC-1,13771,7928,-0.4000510068048337,0.5256633230907246,0.7822946198323502,False,True,immune_core,0.0379374653029818,0.2628316615453623,STROMA
GACGCCGTAAAGGCTA-1,13366,13131,-0.4891571766675012,-0.320427463552867,-0.6757964498884991,False,False,interface,0.0460742250365012,-0.1602137317764335,MIXED
GACGCCTGTTGCAGGG-1,4896,15715,-0.6924714557944238,-0.1522170808765231,-0.0490481963071017,False,False,other,0.0006064616358256,-0.07610854043826155,MIXED
GACGCTTGCTTCTAAA-1,10212,15161,0.2342776652918553,0.3549066387331724,-0.0938217361031585,False,True,immune_core,0.0203075637633297,0.1774533193665862,MIXED
GACGGACCGCGTTCCT-1,3524,12657,-0.87080973948148,-0.320427463552867,0.0400785943487865,False,False,other,0.0001664335637861,-0.1602137317764335,MIXED
GACGGGATGTCTTATG-1,2926,16389,-0.7436817272064806,0.0488662199089858,-0.4191938989924216,False,False,other,0.0010127998055776,0.0244331099544929,MIXED
GACGGGTTGGCCCGTA-1,14744,13474,0.434126192759491,1.2470201054271597,0.022231471266462,True,True,interface,0.0669385281399398,0.6235100527135798,IMMUNE_EXHAUSTED
GACGGTCAATAGAAGC-1,8653,7916,0.9665467866907388,-0.320427463552867,-0.2190189032432683,True,False,tumor_core,0.0217774172336662,-0.1602137317764335,TUMOR
GACGGTCCTAGGGTGT-1,11219,5094,-0.0435894625512774,-0.0538203147789063,-0.5138982656858294,False,False,other,0.0061153338407564,-0.02691015738945315,MIXED
GACGTGAGACTCCATG-1,4305,15826,-0.4868283906999123,-0.1522170808765231,-0.1805769930556146,False,False,other,0.0003876607897339,-0.07610854043826155,MIXED
GACGTGTAGGGATTAT-1,8242,15609,-0.87080973948148,-0.320427463552867,-0.6757964498884991,False,False,interface,0.0707169408702865,-0.1602137317764335,MIXED
GACGTTCGTAAATACA-1,7476,6104,-0.5382813220085587,0.2862370633743352,-0.5987032561734313,False,True,immune_core,0.0236369282851912,0.1431185316871676,MIXED
GACTAACACAGCACCT-1,4320,9038,-0.0725983884685187,-0.320427463552867,1.4408925813381157,False,False,other,0.0503562346071222,-0.1602137317764335,STROMA
GACTAAGATCATGCAC-1,7263,13231,0.6699717303909096,0.3579447519226753,0.5978660298698991,True,True,interface,0.0117721223562215,0.17897237596133764,MIXED
GACTAAGTAGGCTCAC-1,8048,14364,0.427370548702687,0.2170766025853298,0.8668112862251226,True,True,interface,0.0363664233616223,0.1085383012926649,STROMA
GACTACAAAGCGGTGG-1,12374,16863,1.952676731942972,1.4601071814057756,1.0505858397246464,True,True,interface,0.2779455016821762,0.7300535907028878,IMMUNE_EXHAUSTED
GACTACAATTGCTCGT-1,4318,9943,-0.9913531565245204,-0.320427463552867,-0.1892491669010482,False,False,interface,0.0121286667583929,-0.1602137317764335,MIXED
GACTAGGCCGTTAGGT-1,15735,10421,-0.7300573221485134,-0.320427463552867,-0.4760010357292991,False,False,other,0.014033530814762,-0.1602137317764335,MIXED
GACTCACCCACGTGAG-1,10230,7241,0.2644814260826652,0.0488662199089858,0.2833426285284025,False,False,interface,0.0152608960446573,0.0244331099544929,MIXED
GACTCCCAGAATAAGG-1,8065,6671,-0.19530160078571,-0.0326276614652821,0.86640852635621,False,False,other,0.0019903867488188,-0.01631383073264105,STROMA
GACTCCTTCCAATTGA-1,13749,18110,0.1046670751814272,0.6452527425019656,0.2787979887615658,False,True,interface,0.0677651190603396,0.3226263712509828,IMMUNE_ACTIVE
GACTCGCGGGAATGAC-1,8258,8368,0.152514949476473,-0.320427463552867,0.0645257204689325,False,False,other,0.0148743267762184,-0.1602137317764335,MIXED
GACTCGGTCGGCGGAT-1,4521,7115,-0.6343130541854624,-0.320427463552867,-0.7353305906591517,False,False,other,0.00177277405512,-0.1602137317764335,MIXED
GACTGATTGGTCACAA-1,4519,7794,-0.7789980841293419,-0.320427463552867,-0.6316178141141519,False,False,other,0.0086341619911112,-0.1602137317764335,MIXED
GACTGCAAATCGAGCT-1,14356,10757,0.0742417881266393,0.0159933017998207,-0.6378992199319686,False,False,other,0.0011266954534309,0.00799665089991035,MIXED
GACTGCACCAGCCCAG-1,11798,10186,1.7780079306529826,0.6913274040858602,0.0565243001279747,True,True,interface,0.1969796705041325,0.3456637020429301,IMMUNE_ACTIVE
GACTGCGGCACGTGTA-1,8041,17532,-0.1320887398129555,-0.320427463552867,0.4390398357602737,False,False,other,0.0014365753531916,-0.1602137317764335,MIXED
GACTGGGCGCCGCAAC-1,3927,8585,-0.8130148728374643,-0.320427463552867,-0.216721480110423,False,False,other,0.0119951539628486,-0.1602137317764335,MIXED
GAGAACGGTTCTGACT-1,15938,7593,0.6226555546750395,0.2321728077834345,-0.7493373625424743,True,True,interface,0.0174457598089662,0.11608640389171725,TUMOR
GAGAATCTCACGATCA-1,8826,18665,-0.5273940422003892,-0.320427463552867,0.6023084309683174,False,False,other,0.0020246980323648,-0.1602137317764335,STROMA
GAGACCCTGCAACGCC-1,4916,6664,-0.6545220544753885,-0.320427463552867,-0.7935159983168215,False,False,other,0.0001522739827942,-0.1602137317764335,MIXED
GAGACTGATGGGTAGA-1,8248,12894,1.8052097374513745,2.3704809375913176,1.3094414575995297,True,True,interface,0.3207855576765043,1.1852404687956588,IMMUNE_EXHAUSTED
GAGACTTCGCGACCGA-1,13170,12791,1.638558198188921,-0.1522170808765231,-0.4809837077451089,True,False,interface,0.1574619855464324,-0.07610854043826155,TUMOR
GAGAGCGCAGTCCCTG-1,8236,18550,-0.2948299695152844,0.1357244304709254,-0.0858726263622067,False,False,other,0.0091588146483552,0.0678622152354627,MIXED
GAGAGGGCGCGAGGTT-1,10213,14708,0.4328806163008544,0.2862370633743352,-0.1813624806776459,True,True,interface,0.0077641916502016,0.1431185316871676,MIXED
GAGAGGTGCATTCTGG-1,11391,16068,1.0941104889313629,0.6215137875071332,0.0110524157195811,True,True,interface,0.0208082251272993,0.3107568937535666,IMMUNE_ACTIVE
GAGATCTGCTTGGCAT-1,9427,14254,0.2730583665195135,0.6881829925473634,0.4599645403311359,False,True,other,0.0479867880445531,0.3440914962736817,IMMUNE_ACTIVE
GAGATCTGTCACTCCG-1,8647,10858,0.306239045703876,-0.0326276614652821,-0.2029046353690259,False,False,interface,0.0433658009700655,-0.01631383073264105,MIXED
GAGATCTTCCATGACA-1,11600,10525,1.0874675614023237,0.5262968438588829,-0.1547341477946035,True,True,interface,0.0868760327323618,0.26314842192944143,MIXED
GAGATGACAATCCTTA-1,8068,5539,-0.5071850419104631,-0.320427463552867,-0.5298417347410346,False,False,other,0.0029517161506204,-0.1602137317764335,MIXED
GAGATGGGAGTCGACA-1,12977,11094,0.0289919942150744,0.2884100493568959,-0.3564819491416067,False,True,interface,0.0270923817976431,0.14420502467844795,MIXED
GAGCACCTGTGTCCAG-1,14160,10191,-0.582720309583588,-0.320427463552867,-0.3679435505383652,False,False,other,0.0090970640432871,-0.1602137317764335,MIXED
GAGCACGGCGCCTCTT-1,11021,5433,-0.2176724286025677,-0.320427463552867,-0.7246544768844247,False,False,other,0.0078008710888834,-0.1602137317764335,MIXED
GAGCATCATCCCTGGG-1,5095,14697,-0.2841132288318656,-0.320427463552867,-0.6316178141141519,False,False,other,0.0048089134517416,-0.1602137317764335,MIXED
GAGCCACGGTAGTAGG-1,4506,13904,-0.9913531565245204,-0.320427463552867,-0.4458517177971255,False,False,other,0.0003082452372873,-0.1602137317764335,MIXED
GAGCCAGCTACCTGTG-1,13178,9171,0.2908572756580722,-0.320427463552867,-0.2362172302267202,False,False,other,0.0244956160859877,-0.1602137317764335,MIXED
GAGCCGAGCGTTTATT-1,5308,7117,-0.6097005937105415,-0.320427463552867,-0.911235546745144,False,False,other,0.0001357845453575,-0.1602137317764335,MIXED
GAGCGAGGGAGTACCG-1,5493,12661,-0.5584903222984847,0.4330995591637024,-0.305078751659117,False,True,immune_core,0.0189449375119088,0.2165497795818512,MIXED
GAGCGCAAATACTCCG-1,12789,7134,-0.2217127231177774,-0.1522170808765231,-0.6069349284561023,False,False,other,0.0064976360245801,-0.07610854043826155,MIXED
GAGCGCGCACGAGTAG-1,12392,8717,-0.4755327716095339,-0.0538203147789063,0.2349799436064638,False,False,interface,0.0203342441618003,-0.02691015738945315,MIXED
GAGCGCTATGTCAGGC-1,2727,16954,-0.9913531565245204,-0.320427463552867,-0.0675623761633065,False,False,other,0.0001929108249869,-0.1602137317764335,MIXED
GAGCGCTGTTAGGTAA-1,14737,16641,0.2669224398966545,0.1355827212110617,0.3583495905748846,False,False,interface,0.0149185800321738,0.06779136060553086,MIXED
GAGCTAAGGGCATATC-1,8452,9839,-0.5988032285554169,-0.1522170808765231,-0.1052833374999171,False,False,other,0.0436273297151595,-0.07610854043826155,MIXED
GAGCTCTCGGACCTAA-1,5684,15490,-0.3265087371319427,0.4003831904597785,0.4726981905575615,False,True,immune_core,0.024251671077485,0.20019159522988925,MIXED
GAGCTGTCGTCTCGGA-1,6687,7007,-0.5611935106720057,-0.320427463552867,-0.5298417347410346,False,False,other,0.0001979883718943,-0.1602137317764335,MIXED
GAGGAATGGAGAGGTT-1,8045,15722,0.3373778327210342,0.4003831904597785,0.9405036202974824,False,True,immune_core,0.0070698604527755,0.20019159522988925,STROMA
GAGGAGATCCTCATGC-1,5087,18317,-0.87080973948148,-0.320427463552867,0.0990407395753771,False,False,other,0.0005414595029328,-0.1602137317764335,MIXED
GAGGAGTAATTCCTAC-1,3129,13561,-0.9913531565245204,0.2321728077834345,-0.911235546745144,False,True,immune_core,0.0062311129844734,0.11608640389171725,MIXED
GAGGATAAACAGTGCT-1,10625,6337,0.0106732557602646,0.7436495085995825,-0.2936171502623584,False,True,other,0.2391182182893108,0.3718247542997912,IMMUNE_ACTIVE
GAGGCATTTGCAGCAG-1,5902,5648,-0.7234727269165546,-0.320427463552867,-0.342100705277354,False,False,interface,0.0002175495689287,-0.1602137317764335,MIXED
GAGGCCCGACTCCGCA-1,13555,16639,1.513195450676874,-0.1522170808765231,-0.129339700003027,True,False,interface,0.0386755951324423,-0.07610854043826155,TUMOR
GAGGCCTGTTGATACA-1,15151,7139,-0.0943834322654599,0.8109168234971013,-0.6069349284561023,False,True,immune_core,0.0317518950505601,0.40545841174855063,IMMUNE_EXHAUSTED
GAGGCTATCAAAGTCG-1,9619,16178,-0.2445255911262403,-0.0326276614652821,-0.0529963043962578,False,False,other,0.0025284695234268,-0.01631383073264105,MIXED
GAGGGCATCGCGTATC-1,4896,15488,-0.1037731737932737,-0.320427463552867,-0.1381978954406376,False,False,other,0.0049256823948027,-0.1602137317764335,MIXED
GAGGGCCATAATATTA-1,6690,5423,-0.0145945628373097,0.3574529404143807,-0.1813624806776459,False,True,immune_core,0.0044357554405815,0.17872647020719035,MIXED
GAGGGCGCAGCTCTGC-1,8060,9160,-0.2672683555254135,-0.320427463552867,0.1009910060402314,False,False,other,0.0095728268228286,-0.1602137317764335,MIXED
GAGGTACATCCATCTT-1,5102,11529,-0.5003319206895234,-0.320427463552867,-0.911235546745144,False,False,other,0.001540934429072,-0.1602137317764335,MIXED
GAGGTACGCGTGTCCC-1,15929,11666,0.4312818904656974,0.2170766025853298,0.8659345182696802,True,True,immune_core,0.0086256195747968,0.1085383012926649,STROMA
GAGGTCCCAAAGATCT-1,6272,16283,-0.7302440107535821,-0.320427463552867,0.4185571093653898,False,False,other,0.0006561992779958,-0.1602137317764335,MIXED
GAGTAAACCGGAAAGT-1,12791,6002,-0.602929309873514,-0.320427463552867,-0.1411148266163385,False,False,other,0.0046676214272056,-0.1602137317764335,MIXED
GAGTAAGGCCACGGGA-1,12175,17654,0.6873462549656074,0.4003831904597785,0.0011469688142521,True,True,tumor_core,0.0202390696499416,0.20019159522988925,MIXED
GAGTACGGGTATACAA-1,5686,14359,-0.7502663224384395,-0.320427463552867,-0.0439496585698942,False,False,other,0.0013853628459202,-0.1602137317764335,MIXED
GAGTAGATACTAGTTG-1,14944,12003,-0.4948300648404543,-0.1522170808765231,0.1425369057937994,False,False,other,0.0024814442050289,-0.07610854043826155,MIXED
GAGTATCAAAGTTACA-1,13974,5552,-0.7898600242774277,-0.320427463552867,-0.4430864777885785,False,False,other,0.0022583715969365,-0.1602137317764335,MIXED
GAGTATGCCCGCCTTG-1,12379,14373,-0.205149817341017,-0.320427463552867,-0.279807901942168,False,False,interface,0.0821239495207502,-0.1602137317764335,MIXED
GAGTATGCGCGTGCAT-1,15142,11212,1.3993024441263435,0.8680736400192482,-0.005457524591654,True,True,interface,0.059987406409401,0.4340368200096241,IMMUNE_EXHAUSTED
GAGTCAGACCAGAATC-1,13759,13811,0.0369171341826874,-0.320427463552867,-0.325366929360256,False,False,interface,0.2790347371544273,-0.1602137317764335,MIXED
GAGTCCGCTTACCGGA-1,11792,12675,-0.1079147453913798,0.6913274040858602,0.1183141088806621,False,True,interface,0.1312411212063789,0.3456637020429301,IMMUNE_ACTIVE
GAGTCGACAGACCCTC-1,8434,18211,-0.1378708338191858,-0.320427463552867,0.7221248104737708,False,False,other,0.0091781708520875,-0.1602137317764335,STROMA
GAGTCTTGTAAAGGAC-1,11975,19124,0.3318152664606545,0.4003831904597785,0.4533314591169574,False,True,interface,0.0088756509786328,0.20019159522988925,MIXED
GAGTGCACGGACAACA-1,6888,4858,-0.7234727269165546,-0.0326276614652821,-0.4113366986906808,False,False,other,0.0026052486459581,-0.01631383073264105,MIXED
GAGTGTCAACCAGAAA-1,15145,9854,-0.4812056597824869,-0.320427463552867,-0.3317990634835568,False,False,other,0.0012055320660255,-0.1602137317764335,MIXED
GAGTGTGCGGTACCCA-1,11406,9280,-0.1125159012171632,-0.320427463552867,-0.0011507633224998,False,False,interface,0.3593243433176256,-0.1602137317764335,MIXED
GAGTTCTGTGGGTGCT-1,14338,18903,-0.0093576507225988,-0.320427463552867,-0.536913447420744,False,False,interface,0.0006348477058142,-0.1602137317764335,MIXED
GAGTTGATGGCAATTT-1,12767,17090,0.3750200856203405,-0.320427463552867,0.8229142596425175,False,False,interface,0.1129688484790496,-0.1602137317764335,STROMA
GATAAATCGGTGGATG-1,5686,14585,-0.1700664756474783,-0.320427463552867,0.1564756770611954,False,False,other,0.0018376969771738,-0.1602137317764335,MIXED
GATAACTCGCACTGTG-1,10422,9165,-0.3393639660662785,-0.320427463552867,0.1136685270174489,False,False,interface,0.043924667820259,-0.1602137317764335,MIXED
GATAAGGCAGATGCAA-1,4698,16054,-0.4775406070944324,-0.320427463552867,-0.3503323775600248,False,False,other,0.0001427869952964,-0.1602137317764335,MIXED
GATACCGTGTCGGAGT-1,10825,4866,-0.1677174475202942,-0.1522170808765231,-0.5138982656858294,False,False,other,0.0004024921963127,-0.07610854043826155,MIXED
GATACGATGGGAGTCA-1,11592,14145,-0.0264414616886629,-0.320427463552867,-0.0734010544142513,False,False,other,0.014413010651499,-0.1602137317764335,MIXED
GATAGCGTACCACGCG-1,5085,18996,-0.850600739191554,-0.320427463552867,-0.4417060861448373,False,False,other,0.0009359960700105,-0.1602137317764335,MIXED
GATAGGATTAATTACA-1,10628,4979,-0.2716257515345129,0.3154733686829467,-0.0669648403048087,False,True,immune_core,0.0135672246914196,0.15773668434147334,MIXED
GATAGGTAACGTTGAC-1,12187,12450,-0.2678910201887244,-0.320427463552867,-0.0938217361031585,False,False,interface,0.0109462836919475,-0.1602137317764335,MIXED
GATAGGTGTCCCGGGC-1,10431,5318,-0.2204387740035635,-0.320427463552867,0.0465652560829649,False,False,interface,0.0070984293868686,-0.1602137317764335,MIXED
GATATCAAGCAGGAGC-1,13550,18902,-0.0320410982173544,-0.320427463552867,-0.1621574646122779,False,False,other,0.0057686437517243,-0.1602137317764335,MIXED
GATATCAGTATGTATC-1,4496,18203,-0.8642251442495211,-0.320427463552867,-0.0226715914768001,False,False,other,0.0010425582405969,-0.1602137317764335,MIXED
GATATCTCATGCAATA-1,5099,12660,-0.5205944238478741,-0.1522170808765231,-0.7246544768844247,False,False,other,0.0002802362206838,-0.07610854043826155,MIXED
GATATGAGACACTAAC-1,10420,10070,1.7673064084840386,0.0701449498350903,-0.2240440666964349,True,False,interface,0.3904042448567026,0.03507247491754515,TUMOR
GATATGCGGTAGCCAA-1,6485,8930,-0.87080973948148,-0.320427463552867,-0.2051273747258963,False,False,other,0.01164470721764,-0.1602137317764335,MIXED
GATATGGATTACGCGG-1,8239,17193,0.3822042927556054,-0.320427463552867,0.3193237809666139,False,False,other,0.0073893552429822,-0.1602137317764335,MIXED
GATATTGAGATTGGCG-1,9441,7918,0.0279839234177902,0.5231170214095163,0.0318469220661156,False,True,interface,0.0188811962875605,0.26155851070475816,MIXED
GATATTTCCTACATGG-1,6091,9155,-0.2959740416766885,0.0488662199089858,-0.3061537417856778,False,False,other,0.0033297834639666,0.0244331099544929,MIXED
GATCAACATAAAGGGA-1,14937,15171,0.872901996975062,0.6452527425019656,-0.0524694009904747,True,True,interface,0.0067780710419139,0.3226263712509828,IMMUNE_ACTIVE
GATCATTCCAAACATT-1,8642,12894,1.4821225036154122,0.4021898699850225,1.0280192718498402,True,True,interface,0.0106859621211938,0.20109493499251124,STROMA
GATCCCTTTATACTGC-1,8249,12441,0.8623099886095517,-0.0538203147789063,0.9546614644930944,True,False,interface,0.0497626820807599,-0.02691015738945315,TUMOR
GATCCGAATATAAGTG-1,9840,5204,-0.5451344432294983,-0.320427463552867,-0.087540330285342,False,False,other,0.0032580687997886,-0.1602137317764335,MIXED
GATCCGGGAATTAACA-1,10418,10975,1.0164975271456862,0.5048764046729147,-0.3420946345778311,True,True,interface,0.0605281390536583,0.25243820233645736,MIXED
GATCCTAAATCGGGAC-1,8061,8481,0.5427024915808202,-0.320427463552867,-0.3744806495023458,True,False,tumor_core,0.0008050800421872,-0.1602137317764335,MIXED
GATCCTCGACACTGGC-1,12573,15618,0.4762979298791519,-0.320427463552867,0.7726758410028509,True,False,interface,0.0167527102907002,-0.1602137317764335,STROMA
GATCCTCTTGCGCTTA-1,4121,9830,-0.6477224361228734,0.2862370633743352,-0.0670593458018342,False,True,immune_core,0.0176148087181322,0.1431185316871676,MIXED
GATCGACACTATCTGA-1,8049,13911,0.7775114185385119,-0.320427463552867,-0.149461973274264,True,False,interface,0.0066928314282825,-0.1602137317764335,TUMOR
GATCGCGGGCTCTCCA-1,9822,13350,0.5668123609681764,0.4558497065119976,0.8072889739873556,True,True,interface,0.0507113225026309,0.2279248532559988,STROMA
GATCGCTACCCGATTT-1,12590,8151,1.8085415753265008,0.2170766025853298,0.4070911624886432,True,True,interface,0.0860664105227744,0.1085383012926649,TUMOR
GATCGCTATATCTCAG-1,14737,16415,0.1010730784015731,-0.320427463552867,0.1707705190824277,False,False,interface,0.0171259350143873,-0.1602137317764335,MIXED
GATCGGATAGAACCAT-1,10797,17764,-0.3164515679555954,-0.0326276614652821,-0.1100859178798917,False,False,other,0.0040508893599023,-0.01631383073264105,MIXED
GATCGGCGATAAGTCG-1,6663,17642,-0.8002963608025098,-0.320427463552867,-0.0443688050855231,False,False,other,0.0015473836066687,-0.1602137317764335,MIXED
GATCGGTGGCCATAAC-1,8251,11536,0.6198447226693731,-0.0538203147789063,0.4494702601036201,True,False,interface,0.1066136529875317,-0.02691015738945315,TUMOR
GATCGTGACTGATATC-1,10221,11088,0.4927745052810922,0.1355827212110617,0.2130930005448864,True,False,interface,0.0654351852282799,0.06779136060553086,MIXED
GATCTAACCGTATTCA-1,12961,18561,0.6271337031089692,-0.320427463552867,-0.4695221063483504,True,False,interface,0.0584631396875429,-0.1602137317764335,TUMOR
GATCTCGACGCTGTGG-1,12595,5889,-0.7368286059855409,-0.320427463552867,-0.6176110422308293,False,False,interface,0.2193488930817078,-0.1602137317764335,MIXED
GATCTGCTATCTAAGG-1,14942,12908,-0.30683210133366,-0.320427463552867,-0.4316248763918199,False,False,other,0.0209480562467611,-0.1602137317764335,MIXED
GATCTTCATTGTCCTC-1,6465,18207,-0.7300573221485134,-0.320427463552867,0.1855079263899236,False,False,other,0.0006685057003707,-0.1602137317764335,MIXED
GATCTTGGAGGGCATA-1,11402,11317,0.2290831829912931,-0.1522170808765231,0.5482333475493705,False,False,other,0.0010533893327803,-0.07610854043826155,MIXED
GATCTTTGCAGGGTAT-1,9819,14934,-0.5353354737384481,-0.320427463552867,-0.4009486550538633,False,False,interface,0.0339173566887653,-0.1602137317764335,MIXED
GATCTTTGCTCAAAGA-1,5115,5646,-0.9913531565245204,-0.320427463552867,-0.911235546745144,False,False,interface,0.0020372989913084,-0.1602137317764335,MIXED
GATGACAAGTAGGGCA-1,13952,15508,1.6700424992171432,-0.320427463552867,-0.2808249263655992,True,False,interface,0.2752928286652143,-0.1602137317764335,TUMOR
GATGACGATGATCGCG-1,6491,6441,-0.1538490299439034,-0.320427463552867,-0.1873592032307945,False,False,other,0.0007221914547188,-0.1602137317764335,MIXED
GATGAGGAACCTTCGG-1,15932,10082,-0.4462293038757807,-0.320427463552867,-0.2936171502623584,False,False,other,0.0008931607242315,-0.1602137317764335,MIXED
GATGCCACACTACAGC-1,2732,14918,-0.9913531565245204,-0.320427463552867,-0.2494385144880114,False,False,other,0.001720714601216,-0.1602137317764335,MIXED
GATGCCAGCAGAAGGC-1,7254,17304,-0.5178889383584034,-0.0538203147789063,0.9988649031800576,False,False,other,0.0123716833743129,-0.02691015738945315,STROMA
GATGCCTTCTGCGGCA-1,14144,17658,0.2827368328795025,-0.320427463552867,-0.5487495207984325,False,False,other,0.0041828138040275,-0.1602137317764335,MIXED
GATGCGAATGGTATTA-1,7843,18097,0.3208546024438792,-0.1522170808765231,0.4219850563235311,False,False,other,0.0120341455801539,-0.07610854043826155,MIXED
GATGCGTCCTGCATTC-1,10020,12784,1.1051303286703793,0.7423889573981277,0.0820832199828334,True,True,interface,0.0126375398405094,0.37119447869906386,IMMUNE_ACTIVE
GATGCTACAAGCGCCT-1,6082,13454,-0.3281957590446085,-0.320427463552867,0.2234358057949408,False,False,other,0.006511114803541,-0.1602137317764335,MIXED
GATGCTGTATTTCATC-1,11206,10750,0.3896652411551914,0.8251433899738505,0.5847388577615741,False,True,interface,0.0596915316882004,0.41257169498692525,IMMUNE_EXHAUSTED
GATGGCGCACACATTA-1,6470,15944,-0.5051142574540034,-0.0326276614652821,0.0926868357858865,False,False,other,0.0004189941771276,-0.01631383073264105,MIXED
GATGGTGCCCTAGGCA-1,4710,10397,-0.8642251442495211,-0.320427463552867,-0.6176110422308293,False,False,other,0.0002956749805322,-0.1602137317764335,MIXED
GATGTAACGAACCACC-1,12767,16863,0.7277122006218085,1.0145464259638186,0.5582619415403449,True,True,interface,0.1073325953931879,0.5072732129819093,IMMUNE_EXHAUSTED
GATGTCCGGATCACAT-1,4110,15034,-0.6097005937105415,-0.1522170808765231,-0.6176110422308293,False,False,other,0.0001537920629456,-0.07610854043826155,MIXED
GATGTCGGTCAACTGC-1,4512,10962,-0.775065471518429,-0.1522170808765231,-0.3482502768589359,False,False,other,0.0035723166130088,-0.07610854043826155,MIXED
GATGTGTTGTCACAAG-1,3923,10395,-0.850600739191554,-0.320427463552867,-0.4368050719707619,False,False,other,0.0013480980714417,-0.1602137317764335,MIXED
GATGTTCAATCCACGA-1,10804,14370,0.2528712809535222,-0.1522170808765231,-0.1761856719719456,False,False,interface,0.0522318950222911,-0.07610854043826155,MIXED
GATGTTTGTGCGAGAT-1,6667,15832,-0.4177379049655181,0.1355827212110617,0.2319066744493184,False,False,other,0.0051569942626418,0.06779136060553086,MIXED
GATTAACCGAAAGCCC-1,13573,8719,0.0826211940894394,-0.0538203147789063,1.1597887811208751,False,False,interface,0.0155142228061515,-0.02691015738945315,STROMA
GATTAATCCTGGCTCA-1,3517,16051,-0.602929309873514,-0.320427463552867,-0.7935159983168215,False,False,other,0.0023136769122723,-0.1602137317764335,MIXED
GATTACTGAATTTGGG-1,10803,14823,0.5183730982988608,0.1355827212110617,-0.6069349284561023,True,False,interface,0.0027296642814525,0.06779136060553086,MIXED
GATTCCCTTGTCGCAG-1,7661,11648,0.8661931024360147,-0.1522170808765231,-0.0876721645215766,True,False,interface,0.0099360876918032,-0.07610854043826155,TUMOR
GATTCCGCGTTTCCGT-1,5891,10626,-0.6558788907814888,-0.320427463552867,-0.3228469231542187,False,False,other,0.0055244485616263,-0.1602137317764335,MIXED
GATTCCTATACGGCGC-1,7650,16626,0.5557452550994556,-0.320427463552867,0.8681685187654988,True,False,tumor_core,0.0021368119245469,-0.1602137317764335,STROMA
GATTCGACGGTTCACG-1,10811,11202,0.3211024111081436,0.1892425577380367,-0.124837631065405,False,True,interface,0.0353355053447702,0.09462127886901835,MIXED
GATTGACACTCTGCTC-1,3722,12092,-0.7436817272064806,-0.320427463552867,-0.5147132392295223,False,False,other,0.0029671108863339,-0.1602137317764335,MIXED
GATTGGGAAAGGTTGT-1,15735,10195,-0.4879769436195145,0.0488662199089858,-0.4698101764862601,False,False,other,0.004746320136766,0.0244331099544929,MIXED
GATTTAGTGCGTACTG-1,5707,4855,-0.9913531565245204,-0.320427463552867,-0.911235546745144,False,False,other,1.5196280051673503e-05,-0.1602137317764335,MIXED
GCAAACCCTACATTAT-1,12192,9961,0.1767900354100424,-0.320427463552867,-0.0734010544142513,False,False,interface,0.0349998283435676,-0.1602137317764335,MIXED
GCAAACCTTGGCCATA-1,13960,11662,0.2658149061371704,0.0159933017998207,-0.518380133344276,False,False,interface,0.0303130936528132,0.00799665089991035,MIXED
GCAAACGTCGCCAGGT-1,12004,6000,-0.428782768495736,-0.320427463552867,-0.4158835859244914,False,False,interface,0.0268044369414606,-0.1602137317764335,MIXED
GCAAATATTACGCTTT-1,9623,14594,-0.1012365534863997,0.2321728077834345,0.2405601995021299,False,True,immune_core,0.0017934749476868,0.11608640389171725,MIXED
GCAAATGAGGACACTT-1,10795,18669,0.9877943721534078,-0.1522170808765231,-0.6378992199319686,True,False,interface,0.0096625873059083,-0.07610854043826155,TUMOR
GCAACACACTAGAACT-1,11782,17427,0.2943185691387272,-0.0538203147789063,0.6822841481963434,False,False,interface,0.0231535988343381,-0.02691015738945315,STROMA
GCAACAGCAGTATGCG-1,11804,7245,0.0870092819037631,-0.320427463552867,0.0040933948823386,False,False,interface,0.0225299248721252,-0.1602137317764335,MIXED
GCAACCACCAGACCGG-1,5501,8815,-0.4559464359829187,-0.320427463552867,-0.7935159983168215,False,False,other,0.0057274753228721,-0.1602137317764335,MIXED
GCAACCACGGCCGCGT-1,11195,15955,0.7545892130169837,0.3037931038874057,0.2733834704704166,True,True,interface,0.0239125240292252,0.15189655194370286,MIXED
GCAACCCAAGTTGTTT-1,8826,18891,-0.1339098866927854,0.2884100493568959,0.048292627845304,False,True,immune_core,0.0130382484046404,0.14420502467844795,MIXED
GCAACGGCTAGTTATG-1,11216,6451,-0.2797125275353942,-0.1522170808765231,-0.3141028515266296,False,False,interface,0.0096497385275989,-0.07610854043826155,MIXED
GCAAGAATTCCTTGGC-1,11393,15163,0.822681041504893,0.0488662199089858,-0.2998805074770714,True,False,interface,0.0133828692194885,0.0244331099544929,TUMOR
GCAAGATGTGTTCGCG-1,4914,7342,-0.9913531565245204,-0.1522170808765231,-0.342100705277354,False,False,other,0.0003870746130625,-0.07610854043826155,MIXED
GCAAGCTGGAAACCGC-1,13353,19014,0.804557045683375,-0.0326276614652821,-0.118099644881424,True,False,tumor_core,0.01044250814435,-0.01631383073264105,TUMOR
GCAAGTGCACAGAGAA-1,7458,14476,1.3033102686484863,0.909313589594718,3.0144018888584427,True,True,interface,0.0380559393307628,0.454656794797359,IMMUNE_EXHAUSTED
GCAATTAGTCGCACCG-1,8856,5315,-0.6558788907814888,-0.320427463552867,-0.3458621048891333,False,False,other,0.01488858828245,-0.1602137317764335,MIXED
GCACAAACGAGGCGTG-1,11806,6339,-0.8002963608025098,-0.1522170808765231,-0.7246544768844247,False,False,other,0.0063114868481954,-0.07610854043826155,MIXED
GCACAACCTCGGGCGT-1,14143,18111,1.5247328944216696,0.3574529404143807,-0.5734324064564824,True,True,tumor_core,0.038436371251056,0.17872647020719035,MIXED
GCACAAGTGGATCATA-1,5874,18545,-0.6790337393415252,-0.320427463552867,-0.0858726263622067,False,False,other,0.0003928641221888,-0.1602137317764335,MIXED
GCACAAGTGTCGGAAG-1,4707,11981,-0.6006598004422857,-0.1522170808765231,-0.3859422508991043,False,False,other,0.0001880426698189,-0.07610854043826155,MIXED
GCACACACTGGTAGCC-1,13770,8607,0.4641144793971613,0.1892425577380367,1.1696046242104765,True,True,interface,0.0173955413695662,0.09462127886901835,STROMA
GCACACGCCCATGGTC-1,9418,18101,-0.5140098286159154,0.2170766025853298,0.4953192836273836,False,True,immune_core,0.0023797412616698,0.1085383012926649,MIXED
GCACGCCTACTTAGAT-1,13559,14829,1.4901976000372297,0.4566204320332398,1.057296000269108,True,True,interface,0.0500164125469588,0.2283102160166199,STROMA
GCACGTGGTTTACTTA-1,15348,7252,-0.0613302065435212,0.2884100493568959,0.1171335520890824,False,True,interface,0.0031611353287728,0.14420502467844795,MIXED
GCACTAGTCGCGCTAT-1,5292,14358,-0.5677781059039644,-0.320427463552867,-0.3000960796433071,False,False,other,0.0015283781765408,-0.1602137317764335,MIXED
GCACTCCCACAGTCCC-1,2931,13900,-0.7898600242774277,-0.320427463552867,-0.6316178141141519,False,False,other,0.001224390590002,-0.1602137317764335,MIXED
GCACTGCCTACCTTTA-1,15732,11552,-0.0103650897219284,0.4558497065119976,1.1070075686491907,False,True,interface,0.1122744282798134,0.2279248532559988,STROMA
GCACTGTGCAAATGTA-1,4502,15487,-0.9913531565245204,-0.320427463552867,-0.6069349284561023,False,False,other,0.0024091178646285,-0.1602137317764335,MIXED
GCAGAAACGTAATCCA-1,4328,5418,-0.582720309583588,0.2321728077834345,-0.3290452607935678,False,True,immune_core,0.0049496845665263,0.11608640389171725,MIXED
GCAGAAGGTAATCTCC-1,12596,5436,-0.4974932494634086,0.5550171981308567,0.3924177204789806,False,True,immune_core,0.0171843885587599,0.27750859906542835,MIXED
GCAGACCCAGCACGTA-1,10426,7581,0.0732833308694789,0.4558497065119976,-0.2635771206075686,False,True,interface,0.0269487125511837,0.2279248532559988,MIXED
GCAGATCCATAAGACT-1,12783,9623,-0.316491781153398,-0.0538203147789063,-0.6069349284561023,False,False,other,0.0006473080693223,-0.02691015738945315,MIXED
GCAGATCCTCGCAAAT-1,7253,17756,-0.2526604913714835,0.2170766025853298,0.4144067643727092,False,True,immune_core,0.0031324404675018,0.1085383012926649,MIXED
GCAGATTAGGGATATC-1,10021,12332,1.440575057634487,1.2328976020981044,0.9295245032605592,True,True,interface,0.0702263764932741,0.6164488010490522,IMMUNE_EXHAUSTED
GCAGCACACAGCCCAG-1,10214,14482,-0.232411453823928,-0.1522170808765231,0.3297098986356658,False,False,interface,0.0155828345824034,-0.07610854043826155,MIXED
GCAGCCTATATCACAT-1,9641,6448,-0.0552833550955327,-0.320427463552867,-0.7493373625424743,False,False,interface,0.0067055063755703,-0.1602137317764335,MIXED
GCAGCGGTGGGCATTA-1,4108,15713,-0.688321522947005,-0.320427463552867,-0.7935159983168215,False,False,other,0.0008757416769711,-0.1602137317764335,MIXED
GCAGCTATGGACAGGT-1,5310,6438,-0.4693841524358172,-0.320427463552867,-0.2617775824481987,False,False,other,0.0001506035858214,-0.1602137317764335,MIXED
GCAGGAACTTAGATCT-1,13160,17543,0.4183084845865286,0.3574529404143807,0.2303796091819646,False,True,interface,0.0308598494425575,0.17872647020719035,MIXED
GCAGGACTATAGAATA-1,9622,15046,-0.3704349065042905,-0.1522170808765231,-0.0383720825323745,False,False,interface,0.0166503992464319,-0.07610854043826155,MIXED
GCAGGTAGAGTATGGT-1,6289,8590,0.8101942857619975,0.2321728077834345,0.1659883604204594,True,True,immune_core,0.1055684075022259,0.11608640389171725,TUMOR
GCAGTGTGGCTATAGG-1,14358,9852,-0.7300573221485134,-0.1522170808765231,-0.3868513365957632,False,False,other,0.0039135235423188,-0.07610854043826155,MIXED
GCAGTTCGATCCGAGC-1,13776,5891,-0.113833101400239,-0.320427463552867,0.1201657885547858,False,False,other,0.0100262671134381,-0.1602137317764335,MIXED
GCATAAATTGAACGCC-1,4329,4965,-0.775065471518429,-0.320427463552867,-0.911235546745144,False,False,other,5.793457408387781e-05,-0.1602137317764335,MIXED
GCATACGAGGTCTTTA-1,10207,17650,-0.1645293789874089,-0.0538203147789063,0.576611945316429,False,False,other,0.0018146125851252,-0.02691015738945315,MIXED
GCATAGAGCACTCAGG-1,10021,12558,0.5436247462723136,0.4003831904597785,0.2891485501827528,True,True,interface,0.0112927364394915,0.20019159522988925,MIXED
GCATCCCTAACTTTGA-1,5883,14472,-0.5324159311945439,-0.320427463552867,0.0218441344501435,False,False,other,0.0018075665391851,-0.1602137317764335,MIXED
GCATCGGCCGTGTAGG-1,12394,7585,-0.8573720230285815,-0.320427463552867,-0.911235546745144,False,False,interface,0.0234367824870311,-0.1602137317764335,MIXED
GCATGAGGGACGCGGC-1,8651,9048,0.1556840304318315,-0.320427463552867,-0.1662339851661337,False,False,other,0.0054786362830105,-0.1602137317764335,MIXED
GCATGCTAATAACGAT-1,15936,8498,0.5737021762824692,0.0159933017998207,-0.3670255589285657,True,False,interface,0.021566430950212,0.00799665089991035,MIXED
GCATGGGTACTGACGC-1,10794,18896,0.7497358970070666,0.1355827212110617,-0.4121221863127121,True,False,tumor_core,0.0077841514145005,0.06779136060553086,TUMOR
GCATTCAAGGCAACGC-1,8261,7010,0.522956710088572,-0.0538203147789063,-0.2673577903225064,True,False,interface,0.0059360720389956,-0.02691015738945315,MIXED
GCATTCGAAATGAACA-1,8238,17645,0.1159400722538684,-0.320427463552867,0.2348531005174048,False,False,other,0.0290809615782773,-0.1602137317764335,MIXED
GCATTGACTTGCGGAA-1,12566,18786,1.2619055607874576,-0.320427463552867,0.1577599068023373,True,False,interface,0.105343448899698,-0.1602137317764335,TUMOR
GCATTGTAATTCATAT-1,10799,16859,0.8379441619311142,0.2321728077834345,-0.0351025688761984,True,True,interface,0.1667906529445546,0.11608640389171725,TUMOR
GCATTTCCAAGGCTCC-1,9246,6673,0.6249312354968393,-0.320427463552867,-0.5987032561734313,True,False,interface,0.0394057264462122,-0.1602137317764335,TUMOR
GCCAACCATTTCCGGA-1,7867,7236,-0.091951666446604,0.2862370633743352,-0.4760010357292991,False,True,other,0.0227396388414643,0.1431185316871676,MIXED
GCCAAGAATACTTCTG-1,11780,18106,0.2147651930107234,-0.1522170808765231,-0.4006605849159536,False,False,interface,0.0250191375132362,-0.07610854043826155,MIXED
GCCAATAGGGCATCTC-1,7670,7575,-0.659543943469543,-0.1522170808765231,0.084943421117277,False,False,other,0.0004341527044593,-0.07610854043826155,MIXED
GCCACAATTTAAGGAC-1,11591,14824,0.7806440743725308,-0.0538203147789063,-0.7246544768844247,True,False,interface,0.0030868334795905,-0.02691015738945315,TUMOR
GCCACTCAGAGCGCGA-1,14361,8495,-0.2797125275353942,0.3366660219965708,-0.129339700003027,False,True,immune_core,0.0410227374480618,0.1683330109982854,MIXED
GCCACTCCTTACGGTA-1,13579,5778,-0.7166196056956149,0.0159933017998207,0.64657247958741,False,False,other,0.0041707442831647,0.00799665089991035,STROMA
GCCAGGAGTAACCGAT-1,6879,9157,-0.3611911913365301,0.9378872565979752,-0.253985401721822,False,True,immune_core,0.0618882394049171,0.4689436282989876,IMMUNE_EXHAUSTED
GCCAGGCGTTCGCATG-1,4516,9152,-0.8573720230285815,0.1357244304709254,0.0544216022382674,False,False,other,0.0877080937321487,0.0678622152354627,MIXED
GCCAGGCTTAGTGGTA-1,4495,18655,-0.9913531565245204,0.6881829925473634,1.550724317124177,False,True,immune_core,0.0059992802416936,0.3440914962736817,IMMUNE_ACTIVE
GCCATATTGCACACAG-1,7076,9044,-0.5273940422003892,0.2884100493568959,-0.3000960796433071,False,True,interface,0.0283378804132095,0.14420502467844795,MIXED
GCCATCGAGCTGCGTG-1,13168,13923,0.4059999025836964,-0.1522170808765231,0.5639773629360799,False,False,interface,0.0206468513036573,-0.07610854043826155,MIXED
GCCATCGATGCTGCAT-1,9049,6786,0.1914290423026701,-0.0538203147789063,-0.197198276642,False,False,interface,0.0010774379722608,-0.02691015738945315,MIXED
GCCATTAGCCTCAAAC-1,13553,17770,0.8123817682983308,-0.320427463552867,0.0729992229890299,True,False,interface,0.0213595998633236,-0.1602137317764335,TUMOR
GCCCACCAAGGCTGTC-1,5094,14923,-0.7300573221485134,-0.0538203147789063,-0.3744806495023458,False,False,other,0.0029029016013183,-0.02691015738945315,MIXED
GCCCACTGGTCCACAA-1,4132,5078,-0.9913531565245204,-0.320427463552867,-0.911235546745144,False,False,other,8.424999783672209e-05,-0.1602137317764335,MIXED
GCCCAGATGCTGGAGA-1,10036,5544,-0.0931218141476355,0.1892425577380367,-0.361008491334752,False,True,immune_core,0.0018818805549554,0.09462127886901835,MIXED
GCCCAGTTGGTATGCC-1,7063,14927,0.3603384284639738,-0.1522170808765231,0.2735153952650423,False,False,interface,0.019558689936413,-0.07610854043826155,MIXED
GCCCGACTTCTTCCCG-1,12375,16410,0.6883138152457909,0.4987799565573952,1.1412136617703712,True,True,interface,0.0455096513676661,0.2493899782786976,STROMA
GCCCGATCTGTGGTCG-1,13172,12112,1.0809237531847289,0.4566204320332398,0.6781905011264141,True,True,interface,0.0174423752444835,0.2283102160166199,STROMA
GCCCGCGCGTAAACGG-1,12379,14600,0.1960680941354067,-0.320427463552867,-0.1642837187012794,False,False,interface,0.0461421406806169,-0.1602137317764335,MIXED
GCCCGCGCGTTTGACA-1,6670,14700,-0.3839896422463766,-0.320427463552867,0.4202344364254985,False,False,other,0.0154459094328005,-0.1602137317764335,MIXED
GCCCGTAATACCTTCT-1,8057,10291,0.1461437446845705,-0.0538203147789063,-0.0495105963410433,False,False,interface,0.0151611998768864,-0.02691015738945315,MIXED
GCCCTAGCCGTCGCGA-1,13357,17430,0.8706004747974715,0.3154733686829467,-0.3432606648803154,True,True,interface,0.0146339038769127,0.15773668434147334,MIXED
GCCCTGAGGATGGGCT-1,16127,10874,-0.0889300718383574,0.1892425577380367,-0.1985756934163537,False,True,immune_core,0.0123519015319958,0.09462127886901835,MIXED
GCCGAAATTCCTACGT-1,9624,14141,0.0651568664736424,-0.0538203147789063,0.7207095043549098,False,False,interface,0.0142706577039215,-0.02691015738945315,STROMA
GCCGATTGGCCAAGCT-1,10809,12334,0.3492528429361287,0.1355827212110617,-0.5380734070237054,False,False,interface,0.0178738558325335,0.06779136060553086,MIXED
GCCGCACTCCGTTTCA-1,11218,5546,-0.6097005937105415,-0.1522170808765231,-0.7935159983168215,False,False,other,0.0062923290810516,-0.07610854043826155,MIXED
GCCGCATTAGTCCGGC-1,9617,17309,0.1217807000368683,-0.320427463552867,0.0271419905301013,False,False,other,0.0052700237399767,-0.1602137317764335,MIXED
GCCGCTTGTGAGAAAC-1,9819,14707,0.1734702492475001,0.5231170214095163,0.3102484255718923,False,True,immune_core,0.0297932590962522,0.26155851070475816,MIXED
GCCGGAAACACATCTT-1,3326,13222,-0.7234727269165546,-0.320427463552867,-0.1991103071320826,False,False,other,0.0017888267473045,-0.1602137317764335,MIXED
GCCGGGTTAGGGTCGC-1,10808,12560,0.7726053117409931,0.0159933017998207,0.0888983853699405,True,False,interface,0.0178108916261161,0.00799665089991035,TUMOR
GCCGGTTTGGGCGGAT-1,3124,15824,-0.9913531565245204,-0.320427463552867,-0.2083825049617076,False,False,other,0.0002295210113058,-0.1602137317764335,MIXED
GCCGTGGAAGAAATGT-1,10429,6223,0.3243382842972183,-0.1522170808765231,-0.3281321693688031,False,False,interface,0.1012240832289736,-0.07610854043826155,MIXED
GCCTACGTTCTGTGCA-1,16129,9969,-0.6924714557944238,-0.320427463552867,0.027220601318655,False,False,other,0.0108742667298825,-0.1602137317764335,MIXED
GCCTAGCGATCTGACC-1,6670,14474,0.1478592026511664,0.5199726098710195,0.4453212415780902,False,True,immune_core,0.0105670716864516,0.2599863049355097,MIXED
GCCTATAGTGTCAGGG-1,8454,8934,-0.1645293789874089,-0.320427463552867,-0.1369863213401669,False,False,other,0.0018699520780885,-0.1602137317764335,MIXED
GCCTATGCTGGGCCTT-1,6294,6327,0.1247362621781254,-0.320427463552867,-0.3000960796433071,False,False,other,0.0014617444403436,-0.1602137317764335,MIXED
GCCTATTCCGATATAG-1,7455,15833,-0.7234727269165546,-0.1522170808765231,0.5989395876298402,False,False,other,0.0094027308113005,-0.07610854043826155,MIXED
GCCTATTTGCTACACA-1,4310,13564,-0.9913531565245204,-0.320427463552867,-0.2279855579440494,False,False,other,0.0003029516415689,-0.1602137317764335,MIXED
GCCTCATCTGGAAATA-1,10817,8487,1.7560734012304036,0.0701449498350903,-0.5487495207984325,True,False,interface,0.335884294343252,0.03507247491754515,TUMOR
GCCTCCGACAATTCAC-1,14558,8156,1.3206093457209351,0.2321728077834345,-0.0610834467823579,True,True,interface,0.2158864323791941,0.11608640389171725,TUMOR
GCCTCTATACATAGCA-1,13568,10756,-0.073852817805072,-0.0538203147789063,-0.6757964498884991,False,False,other,0.0013623274394092,-0.02691015738945315,MIXED
GCCTGCTACACTGAGA-1,4324,7228,-0.9913531565245204,-0.320427463552867,-0.6546329958490664,False,False,other,0.0080190400311672,-0.1602137317764335,MIXED
GCCTTCAGCCCTACCG-1,5885,13567,-0.6663152273065707,-0.320427463552867,-0.5138982656858294,False,False,other,0.0076088517047338,-0.1602137317764335,MIXED
GCCTTGTATATGCAGT-1,6073,17527,-0.0144565565839519,0.5231170214095163,-0.4191938989924216,False,True,immune_core,0.0088978101893624,0.26155851070475816,MIXED
GCGAAACGATCGGGAG-1,13378,7927,0.5992556164581618,0.3037931038874057,-0.1672301447693658,True,True,interface,0.0210200056683018,0.15189655194370286,MIXED
GCGAAACTTAACTGGA-1,11405,9959,0.885336323546598,0.1517987821947601,0.5591072848656677,True,False,interface,0.0383633794019981,0.07589939109738005,TUMOR
GCGAAGAATCTGACGG-1,15736,9742,-0.1849342800507388,-0.320427463552867,-0.518380133344276,False,False,other,0.0138041827916275,-0.1602137317764335,MIXED
GCGAAGCCATACCCGT-1,8840,12329,1.0192975101884607,0.2339794873086786,1.0877486850470517,True,True,interface,0.1196224359037495,0.1169897436543393,TUMOR
GCGACATGTAAACATC-1,10033,7127,0.5098077812998484,-0.1522170808765231,0.4521544107041255,True,False,interface,0.0086357194716393,-0.07610854043826155,MIXED
GCGACCCAACCATCTG-1,14345,15509,1.6412655147513442,0.4003831904597785,0.4537764721338662,True,True,interface,0.0418940681905542,0.20019159522988925,MIXED
GCGACGATAGTTGTAC-1,12185,13129,0.4467667479016478,-0.320427463552867,-0.307623922145681,True,False,interface,0.054540348883287,-0.1602137317764335,MIXED
GCGAGAAACGGGAGTT-1,5285,17752,-0.5451344432294983,-0.1522170808765231,-0.1255693944781071,False,False,other,0.000315642316637,-0.07610854043826155,MIXED
GCGAGAGGCCATGTAA-1,6885,6442,-0.2634462252033361,-0.320427463552867,0.5158504669336222,False,False,other,0.0155176889057882,-0.1602137317764335,MIXED
GCGAGAGTTGCGTCCA-1,9245,7126,-0.0823718535237997,0.8892662933328724,-0.305078751659117,False,True,interface,0.1001904981047627,0.4446331466664362,IMMUNE_EXHAUSTED
GCGAGCGCATGCTCCC-1,10033,6901,1.005605020819763,0.7696768739216314,-0.0715296184727257,True,True,interface,0.0098876307261046,0.3848384369608157,IMMUNE_ACTIVE
GCGAGGCCCGAGCAGA-1,10018,13916,0.2370621574820978,0.3574529404143807,-0.0923177463847899,False,True,interface,0.0463588925160147,0.17872647020719035,MIXED
GCGAGTTCTGCAAAGA-1,9628,12105,1.155549409467722,0.0159933017998207,0.4433220513864718,True,False,interface,0.326325197937669,0.00799665089991035,TUMOR
GCGATGTCTGTGCTTG-1,6266,19225,-0.850600739191554,-0.320427463552867,-0.1218578258286545,False,False,other,0.0004789071121067,-0.1602137317764335,MIXED
GCGATTCTGGAAGCAG-1,4709,10849,-0.5519781681598225,-0.320427463552867,-0.5487495207984325,False,False,other,0.02517506567755,-0.1602137317764335,MIXED
GCGATTGTTAACGTTA-1,10025,10522,1.1653179427039186,4.337498977559019,-0.3273171958251102,True,True,interface,2.2900028740685827,2.1687494887795093,IMMUNE_EXHAUSTED
GCGCAAATATATTCAA-1,14147,16074,1.7274031957465676,1.0929273105417037,0.4125513245514896,True,True,interface,0.15931602818737,0.5464636552708518,IMMUNE_EXHAUSTED
GCGCAAGAGCGCGCTG-1,10622,7921,-0.3984347976986048,0.1892425577380367,-0.3000960796433071,False,True,immune_core,0.0050954737502037,0.09462127886901835,MIXED
GCGCATCCAGTCAGCA-1,8455,8482,-0.5315100381715311,0.0488662199089858,0.0152256384797304,False,False,interface,0.0071542155176906,0.0244331099544929,MIXED
GCGCCGTTCCACGATA-1,10810,11881,0.4180827650972074,-0.1522170808765231,-0.0263384855915538,False,False,interface,0.010124517206665,-0.07610854043826155,MIXED
GCGCCTCCCACTCCGA-1,12199,6793,-0.6342847196699749,-0.0326276614652821,-0.3539367786550427,False,False,other,0.0082822273577381,-0.01631383073264105,MIXED
GCGCGATGGGTCAAGT-1,3127,14240,-0.9913531565245204,-0.320427463552867,-0.5138982656858294,False,False,other,0.0002159185201267,-0.1602137317764335,MIXED
GCGCGTCATTGGTACA-1,13964,9851,0.4318337344712549,-0.1522170808765231,-0.4113366986906808,True,False,tumor_core,0.0076513527100616,-0.07610854043826155,MIXED
GCGCTAATTGAATAGA-1,9433,11312,0.6528078166957051,-0.320427463552867,-0.0484701300635167,True,False,interface,0.0089852448238422,-0.1602137317764335,TUMOR
GCGCTATGCCGAGGCA-1,11199,13918,1.0332162021254785,0.4023315792448862,-0.1662339851661337,True,True,interface,0.0277770173548422,0.2011657896224431,MIXED
GCGCTCGATCACCTGT-1,11612,5094,-0.399166668195193,-0.320427463552867,-0.1985756934163537,False,False,other,0.0049249917418586,-0.1602137317764335,MIXED
GCGCTGATCCAGACTC-1,6091,9382,-0.5137413026269344,-0.320427463552867,-0.5298417347410346,False,False,other,0.0025983639966379,-0.1602137317764335,MIXED
GCGCTGCTTTGCATTT-1,8258,8594,-0.5145641529261369,-0.0538203147789063,0.2936133557541108,False,False,other,0.0073321685379724,-0.02691015738945315,MIXED
GCGCTTAAATAATTGG-1,13966,9173,-0.2200965140115486,-0.320427463552867,-0.7246544768844247,False,False,other,0.0082128551152964,-0.1602137317764335,MIXED
GCGGACCGCGTTGTGG-1,12773,14374,0.6751869513059445,-0.320427463552867,0.3598382159805201,True,False,interface,0.0163654401350676,-0.1602137317764335,TUMOR
GCGGAGAAACTTCGCA-1,13558,15507,1.233117547629109,3.154468973675568,-0.2243811568490316,True,True,interface,0.9674023169646924,1.577234486837784,IMMUNE_EXHAUSTED
GCGGAGAGGGAGAACG-1,11797,10412,1.4292241246732151,0.0159933017998207,-0.0714853117984312,True,False,interface,0.0492636889666326,0.00799665089991035,TUMOR
GCGGCAAAGTATTGCC-1,14344,16188,1.4970579103881898,-0.1522170808765231,0.2486578215209889,True,False,interface,0.1008692346415445,-0.07610854043826155,TUMOR
GCGGCTCTGACGTACC-1,10213,14934,0.1338890695028688,-0.1522170808765231,0.273380251945825,False,False,interface,0.0015817760859857,-0.07610854043826155,MIXED
GCGGGAACCAGGCCCT-1,6278,13794,-0.0969735554407587,0.1892425577380367,-0.0743190460240507,False,True,immune_core,0.0022214659793191,0.09462127886901835,MIXED
GCGGGCATTACGATGC-1,8855,5767,-0.154147221498199,-0.1522170808765231,-0.2432889429064295,False,False,other,0.0013664679719205,-0.07610854043826155,MIXED
GCGGGCGAGCCTTACC-1,13562,13471,0.391593130708798,-0.320427463552867,-0.4695221063483504,False,False,other,0.0698554861535752,-0.1602137317764335,MIXED
GCGGTAACCCAAATGA-1,4106,16618,-0.8130148728374643,-0.320427463552867,-0.6378992199319686,False,False,other,0.0005682109680973,-0.1602137317764335,MIXED
GCGGTCCCGGTGAAGG-1,6099,5761,-0.5772090574439032,-0.320427463552867,-0.2249531523930938,False,False,interface,0.0059709798471829,-0.1602137317764335,MIXED
GCGGTCCCTAGACGCA-1,5293,14132,-0.2713067854236055,0.0488662199089858,0.1774531804817666,False,False,other,0.004211776093103,0.0244331099544929,MIXED
GCGGTGAACTGCGCTC-1,6683,8591,-0.5391872150315714,-0.1522170808765231,-0.1104230080324884,False,False,other,0.0012701308074518,-0.07610854043826155,MIXED
GCGGTGCGGAGCATCG-1,6464,18660,-0.8642251442495211,-0.320427463552867,0.2948846587721794,False,False,other,0.0002725111086062,-0.1602137317764335,MIXED
GCGGTTCCCTATCATG-1,11987,13694,0.0705846254821238,-0.1522170808765231,0.7135829174340582,False,False,interface,0.0434239365242177,-0.07610854043826155,STROMA
GCGTAAATGGCCATAA-1,9441,7692,-0.0173274167761453,-0.320427463552867,-0.0529963043962578,False,False,interface,0.0545055824461134,-0.1602137317764335,MIXED
GCGTCCAGCTCGTGGC-1,3322,15259,-0.685886860562465,-0.320427463552867,0.1216154197475289,False,False,other,2.3470982813110047e-05,-0.1602137317764335,MIXED
GCGTCGAAATGTCGGT-1,6085,11871,-0.5205944238478741,0.3549066387331724,-0.2142770386183665,False,True,immune_core,0.02050261327557,0.1774533193665862,MIXED
GCGTCGCCAGGGTGAT-1,13368,12226,1.4938580157589985,0.1357244304709254,0.2628891902429008,True,False,interface,0.044870002403047,0.0678622152354627,TUMOR
GCGTCTAACCTCCTAA-1,9053,4976,1.2176540274986738,-0.320427463552867,-0.7164228046017538,True,False,tumor_core,0.0158072181313441,-0.1602137317764335,TUMOR
GCGTCTCTGCATTGGG-1,10410,14595,1.284490955663608,0.6768094767622926,0.0078515758295692,True,True,interface,0.0418432058763913,0.3384047383811463,IMMUNE_ACTIVE
GCGTGGTACTGGGTTA-1,9636,8484,-0.0227294630825529,0.0159933017998207,-0.3744806495023458,False,False,interface,0.0183119667542182,0.00799665089991035,MIXED
GCGTGTATGTCGTATT-1,3328,12317,-0.5960761886525743,-0.320427463552867,-0.2747093642049604,False,False,other,0.0008253889216485,-0.1602137317764335,MIXED
GCGTTATATTTGGAAC-1,8828,17760,0.1469332267304701,-0.320427463552867,0.4804317281322775,False,False,other,0.0120566104381406,-0.1602137317764335,MIXED
GCGTTCGGAGACCGGG-1,6488,7572,-0.5451344432294983,-0.1522170808765231,-0.7935159983168215,False,False,other,0.0038127343566666,-0.07610854043826155,MIXED
GCTAAACCTGAGGTGA-1,7256,16625,0.0245829316692903,-0.320427463552867,0.2682514108395438,False,False,other,0.0014963200618866,-0.1602137317764335,MIXED
GCTAACTGAAGTCTGA-1,14162,9286,-0.5177022497533347,-0.320427463552867,-0.7246544768844247,False,False,other,0.0006428368817923,-0.1602137317764335,MIXED
GCTAAGTAAAGGCGAT-1,8041,17758,-0.1377899625013961,0.2862370633743352,1.0721673904008928,False,True,immune_core,0.0189242159799893,0.1431185316871676,STROMA
GCTAAGTAGTTTCTCT-1,9436,10181,-0.2175627902703585,-0.320427463552867,-0.0918896939560205,False,False,other,0.0292196770018529,-0.1602137317764335,MIXED
GCTAATACCGAATGCC-1,6868,13909,0.3160728890515808,-0.0326276614652821,1.2094958114444196,False,False,interface,0.0192416490820847,-0.01631383073264105,STROMA
GCTACAATCGAGGATA-1,14954,7478,-0.602929309873514,-0.0538203147789063,-0.7935159983168215,False,False,other,0.0407949777687123,-0.02691015738945315,MIXED
GCTACACTGTCCGAAC-1,3121,16955,-0.8642251442495211,-0.320427463552867,-0.3528150550268529,False,False,other,4.2149033964668025e-05,-0.1602137317764335,MIXED
GCTACAGTACGGACCG-1,10600,17651,0.2476697155197723,0.0488662199089858,0.3116183866679189,False,False,other,0.0052152869382587,0.0244331099544929,MIXED
GCTACGACTTATTGGG-1,11205,11429,0.839938435369281,0.1355827212110617,0.7549050733722236,True,False,tumor_core,0.0136840841961888,0.06779136060553086,TUMOR
GCTACTATAGTAGAGT-1,12589,8604,0.1261938740930096,-0.320427463552867,0.7248908083408333,False,False,interface,0.0378190299213288,-0.1602137317764335,STROMA
GCTAGACCGTCTACTG-1,11016,7469,-0.6477224361228734,0.4003831904597785,-0.6378992199319686,False,True,immune_core,0.0072439211082642,0.20019159522988925,MIXED
GCTAGAGTAGAGATGT-1,13770,8380,-0.3418201641025757,0.9126306167971688,0.4723325429243278,False,True,interface,0.0478817312479504,0.4563153083985844,IMMUNE_EXHAUSTED
GCTAGCACCTGGGCCA-1,10430,5544,0.8022999654196623,-0.0326276614652821,1.2260726583424115,True,False,interface,0.0219411169995112,-0.01631383073264105,TUMOR
GCTAGCAGGGAGTGGG-1,5701,7797,-0.9913531565245204,-0.320427463552867,-0.5627562926817552,False,False,other,0.0002455546688864,-0.1602137317764335,MIXED
GCTAGCTTGAATAGCT-1,12970,14262,0.3180333238177271,-0.1522170808765231,0.3522845788078176,False,False,other,0.019314877393632,-0.07610854043826155,MIXED
GCTAGGCACCACGGAG-1,13374,9737,-0.3923693088185379,-0.320427463552867,-0.2243811568490316,False,False,other,0.0058146616923209,-0.1602137317764335,MIXED
GCTAGTAGAGCTTGTA-1,10416,11880,0.6415468700612046,-0.320427463552867,-0.3859422508991043,True,False,interface,0.0219954327891995,-0.1602137317764335,TUMOR
GCTAGTTTCATTGAGG-1,6078,15038,-0.1955848291454119,-0.320427463552867,0.1274287553229523,False,False,other,0.0002076998012934,-0.1602137317764335,MIXED
GCTATACGTCTCGGAC-1,12981,9284,-0.6382456667963753,-0.1522170808765231,-0.0692416178854983,False,False,interface,0.0102665368789823,-0.07610854043826155,MIXED
GCTATCATACTCATGG-1,13372,10416,0.1616487419008304,0.2339794873086786,0.2164722178657899,False,True,immune_core,0.0042069528726486,0.1169897436543393,MIXED
GCTATCGCGGCGCAAC-1,6666,16511,-0.4432562584634517,0.3549066387331724,-0.2413769124163469,False,True,immune_core,0.0054901741255784,0.1774533193665862,MIXED
GCTATGCCAGCTTATG-1,11385,19010,0.4178725085282863,0.3574529404143807,-0.293905220400268,False,True,interface,0.0045241446292753,0.17872647020719035,MIXED
GCTCAACCTCTTAGAG-1,6071,18206,-0.5967271878313728,-0.320427463552867,-0.1862634948517214,False,False,other,0.0024495105106869,-0.1602137317764335,MIXED
GCTCAATCCGTTTATT-1,13165,15280,1.4247424094663452,0.8410103206931975,1.3698827825337965,True,True,interface,0.1309139422449436,0.42050516034659874,IMMUNE_EXHAUSTED
GCTCAATGTAATACCG-1,14942,12682,-0.4179245935705869,-0.1522170808765231,0.3509732353527179,False,False,other,0.0047227160338119,-0.07610854043826155,MIXED
GCTCATTACTGCATGT-1,5305,8701,-0.5960761886525743,-0.320427463552867,-0.253985401721822,False,False,other,0.0017621258635267,-0.1602137317764335,MIXED
GCTCCCAGTCGGTCCA-1,11215,6904,-0.7436817272064806,-0.1522170808765231,-0.342475177258284,False,False,other,0.0114891063901983,-0.07610854043826155,MIXED
GCTCCGCTCGCTTCAG-1,11018,6564,0.1554715655476796,0.3039348131472694,-0.3969936908011998,False,True,interface,0.0395372628383625,0.1519674065736347,MIXED
GCTCCTGACATACTGG-1,13755,15621,1.8510421760592808,1.4849572368653263,0.2938534817187671,True,True,interface,0.1907095119088462,0.7424786184326632,IMMUNE_EXHAUSTED
GCTCGCGGTTCCGCTC-1,7647,17757,-0.240624480412382,-0.0538203147789063,1.346835207612669,False,False,other,0.0016580268712198,-0.02691015738945315,STROMA
GCTCGCTCATGTCCAA-1,10818,8034,-0.5042645333004362,0.0159933017998207,-0.5298417347410346,False,False,other,0.0034823632354749,0.00799665089991035,MIXED
GCTCGGAATTTAAAGC-1,7074,9723,-0.5391872150315714,0.0159933017998207,0.286099299483133,False,False,interface,0.0100293471998398,0.00799665089991035,MIXED
GCTCTAAACCCTGACG-1,7462,12666,1.0482357156966051,1.3635170948334028,0.2084252043108627,True,True,interface,0.0509157615966167,0.6817585474167014,IMMUNE_EXHAUSTED
GCTCTATGTTACGTGC-1,7851,14703,1.4769430296950186,0.0159933017998207,2.5479930878856325,True,False,interface,0.1599635154526283,0.00799665089991035,TUMOR
GCTCTCGGGTACCGAA-1,7855,12666,1.3855109541006845,-0.0326276614652821,0.2844355544822457,True,False,interface,0.0178822486981842,-0.01631383073264105,TUMOR
GCTCTTTCCGCTAGTG-1,15335,13135,-0.4693841524358172,0.0701449498350903,1.142091413462658,False,False,other,0.0185931681066557,0.03507247491754515,STROMA
GCTGAACTCTCCAGGG-1,10627,5658,0.752358374951556,-0.1522170808765231,0.5421351621847559,True,False,tumor_core,0.0024759999546209,-0.07610854043826155,TUMOR
GCTGAATCTTCCAATC-1,14343,16641,-0.2028070562655268,0.1357244304709254,-0.2310189860446747,False,False,other,0.038122115750924,0.0678622152354627,MIXED
GCTGAGCAACGGTTCT-1,6465,18433,-0.7368286059855409,-0.320427463552867,0.057805311204568,False,False,other,0.0003844090116386,-0.1602137317764335,MIXED
GCTGAGGCGTGAGTAT-1,10613,11994,0.4743636957261748,0.6032731707705316,0.4760823026278689,True,True,interface,0.049179212307162,0.3016365853852658,IMMUNE_ACTIVE
GCTGCACGGTTTCTTA-1,10812,10976,1.8825768059158203,0.3037931038874057,0.063093776083701,True,True,interface,0.143164208521717,0.15189655194370286,MIXED
GCTGCGCCTCCCACGT-1,6857,19113,-0.775065471518429,0.3549066387331724,0.3196580910050067,False,True,immune_core,0.0103851399363503,0.1774533193665862,MIXED
GCTGCTAAGTAGTCGA-1,13761,12906,-0.2230160565554529,1.0070477173869803,0.0060040768051045,False,True,interface,0.0475193773024658,0.5035238586934901,IMMUNE_EXHAUSTED
GCTGCTACTGCGTAGC-1,12781,10754,1.5230778233094588,1.0757172927458178,-0.5872416547766728,True,True,interface,0.1455221200673781,0.5378586463729089,IMMUNE_EXHAUSTED
GCTGCTCTCCGGACAC-1,8841,12103,1.4697637528752037,1.1311838087980368,0.470709186011153,True,True,interface,0.0245979340597674,0.5655919043990184,IMMUNE_EXHAUSTED
GCTGGACCCAAAGTGG-1,5505,7231,-0.5255628099736042,-0.320427463552867,-0.4256315407119131,False,False,other,0.0002994038800821,-0.1602137317764335,MIXED
GCTGGCAGGTGCCGTG-1,7841,19002,-0.6731683485275104,-0.320427463552867,0.0097152775941528,False,False,other,0.0001190944271398,-0.1602137317764335,MIXED
GCTGGCATATTCACCT-1,8833,15723,0.2383452541835046,0.4544474460506791,0.7778538927377431,False,True,interface,0.0550574892819672,0.22722372302533955,STROMA
GCTGGCGGCGCATGCT-1,13369,12000,1.6013092592329623,0.2884100493568959,-0.286170965601719,True,True,interface,0.0160947145545368,0.14420502467844795,TUMOR
GCTGGGTCCGCTGTTA-1,3317,17521,-0.7898600242774277,-0.0538203147789063,2.0940085858557347,False,False,other,0.0016715327603305,-0.02691015738945315,STROMA
GCTGGTGACTCGTAGT-1,4917,5985,-0.775065471518429,-0.320427463552867,-0.3306391038805955,False,False,interface,0.0037228360944878,-0.1602137317764335,MIXED
GCTGGTTTAGGCCATA-1,14537,17659,0.1197143731839707,-0.320427463552867,-0.0749139500457605,False,False,other,0.0033122714238655,-0.1602137317764335,MIXED
GCTGTATTACTGGCCC-1,11787,14938,1.092476760867856,0.2321728077834345,0.2720933817462488,True,True,interface,0.01927521213219,0.11608640389171725,TUMOR
GCTGTTGCTACCGAAC-1,10424,8486,1.0437758467759288,2.048374542191135,0.377639766644286,True,True,interface,0.6095565784187519,1.0241872710955675,IMMUNE_EXHAUSTED
GCTTAATGTAACTAAC-1,11011,9732,0.4506658427904733,0.1355827212110617,0.1111663154575953,True,False,interface,0.0236061737832147,0.06779136060553086,MIXED
GCTTACGTAGTTAGTA-1,9837,6561,0.2100753363547921,0.3549066387331724,-0.3969936908011998,False,True,other,0.0105862943825453,0.1774533193665862,MIXED
GCTTAGGGAAGCGGTA-1,5116,5193,-0.5205409209794494,-0.320427463552867,-0.911235546745144,False,False,other,0.0002970419148424,-0.1602137317764335,MIXED
GCTTATGAAGCAGGAA-1,9635,9163,0.0909547387501544,0.2339794873086786,-0.2691317881674407,False,True,immune_core,0.0031386885572317,0.1169897436543393,MIXED
GCTTCCAGCTTAGATT-1,4301,17410,-0.5899275694788578,-0.1522170808765231,-0.361008491334752,False,False,other,0.0004419473818377,-0.07610854043826155,MIXED
GCTTCCGTCCCTAGAC-1,8451,10518,0.4593489261649862,0.1355827212110617,-0.0152245526697223,True,False,interface,0.0068711938107432,0.06779136060553086,MIXED
GCTTGATGATAATCAG-1,7062,15154,0.0274869839331855,-0.0326276614652821,0.7595212360729379,False,False,other,0.0063203852924516,-0.01631383073264105,STROMA
GCTTGCAGCACAATTG-1,6492,5988,-0.4052879189195445,-0.320427463552867,-0.4998914938025068,False,False,other,0.0020475349430953,-0.1602137317764335,MIXED
GCTTGGATCGATTAGG-1,8849,8256,-0.2713067854236055,-0.320427463552867,-0.6069349284561023,False,False,other,0.0317663186171568,-0.1602137317764335,MIXED
GCTTTCAGAGGAGGTG-1,9242,8483,-0.2828836014818155,0.1355827212110617,-0.5580769014601766,False,False,other,0.0033609010629134,0.06779136060553086,MIXED
GGAAACCTTGTTGAAT-1,6686,7233,-0.5735723392713361,-0.1522170808765231,-0.5580769014601766,False,False,other,0.0002858906434075,-0.07610854043826155,MIXED
GGAAACTAAATGGGCC-1,14559,7703,0.0977199584538189,0.9427695804546062,0.2370477078463231,False,True,interface,0.1001271822943892,0.4713847902273031,IMMUNE_EXHAUSTED
GGAAAGTGCCCATGCC-1,6682,9043,0.1085340268011591,-0.320427463552867,-0.5487495207984325,False,False,other,0.0661669907811651,-0.1602137317764335,MIXED
GGAACCCGAACAAGAA-1,7252,18209,-0.6115217405903716,-0.320427463552867,0.5963221020406849,False,False,other,0.0002949258131963,-0.1602137317764335,MIXED
GGAACCGTGTAAATTG-1,12380,13921,-0.3620291643925019,-0.1522170808765231,-0.45571285802816,False,False,interface,0.0140907600104494,-0.07610854043826155,MIXED
GGAACCTTGACTCTGC-1,14342,16867,0.2963099238167748,-0.1522170808765231,0.0429876564093831,False,False,other,0.0023921710784811,-0.07610854043826155,MIXED
GGAACGGCCTGCAGCC-1,7648,17531,0.3961767914404556,0.1355827212110617,0.1821547223224773,False,False,other,0.0031185223377058,0.06779136060553086,MIXED
GGAACTTTGGCGATTA-1,14561,6798,-0.5151264734485221,-0.1522170808765231,-0.3000960796433071,False,False,other,0.0015643811879207,-0.07610854043826155,MIXED
GGAAGATAAGACTGTA-1,4328,5192,-0.9913531565245204,-0.320427463552867,-0.7935159983168215,False,False,other,0.0005074276506104,-0.1602137317764335,MIXED
GGAAGCTCGCTTACAG-1,4909,9831,-0.8573720230285815,-0.320427463552867,-0.6176110422308293,False,False,other,0.0018878907091763,-0.1602137317764335,MIXED
GGAATAACCTCAAGAA-1,3919,12431,-0.7234727269165546,-0.320427463552867,-0.6316178141141519,False,False,other,0.0001037017010985,-0.1602137317764335,MIXED
GGAATGCGCTAGCGTG-1,9042,9954,-0.1564420705895111,0.6215137875071332,-0.1823765312149846,False,True,interface,0.0138481922214925,0.3107568937535666,IMMUNE_ACTIVE
GGACAAGTTGCAGTGA-1,9221,18439,-0.332721097084828,0.3154733686829467,0.3048806522522859,False,True,immune_core,0.0052174052701268,0.15773668434147334,MIXED
GGACACAAGTTTACAC-1,12002,6679,-0.2150746250173939,-0.320427463552867,-0.5872416547766728,False,False,other,0.0118658366881571,-0.1602137317764335,MIXED
GGACCAACAGGATAAC-1,12779,11659,-0.0038088290054571,-0.320427463552867,-0.2494385144880114,False,False,interface,0.0543600930080063,-0.1602137317764335,MIXED
GGACCTACGGTAACGT-1,6096,6893,-0.2162447727184253,0.3366660219965708,-0.4680519259883473,False,True,immune_core,0.0136639487772984,0.1683330109982854,MIXED
GGACCTCTAGGCCGCC-1,14148,15848,1.7270558245642005,0.4987799565573952,0.1605234048995082,True,True,interface,0.0074871298453037,0.2493899782786976,MIXED
GGACGGCTTGCGCAAC-1,4126,7793,-0.3502259062143644,-0.320427463552867,-0.4191938989924216,False,False,other,0.0021977393633921,-0.1602137317764335,MIXED
GGACGTCCATAGTTGG-1,5507,6099,-0.775065471518429,-0.1522170808765231,-0.7246544768844247,False,False,other,0.0032197604348885,-0.07610854043826155,MIXED
GGACTAAGTCAGGAGT-1,8039,18663,0.1330692494660883,-0.1522170808765231,0.3495356763028632,False,False,other,0.0084450261274634,-0.07610854043826155,MIXED
GGACTCACAAATTAGG-1,12399,5549,-0.0295196851444522,-0.0326276614652821,0.5533867614472309,False,False,interface,0.0309478393689993,-0.01631383073264105,MIXED
GGAGAAGTCATTGGCA-1,7260,14588,1.2839260638509729,-0.0538203147789063,0.8865660200691539,True,False,interface,0.0323981523762747,-0.02691015738945315,TUMOR
GGAGACCAATGTGCTT-1,7083,5876,-0.8130148728374643,0.0488662199089858,-0.4265596996992186,False,False,other,0.0883439762253043,0.0244331099544929,MIXED
GGAGACCATCTACATA-1,12567,18334,0.7268590698071373,1.3619237161571345,0.4296658426607949,True,True,interface,0.0590600794156772,0.6809618580785672,IMMUNE_EXHAUSTED
GGAGACGACACCTTTG-1,11204,11656,0.5412058178100055,0.1355827212110617,0.3891877698840649,True,False,interface,0.0103625261962776,0.06779136060553086,MIXED
GGAGCAACATTTCAAG-1,13969,7589,0.1497322424069964,-0.320427463552867,-0.1634687451575865,False,False,other,0.044512932820633,-0.1602137317764335,MIXED
GGAGCACCAAGAACTA-1,7861,9951,0.1793303867078163,0.0488662199089858,-0.1673557087943234,False,False,interface,0.010312716376348,0.0244331099544929,MIXED
GGAGCGAGGCCTACTT-1,15929,11440,0.0372745176236795,0.2648891764873584,0.1412313868016013,False,True,interface,0.0061686734814271,0.1324445882436792,MIXED
GGAGGATTGAAAGGAG-1,4119,10961,-0.6584546670863014,-0.320427463552867,-0.6757964498884991,False,False,other,0.0005304555284077,-0.1602137317764335,MIXED
GGAGGCCGAAGTCGTC-1,10626,6111,-0.0052077178751799,-0.320427463552867,-0.4760010357292991,False,False,interface,0.0927160316926283,-0.1602137317764335,MIXED
GGAGGGCTTGGTTGGC-1,9041,10406,0.6991002107166578,-0.320427463552867,-0.5580769014601766,True,False,other,0.0706461885747391,-0.1602137317764335,TUMOR
GGAGGGTCAAGTAAGA-1,14956,6346,0.2017513959182734,0.6730867873492586,0.3144289716993004,False,True,immune_core,0.0474967609287449,0.3365433936746293,IMMUNE_ACTIVE
GGAGTACACATGAGCT-1,5479,18997,-0.9913531565245204,0.0488662199089858,-0.3969936908011998,False,False,other,0.0008613752297065,0.0244331099544929,MIXED
GGAGTGCCGCCCTGGA-1,6476,13229,0.1350185609657873,-0.1522170808765231,-0.4121221863127121,False,False,interface,0.0044652363979473,-0.07610854043826155,MIXED
GGATACTCATGAATTG-1,4505,14130,-0.8573720230285815,-0.320427463552867,0.1825909952142227,False,False,other,0.0001872722548983,-0.1602137317764335,MIXED
GGATCAAAGGACGAGG-1,3917,13337,-0.4627460543354337,0.0488662199089858,-0.2115928880178612,False,False,other,0.0016553671579778,0.0244331099544929,MIXED
GGATCAGAGCCATCAG-1,11188,19123,0.3829159213474341,-0.0326276614652821,0.1922749259087819,False,False,interface,0.0032201531515406,-0.01631383073264105,MIXED
GGATCATCCCGTACGC-1,6094,7798,-0.5287508785064895,-0.320427463552867,-0.7164228046017538,False,False,interface,0.0053472344321431,-0.1602137317764335,MIXED
GGATCCCTACCAGCTA-1,4300,17863,-0.6722624555044977,-0.0538203147789063,-0.5627562926817552,False,False,other,0.0009019817242517,-0.02691015738945315,MIXED
GGATCCGGAATATACT-1,9436,9955,-0.3931978855838939,0.3574529404143807,-0.5380734070237054,False,True,immune_core,0.0112261816322124,0.17872647020719035,MIXED
GGATCTTGACTCAACC-1,12766,17316,0.4790539368649315,0.6453944517618293,0.9647079527762196,True,True,interface,0.1281572269684643,0.32269722588091465,IMMUNE_ACTIVE
GGATGAAGATCGCTGA-1,11014,8600,1.65559173855352,0.2884100493568959,-0.2609001158847699,True,True,interface,0.0257788842897592,0.14420502467844795,TUMOR
GGATGACGCGAGTTTA-1,10017,14142,0.2045657589780628,-0.320427463552867,0.1251301284142074,False,False,other,0.0042372343003715,-0.1602137317764335,MIXED
GGATGCTGGCGTTCCT-1,10405,17084,0.5685309105809356,-0.320427463552867,0.3306150254100767,True,False,interface,0.0170732458083881,-0.1602137317764335,MIXED
GGATGTCCTTACCGCA-1,9635,8937,0.0553675968624523,-0.320427463552867,-0.0678384922788614,False,False,other,0.0090663131524311,-0.1602137317764335,MIXED
GGATTAAGCTAAGGTC-1,4122,9377,-0.8642251442495211,-0.1522170808765231,-0.2305307284306134,False,False,other,0.066271716634989,-0.07610854043826155,MIXED
GGATTCAGTACGGTGG-1,6471,15492,0.349292498485717,0.0488662199089858,-0.0266265557294635,False,False,other,0.0052121267510901,0.0244331099544929,MIXED
GGATTCCGCTATACCC-1,6483,10061,-0.2269496352324883,-0.320427463552867,-0.7493373625424743,False,False,other,0.0011311529945839,-0.1602137317764335,MIXED
GGATTGCTGTGACTCC-1,14555,9740,-0.0144391020465509,-0.320427463552867,-0.1521829066085165,False,False,other,0.0037221243941607,-0.1602137317764335,MIXED
GGATTTCACTTCTATA-1,8846,9840,0.1748774993665357,0.2170766025853298,-0.518380133344276,False,True,interface,0.0428090537174793,0.1085383012926649,MIXED
GGCAAAGGCGCCAATA-1,13361,15394,0.3830806459232326,0.6445571634414402,0.1784891766350833,False,True,interface,0.7215510488157094,0.3222785817207201,IMMUNE_ACTIVE
GGCAAATTACTTTACT-1,10807,13239,-0.1659403943293813,-0.1522170808765231,0.3772269206493974,False,False,interface,0.204890707565808,-0.07610854043826155,MIXED
GGCAAGCCAGGGATAG-1,6099,5535,-0.775065471518429,-0.320427463552867,-0.7935159983168215,False,False,other,0.0002659472281763,-0.1602137317764335,MIXED
GGCAAGCCCATAGTGG-1,15927,12345,0.0310190531969494,-0.1522170808765231,0.5245008829881838,False,False,other,0.0059873130907601,-0.07610854043826155,MIXED
GGCAAGGCGAAATAGC-1,11598,11430,-0.2134975719091037,-0.1522170808765231,-0.3621684509377133,False,False,other,0.0047651566795271,-0.07610854043826155,MIXED
GGCAATAGTCAATGAG-1,8646,11311,0.842373197743073,0.1357244304709254,0.5584157213925577,True,False,interface,0.040799198578807,0.0678622152354627,TUMOR
GGCACTCCACTGGGCA-1,9427,14028,0.5289665835736258,-0.1522170808765231,0.5701330159354804,True,False,interface,0.035591762985221,-0.07610854043826155,MIXED
GGCAGAGAGATCGGGA-1,9613,18893,-0.7436817272064806,0.3549066387331724,-0.0670468966678409,False,True,immune_core,0.0165246026824244,0.1774533193665862,MIXED
GGCAGCAAACCTATGC-1,12788,7586,0.4842393614172109,0.2551721406223028,-0.3518025579200279,True,True,immune_core,0.0715073367828665,0.1275860703111514,MIXED
GGCAGCGGTAATCCTA-1,5503,7909,-0.5214172741470767,-0.320427463552867,-0.4227983000874394,False,False,other,0.0001991189360652,-0.1602137317764335,MIXED
GGCATACAGGTAGCGG-1,9424,15611,0.2221531651766168,-0.320427463552867,0.477959019990365,False,False,other,0.0009425902732525,-0.1602137317764335,MIXED
GGCATATCGGTTCTGC-1,6090,9834,-0.5324159311945439,0.2170766025853298,-0.105565900041636,False,True,immune_core,0.0020116103679225,0.1085383012926649,MIXED
GGCATCAACGAGCACG-1,3719,13449,-0.659543943469543,-0.320427463552867,-0.5842984473731351,False,False,other,0.0008917921391487,-0.1602137317764335,MIXED
GGCCACAAGCGATGGC-1,3521,14241,-0.8642251442495211,-0.320427463552867,-0.45571285802816,False,False,other,5.2066069986442097e-05,-0.1602137317764335,MIXED
GGCCACACGAAAGCCT-1,7054,19000,-0.4056620308600493,0.1355827212110617,1.1783498982910598,False,False,other,0.0080100935659959,0.06779136060553086,STROMA
GGCCCAGTTATCAGCA-1,5114,6098,-0.5137413026269344,-0.320427463552867,-0.361008491334752,False,False,interface,0.0078496065756111,-0.1602137317764335,MIXED
GGCCCGGAGCATGTCT-1,9642,5769,0.6446189852770308,-0.320427463552867,-0.6757964498884991,True,False,interface,0.0213376706194263,-0.1602137317764335,TUMOR
GGCCCGTATACCATGC-1,8067,5765,-0.1760793648365863,-0.320427463552867,-0.5138982656858294,False,False,interface,0.0055205144715025,-0.1602137317764335,MIXED
GGCCCTCACCCACTTA-1,10012,16631,-0.0810534542638254,-0.320427463552867,0.149463059084272,False,False,interface,0.0153721493126992,-0.1602137317764335,MIXED
GGCCGAGACTCTGGTG-1,14936,15624,0.6591043370257544,-0.1522170808765231,0.34976961026246,True,False,interface,0.0127441695359847,-0.07610854043826155,TUMOR
GGCCGGCGTCTGCTAT-1,15538,10307,-0.685886860562465,-0.1522170808765231,-0.45571285802816,False,False,other,0.0105791903817524,-0.07610854043826155,MIXED
GGCCGTTTGGGTTTCA-1,14348,14152,0.1870522808956282,-0.320427463552867,-0.3859422508991043,False,False,interface,0.204544614992173,-0.1602137317764335,MIXED
GGCCTGCTTCTCCCGA-1,14365,6458,-0.8130148728374643,-0.320427463552867,-0.305495688285836,False,False,other,0.0031722779233431,-0.1602137317764335,MIXED
GGCCTTTGCAACTGGC-1,9811,18328,0.3276558423116485,-0.320427463552867,-0.7246544768844247,False,False,interface,0.0243402633374524,-0.1602137317764335,MIXED
GGCGAAATCTAACTTG-1,11209,9393,0.6151511950182924,0.7598032886513345,0.2017047950464983,True,True,interface,0.1029100963685991,0.37990164432566725,IMMUNE_ACTIVE
GGCGAACCGTTCTGAT-1,6101,4856,-0.7898600242774277,-0.320427463552867,-0.7164228046017538,False,False,other,0.0001631717433812,-0.1602137317764335,MIXED
GGCGAGCGAAACGGCA-1,12764,18447,1.1415553205626012,-0.1522170808765231,0.1597069546026428,True,False,interface,0.0793542071444592,-0.07610854043826155,TUMOR
GGCGCAGGACATCTTC-1,10013,16178,0.3567356906412838,-0.1522170808765231,0.3678918118568643,False,False,other,0.0014942510521256,-0.07610854043826155,MIXED
GGCGCATGAATTGATG-1,11004,13126,1.4707859248133446,-0.1522170808765231,0.0318469220661156,True,False,interface,0.027395257762775,-0.07610854043826155,TUMOR
GGCGCGGAGATCTTTC-1,14162,9512,-0.5391872150315714,-0.320427463552867,-0.5138982656858294,False,False,other,0.0024754626453291,-0.1602137317764335,MIXED
GGCGCGTTCGAGTTTA-1,11990,12562,1.016362728090154,0.6032731707705316,0.4921800783823974,True,True,interface,0.0912366521252436,0.3016365853852658,IMMUNE_ACTIVE
GGCGCTCCTCATCAAT-1,6074,17075,-0.2797125275353942,-0.320427463552867,-0.305078751659117,False,False,other,0.001885694383131,-0.1602137317764335,MIXED
GGCGCTTCATTCCCTG-1,15930,11213,-0.0943161848537972,-0.0538203147789063,-0.342475177258284,False,False,other,0.0055261568526767,-0.02691015738945315,MIXED
GGCGGAGTAATATTAG-1,9033,14027,1.069698850353495,-0.320427463552867,0.9433274330500911,True,False,interface,0.0174734730139067,-0.1602137317764335,TUMOR
GGCGGTAGGATCATTG-1,8842,11424,1.560788222368528,1.1292386813730508,-0.1661896784918391,True,True,interface,0.0539815949537862,0.5646193406865254,IMMUNE_EXHAUSTED
GGCGGTTTGCCGGTGC-1,5678,17979,-0.9913531565245204,-0.320427463552867,-0.6176110422308293,False,False,other,0.0015760867772669,-0.1602137317764335,MIXED
GGCGTACCCTATATAA-1,3129,13335,-0.6343130541854624,0.2321728077834345,-0.911235546745144,False,True,immune_core,0.0051079560097799,0.11608640389171725,MIXED
GGCGTAGGGAAAGCTG-1,15342,9968,-0.5707075925055941,0.1892425577380367,-0.2494385144880114,False,True,immune_core,0.0020050580310102,0.09462127886901835,MIXED
GGCGTCCTATCCGCTG-1,8833,15497,0.8167864163222107,-0.320427463552867,0.6671268599692883,True,False,other,0.0742991245814817,-0.1602137317764335,TUMOR
GGCTAAAGGGCGGGTC-1,6487,8025,-0.4361902140268973,-0.1522170808765231,-0.2617775824481987,False,False,other,0.001890079419834,-0.07610854043826155,MIXED
GGCTAATGATTGAAAT-1,4916,6437,-0.5677781059039644,-0.320427463552867,-0.3594146482477243,False,False,other,0.0005439486850609,-0.1602137317764335,MIXED
GGCTATTAAGTTGTAT-1,9229,14593,1.2721715228603203,0.4023315792448862,0.5013341409635447,True,True,tumor_core,0.0395078626455581,0.2011657896224431,MIXED
GGCTCCTCCACCTGTT-1,14346,15283,1.0352291745862785,0.7418428290743384,0.9210417296301286,True,True,interface,0.0362447824229243,0.3709214145371692,IMMUNE_ACTIVE
GGCTCGCGTTGAGGTA-1,8848,8709,-0.1808711477042027,-0.0538203147789063,0.0236097421872541,False,False,interface,0.000784985178233,-0.02691015738945315,MIXED
GGCTCGTGCCACCAGC-1,6669,14927,0.04061686889895,-0.1522170808765231,0.4517588832975817,False,False,other,0.0045944197061764,-0.07610854043826155,MIXED
GGCTCTGCTCCAACGC-1,7859,11083,0.2709247218234484,0.2321728077834345,0.3973007773449457,False,True,interface,0.0402516272222882,0.11608640389171725,MIXED
GGCTGAAATAGCAAAG-1,12388,10301,0.2982595876356907,1.0165589128026518,0.6461971534600418,False,True,interface,0.1386287605243084,0.5082794564013259,IMMUNE_EXHAUSTED
GGCTGAGCATCGTAAG-1,4519,8020,-0.8642251442495211,-0.320427463552867,0.014865670559665,False,False,other,0.0005236615308302,-0.1602137317764335,MIXED
GGCTGGCTAGCTTAAA-1,4895,15941,-0.87080973948148,-0.320427463552867,-0.3670255589285657,False,False,other,0.0002331509868688,-0.1602137317764335,MIXED
GGCTTGGCTCTCACCT-1,7448,19001,-0.9913531565245204,-0.320427463552867,1.956282221715562,False,False,other,0.0018800263718854,-0.1602137317764335,STROMA
GGCTTTCAATAAGGGT-1,14549,12229,-0.513769637142422,-0.320427463552867,-0.2399786298384994,False,False,other,0.0150588951602121,-0.1602137317764335,MIXED
GGGAACCACCTGTTTC-1,2928,15258,-0.6342847196699749,-0.320427463552867,-0.3868513365957632,False,False,other,0.0002112444632427,-0.1602137317764335,MIXED
GGGAACGGGAGGTTAG-1,10409,15048,0.128893942488137,-0.0326276614652821,-0.0321593614726607,False,False,interface,0.0072018529951648,-0.01631383073264105,MIXED
GGGAAGACGGTCTGTC-1,15340,10646,1.28610995778646,-0.320427463552867,-0.2557199203058279,True,False,interface,0.1441733828902346,-0.1602137317764335,TUMOR
GGGAAGGGCTTTCTCA-1,15146,9402,-0.1339962839036058,-0.1522170808765231,0.0727042358347093,False,False,interface,0.0229805233572197,-0.07610854043826155,MIXED
GGGAATGAGCCCTCAC-1,6489,7120,-0.3984347976986048,-0.320427463552867,-0.7935159983168215,False,False,other,0.0004138592485446,-0.1602137317764335,MIXED
GGGAATTCTGTCCAGT-1,8235,18777,-0.7368286059855409,-0.320427463552867,-0.0443688050855231,False,False,other,0.0058793066716094,-0.1602137317764335,MIXED
GGGACAGAGTTACTCC-1,13948,17092,0.7149936885868541,-0.320427463552867,-0.0952000070239506,True,False,interface,0.0041685056606896,-0.1602137317764335,TUMOR
GGGACCCGTATATCTT-1,13957,13246,-0.531326654811302,-0.320427463552867,-0.1241911235573151,False,False,other,0.061097896416628,-0.1602137317764335,MIXED
GGGACTGCATAGATAG-1,9037,12443,1.6373880412873816,0.0701449498350903,1.671043685950362,True,False,interface,0.3008340686808206,0.03507247491754515,TUMOR
GGGAGAACTCACAGTA-1,9038,11990,1.3491171296758702,0.3039348131472694,1.386247982397484,True,True,interface,0.0293424657141644,0.1519674065736347,STROMA
GGGAGCGACCGTAGTG-1,16130,9517,-0.4270256885709978,-0.0326276614652821,-0.911235546745144,False,False,other,0.0025847408098762,-0.01631383073264105,MIXED
GGGAGGATGCCCGAAA-1,10019,13463,1.0886763600203595,0.742247248138264,1.0425307965198136,True,True,interface,0.0505047584388124,0.371123624069132,IMMUNE_ACTIVE
GGGAGTAATGGCTGGC-1,4702,14470,-0.7300573221485134,0.0488662199089858,-0.7935159983168215,False,False,other,0.0019146479992475,0.0244331099544929,MIXED
GGGAGTTAATGAGGCG-1,9237,10746,0.5449430324628314,0.6227452211713919,0.3377952101930064,True,True,interface,0.0189932930988948,0.31137261058569593,IMMUNE_ACTIVE
GGGATACGGTAATAAT-1,6858,18434,-0.3554230335087857,-0.320427463552867,0.2545965979874207,False,False,other,0.0048986148279333,-0.1602137317764335,MIXED
GGGATCCCAATACAAA-1,6296,5648,-0.8130148728374643,-0.320427463552867,0.1564756770611954,False,False,other,0.0009272048892915,-0.1602137317764335,MIXED
GGGATGGTCGTAACCG-1,11986,14373,0.7494993254329607,-0.320427463552867,0.5765454214536748,True,False,interface,0.0174967289759542,-0.1602137317764335,TUMOR
GGGATTTACCGCACCT-1,11013,9053,1.116119160135412,0.8950745762840981,0.5574160891211213,True,True,interface,0.0797070475462666,0.4475372881420491,IMMUNE_EXHAUSTED
GGGCAACCGCACGTGC-1,13554,17091,0.9769416910306896,-0.320427463552867,1.079602214895039,True,False,interface,0.0302325607227223,-0.1602137317764335,TUMOR
GGGCACGAATTGGCCG-1,8432,19117,-0.2293842976170283,-0.320427463552867,0.0580268574797235,False,False,other,0.0065183143464076,-0.1602137317764335,MIXED
GGGCAGACGTCACTGC-1,12173,18785,0.9121234384658118,0.2170766025853298,-0.0280061895146891,True,True,interface,0.0161180432034879,0.1085383012926649,TUMOR
GGGCAGAGCAATCGTT-1,14155,12454,0.1141132370479747,0.0488662199089858,-0.6378992199319686,False,False,interface,0.6165549351366629,0.0244331099544929,MIXED
GGGCCCGTCTTAAACA-1,11003,13352,2.288676117507775,-0.1522170808765231,0.4684819621538211,True,False,interface,0.2107074426744711,-0.07610854043826155,TUMOR
GGGCCCTACGAAAGGG-1,10207,17423,0.1571270129904713,-0.320427463552867,0.0910929926988588,False,False,other,0.0032318225587352,-0.1602137317764335,MIXED
GGGCCCTTATCTATAC-1,9220,18666,-0.5960761886525743,0.0488662199089858,0.4666882898801778,False,False,other,0.0040532006240752,0.0244331099544929,MIXED
GGGCCGGCCGAAGTAC-1,9830,9729,0.5026429009862602,1.2519172694291678,0.1325763130748469,True,True,interface,0.1532993629001556,0.6259586347145839,IMMUNE_EXHAUSTED
GGGCCTAAATGGGCTA-1,11583,18218,1.139791904124677,-0.320427463552867,0.1223398467164442,True,False,tumor_core,0.0137594640053376,-0.1602137317764335,TUMOR
GGGCCTATTTAAGTAT-1,5311,5986,0.2353695866689562,0.2170766025853298,0.2135787785115002,False,True,interface,0.0072019335547508,0.1085383012926649,MIXED
GGGCGAATTTCTCCAC-1,6071,18433,-0.5003319206895234,-0.1522170808765231,-0.2494385144880114,False,False,other,0.0011222109733004,-0.07610854043826155,MIXED
GGGCGATATGTGTGAA-1,8249,12667,1.070103821974851,0.0488662199089858,0.2138811046930243,True,False,interface,0.0705873524019666,0.0244331099544929,TUMOR
GGGCGCAGCGTTACTC-1,9446,5655,0.0964381794295155,-0.320427463552867,-0.3564819491416067,False,False,other,0.0024949703853815,-0.1602137317764335,MIXED
GGGCGGCAAATGAATT-1,12380,14147,-0.7234727269165546,0.3366660219965708,-0.2051273747258963,False,True,interface,0.028394076061208,0.1683330109982854,MIXED
GGGCGGGTTCCCTACG-1,11197,15050,0.7438919063805864,-0.0538203147789063,-0.1378183138506842,True,False,interface,0.0241294193091189,-0.02691015738945315,TUMOR
GGGCGGTCCTATTGTC-1,5485,16055,-0.5621899196800751,-0.320427463552867,-0.147287963133964,False,False,other,0.0001318197266972,-0.1602137317764335,MIXED
GGGCGTACATTTATAT-1,7461,13118,0.9664438545294972,-0.320427463552867,0.6013188536865022,True,False,interface,0.0449290654202704,-0.1602137317764335,TUMOR
GGGCGTCACCACGTAA-1,12184,13581,0.3381551766188115,-0.1522170808765231,0.0684560296894642,False,False,interface,0.0322663924077149,-0.07610854043826155,MIXED
GGGCGTCCACTGGCTC-1,5893,9721,-0.4245091888025457,-0.320427463552867,-0.0105789708065092,False,False,other,0.0032316806653101,-0.1602137317764335,MIXED
GGGCGTGGTTTCCCAG-1,14751,10079,-0.648545286422076,-0.320427463552867,-0.6378992199319686,False,False,other,0.0186482318653986,-0.1602137317764335,MIXED
GGGCTACTATTTCGTG-1,12567,18560,0.7363144855868764,2.751079430996241,-0.3868513365957632,True,True,interface,0.2332069654313712,1.3755397154981206,IMMUNE_EXHAUSTED
GGGCTATGATCGATGG-1,13956,13472,-0.4761837707883322,0.2339794873086786,-0.6316178141141519,False,True,immune_core,0.1265830334659448,0.1169897436543393,MIXED
GGGCTCATCGAACCCA-1,7666,9159,-0.3418201641025757,-0.320427463552867,-0.229460560365976,False,False,other,0.0137214505514901,-0.1602137317764335,MIXED
GGGCTGCCTAGGGCGA-1,9236,11425,0.9016880470161892,0.5528442121482959,0.2287707522070366,True,True,interface,0.0228528239091144,0.27642210607414797,MIXED
GGGCTGGTTAGTCGCG-1,8838,13461,1.20083534010857,0.2339794873086786,0.5197438886067421,True,True,interface,0.0143442169236597,0.1169897436543393,TUMOR
GGGTAATGCTGTGTTT-1,4499,16845,-0.8642251442495211,-0.320427463552867,-0.086658113984238,False,False,other,0.0001572599505227,-0.1602137317764335,MIXED
GGGTACCCACGGTCCT-1,5485,16282,-0.0510460139299721,-0.320427463552867,0.3928758720857694,False,False,other,0.0001382041008294,-0.1602137317764335,MIXED
GGGTACTTCATGAACT-1,10016,14821,0.2871552917159023,-0.1522170808765231,-0.3744806495023458,False,False,interface,0.0074458204632664,-0.07610854043826155,MIXED
GGGTATGTATGCACTT-1,8241,16061,0.1222662422069249,1.50047749225989,0.6654021695254099,False,True,interface,0.0655668100378663,0.750238746129945,IMMUNE_EXHAUSTED
GGGTATTCTAGCAAAC-1,13553,17544,0.7745617050718324,-0.320427463552867,-0.201365975114117,True,False,interface,0.0172099336080823,-0.1602137317764335,TUMOR
GGGTCACCGTGACGGT-1,9624,13915,0.3304532364729205,0.1143900678974375,0.3635830294258424,False,False,interface,0.0175998967199013,0.05719503394871875,MIXED
GGGTCAGGAGCTAGAT-1,15532,13023,-0.0121704774283288,0.9221378956101488,1.1249614403077444,False,True,immune_core,0.0529330506942146,0.4610689478050744,IMMUNE_EXHAUSTED
GGGTCATGCGTACCAT-1,7057,17643,-0.3200025850498735,0.1892425577380367,0.6663262119214703,False,True,immune_core,0.002203441188829,0.09462127886901835,STROMA
GGGTCGTGGCAAGTGT-1,7671,7122,-0.1339098866927854,-0.1522170808765231,-0.0769547630853924,False,False,other,0.0013349924941948,-0.07610854043826155,MIXED
GGGTCTATCGCTTTCC-1,15153,6460,-0.688321522947005,0.0159933017998207,0.4023589252231555,False,False,other,0.0215149534306795,0.00799665089991035,MIXED
GGGTGACACCTTAACT-1,11792,12901,-0.5137413026269344,-0.320427463552867,-0.2247556288299616,False,False,interface,0.0788938742110774,-0.1602137317764335,MIXED
GGGTGCATATGAAAGC-1,8656,6559,0.5616924187162403,-0.1522170808765231,0.2656569438026568,True,False,tumor_core,0.0019441865804289,-0.07610854043826155,MIXED
GGGTGGTCCAGCCTGT-1,4118,11414,-0.850600739191554,-0.320427463552867,-0.7353305906591517,False,False,other,0.0011476202244984,-0.1602137317764335,MIXED
GGGTGTTTCAGCTATG-1,5889,11531,-0.8130148728374643,-0.320427463552867,-0.536913447420744,False,False,other,0.0040678583108022,-0.1602137317764335,MIXED
GGGTTAACATTTGAGT-1,13365,13584,0.1167795549051203,-0.1522170808765231,-0.044764632113587,False,False,interface,0.0215942869046071,-0.07610854043826155,MIXED
GGGTTCAGACGAACAA-1,6467,17076,-0.1186948481555535,-0.320427463552867,0.448154482202564,False,False,other,0.0006163560541378,-0.1602137317764335,MIXED
GGGTTTAGGATAGGAT-1,11214,7130,-0.5382813220085587,0.2339794873086786,-0.060907178162438,False,True,immune_core,0.0130613292472233,0.1169897436543393,MIXED
GGGTTTCCGGCTTCCA-1,2726,17633,-0.4972647272249942,-0.1522170808765231,2.295176403940522,False,False,other,8.608303789685069e-05,-0.07610854043826155,STROMA
GGTAAACTCTGCGCTG-1,15744,6348,-0.6162851889425005,-0.320427463552867,0.1089401157811832,False,False,other,0.0247175442527419,-0.1602137317764335,MIXED
GGTAAATGTGCGTTAC-1,4908,10058,-0.4500275423004792,0.0488662199089858,-0.6546329958490664,False,False,other,0.0024386303212343,0.0244331099544929,MIXED
GGTAACCGGGAGGATA-1,13950,16187,1.6921783232877077,0.6032731707705316,-0.2502240021100427,True,True,interface,0.0663240833354437,0.3016365853852658,IMMUNE_ACTIVE
GGTAACTATGTATCTG-1,5096,14244,-0.9913531565245204,-0.1522170808765231,-0.3679435505383652,False,False,other,0.0037363713804744,-0.07610854043826155,MIXED
GGTACAAACATGCTAT-1,10610,13125,1.5813704468069365,-0.320427463552867,0.2513370422713647,True,False,interface,0.0948950840686864,-0.1602137317764335,TUMOR
GGTACACCAGATTTAT-1,7870,5878,-0.3367881897614659,-0.320427463552867,0.0875791381786186,False,False,other,0.0028884720233333,-0.1602137317764335,MIXED
GGTACATCTGGGACGA-1,10208,17197,0.2380647342440309,-0.320427463552867,-0.156989815776638,False,False,interface,0.0038166873885866,-0.1602137317764335,MIXED
GGTACCATTAAGACGG-1,8458,7350,0.3764265957702665,-0.1522170808765231,0.1023379972418386,False,False,other,0.0128011757501958,-0.07610854043826155,MIXED
GGTACGTTGCGGCCGG-1,15743,6574,-0.274447242765106,0.3574529404143807,-0.5734324064564824,False,True,immune_core,0.0083017298526783,0.17872647020719035,MIXED
GGTACTAAGTGCTTTG-1,12793,5323,-0.2217127231177774,0.4558497065119976,0.4513357694005981,False,True,immune_core,0.0172233247695114,0.2279248532559988,MIXED
GGTAGAAGACCGCCTG-1,13174,11207,-0.4109666211284906,0.2321728077834345,-0.911235546745144,False,True,interface,0.0060933719715215,0.11608640389171725,MIXED
GGTAGACCGTTGGGCG-1,13169,13244,-0.2906098926905188,-0.320427463552867,-0.5298417347410346,False,False,other,0.0308229665487382,-0.1602137317764335,MIXED
GGTAGTGCTCGCACCA-1,9434,11086,0.3682214938121256,-0.0538203147789063,0.0285787569772562,False,False,interface,0.0249683542148286,-0.02691015738945315,MIXED
GGTATAGTGACACATA-1,9444,6334,-0.2124950834896444,0.1355827212110617,-0.3379933095998376,False,False,other,0.0141598137481251,0.06779136060553086,MIXED
GGTATGAAAGAACTGA-1,9416,19232,-0.6663152273065707,-0.320427463552867,0.1716986780697332,False,False,other,0.0007666771968963,-0.1602137317764335,MIXED
GGTATTGCCGAGTTTA-1,9232,13235,1.555016443782605,0.0488662199089858,1.6444410929056834,True,False,interface,0.0155287635182809,0.0244331099544929,TUMOR
GGTCAAGACTACTTCG-1,13182,7361,0.2002090489912228,-0.1522170808765231,-0.5627562926817552,False,False,other,0.0013234608868543,-0.07610854043826155,MIXED
GGTCACGTTAGATTCA-1,3913,14921,-0.685886860562465,-0.1522170808765231,-0.2617775824481987,False,False,other,0.0001668485386871,-0.07610854043826155,MIXED
GGTCAGTGGGTCCCAC-1,12187,12223,0.6885607375900554,-0.1522170808765231,-0.2502240021100427,True,False,interface,0.017971461759287,-0.07610854043826155,TUMOR
GGTCATTGTAGTCATA-1,5508,5647,-0.3082393514526955,-0.0326276614652821,-0.1760951253971681,False,False,other,0.0019490065947495,-0.01631383073264105,MIXED
GGTCCTTCATACGACT-1,5284,18205,-0.513769637142422,0.0488662199089858,-0.3379933095998376,False,False,other,0.0018982470174536,0.0244331099544929,MIXED
GGTCGGATAAACGGCG-1,7274,8253,-0.3283824476496771,-0.1522170808765231,-0.0951509870092636,False,False,other,6.697812589375242e-05,-0.07610854043826155,MIXED
GGTCGGCCAGGAGCTT-1,9043,9727,0.5362158256479413,0.6032731707705316,-0.0844614002294874,True,True,immune_core,0.0285327324713463,0.3016365853852658,IMMUNE_ACTIVE
GGTCGGTAATTAGACA-1,5094,15149,-0.3354030189398782,-0.320427463552867,-0.361008491334752,False,False,other,0.0012213148944078,-0.1602137317764335,MIXED
GGTCGGTCGTCCACAG-1,13760,13358,-0.3418201641025757,-0.320427463552867,-0.4227983000874394,False,False,other,0.0540837101925954,-0.1602137317764335,MIXED
GGTCGTAAGCTCGCAC-1,12373,17089,0.4171794480211853,-0.320427463552867,1.5426337347331238,False,False,interface,0.0866916200473964,-0.1602137317764335,STROMA
GGTCTCCAAGTAGTGC-1,12400,5096,-0.3092467904520251,-0.0538203147789063,0.3334150287251912,False,False,other,0.0007334981713413,-0.02691015738945315,MIXED
GGTCTCCGTCCAGGTT-1,15150,7818,0.0500486850436197,0.0488662199089858,0.3443792126378281,False,False,other,0.0171482063441297,0.0244331099544929,MIXED
GGTCTCTGAATGGACT-1,12968,15393,0.2410389521244015,-0.0538203147789063,0.9621481224268764,False,False,interface,0.0653854666027857,-0.02691015738945315,STROMA
GGTCTGAGAATCTGGA-1,8648,10179,-0.3839896422463766,-0.320427463552867,0.0892468421017539,False,False,other,0.0418706371738165,-0.1602137317764335,MIXED
GGTCTTGAGCGCTCTT-1,15534,11891,-0.4648220950594779,-0.1522170808765231,0.2247978827507044,False,False,other,0.0020553435222375,-0.07610854043826155,MIXED
GGTGAAACCGGGAATG-1,3916,13789,-0.3760021057640096,0.2884100493568959,-0.5545246203990845,False,True,immune_core,0.0019620186748081,0.14420502467844795,MIXED
GGTGAACGGGCTAGCC-1,4305,15600,-0.4272123771760666,-0.320427463552867,0.2536568610012504,False,False,other,0.0002796735993483,-0.1602137317764335,MIXED
GGTGAAGTACAGGGAT-1,11984,15051,0.6521107569499567,-0.1522170808765231,-0.1873592032307945,True,False,interface,0.015214531224559,-0.07610854043826155,TUMOR
GGTGAGATGCAGATAA-1,5881,15151,-0.3984347976986048,-0.320427463552867,0.0662202937876227,False,False,other,0.0002251175592585,-0.1602137317764335,MIXED
GGTGATAAGGAGCAGT-1,10026,10295,0.7641325081031709,0.4023315792448862,0.3337091695626238,True,True,interface,0.0874651825437424,0.2011657896224431,MIXED
GGTGATGAAGGAAGTG-1,8825,19117,-0.6693166072343872,-0.320427463552867,0.2184279919268348,False,False,other,0.0007935449662179,-0.1602137317764335,MIXED
GGTGATTTCATCTTGT-1,4504,14809,-0.8642251442495211,-0.320427463552867,-0.4227983000874394,False,False,other,0.0008729727494434,-0.1602137317764335,MIXED
GGTGCAGAGCCTATCG-1,5111,7456,-0.6479374592434296,-0.320427463552867,-0.5138982656858294,False,False,other,0.0002001970710478,-0.1602137317764335,MIXED
GGTGCGGATAAGTGGC-1,5884,14020,-0.468948176377575,-0.0538203147789063,0.2463147019141633,False,False,other,0.0037530942161626,-0.02691015738945315,MIXED
GGTGCTGATCACAAAG-1,8043,16853,0.4561297413344557,-0.0326276614652821,1.059272743946122,True,False,interface,0.0079118019952286,-0.01631383073264105,STROMA
GGTGCTGGTACACATT-1,11002,14031,0.3338145717136487,0.1355827212110617,-0.1528221173045209,False,False,interface,0.0168884371319336,0.06779136060553086,MIXED
GGTGGACCACGTGTTA-1,4127,7341,-0.2390360863135162,0.1355827212110617,0.6479111582098351,False,False,other,0.0030364052583447,0.06779136060553086,STROMA
GGTGGACTGCTCTGGC-1,13571,9624,-0.3219653024869796,-0.320427463552867,-0.4227983000874394,False,False,other,0.0060108229811486,-0.1602137317764335,MIXED
GGTGGAGGTTGATACG-1,11415,5433,0.1652700055916068,-0.320427463552867,-0.307623922145681,False,False,other,0.0024197444805475,-0.1602137317764335,MIXED
GGTGTTGGGCGTCTTA-1,12399,5322,-0.3064364537413979,-0.0538203147789063,0.9226454094604016,False,False,other,0.00365738704766,-0.02691015738945315,STROMA
GGTTACCACCCTCGGG-1,11589,15503,0.8895994437191386,0.4003831904597785,0.2298840857274027,True,True,interface,0.0561944195941499,0.20019159522988925,MIXED
GGTTACCCGACACTTT-1,9249,5316,0.2764270306882186,-0.320427463552867,-0.5872416547766728,False,False,other,0.0006931182991946,-0.1602137317764335,MIXED
GGTTAGCTATATGTCT-1,11997,9395,0.2417275279562254,-0.0538203147789063,-0.0743190460240507,False,False,interface,0.743366016061256,-0.02691015738945315,MIXED
GGTTAGGCTTGGAGAA-1,8243,15156,-0.3540776475074877,0.0488662199089858,0.3064587523596936,False,False,interface,0.012597103653962,0.0244331099544929,MIXED
GGTTAGTTACGGCGCC-1,8043,16627,0.23064220409619,-0.1522170808765231,0.9734926460095789,False,False,interface,0.0284260489575902,-0.07610854043826155,STROMA
GGTTCCCTAGTGTCTC-1,4131,5304,-0.8642251442495211,-0.1522170808765231,-0.518380133344276,False,False,other,0.0003586219320153,-0.07610854043826155,MIXED
GGTTCGGATTATACTA-1,10402,18442,-0.4080207728583802,-0.1522170808765231,-0.4430864777885785,False,False,interface,0.0378140910502026,-0.07610854043826155,MIXED
GGTTCTACTCGTCTGA-1,10426,7355,0.4001863787945128,0.6248308147095838,-0.2064328937180945,False,True,interface,0.0347112545279086,0.3124154073547919,IMMUNE_ACTIVE
GGTTGTATCGTGAAAT-1,2932,13448,-0.8573720230285815,-0.1522170808765231,-0.3306391038805955,False,False,other,0.0005926380603953,-0.07610854043826155,MIXED
GGTTGTGCTCTTGTCC-1,7450,18096,-0.5653434435194244,-0.320427463552867,0.3296017738851073,False,False,other,0.0027043242016263,-0.1602137317764335,MIXED
GGTTGTGTAGCCTGGC-1,9222,17761,-0.0959604853737501,-0.320427463552867,0.1066633382004936,False,False,other,0.0027878874422624,-0.1602137317764335,MIXED
GGTTTAATTGAGCAGG-1,7870,6104,-0.2017187459484076,0.7242003221950254,-0.1476624351148941,False,True,immune_core,0.0512340383100219,0.3621001610975127,IMMUNE_ACTIVE
GGTTTACAATCTCAAT-1,7662,10969,0.4166423786970993,0.2884100493568959,0.8982969722942057,False,True,interface,0.0154169761383187,0.14420502467844795,STROMA
GGTTTAGCCTTTCTTG-1,11803,7697,0.216981596472556,-0.1522170808765231,-0.0776791900543075,False,False,interface,0.0088496580080823,-0.07610854043826155,MIXED
GGTTTCAATCGGTCAG-1,9241,8936,-0.4432279239479642,0.7716252627067391,-0.1400540497525258,False,True,interface,0.0562521492570534,0.3858126313533696,IMMUNE_ACTIVE
GGTTTGACAAGAAGCT-1,5113,6551,-0.5324159311945439,-0.320427463552867,-0.4253434705740034,False,False,other,0.0002613231639928,-0.1602137317764335,MIXED
GGTTTGAGTGCTGGAA-1,5095,14471,-0.87080973948148,-0.320427463552867,-0.2350955065985304,False,False,other,0.002655963562752,-0.1602137317764335,MIXED
GGTTTGCGAACACGTA-1,5706,5308,-0.6790337393415252,-0.320427463552867,-0.911235546745144,False,False,other,0.0002296850569419,-0.1602137317764335,MIXED
GGTTTGTGACCTGAGG-1,14757,7364,-0.6731683485275104,0.6577037328187488,-0.6757964498884991,False,True,immune_core,0.0671866784778691,0.3288518664093744,IMMUNE_ACTIVE
GTAACAACTGACCTTG-1,4918,5759,-0.8642251442495211,-0.1522170808765231,-0.5987032561734313,False,False,interface,0.0115014178089772,-0.07610854043826155,MIXED
GTAACATCTAAGATAA-1,13774,6796,-0.30683210133366,0.1892425577380367,-0.6757964498884991,False,True,immune_core,0.0168002924150506,0.09462127886901835,MIXED
GTAACTTGCGGCAGTC-1,4701,14696,-0.5139563257474906,-0.320427463552867,0.0580268574797235,False,False,other,0.0023327418480936,-0.1602137317764335,MIXED
GTAAGCGGGCAGTCAG-1,7266,12099,0.7786311029011304,0.3154733686829467,1.004130715074565,True,True,interface,0.0175740237874676,0.15773668434147334,STROMA
GTAAGGATTTGTCGGA-1,4708,11528,-0.7300573221485134,-0.320427463552867,-0.6757964498884991,False,False,other,4.548872726436703e-05,-0.1602137317764335,MIXED
GTAAGTAACAGTCTGG-1,10617,9957,0.5198048687181361,0.0159933017998207,0.3603717017077202,True,False,interface,0.1503572329306759,0.00799665089991035,MIXED
GTAAGTAGGGTATACC-1,7850,15155,-0.1320887398129555,-0.1522170808765231,1.3037293935357288,False,False,interface,0.0008572535213163,-0.07610854043826155,STROMA
GTAAGTCCACACTCTA-1,11217,5772,0.4814657074772032,-0.320427463552867,-0.2243811568490316,True,False,tumor_core,0.0236948014291282,-0.1602137317764335,MIXED
GTAATAAAGGGCTCCC-1,8851,7577,-0.3800286951199763,0.2862370633743352,-0.6378992199319686,False,True,interface,0.0095170755463049,0.1431185316871676,MIXED
GTAATCTGATTCTTCG-1,12576,14261,0.8666447441767824,-0.320427463552867,0.0993246649815296,True,False,interface,0.0465252815711033,-0.1602137317764335,TUMOR
GTACACTTACCTGAAG-1,9825,11992,0.6557935874632659,0.4566204320332398,0.8320415152289158,True,True,interface,0.0248880900473413,0.2283102160166199,STROMA
GTACAGAGGCAAGGGT-1,10027,9843,2.281398210930385,0.8779528213229264,0.9517985677893428,True,True,interface,1.6049903255017828,0.4389764106614632,IMMUNE_EXHAUSTED
GTACGACGGCGCTGCG-1,5091,16281,-0.4948300648404543,-0.1522170808765231,-0.4760010357292991,False,False,other,0.0006356394175904,-0.07610854043826155,MIXED
GTACGAGATTGCGACA-1,6871,12777,-0.4608132761323318,0.3549066387331724,0.545101643089515,False,True,interface,0.0318398767525381,0.1774533193665862,MIXED
GTACGCTTCATTGCAC-1,11796,11091,0.0167969913447724,0.2884100493568959,-0.1325044536817202,False,True,interface,0.0261340560364007,0.14420502467844795,MIXED
GTACGTCACGTATTAA-1,4915,7116,-0.513769637142422,-0.320427463552867,-0.7164228046017538,False,False,other,0.000547237360047,-0.1602137317764335,MIXED
GTACGTTTGCCCGTCA-1,11401,11543,-0.0822636392224863,0.0488662199089858,-0.6176110422308293,False,False,other,0.0186621060526429,0.0244331099544929,MIXED
GTACTAAGATTTGGAG-1,8051,13006,1.5069747434311511,0.1357244304709254,0.9996067689392344,True,False,interface,0.0618751210779207,0.0678622152354627,TUMOR
GTACTCCCTTATCGCT-1,9816,16065,0.1745294546815991,-0.1522170808765231,0.310054777131705,False,False,other,0.0015395039931291,-0.07610854043826155,MIXED
GTACTCCTGGGTATGC-1,7866,7688,-0.513769637142422,-0.1522170808765231,-0.5807549930424943,False,False,other,0.0004812995568731,-0.07610854043826155,MIXED
GTACTGAGGTCGTAAC-1,4900,13904,-0.2175627902703585,-0.1522170808765231,-0.1616692069982166,False,False,other,0.0227663853786663,-0.07610854043826155,MIXED
GTACTGCATGAAGCGT-1,4898,14810,-0.1215593926089423,0.2170766025853298,0.1186021790185718,False,True,immune_core,0.0116159751385679,0.1085383012926649,MIXED
GTACTGGAGTTAGACC-1,9239,10067,-0.1742865524722439,0.6215137875071332,-0.1620883535138455,False,True,immune_core,0.0066368641073037,0.3107568937535666,IMMUNE_ACTIVE
GTACTTGGGCACTTCT-1,6077,15491,-0.468948176377575,-0.320427463552867,0.4608709415275693,False,False,other,0.0022809558112646,-0.1602137317764335,MIXED
GTAGAAACGGGTGGAG-1,7451,17417,-0.2076523420015679,-0.0326276614652821,0.9992996449956228,False,False,other,0.0014287262730578,-0.01631383073264105,STROMA
GTAGACAACCGATGAA-1,4114,12998,-0.7234727269165546,-0.320427463552867,-0.536913447420744,False,False,other,0.0002883463799271,-0.1602137317764335,MIXED
GTAGACACGCCTGACT-1,15141,11664,-0.0336625499948543,-0.320427463552867,0.2249014137115928,False,False,other,0.0107561009466715,-0.1602137317764335,MIXED
GTAGACGTCGTTACAT-1,5291,14810,-0.8573720230285815,0.0488662199089858,-0.2936171502623584,False,False,other,0.0046015412413557,0.0244331099544929,MIXED
GTAGAGGGAGACAAGT-1,12770,15732,0.0655243166255264,-0.320427463552867,0.2503953139910875,False,False,interface,0.0387257913877475,-0.1602137317764335,MIXED
GTAGCCAAACATGGGA-1,12583,11319,0.8344617330215255,-0.1522170808765231,-0.2691317881674407,True,False,interface,0.033929920077527,-0.07610854043826155,TUMOR
GTAGCGCTGTTGTAGT-1,3916,13563,-0.775065471518429,-0.1522170808765231,-0.6324327876578446,False,False,other,0.0005429287477926,-0.07610854043826155,MIXED
GTAGCGGCTATACACT-1,10417,11428,0.3007457598975927,-0.320427463552867,0.8693924187595213,False,False,interface,0.0148050131046079,-0.1602137317764335,STROMA
GTAGCTTCCTCTTGTT-1,8847,9161,-0.2377259727737252,-0.320427463552867,-0.2362172302267202,False,False,interface,0.0057207681947793,-0.1602137317764335,MIXED
GTAGGTGATCCGTGTA-1,6089,10287,-0.4621768925405475,-0.320427463552867,-0.6069349284561023,False,False,other,0.0008248721512716,-0.1602137317764335,MIXED
GTAGTCGCGGGAATCA-1,12389,10074,0.3208310556061963,-0.320427463552867,0.0203853206693571,False,False,other,0.1142050278797002,-0.1602137317764335,MIXED
GTAGTCTACGATATTG-1,15144,10533,-0.0189456417564708,-0.320427463552867,-0.4809837077451089,False,False,interface,0.0456591042604594,-0.1602137317764335,MIXED
GTATAATCTCCCGGAT-1,5481,17866,-0.9913531565245204,-0.320427463552867,-0.4998914938025068,False,False,other,0.0003406643931035,-0.1602137317764335,MIXED
GTATAGGACTCAGTAG-1,6674,12664,0.4015441030173278,-0.1522170808765231,-0.0973342277589653,False,False,interface,0.0085074125864089,-0.07610854043826155,MIXED
GTATATGTTACGGCGG-1,3909,16957,-0.4327915874228822,-0.1522170808765231,0.3241283636758983,False,False,other,0.0005257274272502,-0.07610854043826155,MIXED
GTATCAAACGTTAGCT-1,13574,8267,-0.0565628684304463,-0.320427463552867,-0.1528221173045209,False,False,other,0.0134372904831797,-0.1602137317764335,MIXED
GTATCAGCTTGGGTTC-1,6668,15379,0.5758554416318364,-0.320427463552867,-0.0876721645215766,True,False,tumor_core,0.0044477051108752,-0.1602137317764335,MIXED
GTATCCTTTGGTAACC-1,15344,8836,-0.6518700718543425,-0.320427463552867,-0.5138982656858294,False,False,other,0.0071278703802897,-0.1602137317764335,MIXED
GTATCGGGACGAGCTG-1,3710,17522,-0.9913531565245204,-0.320427463552867,-0.286170965601719,False,False,other,0.0003698640163062,-0.1602137317764335,MIXED
GTATCTCAGTCTTGAC-1,14146,16753,0.7053175793720353,-0.320427463552867,-0.4006605849159536,True,False,tumor_core,0.000929068481219,-0.1602137317764335,TUMOR
GTATCTTGTTGCTCAC-1,2736,13108,-0.9913531565245204,-0.320427463552867,-0.2921469699023553,False,False,other,7.888105778328177e-05,-0.1602137317764335,MIXED
GTATCTTTCATAACCA-1,11794,11770,0.6458745871849355,-0.1522170808765231,-0.0721848252890361,True,False,tumor_core,0.0019604374345188,-0.07610854043826155,TUMOR
GTATGAAATTTCACTC-1,12965,16751,1.4544901791863194,-0.0538203147789063,-0.4368050719707619,True,False,interface,0.0602912748502349,-0.02691015738945315,TUMOR
GTATGACGTGGGAAAC-1,4108,15939,-0.8642251442495211,-0.320427463552867,-0.3019522339551952,False,False,other,0.0024658351618341,-0.1602137317764335,MIXED
GTATGTGGGTCTAGTT-1,10226,8825,0.2309289479482724,0.6215137875071332,0.2535271390446168,False,True,interface,0.0129317246640224,0.3107568937535666,IMMUNE_ACTIVE
GTATTAAGGCGTCTAA-1,6666,16284,-0.7436817272064806,-0.320427463552867,-0.2362172302267202,False,False,other,0.0038594583430139,-0.1602137317764335,MIXED
GTATTAGGGTTCGCGT-1,4128,6888,0.3962713720389076,0.2170766025853298,1.220831819151126,False,True,other,0.0917157016473198,0.1085383012926649,STROMA
GTATTCTGAGAAACGA-1,12181,14939,1.5427368708267986,0.4544474460506791,-0.2125824652996763,True,True,tumor_core,0.0495660648998616,0.22722372302533955,MIXED
GTATTCTTACCGTGCT-1,4106,16844,-0.5071850419104631,-0.320427463552867,0.3811046098793013,False,False,other,0.0012745700432977,-0.1602137317764335,MIXED
GTATTTAATGGCATAA-1,12989,5663,-0.4823858928304737,-0.1522170808765231,0.5903969367316122,False,False,other,0.0027926949186918,-0.07610854043826155,MIXED
GTCAAAGAAGTGGTGT-1,13751,17205,0.214649057530325,-0.320427463552867,0.1269678034383644,False,False,interface,0.0410284612522027,-0.1602137317764335,MIXED
GTCAAAGTTTACATAG-1,5289,15942,-0.3267759737669472,-0.1522170808765231,0.6355089151076252,False,False,other,0.0004494518106593,-0.07610854043826155,STROMA
GTCAACCAGGCCTATA-1,15544,7592,0.5877995688261991,-0.320427463552867,-0.7935159983168215,True,False,interface,0.0497564681571352,-0.1602137317764335,MIXED
GTCAAGCGGACTCGGG-1,10419,10522,-0.1127742135466711,0.4003831904597785,0.0589924511057073,False,True,interface,0.1604106122133607,0.20019159522988925,MIXED
GTCAATGCTATAATTT-1,7083,5650,-0.5255628099736042,2.368458109254919,1.39704590230714,False,True,immune_core,0.3517914750918727,1.1842290546274594,IMMUNE_EXHAUSTED
GTCAATTGTACTGAAG-1,3718,14128,-0.7300573221485134,-0.320427463552867,-0.6176110422308293,False,False,other,5.80690789830487e-05,-0.1602137317764335,MIXED
GTCACAAAGTTTCCAA-1,4509,12320,-0.609513905105473,-0.320427463552867,-0.0889464865524827,False,False,other,0.0005565549494214,-0.1602137317764335,MIXED
GTCACTCTCCAAATCT-1,7258,15720,0.0046331351506548,-0.1522170808765231,0.1122620238366684,False,False,other,0.0007805371425059,-0.07610854043826155,MIXED
GTCAGAATAGTCTATG-1,8636,15610,-0.2296824891713239,-0.1522170808765231,0.8326807367831729,False,False,interface,0.0094786499658609,-0.07610854043826155,STROMA
GTCAGACAGCGTTGGA-1,4298,18768,-0.6479374592434296,-0.320427463552867,-0.0440441640669197,False,False,other,0.0062028545536368,-0.1602137317764335,MIXED
GTCAGTTGTGCTCGTT-1,4512,11188,-0.9913531565245204,-0.320427463552867,-0.2193571971717645,False,False,other,0.0122058260461641,-0.1602137317764335,MIXED
GTCAGTTTGGTAGTCG-1,8435,17759,-0.3768844513825876,0.7242003221950254,0.4589876726171639,False,True,immune_core,0.0277835085855013,0.3621001610975127,IMMUNE_ACTIVE
GTCATCTCCTACAGCT-1,5088,17865,-0.8573720230285815,-0.320427463552867,0.2429807472265233,False,False,other,0.000295361654093,-0.1602137317764335,MIXED
GTCATGCACCTCCGTT-1,8447,12328,1.5318329501630932,1.8833085710532875,0.4015427006430548,True,True,interface,0.2154632737421612,0.9416542855266438,IMMUNE_EXHAUSTED
GTCATGCGCGAGGGCT-1,15346,8157,0.329174163817695,-0.1522170808765231,-0.3868513365957632,False,False,interface,0.0163523284373233,-0.07610854043826155,MIXED
GTCATGGACATGACTA-1,7856,12214,1.7672027045189664,0.1355827212110617,0.8894228539446861,True,False,interface,0.0889212307029861,0.06779136060553086,TUMOR
GTCATTAGAGCGAACG-1,10023,11653,1.1775753294469744,0.8918440097561949,0.5198713227289317,True,True,interface,0.0764021236017279,0.44592200487809747,IMMUNE_EXHAUSTED
GTCATTGCATTGACCC-1,8829,17307,0.1289920714424953,0.1892425577380367,0.781725878710116,False,True,immune_core,0.0275197781032278,0.09462127886901835,STROMA
GTCCAATATTTAGCCT-1,15531,13249,-0.2644536642026657,0.2170766025853298,1.6786492060090192,False,True,interface,0.0158740391937007,0.1085383012926649,STROMA
GTCCATTACTGCTACG-1,11017,7243,-0.6097005937105415,0.4544474460506791,-0.6176110422308293,False,True,immune_core,0.0169682154992738,0.22722372302533955,MIXED
GTCCCAACGTAAAGTA-1,9237,10972,1.1111692904259625,0.5550171981308567,0.0090543929065795,True,True,interface,0.0235010416207525,0.27750859906542835,MIXED
GTCCCAATCATCCCGC-1,10991,19009,0.307916898657067,-0.320427463552867,0.42852300943395,False,False,other,0.0042824392757141,-0.1602137317764335,MIXED
GTCCCGCGACGTTATG-1,14161,9965,-0.122988670008339,-0.320427463552867,-0.4227983000874394,False,False,other,0.0051877439043625,-0.1602137317764335,MIXED
GTCCGAGAGCAATCAT-1,9024,18326,-0.2844612735168023,-0.1522170808765231,0.2212119118819691,False,False,other,0.0032419682759784,-0.07610854043826155,MIXED
GTCCGGACCTGAAATT-1,13375,9284,-0.659543943469543,-0.320427463552867,-0.1744274214740328,False,False,other,0.0143583908746364,-0.1602137317764335,MIXED
GTCCGGCTGAATTGCG-1,8247,13346,1.703325494733239,1.4999107971447154,1.3746829897988684,True,True,interface,0.0450338484835906,0.7499553985723577,IMMUNE_EXHAUSTED
GTCCTACAGGCGGCTC-1,6270,17415,-0.1594282401907189,-0.0538203147789063,-0.005457524591654,False,False,other,0.0019779811209172,-0.02691015738945315,MIXED
GTCCTACGAATAGTCT-1,13179,8945,-0.4693841524358172,-0.320427463552867,0.1582146574559497,False,False,other,0.0043458026669377,-0.1602137317764335,MIXED
GTCCTACTCTACGGGC-1,13354,18562,0.5915736524870688,-0.0538203147789063,-0.239577374256977,True,False,tumor_core,0.0049813739692468,-0.02691015738945315,MIXED
GTCCTATTGTTGTGGT-1,8433,18438,-0.4247777147915266,0.6215137875071332,0.7789525299621928,False,True,immune_core,0.0286633401558583,0.3107568937535666,IMMUNE_ACTIVE
GTCCTTCTACAACCCA-1,7055,18548,-0.850600739191554,-0.320427463552867,0.6941339701816193,False,False,other,0.00288773533929,-0.1602137317764335,STROMA
GTCCTTCTAGTGGGTT-1,4711,9944,-0.4313623100234854,-0.320427463552867,-0.5734324064564824,False,False,interface,0.0038351655181673,-0.1602137317764335,MIXED
GTCCTTTAATGACTTC-1,4323,7454,-0.551905727066526,-0.320427463552867,-0.6546329958490664,False,False,other,0.0030523262538951,-0.1602137317764335,MIXED
GTCGATAGGTGACTTT-1,13186,5550,-0.3028673760954307,-0.320427463552867,0.6157224103531929,False,False,other,0.001566305939577,-0.1602137317764335,STROMA
GTCGCCGTTGTGTGTT-1,13954,14377,0.3452898417955419,0.2170766025853298,-0.4998914938025068,False,True,interface,0.0365062514209012,0.1085383012926649,MIXED
GTCGCGTAACCCGTTG-1,10419,10749,0.9288463867322598,-0.1522170808765231,-0.0952000070239506,True,False,interface,0.3461482042493349,-0.07610854043826155,TUMOR
GTCGGAAGGATACCAG-1,5310,6212,-0.6097005937105415,-0.320427463552867,0.2935654115808574,False,False,other,0.0028771121599528,-0.1602137317764335,MIXED
GTCGGATATCTCAGAC-1,9031,15158,0.1191288140515474,-0.320427463552867,1.3000381197087931,False,False,other,0.0090912627667551,-0.1602137317764335,STROMA
GTCGGATGTAGCGCGC-1,6088,10513,-0.1677376896798893,-0.320427463552867,-0.2691317881674407,False,False,other,0.0025664461232398,-0.1602137317764335,MIXED
GTCGGGAACATGGTAG-1,10598,18782,0.3977505113640623,-0.320427463552867,-0.3539367786550427,False,False,other,0.0043877887976115,-0.1602137317764335,MIXED
GTCGGGAAGCAGAAAC-1,14353,11889,-0.2906098926905188,-0.1522170808765231,-0.3000960796433071,False,False,other,0.0018313473451447,-0.07610854043826155,MIXED
GTCGTACCATCTCGGG-1,11793,12223,-0.4462293038757807,-0.0538203147789063,-0.3859422508991043,False,False,interface,0.0362068163255908,-0.02691015738945315,MIXED
GTCGTACCTACGATTG-1,10008,18215,0.5468942338900982,-0.320427463552867,-0.197198276642,True,False,interface,0.0439333375741827,-0.1602137317764335,MIXED
GTCGTATTGGCGTACA-1,6486,8477,-0.4775406070944324,-0.1522170808765231,-0.911235546745144,False,False,interface,0.0036713467504693,-0.07610854043826155,MIXED
GTCGTCAATTATAAGG-1,4899,14131,-0.8642251442495211,-0.320427463552867,-0.911235546745144,False,False,other,0.0032560219087645,-0.1602137317764335,MIXED
GTCGTCTGGTTGGCTA-1,8659,5427,0.589139197988362,-0.320427463552867,-0.5298417347410346,True,False,tumor_core,0.0063143239423292,-0.1602137317764335,MIXED
GTCGTGTCTGGTCATC-1,8262,6784,-0.2399124394811434,-0.320427463552867,-0.6757964498884991,False,False,other,0.0009682299355471,-0.1602137317764335,MIXED
GTCGTTATTCGCTTAT-1,11797,10639,2.302169430122457,-0.320427463552867,-0.4405664715825412,True,False,interface,0.3231620538696705,-0.1602137317764335,TUMOR
GTCTACTCAATTACAA-1,10009,17762,-0.0297477372568041,-0.320427463552867,0.4250764094607461,False,False,other,0.0024991224043566,-0.1602137317764335,MIXED
GTCTAGTGAGCCGCTT-1,15738,8837,-0.2364537730083515,0.2862370633743352,1.4686726637480838,False,True,interface,0.0178415274886901,0.1431185316871676,STROMA
GTCTATCTGAGTTTCT-1,10607,14483,1.1358600294160694,0.5554232444035071,-0.2362172302267202,True,True,interface,0.0291451047188431,0.27771162220175355,MIXED
GTCTATTGCATGCTCG-1,15544,7366,-0.1011693060747369,0.4558497065119976,-0.5987032561734313,False,True,interface,0.0360620278992413,0.2279248532559988,MIXED
GTCTATTGGTTCCGGT-1,12588,9056,-0.1280981700543417,-0.1522170808765231,-0.3190855235424395,False,False,other,0.0119702782238868,-0.07610854043826155,MIXED
GTCTCAAGGCCCGGCT-1,14550,11776,-0.0954031641210892,-0.320427463552867,-0.5872416547766728,False,False,other,0.0023741896429858,-0.1602137317764335,MIXED
GTCTCCTGCCAGTATG-1,14340,17772,-0.3442786780164374,-0.0326276614652821,-0.279807901942168,False,False,interface,0.0054869230367975,-0.01631383073264105,MIXED
GTCTCGACTAAGTTTG-1,7672,6670,-0.577504951882249,0.4003831904597785,0.6899530733245723,False,True,immune_core,0.0133948593450638,0.20019159522988925,STROMA
GTCTCGATCTGCTTTC-1,6680,10175,-0.4623635811456162,-0.1522170808765231,-0.2240440666964349,False,False,other,0.000392545123628,-0.07610854043826155,MIXED
GTCTGGGCGGTCGAGA-1,11789,14259,0.2365679320991712,-0.320427463552867,-0.3679435505383652,False,False,interface,0.0458012927101738,-0.1602137317764335,MIXED
GTCTTAGTACAGCCGG-1,5104,10398,-0.6491076069444611,-0.320427463552867,-0.536913447420744,False,False,other,0.0009882572128416,-0.1602137317764335,MIXED
GTCTTCCTCACCTAAG-1,8628,19230,-0.5967271878313728,-0.320427463552867,0.9646527463862417,False,False,other,0.0007827394489743,-0.1602137317764335,STROMA
GTCTTGAGGAGCAGTG-1,10232,6110,1.3494814012880518,0.2648891764873584,-0.1332751205511186,True,True,interface,0.0138799250314369,0.1324445882436792,TUMOR
GTCTTGTAGCTATTCA-1,11412,6565,-0.8642251442495211,-0.320427463552867,-0.7049612032049952,False,False,other,0.0057673878831417,-0.1602137317764335,MIXED
GTGAAACGGCGCCACC-1,7469,9271,-0.2594852780769358,0.2170766025853298,-0.2387624007132842,False,True,immune_core,0.0045621071446146,0.1085383012926649,MIXED
GTGAAACGTGCTCCAC-1,4897,15036,-0.5273940422003892,-0.0326276614652821,-0.2240440666964349,False,False,other,0.0007179906555198,-0.01631383073264105,MIXED
GTGAACTCCCATTCGA-1,8654,7464,-0.4553237713196078,-0.320427463552867,-0.0195548430497541,False,False,other,0.029701947812318,-0.1602137317764335,MIXED
GTGAAGATTTCAAGTG-1,6882,7573,-0.1948372902119803,0.9662904533241436,-0.3868513365957632,False,True,immune_core,0.0898143109161192,0.4831452266620718,IMMUNE_EXHAUSTED
GTGAAGCCGTATAGTC-1,6883,7121,-0.3945830564054816,-0.1522170808765231,-0.536913447420744,False,False,other,0.000858116762764,-0.07610854043826155,MIXED
GTGAAGTCACGACTCG-1,12370,18446,1.1136613002300275,0.3549066387331724,-0.4430864777885785,True,True,interface,0.0687130884817224,0.1774533193665862,MIXED
GTGACAGCTTCCCACT-1,15340,10873,1.0039454465992768,0.5048764046729147,0.4433220513864718,True,True,interface,0.132377785657023,0.25243820233645736,MIXED
GTGACCGCACACTACG-1,10423,8939,0.7924533488027666,-0.1522170808765231,-0.3000960796433071,True,False,interface,0.0934015794907043,-0.07610854043826155,TUMOR
GTGACCTAAAGAATAA-1,8659,5201,0.4680279910243046,-0.1522170808765231,-0.253985401721822,True,False,tumor_core,0.0064371233076472,-0.07610854043826155,MIXED
GTGACGAGGGTGACCC-1,9050,6333,-0.1575346522175925,0.6215137875071332,-0.4760010357292991,False,True,immune_core,0.0256589792745548,0.3107568937535666,IMMUNE_ACTIVE
GTGACGCAGGTTTCAT-1,15537,10760,1.000480113104728,-0.1522170808765231,0.5417427209514832,True,False,interface,0.086267859689045,-0.07610854043826155,TUMOR
GTGACTTCAGTAGTGC-1,11790,13580,0.3037728202670963,-0.1522170808765231,-0.4430864777885785,False,False,interface,0.0062540591055954,-0.07610854043826155,MIXED
GTGAGCGTGCTGCACT-1,9225,16403,1.014432322891046,-0.320427463552867,-0.0204783470123151,True,False,interface,0.0231685111926834,-0.1602137317764335,TUMOR
GTGAGGACACTTAAGG-1,10813,10523,0.294349438498668,-0.320427463552867,0.4474828583367751,False,False,interface,0.1121074724081068,-0.1602137317764335,MIXED
GTGAGGAGCGGTTGAG-1,5303,9380,-0.7234727269165546,-0.0326276614652821,-0.286170965601719,False,False,other,0.0008417369659203,-0.01631383073264105,MIXED
GTGAGTCTAAGACGGA-1,7647,17983,-0.5003035861740358,0.1892425577380367,0.6709343483175747,False,True,immune_core,0.0157857399472704,0.09462127886901835,STROMA
GTGAGTGGTACAACGC-1,12973,12904,2.0966393943808557,0.3366660219965708,-0.5872416547766728,True,True,interface,0.1180320406118585,0.1683330109982854,MIXED
GTGATCACTAACGCCT-1,11999,8263,0.072273002894256,-0.1522170808765231,-0.1400540497525258,False,False,interface,0.2403579155528899,-0.07610854043826155,MIXED
GTGATCATAGATCTGC-1,11595,12788,-0.2485344100533864,-0.1522170808765231,0.550365486040067,False,False,interface,0.0131310835016247,-0.07610854043826155,MIXED
GTGATCCTTGTCATGA-1,14949,9740,-0.596262877257643,-0.1522170808765231,-0.305078751659117,False,False,other,0.0014359719182752,-0.07610854043826155,MIXED
GTGATGCACAACATCT-1,5109,8361,-0.8642251442495211,-0.1522170808765231,-0.1469419670682268,False,False,other,0.00061296380047,-0.07610854043826155,MIXED
GTGATTCGCCGCTCAA-1,12182,14712,1.2033209288624491,-0.0538203147789063,0.1761339332904447,True,False,interface,0.0180527935229361,-0.02691015738945315,TUMOR
GTGCAACAAATGTGGC-1,5494,12209,0.1641938640796713,-0.1522170808765231,0.0294967485870557,False,False,other,0.0007439805028891,-0.07610854043826155,MIXED
GTGCACCAGCTTCAAC-1,15729,13136,-0.1833172603935448,0.6427064408207573,1.0023593089431473,False,True,interface,0.038486625118499,0.32135322041037867,IMMUNE_ACTIVE
GTGCACGAAAGTGACT-1,6087,11192,-0.0133948041652324,0.1355827212110617,-0.7246544768844247,False,False,other,0.0116735119702415,0.06779136060553086,MIXED
GTGCCATCACACGGTG-1,10999,15389,0.0114253318789272,0.910457630814608,-0.3141933981014073,False,True,interface,0.0999942339660485,0.455228815407304,IMMUNE_EXHAUSTED
GTGCCCGTTCGGATTC-1,10421,9617,1.1364282741522624,0.3154733686829467,-0.0204783470123151,True,True,immune_core,0.1219326517532459,0.15773668434147334,MIXED
GTGCCGCTTCAAAGGT-1,11395,14258,-0.1467147959385603,-0.1522170808765231,-0.2362172302267202,False,False,interface,0.0183618307131316,-0.07610854043826155,MIXED
GTGCCTAGCTATGCTT-1,5284,17978,-0.9913531565245204,-0.320427463552867,0.081661099581112,False,False,other,0.0005382278296643,-0.1602137317764335,MIXED
GTGCCTCAGTGTACGG-1,4911,8700,-0.8573720230285815,-0.1522170808765231,-0.067170535377151,False,False,other,0.0004692894742428,-0.07610854043826155,MIXED
GTGCGAAATCGAACAC-1,11592,14372,0.8454359336040401,0.1355827212110617,0.1071405776218133,True,False,interface,0.010336211679998,0.06779136060553086,TUMOR
GTGCGACAGGGAGTGT-1,9834,7919,0.0017822217835837,0.4023315792448862,0.4662427276243607,False,True,interface,0.0405493616692984,0.2011657896224431,MIXED
GTGCGCAGCTTGCTCC-1,3715,15486,-0.9913531565245204,-0.320427463552867,-0.6176110422308293,False,False,other,0.0005913753617414,-0.1602137317764335,MIXED
GTGCGCTTACAAATGA-1,2734,14013,-0.9913531565245204,-0.320427463552867,-0.5627562926817552,False,False,other,0.0006425203555066,-0.1602137317764335,MIXED
GTGCGGGACCATCGGC-1,3914,14694,-0.6382456667963753,-0.320427463552867,-0.5545246203990845,False,False,other,0.0005101195668583,-0.1602137317764335,MIXED
GTGCGGGTCTCCAAAT-1,6674,12890,0.6717460598884675,-0.0538203147789063,1.5133657634703055,True,False,interface,0.0076548877332662,-0.02691015738945315,TUMOR
GTGCGTGTATATGAGC-1,10814,9845,0.3150370891866864,-0.320427463552867,0.0434005024042716,False,False,interface,0.0255846583231118,-0.1602137317764335,MIXED
GTGCTCAAGTACTGTC-1,9429,13349,0.5447168327606399,0.4544474460506791,1.4019605333092895,True,True,interface,0.0324606363965373,0.22722372302533955,STROMA
GTGCTGCAGATAAGGA-1,10008,18441,-0.1085412905458051,-0.320427463552867,-0.060907178162438,False,False,interface,0.0003784204137371,-0.1602137317764335,MIXED
GTGCTTACATCAGCGC-1,11807,6113,-0.4693841524358172,-0.1522170808765231,-0.5842984473731351,False,False,other,0.004936036748475,-0.07610854043826155,MIXED
GTGGAACCTACATGCG-1,5696,10060,-0.527179019079833,0.0488662199089858,-0.1610392855263269,False,False,other,0.0034280829727564,0.0244331099544929,MIXED
GTGGACCAACCCGATT-1,11588,15956,1.3454361429060466,-0.0538203147789063,0.59579920357681,True,False,interface,0.0051573370642386,-0.02691015738945315,TUMOR
GTGGACGCATTTGTCC-1,13763,12001,-0.1540775521823179,-0.0538203147789063,-0.7246544768844247,False,False,interface,0.1381878112686423,-0.02691015738945315,MIXED
GTGGACGTGCTGAGAC-1,6079,14812,-0.0970289832344075,-0.320427463552867,-0.2732391838449573,False,False,other,0.0004955498549078,-0.1602137317764335,MIXED
GTGGAGCATGTCGGCC-1,10037,5091,-0.1721467522256734,-0.1522170808765231,-0.4809837077451089,False,False,other,0.0001663448949772,-0.07610854043826155,MIXED
GTGGAGCGTTTACCGA-1,14144,17432,0.1395259016326742,-0.1522170808765231,-0.0551140299586827,False,False,other,0.0011932652827412,-0.07610854043826155,MIXED
GTGGAGTCGGCGGTTG-1,13362,14941,0.61128097648139,0.3574529404143807,0.5299225000473019,True,True,interface,0.0619773662693384,0.17872647020719035,MIXED
GTGGCAAACAGCGGCA-1,12570,16976,0.2790534598317206,0.3366660219965708,0.2686642898435526,False,True,interface,0.1858480685800414,0.1683330109982854,MIXED
GTGGCCTAATATCATT-1,9613,19119,-0.6343130541854624,-0.320427463552867,0.1565879843514166,False,False,other,0.0033213803175345,-0.1602137317764335,MIXED
GTGGCGGTCCCAGCGT-1,10602,16972,0.3498082957455058,0.7959070846652391,-0.1400540497525258,False,True,interface,0.0510080401731342,0.39795354233261954,IMMUNE_ACTIVE
GTGGGAAGACTGAATC-1,11585,17540,0.5913087971707321,-0.320427463552867,-0.2450438065311007,True,False,interface,0.0226678445337934,-0.1602137317764335,MIXED
GTGGGCTTAGACACAC-1,8441,14817,0.4054154903422054,-0.1522170808765231,1.4202126179265926,False,False,interface,0.0715652972555594,-0.07610854043826155,STROMA
GTGGGTACTGAGCGTA-1,12566,19013,0.7092756517431306,0.2862370633743352,0.3421627378517392,True,True,interface,0.0061584630291502,0.1431185316871676,TUMOR
GTGGGTCTTCTTTGCG-1,3121,17182,-0.7436817272064806,-0.320427463552867,-0.2416950998194019,False,False,other,0.0001136047066263,-0.1602137317764335,MIXED
GTGGTATAGTCTGCCG-1,13954,14603,0.2194219980041894,-0.1522170808765231,-0.4113366986906808,False,False,interface,0.0257377506201194,-0.07610854043826155,MIXED
GTGGTCAGCGAAGTAT-1,4320,8812,0.0060196803409786,0.2884100493568959,0.6140686737101965,False,True,immune_core,0.0077538750401968,0.14420502467844795,STROMA
GTGGTGGCCAAGTGAA-1,11601,10299,0.2840859918210447,0.4558497065119976,-0.0430316669600948,False,True,interface,0.0418660087091643,0.2279248532559988,MIXED
GTGGTTACTTCTTTCG-1,8851,7351,-0.3757159251968104,0.6032731707705316,-0.5138982656858294,False,True,immune_core,0.0234214601719042,0.3016365853852658,IMMUNE_ACTIVE
GTGGTTTCCGCCTTTC-1,10999,15615,0.5638119824585521,0.5528442121482959,0.1822835048720265,True,True,interface,0.0229868219421292,0.27642210607414797,MIXED
GTGTACCTTGGCTACG-1,7860,10404,0.2355090442456032,-0.0538203147789063,-0.0394677909114477,False,False,other,0.0030694241651347,-0.02691015738945315,MIXED
GTGTACGAACCGTTCC-1,11219,4867,-0.2324449540812053,-0.320427463552867,-0.6378992199319686,False,False,other,0.0042896694464827,-0.1602137317764335,MIXED
GTGTATATCAGCGGGC-1,14159,10644,0.0301086390476811,-0.0538203147789063,-0.044764632113587,False,False,other,0.0066296481649135,-0.02691015738945315,MIXED
GTGTATGACTTTAAAG-1,3717,14581,-0.4924059794314733,0.1892425577380367,-0.166195749191362,False,True,immune_core,0.0039910731711343,0.09462127886901835,MIXED
GTGTCGTATAGCGTTC-1,13372,10642,-0.6663152273065707,-0.320427463552867,-0.7935159983168215,False,False,other,0.0193451419596393,-0.1602137317764335,MIXED
GTGTCGTATTCACCTT-1,4523,5984,-0.4245091888025457,-0.320427463552867,-0.4809837077451089,False,False,other,0.007736954002907,-0.1602137317764335,MIXED
GTGTGAATAACTTAGG-1,9239,9841,-0.2719862363266909,0.4987799565573952,-0.1864839268925011,False,True,interface,0.0040929643977784,0.2493899782786976,MIXED
GTGTGAGCCGAGGTGC-1,2928,15484,-0.4879769436195145,-0.320427463552867,1.2972535961787854,False,False,other,0.0005053754227683,-0.1602137317764335,STROMA
GTGTGTCGACGTCGCT-1,5676,18884,-0.5205944238478741,-0.320427463552867,0.0197904166476473,False,False,other,0.0024396428768987,-0.1602137317764335,MIXED
GTGTTACTATGCGTCC-1,10812,10750,0.91171936821791,-0.1522170808765231,0.8309012102808582,True,False,interface,0.0907930496876302,-0.07610854043826155,TUMOR
GTTAAAGTAGGACTGG-1,12389,9848,-0.3430789904600204,-0.320427463552867,-0.5138982656858294,False,False,other,0.039616921071812,-0.1602137317764335,MIXED
GTTAACATCACTTAAA-1,13568,10982,-0.4883727064799541,-0.1522170808765231,-0.5487495207984325,False,False,other,0.0004882964655429,-0.07610854043826155,MIXED
GTTAACTATGTTGTCA-1,11215,6678,-0.7436817272064806,-0.1522170808765231,-0.536913447420744,False,False,other,0.0264907116619012,-0.07610854043826155,MIXED
GTTAAGGGTGCGATGT-1,14749,11211,-0.1619315754022351,0.1355827212110617,0.2681634854861893,False,False,interface,0.0187720158369027,0.06779136060553086,MIXED
GTTAAGTTAGAGTGGG-1,9838,6109,-0.3866132903519351,-0.1522170808765231,-0.5807549930424943,False,False,interface,0.0117713898099514,-0.07610854043826155,MIXED
GTTAATGTCTATCTTA-1,8631,17872,-0.4367525345492825,-0.320427463552867,1.3266581697538278,False,False,other,0.0027025914952466,-0.1602137317764335,STROMA
GTTACAATTGGTGACG-1,10014,15500,-0.3016547562207367,-0.1522170808765231,-0.5380734070237054,False,False,interface,0.0039105136120111,-0.07610854043826155,MIXED
GTTACCTACAACTTGC-1,11992,11657,0.159965684216586,-0.320427463552867,0.2148235908318171,False,False,interface,0.009531342063643,-0.1602137317764335,MIXED
GTTACGAAATCCACGC-1,3321,15485,-0.87080973948148,-0.320427463552867,-0.518380133344276,False,False,other,0.0001291838853842,-0.1602137317764335,MIXED
GTTACGGCCCGACTGC-1,3323,14806,-0.8642251442495211,-0.320427463552867,0.0482720306566856,False,False,other,5.27882314274411e-05,-0.1602137317764335,MIXED
GTTACTTTGGGCCTAG-1,11200,13466,0.989603342708531,-0.0538203147789063,0.2711450972131487,True,False,interface,0.0723445104971491,-0.02691015738945315,TUMOR
GTTAGAGTGTGCCGCT-1,4119,10735,-0.0528862241483599,-0.1522170808765231,0.0692433476652828,False,False,other,0.0031120664383364,-0.07610854043826155,MIXED
GTTAGCCCATGACATC-1,15931,10761,-0.5205944238478741,0.3852869852616737,0.2697726459601339,False,True,immune_core,0.0319514413105288,0.19264349263083685,MIXED
GTTAGCCGTAAATCAA-1,8656,6785,0.0410837143171332,-0.320427463552867,-0.112811180002291,False,False,interface,0.0060175674772384,-0.1602137317764335,MIXED
GTTAGGCTACCCGTTT-1,13356,17657,0.9817295998340944,0.4770423598256217,0.2669979487848509,True,True,interface,0.0057265534813458,0.23852117991281085,MIXED
GTTATAATACGGTGAA-1,13183,7134,-0.4500275423004792,0.0159933017998207,-0.2053917129498991,False,False,other,0.0027338313053192,0.00799665089991035,MIXED
GTTATATCAGGAGCCA-1,7279,6216,-0.9913531565245204,-0.320427463552867,-0.7049612032049952,False,False,other,0.0140256612253218,-0.1602137317764335,MIXED
GTTATATTATCTCCCT-1,12186,12902,-0.2822967729941153,0.3549066387331724,0.0090760668981485,False,True,interface,0.036113046727684,0.1774533193665862,MIXED
GTTATCACCTTCTGAA-1,3918,12658,-0.3327793708343197,-0.320427463552867,-0.00238553449861,False,False,other,5.482040545957981e-05,-0.1602137317764335,MIXED
GTTATTAACGTGGGAG-1,7058,17190,-0.3733807547744009,0.4558497065119976,0.3293067867307866,False,True,immune_core,0.0112529443809094,0.2279248532559988,MIXED
GTTCAAATCAGATGTC-1,7053,19227,-0.87080973948148,-0.320427463552867,1.0610898053839075,False,False,other,0.005632164613774,-0.1602137317764335,STROMA
GTTCACAGGAGTCTAG-1,9030,15384,0.0633892442691691,0.1355827212110617,0.5576376353962769,False,False,other,0.0235482127339879,0.06779136060553086,MIXED
GTTCATCGTTTGGCTG-1,9245,7352,-0.4043820258965319,0.2321728077834345,-0.1911295087557143,False,True,interface,0.0462796496821423,0.11608640389171725,MIXED
GTTCCAAGACAGCGAC-1,3516,16277,-0.8642251442495211,-0.320427463552867,-0.536913447420744,False,False,other,0.0004896846151325,-0.1602137317764335,MIXED
GTTCCAGTCTGACCAT-1,6082,13228,-0.1828789831891013,0.1355827212110617,0.0838177385668394,False,False,other,0.0028450229813051,0.06779136060553086,MIXED
GTTCCCGTAAACATAT-1,14367,5779,-0.1703256053458435,-0.1522170808765231,-0.2792741423728774,False,False,other,0.011553243918532,-0.07610854043826155,MIXED
GTTCGCCATAAGTGCC-1,10019,13237,1.181953799232984,0.6452527425019656,0.9245306563498916,True,True,interface,0.163550845188656,0.3226263712509828,IMMUNE_ACTIVE
GTTCGCTGAGACGTCT-1,13183,6908,-0.4406500936289651,0.1143900678974375,-0.7493373625424743,False,False,other,0.0015065524728001,0.05719503394871875,MIXED
GTTCGGAGCACTCAAC-1,15350,6347,-0.5677781059039644,0.7418428290743384,0.7893186279830323,False,True,immune_core,0.0351735936895664,0.3709214145371692,IMMUNE_ACTIVE
GTTCGGATCGGGAACA-1,11412,6791,-0.6545220544753885,-0.320427463552867,-0.5987032561734313,False,False,other,0.0012328242031779,-0.1602137317764335,MIXED
GTTCGGGCGTACCATT-1,9049,7012,0.3523976015519472,-0.1522170808765231,-0.2502240021100427,False,False,interface,0.0605522161800154,-0.07610854043826155,MIXED
GTTCGTCTAAAGAACT-1,12784,9170,-0.4500810451689039,-0.1522170808765231,-0.257049171211933,False,False,other,0.0013862792074478,-0.07610854043826155,MIXED
GTTCGTCTGGGTCCCT-1,6886,5763,-0.7898600242774277,-0.1522170808765231,-0.518380133344276,False,False,other,0.0603626395096852,-0.07610854043826155,MIXED
GTTCGTTGCGGACCAG-1,2731,15144,-0.7898600242774277,-0.320427463552867,0.9688859508671718,False,False,other,0.0002726088123569,-0.1602137317764335,STROMA
GTTCTTCCCTCGATGT-1,5688,13454,-0.5451344432294983,-0.320427463552867,-0.4006605849159536,False,False,other,0.0029074679495274,-0.1602137317764335,MIXED
GTTGAACCGGTTCCAT-1,11000,14710,0.6949904692419505,0.8127675461177841,0.4940619916073348,True,True,interface,0.0019881830830041,0.40638377305889206,IMMUNE_EXHAUSTED
GTTGAGTCCCGCCGGT-1,12979,10415,1.1063502941635206,0.3574529404143807,-0.3744806495023458,True,True,interface,0.0572512926330915,0.17872647020719035,MIXED
GTTGCACGGAGTTTCG-1,7459,13797,0.7910332314101145,0.0701449498350903,0.9588837174851128,True,False,interface,0.0101462722369007,0.03507247491754515,TUMOR
GTTGCGCTAACATTAC-1,10823,5772,-0.1488896218097762,-0.320427463552867,-0.6316178141141519,False,False,other,0.0086192603912733,-0.1602137317764335,MIXED
GTTGCGGACGGTCAGG-1,13186,5777,-0.2971944879224776,-0.1522170808765231,0.2937629351439895,False,False,other,0.0027664534598044,-0.07610854043826155,MIXED
GTTGGACCGCATCAGG-1,6689,6102,-0.7789980841293419,-0.320427463552867,-0.6176110422308293,False,False,other,0.0026183269208809,-0.1602137317764335,MIXED
GTTGGATTCAGTGGCT-1,5896,8363,-0.8642251442495211,-0.1522170808765231,-0.7935159983168215,False,False,other,0.0116321146270903,-0.07610854043826155,MIXED
GTTGGATTGAGAACAC-1,9044,9275,0.150570752274,-0.320427463552867,0.1137590735922265,False,False,interface,0.0164853505207968,-0.1602137317764335,MIXED
GTTGGATTTGCGTTGG-1,9822,13576,0.5700498794874194,-0.320427463552867,0.9363725915936052,True,False,interface,0.0901904061661589,-0.1602137317764335,STROMA
GTTGGTCATGCTATCC-1,13565,12113,1.4802525576409826,-0.1522170808765231,-0.0522376003748188,True,False,interface,0.146372310339296,-0.07610854043826155,TUMOR
GTTGTCGTGTTAGTTG-1,5687,13906,-0.7898600242774277,-0.320427463552867,-0.2799978290840934,False,False,other,0.001080930402709,-0.1602137317764335,MIXED
GTTGTTACATTGCGCT-1,5114,5872,0.6974676400144547,0.6452527425019656,1.2665411234662003,True,True,immune_core,0.0182060848983159,0.3226263712509828,IMMUNE_ACTIVE
GTTTACGTTCCATCTG-1,12188,11997,-0.4775406070944324,-0.320427463552867,-0.3868513365957632,False,False,interface,0.0108249439916084,-0.1602137317764335,MIXED
GTTTATGGGATTTAGA-1,7055,18322,-0.8642251442495211,-0.0326276614652821,0.25694699530063,False,False,other,0.0017269964274914,-0.01631383073264105,MIXED
GTTTCAAACGAGTTGT-1,14758,6912,-0.2838386088534913,0.7444202341208247,-0.3084388956893737,False,True,immune_core,0.0047755524715353,0.37221011706041235,IMMUNE_ACTIVE
GTTTCATATCGTCGCT-1,10407,16179,-0.4353673637276948,-0.320427463552867,-0.6757964498884991,False,False,other,0.0049305612831895,-0.1602137317764335,MIXED
GTTTCCTGGAGGGTGA-1,7656,13684,0.8380421786513749,-0.0538203147789063,0.5324264054971731,True,False,interface,0.0131063948880258,-0.02691015738945315,TUMOR
GTTTCTGCAGTCTCCC-1,10615,11089,1.527292980377305,0.6730867873492586,-0.2429518527538329,True,True,interface,0.0971123845500577,0.3365433936746293,IMMUNE_ACTIVE
GTTTGACCAAATCCTA-1,8643,12668,0.7126813933264493,0.0701449498350903,0.7761158346869835,True,False,interface,0.1078270234456746,0.03507247491754515,TUMOR
GTTTGAGCGGTTATGT-1,2733,14465,-0.9913531565245204,-0.320427463552867,-0.5872416547766728,False,False,other,0.0005283998769532,-0.1602137317764335,MIXED
GTTTGGCCCAAGTTAT-1,11010,10184,0.1706953290179805,-0.0538203147789063,0.6560285290499211,False,False,interface,0.0201025282005715,-0.02691015738945315,STROMA
GTTTGGCCGCTCAGCG-1,5093,15602,-0.8130148728374643,-0.320427463552867,-0.2249531523930938,False,False,other,0.0013528021615423,-0.1602137317764335,MIXED
GTTTGGGCTTGTGAGC-1,12778,11885,1.060859661654863,0.2170766025853298,0.0667471971934058,True,True,interface,0.0293795783265197,0.1085383012926649,TUMOR
GTTTGGGTTTCGCCCG-1,15147,8949,-0.9913531565245204,-0.0538203147789063,-0.4450367442534327,False,False,other,0.0113635096977267,-0.02691015738945315,MIXED
GTTTGGTAGGGTCAAC-1,13171,12565,0.9151845662056416,0.7980800706477997,-0.2697266921891505,True,True,interface,0.1929487418113567,0.39904003532389987,IMMUNE_ACTIVE
GTTTGTTAGCCAAGTA-1,13157,18901,1.32128058197083,-0.320427463552867,-0.1555196354166348,True,False,tumor_core,0.0265764606673453,-0.1602137317764335,TUMOR
TAAACCCAGGAGGGCA-1,13362,15168,0.7682983859269802,1.776211267019416,0.3142232766269582,True,True,interface,0.214202696396686,0.888105633509708,IMMUNE_EXHAUSTED
TAAACGTCGTCAATGA-1,6269,17867,-0.3062997368420166,0.2339794873086786,-0.1964738496730847,False,True,immune_core,0.0029131198719861,0.1169897436543393,MIXED
TAAAGACAACCCTTTA-1,10626,5884,1.1751899467315212,-0.0326276614652821,0.2459134463326409,True,False,tumor_core,0.0028806897871739,-0.01631383073264105,TUMOR
TAAAGAGCCCGAAACC-1,4702,14017,-0.7898600242774277,-0.1522170808765231,-0.0288211630583818,False,False,other,0.0005164312253686,-0.07610854043826155,MIXED
TAAAGCGGTATTTCCA-1,15137,13701,0.6246314063759344,0.8134631251783095,1.7902660864011988,True,True,interface,0.1003992669702546,0.40673156258915477,IMMUNE_EXHAUSTED
TAAAGCGTTAGGAGAA-1,8256,9273,-0.5826384721996758,0.0488662199089858,-0.3632641593167864,False,False,other,0.0101066673628423,0.0244331099544929,MIXED
TAAAGCTGCAATAGGG-1,6093,8250,-0.6343130541854624,-0.320427463552867,-0.4698101764862601,False,False,other,0.0079894341425227,-0.1602137317764335,MIXED
TAAATCTTTACACCTC-1,7477,5651,-0.6722624555044977,-0.320427463552867,-0.7493373625424743,False,False,other,0.0179379596112959,-0.1602137317764335,MIXED
TAAATGAATCCGTTTC-1,7257,15946,-0.2593201438852391,0.1892425577380367,0.2213711993303727,False,True,immune_core,0.012352904068624,0.09462127886901835,MIXED
TAAATGCCGTCTCATG-1,4914,7569,-0.7898600242774277,-0.320427463552867,-0.6546329958490664,False,False,other,0.0001543603567488,-0.1602137317764335,MIXED
TAACAAAGGGAGAAGC-1,6865,15266,0.2359233475769786,-0.1522170808765231,1.36835620378177,False,False,interface,0.0025884717323031,-0.07610854043826155,STROMA
TAACAATATTTGTTGC-1,8238,17419,0.0733949621927509,-0.1522170808765231,0.0294967485870557,False,False,other,0.0021329611551457,-0.07610854043826155,MIXED
TAACATACAATGTGGG-1,10221,11314,0.2121555342334912,-0.1522170808765231,0.0008826305902493,False,False,interface,0.0172500786719402,-0.07610854043826155,MIXED
TAACATACACGCGATC-1,13556,16413,1.750590212302913,0.5231170214095163,0.3744690201658204,True,True,interface,0.0689986870913008,0.26155851070475816,MIXED
TAACCGCCCGCAGTGC-1,4506,13677,-0.9913531565245204,-0.320427463552867,0.5152782663864063,False,False,other,0.0001382797801567,-0.1602137317764335,MIXED
TAACCGTCCAGTTCAT-1,2923,17521,-0.4313623100234854,0.0159933017998207,2.2251517280295428,False,False,other,0.0006607457418144,0.00799665089991035,STROMA
TAACCTACCGTCCGAG-1,9244,7805,1.08304861093732,0.1355827212110617,-0.3000960796433071,True,False,interface,0.0735290185406002,0.06779136060553086,TUMOR
TAACCTAGGGAGTCCA-1,14560,7251,0.3091541492487874,0.7232275808072005,-0.7935159983168215,False,True,immune_core,0.0710937117091553,0.36161379040360025,IMMUNE_ACTIVE
TAACGCTTTGAGAGCG-1,8045,15948,0.0794222107894452,0.1355827212110617,0.1761629205868868,False,False,interface,0.0265557431019808,0.06779136060553086,MIXED
TAACTATCGAAGGTCC-1,7456,15381,0.2057631644413413,-0.320427463552867,0.3673506027804219,False,False,other,0.0029088927599426,-0.1602137317764335,MIXED
TAACTATTACGCCAAA-1,8458,7124,-0.261124296178605,0.0701449498350903,-0.3291283289720353,False,False,interface,0.0045452769686723,0.03507247491754515,MIXED
TAACTCATCCGCGCGG-1,11200,13692,-0.1300636712926929,0.2339794873086786,0.3976692763298737,False,True,interface,0.0408886192456564,0.1169897436543393,MIXED
TAACTCCATGGAGGCT-1,6469,16171,-0.4471888710743645,-0.1522170808765231,0.2352373325579138,False,False,other,0.000316778389886,-0.07610854043826155,MIXED
TAAGATTTAGCGGGAG-1,3519,15146,-0.7086936644375649,-0.320427463552867,0.1223398467164442,False,False,other,1.357355247140371e-05,-0.1602137317764335,MIXED
TAAGCAGGCGACACGC-1,9617,17083,0.4084750865905975,-0.0538203147789063,-0.2784707638167397,False,False,other,0.0228205866771685,-0.02691015738945315,MIXED
TAAGCCCTTACGACCA-1,5507,6326,-0.5894915934206155,-0.1522170808765231,-0.7935159983168215,False,False,other,0.0021653200893696,-0.07610854043826155,MIXED
TAAGGAACTTGTGGGA-1,5882,14699,-0.8002963608025098,-0.320427463552867,-0.2342805330548376,False,False,other,0.0075079207267395,-0.1602137317764335,MIXED
TAAGGCAACATAAGAT-1,7662,11195,0.4842541989018755,-0.320427463552867,-0.0355038244577208,True,False,interface,0.0046221615729855,-0.1602137317764335,MIXED
TAAGGCATAACATCAA-1,13956,13698,-0.7302440107535821,-0.0538203147789063,0.2755667112201183,False,False,interface,0.2141788958794661,-0.02691015738945315,MIXED
TAAGGCCCGTCACCCT-1,14945,11324,0.6115441435596484,-0.0326276614652821,0.4846742953847406,True,False,interface,0.003712158656429,-0.01631383073264105,TUMOR
TAAGGCTGAATCCCTC-1,11605,8262,-0.1057701769286795,0.1357244304709254,-0.3273171958251102,False,False,interface,0.0184229208153032,0.0678622152354627,MIXED
TAAGGGCCTGTCCGAT-1,13967,8494,0.2908749671783903,1.024603757900051,-0.12181351915436,False,True,interface,0.0601387989552707,0.5123018789500255,IMMUNE_EXHAUSTED
TAAGGGCTGGGAGAGG-1,9420,17195,0.164540833218542,-0.320427463552867,-0.0465641702729569,False,False,other,0.0087875662931843,-0.1602137317764335,MIXED
TAAGTAACATCTTGAC-1,11788,14712,1.8887260121895004,0.1892425577380367,-0.4756214541393457,True,True,interface,0.0608179574257743,0.09462127886901835,TUMOR
TAAGTCGCCGAGTATC-1,13361,15620,1.176116219040909,0.1357244304709254,0.1455746186943627,True,False,interface,0.2291869277346888,0.0678622152354627,TUMOR
TAAGTTGCGACGTAGG-1,13180,8492,-0.87080973948148,-0.320427463552867,-0.4430864777885785,False,False,other,0.0207823290627088,-0.1602137317764335,MIXED
TAATAAACAAGGAGAT-1,6092,8929,-0.4500810451689039,-0.320427463552867,-0.4809837077451089,False,False,other,0.0055509347408924,-0.1602137317764335,MIXED
TAATACACAGTAGTAT-1,6676,11985,-0.5879412884073311,0.3366660219965708,0.132675765562765,False,True,interface,0.0305211461064175,0.1683330109982854,MIXED
TAATAGAACAGAGTTA-1,12575,14940,0.8781721889414359,-0.1522170808765231,0.2281516626160531,True,False,interface,0.0094037002097212,-0.07610854043826155,TUMOR
TAATAGCTAAATGATG-1,7872,5199,-0.2974630139114586,-0.320427463552867,-0.2617775824481987,False,False,other,0.0006276671518703,-0.1602137317764335,MIXED
TAATAGGTCACCAGAA-1,14736,16868,0.5801768549856828,0.1355827212110617,0.4811391031217009,True,False,tumor_core,0.0056589138942082,0.06779136060553086,MIXED
TAATAGTGACGACCAG-1,8058,9838,-0.2417347917008714,-0.0538203147789063,-0.5580769014601766,False,False,interface,0.0102141221975786,-0.02691015738945315,MIXED
TAATATTGAAATTCGC-1,6081,13907,0.1117423672113321,0.1355827212110617,-0.0583755769688456,False,False,other,0.0100387989412906,0.06779136060553086,MIXED
TAATCGATCCGTACGT-1,7667,8706,-0.5353354737384481,-0.320427463552867,-0.305078751659117,False,False,other,0.0467850630462285,-0.1602137317764335,MIXED
TAATGAAAGACCCTTG-1,7648,17305,0.1076129234515377,-0.0326276614652821,0.9913988061422396,False,False,other,0.0017314068173042,-0.01631383073264105,STROMA
TAATTACGTCAGTAGA-1,14953,7704,-0.2213213731454687,-0.1522170808765231,-0.2387624007132842,False,False,other,0.0305881588418239,-0.07610854043826155,MIXED
TAATTAGATGGATATG-1,4699,15601,-0.87080973948148,-0.320427463552867,-0.5987032561734313,False,False,other,0.0023242449064711,-0.1602137317764335,MIXED
TAATTAGGACATCCGT-1,11017,7017,0.20737609568869,0.2339794873086786,-0.5842984473731351,False,True,immune_core,0.03016596249329,0.1169897436543393,MIXED
TAATTGGAATCGGGAA-1,6095,7345,-0.3732039084145241,-0.320427463552867,-0.0771522866485244,False,False,other,0.0039142453676505,-0.1602137317764335,MIXED
TAATTTCCGTCCAGTA-1,10597,19234,0.1233275445188548,-0.1522170808765231,0.2295646356382718,False,False,other,0.0025724962515387,-0.07610854043826155,MIXED
TACAACGCACAACTCA-1,10806,13691,1.5302122736493744,0.6215137875071332,0.8098886056108039,True,True,interface,0.0533540087654157,0.3107568937535666,IMMUNE_ACTIVE
TACAAGCTGTTCACTG-1,2933,13221,-0.8642251442495211,-0.320427463552867,-0.911235546745144,False,False,other,0.0001899622357179,-0.1602137317764335,MIXED
TACAAGGGCTTCTTTA-1,16132,8612,-0.25517250815377,-0.320427463552867,-0.3528150550268529,False,False,interface,0.0124681396185538,-0.1602137317764335,MIXED
TACAAGTCTCGTGCAT-1,8832,16176,-0.242086447983502,-0.320427463552867,0.66461170499452,False,False,other,0.0041172255970828,-0.1602137317764335,STROMA
TACAATGAAACCAGCA-1,2931,14126,-0.9913531565245204,-0.320427463552867,-0.1547341477946035,False,False,other,0.0004376174649596,-0.1602137317764335,MIXED
TACACCGTCGTTAGTC-1,7673,5991,-0.6663152273065707,-0.320427463552867,-0.0740115556818546,False,False,other,0.0196492154136616,-0.1602137317764335,MIXED
TACAGAAACGGTGGGC-1,14358,9626,-0.2293842976170283,-0.1522170808765231,-0.1476624351148941,False,False,other,0.0023149372480382,-0.07610854043826155,MIXED
TACATAGGCATACACC-1,10612,12446,0.3924755778658186,0.5685935731361224,0.9411187646545596,False,True,interface,0.0197620112840747,0.2842967865680612,STROMA
TACATCCCTATCCCTG-1,11388,17652,0.839673514923389,0.9941244981714368,1.0580264993091109,True,True,interface,0.1035289124093027,0.4970622490857184,IMMUNE_EXHAUSTED
TACATCTTGTTTCTTG-1,6070,18885,-0.5967271878313728,-0.320427463552867,-0.4695221063483504,False,False,other,0.0003995750048437,-0.1602137317764335,MIXED
TACATGACCTTATCCG-1,7251,18661,-0.850600739191554,-0.320427463552867,0.3784154942067385,False,False,other,0.0014002507040582,-0.1602137317764335,MIXED
TACATGCCGGAATTGT-1,13383,5438,-0.4648220950594779,0.0488662199089858,-0.3621684509377133,False,False,other,0.0053314680271509,0.0244331099544929,MIXED
TACATTTCTAACGTGC-1,10414,13011,1.217342927252521,-0.320427463552867,0.2298840857274027,True,False,interface,0.0757438000747962,-0.1602137317764335,TUMOR
TACCAAATAGCCCAGA-1,14352,12341,-0.468948176377575,-0.320427463552867,0.1319552975160977,False,False,other,0.0761777522204654,-0.1602137317764335,MIXED
TACCAATAAAGTACCA-1,13570,9851,-0.2456957388272717,-0.1522170808765231,-0.2671815217025865,False,False,other,0.0085775478200801,-0.07610854043826155,MIXED
TACCAGAAGTAGGTTC-1,12381,13468,0.3044993722363576,0.3366660219965708,-0.2671815217025865,False,True,interface,0.0452662565686859,0.1683330109982854,MIXED
TACCAGCTAGGTTTAA-1,4904,11868,-0.7234727269165546,-0.1522170808765231,-0.3000960796433071,False,False,other,0.0004706511866646,-0.07610854043826155,MIXED
TACCATGTATTGATTT-1,12203,5209,-0.4580508112224504,-0.0538203147789063,-0.4630354446141719,False,False,other,0.0126665450139269,-0.02691015738945315,MIXED
TACCGAATAATTGTAA-1,15935,8724,0.6661608872938409,0.5256633230907246,-0.112811180002291,True,True,interface,0.0184432157481704,0.2628316615453623,MIXED
TACCGCGGACTTGCAG-1,9243,8257,-0.0407413950345471,-0.320427463552867,0.1874399685370617,False,False,other,0.0359375878053178,-0.1602137317764335,MIXED
TACCGGCTCACTGCCC-1,11991,11884,1.141335741417812,-0.320427463552867,0.3404121179537066,True,False,interface,0.0698853060945412,-0.1602137317764335,TUMOR
TACCGGTCGTTTCCAT-1,11393,15390,-0.4891571766675012,-0.320427463552867,-0.5627562926817552,False,False,interface,0.2822605885347673,-0.1602137317764335,MIXED
TACCGTAGGTTAACTA-1,14351,12794,-0.1687485522375534,1.4052605486116394,0.3342336397678427,False,True,immune_core,0.0595118280752207,0.7026302743058197,IMMUNE_EXHAUSTED
TACCGTGCCTCGGACC-1,12779,11433,0.7720137659306988,-0.320427463552867,0.1843945928695576,True,False,tumor_core,0.0115310808730847,-0.1602137317764335,TUMOR
TACCTACTCCCAGTAT-1,14156,12228,-0.2727591437560919,-0.320427463552867,-0.4265596996992186,False,False,interface,0.026587355574876,-0.1602137317764335,MIXED
TACCTATCCCTAGAGG-1,10597,19008,0.5609498631431165,-0.0326276614652821,-0.2832291066255409,True,False,tumor_core,0.0020611813246331,-0.01631383073264105,MIXED
TACCTCACGCTTGTAC-1,5886,12888,-0.4621768925405475,0.7267466238762337,0.0203853206693571,False,True,immune_core,0.0325186429482048,0.36337331193811684,IMMUNE_ACTIVE
TACCTCAGTTGTCTGT-1,14546,13586,1.0186336945338714,3.217177017730673,-0.4006605849159536,True,True,interface,0.912377810925628,1.6085885088653364,IMMUNE_EXHAUSTED
TACCTGCTGCACTGTG-1,8240,16740,-0.6097005937105415,-0.1522170808765231,0.9177114667388732,False,False,interface,0.0211527995437231,-0.07610854043826155,STROMA
TACCTTAAGATTTCCC-1,12376,15957,1.018741029630067,-0.320427463552867,0.2182884340668324,True,False,interface,0.0101907156586197,-0.1602137317764335,TUMOR
TACGAACACGACTTCA-1,8838,13234,2.301790139055103,0.4330995591637024,1.2491727788488345,True,True,interface,0.1056492448941188,0.2165497795818512,STROMA
TACGACGCTTGCTGCG-1,11791,13128,0.2232026567395691,-0.1522170808765231,-0.0302309568244813,False,False,interface,0.0093053941159962,-0.07610854043826155,MIXED
TACGACTGCCTCTTAG-1,11401,11769,0.6846805726889194,-0.1522170808765231,-0.0621458824937655,True,False,interface,0.0071324539725979,-0.07610854043826155,TUMOR
TACGAGAACTTCACGT-1,9622,14820,0.2311440882776281,-0.320427463552867,0.514598614184226,False,False,other,0.0100383488021823,-0.1602137317764335,MIXED
TACGATGTTGATCATC-1,9621,15273,0.1935582219235385,0.5231170214095163,0.2304789897491125,False,True,interface,0.0455688467114872,0.26155851070475816,MIXED
TACGCAGTTCTTTCCT-1,10806,13465,1.1432414928222012,0.5048764046729147,-0.149461973274264,True,True,interface,0.1546989904815763,0.25243820233645736,MIXED
TACGCCATATTCTAAT-1,10611,12673,1.5309079556450944,0.2170766025853298,-0.4998914938025068,True,True,interface,0.0787460011123878,0.1085383012926649,TUMOR
TACGCCGAGGGTACCC-1,13755,15395,2.1004127583066277,3.1927176445037633,0.0615376215922713,True,True,interface,1.2159905994119196,1.5963588222518816,IMMUNE_EXHAUSTED
TACGCCGCCTCAGAAG-1,11613,4868,0.1641432754120449,-0.1522170808765231,-0.1591240365116526,False,False,other,0.0025570994533228,-0.07610854043826155,MIXED
TACGCCTCCATTCCGA-1,13564,12566,0.5182568858862837,-0.320427463552867,-0.2243811568490316,True,False,interface,0.1321627157840524,-0.1602137317764335,MIXED
TACGCTATAGAAACCT-1,9442,7466,0.2383433603576172,-0.1522170808765231,-0.3141933981014073,False,False,interface,0.0145861993555555,-0.07610854043826155,MIXED
TACGCTCGGTATTGGA-1,14759,6459,-0.8642251442495211,-0.0538203147789063,0.2751432192245013,False,False,other,0.0229013938134813,-0.02691015738945315,MIXED
TACGGCATGGACGCTA-1,15153,6234,-0.4801163833992451,0.4003831904597785,-0.1033691862868854,False,True,immune_core,0.0141132964282003,0.20019159522988925,MIXED
TACGGGATGCTAGCAG-1,6877,9836,-0.0428174357585913,-0.320427463552867,0.2376275003960122,False,False,other,0.0073253881449921,-0.1602137317764335,MIXED
TACGTAAAGCGGAGTG-1,15150,7591,-0.3759857440955289,0.2170766025853298,-0.6176110422308293,False,True,immune_core,0.0175765020833871,0.1085383012926649,MIXED
TACGTACTAGTGCTGA-1,14938,14492,1.0323181470960514,1.5215952619666342,1.04368131032666,True,True,interface,0.1798857699972484,0.7607976309833171,IMMUNE_EXHAUSTED
TACGTGCAAGGTTCCT-1,9447,4977,-0.4168647349777546,-0.1522170808765231,-0.7935159983168215,False,False,other,0.0078820755608476,-0.07610854043826155,MIXED
TACGTGCACTATGCTG-1,6865,15493,0.1001163630106753,-0.320427463552867,1.1593986386004802,False,False,other,0.001915209834733,-0.1602137317764335,STROMA
TACGTTTACCGGCAAT-1,10605,15614,-0.5071850419104631,-0.1522170808765231,0.0197904166476473,False,False,interface,0.0382318502921731,-0.07610854043826155,MIXED
TACTATGGTTCCTCAG-1,13955,13924,0.4373002596724952,0.5262968438588829,-0.2429518527538329,True,True,interface,0.0366789483393534,0.26314842192944143,MIXED
TACTCGGCACGCCGGG-1,9813,17423,-0.2014218854439391,-0.320427463552867,0.0268410197287016,False,False,other,0.0029194243477634,-0.1602137317764335,MIXED
TACTCTCCGAACAAAT-1,6877,10062,-0.4120592027565721,-0.320427463552867,-0.1400540497525258,False,False,other,0.0102357641127159,-0.1602137317764335,MIXED
TACTCTTACTTTACTG-1,14365,6684,-0.87080973948148,0.1892425577380367,-0.7246544768844247,False,True,immune_core,0.0035787390791418,0.09462127886901835,MIXED
TACTCTTTCGTCTTCA-1,14152,14038,0.9660119465740206,0.7208993612512872,-0.4368050719707619,True,True,interface,0.073460887378516,0.3604496806256436,IMMUNE_ACTIVE
TACTGAACAGATTTAG-1,13758,14263,0.1276951692287774,0.990807470968986,-0.0640736737525074,False,True,interface,0.1423989886794298,0.495403735484493,IMMUNE_EXHAUSTED
TACTGCAATCAATTAC-1,7079,7687,-0.1145532765574473,0.4770423598256217,-0.1744274214740328,False,True,immune_core,0.0398599598241935,0.23852117991281085,MIXED
TACTGGACAGCTCGGC-1,9619,16404,0.0310190531969494,-0.320427463552867,-0.4417060861448373,False,False,other,0.0061575122350868,-0.1602137317764335,MIXED
TACTGTTTCTCTGGTA-1,12004,5774,0.794641149162601,-0.320427463552867,-0.1476624351148941,True,False,interface,0.0505210753428091,-0.1602137317764335,TUMOR
TACTTAAACATGTACA-1,15742,7027,-0.6491076069444611,-0.1522170808765231,-0.5138982656858294,False,False,interface,0.0114260929243053,-0.07610854043826155,MIXED
TACTTGTTAGTAGTCC-1,10028,9390,0.0677983068149532,-0.320427463552867,-0.5298417347410346,False,False,other,0.1115252316404427,-0.1602137317764335,MIXED
TACTTTACTGAGCCGG-1,8652,8369,-0.850600739191554,0.4544474460506791,-0.4121221863127121,False,True,other,0.031577555766992,0.22722372302533955,MIXED
TACTTTCCGCACGCCA-1,11980,17088,0.057202590700105,0.3366660219965708,0.2087205836666119,False,True,interface,0.0109141468741204,0.1683330109982854,MIXED
TAGAAACACAATAGTG-1,5872,19224,-0.7300573221485134,-0.320427463552867,-0.6378992199319686,False,False,other,0.0003945660551878,-0.1602137317764335,MIXED
TAGAAACCACTAAGTA-1,3726,10281,-0.8642251442495211,-0.320427463552867,-0.0891407914510661,False,False,other,0.0009215935278868,-0.1602137317764335,MIXED
TAGAAAGGTGGCGCTA-1,8845,10066,-0.1233164725336805,1.1098301952650529,-0.0938217361031585,False,True,immune_core,0.0279447274282336,0.5549150976325264,IMMUNE_EXHAUSTED
TAGAAATTCACGTATA-1,9812,18101,-0.5139563257474906,-0.320427463552867,0.3389314603102917,False,False,other,0.0288208482991584,-0.1602137317764335,MIXED
TAGAATAGCCGATGAA-1,14953,7930,0.3480826952350971,0.3154733686829467,-0.0715296184727257,False,True,interface,0.0447071376001526,0.15773668434147334,MIXED
TAGAATTAAGGGCAAC-1,4710,10623,-0.8130148728374643,-0.320427463552867,-0.536913447420744,False,False,other,0.0020826766520205,-0.1602137317764335,MIXED
TAGACGAAACGCCAAT-1,15143,10985,0.6138624724176973,-0.1522170808765231,0.0397522882361051,True,False,interface,0.0384321567461179,-0.07610854043826155,TUMOR
TAGACGCCCGTACCGG-1,9044,9049,0.2163589318092451,-0.320427463552867,-0.1873592032307945,False,False,interface,0.0128070722952422,-0.1602137317764335,MIXED
TAGACTACCTAGCGTT-1,10229,7467,0.6270336752167172,0.1355827212110617,0.4604310571430153,True,False,interface,0.0189534052404113,0.06779136060553086,TUMOR
TAGAGATCATGCAACT-1,11391,16295,1.118264850350797,-0.320427463552867,0.0580268574797235,True,False,interface,0.0486445723778379,-0.1602137317764335,TUMOR
TAGAGCTACGAAGAAC-1,5295,13226,-0.602929309873514,0.2862370633743352,0.0700084902466489,False,True,immune_core,0.0026110893108902,0.1431185316871676,MIXED
TAGAGGTTCTACTTGT-1,13377,8379,-0.7368286059855409,-0.0538203147789063,-0.3539367786550427,False,False,other,0.0169677322335939,-0.02691015738945315,MIXED
TAGAGTCTAAGCGAAC-1,8445,13007,1.5950025168952846,-0.1522170808765231,0.8155041406894029,True,False,interface,0.0661766370942538,-0.07610854043826155,TUMOR
TAGATATGGACTGGAA-1,12382,13242,0.111251670413386,-0.1522170808765231,-0.149461973274264,False,False,interface,0.0118862639125239,-0.07610854043826155,MIXED
TAGATCCGAAGTCGCA-1,4709,11076,-0.850600739191554,1.5704086785701377,-0.5138982656858294,False,True,immune_core,0.0374972422757429,0.7852043392850688,IMMUNE_EXHAUSTED
TAGATGGTTCCTTACT-1,14361,8268,-0.2974630139114586,0.3154733686829467,-0.396178717257507,False,True,interface,0.5068068087939377,0.15773668434147334,MIXED
TAGATTCCTGGTTATT-1,9027,16968,0.0244083824253631,-0.320427463552867,0.4266109790838244,False,False,other,0.0077854860822998,-0.1602137317764335,MIXED
TAGCAACCTGTCACAA-1,7060,16285,0.1369435883275094,-0.1522170808765231,0.9182587076988112,False,False,other,0.0021324672888927,-0.07610854043826155,STROMA
TAGCAGTATGACTAAA-1,15740,8158,1.6802416209598114,0.7418428290743384,-0.4705346034551753,True,True,interface,0.0825183243764146,0.3709214145371692,IMMUNE_ACTIVE
TAGCCAGAGGGTCCGG-1,4103,18202,-0.4521810919006158,-0.320427463552867,0.4932297493623382,False,False,other,0.0055464931612783,-0.1602137317764335,MIXED
TAGCCATTTCAAAGTC-1,11210,9167,0.1560753804041402,0.3852869852616737,0.5153888247581963,False,True,interface,0.0697548365552479,0.19264349263083685,MIXED
TAGCCGGCGGTCAGCG-1,9240,9615,-0.204509662582576,-0.0538203147789063,-0.2202737611715151,False,False,interface,0.0158138242191198,-0.02691015738945315,MIXED
TAGCGTCCCTCGATTG-1,11608,6905,-0.3082393514526955,-0.320427463552867,0.1760433867156671,False,False,other,0.0093584217339384,-0.1602137317764335,MIXED
TAGCGTCCGGTGTGGT-1,13175,10529,0.2847700615729928,0.0159933017998207,-0.5627562926817552,False,False,interface,0.0526831048297573,0.00799665089991035,MIXED
TAGCGTCGAATATTGA-1,9417,18779,-0.1659165428000594,-0.320427463552867,0.4629332687028689,False,False,other,0.0139687760283133,-0.1602137317764335,MIXED
TAGCGTTGGGTCTTAC-1,10220,11540,0.3763596606309627,0.3574529404143807,0.6395975602391702,False,True,interface,0.0411714706060129,0.17872647020719035,STROMA
TAGCTAAGTCCGGGAG-1,8446,12781,1.5101636311921298,0.0701449498350903,0.6321641006916813,True,False,interface,0.0708663833376509,0.03507247491754515,TUMOR
TAGCTAGAAGGCATGA-1,12775,13469,-0.1351236330098641,-0.320427463552867,0.2058706821510032,False,False,interface,0.0229323794196534,-0.1602137317764335,MIXED
TAGCTAGTGATGATGG-1,14546,13813,0.9016945432569342,2.396719383262725,-0.4188568088398248,True,True,interface,1.1854105707121445,1.1983596916313626,IMMUNE_EXHAUSTED
TAGCTCAGATCCTAGT-1,4326,6097,-0.9913531565245204,-0.320427463552867,-0.5875297249145826,False,False,other,0.01061187130217,-0.1602137317764335,MIXED
TAGCTCGCCTGATAAC-1,12580,12677,1.3763975117496787,0.1355827212110617,0.0691935167029561,True,False,interface,0.1593705777399661,0.06779136060553086,TUMOR
TAGCTGATGTGAAGCG-1,10993,18104,-0.2296824891713239,0.3366660219965708,0.4148345771572526,False,True,other,0.0465097546440872,0.1683330109982854,MIXED
TAGGCATGTTACGCCA-1,7271,9610,-0.5205944238478741,0.0488662199089858,-0.2732391838449573,False,False,other,0.0094892384700855,0.0244331099544929,MIXED
TAGGCCTATATAGTCT-1,15743,6801,-0.1487752590298263,0.1892425577380367,-0.518380133344276,False,True,immune_core,0.0102677433035886,0.09462127886901835,MIXED
TAGGCGATGAGGTCTC-1,13552,17996,0.4425648159255069,-0.0326276614652821,0.993570644653799,True,False,interface,0.0061123334411319,-0.01631383073264105,STROMA
TAGGCTAAAGTGGCAC-1,15543,8045,1.3949476166846886,1.348420889635298,-0.0292224186399043,True,True,interface,0.2877436018898144,0.674210444817649,IMMUNE_EXHAUSTED
TAGGGAGCTTGGGATG-1,9833,8372,1.519726287278796,0.1842036844761646,-0.0938733395895387,True,False,interface,0.0847413768352516,0.0921018422380823,TUMOR
TAGGGTGTTTCAAGAG-1,7067,13117,0.2091154051846076,-0.1522170808765231,9.714296821803994e-05,False,False,interface,0.0039926842327688,-0.07610854043826155,MIXED
TAGGTCCAAGTAAGGA-1,8437,16628,-0.1144209013717686,0.3039348131472694,0.9330868643700058,False,True,interface,0.0336867620476955,0.1519674065736347,STROMA
TAGGTCGCCGGAACTG-1,9047,7917,0.9091149138209176,0.4987799565573952,-0.0628574446272922,True,True,interface,0.0753000119747187,0.2493899782786976,MIXED
TAGGTGACGATAACCT-1,14751,10306,-0.0969658703588934,-0.320427463552867,-0.305078751659117,False,False,other,0.0040479580356207,-0.1602137317764335,MIXED
TAGGTGAGCCCTACTC-1,8440,15496,0.4872807786026569,0.3579447519226753,0.6281852185013247,True,True,interface,0.0899694982966176,0.17897237596133764,STROMA
TAGGTGCTCGCCTAGC-1,10618,9505,-0.0161069705303561,0.4558497065119976,0.0996127351194393,False,True,interface,0.0125770224354052,0.2279248532559988,MIXED
TAGGTGTTCCACAGAT-1,14549,12455,-0.6545220544753885,0.7242003221950254,-0.6176110422308293,False,True,immune_core,0.0446967337832864,0.3621001610975127,IMMUNE_ACTIVE
TAGGTTCGAGTTCGTC-1,9629,11652,0.976442065163684,0.5685935731361224,0.206617933798263,True,True,interface,0.03135806648591,0.2842967865680612,MIXED
TAGTACCTTAGTGGTC-1,6862,16850,-0.7436817272064806,-0.320427463552867,-0.0749139500457605,False,False,other,0.0044088942681702,-0.1602137317764335,MIXED
TAGTAGCTTATACCAG-1,14742,14379,0.8063278307673564,1.0120001242826102,0.9167015880761028,True,True,interface,0.0434125219333477,0.5060000621413051,IMMUNE_EXHAUSTED
TAGTCCGCAGAGAATG-1,10413,13238,1.2688993138271112,-0.0326276614652821,0.9938964512899604,True,False,interface,0.0242072184723237,-0.01631383073264105,TUMOR
TAGTCCGTATGCATAA-1,5679,17753,-0.4627460543354337,-0.1522170808765231,-0.2100372948131123,False,False,other,0.000779217980638,-0.07610854043826155,MIXED
TAGTCGATCACGGGTT-1,12196,8377,1.9015069162093736,-0.0326276614652821,-0.0353906390141081,True,False,interface,0.1171568902043206,-0.01631383073264105,TUMOR
TAGTCGGGATTCTTCG-1,5086,18770,-0.6479374592434296,-0.1522170808765231,-0.7493373625424743,False,False,other,0.0001395668197605,-0.07610854043826155,MIXED
TAGTCTAACAACGAGA-1,10605,15388,0.9390550556221948,-0.320427463552867,0.0465652560829649,True,False,interface,0.0431424010071826,-0.1602137317764335,TUMOR
TAGTCTGTGACGTTGC-1,7276,7574,-0.850600739191554,-0.320427463552867,-0.518380133344276,False,False,other,0.0289573735560334,-0.1602137317764335,MIXED
TAGTCTTTCCGAATTG-1,12594,6115,-0.1407095050453004,-0.0538203147789063,-0.1130992501402006,False,False,other,0.0091610203810081,-0.02691015738945315,MIXED
TAGTGAGAAGTGGTTG-1,3323,14580,-0.850600739191554,-0.320427463552867,-0.3868513365957632,False,False,other,6.173890525252043e-05,-0.1602137317764335,MIXED
TAGTGCCCTCCAGAGT-1,9035,13348,1.6828323087313055,0.3037931038874057,1.2448713811655776,True,True,interface,0.0067502867265401,0.15189655194370286,STROMA
TAGTGCTTGAATCCTT-1,4692,18769,-0.8573720230285815,0.0159933017998207,0.8633654385089203,False,False,other,0.0009399199044034,0.00799665089991035,STROMA
TAGTGTCAGAAACGGC-1,6861,17077,0.0947282923971491,0.1355827212110617,0.210406384214209,False,False,other,0.0111650372927786,0.06779136060553086,MIXED
TAGTTAAGATAGGATA-1,5105,9945,-0.4500810451689039,-0.1522170808765231,0.4391737279188463,False,False,other,0.0005026267932618,-0.07610854043826155,MIXED
TAGTTTATTCTTGCTT-1,5296,12774,-0.5177022497533347,0.1355827212110617,-0.0743190460240507,False,False,other,0.0062567071492546,0.06779136060553086,MIXED
TATAAATCCACAAGCT-1,6671,14248,0.2878529192785123,0.0159933017998207,0.2966872159443867,False,False,other,0.0149037589543812,0.00799665089991035,MIXED
TATAAGTGAGGATAGC-1,6866,14814,0.142131518700051,-0.0538203147789063,2.4217105427047865,False,False,interface,0.0181617553203217,-0.02691015738945315,STROMA
TATACACAGACGCCTT-1,12580,12451,0.0705846254821238,1.4202150445498805,-0.0734010544142513,False,True,other,0.3176159548132727,0.7101075222749402,IMMUNE_EXHAUSTED
TATACACGCAAAGTAT-1,6275,15152,-0.3446908025453578,-0.0538203147789063,-0.1052833374999171,False,False,other,0.0006512290098426,-0.02691015738945315,MIXED
TATACCGAGTGCCACA-1,12595,5662,-0.377572497083679,-0.320427463552867,-0.1040928729981014,False,False,interface,0.0225782734468304,-0.1602137317764335,MIXED
TATACGCGTCATCACT-1,14551,11550,-0.3905742374783355,-0.320427463552867,-0.6176110422308293,False,False,interface,0.1507874419394118,-0.1602137317764335,MIXED
TATACTCATGCGGCAA-1,6664,17189,-0.2082750066648789,0.2170766025853298,0.7626974917225863,False,True,immune_core,0.0014159149730978,0.1085383012926649,STROMA
TATAGAGTCGCTTGAA-1,15333,14041,-0.6722624555044977,-0.0326276614652821,-0.5875297249145826,False,False,interface,0.1704499058234188,-0.01631383073264105,MIXED
TATAGATGGTCGCAGT-1,10622,7694,-0.3539958101235754,-0.1522170808765231,-0.4121221863127121,False,False,other,0.0124985533914143,-0.07610854043826155,MIXED
TATAGCGCACGTTATC-1,11977,18446,0.4408617033885016,0.1357244304709254,-0.2061359129104733,True,False,tumor_core,0.016474853154088,0.0678622152354627,MIXED
TATAGGGTACTCATGA-1,9814,16970,-0.2678910201887244,0.0488662199089858,0.6153428287632393,False,False,other,0.0033859751743816,0.0244331099544929,STROMA
TATATATCGAGAAATG-1,14541,16075,-0.0673574551402155,-0.320427463552867,0.2234358057949408,False,False,interface,0.0703399835646006,-0.1602137317764335,MIXED
TATATCATTGATCAGT-1,8630,18551,-0.6411378408909146,0.0488662199089858,0.0273000348323051,False,False,other,0.0087975080045884,0.0244331099544929,MIXED
TATATCCCTGGGAGGA-1,9834,8145,0.1789239808522073,-0.1522170808765231,-0.1255693944781071,False,False,interface,0.0853423756550997,-0.07610854043826155,MIXED
TATATGCTGGGTTGCC-1,7252,18435,-0.383931368496885,-0.320427463552867,0.6909124474642151,False,False,other,0.001047062854325,-0.1602137317764335,STROMA
TATATTACAAATGTCG-1,6096,7119,-0.7436817272064806,-0.320427463552867,-0.6316178141141519,False,False,other,0.0021014808626555,-0.1602137317764335,MIXED
TATATTCGCGTCGATA-1,4313,12206,-0.7436817272064806,-0.320427463552867,-0.7164228046017538,False,False,other,0.0001478441702675,-0.1602137317764335,MIXED
TATCAAAGGTCTGTAA-1,7842,18550,-0.8642251442495211,-0.320427463552867,0.2745112647981293,False,False,other,0.0029159291249264,-0.1602137317764335,MIXED
TATCACAGCACGGGCA-1,3526,11978,-0.4758012975985147,-0.320427463552867,-0.3503323775600248,False,False,interface,0.007430692263474,-0.1602137317764335,MIXED
TATCACCATGTAAAGT-1,4518,8473,-0.1185677265522725,-0.1522170808765231,2.049699603223457,False,False,other,0.0033541984552681,-0.07610854043826155,STROMA
TATCACCCAACCGACC-1,7472,7914,0.1114867660979474,-0.1522170808765231,-0.5138982656858294,False,False,other,0.0048408103471034,-0.07610854043826155,MIXED
TATCACTTCGAGTAAC-1,6094,8024,-0.6790337393415252,-0.320427463552867,-0.4809837077451089,False,False,other,0.0004408824751838,-0.1602137317764335,MIXED
TATCAGTGGCGTAGTC-1,13355,18335,0.5734926881404591,-0.320427463552867,-0.1522952138987378,True,False,interface,0.0194551347029653,-0.1602137317764335,MIXED
TATCCAATTGGTTATC-1,13569,10303,-0.444800026476384,-0.320427463552867,-0.5627562926817552,False,False,other,0.0052032203431416,-0.1602137317764335,MIXED
TATCCATATCATGCGA-1,6279,13342,0.0633892442691691,-0.1522170808765231,0.8646122835387298,False,False,other,0.0016844876296619,-0.07610854043826155,STROMA
TATCCATCTCGGTTAG-1,14735,17320,0.4073873930157682,-0.320427463552867,0.6875579709268859,False,False,other,0.0149094902795481,-0.1602137317764335,STROMA
TATCCGCACCGTCGGG-1,14350,13246,0.0949217611043333,0.3037931038874057,0.2378331954683545,False,True,immune_core,0.028934163152053,0.15189655194370286,MIXED
TATCCTGCATGGGAAT-1,5492,13114,-0.7234727269165546,-0.1522170808765231,-0.6069349284561023,False,False,other,0.0026547713040905,-0.07610854043826155,MIXED
TATCGATCTATGCATA-1,7075,9271,-0.1457075425101334,-0.320427463552867,0.1989061370257286,False,False,other,0.0106337843513234,-0.1602137317764335,MIXED
TATCGATGATTAAACG-1,7262,13683,1.0512246555157927,0.5705419619212301,2.418166048610849,True,True,interface,0.0132970514407956,0.28527098096061504,STROMA
TATCTACAGAGGTAAT-1,8634,16515,0.2173037255214478,-0.320427463552867,-0.117375958170208,False,False,interface,0.0262240534015136,-0.1602137317764335,MIXED
TATCTACCACAGCGGG-1,11005,12447,1.622124017926605,-0.320427463552867,0.0654730421403629,True,False,interface,0.3097974190551753,-0.1602137317764335,TUMOR
TATCTAGCCTAAAGGA-1,9419,17874,-0.6219580771154536,-0.320427463552867,-0.0938217361031585,False,False,other,0.0028585771820814,-0.1602137317764335,MIXED
TATCTTGCAATACAAC-1,13751,17431,0.879543896925519,0.6215137875071332,0.5452155467299217,True,True,interface,0.0445397892337648,0.3107568937535666,IMMUNE_ACTIVE
TATGAAGAATTAAGGT-1,15937,8046,0.919957528577922,0.4330995591637024,0.0254627488079095,True,True,interface,0.0151238387515222,0.2165497795818512,MIXED
TATGAAGACAGGTGCG-1,8437,16854,-0.737097131974522,0.0159933017998207,0.544215914458485,False,False,other,0.0194334132126365,0.00799665089991035,MIXED
TATGACCTTGCGCTGG-1,12172,19238,0.4828376559234138,0.7242003221950254,-0.1512585077683068,True,True,interface,0.0061199187006533,0.3621001610975127,IMMUNE_ACTIVE
TATGATAAATCTAACG-1,3924,9942,-0.8130148728374643,-0.320427463552867,-0.6069349284561023,False,False,other,0.0037410150367681,-0.1602137317764335,MIXED
TATGATCCGGCACGCC-1,7869,6557,0.0867868608590901,-0.320427463552867,0.0804168789241316,False,False,other,0.0040954497818267,-0.1602137317764335,MIXED
TATGATCTTCTCTTTA-1,14163,9060,-0.4707693232574049,-0.320427463552867,-0.5875297249145826,False,False,other,0.0110299969325133,-0.1602137317764335,MIXED
TATGATTCTGCTTGGT-1,3715,15259,-0.9913531565245204,-0.1522170808765231,-0.5987032561734313,False,False,other,0.0003339817315797,-0.07610854043826155,MIXED
TATGCTCCCTACTTAC-1,7659,12327,0.7711956743187457,0.8955905273207359,0.779899289860719,True,True,interface,0.149130992090527,0.4477952636603679,IMMUNE_EXHAUSTED
TATGGAGTTTCTCGTT-1,3912,15599,-0.7234727269165546,-0.320427463552867,0.0820832199828334,False,False,other,0.0004420770327681,-0.1602137317764335,MIXED
TATGGATGTGCTACGC-1,7854,13119,1.144027867038643,0.1517987821947601,1.8539341119882984,True,False,interface,0.0344996698404612,0.07589939109738005,TUMOR
TATGGCAGACTTTCGA-1,2925,16842,-0.8573720230285815,-0.320427463552867,-0.7493373625424743,False,False,other,0.0001928046362496,-0.1602137317764335,MIXED
TATGGCCCGGCCTCGC-1,8636,15836,-0.1601416679711014,-0.320427463552867,2.0151248278353973,False,False,other,0.010713910795545,-0.1602137317764335,STROMA
TATGGCTAGGCTAATT-1,8069,5087,-0.4260203035858546,-0.320427463552867,-0.7049612032049952,False,False,other,0.0006568343366906,-0.1602137317764335,MIXED
TATGGGACCGAGCAGG-1,9823,12897,0.5459689074397723,0.4021898699850225,0.4048511227665105,True,True,interface,0.0812116456382271,0.20109493499251124,MIXED
TATGGGTACGTATCGT-1,9036,12669,0.7368196443233032,2.13586984462835,0.570678520252484,True,True,interface,0.8645806180591213,1.067934922314175,IMMUNE_EXHAUSTED
TATGGTCTGAGTAACA-1,9824,12671,1.4730649738877386,0.7716252627067391,0.7765894501524543,True,True,interface,0.0963781724156537,0.3858126313533696,IMMUNE_ACTIVE
TATGGTTAGTGGGAGA-1,10820,7355,-0.2456957388272717,-0.320427463552867,0.4385097136899419,False,False,other,0.008115140020705,-0.1602137317764335,MIXED
TATGTCAAGACCGACT-1,6683,8817,-0.5255628099736042,-0.320427463552867,0.2468416053199464,False,False,other,0.0033776078483707,-0.1602137317764335,MIXED
TATGTCTCATTGTGCC-1,8649,9953,-0.0957013556753849,-0.320427463552867,-0.2243811568490316,False,False,other,0.0187329711513226,-0.1602137317764335,MIXED
TATTAACACCAAAGCA-1,13355,18109,0.9982892070037668,-0.1522170808765231,0.5137590891782519,True,False,interface,0.0206405123620726,-0.07610854043826155,TUMOR
TATTAACCTGACCGCG-1,13955,14151,0.0907956797862363,-0.1522170808765231,-0.6378992199319686,False,False,interface,0.1022192259134139,-0.07610854043826155,MIXED
TATTACCATCCTGCTT-1,10227,8372,0.8685197871504667,0.4003831904597785,0.3966607381452967,True,True,interface,0.0284042857979943,0.20019159522988925,MIXED
TATTATGTTTGCCTGC-1,13948,17319,-0.0021503908273291,0.1892425577380367,-0.4450367442534327,False,True,interface,0.0356182474296108,0.09462127886901835,MIXED
TATTCAATTCTAATCC-1,9434,10860,1.0265574906445267,-0.320427463552867,-0.5580769014601766,True,False,interface,0.0426019042997451,-0.1602137317764335,TUMOR
TATTCCACTCAGCTCG-1,12383,12790,0.0762291791395894,0.1355827212110617,0.1659915790850081,False,False,interface,0.0055700952833598,0.06779136060553086,MIXED
TATTCCGAGCTGTTAT-1,13374,9511,-0.6231383101634401,0.6555307468361882,-0.4450367442534327,False,True,immune_core,0.0535521784842017,0.3277653734180941,IMMUNE_ACTIVE
TATTCCGGCAGTCCTA-1,3721,12770,-0.9913531565245204,-0.320427463552867,-0.7164228046017538,False,False,other,0.0001265609143048,-0.1602137317764335,MIXED
TATTCCTCCGCCCACT-1,12180,15618,0.7149936885868541,-0.320427463552867,1.3149939085762328,True,False,interface,0.0061470760535992,-0.1602137317764335,TUMOR
TATTCGTGCCAGAATA-1,9432,11991,2.3790733966498876,1.8768445182702336,0.3374441534342149,True,True,interface,0.7122577603396222,0.9384222591351168,IMMUNE_EXHAUSTED
TATTGACATTTCTGCC-1,9642,5995,0.4230303778891711,-0.320427463552867,0.131667227378188,True,False,interface,0.022218905145325,-0.1602137317764335,MIXED
TATTGCCGGGCTTGTA-1,15940,6462,-0.6165537149314815,0.6014664912452875,-0.6324327876578446,False,True,immune_core,0.0329642045749613,0.30073324562264375,IMMUNE_ACTIVE
TATTTAGTCTAGATCG-1,6280,12663,-0.3945830564054816,-0.1522170808765231,-0.2048390506310668,False,False,other,0.0017151036935795,-0.07610854043826155,MIXED
TATTTATACCGAGTAG-1,5892,10399,-0.7300573221485134,-0.1522170808765231,-0.361008491334752,False,False,other,0.0003020963060796,-0.07610854043826155,MIXED
TATTTGATTTGCACAG-1,13382,5890,-0.6411378408909146,-0.0326276614652821,0.4721466097745618,False,False,other,0.0036432434271004,-0.01631383073264105,MIXED
TATTTGTTACCCTTTA-1,7459,14023,0.3597474502923689,0.5256633230907246,-0.0106942653893873,False,True,interface,0.0573006116738549,0.2628316615453623,MIXED
TCAAACAACCGCGTCG-1,7462,12439,0.0748603839777691,-0.1522170808765231,0.4939294446542887,False,False,interface,0.0778900792878728,-0.07610854043826155,MIXED
TCAAACTTAGATTGTT-1,8841,11877,1.2707614500629771,0.2339794873086786,0.4548707166750346,True,True,interface,0.0217778155162387,0.1169897436543393,TUMOR
TCAAAGAGCTATCTGT-1,12370,18673,0.6987208738144413,0.2862370633743352,0.0699784747348532,True,True,interface,0.0683777162192134,0.1431185316871676,TUMOR
TCAAATTGTTGTGCCG-1,16128,10422,-0.4472346888609239,-0.1522170808765231,0.0225685614190588,False,False,other,0.0019401177143554,-0.07610854043826155,MIXED
TCAAATTTGAGACTCA-1,14551,11324,1.0276216810261884,0.0488662199089858,0.7577834988243833,True,False,interface,0.2348700260990742,0.0244331099544929,TUMOR
TCAACAAAGATAATTC-1,13163,15959,1.8624748696198612,-0.1522170808765231,0.0895294046434728,True,False,interface,0.1135853678080329,-0.07610854043826155,TUMOR
TCAACACATTGGGTAA-1,4897,15262,-0.2595136125924233,-0.1522170808765231,-0.5487495207984325,False,False,other,0.0007753978480463,-0.07610854043826155,MIXED
TCAACATAGCGCCCTA-1,14151,14264,-0.1267026267975157,0.0488662199089858,-0.2275875210270756,False,False,interface,0.0497994350608094,0.0244331099544929,MIXED
TCAACATCGACCGAGA-1,11388,17426,-0.019039357822698,0.6032731707705316,0.7500251781065456,False,True,interface,0.1131565562815928,0.3016365853852658,IMMUNE_ACTIVE
TCAACCATGTTCGGGC-1,7657,13458,0.7230239083044309,0.0159933017998207,0.7875748093166591,True,False,interface,0.0298364046471019,0.00799665089991035,TUMOR
TCAACGAGGAGACAAA-1,11004,12900,1.1039581140400394,0.9378872565979752,1.137936000698812,True,True,interface,0.1467119020870015,0.4689436282989876,IMMUNE_EXHAUSTED
TCAACGCAGGAAATAA-1,12376,15731,1.1226075845793917,0.2339794873086786,0.6979038814712419,True,True,tumor_core,0.0033568543770854,0.1169897436543393,TUMOR
TCAACGCGACCGGCAG-1,10406,16632,0.6962124068421802,-0.320427463552867,0.3633449246230537,True,False,tumor_core,0.0110733809850465,-0.1602137317764335,TUMOR
TCAACTAACGTATAAC-1,8830,17081,0.0186402245976188,-0.320427463552867,0.7716185060576229,False,False,other,0.00418765555803,-0.1602137317764335,STROMA
TCAACTGCAGAGTCAG-1,13773,7023,-0.6097005937105415,-0.320427463552867,-0.5430630190023259,False,False,other,0.0042184710775149,-0.1602137317764335,MIXED
TCAAGAAATACTAGCT-1,9443,7013,0.4352969805749156,0.7865797586449802,-0.3199004970861323,True,True,interface,0.0238973660084074,0.3932898793224901,IMMUNE_ACTIVE
TCAAGCGCGGACGGTA-1,14169,6345,-0.7436817272064806,-0.320427463552867,-0.6316178141141519,False,False,other,0.0034798874220532,-0.1602137317764335,MIXED
TCAAGCTGCCTTGAAA-1,8266,4974,0.0530711473996892,-0.320427463552867,-0.1532233728860433,False,False,other,0.0007885396499435,-0.1602137317764335,MIXED
TCAAGGTTACTACACC-1,12000,7584,-0.4775406070944324,-0.1522170808765231,-0.6378992199319686,False,False,interface,0.0074075067239169,-0.07610854043826155,MIXED
TCAATACAATTGCTGC-1,8629,19004,-0.5611935106720057,-0.320427463552867,0.5727005474803608,False,False,other,0.0009264455067956,-0.1602137317764335,MIXED
TCAATACGCCGTCATG-1,15140,12343,-0.3161282461884523,-0.1522170808765231,0.0807539690767283,False,False,other,0.0010180027124234,-0.07610854043826155,MIXED
TCACAAACCGAGGTAC-1,14755,8496,-0.2225311763960885,0.990807470968986,0.2298840857274027,False,True,immune_core,0.0382020406069498,0.495403735484493,IMMUNE_EXHAUSTED
TCACAGATCCTCAAAC-1,4892,17525,-0.5139563257474906,-0.320427463552867,-0.1387972968180948,False,False,other,0.0003405716883127,-0.1602137317764335,MIXED
TCACAGCAAACTCGAA-1,12774,13696,0.7421715594525756,0.1355827212110617,0.3412585639242286,True,False,interface,0.0733368170384001,0.06779136060553086,TUMOR
TCACAGGAGAATAAGA-1,13562,13697,-0.1339962839036058,-0.0538203147789063,0.163185791672703,False,False,interface,0.0105603294956438,-0.02691015738945315,MIXED
TCACAGGGAATCGCAA-1,11995,10300,0.8221100866445264,-0.320427463552867,0.0892468421017539,True,False,interface,0.0688396492937882,-0.1602137317764335,TUMOR
TCACAGGTTATTGGGC-1,9034,13800,0.8434567954477472,0.1892425577380367,0.9937676687404112,True,True,interface,0.0090984846156665,0.09462127886901835,TUMOR
TCACATCTTATCTGAT-1,8239,16967,0.3586484797530516,-0.1522170808765231,1.990665878480453,False,False,other,0.0056322744447876,-0.07610854043826155,STROMA
TCACCCTCTTAAGATT-1,11596,12562,-0.4730837498174076,-0.1522170808765231,-0.4458517177971255,False,False,other,0.020854042219442,-0.07610854043826155,MIXED
TCACCGCTCGGCACTC-1,8651,8822,0.3310576095589284,0.1355827212110617,-0.0495105963410433,False,False,other,0.0080032867370128,0.06779136060553086,MIXED
TCACGATGTCCGTGGA-1,12966,16072,1.555341609728936,0.3039348131472694,-0.00238553449861,True,True,interface,0.019827970394745,0.1519674065736347,MIXED
TCACGCATTGTAGATC-1,9231,13688,0.1814229386005559,-0.320427463552867,0.5007164590693484,False,False,interface,0.0612920382826165,-0.1602137317764335,MIXED
TCACGGTCATCGCACA-1,7261,14136,0.6724725089510406,0.622657828727023,1.106304702675724,True,True,interface,0.024034558170307,0.3113289143635115,IMMUNE_ACTIVE
TCACGTGCCCGATTCA-1,10219,12219,1.4290508659989352,0.5050181139327784,0.6248744118322487,True,True,interface,0.0924005266573921,0.2525090569663892,STROMA
TCACTACGACCAATGC-1,5305,8475,-0.850600739191554,-0.1522170808765231,-0.4368050719707619,False,False,other,0.0004890171242848,-0.07610854043826155,MIXED
TCACTATCGTGCAATC-1,3518,15372,-0.688321522947005,-0.320427463552867,0.0539791296414107,False,False,other,0.0001827176944944,-0.1602137317764335,MIXED
TCACTCAGCGCATTAG-1,2733,14239,-0.87080973948148,-0.320427463552867,-0.5405178485157619,False,False,other,5.508753632053927e-05,-0.1602137317764335,MIXED
TCACTCGTGCAACGGC-1,5699,8702,0.2889386119585092,-0.320427463552867,-0.1672301447693658,False,False,other,0.0303058169101392,-0.1602137317764335,MIXED
TCACTCTTCGTCTGTC-1,6268,18320,-0.8002963608025098,-0.0326276614652821,-0.0938217361031585,False,False,other,0.0012866875601686,-0.01631383073264105,MIXED
TCAGAACCTCCACAGG-1,8655,7238,-0.0386018419199914,0.2339794873086786,-0.0503255698847362,False,True,immune_core,0.0058564005133643,0.1169897436543393,MIXED
TCAGACGCTATAGAAG-1,12190,11092,-0.3014145647472432,-0.1522170808765231,-0.5487495207984325,False,False,interface,0.0117665533615097,-0.07610854043826155,MIXED
TCAGATGGAGACGTAG-1,5313,4854,-0.850600739191554,-0.0326276614652821,-0.911235546745144,False,False,other,0.0006400506920735,-0.01631383073264105,MIXED
TCAGCAAATGCATCTC-1,8843,10972,0.8512627284930101,-0.0326276614652821,-0.0729997988327289,True,False,interface,0.0343542323218079,-0.01631383073264105,TUMOR
TCAGCAGTAGGCCCTG-1,14741,14605,2.1770299670934437,1.395488881554714,0.5502191253147368,True,True,interface,0.3789181143065478,0.697744440777357,IMMUNE_EXHAUSTED
TCAGCCAATCCGTAAA-1,15151,7365,-0.19449555276217,0.8259141154950927,-0.7935159983168215,False,True,immune_core,0.0231111143991452,0.4129570577475464,IMMUNE_EXHAUSTED
TCAGGGCGACTTCCTT-1,7448,18775,-0.7368286059855409,0.1355827212110617,0.938055551549878,False,False,other,0.0084011260624432,0.06779136060553086,STROMA
TCAGGGCGCAAACTCG-1,7057,17416,0.022649043524765,0.1355827212110617,0.1269776733532922,False,False,other,0.0064846914718529,0.06779136060553086,MIXED
TCAGGGTGCACGAAAC-1,4123,9151,0.0202519125775921,1.0840965965976206,-0.2572957147897521,False,True,immune_core,0.1328274176126317,0.5420482982988103,IMMUNE_EXHAUSTED
TCAGGGTGTAACGTAA-1,8252,11083,1.244662940642415,0.8110585327569649,0.2383933361834969,True,True,interface,0.2353015174385838,0.40552926637848247,IMMUNE_EXHAUSTED
TCAGGTTCTTTGAGAA-1,8639,14478,0.7537217050809988,-0.1522170808765231,0.4926838637803233,True,False,interface,0.0564164343851368,-0.07610854043826155,TUMOR
TCAGTACTGACCCGCG-1,7849,15382,0.0976766989036639,0.4987799565573952,1.5647801298947404,False,True,immune_core,0.0086055644904257,0.2493899782786976,STROMA
TCAGTAGGGACTATAA-1,11790,13806,-0.5894915934206155,-0.1522170808765231,-0.4809837077451089,False,False,other,0.032481584598856,-0.07610854043826155,MIXED
TCAGTGTATACGTCAT-1,14149,15169,1.2426334714914646,-0.0538203147789063,0.222470212168957,True,False,interface,0.1397086534694187,-0.02691015738945315,TUMOR
TCATACTTACAGATCC-1,7059,16511,-0.3092751249675126,-0.320427463552867,-0.0064715751289925,False,False,other,0.0044186442657491,-0.1602137317764335,MIXED
TCATATGAGCTTTGTT-1,15337,12230,-0.5140098286159154,-0.0326276614652821,-0.7935159983168215,False,False,other,0.0002034878148494,-0.01631383073264105,MIXED
TCATCACTCGAGCTCG-1,6076,15944,-0.2103793819044106,0.4003831904597785,0.260695945778416,False,True,immune_core,0.0315759967755938,0.20019159522988925,MIXED
TCATCCCAGAGGGTGG-1,5102,11303,-0.7166196056956149,-0.320427463552867,-0.4430864777885785,False,False,other,0.0011750890508026,-0.1602137317764335,MIXED
TCATCCTCAGCTGCTT-1,16131,9064,-0.170253164252547,-0.320427463552867,-0.4417060861448373,False,False,interface,0.0097709692068192,-0.1602137317764335,MIXED
TCATCGATGGTCCCAA-1,13951,15961,1.6753494248039815,0.0159933017998207,-0.2240440666964349,True,False,interface,0.0646352296400745,0.00799665089991035,TUMOR
TCATGCAGGTTCTCAT-1,6287,9721,-0.5255628099736042,-0.320427463552867,-0.4760010357292991,False,False,other,0.0087122033853876,-0.1602137317764335,MIXED
TCATTTAAGTCTCCGA-1,9637,8032,0.1128097852968044,0.4558497065119976,-0.3503323775600248,False,True,immune_core,0.0038781046870281,0.2279248532559988,MIXED
TCATTTAGAAGTGTGA-1,13380,6795,-0.602929309873514,-0.320427463552867,-0.911235546745144,False,False,other,0.0075358932050863,-0.1602137317764335,MIXED
TCCAACTCAGCTATCT-1,15935,8951,0.2868743645024017,0.2170766025853298,-0.0858726263622067,False,True,interface,0.0114397858310481,0.1085383012926649,MIXED
TCCAACTTTAAATTCT-1,10607,14709,0.3566983980841712,0.72739838636993,-0.5201796715036461,False,True,interface,0.0369856652370031,0.363699193184965,IMMUNE_ACTIVE
TCCAAGCCTAGACACA-1,15932,10308,0.0429101938064459,-0.320427463552867,-0.536913447420744,False,False,other,0.0046665481662963,-0.1602137317764335,MIXED
TCCAATAAAGGCTACC-1,15138,13248,-0.391581676477665,0.6227452211713919,0.9117976000159348,False,True,interface,0.112801426805145,0.31137261058569593,IMMUNE_ACTIVE
TCCACAATGGTTTACG-1,8637,15157,0.2243443527163136,0.2339794873086786,0.8668076487261638,False,True,immune_core,0.0112144388654743,0.1169897436543393,STROMA
TCCACCTCTAGCCTTT-1,14744,13247,-0.2162447727184253,-0.1522170808765231,0.0465652560829649,False,False,interface,0.0277614826145662,-0.07610854043826155,MIXED
TCCACTTTATCTAGGT-1,8845,10293,-0.1324988713508131,-0.1522170808765231,-0.2387624007132842,False,False,interface,0.0182358085934293,-0.07610854043826155,MIXED
TCCAGAGCACCGGTTC-1,10614,11315,0.5133404066814162,0.2339794873086786,-0.4203538585953831,True,True,interface,0.02238729667644,0.1169897436543393,MIXED
TCCAGATGTACGCCAA-1,7475,6330,0.0761473417556771,0.0488662199089858,-0.3235673912008861,False,False,other,0.022174799746905,0.0244331099544929,MIXED
TCCAGCGCTATAAGCG-1,12988,6116,-0.7436817272064806,-0.0538203147789063,-0.3317990634835568,False,False,other,0.0097867907320794,-0.02691015738945315,MIXED
TCCAGGCGAGTACGGT-1,8839,12782,0.7395104500837301,0.991951512188876,1.6904211990885984,True,True,interface,0.0970553082948454,0.495975756094438,IMMUNE_EXHAUSTED
TCCAGGGTATATACGA-1,14747,12116,-0.5677781059039644,-0.320427463552867,-0.7246544768844247,False,False,other,0.0064067206109369,-0.1602137317764335,MIXED
TCCATTAGTTGGATAG-1,3910,16278,-0.8642251442495211,-0.320427463552867,-0.911235546745144,False,False,other,0.004202012553173,-0.1602137317764335,MIXED
TCCATTCCCACTAGAG-1,6297,4970,-0.490978323547331,-0.320427463552867,-0.7935159983168215,False,False,other,0.0013052166969798,-0.1602137317764335,MIXED
TCCATTGTGACCTCGT-1,4316,10622,-0.39523405558428,-0.320427463552867,-0.7049612032049952,False,False,other,0.0034761464089152,-0.1602137317764335,MIXED
TCCCAAACAGACAACG-1,7081,6782,-0.2378814288924938,-0.320427463552867,0.0645257204689325,False,False,other,0.003558210033387,-0.1602137317764335,MIXED
TCCCAAAGACGAAGGA-1,7856,12440,1.773782827930562,0.4003831904597785,0.8170704520474406,True,True,interface,0.0738895296737114,0.20019159522988925,STROMA
TCCCAAAGCCCTAAAT-1,10429,5997,0.5574044796154637,-0.1522170808765231,-0.3564819491416067,True,False,interface,0.005846035824145,-0.07610854043826155,MIXED
TCCCACTCTCTTCCGG-1,8852,7125,-0.0757514850838241,0.3366660219965708,-0.0254610190281251,False,True,immune_core,0.0053264288193773,0.1683330109982854,MIXED
TCCCAGCTTTAGTCTG-1,9430,12896,0.3263316762810789,0.4330995591637024,1.7692542500809316,False,True,interface,0.2416351001906641,0.2165497795818512,STROMA
TCCCAGGCTTAGCTAA-1,8640,13800,1.2410557047977022,-0.1522170808765231,1.3782084324770658,True,False,interface,0.0372751977732378,-0.07610854043826155,TUMOR
TCCCGCCTATGTGCGT-1,9052,5428,0.2630537701985226,-0.320427463552867,-0.7353305906591517,False,False,other,0.0031371782420007,-0.1602137317764335,MIXED
TCCCGCGTACTCCTGG-1,8055,11422,0.0907438649190316,0.5256633230907246,0.5087803256241841,False,True,interface,0.1919608748537526,0.2628316615453623,MIXED
TCCCGGGTGTGCTGCT-1,9424,15385,-0.056895043075506,-0.320427463552867,0.1037804335915564,False,False,interface,0.0013720242212535,-0.1602137317764335,MIXED
TCCCGGTCAGGAATTT-1,4306,15148,-0.6479374592434296,-0.320427463552867,-0.7246544768844247,False,False,other,0.0001278576577907,-0.1602137317764335,MIXED
TCCCGTCAGTCCCGCA-1,7269,10742,0.1155443093934287,0.2170766025853298,-0.3280878626945084,False,True,immune_core,0.0172993033144343,0.1085383012926649,MIXED
TCCCGTCGCGTCATAG-1,8460,6219,0.0275749153064911,-0.0326276614652821,-0.0743190460240507,False,False,other,0.0007931868117971,-0.01631383073264105,MIXED
TCCCGTGTGCAATTTG-1,11404,10185,0.1887852814496741,0.4566204320332398,0.5004541478444878,False,True,interface,0.0190347732062474,0.2283102160166199,MIXED
TCCCTAGATCAATAGG-1,8263,6332,-0.3160999116729649,-0.320427463552867,-0.2697266921891505,False,False,other,0.0023602201926887,-0.1602137317764335,MIXED
TCCCTCCGAAATCGTT-1,3123,16276,-0.87080973948148,-0.320427463552867,-0.5405178485157619,False,False,other,0.0001594501041292,-0.1602137317764335,MIXED
TCCCTCTTCTCAAGGG-1,15547,6235,-0.1541723517110464,-0.320427463552867,-0.1024939099485921,False,False,other,0.0312465645107033,-0.1602137317764335,MIXED
TCCCTGGCGTATTAAC-1,14145,17206,-0.0347674187416143,0.1355827212110617,-0.2921469699023553,False,False,interface,0.0040624260896101,0.06779136060553086,MIXED
TCCCTGGCTCGCTGGA-1,9226,16177,-0.2393201025825062,-0.320427463552867,-0.0142874877692762,False,False,other,0.0096803279505751,-0.1602137317764335,MIXED
TCCCTTAGATTACTCG-1,6287,9495,-0.1255324790964842,0.2170766025853298,-0.1403911399051225,False,True,immune_core,0.006676131082095,0.1085383012926649,MIXED
TCCCTTGTCTGAAACT-1,15941,6235,-0.7436817272064806,-0.1522170808765231,-0.4680519259883473,False,False,other,0.0109860618311076,-0.07610854043826155,MIXED
TCCGAACGTTGCCGCT-1,12792,5550,0.2458816552931395,0.0488662199089858,-0.1243810506992405,False,False,other,0.0227455310324509,0.0244331099544929,MIXED
TCCGAACTTGGCTTAC-1,9224,17082,-0.1973776415097543,0.2862370633743352,0.382181937097333,False,True,immune_core,0.060539125954979,0.1431185316871676,MIXED
TCCGAAGTAGTCACCA-1,5506,6778,-0.6097005937105415,-0.320427463552867,-0.4368050719707619,False,False,other,0.0001314148342545,-0.1602137317764335,MIXED
TCCGAATGGTCCTGAG-1,8853,6446,-0.2879768482943446,-0.320427463552867,-0.3432606648803154,False,False,interface,0.0083158359465374,-0.1602137317764335,MIXED
TCCGAGAAGGCTAAGC-1,3914,14468,-0.8642251442495211,-0.320427463552867,-0.7246544768844247,False,False,other,0.0008771607938004,-0.1602137317764335,MIXED
TCCGATAATTGCCATA-1,6282,11984,-0.3122765048953292,-0.1522170808765231,-0.4253434705740034,False,False,interface,0.0127714922720997,-0.07610854043826155,MIXED
TCCGATGACTGAGCTC-1,7072,10628,-0.3502259062143644,-0.320427463552867,-0.3141933981014073,False,False,interface,0.0052706068055747,-0.1602137317764335,MIXED
TCCGATGGTGCGACAT-1,7657,13232,0.0739481448894074,0.4558497065119976,0.5042155474562671,False,True,interface,0.3143176645442447,0.2279248532559988,MIXED
TCCGATTACATTGCCG-1,9030,15611,-0.3122765048953292,-0.320427463552867,1.0654296519714903,False,False,interface,0.0182794190727846,-0.1602137317764335,STROMA
TCCGCAGCCACCTAGC-1,5283,18431,-0.9913531565245204,-0.320427463552867,0.0804168789241316,False,False,other,0.0002371853608688,-0.1602137317764335,MIXED
TCCGCCTGTCTACAAG-1,13765,10869,-0.87080973948148,-0.320427463552867,-0.7935159983168215,False,False,other,0.0019064081811444,-0.1602137317764335,MIXED
TCCGCGGCAGCATCTG-1,9437,9728,-0.328846758223407,-0.1522170808765231,-0.3859422508991043,False,False,other,0.0089296782708671,-0.07610854043826155,MIXED
TCCGCGGCCCAATGAA-1,13181,8040,0.4205580877861408,-0.0538203147789063,-0.4121221863127121,False,False,interface,0.0074863847817088,-0.02691015738945315,MIXED
TCCGCTGTCATCCCGG-1,11995,10073,0.8286921959642538,-0.1522170808765231,-0.3420946345778311,True,False,interface,0.0830949541475851,-0.07610854043826155,TUMOR
TCCGCTTATCCCATTA-1,12581,11998,0.4414849968918686,0.0488662199089858,0.1553449512319422,True,False,interface,0.005519578972548,0.0244331099544929,MIXED
TCCGGAGGAAGGGCTG-1,5505,7004,-0.5960761886525743,-0.320427463552867,-0.7935159983168215,False,False,other,3.724717591438155e-05,-0.1602137317764335,MIXED
TCCGGCCTAGCGTACA-1,8259,8142,-0.1049891392808646,-0.0326276614652821,-0.1100859178798917,False,False,other,0.002480929278049,-0.01631383073264105,MIXED
TCCGGGCTTGACGGGA-1,15739,8385,0.1522682651969504,-0.1522170808765231,-0.3761752228210359,False,False,interface,0.0228658878522055,-0.07610854043826155,MIXED
TCCGGTTCGTCCGGTC-1,12775,13243,0.3650285804804914,-0.320427463552867,-0.1239755513910794,False,False,interface,0.0015568314231319,-0.1602137317764335,MIXED
TCCGTAACCACAATCC-1,6664,17416,-0.1623401844387751,-0.1522170808765231,0.4905123744592621,False,False,other,0.0012048897109416,-0.07610854043826155,MIXED
TCCGTTAAGCTAATAT-1,12984,7926,1.1674263854333664,0.6881829925473634,-0.201365975114117,True,True,interface,0.068793266734804,0.3440914962736817,IMMUNE_ACTIVE
TCCGTTTAGCCTTGAA-1,8454,9160,-0.266892723608097,-0.320427463552867,-0.4188568088398248,False,False,other,0.009031636951124,-0.1602137317764335,MIXED
TCCTAAAGATTCAGAC-1,16130,9743,0.3079751724065586,-0.320427463552867,-0.4310299723701101,False,False,other,0.0490103094505931,-0.1602137317764335,MIXED
TCCTAAATTGGGAAGC-1,13764,11322,-0.609513905105473,-0.320427463552867,-0.7164228046017538,False,False,other,0.0140884800724274,-0.1602137317764335,MIXED
TCCTAACCGTCGGGCA-1,14939,14040,1.4111664240968362,-0.0538203147789063,0.4842957505928236,True,False,interface,0.0852157407999168,-0.02691015738945315,TUMOR
TCCTACATCCACGGCC-1,11799,9734,0.4436262905601472,0.3154733686829467,0.0236097421872541,True,True,interface,0.0103787753110741,0.15773668434147334,MIXED
TCCTAGCAAAGAAGCT-1,10804,14596,0.5961687308870399,-0.0538203147789063,-0.156989815776638,True,False,interface,0.0103039423350307,-0.02691015738945315,MIXED
TCCTATCATAGGTAAC-1,11808,5661,0.0887099943949249,-0.320427463552867,-0.3091800766371105,False,False,interface,0.0086746961835653,-0.1602137317764335,MIXED
TCCTCCTAAGACATTC-1,11980,16862,0.4276733610993886,-0.0538203147789063,0.5559374200303481,True,False,interface,0.0192211560979264,-0.02691015738945315,MIXED
TCCTCGGGCTGGGCTT-1,10616,10636,-0.0933107617285642,0.3574529404143807,0.4017791326734663,False,True,interface,0.0472609080769991,0.17872647020719035,MIXED
TCCTCTACGAGATGGC-1,7849,15608,-0.3848103926406376,-0.320427463552867,0.8958906937797543,False,False,other,0.0018614774564289,-0.1602137317764335,STROMA
TCCTCTCCAGTTGTCC-1,8633,16967,-0.0696801034682682,-0.320427463552867,0.3751149159480945,False,False,other,0.0033274009414456,-0.1602137317764335,MIXED
TCCTCTGGCCCATTAG-1,4713,9265,-0.8130148728374643,-0.1522170808765231,0.0166239210575778,False,False,other,0.0118318212491999,-0.07610854043826155,MIXED
TCCTGCCAACTGGAGA-1,5107,9040,-0.850600739191554,-0.320427463552867,-0.2609001158847699,False,False,other,0.015244024582808,-0.1602137317764335,MIXED
TCCTGCGTTGATACTC-1,10211,15839,-0.1480741551149453,-0.320427463552867,0.3440911424999184,False,False,other,0.0119406160050721,-0.1602137317764335,MIXED
TCCTGGCGCTGCCTGG-1,5111,7230,-0.2311101450554663,-0.320427463552867,-0.3786196643130924,False,False,other,0.0007701359846902,-0.1602137317764335,MIXED
TCCTTACGACGGTCCG-1,12392,8490,0.5290999167971976,0.0159933017998207,0.4753131053646313,True,False,interface,0.0237875007640657,0.00799665089991035,MIXED
TCCTTCAATCCCTACG-1,10794,19122,0.3028154161668163,-0.0538203147789063,0.8968573383366106,False,False,other,0.0067965711751505,-0.02691015738945315,STROMA
TCCTTCAGTGGTCGAA-1,5693,11417,-0.1053234788065582,0.2862370633743352,-0.2921469699023553,False,True,immune_core,0.0019029607644428,0.1431185316871676,MIXED
TCCTTTAAATCCGCTT-1,13769,8833,-0.3991405926555654,0.1892425577380367,0.0815133045270377,False,True,interface,0.0022951936619031,0.09462127886901835,MIXED
TCCTTTCTTACGCTTA-1,8644,12216,0.4021048243368679,1.15901785364533,0.2044212200435123,False,True,interface,0.2729411534644634,0.579508926822665,IMMUNE_EXHAUSTED
TCGAAATTTAGGACCA-1,8443,14139,0.8166997633484107,-0.320427463552867,1.0917524555455678,True,False,interface,0.0075678873534929,-0.1602137317764335,TUMOR
TCGAAGAACCGAGCAC-1,11606,8036,-0.2920675046054031,-0.1522170808765231,0.4129526639323152,False,False,interface,0.0201684684300913,-0.07610854043826155,MIXED
TCGAATATCCCGCAGG-1,14148,15622,2.525668239710229,0.1355827212110617,-0.2671815217025865,True,False,interface,0.2090098715630508,0.06779136060553086,TUMOR
TCGACAACTGAACCCG-1,13947,17545,0.2342603335823612,-0.320427463552867,-0.3812966690358911,False,False,interface,0.0046881489472546,-0.1602137317764335,MIXED
TCGAGACCAACACCGT-1,10020,13011,0.5725754115748867,0.9118598912759264,1.1384174877612057,True,True,interface,0.013469715441803,0.4559299456379632,IMMUNE_EXHAUSTED
TCGAGCCAGGCAGGCC-1,13953,15056,0.786104736621996,0.5048764046729147,0.6949933325041824,True,True,interface,0.302885699681743,0.25243820233645736,STROMA
TCGAGGGCAACAGACG-1,13973,5779,-0.5205409209794494,-0.320427463552867,0.5420969262099843,False,False,other,0.002027140513152,-0.1602137317764335,MIXED
TCGAGTCTACGATTCG-1,13747,19015,0.2201243996756889,-0.320427463552867,-0.518380133344276,False,False,other,0.0008014144105642,-0.1602137317764335,MIXED
TCGATAGGCTAGTCGC-1,4309,13790,-0.9913531565245204,-0.320427463552867,-0.5487495207984325,False,False,other,0.0003911625153001,-0.1602137317764335,MIXED
TCGCAAAGATGCATTT-1,11994,10752,0.5589704580470023,0.3039348131472694,0.4228406735589045,True,True,interface,0.1103847422521438,0.1519674065736347,MIXED
TCGCACCAGGAGGCAG-1,12585,10188,-0.4245091888025457,1.4189836108856215,0.0852314912551868,False,True,interface,0.2574806717801694,0.7094918054428108,IMMUNE_EXHAUSTED
TCGCACTAACGTTTGT-1,5478,19223,-0.87080973948148,-0.320427463552867,-0.3679435505383652,False,False,other,0.0001956635111248,-0.1602137317764335,MIXED
TCGCATAAAGGGCGCA-1,15152,6686,0.2475765571017593,0.0701449498350903,0.2545965979874207,False,False,interface,0.0278570895679006,0.03507247491754515,MIXED
TCGCATCCCTAAGTGT-1,5683,15716,0.149372270057481,-0.320427463552867,-0.5380734070237054,False,False,other,0.0409139768694004,-0.1602137317764335,MIXED
TCGCATTCAATGACTT-1,4503,15035,-0.8002963608025098,-0.320427463552867,-0.4253434705740034,False,False,other,0.0001668811660943,-0.1602137317764335,MIXED
TCGCCCAACTGACTCC-1,4521,6889,-0.850600739191554,-0.320427463552867,-0.587439178339805,False,False,other,0.0037335708791318,-0.1602137317764335,MIXED
TCGCCCACTGCGAGAG-1,9810,19006,-0.6731683485275104,-0.320427463552867,0.1742438485562972,False,False,other,0.0055056369360406,-0.1602137317764335,MIXED
TCGCCGAAGTTGCGTC-1,11590,15051,0.9590470977655606,0.1357244304709254,-0.2691317881674407,True,False,interface,0.0207525146726594,0.0678622152354627,TUMOR
TCGCCGACATATTCGC-1,15737,9516,-0.8642251442495211,-0.320427463552867,-0.4809837077451089,False,False,other,0.0165015869095599,-0.1602137317764335,MIXED
TCGCCGCACCGCGTGA-1,11779,18558,0.4595221589957307,-0.1522170808765231,0.0758981237182731,True,False,tumor_core,0.001910621935643,-0.07610854043826155,MIXED
TCGCCGGATGGGCAAG-1,7842,18776,-0.87080973948148,-0.1522170808765231,0.5001739584176718,False,False,other,0.0012390144729253,-0.07610854043826155,MIXED
TCGCCGGTCGATCCGT-1,6478,12324,-0.4948300648404543,-0.1522170808765231,0.1790972473593808,False,False,interface,0.0444017034631592,-0.07610854043826155,MIXED
TCGCCTCGACCTGTTG-1,3709,17975,-0.685886860562465,-0.1522170808765231,2.4363853818791408,False,False,other,2.7594008694537773e-05,-0.07610854043826155,STROMA
TCGCGTAGCAGTGTCC-1,13968,8041,-0.850600739191554,-0.320427463552867,-0.911235546745144,False,False,other,0.1584433373116015,-0.1602137317764335,MIXED
TCGCGTCCAGAAGGTC-1,8832,15950,-0.0323713853623626,-0.320427463552867,0.8969958233902424,False,False,other,0.0017931220816492,-0.1602137317764335,STROMA
TCGCTAAACCGCTATC-1,6485,9156,0.0939277841624834,0.2170766025853298,-0.2240440666964349,False,True,immune_core,0.0303341235617716,0.1085383012926649,MIXED
TCGCTACTGGCTTTGA-1,15536,10986,0.0611557279563713,1.037751566116276,-0.4191938989924216,False,True,interface,0.3338143144655979,0.518875783058138,IMMUNE_EXHAUSTED
TCGCTCGATATATTCC-1,8447,12102,0.9040603956760304,0.3579447519226753,0.9158770944558834,True,True,interface,0.0409191475485381,0.17897237596133764,STROMA
TCGCTCGGCACCAGCG-1,7474,7009,-0.8642251442495211,-0.320427463552867,-0.3679435505383652,False,False,other,0.0024449893574949,-0.1602137317764335,MIXED
TCGCTGCCAATGCTGT-1,16129,10196,-0.428782768495736,-0.320427463552867,-0.1291737955731249,False,False,other,0.0018618652898883,-0.1602137317764335,MIXED
TCGCTGGGCGGATTGT-1,8253,10857,0.2675913040368762,1.4707624180413366,0.286099299483133,False,True,interface,0.2122341237120543,0.7353812090206683,IMMUNE_EXHAUSTED
TCGCTGTGCGTAAATC-1,6079,14586,0.1614872779163668,-0.320427463552867,0.5105888714500442,False,False,other,0.0021299209675504,-0.1602137317764335,MIXED
TCGCTTAATTACGAAG-1,5312,5533,-0.7086936644375649,-0.320427463552867,-0.911235546745144,False,False,other,0.0008145440016439,-0.1602137317764335,MIXED
TCGCTTTAAACGTTTG-1,7666,9385,-0.2740396393624411,-0.0538203147789063,-0.072525778075958,False,False,other,0.0029625458951216,-0.02691015738945315,MIXED
TCGGAATGACCATCAA-1,3923,10621,-0.9913531565245204,-0.1522170808765231,-0.5138982656858294,False,False,other,0.002487445714952,-0.07610854043826155,MIXED
TCGGAATGCGCTCTGA-1,8635,16062,-0.1065713711427593,-0.320427463552867,0.6984266942451942,False,False,interface,0.0366376462576669,-0.1602137317764335,STROMA
TCGGACGCCCAGCCCA-1,9238,10294,0.1019638868079063,0.3037931038874057,-0.6757964498884991,False,True,interface,0.0122017714712485,0.15189655194370286,MIXED
TCGGAGAGTATCGGGA-1,11587,16634,0.6188138987288714,-0.320427463552867,-0.6378992199319686,True,False,interface,0.0332525454668447,-0.1602137317764335,TUMOR
TCGGAGTACATGAGTA-1,9040,10859,1.0897059142212753,0.6452527425019656,0.1905212478542202,True,True,interface,0.0285749190196258,0.3226263712509828,IMMUNE_ACTIVE
TCGGCGAACCCAAACC-1,12395,7359,0.7617322524165798,0.8428170002184416,0.2113984272261962,True,True,immune_core,0.0408680227877167,0.4214085001092208,IMMUNE_EXHAUSTED
TCGGCGTACTGCACAA-1,12372,17768,0.8166338131790051,-0.320427463552867,0.1396987121847072,True,False,interface,0.0368278778060358,-0.1602137317764335,TUMOR
TCGGCTTGTATCGACG-1,14164,8381,-0.1803506682610275,0.6555907906113129,-0.3503323775600248,False,True,immune_core,0.0312323914678202,0.32779539530565643,IMMUNE_ACTIVE
TCGGGAACGTGCCTAG-1,8852,6899,0.0152199382364823,0.4003831904597785,-0.3141028515266296,False,True,immune_core,0.006422833168712,0.20019159522988925,MIXED
TCGGGAGACAGCGTAC-1,14355,11210,1.5057414086898775,1.3718963986852055,0.6299628950788981,True,True,interface,0.7201190719532594,0.6859481993426028,IMMUNE_EXHAUSTED
TCGGGATTCAAACATA-1,10404,17537,0.0571269357630505,-0.320427463552867,-0.0657097585424126,False,False,other,0.0021789728122628,-0.1602137317764335,MIXED
TCGGGCACTTCTGGAT-1,3128,14014,-0.8642251442495211,-0.320427463552867,-0.2510389756537355,False,False,other,0.0004098392594721,-0.1602137317764335,MIXED
TCGGGCCGTCGTGGTA-1,10619,9278,0.1820001447769177,0.7043990535310617,-0.2691317881674407,False,True,immune_core,0.0270650505021839,0.35219952676553085,IMMUNE_ACTIVE
TCGGGTGAAACTGCTA-1,4705,12886,-0.5460403362525111,0.1892425577380367,-0.0142874877692762,False,True,immune_core,0.0139360096540901,0.09462127886901835,MIXED
TCGGTCCCGACAATAG-1,13949,16640,0.5264850458772451,0.0159933017998207,0.5518129684017646,True,False,interface,0.0063229886614106,0.00799665089991035,MIXED
TCGGTCCCTGACTCCA-1,4713,9039,-0.6382456667963753,-0.320427463552867,0.1795082299506825,False,False,other,0.0051991084534059,-0.1602137317764335,MIXED
TCGGTGACCGCTCCGG-1,5703,6892,-0.7098483218585873,-0.320427463552867,-0.7493373625424743,False,False,other,0.0002846991223888,-0.1602137317764335,MIXED
TCGTAAGACGACATTG-1,8057,10517,0.2704184406211191,-0.320427463552867,0.1684742565518361,False,False,interface,0.0096561523326862,-0.1602137317764335,MIXED
TCGTAAGCTCCGAGGA-1,5899,7232,-0.8573720230285815,-0.320427463552867,-0.7935159983168215,False,False,other,0.0006924219984261,-0.1602137317764335,MIXED
TCGTATAGTGCAATTA-1,5099,12887,-0.850600739191554,-0.320427463552867,-0.7493373625424743,False,False,other,0.0058608069271585,-0.1602137317764335,MIXED
TCGTATTACCCATTGC-1,10012,16405,0.5716180773116397,-0.320427463552867,0.0008826305902493,True,False,tumor_core,0.004687211003316,-0.1602137317764335,MIXED
TCGTATTTCGTCCGGA-1,3727,10055,-0.8642251442495211,-0.320427463552867,0.0479839605187759,False,False,other,0.0010361142407768,-0.1602137317764335,MIXED
TCGTCAAGTACGCGCA-1,13756,14942,-0.2230160565554529,1.03278704270042,-0.0078498460497847,False,True,interface,0.3631223348221852,0.51639352135021,IMMUNE_EXHAUSTED
TCGTCACACTGTTAGC-1,8042,17079,-0.0822636392224863,-0.320427463552867,0.5852615114469926,False,False,interface,0.0008674584138858,-0.1602137317764335,MIXED
TCGTCCGCTGGCGTCT-1,7063,14701,0.713447340187009,-0.0538203147789063,0.5425984343259364,True,False,interface,0.0234140214072173,-0.02691015738945315,TUMOR
TCGTCCGGGTACACTC-1,4524,5531,-0.8642251442495211,-0.320427463552867,-0.5627562926817552,False,False,other,0.0015400709179312,-0.1602137317764335,MIXED
TCGTCTTAGGCGTTAA-1,13177,9850,-0.6663152273065707,-0.320427463552867,-0.5298417347410346,False,False,other,0.0177466704070215,-0.1602137317764335,MIXED
TCGTGTACTATGGATG-1,11994,10526,-0.7300573221485134,-0.320427463552867,-0.911235546745144,False,False,interface,0.2277725764597313,-0.1602137317764335,MIXED
TCGTGTATTGGTCACG-1,13185,6003,-0.9913531565245204,-0.320427463552867,-0.911235546745144,False,False,other,0.0237510496652064,-0.1602137317764335,MIXED
TCGTGTCACGCTGACA-1,11193,16634,-0.3945830564054816,-0.1522170808765231,-0.307623922145681,False,False,interface,0.4845755761074602,-0.07610854043826155,MIXED
TCGTGTTCGACCACAA-1,13970,7362,-0.6722624555044977,-0.320427463552867,-0.7935159983168215,False,False,other,0.0140737142250516,-0.1602137317764335,MIXED
TCGTTAGGAGTCCCTA-1,12973,13130,0.2168344156779937,-0.320427463552867,-0.5872416547766728,False,False,interface,0.0464712138945234,-0.1602137317764335,MIXED
TCGTTCGTTATTATGT-1,4706,12207,-0.7234727269165546,-0.1522170808765231,-0.5298417347410346,False,False,other,0.0006411944320659,-0.07610854043826155,MIXED
TCGTTGACAGGGTCCC-1,8235,19003,-0.7166196056956149,0.3154733686829467,0.0027846572255917,False,True,immune_core,0.0076833271611979,0.15773668434147334,MIXED
TCGTTGCTATCCGGTC-1,13364,14036,-0.2272635607090158,-0.1522170808765231,0.7672948552371155,False,False,interface,0.1088087451971497,-0.07610854043826155,STROMA
TCGTTGGCTCGTCAAT-1,4502,15714,-0.87080973948148,-0.320427463552867,-0.3199004970861323,False,False,other,0.0002641380104676,-0.1602137317764335,MIXED
TCTAAAGAACAGTCTC-1,12962,18108,1.2125410763721036,-0.0538203147789063,0.1673751757653727,True,False,interface,0.0023344505561058,-0.02691015738945315,TUMOR
TCTAACTGTATGTAAA-1,8040,17984,-0.4648220950594779,-0.320427463552867,0.2886804320175318,False,False,other,0.0091742574295801,-0.1602137317764335,MIXED
TCTAATACTGCCTCAG-1,13950,16413,0.8994286825996426,0.6427064408207573,0.8806896447525075,True,True,interface,0.0267365360889761,0.32135322041037867,IMMUNE_ACTIVE
TCTACCCAATAGAGAG-1,13773,7249,0.1232312518962366,-0.320427463552867,-0.7353305906591517,False,False,other,0.0068093595572164,-0.1602137317764335,MIXED
TCTACCGTCCACAAGC-1,8054,11649,1.0771067881593412,-0.0538203147789063,0.6914485891358143,True,False,interface,0.0139164726123828,-0.02691015738945315,TUMOR
TCTACGGGCTCAGTTG-1,5903,5421,-0.8642251442495211,-0.320427463552867,0.479328788709855,False,False,other,0.0001400022275591,-0.1602137317764335,MIXED
TCTAGCAATCTCCGCC-1,11785,15843,0.5065918041499936,0.1892425577380367,-0.1873592032307945,True,True,tumor_core,0.005039759668851,0.09462127886901835,MIXED
TCTAGCATCTTCGATG-1,7261,14362,0.7719572307181266,-0.1522170808765231,0.8004149415452407,True,False,interface,0.0116378896486501,-0.07610854043826155,TUMOR
TCTAGCATGCCCAGAA-1,12188,11771,0.6631800028842818,0.2321728077834345,0.223826423585032,True,True,interface,0.0905505228701905,0.11608640389171725,TUMOR
TCTAGGTGGCGACGCT-1,8456,8029,0.0785260570201828,-0.320427463552867,-0.5138982656858294,False,False,other,0.0086454190406006,-0.1602137317764335,MIXED
TCTAGTGATATCGTGG-1,11409,8149,-0.6162851889425005,0.2339794873086786,-0.5405178485157619,False,True,interface,0.0793479272161194,0.1169897436543393,MIXED
TCTAGTTATCAGAAGA-1,9429,13122,1.1909436651993164,0.5048764046729147,1.064707199435776,True,True,interface,0.227473866236212,0.25243820233645736,STROMA
TCTATAGGTGGGTAAT-1,15545,6913,0.0327834929057145,-0.320427463552867,-0.1362658532934995,False,False,interface,0.0298221026401857,-0.1602137317764335,MIXED
TCTATCATGCAGTTAC-1,6276,14699,-0.2431574970051433,-0.320427463552867,-0.112811180002291,False,False,other,0.0004600728352075,-0.1602137317764335,MIXED
TCTATCGGTCGCAACA-1,7069,11986,-0.3484047593345346,-0.1522170808765231,-0.0481391106104429,False,False,interface,0.0035774207217251,-0.07610854043826155,MIXED
TCTATGCTATAACGAC-1,15345,8610,-0.7234727269165546,-0.1522170808765231,-0.342475177258284,False,False,other,0.0384212381989153,-0.07610854043826155,MIXED
TCTATTACGCTGGCGA-1,5487,15377,-0.768265853165914,0.0159933017998207,0.6350430424054794,False,False,other,0.0074954516719975,0.00799665089991035,STROMA
TCTATTACTAGAGGAT-1,10797,17538,-0.4214375023471085,-0.320427463552867,0.8760738849354883,False,False,other,0.016865476194362,-0.1602137317764335,STROMA
TCTCATGAGATAGGGT-1,12390,9395,-0.9913531565245204,-0.320427463552867,-0.6316178141141519,False,False,other,0.0796823102304074,-0.1602137317764335,MIXED
TCTCCAACGTAGGTTA-1,6679,10401,0.1840521903217881,-0.320427463552867,-0.1884341933573554,False,False,other,0.0011500565493509,-0.1602137317764335,MIXED
TCTCCACAAGTTGAAT-1,14754,8722,-0.8002963608025098,0.0488662199089858,-0.6176110422308293,False,False,other,0.017003611982176,0.0244331099544929,MIXED
TCTCCCTGGGCAGCGT-1,13373,10190,-0.1770847498217296,-0.1522170808765231,-0.342475177258284,False,False,other,0.0084612499687801,-0.07610854043826155,MIXED
TCTCGAACGAGGTCAC-1,5108,8587,-0.6731683485275104,-0.320427463552867,-0.6024646557852106,False,False,other,0.0012185070363787,-0.1602137317764335,MIXED
TCTCGACGTATCGCCG-1,11609,6452,-0.7368286059855409,0.0488662199089858,-0.2936171502623584,False,False,other,0.0104457367759751,0.0244331099544929,MIXED
TCTCGAGGAGGTTCGC-1,12987,6568,-0.7436817272064806,0.3549066387331724,-0.3488593505164901,False,True,immune_core,0.0074856337171971,0.1774533193665862,MIXED
TCTCGGCTCCAGGACT-1,5287,16621,-0.4823858928304737,0.3154733686829467,1.1838744689290457,False,True,immune_core,0.0072300858938663,0.15773668434147334,STROMA
TCTCGTGTTACGAGGA-1,11582,18671,0.4854372609235786,-0.0326276614652821,-0.7246544768844247,True,False,interface,0.0067079402497527,-0.01631383073264105,MIXED
TCTCTAATAGCTGGTA-1,6673,13343,0.2309417941243727,-0.320427463552867,0.4262604374070067,False,False,interface,0.0324616532560464,-0.1602137317764335,MIXED
TCTCTCGCCGCACATA-1,13578,6230,-0.0117502605435161,0.81748944782366,-0.4698101764862601,False,True,immune_core,0.0180555196166292,0.40874472391183,IMMUNE_EXHAUSTED
TCTGAACCGGTCGGCT-1,6866,15040,0.4124360337169978,0.6215137875071332,0.7083622883400975,False,True,immune_core,0.003744285777337,0.3107568937535666,IMMUNE_ACTIVE
TCTGAACTCGTACCCG-1,11999,8489,0.1606890919254187,-0.1522170808765231,-0.4695221063483504,False,False,interface,0.0275948218133564,-0.07610854043826155,MIXED
TCTGAAGCACGTGGTC-1,13767,9738,-0.5255628099736042,0.0488662199089858,-0.0749139500457605,False,False,other,0.0133197674522746,0.0244331099544929,MIXED
TCTGAATTCCGTACAA-1,9439,8597,0.3369023488522856,-0.320427463552867,0.2965597818221971,False,False,other,0.0027086143724074,-0.1602137317764335,MIXED
TCTGACGGGCTAACCC-1,8264,5653,-0.768265853165914,-0.320427463552867,-0.2193571971717645,False,False,interface,0.0051488396219966,-0.1602137317764335,MIXED
TCTGACTGTAATGGTT-1,3907,17636,-0.850600739191554,-0.320427463552867,-0.2275875210270756,False,False,other,0.0002497700789808,-0.1602137317764335,MIXED
TCTGAGCAATTGACTG-1,13381,6569,-0.7234727269165546,-0.320427463552867,-0.536913447420744,False,False,other,0.0024291072198421,-0.1602137317764335,MIXED
TCTGATCGGGTGCTAG-1,9445,5882,-0.511117654521376,-0.320427463552867,-0.3539367786550427,False,False,other,0.0074373600233392,-0.1602137317764335,MIXED
TCTGATGTATTCTGTC-1,12783,9849,-0.8573720230285815,-0.1522170808765231,-0.6757964498884991,False,False,other,0.0035073389128407,-0.07610854043826155,MIXED
TCTGATTGGAAATGGA-1,9643,5316,0.5247904961178699,-0.0326276614652821,-0.4760010357292991,True,False,tumor_core,0.0075561525756949,-0.01631383073264105,MIXED
TCTGCACCATTAGTAA-1,7676,4860,-0.2704008924005928,-0.320427463552867,-0.7493373625424743,False,False,other,0.0042784197589242,-0.1602137317764335,MIXED
TCTGCAGATTCGAGTC-1,7645,18662,-0.1677376896798893,-0.320427463552867,0.3182265394480351,False,False,other,0.0062289567674878,-0.1602137317764335,MIXED
TCTGCATACCTTGCTT-1,14756,8043,1.405227092347811,-0.320427463552867,-0.2308187985685231,True,False,interface,0.3697374197109813,-0.1602137317764335,TUMOR
TCTGCCAGAAACTGCA-1,10813,10297,-0.059387689086669,0.1143900678974375,-0.2502240021100427,False,False,interface,0.0171150732359518,0.05719503394871875,MIXED
TCTGCGAATCGTTCGC-1,6100,5309,-0.7368286059855409,-0.320427463552867,-0.3079119922835907,False,False,other,7.540410598535608e-05,-0.1602137317764335,MIXED
TCTGCGTCCGGTTTCT-1,5681,16621,-0.9913531565245204,-0.320427463552867,0.6014847581164042,False,False,other,0.0101560758998043,-0.1602137317764335,STROMA
TCTGGAGCGTAAGAGT-1,10235,4978,-0.2409611136752383,-0.320427463552867,-0.911235546745144,False,False,other,0.0019859589584242,-0.1602137317764335,MIXED
TCTGGCCGTTCAAGTT-1,9840,5430,0.1378137722700154,-0.320427463552867,0.2379155705339219,False,False,interface,0.0062415600687052,-0.1602137317764335,MIXED
TCTGGCGCAAGCCGGG-1,9417,18553,-0.1897060288704136,-0.320427463552867,0.1597101732671915,False,False,other,0.001423150637499,-0.1602137317764335,MIXED
TCTGGGAACCTTTGAA-1,10621,8147,-0.1746500874371896,-0.320427463552867,-0.5627562926817552,False,False,interface,0.0183107192228536,-0.1602137317764335,MIXED
TCTGGGTAGCGCTCAT-1,10606,15162,1.360127033073617,-0.320427463552867,-0.3482502768589359,True,False,interface,0.0346678594287474,-0.1602137317764335,TUMOR
TCTGTCATACAAGAGC-1,4702,14243,-0.6693166072343872,-0.320427463552867,-0.2497265846259211,False,False,other,0.001094869879482,-0.1602137317764335,MIXED
TCTGTGACTGACCGTT-1,3319,16616,-0.9913531565245204,-0.320427463552867,-0.263445286371334,False,False,other,6.597325503903182e-05,-0.1602137317764335,MIXED
TCTGTGCCATCATAGT-1,9042,10180,-0.2174696318523455,-0.320427463552867,0.1375099650759698,False,False,interface,0.0426182175515132,-0.1602137317764335,MIXED
TCTGTGGCTACATTTC-1,3325,13901,-0.659543943469543,-0.320427463552867,-0.7935159983168215,False,False,other,0.0023690645721538,-0.1602137317764335,MIXED
TCTGTTACCCAGCATA-1,12771,15279,1.3212646705565587,0.2884100493568959,0.3627150031511639,True,True,interface,0.0370474905812561,0.14420502467844795,TUMOR
TCTTAACTCGGATGTA-1,5873,18998,-0.7166196056956149,-0.320427463552867,-0.1435975040831666,False,False,other,0.0005860372992119,-0.1602137317764335,MIXED
TCTTACAGAGGTACCG-1,5687,14132,-0.3609213724378117,-0.320427463552867,-0.0657097585424126,False,False,other,0.0012208569536089,-0.1602137317764335,MIXED
TCTTACCGGAACTCGT-1,6879,8931,-0.3422561401608179,-0.320427463552867,0.0836481564655791,False,False,interface,0.0143571256714815,-0.1602137317764335,MIXED
TCTTACGGCATCCGAC-1,7651,15947,0.3396352027911212,-0.0538203147789063,1.1201010145428396,False,False,other,0.0008357110932968,-0.02691015738945315,STROMA
TCTTACTTATGCCTCT-1,11604,8715,0.5388051514314144,0.3037931038874057,-0.1952219278205673,True,True,interface,0.040321073547535,0.15189655194370286,MIXED
TCTTAGAGCTCCAATT-1,10624,7016,-0.602929309873514,-0.320427463552867,-0.4430864777885785,False,False,other,0.0096625811666694,-0.1602137317764335,MIXED
TCTTAGAGTGAACTCT-1,11212,8035,0.4856978357088586,-0.0538203147789063,0.0597555776694222,True,False,interface,0.0199088213276439,-0.02691015738945315,MIXED
TCTTATGGGTAGTACC-1,2735,13334,-0.9913531565245204,-0.320427463552867,-0.1050677653336814,False,False,other,0.0007483488001179,-0.1602137317764335,MIXED
TCTTCCCATGGGCACA-1,9046,8370,-0.1480741551149453,1.1084336614497416,0.0040933948823386,False,True,immune_core,0.066559940181443,0.5542168307248708,IMMUNE_EXHAUSTED
TCTTCGAATAGACGTT-1,10418,11201,0.0802225077867265,-0.1522170808765231,0.3817326793102849,False,False,interface,0.0137671953777311,-0.07610854043826155,MIXED
TCTTCGATACCAATAA-1,9038,11764,1.1387384240873213,1.0092207033695415,1.2780439447786465,True,True,interface,0.0330434260300235,0.5046103516847708,IMMUNE_EXHAUSTED
TCTTCGCGGTGAGAGG-1,14563,6119,-0.7166196056956149,-0.320427463552867,-0.160739620400862,False,False,other,0.0025936651967156,-0.1602137317764335,MIXED
TCTTCTATAACCCGCC-1,11608,7131,-0.3736398844727662,-0.0326276614652821,-0.518380133344276,False,False,interface,0.0094733330876587,-0.01631383073264105,MIXED
TCTTGATGCGTAGCGA-1,9039,11538,1.1454608668218091,0.4558497065119976,0.3767217750344866,True,True,interface,0.0136259742311579,0.2279248532559988,MIXED
TCTTGCTCCCGATACT-1,15535,11665,-0.1609200881436391,-0.320427463552867,0.5804956312733465,False,False,interface,0.0654314618436255,-0.1602137317764335,MIXED
TCTTGGTAACACCAAA-1,6873,11872,0.1406914491387404,0.3154733686829467,0.3496262228776409,False,True,immune_core,0.0041552619673109,0.15773668434147334,MIXED
TCTTTAAGACTATGAA-1,9440,8144,-0.2284581624344203,0.6445571634414402,-0.3621684509377133,False,True,immune_core,0.0069937487002925,0.3222785817207201,IMMUNE_ACTIVE
TCTTTAGAGTCTAACA-1,12594,6341,-0.648545286422076,0.0488662199089858,-0.4227983000874394,False,False,other,0.0037834445470777,0.0244331099544929,MIXED
TCTTTAGCAGGCGAAC-1,9445,6108,-0.0891167604434261,-0.320427463552867,-0.4598202537056765,False,False,other,0.0053606513023996,-0.1602137317764335,MIXED
TCTTTCCTTCGAGATA-1,14170,5666,-0.5517190384614572,-0.320427463552867,0.1329864745695099,False,False,other,0.0026303858250408,-0.1602137317764335,MIXED
TCTTTCTCTTAAGGAG-1,4120,10282,-0.5988032285554169,-0.320427463552867,-0.4598202537056765,False,False,other,0.0012394028902665,-0.1602137317764335,MIXED
TGAAACTTATGCAAGC-1,4906,10963,-0.850600739191554,0.2321728077834345,-0.5627562926817552,False,True,immune_core,0.0017345622904174,0.11608640389171725,MIXED
TGAAAGGACCTGACTC-1,9633,9842,0.0405885343834625,0.3574529404143807,0.2148235908318171,False,True,interface,0.0358084837616857,0.17872647020719035,MIXED
TGAACACCCGAAGCAG-1,3120,17408,-0.513769637142422,-0.1522170808765231,1.4114240186391935,False,False,other,0.0002020175351417,-0.07610854043826155,STROMA
TGAACTGCTATGACTT-1,10400,19121,-0.2974536176208429,-0.1522170808765231,0.4074956888249274,False,False,other,0.0009651553013008,-0.07610854043826155,MIXED
TGAAGAGCGGTCCTAG-1,6466,17981,-0.3894398222169082,-0.320427463552867,-0.073921009107077,False,False,other,0.0014054603653601,-0.1602137317764335,MIXED
TGAAGTAGCTTACGGA-1,6070,18659,-0.685886860562465,-0.320427463552867,-0.1796679073589558,False,False,other,0.0004258957622077,-0.1602137317764335,MIXED
TGAATACCGACGCGTA-1,15736,9968,-0.6342847196699749,-0.320427463552867,-0.5290562471190032,False,False,other,0.0014940162537508,-0.1602137317764335,MIXED
TGAATATGCTATAAAC-1,5901,6326,-0.5214172741470767,-0.1522170808765231,-0.2732391838449573,False,False,other,0.0012088770437741,-0.07610854043826155,MIXED
TGAATGAGATACAGCA-1,6100,5082,-0.775065471518429,-0.0326276614652821,-0.191007417398961,False,False,other,0.0008892928509815,-0.01631383073264105,MIXED
TGAATGAGTGTTTCCC-1,15728,13589,1.1075995060837385,-0.320427463552867,-0.4316248763918199,True,False,interface,0.1419817476415676,-0.1602137317764335,TUMOR
TGAATGTCAGCCGGCC-1,12002,6906,-0.4521810919006158,0.5528442121482959,-0.911235546745144,False,True,immune_core,0.0484700588028011,0.27642210607414797,MIXED
TGAATTTCACTTGCCT-1,10992,18783,0.7140037462038811,-0.320427463552867,0.1393095032353398,True,False,interface,0.0015000940960447,-0.1602137317764335,TUMOR
TGACAACGCATGTCGC-1,10628,5205,0.2283085294791058,-0.1522170808765231,-0.6757964498884991,False,False,interface,0.0066016676973807,-0.07610854043826155,MIXED
TGACACTTCTCTTTGC-1,5898,7684,-0.4891571766675012,-0.320427463552867,-0.7493373625424743,False,False,other,0.0016586217883838,-0.1602137317764335,MIXED
TGACAGGACAAGTCCA-1,13552,18223,1.1945033745725264,0.2170766025853298,-0.396178717257507,True,True,interface,0.0776491523122319,0.1085383012926649,TUMOR
TGACATATATGACGAT-1,10204,19007,-0.602929309873514,-0.1522170808765231,0.2886032529543629,False,False,other,0.0023042383006556,-0.07610854043826155,MIXED
TGACATCGAGCGGACC-1,9638,7805,0.1147993394168831,-0.320427463552867,-0.0634523486490019,False,False,interface,0.0265382825207512,-0.1602137317764335,MIXED
TGACCAAATCTTAAAC-1,15731,12231,-0.5177022497533347,-0.0538203147789063,-0.2792741423728774,False,False,other,0.0056511778485685,-0.02691015738945315,MIXED
TGACCAGCTTCAAAGT-1,4125,8246,-0.3308409615635389,-0.320427463552867,0.3744605299540749,False,False,other,0.0014627803853807,-0.1602137317764335,MIXED
TGACCCACGTTAGACA-1,9231,13914,1.1958518413680974,-0.320427463552867,1.3459536716394302,True,False,interface,0.0506552259006625,-0.1602137317764335,TUMOR
TGACGAATATTTCCCT-1,11390,16747,1.036061637011679,-0.1522170808765231,0.597374143914296,True,False,interface,0.7438857337480099,-0.07610854043826155,TUMOR
TGACGATGCACTAGAA-1,10030,8485,2.0345601186217968,0.3037931038874057,0.1085006242248891,True,True,interface,0.0879062792286775,0.15189655194370286,MIXED
TGACTATAATCCTTTC-1,11795,11544,-0.1432852813501131,-0.1522170808765231,-0.2387624007132842,False,False,interface,0.0037948073796232,-0.07610854043826155,MIXED
TGAGAATGCTTTACCG-1,6279,13116,-0.3167360733670986,0.0488662199089858,-0.0749139500457605,False,False,other,0.0018449786015491,0.0244331099544929,MIXED
TGAGACGTACCTCTCA-1,10401,18668,-0.5707075925055941,-0.1522170808765231,0.3627150031511639,False,False,other,0.0054235563304423,-0.07610854043826155,MIXED
TGAGAGATTTACCACG-1,10816,8939,1.19104794346767,0.3574529404143807,-0.5580769014601766,True,True,interface,0.0396409836351767,0.17872647020719035,MIXED
TGAGATCAAATACTCA-1,4116,12093,-0.9913531565245204,-0.320427463552867,0.0506602026264882,False,False,other,0.0002702794284581,-0.1602137317764335,MIXED
TGAGATTAGGCCCTAA-1,5896,8589,-0.6518700718543425,-0.320427463552867,-0.7493373625424743,False,False,other,0.0238592595133131,-0.1602137317764335,MIXED
TGAGCAGTCGTGAAGT-1,3716,14807,-0.9913531565245204,-0.320427463552867,-0.7935159983168215,False,False,other,0.0026189085195775,-0.1602137317764335,MIXED
TGAGCCATACAGTCTC-1,11000,14936,0.5177300116333342,0.4544474460506791,0.1716986780697332,True,True,interface,0.0071990991917351,0.22722372302533955,MIXED
TGAGCGGAAAGTGTTC-1,13566,11887,1.3096346746361778,-0.320427463552867,-0.518380133344276,True,False,interface,0.1565319217774897,-0.1602137317764335,TUMOR
TGAGCTTTAATGACGC-1,6484,9609,0.2125071905161219,-0.320427463552867,-0.0301404102497038,False,False,other,0.0175989648785276,-0.1602137317764335,MIXED
TGAGGAGTGCCAGCTT-1,14155,12680,-0.3552578805554743,2.039514652307611,0.5001249522674088,False,True,interface,1.436470633155784,1.0197573261538055,IMMUNE_EXHAUSTED
TGAGGCATGTACTGTG-1,13749,18336,0.3801177239979485,-0.320427463552867,0.4339915659489182,False,False,interface,0.0208126267998753,-0.1602137317764335,MIXED
TGAGGTTGATCCCAAG-1,2929,15031,-0.850600739191554,-0.320427463552867,-0.4809837077451089,False,False,other,0.0002734479726936,-0.1602137317764335,MIXED
TGAGTAAATTAGCGTA-1,11989,12789,0.5798751929335916,0.3574529404143807,0.322645605082839,True,True,interface,0.0427026606174932,0.17872647020719035,MIXED
TGAGTGCCTCTTAAAT-1,11591,14598,0.9852325744020068,0.1892425577380367,0.3157031267523433,True,True,interface,0.0305380031394532,0.09462127886901835,TUMOR
TGAGTGGTCCGTGACG-1,8649,9727,0.2751576119607885,-0.1522170808765231,0.0644351738941549,False,False,other,0.0211980773220134,-0.07610854043826155,MIXED
TGAGTTAAAGACATTC-1,12200,6567,-0.527179019079833,-0.320427463552867,-0.239577374256977,False,False,other,0.003245405384436,-0.1602137317764335,MIXED
TGATACATTTAGCCGT-1,13560,14376,0.5858490201942766,-0.320427463552867,0.0925660197423935,True,False,interface,0.1115472596665864,-0.1602137317764335,MIXED
TGATAGCGGGATTCTA-1,8237,17872,-0.6231383101634401,0.0488662199089858,-0.1241911235573151,False,False,other,0.0165281720192803,0.0244331099544929,MIXED
TGATCAGGGAACTGCT-1,10997,16520,0.7187674447917178,0.3574529404143807,-0.2799978290840934,True,True,tumor_core,0.0158649822056906,0.17872647020719035,MIXED
TGATCCCAGCATTAGT-1,8064,7123,0.5919332270501226,-0.320427463552867,-0.4809837077451089,True,False,interface,0.0334342079945008,-0.1602137317764335,MIXED
TGATCGGTTTGACCCT-1,8248,13120,1.2741049842864538,0.5050181139327784,0.8175066740220929,True,True,interface,0.0224844889266316,0.2525090569663892,STROMA
TGATCTACGCTGATCT-1,5897,7910,-0.87080973948148,-0.320427463552867,-0.1555196354166348,False,False,other,0.0004260427379007,-0.1602137317764335,MIXED
TGATCTCCGGCGCCAG-1,8247,13572,1.984185929360283,0.9772443596804058,1.0857083725058936,True,True,interface,0.1239628253334686,0.4886221798402029,IMMUNE_EXHAUSTED
TGATGGCTGTTTCTGA-1,8657,6332,0.3497394076619972,-0.320427463552867,-0.129339700003027,False,False,other,0.0032915428716136,-0.1602137317764335,MIXED
TGATGTCAATTAAGTG-1,14363,7590,-0.5460403362525111,0.5048764046729147,-0.3228469231542187,False,True,interface,0.053709469458546,0.25243820233645736,MIXED
TGATTATGGCACGCAG-1,5309,6665,-0.5255628099736042,-0.320427463552867,-0.396178717257507,False,False,other,0.0004498209548104,-0.1602137317764335,MIXED
TGATTCAGGTCCCGCG-1,12174,18333,0.6282048105895539,-0.320427463552867,-0.3539367786550427,True,False,interface,0.0509762816035131,-0.1602137317764335,TUMOR
TGATTCCCGGTTACCT-1,15334,13588,0.0596054229430869,-0.320427463552867,0.3326687032850971,False,False,interface,0.0184747951332496,-0.1602137317764335,MIXED
TGATTCGTCTATCACT-1,8835,14592,1.4922954254238294,-0.1522170808765231,1.6540469280661712,True,False,interface,0.076015681427674,-0.07610854043826155,TUMOR
TGATTCTGTCGCCGGT-1,12183,14260,-0.3595795033565568,0.2170766025853298,-0.2936171502623584,False,True,interface,0.0021842986557405,0.1085383012926649,MIXED
TGATTTATTAGCTGTG-1,10212,15387,-0.1783488742678148,-0.320427463552867,-0.2697266921891505,False,False,other,0.0048156634462153,-0.1602137317764335,MIXED
TGATTTCCTCCTGACG-1,5881,15377,-0.5285641899014206,-0.1522170808765231,-0.0810536685511634,False,False,other,0.0017653179747617,-0.07610854043826155,MIXED
TGCAAACCCACATCAA-1,2728,16502,-0.7234727269165546,-0.320427463552867,-0.4787280397630745,False,False,other,0.0003732772230416,-0.1602137317764335,MIXED
TGCAACCCATCTGCGG-1,14556,9061,-0.4972647272249942,-0.320427463552867,-0.4310299723701101,False,False,other,0.0030132034120192,-0.1602137317764335,MIXED
TGCAAGAATGACGTAA-1,8643,12442,1.5047432469368027,0.3037931038874057,0.9937139749242628,True,True,interface,0.2291800520526986,0.15189655194370286,STROMA
TGCAATCTAACACGGT-1,14950,9062,-0.3934664115728748,0.2862370633743352,0.3047901056775083,False,True,immune_core,0.0099440478909387,0.1431185316871676,MIXED
TGCAATTTGGGCACGG-1,5504,7457,-0.5667727209188212,-0.320427463552867,0.1107862663782882,False,False,other,0.0003414399348405,-0.1602137317764335,MIXED
TGCACAGTGAAGTTAT-1,5110,7909,-0.8002963608025098,-0.320427463552867,-0.6757964498884991,False,False,other,4.6380259124181096e-05,-0.1602137317764335,MIXED
TGCACGAGTCGGCAGC-1,3920,11753,-0.7368286059855409,-0.320427463552867,-0.1052833374999171,False,False,other,0.001626690431177,-0.1602137317764335,MIXED
TGCACTATGTGAGTGC-1,6072,17754,-0.4245910261864579,-0.320427463552867,-0.5987032561734313,False,False,other,0.0023411371362869,-0.1602137317764335,MIXED
TGCAGAACTATATCGT-1,10996,16746,0.3722436858036242,-0.1522170808765231,0.1140162169732039,False,False,interface,0.1587428549981635,-0.07610854043826155,MIXED
TGCAGAGTACCGAGCA-1,10215,14029,0.0965797667835294,-0.1522170808765231,0.0782517575168747,False,False,interface,0.0088941385661216,-0.07610854043826155,MIXED
TGCAGATCGTCCTAGG-1,10995,17199,-0.1634818804155195,1.1054444834845976,0.1085006242248891,False,True,interface,0.1693771105815863,0.5527222417422988,IMMUNE_EXHAUSTED
TGCAGCTACGTACTTC-1,10995,17425,0.0595770884275994,-0.0326276614652821,0.0652501474378477,False,False,other,0.0543806941974573,-0.01631383073264105,MIXED
TGCAGGATCGGCAAAG-1,7466,10855,0.1656241442659368,-0.1522170808765231,-0.325366929360256,False,False,other,0.0157872368656176,-0.07610854043826155,MIXED
TGCAGTGAGGCTCGGG-1,5705,5534,-0.318926443537938,-0.320427463552867,0.5318647160668398,False,False,other,0.001721200850308,-0.1602137317764335,MIXED
TGCAGTTTCCTCCCAT-1,10619,9052,0.3439563339635997,-0.1522170808765231,0.4011426058037433,False,False,interface,0.0359818939107023,-0.07610854043826155,MIXED
TGCATATGTCTGTCAC-1,9634,9616,0.0091449780273413,0.5685935731361224,-0.2173094441693222,False,True,interface,0.0229734899407699,0.2842967865680612,MIXED
TGCATGGATCGGATCT-1,6479,11645,-0.3612172668761575,-0.0326276614652821,-0.324152442146417,False,False,interface,0.0056143735301886,-0.01631383073264105,MIXED
TGCATGTGGTAATCTA-1,8452,10066,-0.1037731737932737,0.9243108815927096,-0.324152442146417,False,True,interface,0.0514091456937252,0.4621554407963548,IMMUNE_EXHAUSTED
TGCCAAAGTCAGACTT-1,11192,17086,-0.2216592202493527,2.91668565061339,1.368953532691611,False,True,immune_core,0.262812046112135,1.458342825306695,IMMUNE_EXHAUSTED
TGCCAATGGGTACTCT-1,13366,13357,-0.7368286059855409,-0.320427463552867,-0.4787280397630745,False,False,other,0.0613414152929078,-0.1602137317764335,MIXED
TGCCACACTAGAGGAA-1,11188,18896,0.4164685947192584,-0.1522170808765231,-0.2240440666964349,False,False,interface,0.0064946070763466,-0.07610854043826155,MIXED
TGCCACCTGGCGAAAC-1,6679,10627,-0.0402400379385243,-0.320427463552867,-0.072525778075958,False,False,other,0.0018682815400755,-0.1602137317764335,MIXED
TGCCAGTACGTGGAGA-1,12780,11206,1.0253369235289005,-0.320427463552867,-0.1899043737173585,True,False,interface,0.0277049456760113,-0.1602137317764335,TUMOR
TGCCATTACTAAAGAA-1,6878,9383,-0.3945830564054816,0.0488662199089858,-0.1431805674564475,False,False,other,0.0010729210337088,0.0244331099544929,MIXED
TGCCCGTACCGTTAAA-1,11600,10751,0.7662675804595279,-0.1522170808765231,0.6667440294861954,True,False,interface,0.0803057455935347,-0.07610854043826155,TUMOR
TGCCGAAAGCGTATTC-1,9248,5768,-0.2165039024167906,0.0159933017998207,-0.7935159983168215,False,False,interface,0.0100082698562932,0.00799665089991035,MIXED
TGCCGATGTCATCAAT-1,3120,17634,-0.6790337393415252,-0.320427463552867,2.1074934893521755,False,False,other,0.0005454556785272,-0.1602137317764335,STROMA
TGCCGGATGTACGAGC-1,14936,15397,0.3027182916155531,-0.320427463552867,0.0170251766391002,False,False,interface,0.0081202285621645,-0.1602137317764335,MIXED
TGCCGTGGATCGTCCT-1,13959,12114,0.5765583928163069,1.03278704270042,0.1648698554568183,True,True,interface,0.0352641438615227,0.51639352135021,IMMUNE_EXHAUSTED
TGCCGTTCTTAATCGG-1,13944,19129,0.3113445194196268,0.1355827212110617,-0.307623922145681,False,False,interface,0.0025711620364967,0.06779136060553086,MIXED
TGCCTAAATTTAATAG-1,10432,4866,-0.5894915934206155,0.4003831904597785,-0.7164228046017538,False,True,immune_core,0.009501146647288,0.20019159522988925,MIXED
TGCCTAATTGAAGATT-1,13576,7362,-0.8642251442495211,-0.1522170808765231,-0.7935159983168215,False,False,other,0.0050259591924432,-0.07610854043826155,MIXED
TGCCTGACATCGGTCA-1,5877,16961,-0.2396587509768271,-0.0538203147789063,-0.1431805674564475,False,False,other,0.0027390052681915,-0.02691015738945315,MIXED
TGCCTGATCAAACGAT-1,6677,11306,0.2572123853921757,-0.1522170808765231,0.1391038081629975,False,False,interface,0.0087340026118467,-0.07610854043826155,MIXED
TGCCTTGGCCAGGCAA-1,12980,9962,-0.3092751249675126,0.0488662199089858,-0.0918896939560205,False,False,other,0.0103436873568728,0.0244331099544929,MIXED
TGCGAATATGGGATTT-1,11584,17766,0.6493217292031851,0.1355827212110617,-0.4697196299114825,True,False,interface,0.0146098608410626,0.06779136060553086,TUMOR
TGCGACACCCTAGTGC-1,11789,14033,0.1564475620873859,-0.1522170808765231,-0.0299428866865716,False,False,other,0.0135437082804614,-0.07610854043826155,MIXED
TGCGACGGCCGAACGT-1,14542,15623,0.9519333313823548,-0.320427463552867,0.024817357365477,True,False,interface,0.0397195033287741,-0.1602137317764335,TUMOR
TGCGAGAATATTACCC-1,12575,14713,0.8658693288627957,0.4566204320332398,-0.4695221063483504,True,True,interface,0.0744880849249993,0.2283102160166199,MIXED
TGCGAGATGGCGGCCA-1,4917,6211,-0.7300573221485134,-0.320427463552867,-0.2493060105002432,False,False,other,0.0016224237266599,-0.1602137317764335,MIXED
TGCGAGCCCTTCCGCG-1,5110,7682,-0.264889640260908,-0.320427463552867,-0.2250436989678713,False,False,other,0.0002948996719304,-0.1602137317764335,MIXED
TGCGATGCTAATGGCT-1,6859,17982,-0.4462293038757807,-0.320427463552867,0.4106900559874701,False,False,other,0.0003137342683219,-0.1602137317764335,MIXED
TGCGCAAAGCATTTGG-1,8842,11650,2.224730999974358,0.5256633230907246,0.6298809706280589,True,True,interface,0.0803620855830184,0.2628316615453623,STROMA
TGCGCCGTTAATAACG-1,10824,5319,0.4701341070830532,-0.1522170808765231,-0.2609001158847699,True,False,tumor_core,0.0039373044624257,-0.07610854043826155,MIXED
TGCGCGATTAACGGAG-1,8048,14590,0.054497223524129,-0.1522170808765231,0.9254536800526796,False,False,interface,0.0757429800702185,-0.07610854043826155,STROMA
TGCGGACTTGACTCCG-1,16128,10648,-0.0877315896218384,-0.1522170808765231,0.0766395960824356,False,False,other,0.0007412113342945,-0.07610854043826155,MIXED
TGCGGAGTAAAGGTGC-1,7071,11307,-0.1534962223194006,0.4003831904597785,-0.3632641593167864,False,True,other,0.0111509102607824,0.20019159522988925,MIXED
TGCGGCATAGTTCAAC-1,5098,13113,-0.4627995572038585,-0.320427463552867,0.4027955793508365,False,False,other,0.0043861997530351,-0.1602137317764335,MIXED
TGCGGTGAAATTTCAT-1,5101,11755,-0.1072731750664594,-0.1522170808765231,-0.0800941456247025,False,False,other,0.0062432437930163,-0.07610854043826155,MIXED
TGCGTAAGAACCTGAT-1,11198,14371,0.3973375099873454,-0.1522170808765231,0.4441995179499005,False,False,interface,0.0070719561124911,-0.07610854043826155,MIXED
TGCGTACGGCTAATTG-1,15937,7819,0.4274075516042762,0.6014664912452875,-0.518380133344276,True,True,interface,0.0542380392096864,0.30073324562264375,IMMUNE_ACTIVE
TGCGTCATGACTGAGC-1,13161,16864,1.5144085093780453,0.6881829925473634,-0.2218124214264238,True,True,interface,0.1234529560787606,0.3440914962736817,IMMUNE_ACTIVE
TGCGTGATTGGGTGTC-1,4892,17299,-0.9913531565245204,0.0488662199089858,-0.212919555452273,False,False,other,0.0006478968172963,0.0244331099544929,MIXED
TGCGTTTGTTGACACT-1,11009,10637,-0.0388848231476785,-0.1522170808765231,0.2985328729403459,False,False,interface,0.0312142374630611,-0.07610854043826155,MIXED
TGCTAAGTGTCTATTT-1,12982,9057,-0.2080860209438604,-0.320427463552867,-0.2502240021100427,False,False,other,0.0019868625777633,-0.1602137317764335,MIXED
TGCTATACAAACGGAC-1,3720,12997,-0.6731683485275104,0.1355827212110617,-0.4760010357292991,False,False,other,0.0021389279542123,0.06779136060553086,MIXED
TGCTCCACAGTTCTTA-1,11605,8489,-0.1457075425101334,0.4544474460506791,0.2883059600366017,False,True,interface,0.0517372482447548,0.22722372302533955,MIXED
TGCTCGGCGAAACCCA-1,13959,12340,0.4855555772304546,1.296249779935884,-0.144346104157786,True,True,interface,0.0227283420014407,0.648124889967942,IMMUNE_EXHAUSTED
TGCTCGGTGGGTCACC-1,15733,11100,-0.130285842101658,0.0159933017998207,0.2184279919268348,False,False,interface,0.0748969718499861,0.00799665089991035,MIXED
TGCTCTGCCGGTTCAC-1,8069,4860,-0.1105979604987259,-0.320427463552867,-0.5147132392295223,False,False,other,0.0011998201372385,-0.1602137317764335,MIXED
TGCTCTTGAGAGTTTG-1,15339,11325,1.5136457656676328,0.1355827212110617,0.0011469688142521,True,False,interface,0.0383085244437342,0.06779136060553086,TUMOR
TGCTGCGTCAGAGTTA-1,4722,5192,-0.0557248953744746,-0.1522170808765231,-0.2609001158847699,False,False,other,0.0004639927451915,-0.07610854043826155,MIXED
TGCTGGTTGGACAATT-1,6867,14588,0.1185310324690691,0.4566204320332398,1.2550302596985818,False,True,interface,0.0116958010387388,0.2283102160166199,STROMA
TGCTGTTGAAGAACTC-1,10220,11767,1.1533907528119962,-0.320427463552867,0.0613806230755099,True,False,interface,0.0394060032130997,-0.1602137317764335,TUMOR
TGCTTCCCAAGCAGTA-1,14944,11777,-0.3354030189398782,0.0488662199089858,-0.4176000559053939,False,False,other,0.0042565104952536,0.0244331099544929,MIXED
TGCTTGAAACCATGCA-1,4498,17298,-0.5099832392599487,-0.320427463552867,0.9193737251955028,False,False,other,0.0003271527176185,-0.1602137317764335,STROMA
TGGAAACGGAGTGAAC-1,3908,17410,-0.9913531565245204,-0.320427463552867,-0.4430864777885785,False,False,other,0.0009366430231778,-0.1602137317764335,MIXED
TGGAACCACTGACACA-1,7472,7688,-0.3945830564054816,-0.1522170808765231,-0.0053319605666964,False,False,other,0.002542983435626,-0.07610854043826155,MIXED
TGGAAGAAGGGAACGT-1,10409,15274,0.1283126205394098,0.2648891764873584,-0.1901924438552682,False,True,interface,0.0206626506571677,0.1324445882436792,MIXED
TGGAAGACGAACACCA-1,5490,14019,-0.5110593807718843,-0.1522170808765231,-0.2921469699023553,False,False,other,0.0004484869456081,-0.07610854043826155,MIXED
TGGAAGGATAAAGATG-1,6677,11532,0.6855275238430981,0.2170766025853298,0.0881511337226807,True,True,immune_core,0.0254777818715636,0.1085383012926649,TUMOR
TGGAATATCCTTGACC-1,7277,7121,-0.5756276361329736,-0.1522170808765231,-0.7493373625424743,False,False,other,0.0023869506934395,-0.07610854043826155,MIXED
TGGAATTAGACGCTTT-1,7845,17192,-0.0589739834105514,-0.1522170808765231,0.6518836552561484,False,False,other,0.0010235736820781,-0.07610854043826155,STROMA
TGGACACCGTTGCTTG-1,6662,18094,-0.6097005937105415,-0.320427463552867,0.3027309382721304,False,False,other,0.00017043994727,-0.1602137317764335,MIXED
TGGACCAATCTAAGAT-1,14948,10193,-0.4118725141515034,-0.320427463552867,-0.7935159983168215,False,False,other,0.0016107046555364,-0.1602137317764335,MIXED
TGGACCACGGCGTTGA-1,4105,17071,-0.582720309583588,-0.1522170808765231,-0.2468933440014474,False,False,other,0.0003751772861511,-0.07610854043826155,MIXED
TGGACGCAATCCAGCC-1,14145,16980,0.6000755336377457,-0.1522170808765231,0.2528395996231135,True,False,tumor_core,0.0026267351201589,-0.07610854043826155,TUMOR
TGGACGTAGGCGAATC-1,4496,18429,-0.9913531565245204,-0.320427463552867,0.8320819576385181,False,False,other,0.0079327172671023,-0.1602137317764335,STROMA
TGGACTGTTCGCTCAA-1,10024,10974,0.7208620249069867,-0.320427463552867,0.2554074808992829,True,False,interface,0.2298879055494518,-0.1602137317764335,TUMOR
TGGAGCTAAAGTTCCC-1,3921,11526,-0.5899275694788578,-0.320427463552867,-0.4008581084790857,False,False,other,0.0035613775640469,-0.1602137317764335,MIXED
TGGAGGGAAACACCTC-1,7084,5424,-0.3502259062143644,-0.320427463552867,-0.3379933095998376,False,False,other,0.0394275885152861,-0.1602137317764335,MIXED
TGGAGTGATGCGATGA-1,8442,14591,1.453785559427642,0.5740368654619201,0.4068565608120189,True,True,interface,0.2882708165123719,0.28701843273096006,MIXED
TGGATAGAGTAACAGA-1,4695,17638,-0.7300573221485134,-0.320427463552867,-0.6316178141141519,False,False,other,0.0001079834826491,-0.1602137317764335,MIXED
TGGCAAACTAAATTAC-1,12585,10414,1.167721569227617,0.2884100493568959,-0.4403573530318541,True,True,interface,0.1636677283860761,0.14420502467844795,TUMOR
TGGCAACTCGCGCGCC-1,7075,9497,-0.5353354737384481,-0.1522170808765231,-0.5987032561734313,False,False,other,0.0084490030920266,-0.07610854043826155,MIXED
TGGCAAGCACAAGTCG-1,15729,12910,0.2490632475906728,0.0488662199089858,1.380468143366701,False,False,other,0.0360728402697962,0.0244331099544929,STROMA
TGGCAATGGGACGGCG-1,13379,7248,-0.2241473855023174,-0.1522170808765231,-0.6757964498884991,False,False,other,0.001954889407531,-0.07610854043826155,MIXED
TGGCAGATTACGATCA-1,11399,12674,0.3103554350073345,-0.1522170808765231,-0.6069349284561023,False,False,interface,0.0112090064730119,-0.07610854043826155,MIXED
TGGCAGCAGTAATAGT-1,10415,12333,0.8785403057444414,0.3039348131472694,1.1375191309390165,True,True,interface,0.0071699683425704,0.1519674065736347,STROMA
TGGCATGAAGTTTGGG-1,13750,17884,0.5052507826038344,-0.1522170808765231,-0.4450367442534327,True,False,interface,0.0044044566009176,-0.07610854043826155,MIXED
TGGCCAAACTGAAGTA-1,8253,10631,0.483764328779602,-0.0538203147789063,0.0672909604774795,True,False,interface,0.013380677215391,-0.02691015738945315,MIXED
TGGCCAATTTGGTACT-1,12371,17994,0.355635144014832,-0.320427463552867,-0.6378992199319686,False,False,interface,0.0225751173406562,-0.1602137317764335,MIXED
TGGCCGTATATTGACC-1,7850,14929,-0.0633965080138152,-0.320427463552867,1.1558873992182364,False,False,interface,0.0715029862372906,-0.1602137317764335,STROMA
TGGCGACTGCTCCAAA-1,13561,13924,-0.0335341351392773,0.4021898699850225,0.5960872737147199,False,True,interface,0.0241165080331215,0.20109493499251124,MIXED
TGGCGATCAAGTTATG-1,12776,13017,0.5780958987765408,0.3579447519226753,-0.4188568088398248,True,True,interface,0.07329484679834,0.17897237596133764,MIXED
TGGCGGTGTGCGATTG-1,4111,14355,-0.6924714557944238,-0.320427463552867,-0.6546329958490664,False,False,other,0.0001123941143055,-0.1602137317764335,MIXED
TGGCTACACTCTACCT-1,15346,7931,0.3803266799398246,0.7436495085995825,0.088497129788418,False,True,interface,0.2051472452658726,0.3718247542997912,IMMUNE_ACTIVE
TGGCTATGTGACATAC-1,14554,9966,0.171771470529916,-0.320427463552867,-0.5987032561734313,False,False,interface,0.0164999195111407,-0.1602137317764335,MIXED
TGGCTCTTGTCGCGTA-1,10994,17878,0.2046883398596272,-0.320427463552867,0.2624791935789923,False,False,interface,0.0471481390853121,-0.1602137317764335,MIXED
TGGCTTATGTATAATG-1,13550,19128,0.8340564664489755,-0.320427463552867,-0.1869611663138208,True,False,tumor_core,0.0006927611311065,-0.1602137317764335,TUMOR
TGGCTTGTACAAGCTT-1,5901,6100,-0.8573720230285815,-0.320427463552867,-0.4368050719707619,False,False,interface,0.003710696600414,-0.1602137317764335,MIXED
TGGCTTTGGGTAGACA-1,6475,13455,-0.3484047593345346,0.7865797586449802,-0.1195726719249586,False,True,interface,0.0539436159509123,0.3932898793224901,IMMUNE_ACTIVE
TGGGAAATGCCTTTCC-1,7257,16172,-0.1283306764459698,-0.320427463552867,0.1695968343264642,False,False,other,0.0011274058054536,-0.1602137317764335,MIXED
TGGGATGCACTCATTC-1,5109,8135,-0.5960761886525743,-0.320427463552867,-0.3306391038805955,False,False,other,0.0004552112857667,-0.1602137317764335,MIXED
TGGGCAATAGTTGGGT-1,11805,7018,-0.1703256053458435,0.2339794873086786,-0.4191938989924216,False,True,immune_core,0.015195647326806,0.1169897436543393,MIXED
TGGGCACAAACAGAAC-1,4309,14016,-0.7898600242774277,-0.320427463552867,-0.5627562926817552,False,False,other,0.0001618450719708,-0.1602137317764335,MIXED
TGGGCACGTTCTATGG-1,5694,10965,-0.5960761886525743,-0.320427463552867,-0.7935159983168215,False,False,other,0.0011042723712718,-0.1602137317764335,MIXED
TGGGCAGGCCACCGCA-1,13382,6117,-0.2293842976170283,0.8134631251783095,0.0737698898584282,False,True,immune_core,0.0326001407172561,0.40673156258915477,IMMUNE_EXHAUSTED
TGGGCCACAAGAGCGC-1,6284,11079,-0.5395061811424788,0.2170766025853298,0.2393349681758513,False,True,immune_core,0.0012274875642862,0.1085383012926649,MIXED
TGGGCCCATACTAATT-1,11997,9168,0.8546194259293511,0.7436495085995825,0.2724946373277712,True,True,interface,0.1330364031878411,0.3718247542997912,IMMUNE_ACTIVE
TGGGCCTTGCCTGCAT-1,4300,18089,-0.6731683485275104,-0.1522170808765231,-0.7246544768844247,False,False,other,0.0009232280618793,-0.07610854043826155,MIXED
TGGGTAAGGTTCCCGC-1,5301,10285,0.0664302096485392,-0.320427463552867,-0.1945837649389372,False,False,other,0.0253804015305105,-0.1602137317764335,MIXED
TGGGTGGGATGTCATT-1,4719,6550,-0.775065471518429,-0.320427463552867,-0.911235546745144,False,False,other,0.0031562750934015,-0.1602137317764335,MIXED
TGGGTGTAATAGATTT-1,16134,7707,0.1198489558789941,-0.1522170808765231,-0.1723453207729438,False,False,interface,0.0083898341532366,-0.07610854043826155,MIXED
TGGGTTCCCGGACGGA-1,6660,19226,-0.9913531565245204,0.1355827212110617,0.1015859100619411,False,False,other,0.0065823189601599,0.06779136060553086,MIXED
TGGTAAGCAGGATTGA-1,10796,17990,0.3670658098468031,-0.1522170808765231,-0.281470856127628,False,False,interface,0.0022778867794717,-0.07610854043826155,MIXED
TGGTAGAATATATGGG-1,12197,7924,1.5392047813509588,-0.1522170808765231,0.0923188321947978,True,False,interface,0.0686489506869848,-0.07610854043826155,TUMOR
TGGTATCGCATCCCAA-1,4314,11527,-0.685886860562465,-0.320427463552867,-0.5734324064564824,False,False,other,0.0001307506832266,-0.1602137317764335,MIXED
TGGTATCGGTCTGTAT-1,4115,12545,-0.850600739191554,-0.320427463552867,-0.6757964498884991,False,False,other,0.0003023579392652,-0.1602137317764335,MIXED
TGGTCCCACGCTACGG-1,12978,10868,-0.5255628099736042,-0.320427463552867,-0.2021809486578099,False,False,interface,0.0820333421651655,-0.1602137317764335,MIXED
TGGTCGTGCAAGGCAA-1,10795,18443,0.7686582012419513,-0.320427463552867,-0.1079190545612587,True,False,interface,0.0060994795614227,-0.1602137317764335,TUMOR
TGGTCTAGCTTACATG-1,6858,18661,-0.6731683485275104,0.2321728077834345,0.4196239351578953,False,True,immune_core,0.0061334240047953,0.11608640389171725,MIXED
TGGTCTGTTGGGCGTA-1,10013,15952,-0.4147920566954077,-0.320427463552867,0.4303691600310549,False,False,interface,0.0042636262748761,-0.1602137317764335,MIXED
TGGTGATCGTATTTGT-1,7845,17418,0.0254398429501338,-0.320427463552867,1.0046857505083004,False,False,other,0.0012485043575946,-0.1602137317764335,STROMA
TGGTTAAGGGCGCTGG-1,7869,6331,0.0481937410765736,-0.1522170808765231,-0.536913447420744,False,False,other,0.0236587897299365,-0.07610854043826155,MIXED
TGGTTATGCTTGCGGT-1,7644,19115,-0.9913531565245204,-0.320427463552867,0.5732182943257234,False,False,other,0.0002930766561709,-0.1602137317764335,MIXED
TGGTTCAACGGGTAAT-1,12584,10867,-0.0268041861026435,-0.320427463552867,-0.1788029952106803,False,False,interface,0.0897984497845803,-0.1602137317764335,MIXED
TGGTTCGTAGCAAAGG-1,7264,13005,0.8724625354302163,0.5762098514444808,0.3062762876089553,True,True,interface,0.0066639947645072,0.2881049257222404,MIXED
TGGTTGGAGGATCCTG-1,4911,8926,-0.6479374592434296,-0.320427463552867,-0.0990019316821005,False,False,other,0.0024622144563043,-0.1602137317764335,MIXED
TGGTTTAAACGTGGGT-1,7475,6556,-0.2678910201887244,-0.320427463552867,-0.35200008148316,False,False,other,0.0054748767082714,-0.1602137317764335,MIXED
TGTAACTTGTCAACCT-1,3321,15711,-0.9913531565245204,-0.1522170808765231,-0.4588943675203593,False,False,other,0.0008709971848289,-0.07610854043826155,MIXED
TGTAATGACCACAATA-1,9813,17649,-0.7436817272064806,-0.0326276614652821,0.4455187651412223,False,False,other,0.0033073077649309,-0.01631383073264105,MIXED
TGTACCTACACGAGGG-1,14360,8947,-0.6584546670863014,-0.1522170808765231,0.0046202982881217,False,False,other,0.0023677627710443,-0.07610854043826155,MIXED
TGTACGAACAAATCCG-1,10218,12672,1.2525667672055227,0.3037931038874057,0.3181401724883487,True,True,interface,0.0109163463536068,0.15189655194370286,MIXED
TGTACTACTCTCACGG-1,6690,5649,-0.8002963608025098,-0.320427463552867,-0.6176110422308293,False,False,other,0.0046658539361187,-0.1602137317764335,MIXED
TGTACTGTGCCAAAGT-1,3717,14354,-0.6558788907814888,-0.320427463552867,-0.5298417347410346,False,False,other,0.000201936434845,-0.1602137317764335,MIXED
TGTAGCCATCCCATTC-1,14956,6573,-0.5457718102635302,0.6240600891883414,-0.1074489263965277,False,True,immune_core,0.0380282246179284,0.3120300445941707,IMMUNE_ACTIVE
TGTAGGAGAAATTTCC-1,9437,9502,0.2747985639321459,0.4558497065119976,-0.2502240021100427,False,True,immune_core,0.0012017026479126,0.2279248532559988,MIXED
TGTAGTGATCTATAAT-1,9621,15499,-0.0886739891896257,-0.0326276614652821,0.2162568954340335,False,False,other,0.0013970902100006,-0.01631383073264105,MIXED
TGTATAACAGATCCTG-1,8451,10292,0.3607547037207957,0.2862370633743352,-0.0844614002294874,False,True,interface,0.0303537563134783,0.1431185316871676,MIXED
TGTATACGGATGATGA-1,7675,5086,-0.1753913191354948,-0.1522170808765231,-0.7246544768844247,False,False,other,0.0006828714188865,-0.07610854043826155,MIXED
TGTATCAGACTGAAGC-1,4718,6776,-0.8573720230285815,-0.320427463552867,-0.5298417347410346,False,False,other,0.0006555649872132,-0.1602137317764335,MIXED
TGTATCCTTATTCCAT-1,4703,13565,-0.9913531565245204,-0.320427463552867,-0.2936171502623584,False,False,other,0.0007029436820593,-0.1602137317764335,MIXED
TGTATGGCGCAGACAG-1,11211,8714,0.7921624671100533,-0.320427463552867,-0.149461973274264,True,False,interface,0.0733797297602978,-0.1602137317764335,TUMOR
TGTATTTACCTAATGC-1,4716,7681,-0.6479374592434296,-0.320427463552867,-0.35200008148316,False,False,other,0.0003115944581202,-0.1602137317764335,MIXED
TGTCATTTGTTGGGAA-1,6884,6894,-0.5559107807707353,-0.320427463552867,-0.1592810350284141,False,False,other,0.0021496847351914,-0.1602137317764335,MIXED
TGTCCACGGCTCAACT-1,15543,7818,0.6590271657017287,0.3039348131472694,-0.4253434705740034,True,True,interface,0.0223124270753002,0.1519674065736347,MIXED
TGTCCCGACATAGCAC-1,4902,12773,-0.6924714557944238,-0.0326276614652821,-0.7493373625424743,False,False,other,0.0015629734783396,-0.01631383073264105,MIXED
TGTCCGTGGCGCCTTT-1,8633,17194,-0.602929309873514,0.1892425577380367,0.3976692763298737,False,True,immune_core,0.0146636131375088,0.09462127886901835,MIXED
TGTCCTAAGTCACCGC-1,9423,15838,-0.4730837498174076,-0.0326276614652821,0.1634683542144221,False,False,other,0.0019557890055402,-0.01631383073264105,MIXED
TGTCGGCATGGTGGAA-1,4500,16619,-0.87080973948148,-0.320427463552867,0.0218583477128917,False,False,other,6.658993075501619e-05,-0.1602137317764335,MIXED
TGTCTACAGTTTCTGT-1,4901,13226,-0.850600739191554,-0.320427463552867,-0.1580023128834629,False,False,other,0.0014530476413776,-0.1602137317764335,MIXED
TGTGACTACGCCAGTC-1,6875,10967,-0.066595916475724,-0.0326276614652821,-0.4316248763918199,False,False,other,0.0020502705751083,-0.01631383073264105,MIXED
TGTGACTAGAGTTTGC-1,16136,6802,0.1273054046283904,0.2170766025853298,0.0396391027924924,False,True,immune_core,0.0335562058710167,0.1085383012926649,MIXED
TGTGAGACTAGCCCAA-1,14353,12115,-0.1377899625013961,-0.320427463552867,-0.5872416547766728,False,False,other,0.0122248631405897,-0.1602137317764335,MIXED
TGTGCCAGAGGCAAAG-1,13353,19241,0.7556159376940949,-0.320427463552867,0.0249848654168134,True,False,tumor_core,0.0001177106624754,-0.1602137317764335,TUMOR
TGTGCCGGTGCCGGAA-1,13180,8266,-0.3552578805554743,-0.1522170808765231,-0.3306391038805955,False,False,interface,0.0184319620276222,-0.07610854043826155,MIXED
TGTGCTTTACGTAAGA-1,9814,17196,-0.1973776415097543,-0.1522170808765231,-0.0599142372237544,False,False,other,0.0025162274050563,-0.07610854043826155,MIXED
TGTGGAGGAAGCTTAA-1,3130,12882,-0.8642251442495211,-0.320427463552867,-0.7164228046017538,False,False,other,9.488210782570056e-05,-0.1602137317764335,MIXED
TGTGGCAAAGCGTATG-1,8453,9387,-0.8573720230285815,-0.320427463552867,-0.3761752228210359,False,False,other,0.0306312614140898,-0.1602137317764335,MIXED
TGTGGCGGGCTTCTGG-1,15533,12570,-0.8002963608025098,0.0488662199089858,0.2864363896357297,False,False,other,0.0115363726137873,0.0244331099544929,MIXED
TGTGGCTCCCACCAAC-1,11414,5886,0.4487490438983002,-0.1522170808765231,-0.3000960796433071,True,False,interface,0.0173859990840925,-0.07610854043826155,MIXED
TGTGGTTGCTAAAGCT-1,15530,13702,0.1233191832695421,0.1355827212110617,-0.4619942638459764,False,False,interface,0.0115880965458789,0.06779136060553086,MIXED
TGTGTAGTAGCACGTG-1,14169,6118,-0.768265853165914,-0.320427463552867,-0.0173376160456452,False,False,other,0.0016442499567031,-0.1602137317764335,MIXED
TGTGTCGAAGTCGAGG-1,10991,19235,0.5991098902872983,-0.320427463552867,0.1188665172425746,True,False,tumor_core,0.0184395644607004,-0.1602137317764335,MIXED
TGTGTCGCGAGTTGCA-1,7456,15155,0.0750071500853876,-0.320427463552867,0.4387572732185547,False,False,interface,0.0139889220611665,-0.1602137317764335,MIXED
TGTGTGACCATGAATC-1,12172,19012,-0.0563761798253776,0.1355827212110617,0.5255311789636329,False,False,interface,0.0157453554052117,0.06779136060553086,MIXED
TGTGTTCGTATCCAAG-1,8830,16855,-0.132117074328443,-0.320427463552867,0.0892468421017539,False,False,other,0.0007257332938442,-0.1602137317764335,MIXED
TGTTATTGTATGTGGC-1,11406,9506,0.2417275279562254,1.2622553175385152,-0.0590051515270956,False,True,interface,0.047556030512095,0.6311276587692576,IMMUNE_EXHAUSTED
TGTTCATAAATGTGCT-1,7843,18323,-0.316209117506242,-0.320427463552867,0.5391919547812181,False,False,other,0.0078032899558034,-0.1602137317764335,MIXED
TGTTCCGCTTCCATGA-1,9820,14255,-0.4707693232574049,-0.1522170808765231,0.3735023554549738,False,False,other,0.0050381243382137,-0.07610854043826155,MIXED
TGTTCGTATTGCGGTG-1,12384,12337,0.0601393456821272,-0.320427463552867,-0.3564819491416067,False,False,interface,0.1976441315712663,-0.1602137317764335,MIXED
TGTTCTCTACTCCCTA-1,5312,5307,-0.1186793578755444,-0.320427463552867,-0.2060453663356958,False,False,other,0.0020267140406321,-0.1602137317764335,MIXED
TGTTCTTCCATTGACT-1,9230,14367,1.3088235592586075,-0.1522170808765231,1.2661909041288215,True,False,interface,0.0726242884435318,-0.07610854043826155,TUMOR
TGTTGCCGTCGTCCCA-1,11808,5434,0.0677403231883302,-0.1522170808765231,-0.3281321693688031,False,False,interface,0.0130858001635965,-0.07610854043826155,MIXED
TGTTGTCAAGAAGTCT-1,7468,9950,-0.093880208795555,-0.320427463552867,0.1168998045588964,False,False,interface,0.0155790109632287,-0.1602137317764335,MIXED
TGTTTAATACTTCATC-1,4513,10509,-0.9913531565245204,-0.320427463552867,-0.6024646557852106,False,False,other,0.0011767891402765,-0.1602137317764335,MIXED
TGTTTCGGTACTTCTC-1,6280,12889,-0.4500810451689039,-0.320427463552867,-0.3812966690358911,False,False,other,0.0019042122623052,-0.1602137317764335,MIXED
TGTTTGAGATCGTCAG-1,12397,6228,-0.1077536582049323,-0.320427463552867,-0.7935159983168215,False,False,interface,0.097442571933228,-0.1602137317764335,MIXED
TTAAACAGAGTCCCGC-1,4501,16166,-0.5677781059039644,-0.320427463552867,-0.1088291649454607,False,False,other,0.0003016819472637,-0.1602137317764335,MIXED
TTAAACCGGTAGCGAC-1,4310,13337,-0.685886860562465,-0.1522170808765231,-0.7493373625424743,False,False,other,7.807092147704537e-05,-0.07610854043826155,MIXED
TTAAACCTGGTTCCTT-1,7844,17871,0.4028960045284956,-0.1522170808765231,0.2240003101026431,False,False,other,0.0151484291763874,-0.07610854043826155,MIXED
TTAAACTCGAATTCAT-1,8849,8483,-0.3122481703798416,-0.320427463552867,-0.4619942638459764,False,False,other,0.0073562110889025,-0.1602137317764335,MIXED
TTAACACCTCGAACAT-1,7453,16739,-0.1380051028307519,-0.1522170808765231,0.6446343490759467,False,False,other,0.0007871845109321,-0.07610854043826155,STROMA
TTAACCAACCCTCCCT-1,6476,13003,0.0241438439138817,0.0701449498350903,-0.2311398020881677,False,False,other,0.0009182258381654,0.03507247491754515,MIXED
TTAACGAACAAGCAGT-1,7082,6329,-0.4559747704984062,0.6881829925473634,0.4426628856479135,False,True,immune_core,0.0317705673876499,0.3440914962736817,IMMUNE_ACTIVE
TTAACGTCGCAAGACC-1,4704,13112,-0.5071567073949756,-0.320427463552867,-0.7935159983168215,False,False,other,0.0008528486963511,-0.1602137317764335,MIXED
TTAACGTTAAAGCCTG-1,9810,18780,-0.3701367149499949,-0.1522170808765231,0.2717562915936521,False,False,interface,0.0059772420888273,-0.07610854043826155,MIXED
TTAACTCACGCGTGGA-1,7451,17644,0.1005123793944422,-0.1522170808765231,0.3197023976793012,False,False,other,0.0067615012506295,-0.07610854043826155,MIXED
TTAACTTCAGGTAGGA-1,11784,16296,0.0672761349710787,0.2321728077834345,0.5735970787618664,False,True,other,0.022067747560575,0.11608640389171725,MIXED
TTAAGACGAACGAACC-1,3928,8359,-0.7300573221485134,-0.320427463552867,-0.3679435505383652,False,False,other,0.0024021576728134,-0.1602137317764335,MIXED
TTAAGATAGGATTGAC-1,11213,7809,-0.6028474724896018,-0.1522170808765231,-0.4695221063483504,False,False,interface,0.0064803475904145,-0.07610854043826155,MIXED
TTAAGCCGACAACTTC-1,5301,10511,-0.6491076069444611,-0.1522170808765231,-0.3868513365957632,False,False,other,0.0009274293469586,-0.07610854043826155,MIXED
TTAAGCGCCTGACCCA-1,8639,14252,1.172816757885636,-0.0538203147789063,0.874123618470634,True,False,interface,0.0067153478297512,-0.02691015738945315,TUMOR
TTAAGGATACGGAGGT-1,4110,14808,-0.648545286422076,-0.320427463552867,-0.7935159983168215,False,False,other,9.78184303210102e-05,-0.1602137317764335,MIXED
TTAAGGCCCGTACTTT-1,14343,16414,0.8384976280752644,-0.0538203147789063,0.3302858298329978,True,False,interface,0.0799351398508161,-0.02691015738945315,TUMOR
TTAAGTATTGTTATCC-1,15344,9063,-0.685886860562465,-0.1522170808765231,-0.3379933095998376,False,False,interface,0.0070832137271925,-0.07610854043826155,MIXED
TTAATCAGTACGTCAG-1,6285,10626,0.1086664019868379,-0.0326276614652821,-0.4998914938025068,False,False,other,0.0064820562078769,-0.01631383073264105,MIXED
TTAATGCGAGGTAACT-1,3527,11299,-0.5382813220085587,-0.320427463552867,0.4963783675483313,False,False,other,0.0083001470471219,-0.1602137317764335,MIXED
TTAATGTAGACCAGGT-1,8645,11537,1.2153175495160973,0.5256633230907246,0.1617396340247234,True,True,interface,0.0149116906667952,0.2628316615453623,MIXED
TTAATGTGTTTGCAGG-1,5086,18544,-0.513769637142422,-0.1522170808765231,0.4580492913164616,False,False,other,0.0006439278735608,-0.07610854043826155,MIXED
TTAATTGCTTTGGGTG-1,14947,10646,-0.2312245078354161,-0.1522170808765231,-0.6757964498884991,False,False,interface,0.0103351016632041,-0.07610854043826155,MIXED
TTAATTTCAGACGCGG-1,6086,11418,-0.5893049048155469,-0.320427463552867,0.0389186347458251,False,False,other,0.0071260773729179,-0.1602137317764335,MIXED
TTACAACTACGCATCC-1,7460,13344,0.8947221109949576,1.5853873140367218,0.4297483394606907,True,True,interface,0.2573415549620095,0.7926936570183609,IMMUNE_EXHAUSTED
TTACACGATCTGCGAC-1,14955,6799,-0.2652412965435385,0.6445571634414402,-0.3590964608446694,False,True,immune_core,0.0129175763113365,0.3222785817207201,IMMUNE_ACTIVE
TTACAGACCTAAATGA-1,7865,8367,-0.5475691056140384,-0.1522170808765231,-0.4158835859244914,False,False,other,0.0016108011195803,-0.07610854043826155,MIXED
TTACATCGTGGCCTGG-1,6669,15153,0.0299454978470473,-0.1522170808765231,0.5551354238364233,False,False,interface,0.000882971780503,-0.07610854043826155,MIXED
TTACATGCCACAACTA-1,10819,7582,-0.1284031175392664,0.3154733686829467,-0.7246544768844247,False,True,immune_core,0.0150759917475428,0.15773668434147334,MIXED
TTACCATTGATTACCC-1,9423,16064,-0.4340654983970063,-0.1522170808765231,0.1253000995152291,False,False,other,0.0073230082047192,-0.07610854043826155,MIXED
TTACCCATTGCCGGGT-1,6090,9608,-0.7436817272064806,-0.320427463552867,-0.6546329958490664,False,False,other,0.0042407643430067,-0.1602137317764335,MIXED
TTACCCTAACAGTCCT-1,7453,16512,-0.0944117667809474,-0.1522170808765231,0.8250399627941059,False,False,other,0.001198826654509,-0.07610854043826155,STROMA
TTACCCTAGGGATTGG-1,14548,12681,-0.2230160565554529,-0.1522170808765231,-0.1761856719719456,False,False,other,0.0141425210808017,-0.07610854043826155,MIXED
TTACCGCCTTAGGGAA-1,4893,16846,-0.6558788907814888,0.0488662199089858,-0.4009486550538633,False,False,other,0.0081554298873338,0.0244331099544929,MIXED
TTACGGATGGTTCGAG-1,9242,8710,0.0806589332893369,-0.1522170808765231,-0.5987032561734313,False,False,interface,0.0073882705593371,-0.07610854043826155,MIXED
TTACGGTGTCACCGAG-1,3716,15033,-0.6343130541854624,-0.320427463552867,-0.1482474860604249,False,False,other,0.0002280452795393,-0.1602137317764335,MIXED
TTACGTATCTATGACA-1,15350,6121,-0.2200965140115486,0.1892425577380367,-0.1907193472610513,False,True,immune_core,0.0110994268877766,0.09462127886901835,MIXED
TTACTAAAGGACTTTA-1,12191,10413,-0.0521444095940465,-0.1522170808765231,-0.2100372948131123,False,False,interface,0.0703061544252181,-0.07610854043826155,MIXED
TTACTATCGGCTTCTC-1,9420,17422,0.0098439105679976,-0.320427463552867,-0.0011507633224998,False,False,other,0.0016289233088316,-0.1602137317764335,MIXED
TTACTCCGGCCGGGAA-1,9435,10407,-0.3229530328939046,0.2339794873086786,-0.4680519259883473,False,True,interface,0.0129392570627144,0.1169897436543393,MIXED
TTACTCTGGTACGTAC-1,11195,15729,1.712821506345069,-0.320427463552867,0.637185524943901,True,False,interface,0.031426055999459,-0.1602137317764335,TUMOR
TTACTGGGATATTTCA-1,11398,13127,0.8553868168200446,-0.1522170808765231,0.1689716740359578,True,False,interface,0.1094225560407004,-0.07610854043826155,TUMOR
TTACTGTCTAGAGCTC-1,6491,6215,-0.2570290800406386,-0.320427463552867,-0.1255693944781071,False,False,other,0.0022344025815327,-0.1602137317764335,MIXED
TTAGAAGAACATGACT-1,12975,11999,2.0241253810144086,1.2081910619476144,0.5375242508580829,True,True,interface,0.1143470846624751,0.6040955309738072,IMMUNE_EXHAUSTED
TTAGAATAAGGGTCGG-1,14742,14152,0.8196780760421136,-0.0326276614652821,0.6533075957156685,True,False,interface,0.0637142059462712,-0.01631383073264105,TUMOR
TTAGACACGATCGTTG-1,5894,9494,-0.7300573221485134,-0.320427463552867,-0.0973342277589653,False,False,other,0.0006046385951164,-0.1602137317764335,MIXED
TTAGACGAGTCACCTC-1,12192,10187,-0.1428445344108039,0.1355827212110617,-0.45571285802816,False,False,interface,0.0495770514680319,0.06779136060553086,MIXED
TTAGAGGGATATACAG-1,12565,19239,0.0313820305136808,-0.1522170808765231,0.4982909320627801,False,False,interface,0.010826446762016,-0.07610854043826155,MIXED
TTAGAGTTTAGAAGGA-1,11799,9507,-0.3529883711242458,0.6452527425019656,-0.5987032561734313,False,True,interface,0.5927873980428922,0.3226263712509828,IMMUNE_ACTIVE
TTAGATAGGTCGATAC-1,5287,16847,-0.6346765891504081,-0.320427463552867,-0.1403911399051225,False,False,other,0.0027311907057454,-0.1602137317764335,MIXED
TTAGCAACATGGATGT-1,6667,16058,-0.7436817272064806,-0.1522170808765231,0.1687168412074073,False,False,other,0.0023188583462848,-0.07610854043826155,MIXED
TTAGCTAATACGATCT-1,7078,8139,-0.2894681967137744,-0.320427463552867,-0.2811882935859091,False,False,other,0.0026858051624355,-0.1602137317764335,MIXED
TTAGCTCTGTAATCCG-1,8829,17534,-0.2700308204352949,0.5585362411998898,0.1263943597449486,False,True,immune_core,0.0354075451813406,0.2792681205999449,MIXED
TTAGCTGATTTGCCGT-1,10227,8599,-0.1507633683805651,-0.1522170808765231,0.1725378606370319,False,False,interface,0.4393341969205962,-0.07610854043826155,MIXED
TTAGGTCATAACCGAC-1,14150,14943,0.6388319369181306,0.6403555784999572,0.0153574727159651,True,True,interface,0.1401403386006291,0.3201777892499786,IMMUNE_ACTIVE
TTAGTAAACCTGCTCT-1,14951,8609,-0.6924714557944238,-0.0538203147789063,-0.6316178141141519,False,False,other,0.008406909435209,-0.02691015738945315,MIXED
TTAGTAGGGCGGCGGG-1,9422,16290,0.1341595286361989,-0.320427463552867,-0.6316178141141519,False,False,other,0.0065725747121617,-0.1602137317764335,MIXED
TTAGTTATTCGTGGCA-1,11998,8942,0.0804530211872917,-0.1522170808765231,0.2167602880036996,False,False,interface,0.0715029839660933,-0.07610854043826155,MIXED
TTAGTTCAAGTGTTCG-1,7081,6555,-0.850600739191554,-0.1522170808765231,-0.35200008148316,False,False,other,0.0097364223101733,-0.07610854043826155,MIXED
TTATAGATGCACATTA-1,3720,13223,-0.5285641899014206,-0.320427463552867,-0.911235546745144,False,False,other,0.0039871906475635,-0.1602137317764335,MIXED
TTATAGGTAATTGTCT-1,14749,10985,1.0048855385882267,-0.320427463552867,0.456669657531236,True,False,interface,0.0420568588449394,-0.1602137317764335,TUMOR
TTATATACGCTGTCAC-1,10222,10861,1.1022841101186187,1.2014892368850587,0.4250764094607461,True,True,interface,0.162284033191675,0.6007446184425294,IMMUNE_EXHAUSTED
TTATATTTGGCAATCC-1,7857,11988,0.3450639971925345,0.5231170214095163,0.1214624016338434,False,True,interface,0.0158296458747944,0.26155851070475816,MIXED
TTATCATACTCGCAAA-1,3122,16503,-0.688321522947005,-0.320427463552867,-0.7246544768844247,False,False,other,0.0004344185573953,-0.1602137317764335,MIXED
TTATCCAATCGAACTC-1,5290,15489,-0.8002963608025098,-0.1522170808765231,-0.3000960796433071,False,False,other,0.0033074207017809,-0.07610854043826155,MIXED
TTATCCGGGATCTATA-1,12784,9396,-0.0486019552548164,-0.320427463552867,-0.1431805674564475,False,False,other,0.0131232575839211,-0.1602137317764335,MIXED
TTATCCTCAAGGAATA-1,12964,17203,0.3089141604001132,-0.1522170808765231,0.8026921830525753,False,False,interface,0.1076116489525757,-0.07610854043826155,STROMA
TTATCGCCTGCGAAGC-1,8042,17306,-0.1483071703442678,-0.320427463552867,0.321608357469861,False,False,other,0.000494317613225,-0.1602137317764335,MIXED
TTATCTGACATTAGGA-1,11780,18332,1.1584974566437525,0.0488662199089858,-0.2502240021100427,True,False,tumor_core,0.01681380054412,0.0244331099544929,TUMOR
TTATCTGTATCATAAC-1,7068,12438,0.7220667889936623,-0.320427463552867,0.4230549513342208,True,False,interface,0.0572928629786426,-0.1602137317764335,TUMOR
TTATGAATGAAAGGGA-1,10809,12107,-0.253830639072515,-0.320427463552867,-0.0204783470123151,False,False,interface,0.1208451303485093,-0.1602137317764335,MIXED
TTATGACAAACTGGAT-1,8046,15269,0.0879570085601216,-0.320427463552867,0.8097344276314667,False,False,interface,0.0113094321086719,-0.1602137317764335,STROMA
TTATGATCTTAACGAA-1,10224,9956,2.007426077882996,0.5048764046729147,-0.3821719453741844,True,True,interface,0.3011528356794102,0.25243820233645736,MIXED
TTATGCGTCCCGGTCC-1,4112,14129,-0.8002963608025098,-0.1522170808765231,-0.0342875953325056,False,False,other,0.0001782392117131,-0.07610854043826155,MIXED
TTATGTTTGCGATAGA-1,7846,16966,0.116415621926676,0.2321728077834345,0.8741536829361956,False,True,interface,0.0059951420421673,0.11608640389171725,STROMA
TTATTAGAGCGTGTTC-1,11795,11317,-0.4435795802305948,-0.1522170808765231,0.0699751110779849,False,False,other,0.0138647306238221,-0.07610854043826155,MIXED
TTATTAGGGAAGCATC-1,5690,12549,-0.3732039084145241,-0.1522170808765231,-0.324152442146417,False,False,other,0.0004501077216026,-0.07610854043826155,MIXED
TTATTATCTGGAAGGC-1,13580,5551,-0.5960761886525743,-0.1522170808765231,-0.1694109400998573,False,False,other,0.0030278635042886,-0.07610854043826155,MIXED
TTATTTCATCCCAAAC-1,2924,17068,-0.9913531565245204,-0.1522170808765231,-0.1320070361975986,False,False,other,0.0011102000809084,-0.07610854043826155,MIXED
TTCAAAGTCTCTAGCC-1,9631,10747,0.7241013363693718,0.9662904533241436,0.2033619894350585,True,True,interface,0.0259470262680824,0.4831452266620718,IMMUNE_EXHAUSTED
TTCAACGACCCGACCG-1,6672,13795,0.1776438225230098,-0.1522170808765231,0.1089018798064116,False,False,interface,0.0229326122635397,-0.07610854043826155,MIXED
TTCAAGCCGAGCTGAG-1,5300,10737,-0.850600739191554,0.2321728077834345,-0.3190855235424395,False,True,immune_core,0.0021247603354012,0.11608640389171725,MIXED
TTCAATACTCTGAATC-1,10225,9504,0.3802117301870445,-0.320427463552867,-0.0938733395895387,False,False,interface,0.2506444612963141,-0.1602137317764335,MIXED
TTCAATTAGCCATAAT-1,4120,10509,-0.8642251442495211,-0.320427463552867,-0.5138982656858294,False,False,other,0.0010654104379135,-0.1602137317764335,MIXED
TTCACGAAAGGATCAC-1,10217,13124,1.8320134039881624,-0.320427463552867,0.9605071147339534,True,False,interface,0.0851326234742219,-0.1602137317764335,TUMOR
TTCACTCGAGCACCTA-1,13567,11435,-0.4245910261864579,-0.320427463552867,-0.6176110422308293,False,False,other,0.0257907423808572,-0.1602137317764335,MIXED
TTCAGAGTAACCTGAC-1,3909,16731,-0.8642251442495211,-0.320427463552867,0.302351356682177,False,False,other,0.0002063351869207,-0.1602137317764335,MIXED
TTCAGCCCTGGTCCAC-1,11996,9621,-0.5177022497533347,-0.320427463552867,-0.518380133344276,False,False,interface,0.1623140943767408,-0.1602137317764335,MIXED
TTCAGCTGGCGTGCCC-1,13573,8493,-0.1583222845584653,0.1517987821947601,-0.0628574446272922,False,False,interface,0.0243184226755449,0.07589939109738005,MIXED
TTCAGGCGTCAAAGCC-1,10601,17424,-0.1187328607439692,-0.0326276614652821,0.0003435902581144,False,False,other,0.0066675868247384,-0.01631383073264105,MIXED
TTCAGTTTGTGGCAGC-1,8039,18437,-0.1144209013717686,-0.0326276614652821,0.1511603135814658,False,False,other,0.0038092403649533,-0.01631383073264105,MIXED
TTCATAGCCTTGTAAC-1,4104,17523,-0.7166196056956149,-0.320427463552867,-0.5138982656858294,False,False,other,0.0005913003659724,-0.1602137317764335,MIXED
TTCATAGGGTGTCCAT-1,5873,18772,-0.8573720230285815,0.2321728077834345,-0.361008491334752,False,True,immune_core,0.0033822845552947,0.11608640389171725,MIXED
TTCATGGCGCAACAGG-1,6481,10740,0.1097941952848059,-0.320427463552867,0.1015859100619411,False,False,other,0.005103239144677,-0.1602137317764335,MIXED
TTCCAATCAGAGCTAG-1,7274,8479,-0.5353354737384481,-0.0538203147789063,-0.5298417347410346,False,False,other,0.0019589446455055,-0.02691015738945315,MIXED
TTCCAATCTGGCTATC-1,12183,14034,-0.2303807066250978,-0.320427463552867,-0.4256315407119131,False,False,other,0.0100456460096075,-0.1602137317764335,MIXED
TTCCACACAGATTTGA-1,12577,14034,0.086143142395609,-0.1522170808765231,-0.5138982656858294,False,False,interface,0.013519063878227,-0.07610854043826155,MIXED
TTCCAGACGAGATTTA-1,10428,6676,-0.1377616279859086,-0.0326276614652821,0.0400846650483093,False,False,other,0.0477315595680142,-0.01631383073264105,MIXED
TTCCATCATGCGGTGA-1,5306,8022,-0.7436817272064806,-0.320427463552867,-0.7935159983168215,False,False,other,0.0001318601195004,-0.1602137317764335,MIXED
TTCCATCGACAGCGTG-1,14758,7138,-0.4812056597824869,-0.0538203147789063,-0.5298417347410346,False,False,other,0.0124200512405305,-0.02691015738945315,MIXED
TTCCCGGCGCCAATAG-1,11781,17879,1.0138803572164103,-0.320427463552867,-0.3084388956893737,True,False,interface,0.0213465404982628,-0.1602137317764335,TUMOR
TTCCGCAGAGAAATAT-1,6882,7799,-0.6558788907814888,-0.320427463552867,-0.5487495207984325,False,False,other,0.0475170332226078,-0.1602137317764335,MIXED
TTCCGCGTGAGGCGAT-1,11794,11996,-0.6115217405903716,-0.0538203147789063,-0.1542645536542386,False,False,interface,0.0770018890413491,-0.02691015738945315,MIXED
TTCCGGCCTTGAGGCT-1,13364,14263,0.8686511714403654,-0.1522170808765231,2.082642846062703,True,False,interface,0.0631641025014464,-0.07610854043826155,TUMOR
TTCCGGCTCGACTTCT-1,5112,6777,-0.685886860562465,-0.0326276614652821,-0.5298417347410346,False,False,other,0.0013428367258184,-0.01631383073264105,MIXED
TTCCGGTATCTGTGTC-1,10822,6224,1.1660090807442007,-0.320427463552867,-0.7246544768844247,True,False,interface,0.0311675899402618,-0.1602137317764335,TUMOR
TTCCGGTTACCCACTT-1,11603,9394,0.1497486040754773,0.6403555784999572,-0.2429518527538329,False,True,interface,0.4664676773732374,0.3201777892499786,IMMUNE_ACTIVE
TTCCTCGAGGGTGTCT-1,6869,13683,0.287627350337205,0.3852869852616737,0.3553470488243347,False,True,other,0.0111032745773951,0.19264349263083685,MIXED
TTCCTCGGACTAACCA-1,12587,9509,-0.7436817272064806,-0.1522170808765231,-0.3079119922835907,False,False,other,0.0033011848958045,-0.07610854043826155,MIXED
TTCCTCTGCCCGAATA-1,9616,17535,-0.5960761886525743,0.2170766025853298,0.0014775346119591,False,True,immune_core,0.0031407491701377,0.1085383012926649,MIXED
TTCCTTTCTGTGTTGC-1,4894,16393,-0.418006430954499,-0.1522170808765231,0.4031936162678102,False,False,other,0.0008792540757636,-0.07610854043826155,MIXED
TTCGACAGAGCCCGTG-1,12976,11546,0.5631706215691115,-0.320427463552867,0.0187176167462218,True,False,tumor_core,0.0241877871420469,-0.1602137317764335,MIXED
TTCGACGGGAAGGGCG-1,7458,14249,0.4368919277525537,-0.320427463552867,0.9171403477274896,True,False,interface,0.0429310693255865,-0.1602137317764335,STROMA
TTCGAGCCGGCGCTAC-1,4525,5305,-0.8573720230285815,-0.320427463552867,-0.911235546745144,False,False,other,0.0003097225767777,-0.1602137317764335,MIXED
TTCGCACTCGCGTGCT-1,7655,14137,1.6228695106034954,0.2339794873086786,2.299572048139723,True,True,interface,0.0544476243706112,0.1169897436543393,TUMOR
TTCGCACTGTACGACA-1,14746,12568,-0.4365120679045854,0.0488662199089858,-0.5872416547766728,False,False,other,0.0043925967068084,0.0244331099544929,MIXED
TTCGCATCCGGAAGCA-1,4893,17072,-0.7368286059855409,-0.320427463552867,0.0186270701714443,False,False,other,0.0013898803336373,-0.1602137317764335,MIXED
TTCGCCGCTCGCGCTA-1,13946,18224,0.2181917814312169,-0.320427463552867,1.3658880461903895,False,False,interface,0.0275817429559529,-0.1602137317764335,STROMA
TTCGCGCGCCATACGA-1,14349,13925,0.508019506120737,1.5434834820739982,0.1115726143179331,True,True,interface,0.0982510756331961,0.7717417410369991,IMMUNE_EXHAUSTED
TTCGCTAGGAAGTTGT-1,10823,5998,0.0721089118574852,-0.320427463552867,-0.2305307284306134,False,False,other,0.0092992190082415,-0.1602137317764335,MIXED
TTCGCTATCTGACGTG-1,6685,7912,-0.4052879189195445,-0.320427463552867,-0.1431805674564475,False,False,other,0.0037336722005582,-0.1602137317764335,MIXED
TTCGGACTGATGCCTT-1,4125,8020,-0.39523405558428,-0.320427463552867,-0.2839535335944561,False,False,other,0.0003226377245571,-0.1602137317764335,MIXED
TTCGGCAACCCGCTGA-1,5894,9268,-0.2864838113724218,-0.320427463552867,-0.536913447420744,False,False,other,0.000643216008569,-0.1602137317764335,MIXED
TTCGGCTAGAGATGGT-1,6272,16510,-0.850600739191554,-0.320427463552867,-0.0628574446272922,False,False,other,0.0006501252001357,-0.1602137317764335,MIXED
TTCGGGACTAATCGCG-1,9827,11087,0.9519049119754732,1.977680330337443,0.3671063242348329,True,True,interface,0.0842843973969965,0.9888401651687215,IMMUNE_EXHAUSTED
TTCGGGCGCTAGTCTT-1,13559,15055,0.7538944910072909,0.6248308147095838,0.7958110167411048,True,True,interface,0.0263403344650719,0.3124154073547919,IMMUNE_ACTIVE
TTCGGGTTGCCACGGG-1,14760,6007,-0.5653434435194244,-0.320427463552867,1.5801170765698669,False,False,other,0.0039141421810206,-0.1602137317764335,STROMA
TTCGGTACTGTAGAGG-1,15928,12119,-0.3202698177865585,0.2170766025853298,0.5591084149728376,False,True,immune_core,0.0012585357121077,0.1085383012926649,MIXED
TTCGGTGGAGACGCCC-1,12005,5548,0.8226486803829449,0.1355827212110617,-0.0583755769688456,True,False,interface,0.093800447013753,0.06779136060553086,TUMOR
TTCGTAATCCCAGCGG-1,5106,9493,-0.7789980841293419,-0.320427463552867,0.1009910060402314,False,False,other,0.0025773583544525,-0.1602137317764335,MIXED
TTCGTACTCCAGAACG-1,8439,15949,0.2926049486312701,-0.0326276614652821,0.8605176510271848,False,False,interface,0.0197667343861246,-0.01631383073264105,STROMA
TTCGTTCAACGAAGTT-1,7276,7348,-0.3352140332188597,0.2321728077834345,-0.2811882935859091,False,True,immune_core,0.0056541114129611,0.11608640389171725,MIXED
TTCTAACCGAAGCTTA-1,9438,9050,-0.3742866477974138,0.3037931038874057,-0.6069349284561023,False,True,immune_core,0.0087737887856,0.15189655194370286,MIXED
TTCTACCTTTATGTTG-1,3925,9716,-0.3874361406511376,-0.320427463552867,-0.911235546745144,False,False,other,0.0037482554155409,-0.1602137317764335,MIXED
TTCTACTTGCGAGGGC-1,7061,15606,0.2097208718489513,-0.320427463552867,-0.1358202910376826,False,False,other,0.0004931899918977,-0.1602137317764335,MIXED
TTCTAGAAAGTCTTAT-1,14545,14039,1.048326029971094,0.1355827212110617,-0.201365975114117,True,False,interface,0.3262077580709109,0.06779136060553086,TUMOR
TTCTAGGCCAATTGTG-1,7064,14249,0.4863034004317327,-0.320427463552867,1.030853574935461,True,False,interface,0.045221530601475,-0.1602137317764335,STROMA
TTCTATGCCTTTCGCA-1,8462,5540,-0.6342847196699749,-0.320427463552867,-0.7935159983168215,False,False,other,0.002503574075757,-0.1602137317764335,MIXED
TTCTGACCGGGCTCAA-1,12980,9736,-0.2526604913714835,-0.1522170808765231,-0.5807549930424943,False,False,interface,0.0041664612280467,-0.07610854043826155,MIXED
TTCTGCCGCGCCTAGA-1,12386,11432,0.4880700865372945,0.4770423598256217,0.160703114205875,True,True,interface,0.0265096357716137,0.23852117991281085,MIXED
TTCTGCGAGCGCCCTT-1,9223,17308,0.1369280980475004,-0.320427463552867,0.1607474208801696,False,False,other,0.0153444596346613,-0.1602137317764335,MIXED
TTCTGCGGGTTAGCGG-1,10617,10183,-0.2303807066250978,0.3574529404143807,-0.3812966690358911,False,True,interface,0.2366401799104829,0.17872647020719035,MIXED
TTCTGCTAGACTCCAA-1,8261,7237,0.3054322073295171,0.2884100493568959,-0.1761856719719456,False,True,other,0.0069525604992556,0.14420502467844795,MIXED
TTCTGTTTCCTGTCGC-1,6663,17868,-0.5451344432294983,-0.320427463552867,-0.1558941073975648,False,False,other,0.0003620715827431,-0.1602137317764335,MIXED
TTCTTAGTGAACGGTG-1,6274,15378,-0.393589755064327,-0.1522170808765231,-0.3379933095998376,False,False,other,0.0010783751504885,-0.07610854043826155,MIXED
TTCTTAGTGGCTCAGA-1,6084,12323,-0.5324159311945439,-0.320427463552867,-0.0858726263622067,False,False,other,0.0021812402999657,-0.1602137317764335,MIXED
TTCTTATCCGCTGGGT-1,12394,7812,-0.2644536642026657,-0.320427463552867,1.1998449881939477,False,False,other,0.0446773704419858,-0.1602137317764335,STROMA
TTCTTGAGCCGCGCTA-1,11985,14599,0.8666020204624685,-0.320427463552867,-0.008002695078218,True,False,interface,0.0197059938446344,-0.1602137317764335,TUMOR
TTCTTGCTAGCATCTC-1,10624,6789,-0.2974536176208429,-0.1522170808765231,0.1153340139297124,False,False,interface,0.0040930279991426,-0.07610854043826155,MIXED
TTCTTGGACGATCTGC-1,12967,15619,0.7937769429192014,0.1892425577380367,-0.2311398020881677,True,True,interface,0.0323852177261385,0.09462127886901835,TUMOR
TTCTTGGAGTAATGAG-1,6876,10288,-0.4608132761323318,-0.320427463552867,-0.3528150550268529,False,False,interface,0.0015123845807129,-0.1602137317764335,MIXED
TTCTTGTAACCTAATG-1,7259,15267,-0.0665106292063272,-0.320427463552867,0.2545965979874207,False,False,other,0.0015316289037285,-0.1602137317764335,MIXED
TTCTTGTGTCCATCAG-1,8630,18325,-0.0811469943898796,-0.320427463552867,0.1615180877495678,False,False,other,0.0089130244829713,-0.1602137317764335,MIXED
TTCTTTGGTCGCGACG-1,7473,7461,-0.2820269540953969,-0.1522170808765231,0.3705591480514359,False,False,other,0.0034769718123713,-0.07610854043826155,MIXED
TTGAAAGGTGTAAAGG-1,5307,7570,-0.850600739191554,-0.1522170808765231,-0.2494385144880114,False,False,other,0.0004616366149295,-0.07610854043826155,MIXED
TTGAACGAATCCTTTG-1,6468,16849,-0.30683210133366,-0.320427463552867,0.1699444369118393,False,False,other,0.0014089235554564,-0.1602137317764335,MIXED
TTGAACGACGTGCTGA-1,14556,9287,-0.4111533097335594,0.4003831904597785,-0.6176110422308293,False,True,immune_core,0.0082629194955625,0.20019159522988925,MIXED
TTGAAGAATTCCCAGG-1,9034,13574,0.9637973669258282,0.2339794873086786,1.1263320598081954,True,True,interface,0.0028440128793805,0.1169897436543393,TUMOR
TTGAATATGGACTTTC-1,9435,10633,0.5616058613171209,0.3579447519226753,-0.325366929360256,True,True,interface,0.0116795150139811,0.17897237596133764,MIXED
TTGAATCGTTGTATAA-1,12174,18107,1.196029793430464,0.3039348131472694,-0.279807901942168,True,True,interface,0.0122479153773067,0.1519674065736347,MIXED
TTGAATTCACGTGAGG-1,10424,8260,0.3559649237720088,0.0701449498350903,-0.1750223254957426,False,False,interface,0.0998031771101971,0.03507247491754515,MIXED
TTGACAGGAGCTCCCG-1,12000,8037,1.701310430387607,-0.320427463552867,-0.5138982656858294,True,False,interface,0.1252484249192442,-0.1602137317764335,TUMOR
TTGACATGAACGTGGA-1,11392,15616,0.967689397867746,-0.1522170808765231,0.5641783718592162,True,False,interface,0.0800999238884824,-0.07610854043826155,TUMOR
TTGACCAGGAACAACT-1,15341,10194,-0.7436817272064806,-0.320427463552867,-0.6378992199319686,False,False,other,0.0027031027593723,-0.1602137317764335,MIXED
TTGACCATGTTCTCCG-1,7467,10403,-0.4755327716095339,0.0488662199089858,0.0739637084562322,False,False,other,0.0037217750170879,0.0244331099544929,MIXED
TTGACCGTGTTAATGA-1,12574,15392,0.0516356568895404,0.1892425577380367,0.3196580910050067,False,True,interface,0.0412067221953157,0.09462127886901835,MIXED
TTGACGATTCAGCACG-1,4507,13451,-0.7502663224384395,-0.320427463552867,-0.518380133344276,False,False,other,0.0002286877711173,-0.1602137317764335,MIXED
TTGACGCTCCATGAGC-1,10819,7808,0.4174013145117144,-0.1522170808765231,-0.4006605849159536,False,False,other,0.0164700216250713,-0.07610854043826155,MIXED
TTGACTACCATATGGT-1,11198,14597,0.4381168065998144,-0.0326276614652821,0.5424811582504933,True,False,interface,0.0019417114637489,-0.01631383073264105,MIXED
TTGACTATTGTCCGGC-1,11804,7471,1.132949007324942,-0.320427463552867,-0.3744806495023458,True,False,tumor_core,0.0099468691261752,-0.1602137317764335,TUMOR
TTGAGAAGTTTAGCAT-1,13571,9398,-0.7166196056956149,-0.320427463552867,-0.5487495207984325,False,False,other,0.020212874604137,-0.1602137317764335,MIXED
TTGAGAGTACTGCTAA-1,11394,14937,0.3452751676202827,-0.0326276614652821,-0.005457524591654,False,False,interface,0.0023090732415249,-0.01631383073264105,MIXED
TTGAGCAGCCCACGGT-1,11413,6112,0.0006939114664644,0.8924107048713693,-0.0529963043962578,False,True,interface,0.2367045201448231,0.44620535243568465,IMMUNE_EXHAUSTED
TTGAGCGCCACGTGAT-1,10233,5883,0.1366202665603663,-0.320427463552867,-0.1744274214740328,False,False,interface,0.0211733377996953,-0.1602137317764335,MIXED
TTGAGGCATTTAACTC-1,4123,8925,-0.2974536176208429,-0.1522170808765231,1.3114114138774828,False,False,other,0.013148658899731,-0.07610854043826155,STROMA
TTGAGTCCCGCTGCTG-1,10430,5771,0.6903231208464345,-0.320427463552867,-0.2053917129498991,True,False,interface,0.0071696830785368,-0.1602137317764335,TUMOR
TTGATAGTCAATACAT-1,8066,6218,-0.7166196056956149,-0.320427463552867,-0.6757964498884991,False,False,other,0.0140662801958605,-0.1602137317764335,MIXED
TTGATCTAACTTTGTC-1,8443,13912,0.5546199874252212,0.2339794873086786,1.0095136540077865,True,True,interface,0.0433704386211814,0.1169897436543393,STROMA
TTGATGTGTAGTCCCG-1,7469,9045,-0.0407413950345471,-0.1522170808765231,-0.4809837077451089,False,False,other,0.0058297654967467,-0.07610854043826155,MIXED
TTGATTAGCTGTTTCT-1,12180,15391,0.7791120925311861,-0.320427463552867,1.0068537298259057,True,False,interface,0.0035411672108782,-0.1602137317764335,TUMOR
TTGATTATGCAGATGA-1,8046,15495,-0.292968144046018,-0.320427463552867,0.4714261417278945,False,False,interface,0.0213356795251314,-0.1602137317764335,MIXED
TTGCACAATTCAGAAA-1,11202,12787,0.541584829314768,-0.1522170808765231,0.0996127351194393,True,False,interface,0.2774880009221653,-0.07610854043826155,MIXED
TTGCACGGAGCAGCAC-1,6871,12551,0.1137407680686425,0.2170766025853298,0.0658190382061002,False,True,interface,0.0091237822902285,0.1085383012926649,MIXED
TTGCATGCTGATCACG-1,10802,15275,0.4820855283271884,-0.320427463552867,1.0046220845558946,True,False,interface,0.0397289142687138,-0.1602137317764335,STROMA
TTGCCAAGCAGAACCC-1,11413,6339,-0.3931978855838939,0.0159933017998207,0.1602370766729746,False,False,other,0.0539791644023811,0.00799665089991035,MIXED
TTGCCATAGCCCGCTC-1,13359,16525,0.8528451500397827,-0.320427463552867,0.0166239210575778,True,False,interface,0.0220678689334048,-0.1602137317764335,TUMOR
TTGCCCTGATCACGGG-1,9818,15386,0.0891490821503335,0.6427064408207573,0.0489964576256008,False,True,interface,0.0700339769709239,0.32135322041037867,IMMUNE_ACTIVE
TTGCCGCTTTCTAGTA-1,14947,10419,-0.7436817272064806,-0.320427463552867,-0.911235546745144,False,False,other,0.010472520224226,-0.1602137317764335,MIXED
TTGCCGGTGATCCCTC-1,4912,8248,-0.8002963608025098,-0.320427463552867,-0.3812966690358911,False,False,other,0.0002220989897636,-0.1602137317764335,MIXED
TTGCCTTCTCGCCGGG-1,16135,7480,-0.186333904421921,-0.320427463552867,-0.5875297249145826,False,False,interface,0.0025166630185665,-0.1602137317764335,MIXED
TTGCGCTCTCTCGCTT-1,7054,18774,-0.5099832392599487,-0.1522170808765231,0.8807013465944432,False,False,other,0.0017984654200396,-0.07610854043826155,STROMA
TTGCGCTTGATCAATA-1,16331,7820,-0.4117906767675912,-0.1522170808765231,-0.7164228046017538,False,False,interface,0.0029127503596335,-0.07610854043826155,MIXED
TTGCGGCATCAGAAAG-1,13167,14149,1.2828902625189282,-0.1522170808765231,0.8216739296485507,True,False,tumor_core,0.0196861823760178,-0.07610854043826155,TUMOR
TTGCGTAGTTTGAGGA-1,7649,17078,0.0829351195659669,0.4558497065119976,1.1692592717478496,False,True,immune_core,0.004089760047366,0.2279248532559988,STROMA
TTGCGTCGGCCAACCG-1,12772,14601,0.273811800129056,-0.320427463552867,-0.4316248763918199,False,False,interface,0.0191930211458934,-0.1602137317764335,MIXED
TTGCGTGAACGCTTAG-1,5502,8362,-0.7436817272064806,-0.1522170808765231,-0.7164228046017538,False,False,other,0.0012029242503545,-0.07610854043826155,MIXED
TTGCTAGCTACCAATC-1,3320,15937,-0.5815656521625655,-0.0538203147789063,-0.911235546745144,False,False,other,0.0005262951660166,-0.02691015738945315,MIXED
TTGCTCATAGTACGTG-1,15939,7140,0.2614732267293981,-0.1522170808765231,-0.7935159983168215,False,False,other,0.008668818771953,-0.07610854043826155,MIXED
TTGCTCCCATACCGGA-1,7071,11081,0.2642431030524554,-0.320427463552867,0.0686713521212206,False,False,interface,0.0066934631714496,-0.1602137317764335,MIXED
TTGCTGAAGGAACCAC-1,6477,12777,-0.06069780262646,-0.1522170808765231,-0.072525778075958,False,False,other,0.0042530963887535,-0.07610854043826155,MIXED
TTGCTGATCATGTTCG-1,9233,12783,-0.2485344100533864,0.1355827212110617,1.9996489887220257,False,False,interface,0.9147383155000748,0.06779136060553086,STROMA
TTGCTGCACCTATCCA-1,7058,16964,-0.294819384255666,-0.320427463552867,1.2259504193998063,False,False,interface,0.0087227896208712,-0.1602137317764335,STROMA
TTGCTGGCCGGGCTTC-1,4317,10396,-0.850600739191554,-0.320427463552867,-0.536913447420744,False,False,other,0.0007089303561793,-0.1602137317764335,MIXED
TTGGAAGAATACAGTC-1,12571,16524,0.6405849816085996,0.1355827212110617,0.9041534214784902,True,False,interface,0.0275083602680125,0.06779136060553086,TUMOR
TTGGACATGTGGCTTA-1,10801,15954,0.8164272079249175,0.0159933017998207,0.0186270701714443,True,False,interface,0.0086639858209678,0.00799665089991035,TUMOR
TTGGACCATCTGGCAA-1,12788,7360,-0.3419853170558872,0.7436495085995825,-0.307623922145681,False,True,interface,0.0831199274246763,0.3718247542997912,IMMUNE_ACTIVE
TTGGACCTATAACAGT-1,13768,9512,-0.2971944879224776,-0.320427463552867,-0.7246544768844247,False,False,other,0.0049988716168052,-0.1602137317764335,MIXED
TTGGAGTCTCCCTTCT-1,4308,14243,-0.850600739191554,-0.320427463552867,-0.5872416547766728,False,False,other,0.0001397561336071,-0.1602137317764335,MIXED
TTGGATATCGTCTACG-1,12185,13355,0.7887572538713051,0.5550171981308567,-0.518380133344276,True,True,interface,0.0180580159742162,0.27750859906542835,MIXED
TTGGATCGACTTCTGG-1,4706,12433,-0.3540776475074877,-0.320427463552867,-0.1571873393397701,False,False,other,0.0004196552981047,-0.1602137317764335,MIXED
TTGGATTGGGTACCAC-1,6083,13002,-0.3757159251968104,-0.320427463552867,0.0425175282446521,False,False,other,0.0208969306640845,-0.1602137317764335,MIXED
TTGGCCATCTTGCGCT-1,6074,16849,-0.8002963608025098,-0.320427463552867,-0.2557199203058279,False,False,other,0.0022671023825566,-0.1602137317764335,MIXED
TTGGCCTAGAATTTCG-1,5893,9947,-0.3150389698052105,-0.320427463552867,0.1337485654641905,False,False,other,0.0023236874941399,-0.1602137317764335,MIXED
TTGGCGATCCGAATAT-1,9643,5543,0.5552039609594019,-0.1522170808765231,-0.4450367442534327,True,False,tumor_core,0.0013466333207402,-0.07610854043826155,MIXED
TTGGCTCAATATGTGT-1,15546,6461,-0.0211791580692685,0.0488662199089858,0.4846304823115919,False,False,other,0.0274481071803857,0.0244331099544929,MIXED
TTGGCTCGCATGAGAC-1,7259,15041,0.1245951482578527,0.3366660219965708,0.5036237439518737,False,True,other,0.0083549010752195,0.1683330109982854,MIXED
TTGGGACACTGCCCGC-1,8252,11310,1.410878411084581,2.4045579406954976,0.8495077705668413,True,True,interface,0.6227817995234294,1.2022789703477488,IMMUNE_EXHAUSTED
TTGGGACGTAAGAGTT-1,12789,6907,-0.6545220544753885,-0.1522170808765231,-0.044764632113587,False,False,other,0.0010734444998343,-0.07610854043826155,MIXED
TTGGGCGGCGGTTGCC-1,8647,10632,0.329089660432762,0.6013099418400463,0.0644351738941549,False,True,interface,0.011391361384688,0.30065497092002313,IMMUNE_ACTIVE
TTGGGTTTATTCAGCG-1,5706,5081,-0.737097131974522,-0.320427463552867,-0.911235546745144,False,False,other,4.034753537752027e-05,-0.1602137317764335,MIXED
TTGGTATGGCTTGTGT-1,9248,5994,-0.5003319206895234,-0.320427463552867,-0.5545246203990845,False,False,other,0.0105119926871546,-0.1602137317764335,MIXED
TTGGTCACACTCGTAA-1,12184,13807,0.1385092375761175,-0.320427463552867,-0.2747093642049604,False,False,interface,0.0560603281842317,-0.1602137317764335,MIXED
TTGGTTCGCTCAAAGG-1,10431,5092,-0.4758012975985147,-0.1522170808765231,-0.3503323775600248,False,False,other,0.0084485167902549,-0.07610854043826155,MIXED
TTGGTTGCGGTGCGCG-1,13162,16638,1.2060784280172456,0.2170766025853298,-0.6757964498884991,True,True,interface,0.0222713353397245,0.1085383012926649,TUMOR
TTGTAAGGACCTAAGT-1,11786,15617,1.1821487439216565,-0.1522170808765231,0.2090522363183549,True,False,interface,0.044088480529481,-0.07610854043826155,TUMOR
TTGTAAGGCCAGTTGG-1,8058,10065,0.0409118561506055,0.6881829925473634,-0.1744274214740328,False,True,interface,0.0155462614146358,0.3440914962736817,IMMUNE_ACTIVE
TTGTAATCCGTACTCG-1,9626,13010,0.2606296847895419,2.509858673881362,0.4781553706717924,False,True,interface,0.3279741942250485,1.254929336940681,IMMUNE_EXHAUSTED
TTGTACACCTCGAACA-1,12763,19126,0.0813647282462974,0.2170766025853298,-0.0631455147652019,False,True,interface,0.0090725004418454,0.1085383012926649,MIXED
TTGTATCACACAGAAT-1,5103,10850,-0.6558788907814888,-0.320427463552867,-0.4368050719707619,False,False,other,0.0025280619515214,-0.1602137317764335,MIXED
TTGTCACCGCGGTATC-1,13157,18674,0.2346566540910152,-0.320427463552867,-0.0749139500457605,False,False,other,0.0125124521051827,-0.1602137317764335,MIXED
TTGTCGTTCAGTTACC-1,7068,12665,-0.5391872150315714,-0.320427463552867,-0.1514122397391183,False,False,interface,0.1099603498368482,-0.1602137317764335,MIXED
TTGTGAACCTAATCCG-1,13769,9059,0.1652700055916068,-0.320427463552867,-0.1869611663138208,False,False,other,0.0333638292818078,-0.1602137317764335,MIXED
TTGTGAGGCATGACGC-1,11191,17765,0.6775311698179917,0.1892425577380367,0.2561434456672547,True,True,interface,0.0395427817959371,0.09462127886901835,TUMOR
TTGTGCAGCCACGTCA-1,14552,10871,0.8909451883702835,-0.320427463552867,-0.0973724637337369,True,False,tumor_core,0.0498275094824847,-0.1602137317764335,TUMOR
TTGTGGCCCTGACAGT-1,6281,12437,-0.850600739191554,-0.1522170808765231,-0.5380734070237054,False,False,other,0.0148130737782178,-0.07610854043826155,MIXED
TTGTGGTAGGAGGGAT-1,12572,16071,1.3882499059493785,-0.1522170808765231,-0.0153815511864838,True,False,interface,0.0149637622826925,-0.07610854043826155,TUMOR
TTGTGGTATAGGTATG-1,7478,4972,0.4514118979309741,-0.320427463552867,-0.911235546745144,True,False,other,0.0168397682333711,-0.1602137317764335,MIXED
TTGTGGTGGTACTAAG-1,15148,8496,-0.3449058256659141,-0.320427463552867,-0.7935159983168215,False,False,other,0.0097262096925588,-0.1602137317764335,MIXED
TTGTGTATGCCACCAA-1,13762,12453,-0.1633608528016318,1.4971765313161518,0.4463037645135507,False,True,interface,0.1077793428519928,0.7485882656580759,IMMUNE_EXHAUSTED
TTGTGTTTCCCGAAAG-1,12777,12564,1.315880365229647,-0.320427463552867,0.7043145605017846,True,False,interface,0.0562913845285397,-0.1602137317764335,TUMOR
TTGTTAGCAAATTCGA-1,7064,14475,1.4051314239070614,-0.0538203147789063,0.7675514797493522,True,False,interface,0.0944537781203397,-0.02691015738945315,TUMOR
TTGTTCAGTGTGCTAC-1,7463,11987,0.1340221519577178,0.0488662199089858,-0.0492381234490272,False,False,interface,0.0031290464169508,0.0244331099544929,MIXED
TTGTTCTAGATACGCT-1,6857,18887,-0.5517190384614572,-0.320427463552867,0.3418205005215083,False,False,other,0.0031162735798157,-0.1602137317764335,MIXED
TTGTTGTGTGTCAAGA-1,8844,10519,0.2188524441142505,0.4770423598256217,-0.2100372948131123,False,True,interface,0.0310387730317709,0.23852117991281085,MIXED
TTGTTTCACATCCAGG-1,14151,14491,0.396436524992219,-0.320427463552867,-0.4430864777885785,False,False,interface,0.0160101657524727,-0.1602137317764335,MIXED
TTGTTTCATTAGTCTA-1,14541,15849,1.6407788340389726,-0.1522170808765231,0.533046128286826,True,False,interface,0.1042134251669932,-0.07610854043826155,TUMOR
TTGTTTCCATACAACT-1,11588,16182,0.9271699069117856,-0.320427463552867,0.0294967485870557,True,False,interface,0.0282117445613028,-0.1602137317764335,TUMOR
TTGTTTGTGTAAATTC-1,4113,13450,-0.7436817272064806,-0.1522170808765231,-0.4368050719707619,False,False,other,0.0001696760644698,-0.07610854043826155,MIXED
