node,ks_value,coexact_energy,region
0,0.05187849962500045,0.0454817249941775,interface
1,0.09777273591776595,0.0297140198945241,interface
2,0.03154558065637221,0.0062738205810404,interface
3,-0.0008082283045757475,0.0026248917280888,other
4,-0.02864771557158005,0.04587460657649,other
5,0.01625183670752862,0.050063003498804,interface
6,-2.239055809092733,0.1207691254535657,immune_core
7,0.0008821923414028052,0.0009788074762074,other
8,0.017757063799497617,0.015356742810204,immune_core
9,-0.0024472426066997925,0.0081006795932149,interface
10,0.031294565473046966,0.0269217658045016,tumor_core
11,0.004950122389502375,0.0070997553247534,interface
12,0.0006386376102680353,0.0010938634813402,other
13,0.0019150497805382758,0.0045217579889645,other
14,-0.0002572952563139876,0.0025565715150004,other
15,-0.04142454571289522,0.0411512533671549,other
16,7.447155558188971e-05,0.0031933288381763,tumor_core
17,-0.7059429275446714,0.1754429286008072,immune_core
18,0.326689041262719,0.0740334113114826,interface
19,0.01805730571078766,0.0310178811917641,interface
20,-0.026396657813796357,0.0312932545425877,other
21,1.3593971184874925,0.264099483005248,interface
22,0.03340041006707625,0.0416060010875469,interface
23,0.0185581020869758,0.02737339964596,other
24,-0.06292500389500193,0.0269514407912877,immune_core
25,0.0001648723932524519,0.0013048738180146,other
26,0.0001681079354402909,0.0029251627314207,tumor_core
27,1.1768243738970583,0.1902399516260896,interface
28,-0.01635731759414007,0.0096211477521116,other
29,0.0008672764492242102,0.003597872436425,other
30,-0.00016836084449234584,0.0083729968511591,other
31,-0.09293059492240115,0.0602755135591399,immune_core
32,-0.002742781016013697,0.0075119935338141,other
33,0.0012100028074920224,0.0196639000460037,interface
34,0.0008760155456351003,0.0025539395518952,other
35,0.0009615328149959178,0.008869612653571,other
36,-0.010301412927858656,0.0336226888012577,other
37,-0.00047759973979477914,0.0030886849606461,tumor_core
38,-0.0021326472592116934,0.0097222832964104,immune_core
39,0.0011355341327010378,0.0012752618227634,other
40,0.0018585632678257901,0.0022769787030438,other
41,-0.022346590067061974,0.0311154899541626,interface
42,0.03550109704395171,0.016617963022648,immune_core
43,-0.008405717314326594,0.0212191968097782,tumor_core
44,-0.026308961716107332,0.016772642493466,interface
45,0.12206626929697117,0.0335858329638838,interface
46,0.021698040675301858,0.0305327585826876,interface
47,-0.03224763532150347,0.0529445729692489,other
48,0.0004243855340802632,0.0021208812202598,other
49,0.00020226908674778125,0.0005941447064893,other
50,-0.00010300068839640651,0.0084351430343577,tumor_core
51,-0.01421053751952702,0.0174972710680011,immune_core
52,0.003809639876880039,0.0333461741836888,interface
53,-0.01017331424868359,0.0058330000789342,other
54,0.016254111182503663,0.0146836293109647,interface
55,9.67980985016825,0.405196789782078,interface
56,-0.010232974519880016,0.01857797574827,tumor_core
57,0.06600893297061579,0.0997294412560703,interface
58,0.009928633147149701,0.018963573342699,interface
59,0.04249734240114382,0.0173995956057432,other
60,-0.0974451022814504,0.0943594812004915,interface
61,-2.7374335125743006,0.5751822788306964,interface
62,0.0016498245449687405,0.0038009675468685,other
63,-0.020520879245264533,0.031266378569869,other
64,0.002007676115371086,0.0030014824487446,other
65,0.0005064743998367479,0.0098638481502637,interface
66,-0.004561878092300897,0.036414809497112,immune_core
67,-0.31905012537337296,0.0420797494315167,other
68,0.006946411692517637,0.0051903109020189,other
69,-0.00032480526946774483,0.0004946854553994,interface
70,-0.0011273978410392847,0.0101650893057901,other
71,0.02972398222846223,0.0088283300732855,interface
72,0.014036547833537708,0.0369561192294521,interface
73,8.781403033105423e-05,0.0005605377045287,other
74,-2.2611761089713434,0.6786155354330773,interface
75,-0.006252691009995867,0.0159690650311671,other
76,0.009630977800193804,0.0118984274874698,interface
77,0.0005120116874319739,0.0222174218760155,immune_core
78,-0.2928377346544447,0.1116185150795938,tumor_core
79,4.59195972210323e-05,0.0007313558383966,other
80,0.06540967420880062,0.0481918568111522,interface
81,0.0110719692100645,0.0047656020522359,other
82,0.0001737064964247746,0.0006317145381469,other
83,0.016856143186543267,0.0124883338955666,tumor_core
84,0.0003697190241773159,0.0009693290655712,other
85,-0.004037135885305575,0.0158289651903739,other
86,-6.861157060766252e-05,0.0015964550773559,other
87,0.007647589987710361,0.0066524646099489,interface
88,0.4208360889123857,0.4073870362377494,interface
89,-0.0634714461427709,0.0598378711338899,interface
90,-0.03197085541896012,0.0339411698798536,immune_core
91,3.1672790730360703,0.192385795614838,interface
92,-0.00038783463597851105,0.0011164442264631,other
93,0.18988024864633737,0.0326464860224253,interface
94,-0.0009272536615733517,0.0043601560316849,immune_core
95,0.00030768387390466435,0.0005013114472713,interface
96,6.0120069124244835e-05,0.0034779986891041,immune_core
97,0.06691931279288077,0.0191135730423522,interface
98,-0.0008006125030271642,0.0056217098602247,other
99,0.10210083209423722,0.0638251472049846,interface
100,0.0001074535066299133,0.0005279543967426,other
101,0.001742773614298687,0.0084587408281873,other
102,0.18617504567885795,0.0623744532455389,interface
103,0.016452213430128024,0.016981535849637,interface
104,0.025451370975364394,0.0270638366004335,interface
105,-0.9123753434600345,0.0954309322004034,interface
106,0.008318455827088792,0.0117575217020198,other
107,9.492065397696631,0.2421524591587722,other
108,-5.566656879285549e-05,0.0009401371082499,other
109,-1.6829886953995598e-06,0.0002784580787904,other
110,0.00023309658622635098,0.0013112881772199,other
111,-0.11673061727552718,0.0182537052645354,interface
112,-0.034653922815627854,0.0263376783977591,other
113,-0.48476066061332324,0.1016003896294363,interface
114,0.005610749101447066,0.0049389668177769,other
115,0.004026823200836828,0.0388468867967598,other
116,0.00030135193751134107,0.0037996371259043,other
117,8.502747617397031e-05,0.0019817310341804,other
118,0.03967251234629243,0.0174706406195953,interface
119,-0.01881273073559899,0.0394382678265905,other
120,3.465322576395435e-05,0.0089113698818107,interface
121,0.0016945532314339676,0.0051091170952119,interface
122,-0.0008625720989539827,0.0014046021469447,other
123,0.006544844795375858,0.0029546655535345,other
124,0.0009018715121570629,0.0021758562434847,other
125,0.0028553537829403937,0.0253690740184281,interface
126,-0.0017293693363134796,0.0031553222699609,interface
127,-0.0019449237809644416,0.00738641905891,tumor_core
128,0.004402241094716895,0.0268300094859298,other
129,0.0016608144502972696,0.0093166304179101,other
130,0.10191603343227723,0.0181195072664387,tumor_core
131,0.000547699823764978,0.0025204238389132,other
132,-0.1343488897671576,0.095034211975325,other
133,-0.0023924340533091623,0.0114696325171341,other
134,0.24976100847999963,0.0338352571753301,interface
135,0.20035214658167363,0.1258801104865812,interface
136,-0.0003383825081559684,0.0080921573644089,other
137,-0.0012505661991933786,0.0096101312993794,interface
138,0.0010569020297387793,0.0014114105501794,other
139,0.36142893542803384,0.0852185622703101,interface
140,0.0004089712969195187,0.0008094487300738,other
141,-0.030557230270987418,0.0389791434019893,immune_core
142,0.0011062708826024587,0.0122476707067761,interface
143,0.000976640110629499,0.0015630381783255,other
144,5.144723062889434e-05,0.0005497994689475,other
145,0.7680721112669,0.0876457273841067,interface
146,-0.005847924782864349,0.0064527637572602,other
147,-0.006848755897487869,0.0361914192802154,interface
148,-3.339616065579659,1.0065090290552063,interface
149,-0.002739695336963034,0.0125349865376495,interface
150,-0.0002628085096673047,0.0092092891203675,interface
151,0.0019743402463378973,0.0039467551173508,other
152,-0.01053194018268869,0.0274605469537824,interface
153,0.00032494008075455616,0.0033046803548128,other
154,0.020942955429964268,0.0070518686356492,interface
155,0.04503020901945229,0.0593897503596879,interface
156,-0.1623275592496652,0.1053866504752143,interface
157,0.0026534354431911747,0.0042620419795188,other
158,0.07140822412572326,0.0317048221792064,interface
159,-0.030363636176184015,0.0473572221719131,interface
160,0.00018062339113383236,0.0007252646961525,other
161,0.0001696165476580187,0.0011379454933176,other
162,-0.8963523710287512,0.1454764790051679,immune_core
163,-2.7080405047166316,0.446047961613192,interface
164,-0.004720060373725976,0.0115274151751478,immune_core
165,1.7583636309416396e-05,0.0008186046518985,other
166,-0.0040616913635779005,0.0238785160795543,other
167,-0.009936966519331132,0.0165019868981892,other
168,-0.00016723036490096153,0.0021600392621208,other
169,-6.458124604090401,0.7007432901349051,interface
170,-0.0032329823807486936,0.0165172293004466,other
171,4.735107165368457,0.1610283102803077,immune_core
172,0.09264985000878512,0.2869800172681149,interface
173,0.019980887663976245,0.0145263121734966,tumor_core
174,0.004927591832002988,0.0306610754905038,immune_core
175,2.0594592856494662,0.3036866782663991,interface
176,0.03947528905142459,0.0185686482657721,other
177,0.013516150850494625,0.0083551203680606,interface
178,0.00013059073155886398,0.0059673572278095,tumor_core
179,0.0006162576214242269,0.0035359668920312,tumor_core
180,0.005541784734671461,0.0047612944157832,immune_core
181,0.004388472700143231,0.0044624775536075,other
182,0.00013175277000578394,0.0008868890714468,other
183,0.0005839964402148634,0.0040605348930343,other
184,0.0021378056900441833,0.0157807004730363,immune_core
185,0.003407780736579783,0.0035985222979098,other
186,0.03862270017753523,0.014403972276924,immune_core
187,0.02882885323953647,0.0315752334403481,interface
188,-0.14998482162554597,0.1059386889277338,tumor_core
189,0.00218596448007906,0.0058716223464672,tumor_core
190,-0.000563332134137944,0.015958098847358,tumor_core
191,-0.002328752965137193,0.0012985948964471,other
192,0.02670022735065878,0.0191531008778742,interface
193,0.0010619969272779913,0.0044430123218696,other
194,-0.015434195148242902,0.0046834061781796,other
195,0.0014732968770506754,0.0025444414474521,other
196,-8.423539309920477e-05,0.0008824541496131,other
197,-0.40207103218075674,0.1307470505070313,interface
198,0.0006543654817174084,0.0036476898391906,other
199,8.455308569329396e-05,0.0031030678233225,other
200,0.00010248188049305257,0.000760339962088,other
201,-0.017470412701791428,0.0085077831732189,other
202,0.008893664868369601,0.0067497154345023,interface
203,-1.5851063794192433,0.1610376149660826,interface
204,0.06731457954985531,0.0637399710005851,immune_core
205,0.002409242460772869,0.003039195923403,other
206,-0.04131174842154143,0.0388618815383673,tumor_core
207,-0.0014482877375303744,0.0216630587453731,interface
208,0.00021093244419662275,0.0043819677664086,other
209,0.05436706458253856,0.0630002858529878,interface
210,0.01048820592592041,0.0182346055564541,interface
211,0.10222830738357158,0.0587184533137283,interface
212,-1.515069440237688e-05,0.0019256789653979,other
213,0.0008074361691511757,0.0027482502291874,other
214,8.05695172651801,0.4931938395157916,interface
215,2.4804748687584786,0.173598511022455,other
216,-0.0026348621384187105,0.0070480384326853,other
217,0.0068889380909349564,0.01177751016432,other
218,-0.0004035975508164997,0.0071385753402634,other
219,4.871381701122475e-05,0.0004866823904517,other
220,4.093315708769329,0.1620996445914301,interface
221,0.005643188839116738,0.0332668781072799,tumor_core
222,0.0006179307688428024,0.0010172778984421,tumor_core
223,-0.7044379161008247,0.1449867774781337,immune_core
224,-0.31857245421622415,0.0247225247619967,interface
225,0.024952803555233855,0.0443111208918854,interface
226,0.9723563320327059,0.3626021534251435,immune_core
227,-0.367853425643606,0.0259762327232646,interface
228,0.0896062431250836,0.040946734397162,other
229,-0.4803735991931122,0.1650999850069774,interface
230,-0.050939490008220276,0.0830387060379908,interface
231,0.027987238765691213,0.0170559564845131,interface
232,0.0062451398762125646,0.0029977279688566,interface
233,0.001153247411231734,0.0012787588116059,other
234,-2.5647405261860072,0.5044539968208224,interface
235,-0.014552678821393347,0.0307268563625166,other
236,2.167066069158202,0.0829320051633792,interface
237,-0.12420309640595831,0.0715677460649332,other
238,0.020584781029697994,0.0138284643812477,interface
239,0.007327749928239494,0.0212108301573443,interface
240,0.04611026266534547,0.0127632775031477,interface
241,-0.001230037676033865,0.0056831365819545,other
242,0.009161136526093704,0.0026883031986803,tumor_core
243,0.0682591820167065,0.0646358457747579,interface
244,-11.726917072740758,1.5610905476901002,interface
245,0.13526362329970376,0.1264006869731569,interface
246,-0.014096306175505587,0.0189558391942902,immune_core
247,0.0007284492796397058,0.0045776740990809,tumor_core
248,0.024908377303371285,0.0970274715098466,interface
249,-0.0049751508304352226,0.0143773564251954,tumor_core
250,0.06928012240809743,0.0448878467034569,interface
251,-0.0007181803114420536,0.0054848907550742,other
252,-0.027587699035329552,0.0918580377299976,interface
253,-0.0007219110742428016,0.0039369874346498,other
254,3.0587351047771713e-05,0.0003948974965617,other
255,0.01920589366153092,0.0176420128773612,interface
256,0.012909913591999736,0.0136610204827667,interface
257,-0.0018023667673830958,0.0103958757422152,other
258,0.07416972922015583,0.0856128207266797,interface
259,-0.0024881434311369586,0.0023731336953276,other
260,-0.054420971815934735,0.1155597114138986,other
261,3.2699324657984964e-05,0.0022919494250001,other
262,0.0004624678725908236,0.0011434057484804,other
263,0.16020473629816667,0.2921098386920022,interface
264,0.002514942693198455,0.0092408233855612,other
265,-0.016220262979170032,0.0169458732857239,other
266,0.000420091036691117,0.0015783541205616,other
267,0.0237742498999962,0.0096601171217019,other
268,-0.30950828897541344,0.0914369919239092,interface
269,0.06721808807598373,0.0394513606179343,other
270,-0.028870832569188848,0.0053769458217988,interface
271,-0.02828606767363752,0.1979573446992188,interface
272,-0.34096325252165066,0.1696966248834512,interface
273,0.008394322596781153,0.0186540795020821,other
274,0.010440240083065497,0.0142253835860002,other
275,0.0023075996558785086,0.0137318245501968,interface
276,-0.0001989663993496069,0.0050860186412775,other
277,-0.0006300457548531487,0.0056651642672037,tumor_core
278,-0.3012690378324807,0.0188579979911803,immune_core
279,0.026701157260358165,0.0162055086036354,interface
280,-0.017194021780024216,0.0176110480489262,interface
281,-0.0008885787601134456,0.004189096715567,other
282,2.3021745682276084e-05,0.00207278726683,other
283,-0.6163820388023274,0.0151964770550145,interface
284,0.000543133911115022,0.0056240225374968,other
285,-0.5421661691618966,0.2178608998334287,interface
286,-0.029682573525523434,0.050817758769428,tumor_core
287,-0.19940457706159026,0.1028165825809488,interface
288,-0.00029103626812696025,0.0024939779216909,other
289,-0.0008316927505796639,0.0070012912305517,other
290,0.000561842371117757,0.0043782072714047,other
291,0.0001408219905649659,0.0039777935092183,other
292,0.038047665011565854,0.0205690668574805,immune_core
293,0.0011600154366947987,0.001831583286857,other
294,0.02486025279731644,0.0137228180754915,tumor_core
295,0.00205885999401601,0.0186999775448853,other
296,0.0010818475819365549,0.0113065226631603,tumor_core
297,0.022934419606258753,0.0257049692600469,interface
298,-0.5093929983027048,0.0252071319039929,other
299,-0.09087188777290517,0.0543609182267591,other
300,0.00017213243154519937,0.0018098176153894,other
301,0.1806173815880748,0.0560754294036336,interface
302,-1.1113548446358614,0.2851102675609873,interface
303,-0.09155796208986104,0.0412293405349081,interface
304,0.011091295068937319,0.0050388247338507,interface
305,-0.027381758383904244,0.0395224526376164,interface
306,-0.0023895314183953616,0.0270457284460278,interface
307,-0.0019768601165214388,0.0042649427357236,other
308,0.44726078488466026,0.1904525435142776,interface
309,0.0038009475963839243,0.0084672228025061,other
310,0.0007081092080753952,0.0023925994116346,other
311,-0.0961507270178201,0.0080869625535729,immune_core
312,-0.04350686352477758,0.0387478354730494,interface
313,-0.03323866487552838,0.0413361583463964,other
314,-0.3933005221159321,0.1567624103187111,interface
315,0.01587678863743328,0.0444304409864943,tumor_core
316,0.2369278771676447,0.0918815069926424,interface
317,0.0010103070042171726,0.0016200135150389,interface
318,-0.005839288706281005,0.0087212489038235,interface
319,0.006443698052447997,0.0035599186521758,other
320,-0.023900080812800574,0.0440432203859141,tumor_core
321,-7.790518077445324,0.4606029663373107,interface
322,-0.020204734532536642,0.0326386986308714,other
323,1.9116019569556122,0.2659083947694872,immune_core
324,0.0006026743502819103,0.001952736942532,other
325,0.12481483098427938,0.0310797902322421,interface
326,8.54773935369838e-05,0.0005146136773852,other
327,0.003614610729616381,0.0031812736894172,other
328,0.15403657163431253,0.0381516501303952,interface
329,-0.004163046349240401,0.0317500588355637,interface
330,0.002371299921089683,0.0028490580839627,other
331,-0.0001805580876064108,0.0015086895339088,tumor_core
332,-0.007764856197475465,0.0737410176495028,interface
333,-0.0018999897030833651,0.0074741518651915,other
334,-0.0104404249411166,0.0136856844565026,interface
335,-0.3320850238022243,0.1129504337277086,interface
336,1.8290629593665035,0.2710137024798915,interface
337,0.0020590114961019433,0.0091675996856769,other
338,0.020738715539318355,0.0053941640485452,other
339,-0.03837096159990239,0.0337034041955954,other
340,0.14903494641495985,0.0325405439898894,interface
341,-0.008984663757953482,0.0055033386055777,other
342,0.08464209845085242,0.0182373119493064,other
343,-0.06827731424520447,0.0474264928846199,interface
344,0.5703437235702563,0.1431442013583545,interface
345,0.0008272953690409124,0.0026294526635723,other
346,0.06688396724614995,0.0155420190906942,interface
347,-0.016388104494447303,0.0406194876912733,interface
348,-2.9059834079813536e-06,0.0019795029733159,other
349,8.631115605345677e-05,0.0003947809681455,other
350,-0.2127177334312923,0.3124978933248424,interface
351,-0.2816711960923293,0.0292046320344412,interface
352,-0.2500689471483176,0.0913249450175007,immune_core
353,0.00012754837086644336,0.0028012962174724,other
354,0.002757394298925211,0.0037392829364117,other
355,0.07236142537952928,0.0256413125664499,interface
356,1.1416758763489309e-05,0.0002664083870322,other
357,-0.034289614861167134,0.0411688533541878,interface
358,-0.0028886087204240147,0.0148320385229862,other
359,0.04089243466410396,0.037551267311523,interface
360,-0.0027846049531271375,0.0013730279675905,immune_core
361,-0.013863770860783546,0.0132669909601979,interface
362,0.033560401739600905,0.0289404566979095,interface
363,0.0014951795486339056,0.0057692802401869,other
364,0.0033287394148461564,0.0022796157114451,other
365,-0.0074505491058027605,0.0155072668218131,tumor_core
366,-0.042550062488233495,0.0308300583930393,tumor_core
367,-0.04112551951292015,0.0876651704579936,interface
368,0.0004061965350061694,0.0014198597309461,other
369,0.04295009113015507,0.0268882343664468,interface
370,0.00213391496492365,0.0076467132176924,other
371,-0.0298119590780725,0.0294706902548077,interface
372,-0.012470096445456774,0.0179585494356532,other
373,0.050770826275549935,0.0272784450452759,interface
374,4.73872016795246e-05,0.0003879883402181,other
375,-0.034310476916207824,0.025899558286576,other
376,-0.00599896299284719,0.0213085423048552,immune_core
377,0.0018067925466128088,0.0058940511855443,other
378,-0.046499124245961414,0.142985697796044,interface
379,0.0009034175709068315,0.0012373786429445,other
380,0.0011815244946564276,0.0040945040314953,other
381,-0.00014828536828750854,0.0024541051710995,other
382,13.613300278042084,0.5924133414721798,other
383,-0.09242243568392292,0.0756640604964391,other
384,0.0018518451516515452,0.0281449519467422,interface
385,-0.000653821842000921,0.0044583212295866,interface
386,-0.06652062133287197,0.060671853834593,immune_core
387,-0.03974248815936885,0.050266879970215,immune_core
388,0.005022210780969795,0.0082008704704179,other
389,0.026839528470598173,0.0255426521389131,immune_core
390,0.008142762965612524,0.0361647652279353,other
391,0.0031937117192597027,0.0078858236693663,other
392,-0.017476795616887773,0.0241222230359445,other
393,2.4791055901789972e-05,0.0002762890701145,other
394,-0.0015469833088089355,0.0055546958792748,other
395,0.03433557432524923,0.0234689225786326,interface
396,-0.023320449048893015,0.0302251010010893,other
397,0.002436285807448072,0.0077757829015467,other
398,-0.0002037439857046909,0.0032261044885459,other
399,0.00018773395055518425,0.0049779684020583,tumor_core
400,-2.5985637020420715,0.3846717376458439,interface
401,0.00023823030314138344,0.0009141327307547,other
402,0.00026713756957953076,0.0007226846671603,other
403,-0.008211855438431915,0.0320316784369325,other
404,0.0007512724486036324,0.0075367291679686,other
405,1.3374558078607859,0.2701081004587892,interface
406,-0.00022722415849877348,0.0013720439223552,interface
407,0.07430690889224745,0.0298013214781912,interface
408,4.0584384541361484e-05,0.0003234130783185,other
409,0.0009295714654940838,0.0027305083714929,other
410,0.014652981870996621,0.0145483598789299,other
411,-0.04945168302075819,0.0582366360985806,other
412,0.002046513216105489,0.0063693087606359,other
413,0.05251753345936083,0.0421429243019111,interface
414,0.004633666105227942,0.0091772243053593,tumor_core
415,-5.974099011348539,0.8286207910741542,interface
416,-0.0002443716669330442,0.0030255159987076,other
417,-0.1310374829588056,0.0687601132709695,interface
418,-0.0012016991511651447,0.0185259813597836,immune_core
419,0.28288581017981024,0.0318738098246782,interface
420,-0.00568633241973306,0.0233339815045137,other
421,-0.017232019221758082,0.0225455277222482,interface
422,0.006815319139143499,0.0082280890430592,interface
423,-0.00025123724395088073,0.0022666432023355,tumor_core
424,-0.036882281887776605,0.0381554324244525,other
425,-0.00823739590592099,0.0128594694974909,other
426,-0.004407067033685954,0.007437460455297,other
427,0.0004288766856896057,0.0034156269425749,other
428,0.044680594218469,0.0297864654769704,interface
429,-0.002759216551477418,0.0141647249796553,tumor_core
430,-0.015010183642245965,0.0067007935005839,other
431,0.19120985018724695,0.0497951932489386,interface
432,0.01473633566184811,0.0146815060375866,interface
433,0.11155798651668404,0.0435929216286674,other
434,-1.7689064027242518,0.0427268219717413,immune_core
435,0.0017929122401086658,0.0025249694135118,other
436,0.01638394684429892,0.0199571645339358,interface
437,0.022513258004483075,0.0163412330050217,other
438,0.004614115661637505,0.0062126265852219,interface
439,-0.0007464313386037376,0.0034090480708262,other
440,-0.00025110351638726327,0.0016327931256193,other
441,-0.0001924008514047986,0.0021844527005821,other
442,-1.1347923860824056,0.2008828789872364,interface
443,0.0024046428072262657,0.0068763327599835,other
444,0.057024418410441466,0.0203667848009679,immune_core
445,0.008370891323957356,0.0163794795588362,other
446,-0.005051818666005067,0.01556877963021,other
447,0.0003812588421849403,0.0009523985177013,other
448,-0.054925529246037115,0.0113209074853262,other
449,-0.019802196258994834,0.0082921520478532,immune_core
450,0.09985420731356869,0.0320453579185662,other
451,0.00033626471330817974,0.0025441537627222,other
452,0.10122137466702724,0.0330456046415806,interface
453,0.00271847387882129,0.0052892515690384,other
454,0.008190372638201845,0.0114780335737109,interface
455,-0.004610686635751023,0.0147563587541694,other
456,0.08663644507988576,0.0695404368200334,interface
457,0.0003073470332295334,0.0011247896787653,other
458,0.02563900786394782,0.0160112616534469,interface
459,-0.00042276637919164497,0.011635432804085,other
460,0.19736702359677893,0.1299537263413586,interface
461,-0.010330355507654133,0.0171648010427884,other
462,-0.06305221563870338,0.0172917528630162,other
463,-0.017227377769470614,0.0054972473469872,interface
464,0.0010098365901055459,0.0006381146886509,other
465,-0.0007725299838977638,0.0185561011925299,other
466,0.0028154631410802888,0.0106665214360065,other
467,0.40049143131556525,0.1201063505944168,interface
468,-0.0149547813004022,0.004344254998213,other
469,-0.020194888910326086,0.00516886145517,interface
470,-0.493500587961873,0.1275442200291482,immune_core
471,0.0006248937496741007,0.0027986463124991,other
472,0.0063794249403371665,0.0097728789320071,other
473,0.006474196436845882,0.0024451191547423,interface
474,0.5527351343166609,0.199413457796689,interface
475,0.010915735890899428,0.0041822146101641,other
476,0.020968009724434244,0.0175719095931737,other
477,-0.12731408260995458,0.0667720520877618,interface
478,0.1493505788490687,0.0605830600946716,interface
479,-0.02519292398354564,0.0037037729023616,tumor_core
480,0.014031993155550359,0.0173689622667105,other
481,-0.29577547638689694,0.1232835905139081,immune_core
482,0.00041387886661086533,0.0030161679598857,other
483,-9.668492199042742e-05,0.002331739952536,other
484,0.00395375062778488,0.0050634753664037,interface
485,0.431401771998179,0.0549681253515292,interface
486,-0.0008529830700779094,0.006852620785217,interface
487,-0.006438857150727176,0.0305082616845778,interface
488,0.00011129529851245375,0.002151724427586,other
489,0.0005164297620332781,0.0027039976282393,other
490,0.010800449309387866,0.0173872041664736,interface
491,-0.00026615915459644255,0.0027716442917045,other
492,-0.521158532623802,0.1620716819247383,interface
493,0.002104599537514419,0.0027506294274437,other
494,0.018805269330608283,0.0053221357486303,other
495,0.000919730834609942,0.0054636879455863,other
496,0.0007178090678208638,0.0023968399815853,other
497,0.01384011242321119,0.0182061083353938,other
498,0.0011360764984031933,0.0048773661295717,other
499,-5.126476396598843e-05,0.0029890574732887,other
500,0.000699668081987308,0.0018770017960388,other
501,0.03585744973231318,0.0596101386478288,interface
502,-0.011775195865170928,0.0016437768813859,interface
503,0.08113689770803321,0.0379711203846126,interface
504,-0.00047511499393057153,0.00134042894971,other
505,-0.12406569506116735,0.0151226412428056,immune_core
506,0.005176314065120742,0.0046472655758228,interface
507,0.0005081565590115283,0.0038181068346862,other
508,0.05842725959948404,0.0549168730777387,interface
509,1.4818534766213258e-05,0.0014027038805613,other
510,-0.00013081444083977854,0.0011096726709799,other
511,0.0017058770780734157,0.0027234123728517,interface
512,-0.0025808010115332767,0.0063829847150183,interface
513,0.00035064541393033436,0.0039022864883091,other
514,0.006844686948317129,0.0026122322725822,interface
515,1.3031934346492616e-05,0.0001040951511581,other
516,0.057782967993320056,0.0168662654724468,interface
517,0.035753912066562754,0.1432038747696705,interface
518,0.409915406405421,0.0684221837752838,interface
519,0.00031335557828142857,0.0158237568981539,other
520,7.63667473851975e-05,0.0105046109981433,other
521,-0.007003381940217798,0.043483507598018,other
522,0.16068706092676838,0.0526372472920698,interface
523,0.001143380695268103,0.0052717445040391,interface
524,-0.017158696604711244,0.0891907302077879,interface
525,-0.008531576415592277,0.0153421176580748,other
526,0.11293050595688289,0.1811459061429075,interface
527,0.00023288703420759092,0.000479518600483,tumor_core
528,-0.17201439924733058,0.0551208693699864,interface
529,0.013622887930890398,0.0075354042806112,other
530,0.000202743830105037,0.0006881242282143,other
531,-0.01456763458544973,0.0127125817547414,immune_core
532,-0.0014564668362764513,0.0059942692240853,other
533,-0.2328755753329595,0.1129395803327306,interface
534,-0.2637629938356435,0.1963576041236594,interface
535,-1.2303055324828476,0.0442555455754436,immune_core
536,-0.06625978906081434,0.0162293755188743,interface
537,0.0003077713586617955,0.0019415075441641,other
538,0.0005988349723682879,0.0010524553856284,other
539,0.0035457013981571076,0.0068957354984814,other
540,6.5995537365487,0.7203750000176048,interface
541,0.029987280184993637,0.1023487951243363,interface
542,0.01571292511193652,0.0444051080918398,interface
543,-0.06771992618737159,0.0330718667078705,other
544,-0.045226179716681,0.0445263363083069,interface
545,0.01279920259111741,0.0198723825190816,interface
546,-0.0005631315757242329,0.0041318948035956,other
547,6.985376519828856e-05,0.0004944257020528,other
548,0.1420277077888384,0.0425600914167864,other
549,-0.0005793677554356002,0.0102914882093714,other
550,-0.026560868488259094,0.0456575900307975,interface
551,5.886088927519291,0.2103251805835008,immune_core
552,0.14031558548370532,0.0431074651111541,interface
553,-0.006043651446049538,0.0044823311056874,tumor_core
554,0.27332520138069005,0.0634810057467765,interface
555,0.0029971061854510675,0.0049406908475818,other
556,0.00013457261286183234,0.0010542382671487,other
557,1.117486913203681,0.2887591467927751,interface
558,-0.027434617304952003,0.0288878520843216,other
559,0.03891289492201571,0.012814476061676,other
560,-0.005904962120672785,0.0124450686387208,interface
561,0.07060362933340668,0.1069805346018121,interface
562,-0.36085445693230694,0.156677099380289,interface
563,-0.7443182684733024,0.2035380921817838,interface
564,-5.900568113792856,0.6156377343101177,interface
565,0.00022928385310107187,0.0014996395696466,tumor_core
566,0.00011529831861554751,0.0012118238520672,other
567,0.015978670802866156,0.00846096578996,other
568,0.0002689942330341857,0.0034434966525997,other
569,0.0024620179832201346,0.0035609677888034,other
570,-0.01622805486393043,0.0278966225314481,immune_core
571,-0.00024902935110218466,0.0019822698049982,other
572,0.0075389025455052175,0.0192544070269504,immune_core
573,-0.30814745761684464,0.1878505621367297,interface
574,0.027905351358942967,0.0187156815233433,tumor_core
575,-0.0010527494729393777,0.0076923692001097,other
576,0.007807636529334951,0.0152435986434006,other
577,0.0059031195288712975,0.0143245670169488,interface
578,-0.0010311560254348475,0.005371314861697,other
579,0.011228027621621095,0.0051263289211493,tumor_core
580,0.026005077504961876,0.0135450383228637,interface
581,-0.02318706323326416,0.0273318274642926,other
582,0.0003501290958560373,0.0083358059529562,tumor_core
583,0.004201739014381086,0.0101956444484871,other
584,-0.0007305774852540566,0.0058080763775294,interface
585,0.0012696026836646367,0.0073224203330207,other
586,0.00452124775570855,0.0016641016355133,other
587,0.07742655807344148,0.0350390182703406,interface
588,0.058332886166727285,0.0400515016985879,other
589,-0.000320385987268776,0.0067675231859445,tumor_core
590,0.15813282177506033,0.0246198983322838,interface
591,1.154593760198591e-05,0.0010342664917826,tumor_core
592,0.00012766459155560608,0.0061468767381147,tumor_core
593,-0.010903922093008313,0.0143159183697769,interface
594,0.0007884134730901174,0.007887738327302,other
595,0.00011701305932338334,0.0014114497561308,other
596,-0.8175684510899021,0.2041972330736974,other
597,0.001096582624410857,0.0019051801975962,other
598,0.2848892525619834,0.1073392022540413,interface
599,-0.00490473223485045,0.0255270163317597,immune_core
600,0.030581360030212,0.0284107321409952,immune_core
601,0.0019257825022118555,0.0087458852554186,other
602,0.00024549011168788226,0.0013956280824529,other
603,-0.5420454988109864,0.1533435687597224,immune_core
604,-0.00029617049931747095,0.0025462734945191,other
605,0.212703245226496,0.0790335082672854,interface
606,1.5301166291145205,0.1068118887818091,interface
607,0.018886298278852628,0.0181927230441222,other
608,-0.42221595610869406,0.0212908156224187,interface
609,1.0346086308778382,0.1084366248250591,interface
610,-0.061075722489266626,0.0688707602402587,interface
611,0.01584923002549728,0.021209994446443,interface
612,0.0027287258104387365,0.0066799166679939,other
613,0.0067443656277648084,0.0028758598471008,other
614,6.7992287857992215,0.397314879202337,interface
615,-0.004998768662638478,0.0076283006843287,other
616,0.011621957649918985,0.0126946786357342,other
617,0.013736912570551098,0.0054319997047986,interface
618,-0.9331778156945,0.1928023666764089,interface
619,-0.00725999640677377,0.0113720735170129,other
620,0.0011011711327957737,0.0184500025163667,interface
621,0.07976288438467118,0.0368965379881948,other
622,-0.0007449990905118055,0.0041687661754544,other
623,0.011030867293993975,0.0086005528882291,other
624,-0.0006809252893949873,0.0084281576360164,other
625,0.0003634057462037615,0.001567528002787,tumor_core
626,9.455324436058578e-05,5.3784796518459505e-05,other
627,0.007197131695470074,0.014343374772472,tumor_core
628,0.0010887037458559867,0.002365105780496,other
629,0.033919706783266,0.0280597669463662,interface
630,-0.006422108556773835,0.0333735817554802,other
631,0.2883535720677462,0.0944275331106913,interface
632,0.007941511905650215,0.0140329643200658,interface
633,-0.38643861006928043,0.1691981093828469,interface
634,0.00355307262711997,0.0269235837806577,tumor_core
635,0.013747176232475856,0.010998421804373,tumor_core
636,-0.5960079819745108,0.1999849526665718,interface
637,0.00022014480842267372,0.0033068748566028,other
638,0.008890650516324925,0.0123874076583459,tumor_core
639,-1.1964358069002379e-05,0.0005127010184859,other
640,-0.0093561536354585,0.0199149356535801,other
641,-0.01742978705730293,0.0528933490886408,interface
642,-0.00020756155103715236,0.0010357214192575,other
643,-55.421345397189505,1.9197874166407989,interface
644,0.0036839693290876773,0.0024576529617934,other
645,0.0029073187649459307,0.0041599714222279,other
646,-0.0008797335894522478,0.0024007575652007,other
647,-0.5851497382375535,0.1655664875384172,interface
648,0.006414596766492749,0.0038369627152242,interface
649,17.453478735609682,0.606186084233163,interface
650,-0.008933738947873868,0.0174442864748683,other
651,0.029068055169383863,0.1577586872564791,interface
652,0.044906749067880405,0.0630158037056715,immune_core
653,0.0019478758512226542,0.0082344465898045,immune_core
654,0.009619361450701677,0.0402791062796475,interface
655,0.008662379217171522,0.0107500607567332,interface
656,-0.02548982096880058,0.1189576963074679,interface
657,-0.0017602750264892682,0.0170614932687771,other
658,0.10585244643593786,0.0436532727122833,interface
659,0.00198848677426864,0.0025222052268895,other
660,0.09202184726693377,0.0826341634327388,interface
661,-0.07831859039746392,0.0808732404054769,interface
662,-0.0003716081953283831,0.0055126129704277,other
663,0.06808074589805463,0.0286332974845446,tumor_core
664,0.009637770651599395,0.0066101289012656,other
665,0.00014652874197025145,0.0006371555294674,other
666,0.0010786826016596386,0.0063398959055811,other
667,-0.0049678472023371905,0.0224677809110512,interface
668,8.365689730769648e-05,0.0010963354333036,other
669,-0.006943675715862297,0.0239511481610419,interface
670,0.0008634190895680933,0.0105657824239362,other
671,0.04083973560520503,0.0094441215558861,interface
672,0.0026512177395036467,0.007723547981839,other
673,1.3015124863036858e-05,0.0017288862204426,other
674,0.0004477101270236002,0.0024578392687165,other
675,0.0030406820485131734,0.0035954901149001,other
676,-0.12361299973823137,0.3040773749103381,interface
677,-0.04331119595796541,0.0323202149091309,interface
678,-0.0009487792655689014,0.0008169208277549,other
679,0.002631589852534263,0.007827694462585,other
680,0.007290264859628628,0.0067820400505046,tumor_core
681,0.03136023721127156,0.0317187995103165,interface
682,-0.804444446496577,0.1852206390159484,interface
683,-0.0004955747409749479,0.0024875827227463,other
684,-9.490671022115023e-05,0.0002910806148303,tumor_core
685,0.039652562270035954,0.0405228313499081,interface
686,-0.002103563760037386,0.0078144027378113,interface
687,-0.020691856026836694,0.0359047014919036,interface
688,0.02408068397236438,0.0118999295698357,other
689,-0.0032146714719736296,0.0104211203986216,other
690,0.04461362631740352,0.0411315965530445,interface
691,-0.012899746310681932,0.0245360530992845,other
692,9.741578237333639e-05,0.0039449798013467,tumor_core
693,0.0006360855262669908,0.0018944117926122,other
694,0.6102938774312238,0.1168479466071292,interface
695,0.005233577165111955,0.0067086011433457,other
696,1.030310417729162,0.1835980680201187,interface
697,-1.0223187143978458,0.1737337485681575,interface
698,0.0001664537384864262,0.0004849789369298,tumor_core
699,0.00040375393865702924,0.0011291477146295,tumor_core
700,0.006266709602458762,0.0096324686787164,interface
701,0.0005306018584864918,0.0024663271789604,tumor_core
702,0.007742333943267562,0.003482328853922,other
703,0.012366922045930167,0.0056271947092627,interface
704,-0.07323421289033336,0.0564197982602263,other
705,0.009595471685434133,0.0171183018454487,other
706,0.004383346780514271,0.0182677275912377,other
707,0.02195120568999139,0.01903266034091,other
708,0.0005784448854747763,0.001175260155444,other
709,-0.0027456045478943913,0.013227758437975,other
710,0.001709815168608685,0.006666548671029,other
711,2.572498644062743,0.481959054829232,interface
712,0.7412151469824543,0.1401035059710003,interface
713,-0.016670059253483124,0.039341074346214,interface
714,0.06876335753283591,0.0543336201565163,other
715,0.0034534443141428567,0.0074430030134625,tumor_core
716,6.504368654106657e-05,0.0009608507826284,other
717,0.19700090201865564,0.0725159546786016,interface
718,-0.003729567463098317,0.0120718898210901,other
719,-0.19172774403390636,0.106525787581201,interface
720,-0.006059308733643941,0.0184170434325716,other
721,0.01805563765672433,0.0274102026076287,interface
722,0.004465167322656063,0.0118547870281599,immune_core
723,-0.2656637383173369,0.1114157134528756,interface
724,0.20138310775679524,0.0761111920119701,other
725,0.0034210482633103036,0.0075866536402943,other
726,-0.02502265460979771,0.0322335773429708,immune_core
727,0.01579652801444364,0.0110570826909862,interface
728,0.32316809604970137,0.0849305950657827,interface
729,0.09102098255956181,0.0597356108181471,interface
730,-0.030759466340279856,0.039790577800416,tumor_core
731,4.554730376170193e-05,0.000424436284971,other
732,0.7717372626850476,0.1631277580346395,interface
733,-0.004753769982527416,0.0093873051554515,other
734,-0.0017720497829853844,0.028519270553741,interface
735,0.0005563562286025021,0.0027443492506724,tumor_core
736,2.2531041092749247,0.2673420771729184,interface
737,0.002129239528033363,0.0037017989600661,tumor_core
738,-0.013799483319399113,0.01830329527055,other
739,0.007587955218026668,0.0136483357159033,other
740,0.00651019374048714,0.0048418740442561,other
741,0.00010327798497848322,0.0002120499966374,tumor_core
742,-0.027151815242287047,0.0117871260073042,other
743,-0.0013636501399017864,0.005998450845953,immune_core
744,-0.00010639834153105076,0.0025117616415721,other
745,-0.07226763741684471,0.0867864483537432,immune_core
746,0.004617396626539674,0.0033460774381116,other
747,-0.02912767272038023,0.0282197714983215,interface
748,-0.381807882561475,0.1628257282702815,interface
749,-0.0014778536946427382,0.0074327213198242,other
750,0.000351732030669703,0.0022190284490522,other
751,-0.00029836656021201523,0.0020993544107683,other
752,-0.021506896838618228,0.0224081654038117,interface
753,0.0037817625801894253,0.0403418834076058,other
754,0.006097124118345502,0.0047479496922324,other
755,-5.784659030054474,1.105551950967661,interface
756,-0.0019425929391459276,0.008286918551434,other
757,0.024887528196426825,0.0067939103854866,interface
758,0.0011972862452437904,0.0210072125604788,interface
759,-0.0001200586887413861,0.0009673356828032,other
760,-5.7255589347071456e-05,0.0012466465198882,other
761,0.0016655706686313568,0.0023588597918034,other
762,3.9970700472003067,0.2862648674244377,interface
763,-0.0022905439643122923,0.0198153298236261,interface
764,0.0038106356130241355,0.0107261465021118,other
765,0.007842122572200088,0.0056401047312187,interface
766,0.001503961789855684,0.0052774099183654,immune_core
767,0.47831769776607125,0.1007648540047121,interface
768,0.001270528940093496,0.12491583215735,interface
769,0.0006049120780314354,0.0008167087047628,other
770,0.02903846638268815,0.0101506773528283,interface
771,2.924419626169207,1.1755655829856668,interface
772,0.005090551051371096,0.034212445409844,tumor_core
773,0.015923293543053448,0.0281416299345178,other
774,-0.12757085635616255,0.0386118612436575,interface
775,-0.006943624944359593,0.0079890652188006,other
776,0.0008350171267819654,0.0039535936856974,other
777,-0.004246501326629184,0.011544574246828,immune_core
778,0.00621825999284303,0.0069031363286271,other
779,-0.009420452947683806,0.0401244530299764,other
780,13.138779874035304,0.3062602858245976,interface
781,0.00033177849810354557,0.0038264189793438,other
782,0.0011765020281442105,0.0027206114107767,other
783,0.03618893228253924,0.0409894447532974,other
784,-0.010488102824671514,0.0054739959704106,other
785,0.030705048405069147,0.0173038009129521,immune_core
786,-7.868146362813087e-05,0.0028743047394284,other
787,0.05470242000453773,0.015723228827048,immune_core
788,-0.11691199517361005,0.0844700410348272,interface
789,0.012524409172562012,0.0133720797507338,other
790,0.0031419317163314557,0.0027588731594271,tumor_core
791,0.00022876189473746152,0.0003724531964092,other
792,-3.9462000019738355,0.3425232061121028,interface
793,0.14584281854008063,0.0194560083173343,interface
794,0.00256045695853958,0.0085793795976594,other
795,-3.3898492613557547,0.3356961220533471,interface
796,0.0009793317694748649,0.0042773192755492,other
797,0.11213987510211675,0.0391254732397104,interface
798,-0.017464293987296,0.0337518728909803,interface
799,0.0013647607572572474,0.0019960709685742,other
800,-0.7210294942398361,0.0534134293704627,immune_core
801,-6.744024459302637,0.5425202809654714,interface
802,0.1130922266361368,0.0565221239341804,interface
803,-0.0328220082785887,0.0136288951803137,other
804,0.000143387523197724,0.0017803136730167,other
805,0.17686859035989957,0.0555279977220386,interface
806,0.004917558503567631,0.0033696420488988,other
807,0.005473956080192846,0.0054536613745169,interface
808,0.02561994857216068,0.009142756491165,other
809,0.00030848688988871644,0.0115217396777837,interface
810,-0.013199725544859958,0.0336509647795266,interface
811,0.004685550493903089,0.0158416512538818,other
812,0.6464339186693158,0.2541705287815776,interface
813,0.5750557785614588,0.1880376101975617,interface
814,-0.00019335595065006348,0.0027231473474769,other
815,0.008747615390833734,0.0029732498012248,other
816,0.0001162955184273334,0.0002649625167063,other
817,0.0008213483910343713,0.0051077938569446,other
818,-0.018870489306998015,0.0319862615064725,interface
819,0.007088538505337738,0.0109575748567516,other
820,-0.0019669029892063097,0.0095304207509238,other
821,0.007311666028585026,0.0113882920419933,interface
822,0.0019109391746368882,0.0212389129803949,tumor_core
823,0.006565474300931375,0.0271857387336776,interface
824,0.03999992913738318,0.0510153583833104,interface
825,0.0767383122161625,0.0209770368781713,other
826,-0.006909814935139438,0.0212797912104934,interface
827,0.49934381275069684,0.1428875443433315,interface
828,0.004693873671921291,0.0034217417766213,other
829,0.0032210271172004278,0.0159390250174365,other
830,-0.20943441395516288,0.0097735721811846,other
831,0.0176853614926466,0.0092791507971548,interface
832,-1.5128168358778302,0.0054612088112168,immune_core
833,0.05393618378891208,0.0336168637968246,interface
834,-0.003318321734674823,0.0121518272308638,other
835,0.25712370552961644,0.0954755492022757,interface
836,-0.0009286077381350916,0.0073895197045285,other
837,3.630361976392716e-05,0.0014261174358837,other
838,-0.042315260245374575,0.0362489936790238,immune_core
839,7.379628923291385e-06,0.000102384764151,other
840,-0.019547186050511655,0.032840566536397,other
841,0.003179910479365398,0.0022023625081444,other
842,0.1430071074955835,0.0525283613173956,other
843,-0.28727117102229655,0.0542236315517551,interface
844,-0.002954106288655752,0.0098291171635521,other
845,-0.002321670294640533,0.0196763101409914,interface
846,0.00022780641302735369,0.0009812548443657,other
847,-1.0756349255038267,0.0710722553735972,other
848,0.0001139042657582677,0.000439113056078,other
849,-0.6947659882198232,0.2109533746879504,interface
850,-0.0075497556393618204,0.0144679786969344,interface
851,0.00031519526539707047,0.00249202698366,other
852,0.00010838852136050008,0.0002514341804565,other
853,6.908709383945163e-05,0.0003803846852697,other
854,-0.008883551615250063,0.0210350588564156,interface
855,1.297364823072406,0.117598718999689,interface
856,0.00031474100961973876,0.001368669854527,other
857,0.11656346979865216,0.0339181376198788,interface
858,1.0872028451072363e-05,0.0055715261220257,other
859,0.0018527578349597825,0.0038685561456097,other
860,-0.020088708506565613,0.0231156072886337,other
861,-0.0037375063893274013,0.0103385834859543,immune_core
862,-0.18278777216614456,0.1352739344535522,interface
863,-2.1441946166359416,0.2644673266626682,interface
864,-0.0032086492893638754,0.0085003267787057,other
865,0.00028604593269856656,0.0020958487130834,other
866,0.0002172295275029526,0.0005968257694993,other
867,0.02773625666436597,0.0205798394294267,interface
868,-0.0035296257962833706,0.1126775127698282,interface
869,-0.33949732585896464,0.1125404413255437,other
870,0.00043531922637002335,0.0015482259753422,other
871,0.014142580904231258,0.0179181444795053,other
872,-0.0024954343848319657,0.0106959891790042,interface
873,0.006842461569254602,0.0064601035155967,interface
874,0.0002520121807817831,0.0014046074624072,other
875,-0.0015173756748049418,0.0058709634194595,tumor_core
876,0.022050419292746558,0.0076850224470704,immune_core
877,0.0008451310653677796,0.0031768968564168,other
878,0.23144920010974557,0.0479292375021076,interface
879,0.025009955086656165,0.0192026989631005,interface
880,0.0009802842094225551,0.0024897046508179,other
881,0.09877063879405891,0.0303461896686919,interface
882,0.10556251253815058,0.019697131943186,interface
883,0.011392528568912976,0.0068666035927126,interface
884,-0.3025589982138891,0.0205334984613468,interface
885,-0.0006095475631859251,0.0034404278118365,other
886,0.0002673802482517674,0.0003025567787527,other
887,6.823616444218448e-05,0.0012447663246612,other
888,-4.6507222794412036e-05,0.0477971446274216,interface
889,0.003798283338435436,0.0067720052946181,other
890,-0.03180248105891558,0.024927371596958,interface
891,-0.05407232692406584,0.0443526064512143,other
892,-0.5776597526771892,0.1052754712716651,immune_core
893,-0.008757356501972511,0.0251551227069833,tumor_core
894,0.05394259667386005,0.0700095975177891,interface
895,-1.671808218704477,0.2218234644341762,interface
896,0.09652070852942521,0.0307651707605752,interface
897,0.0005555541220744119,0.0066254516252665,other
898,-8.702918726001785e-06,0.0021405880633304,other
899,-60.754347406046946,2.088378397796523,interface
900,0.0013860285863642398,0.0140462198632862,other
901,0.4533009600625711,0.0624539376029456,interface
902,0.0025105029372518147,0.0124695110285127,other
903,-0.12377780365593591,0.077804473860818,interface
904,-0.07059260917894308,0.1729206300292022,interface
905,0.0008784494657016061,0.0014348462287443,other
906,0.06515356368921632,0.0212435934502017,interface
907,-0.029663213426044943,0.0250228412895709,other
908,-0.1189437076670547,0.0986795068588636,interface
909,0.002272664025826386,0.0060885438933657,other
910,0.07115480667292706,0.0415521163214731,interface
911,9.594965980345667e-05,0.0023496708280484,interface
912,0.001233421173315181,0.0058742241851107,other
913,-0.10546902131255477,0.0828518187745583,immune_core
914,0.16740437495185978,0.0221705867810248,interface
915,0.19345840709194867,0.1047627977295723,interface
916,-0.002472982622727318,0.0149085427933781,interface
917,0.0022893737663800457,0.0043981235142509,interface
918,0.05706645565539374,0.0254758836801954,interface
919,0.01009634772339324,0.0207952016337755,interface
920,0.0034193227495796915,0.0024909115496939,other
921,2.5820276338851257e-05,0.0014426261275798,other
922,-0.000968935222251727,0.0179207712938742,tumor_core
923,6.978923477737374,0.3707144457968435,interface
924,-0.0037724572727414595,0.0217236559643978,interface
925,-0.004054029041039908,0.1138450984292334,interface
926,-0.01112179420934908,0.0699233861340078,interface
927,0.00011470961435823757,0.0025253454456446,other
928,0.03698742729076064,0.0367062994881563,other
929,0.0020940053777813395,0.0235781075242883,tumor_core
930,-0.000176338654153398,0.0027676107602722,other
931,-0.000894390609165424,0.0037047710141325,other
932,-0.0047668347373646495,0.0290488385630071,interface
933,0.0034467806016338716,0.0037924559598838,interface
934,0.037176989468285286,0.0177009929194741,other
935,6.738131761070298e-05,0.0007656021946798,other
936,-0.8955088412558769,0.2103186706340852,interface
937,0.0049655959391435595,0.0168096074968513,other
938,-2.1539107897594283,0.0162426271909887,interface
939,0.00608952366574903,0.0154176675660783,immune_core
940,-0.006532071242896509,0.020776052673014,interface
941,0.019695380753308768,0.0076689529373118,interface
942,0.006577870051050863,0.0439532829454379,interface
943,0.0011513750799157048,0.0069808060956944,other
944,-0.0037407858292378506,0.0197840420326363,other
945,0.0011975683626043005,0.0119058404018886,tumor_core
946,0.025183704254646753,0.0159559494274627,interface
947,0.09906147996662108,0.0899684497079341,interface
948,0.018109679080688355,0.027138466398504,interface
949,-0.2898721657334353,0.1085067624369661,immune_core
950,-0.12487697167222216,0.0751348129678037,interface
951,-0.004849929240170766,0.0036246040006858,interface
952,0.04121174306233706,0.022338684841083,immune_core
953,0.0006381510764984431,0.0036802115219439,other
954,0.00874957649161752,0.0174902818690624,interface
955,0.013635834017240282,0.0072270439069837,other
956,-0.42100690204115554,0.0090688864736127,immune_core
957,-0.004179625859598253,0.0234279390080584,tumor_core
958,0.12607627972610205,0.0634183148522642,other
959,0.03565794690472953,0.0395959481850887,other
960,0.010373417212087465,0.0857895788977257,interface
961,0.024888689654096418,0.0150655565138509,interface
962,-3.425731489976203,0.3949019977002493,immune_core
963,-4.503042826879732e-05,0.0035759266914654,interface
964,-0.00526262316009557,0.0212407253832095,other
965,0.4871206777170074,0.0441013605202753,interface
966,0.036525858369033125,0.0130212376225334,interface
967,0.04190710512653506,0.0391126724531928,interface
968,0.0015762136053790682,0.0045524693389177,other
969,3.6789163678918804e-05,0.0001799613800692,other
970,0.002682010168129045,0.0065680266582045,interface
971,-0.0005645773854650094,0.012092592301375,other
972,-0.22582430584024174,0.1368888028384939,interface
973,0.0002355935158474228,0.000859014650217,other
974,-0.005061932288457771,0.0096475471250434,other
975,0.00032387064210820913,0.0022779093344233,other
976,0.0009328164270005904,0.0065772893971994,other
977,9.05152516988324e-05,0.0019457261536291,other
978,-0.003919441692205184,0.0405926683141354,other
979,-2.2868409343222713,0.3097631483588219,interface
980,0.007274103737304809,0.0206282942075678,other
981,0.0049637032305729425,0.0120461747264547,other
982,0.0009495000719816967,0.0037697298589786,other
983,0.0209788060161677,0.0212965143641821,other
984,0.02370939418835305,0.2476654283911888,interface
985,0.0023537982937901405,0.0158868752047187,immune_core
986,-0.0030017982149244974,0.0201252576949626,other
987,0.00035315495402895366,0.0008737171793667,other
988,-1.3984946362491082,0.3639597362653246,tumor_core
989,-0.6293241823410107,0.2471561856676535,interface
990,0.0005675868434282246,0.0057321972730621,other
991,-0.0017518739490109186,0.004566435604135,other
992,-0.0030166311275111432,0.0051791254373961,other
993,0.009903577009343734,0.0144687707975468,interface
994,-0.3091695224496161,0.1296272959499796,interface
995,1.8410903054423895,0.1919780578217842,interface
996,-0.0005099180499602077,0.0510640175597052,interface
997,0.005637834532101947,0.0081436378261498,other
998,-0.0018661878559646657,0.018924101917125,other
999,-4.6761492777578776e-06,0.0010340627813935,other
1000,-1.5445443699800752,0.0472839877137573,other
1001,0.27160900217140416,0.093930496779348,interface
1002,0.0005082941472315024,0.0068551882082671,interface
1003,-0.256914409330453,0.0090861026325174,interface
1004,0.035050390611563474,0.0156526946434786,interface
1005,2.9892713483156417e-05,0.0071751526900495,other
1006,-0.0006790696894253986,0.0022121843572203,tumor_core
1007,0.0007746969025108745,0.0636745751126499,interface
1008,-0.18984103200577981,0.0712991814156249,interface
1009,0.0018897775799350967,0.0034526852571994,other
1010,-0.058718863484800064,0.0445880050178232,interface
1011,0.02056366805332123,0.0187775543200552,tumor_core
1012,0.0005829029219864038,0.0005430526386482,other
1013,0.018249953088707995,0.0327695188410856,other
1014,0.005865588723944725,0.0037573124408234,other
1015,-9.193314994777719,0.6871257959803128,interface
1016,-0.17803701997843577,0.0918207498959644,tumor_core
1017,-0.8395805305532659,0.0870221923917448,interface
1018,-0.00019070235562665744,0.0026354071315067,other
1019,0.0003907210287368627,0.0006082342510239,other
1020,-3.2997538844353773,0.1601474025191728,immune_core
1021,-2.382009307517036e-05,0.0047740688192978,other
1022,-0.1692955488863524,0.0038219537199744,interface
1023,-0.0058752477197350494,0.0097195803301672,other
1024,-0.11124161607774265,0.1063541207972747,immune_core
1025,-0.12646449819281674,0.0707648878512161,interface
1026,0.0006149693234894101,0.0069847970199002,other
1027,-0.2931933395299996,0.1914677361176857,interface
1028,-0.01684760193261814,0.0268915948130972,immune_core
1029,0.37994685252933647,0.1484269414516182,interface
1030,-0.03131344160427468,0.0411632573199127,interface
1031,0.002946839304876281,0.0433850917339063,other
1032,-0.049162066442720316,0.0626822310236159,interface
1033,3.857669248471224,0.2490399726963903,interface
1034,0.004562711535871051,0.0119205310955981,other
1035,-0.0045766909825939745,0.0187704470920099,other
1036,-0.000159537189916649,0.0059578286424919,other
1037,0.03686244356462878,0.0089136619130931,other
1038,-0.007243602211178989,0.0168481558654964,other
1039,0.04389552959052091,0.046584897280234,other
1040,0.0021704882988672672,0.0053357292974248,other
1041,0.0002025639946336124,0.0010770997474765,other
1042,-0.006918364287649621,0.0136293972121218,immune_core
1043,-0.01924102282392662,0.0206509470756932,tumor_core
1044,-0.00023439304622817694,0.0032501681170328,other
1045,2.9577813866661203e-05,0.000143663603184,other
1046,-0.07796528834884552,0.052194338544638,other
1047,0.0004302639103868373,0.0012822520076075,other
1048,1.5163700951029855,0.2683217940920125,interface
1049,-0.001400435294162266,0.0099282813065585,other
1050,-0.00694217990919862,0.0097290171113083,other
1051,0.5122133440138683,0.0624893584622,interface
1052,0.000323881322890626,0.0021369208398477,other
1053,0.011589161109077584,0.0101052108980514,interface
1054,-0.0708746490347921,0.0501236599066676,immune_core
1055,-2.1316637038546247e-05,0.0084136390733231,other
1056,-0.0023800162590299416,0.0163310212036781,other
1057,-0.0017595166457617171,0.0154734627953948,other
1058,0.011810363159798849,0.0087233802804844,other
1059,-0.0048033709941370205,0.0123517391043841,tumor_core
1060,0.0785182015393471,0.0331388493797242,interface
1061,0.059857225068230296,0.1123619678302922,other
1062,1.3828937715659335,0.0882051564318109,interface
1063,-0.031798411655361014,0.040145211738153,other
1064,-0.0062826481169854335,0.0292401109199365,interface
1065,-0.07853424222884364,0.0290681783784527,interface
1066,-0.0003635617895644682,0.0003933236221786,other
1067,-0.0003614743113073809,0.0104009520460655,tumor_core
1068,0.0030094240121334007,0.0051224407138017,other
1069,0.012680276828680701,0.0278499734735621,interface
1070,-0.09758753057351904,0.0299070442879429,other
1071,0.0019643272009572392,0.0018643646509777,tumor_core
1072,0.0026436084752167635,0.0037358764057398,other
1073,0.0038802186537126625,0.0043368275813237,other
1074,0.0038464638989503443,0.0126028920629684,tumor_core
1075,0.03337985003106498,0.019520194973554,interface
1076,0.009775480309520647,0.0164469061407681,immune_core
1077,-0.06772153001436972,0.0116604539256402,interface
1078,-0.26802899840024397,0.1646789710020779,other
1079,0.005829341217464751,0.0156312157236194,interface
1080,9.684921144117922e-05,0.0020153168953388,other
1081,0.000555169473212931,0.0010299089868918,other
1082,0.00026030428751273887,0.0035799189439024,other
1083,0.010594609589874876,0.111408001061311,interface
1084,-0.0001481675466295929,0.0032526390727303,other
1085,-0.18190897186847577,0.1364692066222917,interface
1086,-0.05135650200694255,0.0567688993789525,interface
1087,-0.7281883096790025,0.0617421291718101,other
1088,-0.03774953852385953,0.0354615432271364,immune_core
1089,-0.00911462409145741,0.0171220455351623,interface
1090,0.0002822366119479354,0.0009317645665098,other
1091,-0.01409431637935343,0.0384476062323629,interface
1092,0.06585040153206821,0.0282891075304498,interface
1093,-0.08107367092095254,0.0276704425194151,interface
1094,0.012837901806097814,0.0087462327938656,other
1095,-0.008751809161034305,0.0129622215346771,immune_core
1096,0.002531679121517622,0.0022273885603337,other
1097,0.02446104467827495,0.0073100039696272,other
1098,0.07447766737201512,0.0315491529144669,interface
1099,2.07931697793278,0.5089248507336855,interface
1100,0.006112156381546267,0.0080216707607095,interface
1101,0.00983396356948301,0.0072036522788694,other
1102,0.00036152385659928997,0.0085544728712876,other
1103,-0.9042302384822769,0.2415246836478063,interface
1104,-0.0007863394957262538,0.0181176995789638,tumor_core
1105,0.009817973268951329,0.0112131206907647,other
1106,-0.006022816954417871,0.0246711271018756,interface
1107,0.0008517828689462411,0.0037897659063091,other
1108,-0.0012161572529449044,0.0122038237408691,other
1109,0.02703622013531546,0.0165801643901167,interface
1110,-0.000195141817699827,0.0059103764529622,other
1111,-0.03421018254391865,0.0455263761695409,immune_core
1112,0.0028909857760276,0.0223519112571509,interface
1113,-0.00908218665307606,0.0009693587931483,interface
1114,-1.2282240175829733,0.3046398395163994,interface
1115,0.18865419598901886,0.0344995143025111,interface
1116,0.0018236214893172045,0.0140562028258297,interface
1117,0.00012831536193966324,0.0002707402739336,other
1118,0.0037672086932586304,0.010477422070103,other
1119,-0.0060190799977734265,0.0150305127168268,other
1120,0.09534829294888977,0.0217077161991027,interface
1121,-0.020491474590479467,0.0614262208016834,interface
1122,0.0048705474254836885,0.0230758335802471,interface
1123,0.28445568924661413,0.0510270684160818,immune_core
1124,5.299653769692574e-05,0.000587525530225,other
1125,3.518343179784633e-05,0.0003217626203348,other
1126,3.865631668997053e-05,0.0003473800409443,other
1127,-0.002182631804333179,0.0141170430749092,interface
1128,6.9165672293784505e-06,0.000610127744317,other
1129,-0.0010765840871164605,0.0097909886528359,other
1130,0.0039037961499657423,0.1367923262123757,interface
1131,0.0005531851522824893,0.002830697294585,other
1132,7.525537851092982e-05,0.0004709494646209,other
1133,0.0001330634806023626,0.0001742280601542,other
1134,2.6950407282828683,0.1365606853029662,interface
1135,-1.5616268218469016,0.1625687475450424,interface
1136,0.002009377113766487,0.0143241901921912,interface
1137,-0.04368950432580576,0.0086306413993128,interface
1138,0.00333076866842876,0.0050885261480877,other
1139,-0.016134287692964433,0.0365878318101203,immune_core
1140,0.006543987426972233,0.0243601346466634,interface
1141,0.12833780847468018,0.0703777376709172,interface
1142,0.02171795863021632,0.0077782167011796,other
1143,0.002957359311162874,0.0044489245245638,other
1144,0.001126481162858542,0.0040727911691524,other
1145,0.16371792358068937,0.1086801284459844,interface
1146,-44.21064230068805,1.6582617666897117,interface
1147,6.310991465295897,0.2879184989592632,interface
1148,0.05310987331935237,0.0264572872001915,other
1149,0.01080256246322718,0.0080921320086113,tumor_core
1150,-5.08173765824813,0.8002271781827343,interface
1151,0.007151533095114293,0.0100404930752809,interface
1152,0.07960184591160901,0.0465396946877908,other
1153,0.007140095915984163,0.0804498724748113,interface
1154,0.00022985680723267064,0.0012100184524914,other
1155,0.03792489296994475,0.0255940839989639,immune_core
1156,-0.0029094293483068693,0.0204016403870965,interface
1157,0.002827058239190045,0.0088499245668053,other
1158,0.13321113702054904,0.0145375420820221,other
1159,0.007485173462305113,0.0064986265052971,interface
1160,0.00013300210268753375,0.0005861721326341,other
1161,0.024332872291395444,0.0130370458108451,immune_core
1162,0.01839718725726124,0.0065981584195204,interface
1163,0.2377536013838083,0.0672717262382933,interface
1164,0.0003168088278300127,0.0005281277260184,other
1165,0.04326618669296756,0.0328635871251845,interface
1166,0.0655226570765772,0.0590185678424591,interface
1167,-0.04326813973207072,0.0032946497925004,other
1168,-0.00035593745611088107,0.0042261306672556,other
1169,-0.03670963710323872,0.0360833752321293,other
1170,0.0009640913177250466,0.0030780814109473,other
1171,-0.0001234599248610189,0.0018254792318659,other
1172,-0.1454627409698268,0.1006930368695393,interface
1173,-0.020837579190976393,0.0299385678421029,other
1174,0.000545409613024157,0.0013680771860216,other
1175,13.123621442898042,0.3930229900403052,interface
1176,0.0008419673658427608,0.008457534165802,interface
1177,0.005332796318613582,0.0047809319754107,other
1178,-3.71438609712297,0.4395128126548426,interface
1179,0.0048173063290899085,0.0053798555004162,other
1180,0.07084736820559928,0.0181013641938697,interface
1181,0.016799681133598903,0.0413517502250481,interface
1182,0.02243761593574445,0.0546422170182072,interface
1183,0.014397450142498285,0.0100750206486644,interface
1184,0.08711141422701013,0.1051838836276108,interface
1185,-23.45560885387735,1.0120154479281736,interface
1186,-0.0039011430154945186,0.0034493366517215,interface
1187,0.003821717637158808,0.0019532643360212,other
1188,0.0004952162563947556,0.0021986732451797,other
1189,0.008660664801955313,0.0112705971860458,other
1190,0.08981384774252262,0.050104207073879,interface
1191,3.8276174536187075,0.2023865355470838,interface
1192,-0.0001494944272866095,0.0034490872187364,other
1193,0.00020981589512173568,0.0005442679535961,other
1194,0.0037153306774200335,0.005250175569139,interface
1195,0.2880514522698741,0.0762477197523301,interface
1196,0.007997960590169845,0.0124560082249833,other
1197,0.0617578135977753,0.0385483101023093,interface
1198,-0.0011256630191775994,0.0115004978904051,other
1199,-0.010781578181977133,0.0298846301558383,other
1200,0.22013599512196722,0.0871018826672165,interface
1201,0.0002941447131591992,0.0030020705028218,other
1202,0.05618692540803852,0.0377132581175786,interface
1203,0.0018654675485920223,0.0021771527682092,other
1204,0.01614717215545674,0.0103304670906434,other
1205,-0.05715161836521629,0.0568867701302721,interface
1206,0.013346827060310368,0.0132549031820943,other
1207,0.00614551642894457,0.0072412898091994,tumor_core
1208,-0.0006628139858262088,0.0085855737552485,other
1209,0.005617722568449095,0.005371241432332,other
1210,2.219713517348255,0.3469636922729273,interface
1211,0.0010998445982100483,0.0009860181739257,other
1212,0.0013029929955046906,0.0144263013391346,tumor_core
1213,-0.004248723670998384,0.0190038704150129,other
1214,0.10336606067773668,0.0495583550233202,interface
1215,-0.007888245340057748,0.0111081289460585,other
1216,0.001090964387398216,0.002998162250418,interface
1217,0.0005800712752493586,0.0011769465916699,other
1218,-8.201002448895644e-05,0.0016358131767317,other
1219,-7.28645281832989e-05,0.0019650124362411,other
1220,-6.306564543786286e-05,0.0022959193748116,other
1221,0.049516138714619976,0.0203561628588265,interface
1222,-0.0017643988526164246,0.0079787003788433,other
1223,4.3908823825421984e-05,0.0002463460985907,other
1224,-0.0032727327255566247,0.0164153283985065,interface
1225,0.00821976167506748,0.0073666247431161,other
1226,0.0033943975024684,0.0037401756128841,interface
1227,0.012443783136333174,0.0174717148915931,other
1228,-0.005254115567377617,0.0340689983346122,other
1229,-0.0707895551138736,0.0582463083181559,interface
1230,0.00010819930839038351,0.0015856742840423,interface
1231,0.03571149016066512,0.0345089405356074,interface
1232,-0.027159180319427833,0.0765046839062239,interface
1233,2.5109277622004446e-05,0.000247354952296,other
1234,-0.01543164133581494,0.0036820705492508,other
1235,0.002179816035614722,0.0070268241982316,other
1236,0.003079493398762036,0.0158500910466266,tumor_core
1237,-0.00214122828815912,0.0254294230962022,other
1238,0.008494948396421911,0.0184127863353447,other
1239,0.006838325448534988,0.0101221955439035,other
1240,0.015505954038165851,0.006151286840653,interface
1241,-0.6224033870318247,0.2121448978760565,interface
1242,0.0065485020617202195,0.0050494495497612,interface
1243,-0.12225337616089046,0.0584743886765046,interface
1244,0.023317762163311412,0.0240114662790973,other
1245,0.006115034001139177,0.0060712740418616,interface
1246,0.00039145042491860014,0.0036999634749869,other
1247,3.4388801975532464,0.1350559387218244,interface
1248,0.084380530941938,0.0722170270611377,other
1249,5.640548068495914,0.2059920647643529,interface
1250,-0.04083716216265451,0.104619737793599,interface
1251,0.0016988798564361919,0.002470344905203,other
1252,-0.008644517583873575,0.0489981364642698,interface
1253,0.13180811988684307,0.0358261070578991,interface
1254,0.3652342388630868,0.0450033111111056,interface
1255,0.013440318722401406,0.0091139392169202,other
1256,-0.04600651775345826,0.0841505658861672,interface
1257,-9.605188907420379,1.2622728917749235,interface
1258,-0.0024803786427330587,0.0047133910369591,interface
1259,-0.5817412353771914,0.3744579043156469,interface
1260,1.9657482223678624,0.1652544483756117,interface
1261,-0.049954320010495226,0.0552418987101955,other
1262,-0.0014052614561635708,0.0060737145964097,other
1263,0.3521615997176348,0.1009237487124098,interface
1264,-0.3608437249179466,0.1719937923225794,interface
1265,1.5491817088990587,0.1190948103198171,other
1266,0.0319784022052543,0.0080159138399907,other
1267,0.0009854195776998508,0.0030188787218,other
1268,0.00023446003433614333,0.000649902721563,other
1269,-0.0038775763812107754,0.0222843797244076,interface
1270,-0.7566906091556329,0.2996559502350123,interface
1271,0.004697803854773882,0.002418728844909,interface
1272,0.06304548730543967,0.0196415705621482,interface
1273,0.02148750967159207,0.0081658491537236,other
1274,0.13467785373068603,0.0287737025985077,interface
1275,0.017384782236174078,0.0203911286539561,other
1276,0.07609671160359216,0.0142313234730945,interface
1277,-9.226097681659052e-05,0.0037779841193805,other
1278,0.05809945783327151,0.0546090175913134,interface
1279,-0.03781153743175709,0.0251222450849296,interface
1280,0.13710408842411773,0.0292182417783258,other
1281,-0.001139466206726567,0.0067579985854336,other
1282,0.0005424346457071742,0.0031590356642546,other
1283,0.0005416080604229937,0.0040932255548208,interface
1284,0.012742628297307825,0.0094418892818158,interface
1285,-0.08083307127512088,0.0688215933424227,interface
1286,-0.15809173840851104,0.2607795723421602,interface
1287,0.00011719185926309824,0.0005558274921855,other
1288,-0.024721533267373474,0.0339380942208188,interface
1289,0.13289164966556602,0.0868609449129437,interface
1290,-0.005741789123112539,0.0122657273893944,other
1291,-0.0009362970946137857,0.0039086837677559,other
1292,-0.0009863286990750674,0.0050130183781472,other
1293,1.6649540726388625,0.3528799587554371,interface
1294,0.15030408884923227,0.0227229349776248,interface
1295,0.005277013507847407,0.0026612182906073,other
1296,-0.001156274747663973,0.0106488549855707,other
1297,0.004428374319142198,0.0057206814195066,interface
1298,-0.009251818593974176,0.0165733112821322,other
1299,-3.09114239797216e-07,0.0014035438275205,other
1300,0.009124770169158329,0.0078179418263732,other
1301,0.0048611593887482735,0.0093120445090483,interface
1302,0.0007079640152578557,0.0048894217012301,other
1303,-1.2853971510515892e-05,0.0004798536883651,other
1304,0.1539155116650969,0.0261980548802719,interface
1305,-0.37435303025118816,0.034835259071354,immune_core
1306,-0.0018209706270310793,0.0132295344642215,immune_core
1307,-1.7463741001704993,0.4792131523393803,interface
1308,0.9963725425056726,0.4068157473507094,interface
1309,0.000477386018638515,0.0025174552625202,other
1310,0.0010682115326733808,0.0043569627319666,other
1311,-2.1454312841324042e-05,0.000602552265747,other
1312,0.0032701871388223828,0.008069882082832,tumor_core
1313,0.00125119800664544,0.004492931017239,other
1314,0.002191791881908327,0.0077100836870714,tumor_core
1315,0.04036001715290096,0.0800790297453689,interface
1316,0.013580398464577339,0.0147451206996114,interface
1317,2.281753101392887,0.2270138551145728,interface
1318,-0.001505166772310361,0.0069638557348727,other
1319,-0.7848127652010095,0.0645338063511573,other
1320,0.00011768813288355583,0.0004891743121969,tumor_core
1321,9.994035388367551e-06,0.0005807421138517,other
1322,0.004717669068740279,0.0048288149356153,other
1323,-0.005240404755356946,0.0430282083793934,interface
1324,0.0001875500019774397,0.0009633058171069,other
1325,0.011877149265786981,0.0264071377315603,interface
1326,-0.08300295501355777,0.0509455430158304,interface
1327,-0.001039759366452673,0.0016892928152429,other
1328,0.29961796306936145,0.0644057455347478,other
1329,0.40887036601876764,0.2432099465336326,interface
1330,0.001991719126748826,0.016409203549375,interface
1331,-0.0009341577876862328,0.0033235552883108,other
1332,0.15542731215829464,0.1960468206115589,interface
1333,0.04109113076895317,0.0536114559751547,other
1334,0.0020577523262292445,0.0093470052623544,other
1335,-0.07598955260754847,0.0956835824581012,interface
1336,0.01465639575979609,0.007255895023526,other
1337,0.0011026782306497865,0.0053053220330335,other
1338,0.03515665123762234,0.0557032248405138,interface
1339,-0.001855797768290334,0.0105558042527096,other
1340,-0.014940808123679006,0.0091937748875412,other
1341,0.006181763202649587,0.0057243282992111,other
1342,0.09760909026787565,0.0619565490237472,other
1343,4.6976920349137564e-05,0.0102572642822829,other
1344,0.31517877092940155,0.0514830872868312,interface
1345,-0.8905933608484349,0.4882103761444383,interface
1346,-0.03273009227385603,0.0367357396275874,immune_core
1347,-0.0215381487954105,0.0397461119611889,interface
1348,-0.3282633141992616,0.2307419133882211,interface
1349,-0.006816064969646444,0.011213885057758,other
1350,9.507467227839953e-05,0.0006387211370902,other
1351,0.037164888056250456,0.00790560541123,interface
1352,0.0006814491568480959,0.0040855593545591,other
1353,-0.009295846393323374,0.020340144144405,other
1354,0.03273868633126809,0.052017232051119,other
1355,3.007211747897581,0.1227791538424579,interface
1356,0.00562135760131139,0.0047868703280104,interface
1357,0.000916390999353228,0.0043226037827266,other
1358,0.0002623198741898412,0.0178952711640518,interface
1359,-0.02415337179390733,0.0611837146400016,interface
1360,0.12126544875258895,0.0335239312725955,interface
1361,0.07515223363216879,0.0406271460025521,other
1362,0.0029895489273914517,0.000808874647934,other
1363,0.001489698303083808,0.001744023635531,other
1364,-0.04441454635328168,0.061185044121995,other
1365,0.00016375500426460995,0.0004019029112157,other
1366,0.00012642390083119883,0.0005680886672693,other
1367,-0.0164473435611157,0.0034050417049047,other
1368,0.0009473097171769551,0.0027321056580936,tumor_core
1369,0.0013642779700027145,0.0007463291328083,other
1370,-0.01770363369517065,0.0350710345725146,immune_core
1371,0.007159398648077333,0.0049618761282879,interface
1372,0.0009822734165562117,0.0048056849056782,interface
1373,0.0008248681425835124,0.0069630682740674,interface
1374,0.019268579363686977,0.017716958959442,interface
1375,0.00011977047207615105,0.0031621285414456,other
1376,-0.33591970463377985,0.1141399904900671,immune_core
1377,0.2505250077475496,0.0954677086913702,interface
1378,0.062418177684671214,0.022845238625267,interface
1379,-4.191128121889372,1.6199320048932595,interface
1380,0.13336463029665027,0.1173434964221721,interface
1381,0.6156976202197432,0.176861869793419,interface
1382,-0.7202650757671923,0.1411258910965001,interface
1383,-3.3309617679740713,0.5784251887579833,interface
1384,-0.004995576581508083,0.032955758028849,interface
1385,0.04110142781919164,0.0327445773787548,interface
1386,-1.5524280103936001,0.2600514359232594,interface
1387,0.7480916774111399,0.1619118904973379,interface
1388,-0.24447745988166544,0.11286846502078,immune_core
1389,1.3947661999474126,0.1283341429717565,tumor_core
1390,0.005323809705726797,0.0123205763600691,interface
1391,-0.1048689069714206,0.1269525216838503,interface
1392,0.00746470922513023,0.0178885021789619,interface
1393,0.014135148044563799,0.0157780858400227,other
1394,0.10041193679685215,0.0474164004828566,interface
1395,0.026245154240979174,0.0186177838387567,other
1396,-0.0024836334786813925,0.0135457970768301,interface
1397,-0.7301807722550034,0.1718192650748036,interface
1398,0.0005072832190598977,0.003981273330349,other
1399,0.028622628833346563,0.0137292361149493,other
1400,-0.008690480190242152,0.0310779013986199,interface
1401,-0.0012433660689367783,0.0022035555680024,other
1402,0.001766547451330937,0.0665586032202385,interface
1403,0.3937294649196776,0.1598221069023503,interface
1404,-0.0007626683842937431,0.0098213489304601,immune_core
1405,-0.0011655728340797845,0.0036739184895022,interface
1406,0.001106749905339055,0.0035159033675521,other
1407,0.006351576898363615,0.0169502864390519,interface
1408,0.016285318159521948,0.0150271642847508,other
1409,0.004046477398475912,0.0056099967856313,other
1410,-0.019224519960809584,0.0264671124950967,tumor_core
1411,0.02533655300583405,0.0105857866644622,other
1412,-2.882343167861188,0.3328823753550514,interface
1413,0.0007783565463671972,0.0105706728688227,interface
1414,0.006361336804220731,0.0148328202328296,tumor_core
1415,-0.00018293165102136152,0.0016338631205756,other
1416,0.0001559726381109333,0.000653159166874,other
1417,0.005548044519304417,0.0128715351359242,other
1418,-0.1955032727698185,0.0626708893885069,other
1419,-0.0012718543588602347,0.0073525715389805,other
1420,0.0032766538806783957,0.0145065323983244,immune_core
1421,0.005496594113094482,0.0235572948938426,tumor_core
1422,0.152709172032443,0.0609980987252937,interface
1423,0.0003984950402895588,0.0079429400705439,other
1424,-0.000945873363551378,0.0107069722482371,tumor_core
1425,0.007083895447213705,0.0073544437112617,other
1426,0.12749173811778203,0.0554460019864989,interface
1427,0.0027586951568606,0.0050802767971476,other
1428,0.06346515824970284,0.0274543094778923,interface
1429,7.374252036977051e-05,0.0002186425986955,other
1430,0.00034825027099852113,0.0016175514450695,other
1431,0.011168142102261577,0.0088065123847262,other
1432,-0.06700605846229363,0.057839777387612,immune_core
1433,0.00347387939455067,0.0423266186618814,interface
1434,0.012517582289076432,0.011346021283402,interface
1435,0.000500855367072727,0.00903932943462,other
1436,-6.650635863237686e-05,0.0015785769213958,other
1437,0.012260611202513831,0.0089480493999531,other
1438,-0.1936170695892257,0.0103336712660303,interface
1439,-0.17822313183005836,0.0691578314653174,interface
1440,0.023981708330475887,0.0469971338382923,interface
1441,-0.975706962640826,0.3603908760908205,interface
1442,0.03428083626995406,0.0128757256359379,interface
1443,-0.010510352297497444,0.0319700467168282,interface
1444,0.03186701840448921,0.0163760353888186,other
1445,-0.009358172646284,0.0227115755392916,other
1446,0.005141949685204747,0.0060142585590422,tumor_core
1447,0.013658990765188329,0.012659859765004,other
1448,-1.0376591327069304,0.2262372159640172,interface
1449,0.000182413731361407,0.0018506069754611,other
1450,0.019295061576324678,0.0061830909535183,other
1451,0.01098731961698891,0.0115327020581317,other
1452,0.0005875392912277507,0.0062835180322045,other
1453,-0.04554475093477275,0.0499906441990128,immune_core
1454,0.0034180266810923143,0.0060160363922653,interface
1455,0.001772050881205455,0.0100271517570882,other
1456,0.0004120497200752125,0.0015648210749556,other
1457,0.0010529609210031847,0.003350183016849,other
1458,0.01686227974355407,0.0153389741409314,other
1459,0.0016942821614671388,0.0396751823596276,interface
1460,0.0005485658507121731,0.0007787334622495,other
1461,0.0014441991762825835,0.0059942318702718,other
1462,-0.16614376963250518,0.1274942804319295,interface
1463,0.007604856778294089,0.014439102580147,immune_core
1464,0.0010717214489152534,0.0036227738057337,other
1465,-0.03439833088282123,0.0584560482936348,other
1466,3.237174281474229e-05,0.0004011914123791,other
1467,-0.013114742258746006,0.0206845185342308,other
1468,-0.003016982115677621,0.0088509916091949,other
1469,0.0016709657999271548,0.0041368906346067,other
1470,-0.147438025495634,0.0286662649027603,interface
1471,0.009559080888897079,0.0212241857961141,other
1472,-0.07928207842541295,0.0164013106048005,interface
1473,0.08606440785070535,0.0929694855682902,interface
1474,-0.00014574481580415723,0.0051959461604019,other
1475,0.007981352466484546,0.0092851855711376,other
1476,-0.029989782227783448,0.0317873373755741,interface
1477,0.2430966738115813,0.141444979643622,interface
1478,0.13554777380284388,0.1080586823489428,interface
1479,0.016849773638218546,0.0400069416522138,interface
1480,0.013743793775855726,0.0281635918948107,interface
1481,-0.9551309685822162,0.6755437255378531,other
1482,-0.07533472618978036,0.1825630949043798,interface
1483,0.14298309760625844,0.0496613432927443,interface
1484,0.08821217532145244,0.0307508035292504,interface
1485,0.03263816391782653,0.0351820534673278,other
1486,0.000636256019865913,0.0014404167895194,other
1487,7.994303039537975e-05,0.0007324749149906,other
1488,0.0268447064788373,0.0225609562204967,immune_core
1489,0.017800416256315336,0.0173666737152906,interface
1490,0.001991896838678491,0.0146618754832982,interface
1491,-0.015620932019986718,0.034302368538687,interface
1492,0.19873673038503034,0.0642064492878748,interface
1493,0.07522709649924364,0.029792666642746,tumor_core
1494,-0.027127296336308466,0.0235851192379372,interface
1495,0.1711482933577905,0.0404314535546462,interface
1496,0.7236590774868087,0.034056983058598,interface
1497,-0.012404787738071212,0.0200443199368171,other
1498,0.004026088102843512,0.0099239842744376,other
1499,0.011127541523231851,0.0103536796115314,interface
1500,0.148679849185326,0.0907877285101566,interface
1501,0.00042997104295561104,0.0080641026362087,other
1502,0.00011707844456043753,0.0004852293315431,other
1503,-0.007843254421654023,0.032502511044699,other
1504,-0.0001545102781775597,0.0069326647427497,other
1505,-0.0032246763891398194,0.0068135577088993,tumor_core
1506,1.766887751821127,0.120054496263071,interface
1507,0.0005419168505766094,0.0009437773253728,other
1508,0.006861235357163467,0.0153703831725868,other
1509,0.004116011393523889,0.0071282062739971,other
1510,0.0005016303851796127,0.001601492627852,other
1511,0.03356912196335253,0.0179110824070537,other
1512,0.00039185907850004895,0.0097580656654706,interface
1513,0.060268950535293034,0.0385140019485243,other
1514,0.005494080052183596,0.0294493034918781,interface
1515,-0.03416941676662253,0.0361805341373155,tumor_core
1516,0.05604908832991319,0.0234182952718756,other
1517,0.006911825462198932,0.0063237212812396,other
1518,-0.021620569283447588,0.0277739100318538,interface
1519,-0.0002968457139469806,0.0008755268605741,other
1520,1.0708723179529431,0.1295974094451195,interface
1521,0.006312600080905661,0.0055361704782082,other
1522,0.003662043024677199,0.001669388396404,other
1523,0.3141482496542262,0.0509986215213361,immune_core
1524,0.21512629002864822,0.0459848655196431,interface
1525,-0.4511187373716792,0.134353515271781,interface
1526,-0.02245368026764089,0.0274363877199538,other
1527,0.00022325766985337598,0.0014342173208543,other
1528,0.0004454077612168708,0.0225905533413586,other
1529,0.00679834285303918,0.015128047004611,other
1530,0.00189082841499113,0.0787772221519428,interface
1531,0.06180055754708161,0.1761355134453334,interface
1532,0.012259758133216017,0.0110035681835852,other
1533,-0.19077508532422707,0.0717871403521028,other
1534,-0.0012709140926045837,0.0066184343346511,other
1535,0.0015050264846357237,0.0019645915537069,other
1536,9.77891086345679e-06,0.0004736806625267,other
1537,-28.25760339137691,1.1259619948213964,interface
1538,0.02726472725001483,0.0197182878212429,interface
1539,0.00025120133471583236,0.0019174304890697,other
1540,0.05132641258930826,0.0241893367176578,interface
1541,0.3510389458535598,0.0515442499207321,interface
1542,0.15148056963173842,0.0274189817985903,interface
1543,0.0007310991705773575,0.0034520889665028,other
1544,-0.00034285092852939797,0.0008683273771019,other
1545,-0.002096749495615402,0.0085944501175298,interface
1546,0.10098699014250942,0.0259953541989842,interface
1547,0.0013407498279810162,0.0268863985421711,other
1548,0.021799455951992435,0.0086827299875851,other
1549,-0.04002774381612688,0.0235680284767123,interface
1550,0.055877998634499715,0.0171918771921732,interface
1551,0.0012826770452685546,0.0050067680356947,other
1552,-0.010505773870162887,0.0184196151277004,interface
1553,0.08503648234891764,0.0783387827537532,interface
1554,-0.0019107602710451861,0.0073168338199116,other
1555,0.0026503875481007338,0.0013474443347108,interface
1556,0.00010048184831227102,0.0010150958544939,interface
1557,-0.016769534768575293,0.0305021282399534,interface
1558,2.0279608182654253e-05,0.0001441761371407,other
1559,-0.005585620874770368,0.0082248965817002,other
1560,0.0005933864576757246,0.0020536164933855,other
1561,-0.04646997158947317,0.0595313825945132,interface
1562,0.002951571340778312,0.1149693967017642,interface
1563,0.15773270205843926,0.0606119556822582,interface
1564,5.8516083591651084e-05,0.0003784980313108,other
1565,0.023465460021611484,0.0181619471132951,other
1566,-0.026924225807068478,0.0334630568580521,other
1567,0.01029781381645311,0.0110151683824598,interface
1568,-0.5126754400105211,0.1778756150303539,interface
1569,0.4800447770771472,0.040722608279661,interface
1570,0.019318217387754577,0.0689904861237033,interface
1571,2.0005166496234104,0.2272558202831961,interface
1572,-0.11679954695241149,0.0691315951725951,interface
1573,-0.031260693135486094,0.0407777485769361,interface
1574,-0.000847323909630674,0.0044057594991129,other
1575,0.0046909686201178375,0.0104314118358969,interface
1576,-0.4138618973873164,0.2136524529230185,interface
1577,1.4306222837210831,0.2051984881164221,interface
1578,0.012410530039829929,0.012868665592086,interface
1579,7.921324938181545e-05,0.0001750559906336,other
1580,-0.025237641883437585,0.0242250561622285,immune_core
1581,0.00038134188136129546,0.0012574678811167,interface
1582,0.001801419198527948,0.0031732900851842,other
1583,0.00037151162258371347,0.0027406322922402,other
1584,0.0004269522467075335,0.0013036987758817,other
1585,0.19124576585962808,0.0645764378787158,interface
1586,0.00013305981861089512,0.0001784443602383,other
1587,-0.013858826112624805,0.0166605894365824,other
1588,0.0006976937283096152,0.0038880637653277,other
1589,0.08651410746400581,0.0196948227499236,interface
1590,0.0015700630677982566,0.0035744770375156,other
1591,-0.0021016208678786125,0.0259118895407301,other
1592,7.531159264299273e-05,0.0012456452090047,other
1593,0.0009749052133793379,0.0022060361643207,tumor_core
1594,-0.5044744942240864,0.0356246226267519,interface
1595,0.02731833779281712,0.0114520217740315,interface
1596,-2.4072468942961783e-07,0.0001860601548518,other
1597,3.0745030120494095,0.0985944144478563,interface
1598,-0.37930647169329057,0.1434416860056173,interface
1599,0.006069991139151697,0.0194319440108231,other
1600,-0.030125238332707156,0.0310174069194539,interface
1601,0.0009432738576906999,0.0069474943231152,other
1602,0.0018886095286166317,0.0046912329888492,other
1603,7.783112212236453e-05,0.0004807525453144,other
1604,0.3335591009117044,0.0302655103779388,interface
1605,5.193951302706756e-05,0.0004038477078736,other
1606,-0.0018172505872484724,0.0101120155672027,interface
1607,0.005183568838110296,0.0383132904449734,interface
1608,0.012250319598076105,0.0502737258086381,interface
1609,-0.014203803745940592,0.130912683420742,other
1610,-0.003595096198131619,0.0293843640086157,other
1611,-0.0018865312397215487,0.021082997159617,interface
1612,0.0010614708929178088,0.0010522820659102,other
1613,0.10894340680859606,0.0397200652979758,immune_core
1614,0.005420031499243911,0.0057313076125711,other
1615,0.0010363090387005092,0.0009601041793615,other
1616,-0.0690736489703126,0.0748761304464676,interface
1617,-0.0011357254327392682,0.0091208859213701,interface
1618,0.0013132884893430948,0.0026382363801951,other
1619,-0.0005934494901767267,0.0017712843830477,other
1620,-0.2890532739813455,0.1415699929542865,immune_core
1621,0.5795383165915616,0.0909499832677286,interface
1622,-0.053758603224325976,0.0583639363285478,interface
1623,-7.240103516449762e-05,0.0043295482617843,other
1624,1.0675959796562222e-05,0.0001087203429449,other
1625,-0.005463050435285959,0.0196726042315765,other
1626,0.13081842442856156,0.0495721877214209,interface
1627,0.0015882629681331722,0.0029946653022817,interface
1628,-0.010680798600297359,0.0100935822567134,interface
1629,-0.02325377998000431,0.0319953444046789,immune_core
1630,-0.0016757941545824254,0.0064912015729544,interface
1631,-0.2117399509314842,0.0810787876854409,immune_core
1632,0.00026160837923847133,0.0055621866447605,interface
1633,-0.018426388606001425,0.0222814611438911,other
1634,-0.0007835651640466844,0.0094677043181049,interface
1635,12.410565212130118,0.3133461984948717,interface
1636,7.629934828117376,0.2649218844072652,interface
1637,0.9522932971663685,0.3101402514363781,interface
1638,0.00014952584825660598,0.0208857006153585,tumor_core
1639,0.355523759797996,0.0590683006191056,interface
1640,0.19349625800460504,0.063511809752652,interface
1641,-0.1267132771661476,0.4485174767679403,immune_core
1642,0.0002446649491967032,0.0003029127634974,other
1643,4.334628142904656e-06,0.0004363304874244,other
1644,0.001139377511282518,0.0073784256808133,other
1645,0.0028296336986966143,0.0097164739799168,interface
1646,-0.0013834816400248016,0.0056132669932027,other
1647,0.0013372376256168966,0.005540898292509,other
1648,-0.011758971859647405,0.1038824256072041,interface
1649,0.011920991768959131,0.0160270998893682,interface
1650,-0.14813806402208332,0.1361588571008538,interface
1651,0.09345450425039253,0.0749945710829989,interface
1652,-1.129252355759948,0.249608607765304,interface
1653,0.0009022249604858135,0.0012384236031819,other
1654,0.0007078077414832794,0.002506953005558,interface
1655,0.03735375590067563,0.0240049511130493,interface
1656,0.00772889992139847,0.0085550994006315,interface
1657,-0.06158587467653262,0.2187890459410459,interface
1658,-2.8557254193039134,0.4622842990938338,interface
1659,-0.002254699517401633,0.0046164261049295,other
1660,0.000507156190934959,0.0014649744892421,other
1661,-0.017732661469495557,0.1636706826637629,interface
1662,0.00011755498306957275,0.0035492821091014,interface
1663,0.06796480258486493,0.5383478686981129,interface
1664,0.1348188640364111,0.0522249643785232,other
1665,0.0026031758483303575,0.0070549984480523,other
1666,-0.00872344551615498,0.0450499934940757,interface
1667,2.2245273087387767e-05,0.0012849097586724,other
1668,-0.00023358779406568132,0.006410752862216,other
1669,-0.0020709287597461042,0.0135241367887189,interface
1670,-0.0002931759991974279,0.023806773531681,interface
1671,0.0006698734209624151,0.0008166291489075,other
1672,-0.00011946957174961164,0.0022722027080999,other
1673,0.12442733153524341,0.0647818766808678,other
1674,-0.07367298609826495,0.0786951742760718,interface
1675,-0.029020261730015012,0.0341157120124749,interface
1676,-0.0003536649472626452,0.0048458077167081,other
1677,0.04177456079149891,0.0158549256698139,interface
1678,0.011878450630269087,0.0104409176118608,other
1679,0.7572749654944609,0.1813154383598702,interface
1680,0.009717712646384973,0.008748830684288,interface
1681,0.012036614800773397,0.0219091125693227,interface
1682,0.04400094628865463,0.0068106188692801,interface
1683,0.0002556058218375296,0.0010154973865178,other
1684,6.25741513258507,0.5883174525263424,interface
1685,0.4843004688869884,0.0950937949273448,interface
1686,-0.016969749287277933,0.0259153999163543,immune_core
1687,0.0005045155683851812,0.0072201435648875,interface
1688,0.11311642175307055,0.0718862789539691,interface
1689,-53.231652588903,2.5100802596886567,interface
1690,-0.0036185142143581386,0.0260764165638001,interface
1691,-0.0017227084161389446,0.0068520203476408,other
1692,0.054072176173591856,0.0435932078487803,interface
1693,-0.006354139265620874,0.0154627928650951,tumor_core
1694,0.1972963415129611,0.0292019194496687,interface
1695,-0.13568723538462094,0.0896045343461934,interface
1696,-0.010015252794762832,0.0264954946141018,interface
1697,0.2539802521596073,0.0957972373650467,interface
1698,-0.0015864777747023916,0.0097442299278377,other
1699,-7.165718056447982,0.6040238252369232,interface
1700,4.3896877294684415,0.2526053349467447,interface
1701,0.03036915293302623,0.0049983154990036,interface
1702,0.021077278943994422,0.0116656429181605,interface
1703,-0.004059079397210389,0.0206316923775961,other
1704,1.4800772917619467,0.3630145386864238,interface
1705,0.0009894929077989105,0.004971978922478,tumor_core
1706,-0.009280515569167085,0.0496208959040404,immune_core
1707,0.0017104868533608711,0.0079661875390464,other
1708,0.000547246772851046,0.0009372392796027,other
1709,0.1279889208432066,0.0581662815532594,interface
1710,0.1020909186060555,0.0578479695842932,other
1711,-0.007490384760545974,0.0238922261013405,interface
1712,0.005412685812386746,0.0025697744943111,other
1713,0.0008400881433313502,0.0005822112657511,other
1714,0.24459203486547293,0.1527288807203835,interface
1715,0.48522637975830196,0.0706815493039509,interface
1716,0.0025867362989476306,0.0199705057852175,other
1717,0.13149792467252072,0.0476074478215773,interface
1718,-0.05904924838161307,0.0095753144947197,other
1719,3.6210809353987945,0.2686232615252294,interface
1720,-0.47709602025892783,0.0023902213464927,interface
1721,0.06803424084588273,0.0092918230332898,interface
1722,0.017499411940396652,0.0369485031582519,interface
1723,-0.3517024484952629,0.1026066151216509,interface
1724,-0.28604876000579116,0.0113160360145738,interface
1725,0.007052954535074267,0.0087659162186813,other
1726,0.04172579884956764,0.0386721353421677,interface
1727,0.0048401443507448075,0.0037983373347775,other
1728,0.0006510953388350335,0.0034599743958614,tumor_core
1729,-0.931604211037322,0.2104229785734409,interface
1730,0.011105364803412135,0.055983522165623,interface
1731,0.000899197813678738,0.0022420425837908,other
1732,0.004254237376765094,0.0079126733990958,other
1733,0.0007140811014425059,0.0010780446004884,other
1734,-0.05981282127921189,0.0580163224206624,interface
1735,-0.06783036190273943,0.0100716281550672,immune_core
1736,0.4654184038502255,0.0708816813179576,other
1737,-0.0902642360222304,0.0566294687110249,tumor_core
1738,0.015187799192116982,0.0175013481103549,tumor_core
1739,0.0003498192243889039,0.0016871996846217,other
1740,0.023358107476688053,0.0284321763757095,interface
1741,0.5769774718849224,0.1158779275094403,interface
1742,0.0007999018568934373,0.0124210440639705,other
1743,0.0005077899873321416,0.0010516618473838,other
1744,0.018588561534880314,0.0233177298148212,other
1745,-10.39884120296467,0.6035116699827427,interface
1746,0.0003480003499776158,0.0049989702655868,interface
1747,1.1527370595424336,0.2502947908579589,interface
1748,-0.0007430865595020035,0.0083150384691782,tumor_core
1749,0.0008006427225063918,0.0026828932893152,other
1750,0.020404957051778305,0.0177941671706918,immune_core
1751,0.05590007409148726,0.0312946771896089,immune_core
1752,0.0007258863178288323,0.0028853380568992,tumor_core
1753,-0.004407871252781092,0.0183826606962372,immune_core
1754,0.00018095190613764985,0.0011457395406523,tumor_core
1755,0.0003653744148885676,0.0006055157174907,other
1756,0.00030456573230434246,0.0014987736879408,other
1757,0.014335394802149575,0.0059228576261229,other
1758,-0.07990556900103826,0.1267193331943262,interface
1759,-13.244552545671596,0.8281718672091428,interface
1760,-0.001063008537149314,0.004878905636354,tumor_core
1761,-0.011255574664581276,0.0167701584648463,interface
1762,0.01002344252472348,0.0048911424640209,interface
1763,1.830669512594308,0.1386680563127026,interface
1764,0.000344630906040667,0.0008541813077064,other
1765,0.02690388115250137,0.01650417171673,interface
1766,0.0020025453699641306,0.0047640917841124,other
1767,-0.12384170331879357,0.0529355208561306,immune_core
1768,0.0005427469960120519,0.008157364208888,tumor_core
1769,1.5935237090140377,0.1584448927037738,interface
1770,0.0004739837572803364,0.0040045251171731,other
1771,-0.009087592188906573,0.0524419934518461,immune_core
1772,-0.013887384496203886,0.0273181936899442,interface
1773,0.02064205739676646,0.0064686342840826,other
1774,0.5009757442933769,0.1225902311231268,interface
1775,0.09497293522382699,0.0835678779364316,interface
1776,0.004214879184238815,0.0139377972193947,other
1777,3.380387777421747e-05,0.0043621292093916,other
1778,0.7596803001895214,0.3954395134417294,other
1779,0.0004218281209201291,0.0043073006774111,other
1780,-0.10322297692695905,0.106918279541335,interface
1781,0.015827110879295513,0.0131794778551466,immune_core
1782,-0.023348032561977868,0.0197314763170764,other
1783,-0.14637018544209165,0.0656094174912296,immune_core
1784,0.03178007752147021,0.0414618107111008,interface
1785,-0.009977768856474702,0.0151603471336924,other
1786,0.00309058566410549,0.0090681024651342,immune_core
1787,0.004794497347893624,0.0036910240349562,interface
1788,0.07081141025546503,0.0144503592996775,other
1789,-0.00035503682777383866,0.0025977810039877,other
1790,-0.00620441963233757,0.0164330862416021,other
1791,0.02939051501247719,0.0062743745646545,tumor_core
1792,0.003561505039168941,0.0050264139131417,other
1793,-2.5844110497365147,0.3223508102820911,interface
1794,-0.32394654402230605,0.0161886303147062,interface
1795,0.0005130713061170768,0.001329488227341,other
1796,0.034574353949018394,0.014040314598898,other
1797,-0.004369135252383591,0.0586232380231576,interface
1798,0.16371133935391297,0.2890420416830793,interface
1799,0.017886695324357976,0.0398155492756406,other
1800,0.03926105886740296,0.0218952535846044,interface
1801,0.04534316707987303,0.0257191890116047,interface
1802,-0.006012041825865722,0.0043811450757586,other
1803,0.00029618061371908787,0.0012093132011075,other
1804,0.010639927374925997,0.0055305986481606,other
1805,9.975131903644874e-06,0.0001049843892159,other
1806,0.029996994052629844,0.0353030735646237,other
1807,0.0013665717706608626,0.0019865833958356,other
1808,0.026517058560628325,0.0308120974559337,interface
1809,0.18145902761353272,0.0561201298601829,other
1810,-0.04568234076885888,0.0561255492894362,other
1811,-5.854115967909599e-05,0.0025389042215532,other
1812,0.006646906096986739,0.047172366217229,interface
1813,0.0004082820232267166,0.0120820051913105,other
1814,0.0036229626041986564,0.0078837079567852,other
1815,0.18962078528546927,0.0205988035008407,interface
1816,0.4142570660226659,0.1574767440072061,other
1817,0.00352158121101662,0.005929816127258,other
1818,-6.524332307973937e-05,0.0009487302994242,other
1819,0.5907056232909256,0.0700630108489513,immune_core
1820,0.022267282934733505,0.0128348291449776,immune_core
1821,0.0006176815816873503,0.0055120722753114,other
1822,-0.0006330899488264474,0.0119846268673165,other
1823,0.012154335867150545,0.0060678698063459,tumor_core
1824,-0.007672824356791223,0.0332766054738118,interface
1825,-0.04406240301521869,0.0519838265893957,other
1826,-0.02212130738475031,0.0263502329888739,immune_core
1827,0.016753472539145955,0.0216683426180826,other
1828,0.0200372398535804,0.0185336197958809,interface
1829,-0.014307835024075604,0.0219400695484898,immune_core
1830,0.004454530103582856,0.0090180347365239,other
1831,0.02402608463984068,0.03992426287553,interface
1832,3.2697978445798537,0.5026037977868587,interface
1833,-0.18817454065846861,0.0815581131312304,interface
1834,-0.037219736259615235,0.0662363385571072,interface
1835,0.011307386339594905,0.0092460197197573,interface
1836,-0.2871763828210564,0.1834118144278908,interface
1837,0.000474293826440451,0.0091921863412413,interface
1838,-20.657214660104884,1.9619470605114808,interface
1839,0.00040936401648027727,0.0009490936788885,other
1840,-1.1211834957359678e-06,0.0002305926361701,other
1841,-0.00022543273773582362,0.0019226397928635,other
1842,0.008524599436292395,0.0106141476915156,other
1843,0.005587633615438,0.0032930378389463,interface
1844,0.8836687741265121,0.0910427956860458,other
1845,0.004692492553584007,0.0226685186618794,immune_core
1846,-0.13057928648783576,0.1040648790734945,other
1847,-0.0005276787978149846,0.0039903263094787,other
1848,0.0004706794595007231,0.0030099519371441,tumor_core
1849,0.0037913508861918952,0.0310151096651235,interface
1850,0.0001558267345809051,0.0021906395866573,other
1851,0.21523999822401707,0.0287047766984316,interface
1852,4.881694622972168e-05,0.001228625028436,other
1853,0.09519614788728692,0.0587948003351299,interface
1854,0.683607062552534,0.0908336314627091,interface
1855,0.0011796807566006333,0.0040882977407003,other
1856,0.008040909523409127,0.0100217358686972,other
1857,-1.1937378573191373,0.1282791561078336,interface
1858,-0.000209349720262725,0.0042159125001146,other
1859,-0.004875638204298168,0.0327201039044673,immune_core
1860,-0.004259781855807659,0.0229076406836516,interface
1861,0.0666122547981871,0.026542223949852,interface
1862,0.014903103778938012,0.0162109468856929,other
1863,5.724205587829606e-05,0.0003097206502425,other
1864,-0.0022970683524654043,0.0081249185858724,immune_core
1865,-0.002098201066743195,0.00554231072123,other
1866,-0.0017265824228418856,0.007354923976691,other
1867,0.03257332470889528,0.0124758968937332,interface
1868,-0.006190445171460361,0.0136987063695484,interface
1869,0.0014631705207084622,0.0178584756796071,interface
1870,0.0022056939778902613,0.0018351786923054,other
1871,0.00890721490167587,0.0120894086748838,interface
1872,0.05628002856540851,0.008567165781114,other
1873,0.019923212094388847,0.0477759970221959,interface
1874,0.0007493636977795267,0.0046430273672435,other
1875,-0.011441844808767851,0.004218219124745,other
1876,0.009631778711672798,0.0117671260314998,tumor_core
1877,0.004378521757487076,0.0049600334907545,other
1878,-7.194133808678671,0.7109456917847193,interface
1879,-0.7411709771838371,0.1829207220135729,interface
1880,-0.002009184779323119,0.0072752796929951,interface
1881,2.062360581079879,0.2232790092766735,interface
1882,8.583433698568582e-06,0.0005632540735266,other
1883,0.022740613225680828,0.0302371197888841,tumor_core
1884,0.00019055399697505678,0.0016783221953654,other
1885,-0.3909888271070729,0.1044081263265629,interface
1886,-0.00046298833241113,0.0148478955048033,other
1887,11.157373626053381,0.6425492857273846,interface
1888,0.017466391789140417,0.0216642391774508,interface
1889,-0.005919879168392947,0.046770064159099,interface
1890,0.0011359926758289069,0.0016834254621585,other
1891,0.0016721702193859278,0.0042409768079994,interface
1892,-0.10264299767190493,0.047222194315273,interface
1893,0.0019418130830706336,0.0041384524548705,other
1894,-0.01968784405428996,0.0750281715719259,interface
1895,0.04076140974213705,0.027600298771387,interface
1896,0.006163809062587431,0.0041893543658837,interface
1897,0.004757147568310413,0.0090008232433998,immune_core
1898,0.015432721355940461,0.0138418916369207,other
1899,0.0028148677781879737,0.0137382545142767,other
1900,0.09278684971868682,0.074572147804737,interface
1901,0.12148168822137226,0.0482054899369617,immune_core
1902,-0.003427949393223162,0.000690289318473,other
1903,-2.911678875098229e-05,0.0039753143906677,other
1904,0.0019086199088653808,0.0044958757073569,other
1905,0.0014291192136883669,0.0069853353215604,tumor_core
1906,0.0017818644799903196,0.0026222493974048,other
1907,1.7675422628270143,0.2084172679592454,interface
1908,-0.27581125220856373,0.1601326365476004,interface
1909,-0.11540575913660135,0.0717333503455538,interface
1910,0.007160559898827367,0.0206569858674353,other
1911,0.001256037036762934,0.0060667414931896,other
1912,-0.19876283204102768,0.0842618086370837,interface
1913,0.03530100143893452,0.0900764898802123,interface
1914,-59.08260046087791,1.8064573583706225,immune_core
1915,-0.002518770910856902,0.0032880604159444,tumor_core
1916,-6.0417009995117196e-05,0.0018991108706929,other
1917,0.005442112136369179,0.0314389597494939,interface
1918,-7.029359997443375,0.6029711485115067,interface
1919,0.0002782607294506897,0.0012274705380256,other
1920,0.0017843926447640148,0.0176297458953025,other
1921,0.08022365859566985,0.0504324291966297,interface
1922,1.4202123815162326,0.2051681646227408,interface
1923,0.2429797940451977,0.0826583608821436,interface
1924,-0.0017161868734373422,0.0172573022536221,other
1925,8.677053639004361,0.5332383953335887,interface
1926,0.387204676101795,0.083380359456908,interface
1927,2.5649941349062018,0.1454273224829364,interface
1928,0.023187608826146514,0.0226151496755134,interface
1929,0.003332171197563316,0.0028564546232816,other
1930,0.00041905828650207763,0.0020265811758287,other
1931,-0.0003310865684591112,0.0030524080564137,other
1932,-1.0102205065259504,0.0474969868134449,interface
1933,0.0031308956401718585,0.0233456286772657,tumor_core
1934,-0.04499820316760388,0.0303352626773076,immune_core
1935,6.400160004255458e-05,0.0005667269308679,other
1936,7.377145104257611e-05,0.00162994707922,other
1937,-0.0019363034390798691,0.0098104676639746,other
1938,0.0224891780935143,0.0697289239833092,interface
1939,0.0073161038250281925,0.0109419659744044,other
1940,0.002976162692754031,0.0030779141826308,other
1941,0.06755651586773696,0.0382409650812389,interface
1942,-0.4126124827113977,0.0893781581016266,interface
1943,0.2590859357934314,0.0270725515560605,immune_core
1944,0.031896398776986606,0.0436811077454447,interface
1945,1.2415542214364252,1.1146851736568129,immune_core
1946,-0.003247449349274358,0.0580309757268099,other
1947,-0.06753934436530688,0.0774281346465341,interface
1948,0.0575762034993493,0.0241175283572068,interface
1949,0.019618000352036025,0.0123790803722533,other
1950,0.020848389356496643,0.1822785050578526,interface
1951,8.424779366778303e-05,0.0015986999913005,other
1952,0.07293324139161352,0.02082994673899,interface
1953,-0.002409591593701329,0.0107623192988053,other
1954,0.0002977672230783508,0.0198625710589113,other
1955,0.0016901402945082597,0.0042913564404041,other
1956,0.0008105361184967095,0.002553252564009,other
1957,2.9556454995764474e-05,0.0029321566258502,interface
1958,0.0007228279990357239,0.0297609547418549,interface
1959,0.04458045494878774,0.0177346630509207,other
1960,0.003204137189204214,0.0052629757756923,other
1961,-0.06059082705633532,0.1223862289736632,interface
1962,0.0019307155444799814,0.0030388537364606,other
1963,0.016676647945326847,0.0424397621758687,interface
1964,-0.004079275882654771,0.0124288995389149,other
1965,0.004981630724337457,0.0084813635277834,other
1966,0.01891286283692188,0.0142705913468202,interface
1967,6.425616939575192e-05,0.0008809275195265,other
1968,-0.0051781354943468815,0.0262323622839442,interface
1969,-0.10687603947072226,0.0783359063769094,other
1970,0.03348580095585908,0.1112999594897996,interface
1971,0.00044960812362898167,0.0034229246312432,tumor_core
1972,-1.3240182087757992,0.2605503102997657,interface
1973,-0.12298857909098071,0.0145897478354298,immune_core
1974,-0.00031599991334275204,0.0102416065501054,other
1975,-0.2099814325054567,0.079633534597058,immune_core
1976,-0.010045127820460773,0.0230540514879108,tumor_core
1977,3.0568857042051744e-05,0.0018929075969235,tumor_core
1978,0.0016828798730939643,0.0030668830006115,other
1979,0.7113977413187769,0.0608372026243644,interface
1980,-9.979707086205186,0.5996330703039516,interface
1981,0.027617337312553773,0.0046786879319898,interface
1982,0.003550679260026434,0.0079030229114799,other
1983,0.13990519770589452,0.0278062667614021,interface
1984,0.049900685495667174,0.0202087512751914,other
1985,0.00043701420649503635,0.0014333035170059,other
1986,-0.023446553939305326,0.0248554345402104,interface
1987,-0.07810720780800304,0.1490608888482453,interface
1988,0.0010296825289591368,0.0037512786868455,other
1989,0.0334185335807983,0.0148760695233877,interface
1990,-0.058070651374557344,0.0466110830914937,other
1991,9.03968889701758e-05,0.0004977811741973,other
1992,0.0059515483228802565,0.0565246113269405,interface
1993,-0.052752917899899616,0.0519711216459854,other
1994,0.006915894090437892,0.0098151758964104,other
1995,0.001065729061716983,0.005334390158811,other
1996,0.015812103692272955,0.0052206943675335,interface
1997,-0.0016141799168601669,0.0113456000118948,other
1998,-0.002164724712991308,0.0050329309822961,interface
1999,-0.003986831102929392,0.0048642797190838,interface
2000,0.02756016385967948,0.0070577955541995,other
2001,-0.0002456394929352445,0.0014138817503215,other
2002,0.011160392729772251,0.0112957273725951,other
2003,0.0005059371237016298,0.0007354143111472,other
2004,0.0032458582318468034,0.0014402069433414,other
2005,-0.006179225379051159,0.0163786524399119,interface
2006,2.336680794966474,0.1666073761193532,interface
2007,0.010031028167023505,0.0042438453357618,interface
2008,0.0018047673852240426,0.0031404398171314,other
2009,0.2900276077002283,0.0850137692194795,interface
2010,-0.0061880442108588375,0.0185239833679567,immune_core
2011,0.08853956858314915,0.0195590002111288,interface
2012,0.0020347795025726545,0.0089927724707063,tumor_core
2013,2.8947396355275775e-05,0.0093243126455723,other
2014,0.0029710344930066607,0.0046245724390468,tumor_core
2015,0.8353748434986195,0.1765240171532911,interface
2016,0.00017226806742741724,0.0019388123361512,tumor_core
2017,-0.00047313865564821786,0.008814162789848,other
2018,-1.7591537877935837e-05,0.0173909082559669,immune_core
2019,-0.003953909337511784,0.0101138356358301,other
2020,-0.02753150290438743,0.0325857253182648,other
2021,9.225823045889937e-05,0.0049961045824698,tumor_core
2022,-0.0015700184720817145,0.0110338366917132,tumor_core
2023,0.0009043321867473651,0.00346377753049,other
2024,-0.283204679189536,0.1784398693565579,interface
2025,-0.1917033832263088,0.1421234492761743,interface
2026,0.011906902066970811,0.0376071574779715,interface
2027,8.492086277632682e-06,4.839961448845561e-05,other
2028,0.039508099357551604,0.0085352001759636,interface
2029,0.000889255429591196,0.0034169379418602,other
2030,-3.220055918547976,0.6795394434677449,interface
2031,-0.0015289482539644261,0.0087444684307254,other
2032,5.841334505011694,0.1842144362249482,interface
2033,0.004085699373579605,0.0358362467312596,interface
2034,0.001205956403259051,0.0033856709242154,other
2035,0.017200989803328393,0.034738693295945,interface
2036,0.2542529113671826,0.1344147078389498,interface
2037,0.0004867129587694861,0.0004574863442839,other
2038,-0.00026820239350045617,0.0066923404088704,other
2039,0.0029716159093635384,0.0080591432533324,other
2040,2.319484803375146,0.1025059953297971,interface
2041,-0.00010237986863717268,0.0040273432694125,other
2042,0.004249187207131273,0.0117951320069529,other
2043,0.005414241913391479,0.0091511050159103,other
2044,0.01069546390148221,0.0141953232966177,immune_core
2045,0.782708852339194,0.1926680112142257,interface
2046,-0.0017632178404025055,0.0055475290828909,immune_core
2047,0.027364422034555348,0.0206530260200616,interface
2048,0.2286303186844672,0.1036788882780948,other
2049,-0.0012427000708304821,0.0057902823457771,other
2050,0.0039993202999208015,0.0044732916644676,other
2051,-0.01035759209369677,0.0112511830232026,other
2052,0.010640282172044237,0.015902394115573,other
2053,0.0001537411179613109,0.0025674635119241,other
2054,0.0022074914621910487,0.010684696849045,tumor_core
2055,-0.04334726757058679,0.0546334659487543,interface
2056,-0.035719731701315774,0.052428475474368,other
2057,0.0030802235615888076,0.012506507966931,other
2058,-0.0519776145880881,0.0427556122955805,interface
2059,0.011513155308600063,0.0018224072858919,other
2060,0.0015971489905197804,0.0040802428223811,other
2061,0.0010977361874685686,0.0129504750774891,other
2062,-7.625020123214316e-05,0.0013499417934901,other
2063,0.06935543030048563,0.0675849691482686,interface
2064,0.03451934755682136,0.0067913747930103,interface
2065,0.4206670453858221,0.0262977402304127,interface
2066,0.0032292254452714643,0.0090828982728428,other
2067,0.00039596290781281545,0.0033877981554575,other
2068,-1.0657418093980655,0.0675027223199386,interface
2069,6.984855875983461,0.1255675490420476,interface
2070,0.0003488778599111897,0.0186964794574778,tumor_core
2071,-22.864364726072907,1.495614319970004,interface
2072,-0.014951280531902936,0.0215959084901351,immune_core
2073,-0.003639202175523464,0.0126083193905011,other
2074,0.0017652965334413017,0.0020157085124099,other
2075,0.16923702563930262,0.1024935918375757,interface
2076,0.004404898408929679,0.0319260893800208,immune_core
2077,6.688601961536716e-06,0.0029366311931398,other
2078,0.1976749929334333,0.0845113830298611,interface
2079,-0.07660996639790316,0.2064789902099681,interface
2080,-0.010678053087311942,0.0164922282161265,other
2081,0.0005459072110942816,0.0005761476126665,other
2082,-13.122758164632451,1.0105642379728157,interface
2083,-0.05034177974670453,0.1079323393289066,immune_core
2084,-0.0002829812415927717,0.011601428619419,other
2085,0.021812253305597634,0.0051572803061702,interface
2086,0.0003274478732250877,0.0016251865298287,other
2087,-0.03951995481248244,0.0311330001740772,interface
2088,-0.39013076630611326,0.0234399145128683,interface
2089,0.07079083190301966,0.0310288642302214,tumor_core
2090,4.7814311221258556e-05,0.002720092446483,other
2091,0.0010139434836418828,0.0005987892388152,tumor_core
2092,9.882865538143025e-05,0.000704864114145,tumor_core
2093,-0.004526137295259632,0.0115525187207779,other
2094,0.004899074822981958,0.0012030061670062,other
2095,2.4640679451950152e-05,0.0003626875174078,other
2096,0.00026061042590666474,0.0007390614825934,other
2097,0.0017077751806885472,0.0104667228921187,other
2098,-0.5797220142137519,0.0415176389700937,immune_core
2099,0.0008049733211542721,0.0096889560721599,interface
2100,0.0006649869296539336,0.0028848119914953,other
2101,0.10713615457885804,0.0742610148538598,interface
2102,-0.0030988088220456874,0.0210035656768822,other
2103,-3.836621456688547e-05,0.0008636610420381,other
2104,-0.029819336547850156,0.0343970234885628,immune_core
2105,-0.0015205310634373733,0.0097153843640261,other
2106,-0.32145663072818703,0.009689655911915,interface
2107,-1.740118422165497e-05,0.0032934176264258,interface
2108,0.35717522477807806,0.0900503398964192,interface
2109,8.198016490353785,0.3962750988898689,interface
2110,8.590063055674327e-05,0.0020646398901705,other
2111,3.9310327654894093,0.4797513425034374,interface
2112,-0.37365035664980895,0.0594168512462234,interface
2113,0.004746171515670777,0.022434478807632,interface
2114,-0.0036628366076702375,0.0134553363279485,other
2115,0.0009300601964900151,0.0054583577593304,other
2116,0.0011711132584455695,0.0055199218517987,other
2117,-0.5830468645826486,0.1417502424199741,interface
2118,0.0004957243273140739,0.0004862498764432,other
2119,0.0002774895856696891,0.0014843470046119,other
2120,0.012284797136817127,0.0280876623936652,interface
2121,0.0004771273075282823,0.0073329258563567,other
2122,0.010336138699977671,0.0028034176398626,tumor_core
2123,1.8094034744159821,0.1210751671445595,interface
2124,0.0005039551760701066,0.0022071053226497,other
2125,0.002177708119622616,0.0129446445591704,interface
2126,0.002784571308637028,0.0017064302082747,interface
2127,-0.29529561555482037,0.1412920524178021,immune_core
2128,3.68048709813785,0.2820609000736255,interface
2129,0.09203112910859851,0.0322856691464671,interface
2130,-0.012536778747390776,0.0236432370630183,other
2131,-0.19165806806286734,0.0326764958003275,other
2132,0.027706776591964556,0.0485598917757843,interface
2133,0.5400161852713072,0.0781403718701596,immune_core
2134,0.10594248105162929,0.0460644860272044,interface
2135,0.0005523446550492968,0.0051914337062125,other
2136,-0.004983505349345957,0.0140219501862157,other
2137,-0.0018715278616339075,0.0030905877811036,interface
2138,-0.03726575149657254,0.067618893444519,interface
2139,0.001496684954405507,0.0048702734312197,other
2140,0.004150478342264716,0.0042457991913524,other
2141,-0.03478846972096444,0.0995002024124134,interface
2142,0.00020316458405757556,0.0047916390348127,other
2143,-0.009499699469400142,0.0769391366442441,interface
2144,0.007838687010173944,0.0176605635927658,tumor_core
2145,0.005661567651123745,0.0027189390164819,immune_core
2146,0.04428560754407755,0.0371415366101508,interface
2147,-0.8755511883283061,0.1030720357607403,other
2148,0.000586836023449485,0.0074476883613657,interface
2149,-0.0004457087020129152,0.0089608623024175,other
2150,0.0012025040040527018,0.0007782518796513,other
2151,-0.00023138485850281615,0.0057024887030116,tumor_core
2152,-0.0087947036230455,0.0220214012473112,other
2153,0.0025262831016427453,0.009174801127361,other
2154,0.019912348754023455,0.0038401085519922,interface
2155,1.1849570849869624,0.1365663482628714,interface
2156,0.017956731474557414,0.0071278391227101,other
2157,0.006754837656689041,0.0130057065164781,other
2158,-0.0032915596705069407,0.0235684788194602,interface
2159,0.04052830177346887,0.014898710058616,other
2160,-11.783482570166356,0.9483399469023333,interface
2161,0.0003537386008648814,0.001834454002585,other
2162,-0.01643995239959792,0.0205714105806598,other
2163,0.005402372334669172,0.0074837616862988,immune_core
2164,0.05679085725738658,0.0301140329450218,interface
2165,0.002343357023837525,0.0150512287244174,interface
2166,0.04870144605101101,0.0143279099345605,interface
2167,0.7899011082175187,0.066669518828521,interface
2168,-0.000768735506633794,0.0024612384457041,other
2169,5.933357761529054e-05,0.0027543439515306,other
2170,-0.003790473561891163,0.019408398643635,interface
2171,0.005323548899445845,0.0237550530299963,interface
2172,-0.011688525058215394,0.0160137238069926,other
2173,0.005071759721602618,0.0059219884184932,interface
2174,0.17207833640199316,0.0612728917302054,interface
2175,-0.08809900052021584,0.0626774303618297,immune_core
2176,0.2743822339945694,0.06405495787472,interface
2177,0.0026774370629472034,0.0049674156092993,other
2178,0.030424952072115576,0.0454134474016465,other
2179,0.07287964227398155,0.0195990886131861,interface
2180,0.028742345475343156,0.0357461414658365,other
2181,-3.360838503716689e-05,0.0019544246732678,other
2182,-0.004677479741783276,0.0121229208868885,other
2183,-0.0005677948655980395,0.0032191944664498,interface
2184,0.022932746577823276,0.0133869458919285,interface
2185,-0.001304465692732217,0.0176847628746254,tumor_core
2186,-0.12002882941566581,0.1946518259645283,interface
2187,0.06323662784979953,0.0290825776152788,other
2188,0.00047720268522660585,0.001324842722807,other
2189,0.005948102360886018,0.0191724274120527,other
2190,-0.1184338127813995,0.0893630793766025,other
2191,-0.07136070755892858,0.0274493876150493,interface
2192,-0.09120991930158197,0.02091610095566,interface
2193,-0.3669090834828711,0.1510329267700557,interface
2194,-1.4662790615296489e-05,0.0006401457808216,other
2195,0.43205488990260627,0.1984858838279343,interface
2196,-0.04860369536617737,0.1084799957524121,interface
2197,0.40191720038250744,0.0149647600843295,immune_core
2198,0.020395821315363896,0.0145626070747065,interface
2199,0.0003384692340820442,0.0516284737487069,interface
2200,0.00628915634400175,0.0116796112010774,other
2201,0.007755173183902999,0.0050114125559446,interface
2202,0.0007627410492209513,0.002714026382246,other
2203,1.1656667370787896,0.0826420792001021,interface
2204,0.0010593287142613705,0.0036094787772243,other
2205,0.014965994420951423,0.0166575358704859,interface
2206,-0.0019807928947564698,0.0080052711865722,tumor_core
2207,-0.08598950247740558,0.0522614385031696,interface
2208,0.015907645726483094,0.0115708521440291,interface
2209,8.1365967646046e-05,0.0001367036731142,other
2210,4.4701903613777665,0.2708326410103352,interface
2211,0.0016268031231369605,0.0013107729500259,tumor_core
2212,-0.01822596717000642,0.0318243306976898,other
2213,-0.1143856950644874,0.0493318321073194,interface
2214,0.0052085205590968525,0.0046148488279992,other
2215,0.0004815164922320558,0.0010021127199426,other
2216,8.745662017192916e-05,0.0011057431309566,other
2217,-1.7867652481330678,0.5246940695996369,interface
2218,0.05435422273123001,0.0172455786235556,other
2219,0.0038403308771946445,0.0071856155721929,other
2220,0.008746835194742217,0.0146407837222985,interface
2221,-0.005264462666315285,0.0120380345272014,other
2222,0.0003009787584451757,0.0135424604326577,other
2223,-0.030909207635737887,0.0358012091899426,other
2224,0.026690004160001318,0.0356567266890574,interface
2225,-0.008408293993985516,0.0040786281300852,immune_core
2226,0.009133975810759287,0.0218898464859634,interface
2227,0.00033879115664301845,0.0007529594148871,other
2228,1.7071396359515425,0.237905457356279,interface
2229,0.1227536688372639,0.0919287135989374,interface
2230,1.9033502370128048,0.2306183359779444,interface
2231,-0.009943300781356504,0.0024873281877351,other
2232,0.001141286782244194,0.0024982773002508,other
2233,0.6253216600619427,0.0569346337904085,interface
2234,-0.5811370744010664,0.2313157379209945,interface
2235,-0.0020891308252324655,0.011338790616252,other
2236,0.048440665666320076,0.0185037864774826,interface
2237,-0.21979074423873582,0.0682604439118452,interface
2238,-0.006780777880591973,0.0286249369485807,other
2239,4.888397144649703e-05,0.0022160007822808,tumor_core
2240,0.001162944050157615,0.0018884290055335,other
2241,-0.1702598210209426,0.1901248517118322,interface
2242,0.38702406020018204,0.2397826930359221,interface
2243,-0.011958555564330958,0.0478774628127479,interface
2244,-0.020968429318647053,0.0305213518736642,interface
2245,-0.11344489627474885,0.1393033399866562,immune_core
2246,-20.107025255946223,0.8405035268376949,interface
2247,-0.22114913263105482,0.1549688405665768,interface
2248,1.9005062064090028,0.1287504401810694,interface
2249,0.001026028291804232,0.0030530868671364,other
2250,0.005312804773007754,0.0056462820341398,immune_core
2251,0.06246253251658332,0.0163951222974557,interface
2252,-0.035976537372558966,0.0434111276683004,immune_core
2253,-0.02043097389548785,0.0330494890298815,immune_core
2254,0.00021263907852392313,0.0006164435490639,other
2255,0.002494400699279184,0.0011687027756802,tumor_core
2256,0.0714136581000314,0.0197162533908934,interface
2257,-0.00012538625040123808,0.0017688143440097,other
2258,0.7668006272737965,0.1308605384546346,interface
2259,0.0051971519826118,0.0262975877058105,interface
2260,0.005113728826638466,0.0062895698536852,other
2261,-0.40981351189962784,0.1701423969523079,interface
2262,0.002119105578331858,0.0050692126550865,other
2263,0.02475655539013323,0.0141418353285153,other
2264,0.0004586124741131692,0.0012039121350346,other
2265,0.7023484543812015,0.1104571468562836,interface
2266,0.008161761621486935,0.0185437234785504,interface
2267,0.1512518698650649,0.0186024610143178,interface
2268,0.023528062424397672,0.0056314034320704,other
2269,0.0022953952048079037,0.0008826961001324,other
2270,-0.0914229205493541,0.1159077810705035,interface
2271,-90.1913376234144,1.9961356279472664,immune_core
2272,0.001360236574446069,0.002917214330353,tumor_core
2273,-0.0183125061399027,0.0335083817922515,other
2274,0.0006592771787988796,0.0012537729796888,other
2275,0.288398822521795,0.0843430150597293,interface
2276,0.0005074963285506682,0.009103695713646,interface
2277,0.000181884790899765,0.0005296818370057,other
2278,-1.5936477081535694,0.2941728547341709,interface
2279,19.17292861995347,0.352624426861038,immune_core
2280,0.0013670816123982313,0.0068338747046159,other
2281,0.027446806634554483,0.0131205481949129,interface
2282,0.0007175489808195204,0.0032328461518397,other
2283,0.009417072141936498,0.0139063948892469,other
2284,0.025757796237655846,0.0194465700591583,interface
2285,4.191508737523105e-05,0.0006392058395545,other
2286,1.3195687874546122e-05,0.0003203151878542,other
2287,-0.035837151718633935,0.019902654552423,interface
2288,48.597240704362065,0.856120941189008,interface
2289,0.29012333935110496,0.0641649053657014,interface
2290,0.0022878052619266847,0.0024546339819073,other
2291,7.851369418891757,0.2564926811694166,interface
2292,11.635893110065494,0.2124468016849751,interface
2293,0.0015544168729976749,0.0036390697154591,other
2294,-0.001089381903256754,0.0033202770550533,other
2295,0.00040121356574055535,0.0048815250350937,other
2296,0.0369730572262163,0.02749547751962,other
2297,0.00034338152452277095,0.0005967377231954,other
2298,-0.09121301588006911,0.0420272124555324,interface
2299,0.0004118338913165783,0.0041785304975922,other
2300,0.0055649204312371095,0.007558906146198,other
2301,0.000274286187288064,0.0008578519176637,other
2302,0.002740511287658905,0.0029378060728089,other
2303,0.004611950625969804,0.0130338827795204,interface
2304,-0.0619492412862687,0.0583876704121806,tumor_core
2305,0.10347868955255211,0.0366496855139312,interface
2306,-0.0005359063667348908,0.005049399259818,other
2307,-2.203082176066095,0.2984346361857983,interface
2308,0.0021372491101397323,0.0127352617847923,other
2309,0.0001597609342235104,0.0063017228348314,other
2310,0.0009127966488043492,0.0009587871552628,tumor_core
2311,-0.0013575155915341273,0.0099139858979973,interface
2312,2.9796231420529404e-05,8.711700077917799e-05,other
2313,-0.0007503416244811757,0.0055078155529781,other
2314,-0.003032388718701047,0.0063719642046532,other
2315,0.00019988498979046796,0.002102667338164,other
2316,-0.00017577910560826826,0.0024723973340046,other
2317,0.0008145412182554263,0.0027619449525011,interface
2318,0.0072352314429501765,0.0083299692966999,immune_core
2319,0.05863499053032396,0.0516556383273238,interface
2320,0.003495040386850251,0.0062570287053102,other
2321,1.022547906957421,0.2242408439416238,interface
2322,0.019775661277383994,0.0273417066765016,interface
2323,-0.0022844249506892788,0.0055879048476958,interface
2324,0.006910446107297576,0.011062061367729,other
2325,0.7911799499665162,0.132257772320356,interface
2326,-0.07494973304101879,0.0513285215836974,interface
2327,0.0063849975287715655,0.0021558147554308,interface
2328,0.00011044878695046068,0.0012317138149318,tumor_core
2329,-3.24535947054918,0.3366303167922568,immune_core
2330,0.11930422633155924,0.0462404496838666,interface
2331,0.09250056198057746,0.0183528266507726,immune_core
2332,0.0009578797155835046,0.0017805173317928,other
2333,-0.01160007182184386,0.1091880715333627,interface
2334,0.5352876635925938,0.0771287111353191,interface
2335,0.0014920692853367078,0.0011037884644633,other
2336,-0.0005483051243546202,0.0093023461330298,interface
2337,-0.09173927054192192,0.0600461325371667,interface
2338,0.00030564623716189973,0.002858559983987,tumor_core
2339,0.0026480152398708446,0.0031941792112699,interface
2340,0.0005962751508264879,0.0047159160552124,immune_core
2341,0.0027705756611768424,0.0027870675566769,other
2342,0.002289360327476059,0.0069342223731739,other
2343,0.003996493344839866,0.0077869923621589,other
2344,0.02642661188662248,0.0135723818129247,immune_core
2345,0.003218636127871174,0.0038761520533005,other
2346,0.0015634711876884118,0.0065077089048772,other
2347,0.0005446356456303157,0.0025121372858899,other
2348,0.28951543248219885,0.1369554515793097,interface
2349,-0.0471315556757425,0.0438276692349878,interface
2350,-2.8737095553117,0.6167441924730518,interface
2351,0.03172273969703916,0.0341397058510658,interface
2352,-0.7672919135109383,0.1837544622848552,interface
2353,-0.0038500170846323435,0.0007967391243159,other
2354,0.0030474134814636768,0.009135744087405,other
2355,0.008070468101269676,0.0127383421657581,other
2356,-0.00775154811538515,0.0260506778676997,interface
2357,-0.42700890556285254,0.2885707551680507,other
2358,0.030051861714356358,0.1024710073060535,interface
2359,-0.0032660627084460142,0.0068502248057113,other
2360,-0.0023057578054526333,0.0093389487213818,immune_core
2361,0.0031707956436965333,0.0117572431330359,other
2362,0.9055977836530259,0.3170274312795547,interface
2363,0.05364792262169495,0.0174441696298712,interface
2364,0.05669690147660003,0.0114964682620894,interface
2365,0.0162760618873457,0.0158689042929,interface
2366,0.01969141796653519,0.0086831131504653,other
2367,0.006128503021107498,0.005671167371856,other
2368,15.603862198320444,0.2928943594256197,interface
2369,-0.29562366567963005,0.0535316443337423,interface
2370,4.910833391037739,0.3069134802659727,interface
2371,0.0012409250632417405,0.0016579428345564,other
2372,-0.0005395573221635157,0.0055833711319788,other
2373,0.36740276536214694,0.072813727632979,interface
2374,0.00041853216703778833,0.0040738972357304,other
2375,0.00023550959676751028,0.0012654011549357,other
2376,0.0030397639623341542,0.0255382879111365,tumor_core
2377,0.023080560896114412,0.0976411879780479,immune_core
2378,-0.04954534548662809,0.0900043365763584,other
2379,-0.009190868767299638,0.036054112183481,interface
2380,0.11743894071350688,0.0180336936275622,interface
2381,1.1135698537036798,0.0424834150427963,interface
2382,-0.009986238635080741,0.0173897079029022,other
2383,0.32132872368869164,0.3477796669656659,interface
2384,0.0002875367498980619,0.0009497622748082,other
2385,0.005077777030647388,0.0069488177141552,other
2386,0.0003212073153761571,0.0012245106101325,other
2387,0.8851703346451478,0.0256458919954035,interface
2388,-0.0009965681896400263,0.0113203027937882,other
2389,0.0009527118965218961,0.0011234277913476,other
2390,-0.00012025782802103707,0.0617824233168931,interface
2391,-0.0018960395273614015,0.0105846917488817,tumor_core
2392,-0.009737324402309335,0.0390045153465251,immune_core
2393,0.0037910776797762287,0.0025715685405013,other
2394,0.0033575536544625446,0.0093206616220761,other
2395,-0.11373534857140853,0.0358755735280274,interface
2396,-0.02980735038462225,0.0510340285609884,interface
2397,-5.068870972295357e-05,0.0029253152892252,other
2398,-3.765503713561011,1.1917122937323688,other
2399,0.1775386930260334,0.0391998214007278,interface
2400,-0.017527006229219856,0.0356039993075509,interface
2401,0.017941676501829765,0.0131495847588338,other
2402,-5.710612929228354e-07,0.0017935960221462,other
2403,6.063152457848423e-05,0.0007730412262724,other
2404,-0.00881490914416724,0.0198829385622658,tumor_core
2405,0.002006729235361245,0.0021460281391371,other
2406,-0.0018684987683059294,0.0043776642873879,other
2407,0.00033929842538766555,0.0042262546037225,other
2408,0.03576732279702125,0.0247212568840462,interface
2409,-0.3690234408409706,0.1883221153693034,interface
2410,0.0036445986050600266,0.0118373191410142,interface
2411,0.011271837486712339,0.0040559466609848,other
2412,-42.37912535340072,1.6254514753586686,interface
2413,0.002400051028503469,0.0223281169602411,other
2414,0.00024829697167876106,0.0016465563604869,other
2415,5.762837898872603e-05,0.0016275265921943,other
2416,0.0015846322223689313,0.0337483486794895,interface
2417,0.00043763365027779476,0.0005311348265662,other
2418,4.82591194417955,0.1494424293954311,interface
2419,-0.35758029304414995,0.1537076960603843,interface
2420,-0.006952816001860248,0.020790410301236,other
2421,-0.6226888042241064,0.1562115955528903,interface
2422,0.00019156082269925975,0.0097844935276226,other
2423,0.00020658690109076703,0.0051833267191435,interface
2424,-0.1894029682240923,0.0772032540847056,immune_core
2425,0.09943467801045495,0.0779045108975724,interface
2426,-0.0007638476148394242,0.0067273426133558,tumor_core
2427,-0.0005142355542565825,0.0047930282386714,other
2428,0.819891402850673,0.1224052360418119,immune_core
2429,0.001917613942191805,0.0005141924875936,other
2430,0.013258003817015883,0.0069757643930191,interface
2431,0.7943452979205167,0.1770771211438459,interface
2432,0.05044109385639477,0.0350343247466801,other
2433,0.07514905249573431,0.023853879701522,other
2434,0.01906609207675389,0.0381250212696681,interface
2435,0.004945194335625512,0.0267962152697417,interface
2436,-0.6916377613196756,0.0669488917469956,interface
2437,5.363635223232698e-05,0.0006333599234813,other
2438,-0.04794035063442352,0.0963649081145364,interface
2439,0.29229250873563634,0.1198252765051041,interface
2440,0.023386090219835384,0.013606173790694,interface
2441,-2.658655973736455,0.346176159282223,interface
2442,-0.3279977649039417,0.1297749038978265,interface
2443,-0.07229943625813748,0.0826235932490674,interface
2444,0.0010595787925111884,0.0130393952580658,other
2445,0.001982794572498601,0.0034316785347379,tumor_core
2446,-0.007681796710675888,0.0175968955603462,interface
2447,0.0803190693255589,0.0157135741346806,interface
2448,0.010388611602765914,0.0076524103529189,other
2449,0.0013764598336183894,0.0040914918835062,other
2450,0.0055030112732063945,0.0154938008207005,other
2451,-0.03451030153100856,0.1024132015914084,interface
2452,-0.011285071653753498,0.018679978859094,immune_core
2453,-0.00025701721203846676,0.0038014801706088,other
2454,0.02833728767570829,0.0190048373295705,interface
2455,0.011579424089515046,0.0096628424619719,other
2456,0.00015762592120038008,0.0020357993012251,other
2457,0.0066422309914397504,0.0139462058925471,other
2458,-0.03423277216631477,0.1088974806421414,interface
2459,0.0009768181342117135,0.0029711674060282,other
2460,0.000358917075544647,0.0008384838467421,other
2461,0.021299340977534987,0.0143815316098181,other
2462,18.91936100311963,1.017306126976974,interface
2463,0.15063911430563168,0.059645725380524,interface
2464,0.0008103636115174857,0.0084497959288833,other
2465,-0.4980655401498675,0.1757177741463265,interface
2466,0.1708604169785649,0.0630268319859194,interface
2467,0.00018164133623887357,0.0089258170603401,other
2468,0.00025774049700256325,0.0040814475838125,other
2469,0.022478202147007867,0.011364806125729,interface
2470,0.0005090267117622713,0.0018981194263903,other
2471,0.0025398753583168523,0.0056154788806137,other
2472,0.003829113526065608,0.0025134596135959,other
2473,0.005063737291162102,0.001846889169821,other
2474,-0.0020877011114678406,0.015046736697641,interface
2475,-0.03669887021387529,0.0905200119237582,interface
2476,1.7549516057311125,0.6472147125645342,interface
2477,3.300636538279785e-05,0.0101584881944204,tumor_core
2478,0.001013613413748544,0.0030741305393248,other
2479,-0.017056375717993316,0.0099537459321998,interface
2480,-0.009591529898626964,0.0202935011140512,interface
2481,0.0005405165919045843,0.0011160348493131,other
2482,3.444002615688823,0.18734871324185,other
2483,-0.03601668747552561,0.0371152486355268,immune_core
2484,-0.0001085890507467005,0.0007149648359759,other
2485,-0.0017134661257370884,0.0073219459739055,immune_core
2486,-0.3508228056404048,0.1083394467018695,interface
2487,0.05752078118313114,0.0421246226886466,interface
2488,0.002487832655656981,0.0058605830249033,other
2489,0.051852520528503206,0.0047973355728757,interface
2490,0.0013122546859124693,0.0025581173490987,other
2491,0.0006104981662152515,0.0016240243855497,other
2492,-6.0550481240805135e-05,0.0044073836128956,immune_core
2493,0.004941277924945298,0.0020264438225969,immune_core
2494,0.13490290667559457,0.1115604199840362,interface
2495,0.007166904544189473,0.0045150398072144,interface
2496,0.016412060230388912,0.0330308484784088,interface
2497,-0.9861387916383924,0.2652069391562257,interface
2498,8.477764692098543e-06,0.0007154329656773,other
2499,0.13193729020845146,0.0279345843260222,other
2500,2.510737777211132,0.1087612808658494,interface
2501,-0.00010151566831217586,0.0019163535860933,other
2502,-0.01535098377854175,0.035058091885653,other
2503,0.15411755849485695,0.0673085591015553,interface
2504,-0.04046903718783718,0.0217260040494774,other
2505,-0.16487893622024824,0.1160434979082842,interface
2506,0.002842534995312288,0.0075105647184684,interface
2507,0.02147692864897796,0.0330580636482382,other
2508,0.002416652532280123,0.0115470248451901,interface
2509,0.40433660074531746,0.1326217201909336,interface
2510,-0.027252432188825136,0.0300346680874808,other
2511,0.01530849955079239,0.0067765868600307,interface
2512,0.021737862638970165,0.030785226311143,interface
2513,0.004372353842885034,0.0060250515542598,other
2514,-1.5693505546827893,0.295429000474647,interface
2515,0.04074937983463385,0.0237938031781131,other
2516,0.003867066057579565,0.002260806672752,other
2517,-0.0006608837104168355,0.0053781100599631,other
2518,-0.00036840196982211164,0.0159528702037287,interface
2519,0.00018504987234657416,0.0016904393158885,other
2520,-0.003006519798858793,0.0113334093298275,interface
2521,0.06201737767229183,0.1712351652560998,interface
2522,0.46083556368582573,0.0315041910462381,other
2523,0.04046766908511707,0.0056667074137818,interface
2524,0.2258550086886436,0.1025050710187943,immune_core
2525,-0.003770757591396093,0.0123537852679584,other
2526,0.003263483718407001,0.0016213931398171,other
2527,-1.9748815054295508,0.2997621714179391,interface
2528,0.08196113447674258,0.0154586823625593,interface
2529,0.007831036699413006,0.0291333721800255,other
2530,0.0005055496093911765,0.002623512751916,tumor_core
2531,0.005680681611496754,0.01056490518874,interface
2532,0.08648748026580702,0.0378413452567235,interface
2533,-0.00038088861258353415,0.0029678674883406,other
2534,1.9840191147648614,0.322827584383893,other
2535,0.038137268909393944,0.0109838656237823,other
2536,0.3773411240946791,0.1096855536753851,interface
2537,0.060162511914227654,0.0502695028017879,interface
2538,-0.00014063858306754008,0.0069063564755199,immune_core
2539,-0.010518056551341939,0.0239129022731442,interface
2540,2.0419587043457192,0.3991929726577223,interface
2541,0.00031418844220917143,0.0005490982668236,other
2542,0.004176481464163813,0.0055065689843671,tumor_core
2543,-7.771996733905624e-06,0.0005978891761548,other
2544,0.0007985446057698323,0.0306608933983878,other
2545,-0.03923318601454654,0.040671583959163,interface
2546,0.00320816915093861,0.0017567925398098,interface
2547,0.004527290937621466,0.002836772194102,other
2548,0.4988381864383054,0.0770121460768044,interface
2549,-13.797794922094615,0.863349617207076,interface
2550,-0.01853246429625615,0.0692060357345061,interface
2551,0.006294272853293713,0.0051215819818906,other
2552,0.000491121846363303,0.0020362467958945,other
2553,-0.6209917725795276,0.1678935492186864,interface
2554,0.010418696790682748,0.0349429062524154,other
2555,-0.2728654058952109,0.1539741715880749,interface
2556,0.004760136132913055,0.0044314973642033,other
2557,-0.0014402895786321873,0.000661379003729,other
2558,0.0004651876476701018,0.0017321952403692,tumor_core
2559,0.08942178472071216,0.0612999449281339,interface
2560,0.0007508524390130413,0.0034434762927241,other
2561,-0.17945557202383025,0.1308863193701196,interface
2562,-0.00025699918459297225,0.0013197546591186,other
2563,-0.15791060754532985,0.0848501209963765,interface
2564,-0.5016507615494474,0.0629570328688149,interface
2565,-0.14645630750650124,0.0662790367075076,interface
2566,0.0005346179995700018,0.0042708190941322,other
2567,-0.00014909907853196015,0.0017660967023448,other
2568,0.4306076052975424,0.0881523531019426,interface
2569,-0.09253747697061279,0.0603027937311766,interface
2570,0.13335137755474577,0.0743493016697726,interface
2571,1.9397847708459008,0.2059500594372143,interface
2572,-0.06493264033789418,0.0335932505564227,other
2573,0.0072782422047032135,0.0389632783242533,interface
2574,-0.0018451181148900883,0.0035371385699718,other
2575,0.022296755972866917,0.0330920218058394,other
2576,5.426724551197242,0.4108351813362188,interface
2577,0.0008444194296112434,0.001109190729825,tumor_core
2578,-0.0871745571221561,0.0273480191567651,interface
2579,0.01254344541386604,0.0076421506903458,interface
2580,-0.1716274094737299,0.1117126579616895,interface
2581,0.5693593399123941,0.0755269297644533,interface
2582,-132.53968901051348,2.7616465538823647,interface
2583,0.0009374296478960578,0.0084536269301136,tumor_core
2584,-0.00015526068785950327,0.0041145258963045,other
2585,0.0017163719195622464,0.0013315107399856,interface
2586,0.010513433919613192,0.0012560475898475,interface
2587,1.1450898153242852,0.0476934342654169,interface
2588,-0.19197988662899956,0.0944838595141265,interface
2589,0.0013372054645946758,0.0023357754179632,tumor_core
2590,0.011224777781818622,0.0036395368773075,other
2591,0.0008894303587235726,0.0062738638923255,other
2592,0.0008750341948283463,0.0035619398873936,other
2593,0.19641728826500757,0.1779501751902877,interface
2594,1.1686128590389377e-05,0.0026697515723644,other
2595,0.0001011360803743421,0.0019248721303521,other
2596,0.0004061209720674029,0.0011802781879174,other
2597,-0.000899699224208446,0.0057877210203372,interface
2598,0.0011660255419998285,0.0024992279664963,other
2599,0.0016610590438957025,0.0094986465299359,interface
2600,0.008124807891126438,0.013437598103915,other
2601,0.145693777026661,0.0201670634251838,interface
2602,-0.0811748193233511,0.0098151828311348,interface
2603,-0.00018080821947170895,0.0018680139269673,other
2604,0.04548165892012765,0.0103739272089416,interface
2605,0.27613314339099104,0.1084975265823868,interface
2606,-0.01616213985672104,0.0273543042663404,tumor_core
2607,6.804098598756517e-05,0.0017511415002203,other
2608,0.016302806574868257,0.0072679059751081,interface
2609,-3.6708068807758185e-05,0.0020602845093937,other
2610,-0.027777348702085,0.0433139695519575,immune_core
2611,-0.6697189423116917,0.1649181256334894,interface
2612,0.012197388977244338,0.0035831958044294,other
2613,-0.22633399667386506,0.1658262781395736,interface
2614,15.055175496336025,0.3168909396539326,immune_core
2615,-5.12845379718949,0.544644503011912,interface
2616,-0.017851623160724677,0.0423193564155574,interface
2617,-0.19348896883754302,0.1124076163544971,interface
2618,0.0012894131178097282,0.0040471610692064,other
2619,-0.0016117048652249822,0.0039439737564245,interface
2620,0.8282339817415503,0.0885858083448429,interface
2621,0.0004942723846751689,0.0023731214128015,other
2622,0.03713206305979019,0.0330537722432219,immune_core
2623,0.17660617251221067,0.0966381491251033,interface
2624,0.019255800198421723,0.0128591004247378,interface
2625,-0.008524993899886722,0.0385536770657632,interface
2626,-0.6902955599409507,0.2533999393065975,interface
2627,0.0017933035406123557,0.0097422117600474,immune_core
2628,8.077520571743865e-05,0.0013422349406028,other
2629,0.4672650327558123,0.1193812988958843,interface
2630,0.015007048702110188,0.0334662557513094,immune_core
2631,-0.004942391764691015,0.0139031306404134,other
2632,0.998665432473841,0.1176590451519025,interface
2633,0.2931119270158574,0.2048474084358402,interface
2634,-0.21064439228218235,0.1052181140886721,interface
2635,0.18967419741530367,0.039349824438333,interface
2636,-0.012723082722876283,0.0766866732780899,interface
2637,0.023257989196857672,0.0144091754985078,tumor_core
2638,-0.0015651968552091672,0.0020060041060787,other
2639,-0.012889878676097153,0.0397614766487818,interface
2640,-0.021965310479787104,0.023329457147049,immune_core
2641,-0.0016737591953938221,0.0071367718585203,other
2642,-0.001136903813898275,0.0123916720900634,other
2643,39.54696168510561,1.150129939171346,interface
2644,0.00741535845859383,0.0173881678386374,interface
2645,0.06470992330722435,0.0629970252019671,interface
2646,-1.463502367251826,0.5353080854056144,interface
2647,-0.5619617200955777,0.1424195623378289,immune_core
2648,0.7247928919656388,0.0643174491431284,interface
2649,1.816802344379055,0.2777236284750464,interface
2650,0.03297135902551841,0.01937657663707,other
2651,0.002756148622559475,0.0095930761231956,interface
2652,0.0034014566736719435,0.0076140483017283,interface
2653,-0.11881406826598487,0.1250834369806386,other
2654,0.0025660764305763945,0.0047721857447573,other
2655,0.015180479827156323,0.0164854044428779,interface
2656,0.06115054290849753,0.0173251781287712,immune_core
2657,7.432074410233825e-05,0.0005987684961351,other
2658,0.0008507942643066152,0.0018264934093077,other
2659,0.0029061778727231665,0.0112940194495089,other
2660,-0.10103105823517947,0.077697572000789,interface
2661,3.143426048886959,0.105085866427581,immune_core
2662,1.1262325946216358,0.2232843826824504,interface
2663,-0.02846391546060654,0.0080205091206972,interface
2664,0.19150404910469107,0.1341215195756951,interface
2665,0.02654182457737292,0.0225622442140474,interface
2666,0.0638136660085253,0.040870360567285,tumor_core
2667,0.0034547026314759727,0.0131889736156066,other
2668,0.047584531260189314,0.0065585406193563,interface
2669,0.030564830903324434,0.0250442243526877,interface
2670,0.00238759730885706,0.0036984163266029,other
2671,0.0010707222079564776,0.0019082289912713,other
2672,-0.026118837502626443,0.0194121757243309,interface
2673,0.11887919594999266,0.0317498069429794,tumor_core
2674,8.242197727048293,0.2576032597629871,interface
2675,0.0009206237350716657,0.0046973558550694,other
2676,-0.08277698590994223,0.0490755528111485,interface
2677,0.0007358637264832594,0.0021486284819104,other
2678,0.3669975141630932,0.1031979611516375,interface
2679,1.4283210351964768,0.1770953918635899,interface
2680,0.009062944545638604,0.0058627284710938,interface
2681,-0.00167283975799885,0.0080331944239084,other
2682,0.0008824256546031476,0.0080872983074185,other
2683,0.004340808598983907,0.0069088062964535,other
2684,0.006700178631796853,0.0072259640861344,other
2685,-0.07417775948966993,0.063844479815379,interface
2686,0.026197636972281443,0.0081748111675058,interface
2687,2.3001129669132343,0.2272828440066633,interface
2688,0.38482089622334115,0.2061983935673726,interface
2689,0.003211483658179541,0.0121717736984771,other
2690,0.10831546570209977,0.0155750632425392,interface
2691,2.447372790120042,0.4926641321185817,interface
2692,0.005280817059292956,0.0080313950736965,interface
2693,10.751349258202666,0.4140980211197713,interface
2694,0.006208074067425171,0.0153810063243157,interface
2695,14.53843546203238,0.9738177206241042,interface
2696,-0.00015748548807008878,0.0021929252390691,other
2697,0.004711289116369539,0.005761052820716,immune_core
2698,0.010716303725053744,0.0069524287815288,other
2699,0.010722150494258217,0.0108826757923942,other
2700,-0.010144768515161095,0.0294221183493822,other
2701,1.2059932152806578,0.1202898964198377,interface
2702,4.5471572600524e-05,0.0002143143447624,other
2703,-0.01865608412934256,0.05338030400044,interface
2704,-0.00042310183558347736,0.013846072948197,interface
2705,0.04823095001635962,0.1288816930815827,interface
2706,0.05591417187219948,0.0185425530511084,other
2707,0.0008810365373002791,0.00499509119806,other
2708,13.771825376205003,0.2786942649986137,other
2709,-0.0016369238787951519,0.0167618984039692,other
2710,-1.0154044189902676,0.2939788839701037,interface
2711,0.0005283334587858434,0.0005172094539539,other
2712,0.07682023171353226,0.0866805021625555,interface
2713,0.0017109927573561896,0.0034726992538874,other
2714,-0.0022317151351919848,0.018817702132894,interface
2715,0.02211203535402608,0.0456955069479764,other
2716,0.005870645253229576,0.0038284544078904,tumor_core
2717,-0.10082395284941811,0.0486968795085003,interface
2718,0.003997719353609984,0.0035301845484955,other
2719,0.6320938051198971,0.1250177223723257,other
2720,0.11795719534656035,0.0239089375353769,interface
2721,0.0005320318463897938,0.0013151093927742,other
2722,0.03844647846704273,0.0416071032638716,other
2723,0.015797742655239852,0.0120053609846531,other
2724,-0.040104569343463445,0.0547803373980943,immune_core
2725,0.0008097577116661046,0.0011045063912314,other
2726,-0.5616837683517883,0.1823409447120796,interface
2727,0.015349133972713161,0.0135449192868856,interface
2728,-0.009544605521986415,0.0428316712071507,interface
2729,-0.705025880166027,0.2759816492132432,interface
2730,0.021745264076844212,0.0405932237875249,interface
2731,0.1432797439301549,0.0266940947521345,interface
2732,0.05879249596246802,0.0213283704281989,interface
2733,-0.006952654640131983,0.0133271877512553,tumor_core
2734,-0.20140471324127662,0.1289110938022489,interface
2735,-1.7892316451860515,0.3851955933137808,interface
2736,0.022938358147939715,0.0141442277250972,immune_core
2737,0.00019362396601504652,0.0034003531777916,other
2738,1.7654818599831005e-05,0.0007762472798916,other
2739,-0.001888279190190791,0.0091992077174254,other
2740,-0.003704216913519357,0.0469459545449842,interface
2741,-0.04172249644470708,0.06923294424553,interface
2742,0.003316276742168127,0.0032449233093158,interface
2743,0.2349188616850514,0.0943370931776715,interface
2744,-0.004766286775979119,0.0159406530144835,tumor_core
2745,0.008816709363323415,0.0077685193689022,interface
2746,23.86084714590587,0.3111420299044238,immune_core
2747,-0.0030620090405240287,0.0034580349673678,tumor_core
2748,-0.017109631235326484,0.0333880758536913,tumor_core
2749,0.002035706290116787,0.0063217359873536,interface
2750,0.011982889348730737,0.0236217207869315,interface
2751,-0.014516298375294062,0.0317464488092844,interface
2752,0.0023072511771352056,0.0008124305057097,interface
2753,0.05617435818492138,0.0467383111317786,other
2754,0.021399162804720005,0.0304982062629595,immune_core
2755,0.8749492629554169,0.0480668905613758,interface
2756,-0.00713736918093862,0.0327240602030669,other
2757,0.005973643168817115,0.0036914847591236,interface
2758,0.0008915781798003839,0.0029298004873516,other
2759,-0.026007948243984343,0.0255046241406421,tumor_core
2760,0.008231165279149563,0.0118043250815648,interface
2761,0.6457097893966971,0.0816497664326802,tumor_core
2762,0.0914349951022159,0.0292271814502356,interface
2763,0.01824452881434752,0.0644993845398311,interface
2764,0.01641174058812226,0.0219077760495235,other
2765,0.15255634224871698,0.1250130933787487,interface
2766,-0.6172339726585141,0.2420898203948402,interface
2767,0.0022781029882157867,0.0160372494646864,tumor_core
2768,0.03449864413465213,0.0131058814673588,interface
2769,-0.0076410750095213045,0.0148888806942909,other
2770,0.0017492512456935008,0.0046644389643406,other
2771,-0.0035455111460726218,0.0252488137911712,interface
2772,0.25698605321657264,0.055077591304977,interface
2773,-0.00040325454686297583,0.002556602248783,other
2774,-0.0024230239000711754,0.0078615929792835,other
2775,0.0015982745837083874,0.0090999146775719,other
2776,-0.000639821526439726,0.0033577032590339,other
2777,-0.013083875992320786,0.0179586770957947,tumor_core
2778,1.2042864287408561,0.2340939190708718,interface
2779,1.5685337513036979,0.0570808686993737,immune_core
2780,0.5409636727736836,0.0579272228729695,other
2781,0.011512039737809412,0.0167750691930714,immune_core
2782,0.00015588881647437747,0.0014716194312595,other
2783,0.03578768144847133,0.0063230920729156,interface
2784,0.002251007253881266,0.0058604373130367,interface
2785,0.0027389767077955294,0.0038610407410437,other
2786,0.026457226198294787,0.0110431384919599,interface
2787,-0.0034874736975464195,0.0099781672643434,other
2788,-0.03967340931286685,0.0366650638962788,other
2789,-0.008458179355939812,0.019397949658189,other
2790,0.012814556539003232,0.0133502907688113,other
2791,0.030666500995640736,0.0195504890920872,other
2792,-0.04635920902514713,0.0698451397140989,interface
2793,0.3273924722827498,0.0268971453542698,interface
2794,1.0708717935946319e-05,0.0004340132834698,other
2795,0.06952812168282542,0.043043285483881,interface
2796,0.02799358843831098,0.0406739131374879,interface
2797,-0.18504453963754577,0.0966978499484467,interface
2798,0.0006293830368534396,0.0041708159518148,other
2799,0.0014173292035149932,0.0040054338110636,other
2800,0.0004738241475171886,0.0010382739603202,other
2801,-0.34736094862311595,0.1329365909992108,interface
2802,0.04993565543718165,0.0066423287290024,interface
2803,0.0026549116577129733,0.0055460627177097,other
2804,0.001044590704134001,0.0022435213551855,other
2805,0.6490643247954035,0.1276064545291799,interface
2806,4.0581380003824966e-05,0.002338138674506,other
2807,0.00045775498938021897,0.0072615026599768,other
2808,-0.01230870802967207,0.0167837995880418,interface
2809,0.03067410687522787,0.0097491199008739,other
2810,0.013823514548970777,0.0174074109600832,immune_core
2811,-0.005215598822405849,0.0094419109976494,interface
2812,0.01911062761783935,0.028522105407865,immune_core
2813,-0.02171239762424861,0.0475250306839133,other
2814,0.014147792563229632,0.0053455999858985,interface
2815,0.0012788273084057746,0.0033824018468034,other
2816,-0.004478415821701771,0.0154686335879538,other
2817,-0.016239059815045868,0.0178985647035899,interface
2818,8.142045034207803e-05,0.0023626626564087,other
2819,0.1078811427529879,0.049986410697422,other
2820,0.15461580315640838,0.0251345054277499,interface
2821,0.013888456246967057,0.0177392071025595,interface
2822,-0.008136320793007721,0.0145421402010329,immune_core
2823,-0.13009089933401735,0.1050392368205138,other
2824,-0.004092087197972037,0.0172753066164108,tumor_core
2825,-0.09029678929855493,0.0691888710020754,interface
2826,0.001890111333881686,0.0031449725557114,other
2827,0.03705727605124505,0.0268411831018081,interface
2828,-0.00027861452189657576,0.0027051305340759,other
2829,0.0012337035760648049,0.0017725818576019,other
2830,0.001811291290200359,0.006005503782143,other
2831,0.23917510573089815,0.0556334218570239,immune_core
2832,5.799739671866474,0.3669042413171419,interface
2833,0.05510469621687822,0.11728468833829,interface
2834,0.009537313657464052,0.015338940848203,other
2835,0.08078814252618226,0.0644466471818473,other
2836,6.080164659476498e-06,0.0023183167501252,other
2837,0.00015505734559731563,0.0103272301091718,other
2838,-0.002028578031076204,0.0092098550757601,interface
2839,0.10171900072754889,0.0668195247106748,tumor_core
2840,0.000691337641043263,0.0170085371819213,other
2841,0.08017213804787394,0.0460575567077571,interface
2842,0.24731938582705756,0.0743772468121606,interface
2843,-0.002429861417461877,0.0095967627312964,interface
2844,0.08661443711300078,0.0826404154399308,interface
2845,0.02866002041617976,0.0047974459775079,other
2846,0.0013820664680251797,0.009903500214202,immune_core
2847,0.010701991564801113,0.0058111468451563,interface
2848,0.0648364704145253,0.0660696013545692,interface
2849,0.055807850190763335,0.0174417003184366,interface
2850,0.24266296014039782,0.1300909620631438,immune_core
2851,0.00043956066890911167,0.0018783025037115,other
2852,-3.587908372695413e-05,0.0037719345596738,other
2853,0.018507669229638014,0.0172251638142487,interface
2854,0.005546382336053306,0.0027483493162285,other
2855,0.0060254014770456995,0.015372046307287,interface
2856,0.00011424351274429626,0.000747412626168,other
2857,0.3692689741277189,0.2582691454066128,interface
2858,0.0005116352701354615,0.0020115493930655,tumor_core
2859,5.890013316832791e-05,0.0010037803080108,other
2860,0.23007706170863965,0.0621157090837802,interface
2861,-0.00677922860583598,0.0212272813258294,tumor_core
2862,0.0004004713797211677,0.0385634352231577,other
2863,-0.08261723350418143,0.104193803520031,interface
2864,0.014181276584361732,0.0163414078525083,other
2865,0.0017918045697712338,0.0202994552347458,other
2866,0.012838337392845577,0.0071038158131068,other
2867,0.00184121087987083,0.0019082931535966,other
2868,16.083370379306807,0.4082537578995742,interface
2869,4.54251898979515e-05,0.000103754537873,other
2870,-1.0179417845173562,0.2066934328498266,interface
2871,-0.5137696354406305,0.1522161654019216,interface
2872,-0.002163873948992924,0.0040393436829324,other
2873,-0.013778951406954733,0.03356246542384,interface
2874,0.004581326834736585,0.0089327049066493,other
2875,0.042713665420730615,0.0097589255827561,other
2876,0.001228403264595919,0.0033886694292913,other
2877,0.010805711358955299,0.024706136178747,tumor_core
2878,0.007651624306198625,0.0051296852865918,immune_core
2879,0.12423810115252375,0.0260102900680455,interface
2880,-0.5605440428220967,0.1583678353946447,immune_core
2881,0.13802513084888937,0.0296473429807737,other
2882,0.6809658634826363,0.0427424302860794,interface
2883,0.019174071902565537,0.0096513371306384,interface
2884,-0.24484280741466571,0.1494978763021349,interface
2885,0.0010780987239216052,0.0027965091578272,other
2886,-0.00641442483224876,0.0110158447226871,other
2887,0.0010794300318452293,0.0114781941540569,other
2888,-2.00330631369362,0.3767877751120027,interface
2889,0.004677562564987577,0.0037901663660589,interface
2890,0.0060902960161084724,0.0118516571188503,interface
2891,-0.9200105298385656,0.0976481339554885,interface
2892,-0.013497707739238253,0.0096357248859644,interface
2893,-0.00011486955517968358,0.0019924336616926,other
2894,0.016229060673136526,0.0074521190163109,other
2895,-0.002538063040709716,0.0085683664718075,other
2896,-0.000291075657108827,0.0025573674307629,other
2897,-0.8808801415322388,0.2196844169857672,interface
2898,0.04057049383427083,0.0123289848678282,interface
2899,0.000813345157975704,0.0170616005046748,interface
2900,-0.3016982462738568,0.2218510201125081,interface
2901,0.029539433697400884,0.0650667889058259,interface
2902,0.03294292572277434,0.042986795124127,interface
2903,-0.007225777643540368,0.0536302836477354,other
2904,0.0034283547148905103,0.008890205315279,interface
2905,3.876879009193079,0.2454258447676951,interface
2906,0.23563899338230987,0.0259765186382655,interface
2907,0.006706404054964308,0.0259136105628824,other
2908,0.006523117611193886,0.0106482022654878,other
2909,0.0004912750662139908,0.0056709541190884,other
2910,0.011896027280982109,0.0086876021511202,interface
2911,0.1469090535714583,0.0396605162607685,interface
2912,-0.000868226112407995,0.0026161874447041,other
2913,0.08300933968177442,0.0317596253085169,other
2914,0.00021958753598687585,0.0061340948093304,interface
2915,-0.03380149885743127,0.0560656318437544,interface
2916,5.247399383926325,0.1880990538148135,interface
2917,0.02252630781649351,0.0357443082443999,tumor_core
2918,0.00040154821886558543,0.0262346142888466,immune_core
2919,0.0005005809465004419,0.0111839455736004,other
2920,1.9686307726386406e-05,0.0005365557004013,other
2921,0.020579540255965968,0.0243092979111979,immune_core
2922,0.004698457948421257,0.0015896432686732,interface
2923,0.008378528152414855,0.010573060925772,other
2924,0.01310406055347592,0.0126909099466006,other
2925,0.42105522811881335,0.0815753818062874,other
2926,0.001330805851975049,0.0013222716022074,other
2927,9.691167886043231e-05,0.0010658201911613,other
2928,-0.0001867751988744933,0.0015080058717751,other
2929,-0.7097145594692218,0.1491706536204535,other
2930,0.0018881448021368641,0.0051669472982864,interface
2931,0.02034921941678061,0.0041199517216356,interface
2932,0.002131790216453833,0.0015866166367285,other
2933,0.021154796133298924,0.0215040563617072,interface
2934,0.003287824416224318,0.0033075296250158,other
2935,0.00015086277936463208,0.0021030070217699,other
2936,0.0005306697502876096,0.0070883779291542,other
2937,0.002600885409126348,0.0025353097398529,other
2938,0.00046584867989722027,0.0015020988273043,other
2939,0.0009665362731150491,0.0022312076498327,other
2940,4.9537382767582546e-05,0.0002654796649067,other
2941,-3.7369703716828497,0.481856876577126,interface
2942,0.0039252674208612665,0.0058161804944225,interface
2943,0.003082748840657633,0.010947092214113,other
2944,0.002437528954549337,0.0053522307825341,other
2945,-0.0010143714096074357,0.0082603156785453,other
2946,0.0026322728375931053,0.0042285792029026,other
2947,-0.00016841524531439244,0.0022717323791923,other
2948,0.00022579249485693806,0.0003499374272109,other
2949,0.17912481188620094,0.0596183261339217,interface
2950,0.003906978888584485,0.0121674406613039,other
2951,-0.4313509748669996,0.162656373311944,other
2952,0.5734572938108302,0.0787678842016599,interface
2953,-0.16131842208956265,0.0093418273397942,other
2954,-0.15278607826991525,0.1317367936253175,interface
2955,0.37238582741093357,0.0555627272817496,interface
2956,1.4227994190202877,0.0574092138032571,interface
2957,0.0004469628690473257,0.0007432215732279,other
2958,-0.37237273811610405,0.1987939315724972,interface
2959,0.00010943387888579744,0.0001604415142431,other
2960,0.02429351765008795,0.0080299035089548,other
2961,0.0006916775343749217,0.0021949477850574,other
2962,0.033710148096528926,0.013859399628935,other
2963,0.43258109527733785,0.0315544347415124,other
2964,0.021936130005450846,0.0157288232162737,immune_core
2965,0.006884723078800042,0.0608857738754586,immune_core
2966,0.13979013376712993,0.095577516645537,other
2967,-0.009502890861742634,0.0444353688585736,tumor_core
2968,0.00549562313512858,0.0068301632026391,other
2969,0.0008709560933468961,0.0014659764353529,other
2970,0.0001615634463992493,0.0006699901330777,other
2971,-0.39663210412184924,0.1640056847806856,interface
2972,0.0016848010431746426,0.0018075205048017,other
2973,-0.0008701603970235933,0.0011299094196606,other
2974,-0.02286810752299654,0.0044847365693653,interface
2975,-0.06740237701803323,0.0957060853488053,interface
2976,-1.8550733095444714,0.4153624944225155,interface
2977,0.0012956035432714276,0.0085289025645183,other
2978,-0.0026485285300030586,0.0105535787788262,other
2979,0.0034277350063220786,0.0053689228117614,other
2980,0.04508718269435238,0.029022369807221,interface
2981,8.179550788567618e-05,0.001865734132082,other
2982,0.00788245527053507,0.0093694883969313,other
2983,0.004948011580280541,0.010522899878771,immune_core
2984,0.3062526699380316,0.1055905801709132,other
2985,0.0005720984306402796,0.0030177567644127,other
2986,0.007565750541479458,0.0046735913591735,interface
2987,-0.015931668589606006,0.0886836184920109,interface
2988,0.11651878768746193,0.0172222252611931,interface
2989,0.0004595761205289306,0.0033523672314464,other
2990,0.0008806314422970388,0.0003286902133185,tumor_core
2991,-1.4359829302739022,0.3249127347933716,interface
2992,-2.835204327586187,0.3512900971279962,interface
2993,-0.0012967185903513777,0.0063078150454454,other
2994,0.08554259653416588,0.0829725730775074,interface
2995,0.03511194129253917,0.0187315755296365,immune_core
2996,0.020658638788587827,0.0147186199807668,other
2997,0.008968611654556861,0.0177148062310994,interface
2998,0.00042881649340983946,0.0056548893022568,other
2999,-22.317454833102747,0.9521276959084948,interface
3000,0.004484935038621385,0.002377580213755,other
3001,0.006522088062671978,0.012560461894304,interface
3002,0.0005641506386548223,0.0005230541205489,interface
3003,-0.23703155381715363,0.0511382183602433,immune_core
3004,-0.004896752223835613,0.014266300412353,other
3005,0.07364586893628491,0.0266973671975026,interface
3006,1.9575303600168068,0.2082371072766636,interface
3007,0.24631255246770814,0.03362407661782,interface
3008,0.005692385186062689,0.0248198378554705,other
3009,-0.0045491570026652125,0.008165984858223,immune_core
3010,-0.0013419165109539726,0.0125235354085552,tumor_core
3011,0.8682286671406348,0.0557666221786034,interface
3012,0.0007704534230739538,0.0012293701707259,other
3013,0.007213260226505519,0.0049573058950363,other
3014,0.00011381055193653712,0.0010158143089098,other
3015,-0.0019030472254987893,0.0156541093496648,other
3016,-0.046236421420083704,0.0457721450549278,interface
3017,-0.061533026311945224,0.0422553464532569,other
3018,-1.5828027376793583,0.2421617299083925,interface
3019,0.0024914625592743433,0.0114421785171983,other
3020,0.00437141664799081,0.0053993922330088,other
3021,-0.22650226170684906,0.1175066997967328,interface
3022,0.0013553631906459852,0.004875210757657,other
3023,0.005793315018680061,0.0028467482057439,other
3024,0.02058462297477393,0.0619705712301057,interface
3025,0.22534937078544845,0.1032748552905519,interface
3026,-0.0062538707101594945,0.0091884843477706,interface
3027,0.010961999484431236,0.008639137389328,other
3028,0.00512361558873863,0.0055952415765923,other
3029,0.03364801564366771,0.0720469019751011,interface
3030,0.0021700020925269764,0.0028896068365022,other
3031,0.00027341947708166,0.0030044299189913,other
3032,0.005511111981902519,0.0095043972078165,other
3033,-0.03654843494658489,0.046299331970736,interface
3034,10.07570279188043,1.367172477617116,immune_core
3035,0.15378543330942834,0.0204276297871191,interface
3036,0.0029322011114897547,0.0076611774930732,interface
3037,0.015026420157042884,0.0032333337585115,interface
3038,0.05284105610303275,0.0121362311196808,interface
3039,5.4732768590311035e-05,0.0001620108982468,tumor_core
3040,-0.005961150496269137,0.02176245433182,tumor_core
3041,0.0007547671576069747,0.0011857580195132,other
3042,0.00018065154427439892,0.0006397561195041,other
3043,0.005583868241589162,0.0067791916515675,interface
3044,-0.017763117686838133,0.0376774795543891,interface
3045,-0.07758468911078031,0.0886796690964856,interface
3046,-0.00026648227474931956,0.0033463646239708,other
3047,0.008196948025277827,0.0096821662042646,other
3048,-0.019570487940667094,0.0519597630076243,other
3049,0.05689363038261629,0.069616075043459,immune_core
3050,-0.0001841518148619025,0.0034086613589215,other
3051,0.06382710667260762,0.0286018990043362,interface
3052,0.001087012890176472,0.0002824780663005,other
3053,-0.0009407891101531775,0.0276265302166128,interface
3054,-0.0013774879352322538,0.0051455237709351,tumor_core
3055,0.0006193916288183151,0.0036005086303716,other
3056,0.0009920713098147274,0.002359084394395,other
3057,-0.7852910323072819,0.7055810005504597,interface
3058,-0.001957728434862635,0.0323233077833422,immune_core
3059,0.0003081171118920316,0.0017362052130408,other
3060,0.0005921095040753634,0.0030388319769528,other
3061,0.04879441814089052,0.0259656166784424,interface
3062,1.3177368157725988,0.2161861264467885,interface
3063,1.3259835425465125,0.1901794755162203,interface
3064,0.03167163547789638,0.015133444661046,interface
3065,-0.022508088741715802,0.0275717498289599,tumor_core
3066,0.0010212716630033627,0.0015721769447128,interface
3067,0.007971103729023855,0.0031634227241848,other
3068,0.0003414044395248015,0.0029690744655443,other
3069,-0.06771365380100323,0.0091717947779863,interface
3070,-6.854977312771475e-05,0.0011344316330648,other
3071,0.00019463143994507062,0.0010574410746719,other
3072,0.2734249758841924,0.1020345006548842,interface
3073,0.08757530289927105,0.0202458325410602,interface
3074,-3.495781411286432e-06,0.003592582457758,other
3075,0.05878510732451918,0.0654571371492312,interface
3076,0.00046014808109743905,0.0029163705957643,other
3077,0.5272394998882268,0.0905959453010031,interface
3078,3.104367076418262,0.271143374440801,interface
3079,-0.022208558661115027,0.0702858205593888,interface
3080,0.00011195352054576629,0.0005146950904241,other
3081,-0.5461616063417853,0.1766961733931598,interface
3082,2.497491015482987,0.1067686257562375,interface
3083,0.07689608222662056,0.0130879536066163,interface
3084,0.0061986689127718556,0.0042446828516246,other
3085,0.0006378590267391205,0.0012100863312601,other
3086,0.03470396050784749,0.0187003955969999,other
3087,0.0021486731580636757,0.0064475392524855,tumor_core
3088,0.0007977403812230538,0.0199349222234242,tumor_core
3089,-0.01901677725651944,0.0344940305385358,immune_core
3090,-0.0002681123394509469,0.0010609125883273,tumor_core
3091,-9.363307150838692e-05,0.0028157351881486,other
3092,0.011880804920597197,0.0029518426598772,interface
3093,-0.004298926266124004,0.001472094591186,other
3094,0.0005586947325967322,0.0008372249053519,other
3095,0.2146816549318447,0.1106632787534485,interface
3096,0.1447933211839162,0.0391586413087642,interface
3097,-0.010419921440174205,0.0245657971366917,interface
3098,0.03517699835985218,0.0218430619408998,interface
3099,-0.007518682191679533,0.0076448013907831,other
3100,0.08324159734765557,0.055245532489584,interface
3101,0.0006006700894636731,0.0016620703991455,other
3102,0.015628986845421234,0.1007849900657993,immune_core
3103,0.003533606087722527,0.0094276322577999,immune_core
3104,-0.008816980264630759,0.0329398173076149,other
3105,-0.012439313710851675,0.0331443670063276,other
3106,0.0033244786233777327,0.0127371568093055,interface
3107,0.11095313731373563,0.0218294198185009,interface
3108,2.5897905933693066e-05,0.0011199322157853,other
3109,0.02409125521331852,0.0103528687104996,interface
3110,1.2684430427167201e-05,8.498856513103341e-05,other
3111,-0.09777019705924016,0.0597776644714321,interface
3112,0.0006570012129093311,0.0009068153261386,other
3113,5.192740011074278,0.3471394401030557,interface
3114,0.08025017957894466,0.0081916261373404,other
3115,-0.0022852901378723604,0.0125760933231929,other
3116,0.2019439795512498,0.0428699784485861,interface
3117,0.00172505483701034,0.0015110885643618,other
3118,-0.1608758224592361,0.1431355559702722,immune_core
3119,5.065563054119957,0.1659904933034175,interface
3120,-0.3338972961318108,0.1195373362882805,interface
3121,-0.16033794221920772,0.1615351395371253,interface
3122,0.0023817873894640376,0.0036681147802808,tumor_core
3123,3.4271495554957974e-05,0.0026463740724835,other
3124,0.00814372288844303,0.0041950913964084,interface
3125,0.0005646526964428376,0.0068342177310551,other
3126,0.0026472419851969855,0.0069003090880435,other
3127,0.0989447723527057,0.0669733831113433,interface
3128,-0.05389218742279321,0.0482632895561504,immune_core
3129,-0.08002012411646114,0.0530622000948945,other
3130,0.002374215241373089,0.0013506331551003,interface
3131,-0.0020835200958095887,0.0105845778874415,other
3132,0.003631473705476401,0.0023210063444943,other
3133,0.001123383529049688,0.0431623643186681,other
3134,0.01353269599881709,0.0300724688077789,interface
3135,15.98097680580712,0.3465355121648331,other
3136,-0.00011350259144369866,0.0012988914162598,other
3137,-8.249880168107101e-05,0.0011399730571631,other
3138,1.5659965057154144,0.2288986172155216,interface
3139,-0.0006080892024291469,0.0086475065361376,other
3140,0.0031125866069876746,0.006014580115497,other
3141,0.0006084232298698557,0.0005892039458581,other
3142,0.311658703450593,0.0477707108299046,interface
3143,-0.06873907221177109,0.0144485524739087,immune_core
3144,-0.02013673524114052,0.0239304178165608,other
3145,-0.0016859409043742187,0.0141925556289426,tumor_core
3146,1.1278073256398087,0.3330200996305039,interface
3147,0.057631825841063834,0.0897454027664428,interface
3148,-0.007527097923675239,0.0140598267339574,interface
3149,0.003927500884544967,0.0249899960046092,interface
3150,9.161706512726715e-05,0.0002406752904018,other
3151,-0.1216737954818828,0.0540346676162098,interface
3152,0.0028460514307399576,0.0058104672479129,other
3153,0.021227660503373186,0.0095661582722915,other
3154,-0.029741400544915378,0.0158326317752244,other
3155,0.0015665699196367136,0.0019459915050053,other
3156,0.00021280485849182158,0.0079900443469274,other
3157,-0.016202915220676493,0.0108910049093678,interface
3158,0.00014942920888762358,0.0005958590176394,other
3159,3.875316500385888,0.288344022976125,interface
3160,9.947959904876072e-05,0.0012428030210826,other
3161,-0.4148653391608192,0.291427315096791,interface
3162,0.04062399940242145,0.0426169780584831,interface
3163,0.058937590209547204,0.011503481630448,interface
3164,0.0012575618474474778,0.0009874606421747,other
3165,0.2126760736608666,0.0284730633603015,interface
3166,0.0005562441276082302,0.0018016462319981,other
3167,-2.0075639915323387,0.297026311998005,interface
3168,-0.023963650966006445,0.0414467037281083,interface
3169,0.321382411485766,0.318664163528438,interface
3170,-0.0007512980189444509,0.0084241953603633,other
3171,0.2640245902532777,0.0434332307200558,interface
3172,6.880806061054428,1.169725886765452,interface
3173,0.12692550473530223,0.0271251212164288,interface
3174,0.005857404605624142,0.0129354126914782,interface
3175,0.5448673945900636,0.2836268363468393,interface
3176,0.004408387071635403,0.0030622877746358,other
3177,0.33670116611046197,0.069714653631185,interface
3178,-1.5780066308828726,0.3127210343081986,interface
3179,4.152431682233543,0.8916046953149542,interface
3180,-0.12287240372781433,0.0942964748798039,other
3181,0.003373515579568772,0.007531409397157,interface
3182,0.022659226984433838,0.0111154882861962,tumor_core
3183,-1.4355286157326281,0.24160135709379,interface
3184,0.31142856421778636,0.0968874956928849,interface
3185,0.30886912828558,0.1094125912519184,interface
3186,0.0018650161881626917,0.019971967395665,other
3187,-0.005429896425158052,0.0268732565936267,other
3188,0.9408521960162923,0.3404147912563227,interface
3189,0.14383190011528005,0.0697026486352002,interface
3190,0.005144676648464682,0.0085407493389661,other
3191,0.11037738621968385,0.0162447074796098,interface
3192,0.0006098048397655607,0.0074138886546572,other
3193,0.002455148055690403,0.0044432398389572,tumor_core
3194,0.0021107728840231437,0.0065058443362333,other
3195,0.02533660301397675,0.0156183168000288,other
3196,0.5641757425986936,0.0661520625227483,interface
3197,-0.03800174664762122,0.0503936532250769,other
3198,-0.004268358438513227,0.011895307921298,other
3199,0.0027363470998517016,0.005619267280951,other
3200,-12.152664110017906,0.7477044612559592,interface
3201,-0.00019098803753695286,0.0036135509064912,other
3202,0.10523664458166292,0.0270839049873557,interface
3203,0.0006414638897976857,0.002743717593024,interface
3204,0.0003239152320517969,0.0006761163453919,other
3205,0.09736158720946504,0.0335782297114557,interface
3206,0.13712925879008733,0.0505350501955132,interface
3207,-0.009830809599739837,0.0197312800687475,immune_core
3208,-0.0013585736199201086,0.0148236647483218,other
3209,0.0008527798963430557,0.0028876781539687,tumor_core
3210,5.680800098138794e-05,0.0001614715837926,other
3211,0.02533198853461023,0.0059363875793817,other
3212,0.005320740734919675,0.0042154219842583,interface
3213,0.00032390731708958973,0.0021892348878669,other
3214,-0.2606980003297634,0.0276502916466135,immune_core
3215,0.001152530836257537,0.0032479477337586,other
3216,0.0013072159803440451,0.0056413605757842,other
3217,-0.03450029418098013,0.0712428466243539,interface
3218,0.18133019885050183,0.0560811220620972,interface
3219,0.00014321524912039622,0.0007191523452046,other
3220,0.011273035254445108,0.0185687090042494,other
3221,-0.005154830714046914,0.0161964798988078,interface
3222,0.0004976789822448045,0.0013641464356024,other
3223,-0.0031519419958788266,0.0152821339801828,other
3224,-0.011021665675188034,0.0435943745374296,other
3225,-0.0003802391744973114,0.0008149181969362,other
3226,0.0006609115477052697,5.955255737921291e-05,other
3227,-0.303923146962364,0.2565362166029646,interface
3228,7.703017379137025e-05,0.0004441244393241,other
3229,0.026739427532554868,0.0053633543738404,interface
3230,0.0024433458255777455,0.0077914400604643,tumor_core
3231,0.6253400882203668,0.1116011614464306,other
3232,0.000976040179964714,0.0029484083130994,other
3233,-1.014711353631277,0.0789266534421887,interface
3234,0.00034317032471023923,0.0023824499507693,tumor_core
3235,0.02478279616418214,0.0092008986794645,interface
3236,-0.0033850477619277687,0.010448827531538,other
3237,0.002133611522147064,0.0239451411824319,other
3238,-0.08343014363436337,0.0553477836925692,immune_core
3239,0.010471183269343558,0.0050262702451358,interface
3240,-0.0006305474512609398,0.0330317740971651,immune_core
3241,0.09241766788444684,0.0765855811263636,interface
3242,0.0049640253176866005,0.0086651052523324,immune_core
3243,-0.004963282264778655,0.0136580109065778,other
3244,0.0004146485652026214,0.0010930586785209,other
3245,-0.001637419666738039,0.0113806986353551,other
3246,0.11956639079746527,0.0673007713433756,other
3247,0.1196334384787367,0.0285534702729134,interface
3248,0.5980863817182829,0.2254612516835292,interface
3249,-0.7159501398545688,0.199407072876893,immune_core
3250,4.9781462033171986e-05,0.000677844913662,other
3251,0.007446093244202674,0.0063416461372324,interface
3252,-0.0021004463231172614,0.0094631422954886,interface
3253,0.0005675195757694188,0.0034858449146245,other
3254,0.0034731068102783033,0.0271084842107593,other
3255,0.00010196687810078107,0.0002893869334639,other
3256,0.007369336943355838,0.02314640506018,other
3257,-0.00011163830118739451,0.0025318068781377,other
3258,-0.004469783964605481,0.0046337270997865,other
3259,0.023010438658664506,0.0189239373653059,interface
3260,8.565475726097156e-05,0.0003493361096656,other
3261,-0.32696787051910897,0.0375888889202518,other
3262,8.847922877911278e-05,0.000594634613055,other
3263,0.037964577064792684,0.0215729797576878,other
3264,0.0001196330083492185,0.0008815215127092,other
3265,2.8630120463060127,0.1966269708576247,interface
3266,0.03475104768218722,0.0099792346653565,other
3267,0.007499729608841864,0.011642779949225,interface
3268,1.0392357299689523,0.0614547260943203,interface
3269,0.05219432425309253,0.0775544239679583,immune_core
3270,-3.09403593021469,0.6832852928249424,interface
3271,-0.0007251195128589773,0.0845115169155624,interface
3272,0.22245042354130187,0.0562316452257532,interface
3273,-0.007366604811283967,0.0213343815305305,other
3274,8.12522414913458e-05,0.0018968839118034,other
3275,-5.0971809911757476e-05,0.0003119698960976,other
3276,0.004982574843335583,0.0145609458326777,other
3277,0.007585751703547208,0.0097698240089718,immune_core
3278,0.012539980816741958,0.0200454500593402,other
3279,-0.007343280353414826,0.0540614595901136,interface
3280,0.0003582016250899964,0.0020635776507465,other
3281,-0.00886027363960149,0.0028024028941927,other
3282,0.8031445235179614,0.1668396813550468,interface
3283,-1.2783837757827117e-05,0.0003001877891334,other
3284,-0.029044023179198148,0.0298095874526814,other
3285,0.005483008436624136,0.0070523504010611,interface
3286,-0.5002677965965876,0.1298993380392208,interface
3287,-0.022133260942053753,0.0316443114217513,interface
3288,5.9997438295212056e-05,0.0003814919087372,other
3289,0.005989273820750429,0.0081938494173453,other
3290,0.0015521296109778384,0.0003716539263681,interface
3291,1.9045994784377303,0.4414719558242073,interface
3292,0.001250055743268657,0.0006977563747528,interface
3293,-0.05284986884736051,0.043713626324757,immune_core
3294,1.2714999338483397,0.2313768255204337,interface
3295,0.001637870907555588,0.0207748980476755,interface
3296,0.22364249817093618,0.0863040606356963,tumor_core
3297,0.015427815053240531,0.0147876427680563,other
3298,0.00028216003939302226,0.0018428738547474,other
3299,-0.004601393947031784,0.0088810841906884,other
3300,-0.024328993214923336,0.0439868615055546,interface
3301,-0.0009695934824098119,0.008133183203474,other
3302,-0.00015865694827893516,0.0074504162756375,tumor_core
3303,-63.618296484935534,2.007014844841734,other
3304,6.283789035364622e-05,0.0008525153502647,other
3305,0.004585924998438585,0.007004520776216,other
3306,-0.01459079571573127,0.032988379436941,immune_core
3307,0.013341041238145016,0.0167055900938956,other
3308,0.0013086986446478998,0.0010786863616566,interface
3309,0.0018215426107111665,0.003393101083162,other
3310,0.0013670168105790314,0.004744859451005,other
3311,0.0007114301744077223,0.0083879745019305,immune_core
3312,0.0007646850336986211,0.0030928974454793,other
3313,0.03502767827015109,0.0181739616000733,interface
3314,-0.005145952049383489,0.008399465840045,other
3315,0.017207693537874574,0.0063021422648493,interface
3316,-1.4165876593345692,0.2244571673783069,interface
3317,0.004440895744024017,0.0031315150981694,immune_core
3318,0.04098496814454222,0.0090128823238624,interface
3319,0.0031801852967274042,0.0036338613689746,other
3320,0.0441907034597721,0.0295158831384652,interface
3321,-0.001592055399703355,0.0068658170257334,interface
3322,-1.6362410498504436,0.0401643393182316,other
3323,0.0017858253688920111,0.0025659988885005,other
3324,0.02202073132324337,0.0089140919346053,interface
3325,0.0019447996432478312,0.0055652381259482,other
3326,0.0006725171580804698,0.000605371067496,other
3327,0.2438955344627331,0.0135450955270566,other
3328,-0.00043054332991484135,0.010309012669316,other
3329,0.010604517271060706,0.0055513217373089,tumor_core
3330,0.018837450414346698,0.001593084882695,immune_core
3331,0.03178610965106106,0.0078496704712508,interface
3332,-0.1115338165071564,0.141951523331403,interface
3333,0.21600280927425314,0.1123393476272151,interface
3334,9.056002288266153,1.4436165782799215,immune_core
3335,0.0004561434384572222,0.0063312489301202,tumor_core
3336,0.17438628475949314,0.049029576569571,interface
3337,0.00927859326256918,0.0177740946469528,other
3338,0.9557289824807098,0.0490350758357217,interface
3339,-0.0166795519840659,0.0492885861789292,interface
3340,0.11112123398504725,0.0423021122822941,interface
3341,3.383875709213162e-05,0.0028060886331727,interface
3342,-0.48898217031343594,0.1308384690903516,interface
3343,-0.3372494818653511,0.133691349892099,interface
3344,-3.14157429951136,0.3933680078795539,interface
3345,-0.0010933563187791194,0.045285475685867,interface
3346,-0.03093778185064462,0.0722785748531469,immune_core
3347,0.12596867916813054,0.0608441931480847,interface
3348,0.01836763665937246,0.0067765285373247,other
3349,0.0017278288470524475,0.017269113849701,other
3350,0.009023309539960545,0.0243554317120122,other
3351,0.009116213741453797,0.0149024599136241,other
3352,-0.02345920454023346,0.0279259245680364,interface
3353,0.03673127066732248,0.0132231795296428,interface
3354,-0.03838536268764377,0.2914791911426008,interface
3355,0.6792361643732089,0.1126022656079738,interface
3356,0.023862089886414833,0.0239372103999956,other
3357,0.11623284120933483,0.101170862109513,other
3358,7.948388002884676e-05,0.0134433832736529,other
3359,-0.0294007270528705,0.0164694129446289,interface
3360,0.03411192533993547,0.019524524918845,tumor_core
3361,0.0016634467466750385,0.0027965367322903,other
3362,-0.08998747030907651,0.0328967234866745,other
3363,-0.00040956967420193574,0.0053652707013688,other
3364,-0.00022573835576973703,0.0017455728817692,other
3365,0.0024777307453938166,0.0073302029998864,other
3366,0.00021244672992093075,0.0007039232665822,other
3367,0.0052927594263416635,0.0075880991983861,other
3368,-0.12375200734852562,0.0564433740396817,interface
3369,3.647452214087473,0.3041759470854805,immune_core
3370,0.025446113724790498,0.0118512175722791,interface
3371,0.003267052253672473,0.003237812172193,tumor_core
3372,-0.01313430673761318,0.0371119096095793,other
3373,0.009775644271855337,0.0052367284971808,other
3374,0.004767451835053584,0.0172614014348581,immune_core
3375,0.0291128950627193,0.0086750371266837,other
3376,0.036426410591353126,0.011230294805542,other
3377,0.08011599345633125,0.0113265800446561,interface
3378,0.0012276314616532084,0.0024784798604282,tumor_core
3379,-0.015645037961028237,0.0297833856704314,other
3380,-0.006665397332453813,0.0162753894230706,other
3381,7.296251525316016e-05,0.0007962306732023,other
3382,-0.10655298151184128,0.0122666482412029,interface
3383,-0.16144569851163265,0.0921361668920319,interface
3384,-0.03598705389834678,0.0316471028869149,interface
3385,0.0014176058480963665,0.0238932930974835,tumor_core
3386,5.060132499614453,0.1189297224881046,interface
3387,-0.13811991951093475,0.0183453865990472,other
3388,0.1412164758173674,0.0450549781333711,interface
3389,-0.0479860628803285,0.0390155593832849,interface
3390,0.011715946693948228,0.0642790473824796,interface
