i,j,flux_wedge,abs_flux,region_i,region_j,flux_exact,flux_coexact
0,162,0.3209671109224878,0.3209671109224878,other,other,0.21440584204972835,0.10656126887275946
0,438,-0.0565693450628736,0.0565693450628736,other,other,-0.03584998313432136,-0.02071936192855224
0,980,0.170252656903959,0.170252656903959,other,other,0.21823777929462984,-0.04798512239067085
0,1541,-0.2204230511702918,0.2204230511702918,other,immune_core,-0.3447146465999873,0.1242915954296955
0,202,-0.1972483488751765,0.1972483488751765,other,immune_core,0.13262406133096766,-0.32987241020614416
0,890,0.3212663407026336,0.3212663407026336,other,other,0.15354200369692986,0.16772433700570374
1,1373,0.1349345580854747,0.1349345580854747,other,other,0.10683468349926045,0.02809987458621424
1,1267,0.0283753301613805,0.0283753301613805,other,other,0.007325415374849647,0.021049914786530854
1,561,0.1523565145902631,0.1523565145902631,other,other,0.16675488299931607,-0.01439836840905298
1,304,0.1535527383358239,0.1535527383358239,other,other,0.16316004966925401,-0.009607311333430124
1,546,0.2320616168019078,0.2320616168019078,other,other,0.2312938568435622,0.0007677599583455763
1,907,0.2102366522595926,0.2102366522595926,other,other,0.23614851539172102,-0.025911863132128427
2,922,0.0309155558308292,0.0309155558308292,other,other,0.016100917828401194,0.014814638002428007
2,1564,-0.2106473395070832,0.2106473395070832,other,other,-0.25824698108401434,0.04759964157693114
2,535,0.0495337360811784,0.0495337360811784,other,other,0.09188348625920602,-0.04234975017802762
2,115,0.0302828186966345,0.0302828186966345,other,other,0.002355131148891784,0.027927687547742715
2,243,-0.0270255979843844,0.0270255979843844,other,other,-0.031150339892228922,0.004124741907844523
2,1054,0.0470942988818877,0.0470942988818877,other,other,0.0992112054418485,-0.0521169065599608
3,443,0.2020545683992159,0.2020545683992159,other,other,0.18136661900931894,0.02068794938989696
3,913,-0.33678521519784,0.33678521519784,other,immune_core,-0.3602363568143716,0.023451141616531612
3,1390,-0.0524825554474817,0.0524825554474817,other,other,-0.046871542919264764,-0.005611012528216934
3,260,-0.08564714704622,0.08564714704622,other,other,-0.06373641298540694,-0.021910734060813064
3,383,0.1160868947519584,0.1160868947519584,other,other,0.11280215467580212,0.00328474007615627
3,993,0.1075250462079778,0.1075250462079778,other,other,0.12742729850216816,-0.019902252294190362
4,599,-0.3653151779001847,0.3653151779001847,other,immune_core,-0.48739253891352313,0.12207736101333844
4,1487,0.1630875846708105,0.1630875846708105,other,other,0.21322721902369557,-0.05013963435288507
4,1076,0.0476811984918268,0.0476811984918268,other,other,0.03581466700936899,0.01186653148245781
4,459,0.1825592730861234,0.1825592730861234,other,other,0.22792986096397722,-0.04537058787785381
4,707,0.0471290741383907,0.0471290741383907,other,other,0.07000632663120654,-0.022877252492815837
4,1104,0.1478776838788045,0.1478776838788045,other,other,0.16343414680363955,-0.015556462924835035
5,882,0.1942221138454129,0.1942221138454129,immune_core,other,0.18688677567050832,0.007335338174904588
5,968,0.1986687187744701,0.1986687187744701,immune_core,other,0.15490830162420066,0.04376041715026943
5,779,-0.0175849191195875,0.0175849191195875,immune_core,other,0.18123857504144014,-0.19882349416102765
5,799,0.2817417945229504,0.2817417945229504,immune_core,other,0.24313343938148457,0.03860835514146582
5,1434,0.2619211468361913,0.2619211468361913,immune_core,other,0.21658373358919447,0.045337413246996805
5,988,0.2995059873306999,0.2995059873306999,immune_core,other,0.23572408560734476,0.06378190172335513
6,978,1.672150670027153,1.672150670027153,interface,interface,0.803784244024035,0.8683664260031179
6,1393,0.3235737549633176,0.3235737549633176,interface,interface,-0.010890294163233616,0.3344640491265512
6,1058,0.0028279037106335,0.0028279037106335,interface,interface,0.9965606653846015,-0.9937327616739681
6,1514,0.2765412421511692,0.2765412421511692,interface,interface,0.43763474043182604,-0.16109349828065683
6,855,1.1732856990006963,1.1732856990006963,interface,interface,1.2968203523257913,-0.12353465332509495
6,1140,-0.041983982846601,0.041983982846601,interface,interface,-0.11751575472053033,0.07553177187392933
7,1164,2.4160928958599435,2.4160928958599435,interface,interface,1.77148888828824,0.6446040075717034
7,648,0.7110713640367304,0.7110713640367304,interface,interface,0.6762322414862523,0.03483912255047816
7,1061,2.0283479747077124,2.0283479747077124,interface,interface,1.808219175044337,0.2201287996633754
7,971,-0.1823170266560643,0.1823170266560643,interface,interface,0.5138883784867684,-0.6962054051428327
7,1102,0.4476357551615396,0.4476357551615396,interface,interface,0.23947728071107965,0.20815847445045993
7,548,0.7082983531298717,0.7082983531298717,interface,interface,1.1198219369998064,-0.4115235838699347
8,1086,-0.1902474747938,0.1902474747938,other,interface,0.22613902475187164,-0.41638649954567164
8,499,0.0444531637154552,0.0444531637154552,other,other,-0.011730732422789325,0.056183896138244524
8,892,0.1515256629849708,0.1515256629849708,other,immune_core,0.09596709155054972,0.055558571434421083
8,81,0.0261376044413714,0.0261376044413714,other,immune_core,0.055105494313786474,-0.028967889872415074
8,1167,0.1407086949094013,0.1407086949094013,other,other,0.0022682303487671085,0.1384404645606342
8,645,0.1874745552851088,0.1874745552851088,other,interface,-0.007696464856003227,0.19517102014111204
9,1260,-0.1461643129484112,0.1461643129484112,immune_core,interface,0.19391647732295014,-0.34008079027136134
9,1584,0.5568185224987484,0.5568185224987484,immune_core,other,0.5492658398014172,0.0075526826973312255
9,328,0.1903341283861774,0.1903341283861774,immune_core,interface,0.25586157121915376,-0.06552744283297637
9,1051,0.2397706404792125,0.2397706404792125,immune_core,immune_core,0.22385603599490922,0.01591460448430329
9,143,0.6613014452398126,0.6613014452398126,immune_core,other,0.5997792708633374,0.061522174376475225
9,1250,0.7359618028384348,0.7359618028384348,immune_core,other,0.4153419751051355,0.32061982773329933
10,200,-0.1657865972247078,0.1657865972247078,interface,interface,0.06166952412782312,-0.2274561213525309
10,1494,0.8718408114567934,0.8718408114567934,interface,interface,0.5226811222263925,0.34915968923040086
10,581,0.0147122188022987,0.0147122188022987,interface,interface,0.26958332918775396,-0.25487111038545524
10,411,0.5625233906044154,0.5625233906044154,interface,interface,0.33051083570188666,0.2320125549025287
10,129,0.632969505790662,0.632969505790662,interface,interface,0.4208887029581809,0.2120808028324811
10,1453,-0.1672304076726263,0.1672304076726263,interface,interface,0.14369611296825435,-0.31092652064088067
11,727,-0.0162295177454721,0.0162295177454721,other,other,0.07247293373451003,-0.08870245147998213
11,575,0.1071125745189397,0.1071125745189397,other,other,0.12589078959024302,-0.018778215071303325
11,60,0.5216185514904402,0.5216185514904402,other,tumor_core,0.4242621592302025,0.09735639226023773
11,1469,-0.1115617661635176,0.1115617661635176,other,other,-0.1450279723671981,0.033466206203680515
11,1433,-0.0469334325627861,0.0469334325627861,other,other,0.016698649865633297,-0.06363208242841939
11,1382,0.1820051764365932,0.1820051764365932,other,other,0.14171435859742787,0.04029081783916533
12,362,1.2788268823270643,1.2788268823270643,interface,interface,0.7306340640781599,0.5481928182489044
12,1514,-0.0142736890081353,0.0142736890081353,interface,interface,-0.07215550055464648,0.057881811546511175
12,167,-0.4418766888143629,0.4418766888143629,interface,interface,-0.22010112416950878,-0.2217755646448541
12,708,-0.6946565676791967,0.6946565676791967,interface,interface,-0.43233631443517195,-0.26232025324402475
12,1140,-0.8764247139939575,0.8764247139939575,interface,interface,-0.6273059957070029,-0.24911871828695464
12,1393,-0.393539804835651,0.393539804835651,interface,interface,-0.5206805351497061,0.12714073031405515
13,1218,0.2028350321404143,0.2028350321404143,immune_core,other,0.1824601036732161,0.020374928467198183
13,213,-0.0114484691242849,0.0114484691242849,immune_core,immune_core,0.060078608408607334,-0.07152707753289224
13,1150,0.2203247268672749,0.2203247268672749,immune_core,other,0.24531261297427828,-0.024987886107003393
13,63,0.0553560558728353,0.0553560558728353,immune_core,interface,0.194812814506154,-0.13945675863331872
13,943,0.2457119130947287,0.2457119130947287,immune_core,immune_core,0.0786350778524324,0.1670768352422963
13,1365,0.5226166734393256,0.5226166734393256,immune_core,other,0.47409656530134564,0.04852010813797997
14,599,-0.7733093271629559,0.7733093271629559,other,immune_core,-0.7716490867164639,-0.001660240446491934
14,443,-0.0016667931513266,0.0016667931513266,other,other,0.019758113588730586,-0.021424906740057186
14,588,-0.0023385637623529,0.0023385637623529,other,other,-0.020258231892654632,0.01791966813030173
14,1331,0.0287664539359776,0.0287664539359776,other,other,0.019154010156420154,0.009612443779557445
14,229,-0.2360828666601687,0.2360828666601687,other,other,-0.22208771483187648,-0.013995151828292224
14,579,-0.1135011662310305,0.1135011662310305,other,other,-0.12304902392687009,0.009547857695839587
15,503,0.1844542034638218,0.1844542034638218,other,other,0.23492029566595862,-0.050466092202136825
15,386,-0.0735374768859171,0.0735374768859171,other,other,-0.006094154665623384,-0.06744332222029371
15,911,-0.1851835167693828,0.1851835167693828,other,other,-0.14265045867859608,-0.042533058090786724
15,1306,-0.0843371523780779,0.0843371523780779,other,other,-0.08224839168333917,-0.002088760694738734
15,596,0.0666939959036982,0.0666939959036982,other,other,0.021971965174602096,0.04472203072909611
15,1311,0.0851700804853465,0.0851700804853465,other,interface,-0.03263914646575055,0.11780922695109705
16,448,0.1457223176720728,0.1457223176720728,interface,interface,0.1289669539925309,0.01675536367954189
16,484,-0.142680707174349,0.142680707174349,interface,interface,-0.7223351874822254,0.5796544803078764
16,1375,0.1213408168851088,0.1213408168851088,interface,interface,0.19272804780239833,-0.07138723091728953
16,714,0.2432778736604743,0.2432778736604743,interface,interface,0.3672476994018991,-0.12396982574142482
16,423,0.2440793308170656,0.2440793308170656,interface,interface,0.2775851199697469,-0.03350578915268129
16,191,-0.0107129609287254,0.0107129609287254,interface,interface,0.35683397127724426,-0.3675469322059697
17,1272,-0.2827762011549584,0.2827762011549584,interface,immune_core,-0.13844576028400257,-0.1443304408709558
17,1030,-0.1748952041293588,0.1748952041293588,interface,other,-0.18523858489197845,0.010343380762619647
17,1546,-0.0781110687002839,0.0781110687002839,interface,other,0.0393475896481309,-0.1174586583484148
17,1232,-0.0535534509964682,0.0535534509964682,interface,other,-0.1119229709315353,0.0583695199350671
17,1270,0.0220396747903578,0.0220396747903578,interface,interface,0.1068136922562582,-0.0847740174659004
17,644,0.3592227328555398,0.3592227328555398,interface,tumor_core,0.08137266829576914,0.2778500645597707
18,992,0.0262304762009425,0.0262304762009425,interface,interface,0.06133043476183897,-0.03509995856089647
18,1475,0.1196807905033596,0.1196807905033596,interface,interface,0.14514289871471953,-0.025462108211359927
18,125,0.14495056811201,0.14495056811201,interface,interface,0.10640832890030139,0.0385422392117086
18,903,0.1160446195088166,0.1160446195088166,interface,other,0.019830647512295574,0.09621397199652103
18,293,0.0546485984376498,0.0546485984376498,interface,other,0.1115197558550215,-0.0568711574173717
18,1185,0.3275337678757595,0.3275337678757595,interface,tumor_core,0.3448560479540956,-0.017322280078336083
19,781,-0.004485835849362,0.004485835849362,other,other,-0.11792784287975545,0.11344200703039345
19,1295,0.0273158218320404,0.0273158218320404,other,other,0.04379048190044989,-0.01647466006840949
19,1567,0.0854928460213088,0.0854928460213088,other,tumor_core,0.09583001469284305,-0.010337168671534253
19,440,0.1363739868161251,0.1363739868161251,other,tumor_core,0.2733243425587818,-0.1369503557426567
19,176,0.1550125250848139,0.1550125250848139,other,tumor_core,0.19357108615880086,-0.038558561073986974
19,145,0.0844573634106697,0.0844573634106697,other,tumor_core,-0.0044213504174662605,0.08887871382813596
20,540,0.0922566926511746,0.0922566926511746,interface,interface,0.03456744828648349,0.05768924436469111
20,1555,-0.0415714454703436,0.0415714454703436,interface,interface,0.061838622967256895,-0.1034100684376005
20,1256,-0.0524050841141389,0.0524050841141389,interface,interface,-0.006504598971043718,-0.04590048514309518
20,65,-0.0858297377750436,0.0858297377750436,interface,other,-0.289269000298654,0.2034392625236104
20,1577,-0.0461523321104496,0.0461523321104496,interface,interface,-0.15200299331509626,0.10585066120464666
20,549,0.1903910916218887,0.1903910916218887,interface,other,0.408059789633247,-0.21766869801135832
21,659,0.0963320624191251,0.0963320624191251,other,other,-0.014433049123106986,0.11076511154223209
21,593,-0.0348993486417354,0.0348993486417354,other,other,0.006333002381636324,-0.04123235102337172
21,567,0.2247151375575121,0.2247151375575121,other,tumor_core,0.1555146155672255,0.06920052199028659
21,1425,-0.1945145467991916,0.1945145467991916,other,other,-0.28444872161800083,0.08993417481880922
21,1445,0.2395813675236312,0.2395813675236312,other,tumor_core,0.32157338399020163,-0.08199201646657042
21,812,-0.2784444385152658,0.2784444385152658,other,other,-0.1317689087462387,-0.1466755297690271
22,1222,1.137822412303367,1.137822412303367,interface,interface,0.8104760945018328,0.3273463178015341
22,46,0.221692727344927,0.221692727344927,interface,tumor_core,0.2968170039875214,-0.07512427664259441
22,763,0.0480993483348305,0.0480993483348305,interface,interface,0.013821163719633517,0.03427818461519698
22,532,0.2175393411549962,0.2175393411549962,interface,tumor_core,0.17249734801206237,0.045041993142933834
22,1246,0.258949409449822,0.258949409449822,interface,interface,0.38714314336246947,-0.1281937339126475
22,93,-0.0519671349034522,0.0519671349034522,interface,interface,0.1513811874640265,-0.2033483223674787
23,679,-0.099295316212947,0.099295316212947,other,other,-0.14785305055743603,0.048557734344489026
23,216,0.0882239642142696,0.0882239642142696,other,other,0.18794165555924608,-0.09971769134497648
23,36,-0.0016867636827635,0.0016867636827635,other,other,-0.13031397547918144,0.12862721179641795
23,450,-0.0491948453425494,0.0491948453425494,other,other,0.007869979832510893,-0.05706482517506029
23,462,0.0109571959777782,0.0109571959777782,other,other,0.058753517280527384,-0.04779632130274918
23,938,0.1803856717568715,0.1803856717568715,other,other,0.1529915462504144,0.027394125506457118
24,1532,-0.4410281846322267,0.4410281846322267,tumor_core,other,-0.44850799818305387,0.0074798135508271635
24,1224,-0.049250462176597,0.049250462176597,tumor_core,tumor_core,-0.05647242369656891,0.007221961519971905
24,793,-0.31716390575811,0.31716390575811,tumor_core,interface,-0.23775860889852526,-0.07940529685958472
24,1085,-0.5529346745158764,0.5529346745158764,tumor_core,other,-0.5951006671810856,0.04216599266520915
24,1252,-0.3638136841803793,0.3638136841803793,tumor_core,other,-0.4782475794643246,0.11443389528394532
24,810,-0.5550192738130277,0.5550192738130277,tumor_core,other,-0.4631227439085823,-0.09189652990444541
25,1017,-0.1505142945740323,0.1505142945740323,tumor_core,interface,-0.14255942371472846,-0.007954870859303825
25,180,-0.2808966927587273,0.2808966927587273,tumor_core,interface,-0.3720659050577041,0.09116921229897679
25,1080,0.2227308085194787,0.2227308085194787,tumor_core,interface,0.2326155481113859,-0.009884739591907193
25,178,-0.2468465141458177,0.2468465141458177,tumor_core,interface,-0.35370951848290755,0.10686300433708984
25,1329,-0.1181424949926657,0.1181424949926657,tumor_core,interface,0.009514371102689823,-0.12765686609535554
25,364,-0.2924486417758356,0.2924486417758356,tumor_core,interface,-0.23991323246953133,-0.05253540930630429
26,449,0.2418527156124671,0.2418527156124671,interface,interface,-0.10752159001741521,0.3493743056298823
26,505,-0.0879574974467323,0.0879574974467323,interface,interface,-0.06761449531551458,-0.020343002131217716
26,778,-1.1605206373782655,1.1605206373782655,interface,interface,-0.2927874313434023,-0.8677332060348633
26,233,0.6721905213620577,0.6721905213620577,interface,other,-0.128976819295871,0.8011673406579287
26,842,-0.1278635541008236,0.1278635541008236,interface,interface,-0.04323206027211269,-0.08463149382871091
26,1171,-0.4432928108052651,0.4432928108052651,interface,other,-0.2654588779718063,-0.17783393283345883
27,702,-0.0475168230949751,0.0475168230949751,other,other,-0.06169502241850383,0.014178199323528734
27,791,-0.1142505727684109,0.1142505727684109,other,other,-0.07395373159096374,-0.040296841177447154
27,1172,-0.2046152677424855,0.2046152677424855,other,immune_core,-0.19421874446392406,-0.010396523278561443
27,165,0.1030601888622687,0.1030601888622687,other,other,0.04217316752859265,0.060887021333676045
27,564,-0.1240673192810292,0.1240673192810292,other,other,-0.05557160175582265,-0.06849571752520654
27,867,0.0797936170021703,0.0797936170021703,other,other,0.03566946912796165,0.04412414787420865
28,576,-0.3532963447091849,0.3532963447091849,tumor_core,other,-0.3487497944805925,-0.004546550228592405
28,181,-0.2525858671050816,0.2525858671050816,tumor_core,interface,-0.30490927509315346,0.05232340798807189
28,297,-0.2484149634169243,0.2484149634169243,tumor_core,other,-0.3721681593779461,0.12375319596102183
28,356,-0.3602145420514165,0.3602145420514165,tumor_core,interface,-0.2475653453792301,-0.1126491966721864
28,1382,-0.3555271419885438,0.3555271419885438,tumor_core,other,-0.34589053214184506,-0.00963660984669873
28,1504,-0.357359195793316,0.357359195793316,tumor_core,other,-0.3081151283101875,-0.049244067483128484
29,280,0.064242392435709,0.064242392435709,interface,interface,0.03235837032030353,0.031884022115405475
29,740,0.0131169875832053,0.0131169875832053,interface,tumor_core,-0.1111164587690664,0.1242334463522717
29,1193,-0.0254681701353762,0.0254681701353762,interface,other,-0.1775177484160878,0.1520495782807116
29,693,0.173117455610474,0.173117455610474,interface,interface,0.5736886192337439,-0.40057116362326994
29,135,-0.0607627365720746,0.0607627365720746,interface,interface,-0.08740895685043948,0.026646220278364878
29,418,0.0497130341453425,0.0497130341453425,interface,tumor_core,-0.01604518984965908,0.06575822399500159
30,1443,0.0242886416087577,0.0242886416087577,other,other,0.08616090741456178,-0.061872265805804086
30,1115,-0.4840025525341048,0.4840025525341048,other,immune_core,-0.5172591008415517,0.0332565483074469
30,840,-0.6583824662022529,0.6583824662022529,other,immune_core,-0.7400922543345845,0.08170978813233154
30,681,-0.0737695639830401,0.0737695639830401,other,other,-0.052181570598959615,-0.02158799338408049
30,743,-0.0492504746015081,0.0492504746015081,other,other,-0.025686775395283856,-0.023563699206224246
30,1019,-0.1387560380243883,0.1387560380243883,other,other,-0.1308133940767724,-0.007942643947615902
31,759,-0.3799187594535492,0.3799187594535492,other,immune_core,-0.21865440792306137,-0.16126435153048782
31,717,0.0797568366630848,0.0797568366630848,other,other,0.09008597674268534,-0.010329140079600535
31,683,-0.128221883393899,0.128221883393899,other,immune_core,-0.4279577027858113,0.2997358193919123
31,52,-0.5994375333935177,0.5994375333935177,other,immune_core,-0.43509384128435374,-0.16434369210916394
31,334,-0.2676144396363432,0.2676144396363432,other,immune_core,-0.25170955303130044,-0.015904886605042745
31,1517,0.1587693835102541,0.1587693835102541,other,other,0.10666315743809943,0.05210622607215468
32,723,-0.2073733457553432,0.2073733457553432,other,immune_core,-0.16799497948014064,-0.03937836627520255
32,310,-0.1072331584577523,0.1072331584577523,other,immune_core,-0.05374566681941351,-0.0534874916383388
32,403,0.014063006975064,0.014063006975064,other,other,0.09916073997776335,-0.08509773300269935
32,1028,-0.239924865586076,0.239924865586076,other,immune_core,-0.2004239796091184,-0.03950088597695761
32,1459,-0.1058662512102427,0.1058662512102427,other,immune_core,-0.18190187624763626,0.07603562503739356
32,823,-0.2539423080837754,0.2539423080837754,other,immune_core,-0.39537122249316886,0.14142891440939348
33,1148,-0.1468044567984503,0.1468044567984503,other,other,-0.17268551931020715,0.02588106251175684
33,240,-0.2328026450393739,0.2328026450393739,other,other,-0.13768753031606418,-0.09511511472330972
33,388,0.1832980783033977,0.1832980783033977,other,tumor_core,0.10052591629455854,0.08277216200883916
33,345,0.1064327736051271,0.1064327736051271,other,other,0.09999188479914245,0.006440888805984646
33,1244,0.0124851223224434,0.0124851223224434,other,other,0.0200849509989951,-0.0075998286765516995
33,543,0.0590760312813411,0.0590760312813411,other,other,0.07145449115849778,-0.012378459877156682
34,1051,-0.2277470880795467,0.2277470880795467,other,immune_core,-0.27856643020878347,0.05081934212923678
34,755,0.1053683662062677,0.1053683662062677,other,other,0.12498560566473021,-0.019617239458462513
34,1359,0.1408637939947609,0.1408637939947609,other,other,0.10610431651634367,0.03475947747841723
34,1584,0.0613686804510531,0.0613686804510531,other,other,0.0468433735977245,0.014525306853328597
34,263,0.1064707626824372,0.1064707626824372,other,other,0.1383548324174526,-0.03188406973501541
34,368,-0.1038784602392925,0.1038784602392925,other,immune_core,-0.055276196736391836,-0.04860226350290066
35,1212,0.3070776778015098,0.3070776778015098,immune_core,other,0.31491645091036163,-0.007838773108851838
35,464,0.4678347272924443,0.4678347272924443,immune_core,other,0.41460997698635016,0.05322475030609414
35,1519,0.256537554135787,0.256537554135787,immune_core,other,0.08632647412239916,0.17021108001338783
35,865,0.2448903446968319,0.2448903446968319,immune_core,immune_core,-0.08980018901630366,0.33469053371313556
35,685,0.1710042164274685,0.1710042164274685,immune_core,other,0.3593456813782837,-0.18834146495081522
35,1177,0.004956685505475,0.004956685505475,immune_core,other,0.36690251258803935,-0.36194582708256434
36,938,0.314857772932445,0.314857772932445,other,other,0.28330552172959583,0.03155225120284916
36,1106,-0.0116514616151308,0.0116514616151308,other,other,0.008929966117375066,-0.020581427732505868
36,679,-0.1698742995741033,0.1698742995741033,other,other,-0.017539075078254585,-0.15233522449584871
36,628,0.0212286160379047,0.0212286160379047,other,other,-0.11311435314467327,0.134342969182578
36,828,0.0868237724113771,0.0868237724113771,other,other,-0.04882523536652178,0.1356490077778989
37,1036,0.2954406944788915,0.2954406944788915,interface,interface,0.26172200894801534,0.03371868553087615
37,1542,0.1459012413397166,0.1459012413397166,interface,other,0.3411655320801912,-0.19526429074047458
37,957,0.0255085011943941,0.0255085011943941,interface,other,-0.01045562295364727,0.03596412414804137
37,1176,0.4948960265132677,0.4948960265132677,interface,interface,0.41601700803746244,0.07887901847580525
37,1116,0.0898953813462673,0.0898953813462673,interface,interface,0.13754492796112233,-0.04764954661485503
37,1079,0.4328966220319822,0.4328966220319822,interface,interface,0.33854447719728037,0.09435214483470183
38,1404,-0.2257918321426981,0.2257918321426981,interface,interface,-0.23364184384275094,0.007850011700052839
38,1116,-0.0973096195724179,0.0973096195724179,interface,interface,-0.16286273084577937,0.06555311127336147
38,838,-0.1964213018056821,0.1964213018056821,interface,other,-0.2937461929557365,0.09732489115005441
38,1010,-0.3801963016899664,0.3801963016899664,interface,interface,-0.12089514308533629,-0.2593011586046301
38,1542,0.1718565509833791,0.1718565509833791,interface,other,0.040757873273289474,0.13109867771008962
38,899,0.1329471712161673,0.1329471712161673,interface,tumor_core,0.175472869218659,-0.0425256980024917
39,875,-0.1147787131877126,0.1147787131877126,other,other,-0.1679493556445694,0.05317064245685679
39,161,-0.1072581193114283,0.1072581193114283,other,other,-0.2590114983598006,0.15175337904837227
39,259,0.0087460883763437,0.0087460883763437,other,other,-0.10419613485424963,0.11294222323059333
39,58,-0.0967296593063482,0.0967296593063482,other,interface,0.13174036747143267,-0.2284700267777809
39,380,-0.101193253675864,0.101193253675864,other,other,0.06033994494587422,-0.1615331986217382
39,966,-0.0626998018955744,0.0626998018955744,other,other,-0.13483656298539443,0.07213676108982002
40,192,-0.0324873768240982,0.0324873768240982,immune_core,other,0.054166579506210344,-0.08665395633030853
40,1154,0.1329812587937477,0.1329812587937477,immune_core,immune_core,-0.11131862054375163,0.24429987933749933
40,466,-0.0566665379471468,0.0566665379471468,immune_core,other,0.025082714122665717,-0.08174925206981251
40,1423,0.0449051693534923,0.0449051693534923,immune_core,other,0.01420765390242057,0.03069751545107173
40,798,-0.0688070189625342,0.0688070189625342,immune_core,other,0.03947532002985804,-0.10828233899239224
40,961,-0.0200187877983163,0.0200187877983163,immune_core,other,-0.02170646986016772,0.0016876820618514192
41,1407,-0.0587665194011144,0.0587665194011144,other,other,-0.004417266980801138,-0.054349252420313264
41,268,-0.1903893088486071,0.1903893088486071,other,other,-0.09053191420824516,-0.09985739464036195
41,760,-0.0814948161327737,0.0814948161327737,other,other,-0.11528267137071974,0.03378785523794603
41,1364,-0.3045617824002988,0.3045617824002988,other,other,-0.2922823739803857,-0.012279408419913096
41,1466,0.1863572453616001,0.1863572453616001,other,other,0.15062167062977871,0.03573557473182137
41,626,-0.0236920407231356,0.0236920407231356,other,other,-0.1206543501144538,0.0969623093913182
42,1525,-0.3048718167087789,0.3048718167087789,interface,interface,0.05776893832468455,-0.36264075503346344
42,999,0.5038517925672217,0.5038517925672217,interface,interface,0.3757666245439628,0.12808516802325887
42,625,1.12124572545638,1.12124572545638,interface,interface,1.1104126002965466,0.010833125159833257
42,1055,0.9398164928817352,0.9398164928817352,interface,interface,0.8532782018129534,0.08653829106878175
42,843,0.6046395518212135,0.6046395518212135,interface,interface,0.6880804997229787,-0.08344094790176515
42,750,1.0427123155262517,1.0427123155262517,interface,interface,0.8220863464382804,0.22062596908797127
43,930,-0.0480892484596301,0.0480892484596301,other,other,-0.015531605822657779,-0.03255764263697232
43,199,0.1046916671245917,0.1046916671245917,other,interface,0.024446956472956527,0.08024471065163517
43,219,-0.0073862300817693,0.0073862300817693,other,interface,-0.017368819935886737,0.009982589854117437
43,156,-0.0462813474640782,0.0462813474640782,other,interface,-0.007639057619220624,-0.038642289844857576
43,402,0.0099004621662079,0.0099004621662079,other,other,-0.11827659217348524,0.12817705433969315
43,470,0.0239016941151422,0.0239016941151422,other,interface,0.17110570510941608,-0.14720401099427388
44,1440,0.3067972211518959,0.3067972211518959,other,other,0.20214272466557057,0.10465449648632533
44,323,0.2920302427205695,0.2920302427205695,other,other,0.13072215343255678,0.1613080892880127
44,1387,-0.5665058662948792,0.5665058662948792,other,immune_core,-0.5116521390816783,-0.05485372721320092
44,1178,0.0553509397978251,0.0553509397978251,other,other,-0.06010173164559174,0.11545267144341684
44,480,-0.7042573001038226,0.7042573001038226,other,immune_core,-0.4981082064283372,-0.2061490936754854
44,1412,-0.3410850100030774,0.3410850100030774,other,immune_core,-0.22067301092852876,-0.12041199907454864
45,1096,-0.0186063639588336,0.0186063639588336,interface,interface,-0.03919723548589271,0.020590871527059112
45,262,0.0630274719966006,0.0630274719966006,interface,interface,-0.11572862852747945,0.17875610052408003
45,987,-0.8994041607720297,0.8994041607720297,interface,interface,0.07277216902388312,-0.9721763297959127
45,109,-0.2969333512002273,0.2969333512002273,interface,interface,-0.15567474910359524,-0.14125860209663205
45,1026,0.2135152221381093,0.2135152221381093,interface,interface,-0.27019736778157877,0.4837125899196881
45,622,0.1880471232193047,0.1880471232193047,interface,interface,-0.2423277543383135,0.43037487755761816
46,532,-0.0405314222985805,0.0405314222985805,tumor_core,tumor_core,-0.12431965597545905,0.08378823367687854
46,1024,-0.1669589710853638,0.1669589710853638,tumor_core,interface,-0.18397659986316062,0.017017628777796806
46,1532,-0.461918309014056,0.461918309014056,tumor_core,other,-0.4189439807198442,-0.04297432829421183
46,93,-0.1838048631587517,0.1838048631587517,tumor_core,interface,-0.1454358165234949,-0.03836904663525678
46,1339,-0.4237714602192826,0.4237714602192826,tumor_core,other,-0.32918456187142137,-0.09458689834786121
47,584,0.0617859918901184,0.0617859918901184,tumor_core,interface,0.1866459344061584,-0.12485994251603999
47,632,-0.0631315336318767,0.0631315336318767,tumor_core,interface,-0.12017972340399075,0.05704818977211405
47,79,-0.174057267288296,0.174057267288296,tumor_core,interface,-0.10690932243247453,-0.06714794485582148
47,277,0.1717676256812543,0.1717676256812543,tumor_core,interface,0.24229893520151258,-0.07053130952025827
47,1501,-0.1193020061965267,0.1193020061965267,tumor_core,interface,0.052160309512227054,-0.17146231570875375
47,698,0.8353678103100062,0.8353678103100062,tumor_core,interface,0.458413741482831,0.3769540688271752
48,1366,-0.4380428856248706,0.4380428856248706,interface,interface,-0.5675309193840063,0.12948803375913576
48,750,-0.9614239654232208,0.9614239654232208,interface,interface,-0.794122196520562,-0.1673017689026588
48,1055,-0.9421818996929467,0.9421818996929467,interface,interface,-0.7629303411458891,-0.17925155854705765
48,744,-2.0457141981476834,2.0457141981476834,interface,interface,-1.5790063894172643,-0.46670780873041906
48,406,0.5535246580127179,0.5535246580127179,interface,interface,0.25613957677994215,0.29738508123277574
48,1022,1.2931577790456987,1.2931577790456987,interface,interface,0.9067705236614017,0.3863872553842971
49,171,0.0380696911381917,0.0380696911381917,other,other,0.09794598497875254,-0.05987629384056084
49,686,-0.5061688188188624,0.5061688188188624,other,immune_core,-0.46316886774424665,-0.042999951074615794
49,1226,-0.0014902293050211,0.0014902293050211,other,other,-0.02438817862170589,0.02289794931668479
49,352,-0.021636072822345,0.021636072822345,other,other,0.01981572557055472,-0.041451798392899725
49,246,0.120244000349763,0.120244000349763,other,other,0.050510297751596184,0.06973370259816682
49,792,0.1033351600381048,0.1033351600381048,other,other,0.05163849631593029,0.05169666372217452
50,377,-0.3967542590438457,0.3967542590438457,interface,interface,-0.24353256652963604,-0.15322169251420967
50,1168,0.4032899706653294,0.4032899706653294,interface,interface,0.43760037181974565,-0.03431040115441625
50,1024,-0.3607894485026815,0.3607894485026815,interface,interface,-0.22497662573860727,-0.13581282276407425
50,532,-0.4337528959897513,0.4337528959897513,interface,tumor_core,-0.16531968185090573,-0.2684332141388456
50,452,0.0794198929067618,0.0794198929067618,interface,interface,0.15645080503571115,-0.07703091212894936
50,594,2.1220148912932295,2.1220148912932295,interface,interface,1.4532060237728208,0.6688088675204087
51,814,-0.0165284757864646,0.0165284757864646,other,other,-0.06432706157529122,0.04779858578882662
51,1342,0.0595001206624488,0.0595001206624488,other,other,0.12135362061883881,-0.06185349995639001
51,1580,-0.0975358420446806,0.0975358420446806,other,other,-0.0872278772350818,-0.010307964809598807
51,211,-0.0975358420446806,0.0975358420446806,other,other,-0.03240475950356819,-0.06513108254111241
51,453,0.0168267150375199,0.0168267150375199,other,other,-0.02340701507643711,0.040233730113957006
51,281,0.0177097532640306,0.0177097532640306,other,other,-0.03155003715293081,0.04925979041696141
52,683,-0.3794175596697217,0.3794175596697217,immune_core,immune_core,0.007136138498542444,-0.3865536981682641
52,1028,0.1804111584789092,0.1804111584789092,immune_core,immune_core,0.14725604491515193,0.03315511356375728
52,1526,0.1591809972804445,0.1591809972804445,immune_core,interface,0.14571847076781513,0.013462526512629358
52,717,0.7046225674880975,0.7046225674880975,immune_core,other,0.5251798180270391,0.17944274946105843
52,805,0.0017495280222311,0.0017495280222311,immune_core,other,0.0055995012669628474,-0.0038499732447317475
53,1141,-0.4823385134792131,0.4823385134792131,other,other,-0.424504619638949,-0.057833893840264106
53,988,-0.1220391003675152,0.1220391003675152,other,other,-0.1338413922731223,0.01180229190560711
53,1434,-0.1579329499141271,0.1579329499141271,other,other,-0.1529817442912726,-0.004951205622854504
53,901,-0.8315552332251714,0.8315552332251714,other,immune_core,-0.9080219485133492,0.07646671528817772
53,359,-0.0797335337234262,0.0797335337234262,other,other,-0.06818233054964618,-0.011551203173780028
53,804,-0.2338552208759525,0.2338552208759525,other,other,-0.21992207802955277,-0.013933142846399738
54,1068,-0.1097734475678628,0.1097734475678628,interface,immune_core,0.3800527343635146,-0.4898261819313774
54,752,0.3599117333216797,0.3599117333216797,interface,interface,0.2649533293682823,0.09495840395339739
54,515,0.5385428535925866,0.5385428535925866,interface,interface,0.031690688340288986,0.5068521652522976
54,1536,0.1054242632978177,0.1054242632978177,interface,interface,0.1671484760325963,-0.0617242127347786
54,964,0.5160497595690856,0.5160497595690856,interface,interface,0.017143067665982503,0.4989066919031031
54,1196,-0.087249104405308,0.087249104405308,interface,interface,0.46191663664690596,-0.5491657410522139
55,151,0.0036525763054012,0.0036525763054012,other,other,-0.028630967686969933,0.032283543992371135
55,420,-0.2902168123009833,0.2902168123009833,other,immune_core,-0.37958088633135234,0.08936407403036906
55,475,-0.1819663509551998,0.1819663509551998,other,immune_core,0.014890316044865876,-0.19685666700006568
55,918,-0.0570165378918224,0.0570165378918224,other,other,0.1075682929872154,-0.1645848308790378
55,824,-0.3022909247259071,0.3022909247259071,other,immune_core,-0.4949031960216177,0.19261227129571062
55,1092,-0.4267418876345048,0.4267418876345048,other,immune_core,-0.4739232938076975,0.047181406173192664
56,125,-0.456563713527562,0.456563713527562,tumor_core,interface,-0.4187383651787243,-0.03782534834883766
56,1475,-0.3248754223560409,0.3248754223560409,tumor_core,interface,-0.3800037953643062,0.055128373008265286
56,185,-0.4770517814359932,0.4770517814359932,tumor_core,tumor_core,-0.2672783483830173,-0.2097734330529759
56,809,-0.1752619970788432,0.1752619970788432,tumor_core,interface,-0.10089875278654525,-0.07436324429229796
56,773,-0.377637711092758,0.377637711092758,tumor_core,interface,-0.6444715455721749,0.2668338344794169
57,1401,-0.0622509819755865,0.0622509819755865,other,other,0.027672068634368233,-0.08992305060995473
57,186,-0.0325726287005507,0.0325726287005507,other,other,-0.016962537283182852,-0.015610091417367848
57,1554,0.0535844498689627,0.0535844498689627,other,other,0.0008492748202068717,0.05273517504875583
57,197,0.1411554341975122,0.1411554341975122,other,other,0.08012395406797437,0.061031480129537824
57,552,-0.1006134887350705,0.1006134887350705,other,other,-0.07124233669221512,-0.029371152042855384
57,850,-0.0513858320832836,0.0513858320832836,other,other,-0.07252356276574247,0.021137730682458868
58,1476,-0.2483615892297672,0.2483615892297672,interface,interface,0.11530794606074096,-0.36366953529050816
58,326,0.0442940657902219,0.0442940657902219,interface,interface,-0.08236721269246616,0.12666127848268807
58,1574,0.0138971679596303,0.0138971679596303,interface,other,0.18973391573219467,-0.17583674777256436
58,380,0.0723986732448178,0.0723986732448178,interface,other,-0.07140042252555845,0.14379909577037625
58,259,-0.1953609716076993,0.1953609716076993,interface,other,-0.2359365023256823,0.040575530717983005
59,1486,-0.077287160384533,0.077287160384533,tumor_core,other,-0.14216631220762446,0.06487915182309147
59,1296,-0.6170412932223062,0.6170412932223062,tumor_core,other,-0.46783589359999217,-0.149205399622314
59,1554,-0.3960199202391856,0.3960199202391856,tumor_core,other,-0.39435322345665214,-0.00166669678253345
59,1324,-0.3535965987541736,0.3535965987541736,tumor_core,other,-0.3232848138192921,-0.030311784934881514
59,801,0.171102549212093,0.171102549212093,tumor_core,interface,0.10104339250970484,0.07005915670238816
59,741,0.0277551141334815,0.0277551141334815,tumor_core,interface,-0.018490155268843844,0.046245269402325345
60,101,0.6190095019992907,0.6190095019992907,tumor_core,interface,0.3056764501277813,0.31333305187150945
60,356,-0.0667012322043975,0.0667012322043975,tumor_core,interface,-0.18422261387015962,0.11752138166576212
60,1382,-0.482075718918008,0.482075718918008,tumor_core,other,-0.2825478006327746,-0.19952791828523336
60,350,0.0659288997270086,0.0659288997270086,tumor_core,tumor_core,0.08921022857562563,-0.023281328848617028
60,1469,-0.6799786826793643,0.6799786826793643,tumor_core,other,-0.5692901315974006,-0.11068855108196374
61,458,0.0332834973787868,0.0332834973787868,interface,immune_core,0.04309389563124805,-0.009810398252461244
61,371,-0.0102728314478387,0.0102728314478387,interface,interface,-0.09257270086041991,0.08229986941258122
61,398,0.133685569714302,0.133685569714302,interface,interface,0.3037645694598186,-0.1700789997455166
61,493,-0.0047678843878193,0.0047678843878193,interface,other,0.022493627977222375,-0.027261512365041676
61,1516,0.2131265948622516,0.2131265948622516,interface,interface,0.36809279955778934,-0.15496620469553773
61,926,0.4262901769323358,0.4262901769323358,interface,interface,0.1464726825097932,0.27981749442254256
62,560,0.055343646815754,0.055343646815754,interface,tumor_core,0.1165223617994404,-0.06117871498368639
62,424,0.2960983154198813,0.2960983154198813,interface,interface,0.2559590922683702,0.04013922315151108
62,141,0.6728049952114167,0.6728049952114167,interface,interface,0.6733556141778254,-0.0005506189664087335
62,1303,-0.0784691418599239,0.0784691418599239,interface,interface,-0.013965243901000124,-0.06450389795892378
62,981,-0.0010551241012967,0.0010551241012967,interface,tumor_core,-0.03626876937275558,0.035213645271458885
62,1472,0.2509523750476853,0.2509523750476853,interface,tumor_core,0.2000719446227993,0.05088043042488599
63,1150,0.1267578202319704,0.1267578202319704,interface,other,0.05049979846812429,0.07625802176384612
63,1420,-0.1495629529482324,0.1495629529482324,interface,interface,-0.1669146295291995,0.01735167658096709
63,139,-0.223873798735613,0.223873798735613,interface,interface,-0.11310341193056826,-0.11077038680504474
63,213,-0.0453154958877123,0.0453154958877123,interface,immune_core,-0.13473420609754666,0.08941871020983436
63,182,-0.9071676662931756,0.9071676662931756,interface,interface,-0.6954528406716999,-0.2117148256214757
64,325,0.3016673215348553,0.3016673215348553,other,other,0.2486542280382971,0.05301309349655822
64,918,0.0747200457394326,0.0747200457394326,other,other,0.13539609008539374,-0.06067604434596115
64,986,-0.7489799998449677,0.7489799998449677,other,immune_core,-0.856274070075368,0.10729407023040038
64,1570,0.1255443688062618,0.1255443688062618,other,other,0.1064312660273383,0.019113102778923502
64,1370,-0.1414133973131003,0.1414133973131003,other,immune_core,-0.14376130382165672,0.00234790650855643
64,301,0.1631331611046803,0.1631331611046803,other,other,0.2842254643328205,-0.12109230322814019
65,1577,0.034998590685751,0.034998590685751,other,interface,0.13726600698355773,-0.10226741629780672
65,1042,0.2985592646976212,0.2985592646976212,other,interface,0.2001998927650637,0.09835937193255748
65,586,0.2275216325764573,0.2275216325764573,other,tumor_core,0.21105746239976286,0.016464170176694437
65,322,0.6678712915423063,0.6678712915423063,other,tumor_core,0.5886102625175992,0.07926102902470711
65,540,0.4354587620424895,0.4354587620424895,other,interface,0.32383644858513744,0.11162231345735207
66,363,-0.0186521324605547,0.0186521324605547,interface,interface,-0.028039734085231638,0.009387601624676938
66,291,0.3620206354005109,0.3620206354005109,interface,other,0.5136706644897628,-0.15165002908925196
66,963,0.0080387106074843,0.0080387106074843,interface,tumor_core,-0.040904522624038264,0.04894323323152257
66,809,0.0727067484812043,0.0727067484812043,interface,interface,0.08586960034620789,-0.013162851865003586
66,1142,-0.0006557666389417,0.0006557666389417,interface,tumor_core,-0.0352828129947354,0.0346270463557937
66,372,-0.1012452761575977,0.1012452761575977,interface,tumor_core,-0.1731006444617849,0.07185536830418722
67,359,0.1641328668736388,0.1641328668736388,other,other,0.23586752123733432,-0.07173465436369553
67,555,-0.0249676499550999,0.0249676499550999,other,other,-0.17478750096563192,0.14981985101053202
67,1095,0.0539213560300158,0.0539213560300158,other,other,0.027765941379438497,0.026155414650577302
67,1321,0.1165473609671907,0.1165473609671907,other,other,0.14562772100845864,-0.029080360041267933
67,968,0.0680688906449547,0.0680688906449547,other,other,0.08939267553071406,-0.021323784885759367
67,988,0.1163718589038106,0.1163718589038106,other,other,0.17020845951385818,-0.05383660061004758
68,98,-0.3860413979983364,0.3860413979983364,tumor_core,other,-0.45877340104778563,0.07273200304944921
68,250,-0.3372646609636757,0.3372646609636757,tumor_core,tumor_core,-0.29971002373980515,-0.037554637223870535
68,1060,-0.156045312509843,0.156045312509843,tumor_core,other,-0.07178786045531399,-0.084257452054529
68,290,0.1798870910754751,0.1798870910754751,tumor_core,other,0.06403539400510301,0.11585169707037209
68,455,0.0514527601643935,0.0514527601643935,tumor_core,tumor_core,0.09098616256179226,-0.03953340239739876
68,1461,0.0512826848070218,0.0512826848070218,tumor_core,tumor_core,0.07852087258814008,-0.027238187781118285
69,497,-0.0849996995759194,0.0849996995759194,interface,interface,0.014454309850887248,-0.09945400942680664
69,858,-0.0329789343680467,0.0329789343680467,interface,interface,-0.22385167827521552,0.19087274390716882
69,600,0.1008460610106617,0.1008460610106617,interface,interface,0.3564989446674933,-0.25565288365683164
69,1143,-0.2383093150335593,0.2383093150335593,interface,other,-0.41329126377524256,0.17498194874168327
69,1568,0.2540137586186944,0.2540137586186944,interface,interface,0.2684823949985651,-0.01446863637987067
69,244,-0.2425387593989615,0.2425387593989615,interface,interface,-0.24625892398681637,0.003720164587854874
70,134,-0.4852060983095721,0.4852060983095721,tumor_core,other,-0.43904266609200016,-0.046163432217571965
70,343,-0.2224254217654774,0.2224254217654774,tumor_core,other,-0.083138511284363,-0.13928691048111438
70,1043,-0.0675880445631793,0.0675880445631793,tumor_core,interface,-0.14317639255191394,0.07558834798873465
70,1518,-0.4274202850476643,0.4274202850476643,tumor_core,interface,-0.4087870504919322,-0.01863323455573207
70,1363,-0.1501851801854298,0.1501851801854298,tumor_core,interface,-0.13233041137559998,-0.017854768809829835
70,479,-0.202286862853767,0.202286862853767,tumor_core,interface,-0.3486374803396717,0.14635061748590467
71,1372,-0.3399828130165443,0.3399828130165443,other,interface,-0.06760788531112355,-0.27237492770542077
71,739,0.1267271873415978,0.1267271873415978,other,other,0.02830561844367918,0.09842156889791862
71,710,-0.1515392194465474,0.1515392194465474,other,interface,-0.07445132703586965,-0.07708789241067776
71,273,0.1242692805952292,0.1242692805952292,other,other,0.021322688068371787,0.10294659252685741
71,1277,-0.0380921039418871,0.0380921039418871,other,interface,-0.18133515448981985,0.14324305054793274
71,1047,0.0612504670169486,0.0612504670169486,other,other,0.05639935097969406,0.004851116037254535
72,911,-0.1239643242138615,0.1239643242138615,other,other,-0.08956765103818169,-0.03439667317567981
72,1306,0.0191854666519943,0.0191854666519943,other,other,-0.02916558404292477,0.04835105069491907
72,1212,0.1496358014882564,0.1496358014882564,other,other,0.09358110957257365,0.05605469191568274
72,1474,0.1718453865500361,0.1718453865500361,other,other,0.01428301379336494,0.15756237275667115
72,257,-0.0352223381267768,0.0352223381267768,other,other,0.059918718323008546,-0.09514105644978535
72,1073,-0.0345505675157506,0.0345505675157506,other,other,0.09787974067101235,-0.13243030818676294
73,769,1.0707558740072696,1.0707558740072696,interface,interface,0.8650502995928482,0.2057055744144214
73,927,1.872701154505758,1.872701154505758,interface,interface,1.4945844524508232,0.37811670205493475
73,490,0.0619270716234828,0.0619270716234828,interface,interface,0.3277278207466704,-0.2658007491231876
73,548,0.5178900924970198,0.5178900924970198,interface,interface,0.6519580445159133,-0.13406795201889354
73,1439,-0.1961135593545477,0.1961135593545477,interface,interface,0.20411057937609922,-0.4002241387306469
73,583,-0.0151014239877212,0.0151014239877212,interface,interface,-0.23137293475045395,0.21627151076273277
74,846,0.0,0.0,other,other,-0.053666378489157285,0.053666378489157285
74,1537,0.0661270016736418,0.0661270016736418,other,other,0.039300627882346506,0.026826373791295294
74,295,-0.1505758312249039,0.1505758312249039,other,other,-0.08097162901752192,-0.06960420220738198
74,1082,-0.0943310014775197,0.0943310014775197,other,other,-0.03445703130529426,-0.05987397017222544
74,1052,0.1126582214253897,0.1126582214253897,other,other,-0.0792279693850863,0.191886190810476
74,1316,-0.5114935682154187,0.5114935682154187,other,immune_core,-0.36859243913371365,-0.14290112908170505
75,595,-0.329006117971418,0.329006117971418,tumor_core,other,-0.3543122174354666,0.025306099464048604
75,1241,-0.0407422327964276,0.0407422327964276,tumor_core,tumor_core,-0.041456573031407484,0.0007143402349798836
75,1458,-0.0732273417769837,0.0732273417769837,tumor_core,tumor_core,-0.10015846187867883,0.026931120101695127
75,372,-0.1987258231747992,0.1987258231747992,tumor_core,tumor_core,-0.1995778817477134,0.000852058572914205
75,1083,0.0918315346163706,0.0918315346163706,tumor_core,tumor_core,0.1037493055027352,-0.011917770886364601
75,802,-0.1257480602120525,0.1257480602120525,tumor_core,tumor_core,-0.08386255480946725,-0.04188550540258526
76,857,0.0456878605795292,0.0456878605795292,other,other,0.04261946832471189,0.0030683922548173093
76,770,-0.7434440483772534,0.7434440483772534,other,immune_core,-0.711849462054159,-0.03159458632309442
76,1390,-0.0793910358721547,0.0793910358721547,other,other,-0.0781209319411155,-0.0012701039310391987
76,913,-0.4148599050454184,0.4148599050454184,other,immune_core,-0.3914857458362223,-0.02337415920919611
76,1312,-0.1109445689814245,0.1109445689814245,other,other,-0.14352778126365345,0.03258321228222895
76,904,0.0330717315504497,0.0330717315504497,other,other,0.012484685674191393,0.020587045876258307
77,1299,0.6528397052679976,0.6528397052679976,immune_core,immune_core,0.5324295727789206,0.12041013248907706
77,97,0.315981863886145,0.315981863886145,immune_core,other,0.4969650927116691,-0.1809832288255241
77,1130,0.5444599033574222,0.5444599033574222,immune_core,immune_core,0.44325371201892183,0.1012061913385004
77,821,0.9057678742599932,0.9057678742599932,immune_core,immune_core,0.4387974653713209,0.46697040888867225
77,728,0.1340456165016111,0.1340456165016111,immune_core,other,0.5502171349847818,-0.4161715184831707
77,657,0.2281473420503144,0.2281473420503144,immune_core,immune_core,0.31957923050837617,-0.09143188845806177
78,1245,0.2285116286168324,0.2285116286168324,interface,interface,0.01126289966416244,0.21724872895266997
78,1273,0.0290002197081815,0.0290002197081815,interface,other,0.18083290680206868,-0.15183268709388717
78,341,-0.1012513179366334,0.1012513179366334,interface,immune_core,0.03366437846959691,-0.1349156964062303
78,485,0.0647512672997759,0.0647512672997759,interface,interface,-0.16663526707678533,0.23138653437656123
78,1259,-0.040470195909785,0.040470195909785,interface,other,0.10066347234309342,-0.14113366825287843
78,1151,-0.04389911951669,0.04389911951669,interface,interface,-0.023146292313828476,-0.02075282720286152
79,698,0.8092368363963872,0.8092368363963872,interface,interface,0.5653230639153055,0.2439137724810817
79,584,0.1844060983935154,0.1844060983935154,interface,interface,0.2935552568386329,-0.10914915844511752
79,1375,0.7237425724500859,0.7237425724500859,interface,interface,0.9796657328146363,-0.25592316036455043
79,1419,0.8689517759643414,0.8689517759643414,interface,interface,0.7022811383752972,0.1666706375890442
79,448,0.8032454557962276,0.8032454557962276,interface,interface,0.9159046390047688,-0.11265918320854118
80,329,0.6453422751483978,0.6453422751483978,other,interface,0.30609653166981216,0.33924574347858566
80,1250,-0.263758365694789,0.263758365694789,other,other,0.11726979717811559,-0.3810281628729046
80,1294,-0.0421197845635933,0.0421197845635933,other,other,0.1974566563227218,-0.2395764408863151
80,947,0.4019921961852954,0.4019921961852954,other,interface,-0.1392685518868132,0.5412607480721086
80,1260,-0.0058612906239854,0.0058612906239854,other,interface,-0.10415570060406976,0.09829440998008436
80,949,-0.0476668324103596,0.0476668324103596,other,interface,0.31052870724630793,-0.3581955396566675
81,645,-0.306170900364953,0.306170900364953,immune_core,interface,-0.0628019591697897,-0.24336894119516328
81,499,-0.0812599758345048,0.0812599758345048,immune_core,other,-0.0668362267365758,-0.014423749097928998
81,1471,-0.1303920670351646,0.1303920670351646,immune_core,other,-0.16406846486725174,0.033676397832087146
81,1086,0.3432194806581981,0.3432194806581981,immune_core,interface,0.17103353043808517,0.1721859502201129
81,1266,-0.107624922972586,0.107624922972586,immune_core,other,-0.1305868830918941,0.022961960119308095
82,746,-0.0189845815868866,0.0189845815868866,other,other,0.007954016405249481,-0.02693859799213608
82,976,0.519574424022539,0.519574424022539,other,tumor_core,0.35838219549027206,0.1611922285322669
82,1492,0.4747767112763189,0.4747767112763189,other,interface,0.29324336335156886,0.18153334792475
82,1075,0.3803542635647863,0.3803542635647863,other,interface,0.7849386610115067,-0.40458439744672037
82,1539,-0.1054076216559774,0.1054076216559774,other,other,-0.19955440375491929,0.09414678209894188
82,1237,-0.0543414085982425,0.0543414085982425,other,other,-0.04899229704447983,-0.005349111553762671
83,294,-0.0367519716614956,0.0367519716614956,interface,immune_core,-0.10981524905431617,0.07306327739282056
83,309,-1.7070547521785888,1.7070547521785888,interface,interface,-0.6471629124036591,-1.0598918397749297
83,132,0.5007369546884155,0.5007369546884155,interface,interface,-0.14808284514855105,0.6488197998369666
83,774,0.4429095839614667,0.4429095839614667,interface,other,0.20608855677984306,0.23682102718162362
83,1101,0.0589311986368659,0.0589311986368659,interface,immune_core,-0.015908002077750227,0.07483920071461612
83,872,-0.8807663051202479,0.8807663051202479,interface,other,-0.907114532788838,0.02634822766859013
84,486,0.053997516185316,0.053997516185316,interface,interface,0.28513852892111624,-0.23114101273580023
84,646,-0.1842857393467686,0.1842857393467686,interface,interface,-0.0046819228960524595,-0.17960381645071613
84,210,0.9485145378917248,0.9485145378917248,interface,interface,0.5993134696553142,0.3492010682364106
84,124,-0.1845266187047325,0.1845266187047325,interface,interface,-0.08099079066376041,-0.10353582804097208
84,1444,0.5883992189523408,0.5883992189523408,interface,interface,0.379692219006031,0.2087069999463098
84,504,0.7931507451522138,0.7931507451522138,interface,interface,0.8367783825262062,-0.043627637373992334
85,813,-0.1409262031005798,0.1409262031005798,other,other,-0.19784075912512683,0.056914556024547036
85,804,-0.0125300484629292,0.0125300484629292,other,other,-0.07301497069037699,0.06048492222744779
85,264,-0.0741235437396641,0.0741235437396641,other,other,-0.14194195187716346,0.06781840813749937
85,1141,-0.2460258615828566,0.2460258615828566,other,other,-0.2775975122997732,0.03157165071691659
85,1111,0.1592904273688126,0.1592904273688126,other,other,0.050019686216677184,0.10927074115213542
85,651,-2.3777687139395858,2.3777687139395858,other,immune_core,-2.051708144298633,-0.32606056964095265
86,357,-0.0119926480710508,0.0119926480710508,immune_core,immune_core,1.5239392212006988,-1.5359318692717496
86,1314,-2.168054922461331,2.168054922461331,immune_core,other,0.2074709066492364,-2.3755258291105674
86,207,3.855175981454351,3.855175981454351,immune_core,other,1.7675125740785267,2.0876634073758247
86,118,4.699089895104249,4.699089895104249,immune_core,other,2.7760392216709953,1.923050673433254
86,90,2.6857638272389446,2.6857638272389446,immune_core,immune_core,2.455086952202522,0.23067687503642276
86,912,1.069268972880423,1.069268972880423,immune_core,immune_core,1.3992005909112164,-0.3299316180307934
87,1450,-0.0661270016736418,0.0661270016736418,other,other,-0.06055645011015959,-0.005570551563482212
87,1034,-0.0661270016736418,0.0661270016736418,other,other,-0.07439130084338608,0.008264299169744277
87,1203,-0.1415880144877727,0.1415880144877727,other,other,-0.1632472631562648,0.021659248668492115
87,1081,-0.0661270016736418,0.0661270016736418,other,other,-0.05006609008453364,-0.016060911589108162
87,1470,-0.0350219839753112,0.0350219839753112,other,other,-0.017463362894891726,-0.017558621080419473
87,539,-0.0168267150375198,0.0168267150375198,other,other,-0.026093038139645447,0.009266323102125648
88,539,0.0181952689377913,0.0181952689377913,other,other,0.02095286768167548,-0.00275759874388418
88,1089,-0.0311050176983306,0.0311050176983306,other,other,-0.013647350768428101,-0.0174576669299025
88,304,0.0039169662769805,0.0039169662769805,other,other,-0.009543171594757982,0.013460137871738482
88,1582,-0.0303021293542301,0.0303021293542301,other,other,-0.019725138975964257,-0.010576990378265844
88,561,0.0016667931513266,0.0016667931513266,other,other,-0.005948338264695929,0.00761513141602253
88,604,0.0972403126369528,0.0972403126369528,other,other,0.08752349211940308,0.009716820517549726
89,757,-1.169886559912882,1.169886559912882,interface,interface,-0.350544994311455,-0.819341565601427
89,1327,0.2995788690257109,0.2995788690257109,interface,interface,-0.07560131989941976,0.37518018892513066
89,1371,0.3691211668594122,0.3691211668594122,interface,interface,0.6819936934494945,-0.31287252659008224
89,1136,-0.5183149008532576,0.5183149008532576,interface,interface,-0.19809223483981853,-0.3202226660134391
89,1069,0.1388962656384213,0.1388962656384213,interface,interface,0.20537476394328336,-0.06647849830486205
89,182,1.371630607307118,1.371630607307118,interface,interface,0.22789466161349015,1.1437359456936278
90,1478,0.1067790690292709,0.1067790690292709,immune_core,interface,-0.3378228758543084,0.4446019448835793
90,232,-0.6165075768205635,0.6165075768205635,immune_core,interface,-0.7539698854567952,0.13746230863623177
90,357,-2.5868159006848037,2.5868159006848037,immune_core,immune_core,-0.9311477310018232,-1.6556681696829805
90,912,-0.3380459298761407,0.3380459298761407,immune_core,immune_core,-1.0558863612913056,0.717840431415165
90,634,0.3051190746045378,0.3051190746045378,immune_core,interface,-0.2813204695253251,0.5864395441298629
91,1340,0.0448571637503672,0.0448571637503672,other,other,0.07095854546959379,-0.026101381719226595
91,709,0.2329088386603811,0.2329088386603811,other,other,0.17083779470166893,0.06207104395871216
91,107,0.0347021681308168,0.0347021681308168,other,other,0.08323195120965068,-0.048529783078833884
91,1276,-0.390074786731306,0.390074786731306,other,immune_core,-0.312842055125265,-0.07723273160604105
91,1091,0.1747786753288359,0.1747786753288359,other,other,0.16875682258577726,0.006021852743058637
91,489,0.1991583092939418,0.1991583092939418,other,other,0.11538707414711245,0.08377123514682934
92,193,-0.0588545669161052,0.0588545669161052,other,immune_core,0.02890094575956348,-0.08775551267566868
92,1533,-0.1440072319671927,0.1440072319671927,other,immune_core,-0.18476851915482562,0.040761287187632916
92,353,-0.1989708728519794,0.1989708728519794,other,immune_core,-0.17130997716433494,-0.02766089568764446
92,1084,-0.2798049719798627,0.2798049719798627,other,immune_core,-0.25958704657263654,-0.020217925407226167
92,1165,0.0474718819187126,0.0474718819187126,other,other,0.012453517226664768,0.03501836469204783
92,433,0.0770843142545303,0.0770843142545303,other,interface,0.017230464220969743,0.05985385003356056
93,1339,-0.2158224318460474,0.2158224318460474,interface,other,-0.18374874534792646,-0.03207368649812095
93,1187,-0.1103260932883369,0.1103260932883369,interface,interface,0.030317483216993475,-0.14064357650533038
93,675,0.3513659860157794,0.3513659860157794,interface,interface,0.37292453541204057,-0.021558549396261173
93,1246,0.1883204105511766,0.1883204105511766,interface,interface,0.23576195589844293,-0.04744154534726633
94,152,0.4174039009930321,0.4174039009930321,immune_core,other,0.36012118585399583,0.05728271513903627
94,445,0.0638214880506456,0.0638214880506456,immune_core,immune_core,-0.12505517419296852,0.1888766622436141
94,123,0.1947027654255193,0.1947027654255193,immune_core,immune_core,0.1110188316200501,0.08368393380546918
94,430,-0.2289243322633829,0.2289243322633829,immune_core,immune_core,-0.051244935409195336,-0.17767939685418757
94,715,-0.0828387879269314,0.0828387879269314,immune_core,immune_core,-0.03868131668162805,-0.04415747124530335
94,1464,-0.4749317590474345,0.4749317590474345,immune_core,immune_core,-0.36692561499841125,-0.10800614404902326
95,1129,-0.3155626307235721,0.3155626307235721,tumor_core,interface,-0.13448722123065207,-0.18107540949292003
95,389,-0.2277240465348057,0.2277240465348057,tumor_core,interface,-0.37722509513308766,0.14950104859828195
95,1290,-0.2143466819343769,0.2143466819343769,tumor_core,interface,-0.44628632947660085,0.23193964754222396
95,783,-0.3872188577312245,0.3872188577312245,tumor_core,interface,-0.39473448289444185,0.007515625163217354
95,239,-0.3314315245784923,0.3314315245784923,tumor_core,interface,-0.20145388508884737,-0.1299776394896449
95,1044,-0.2492936371654188,0.2492936371654188,tumor_core,interface,-0.1713900605824429,-0.07790357658297589
96,378,0.0426624362994913,0.0426624362994913,other,other,-0.006428461478137082,0.04909089777762838
96,183,-0.12298102324224,0.12298102324224,other,other,-0.09930507687120436,-0.023675946371035636
96,164,0.0655901505254988,0.0655901505254988,other,other,0.06955671614774442,-0.003966565622245621
96,1545,0.0360477491962356,0.0360477491962356,other,other,0.049941761430016995,-0.013894012233781394
96,241,0.1460970647504855,0.1460970647504855,other,other,0.13296152807538558,0.013135536675099924
96,270,0.095554436285189,0.095554436285189,other,other,0.11624451235520344,-0.02069007607001444
97,821,-0.2024974370173689,0.2024974370173689,other,immune_core,-0.05816762734034825,-0.14432980967702064
97,1415,-0.1362158751087968,0.1362158751087968,other,immune_core,-0.18179540525470791,0.045579530145911124
97,662,-0.0955320185006988,0.0955320185006988,other,other,0.10389689738250435,-0.19942891588320316
97,657,-0.1422664954905088,0.1422664954905088,other,immune_core,-0.17738586220329297,0.03511936671278418
97,861,-0.1789147557742834,0.1789147557742834,other,immune_core,-0.2609909556346884,0.08207619986040499
98,1560,0.155345667821722,0.155345667821722,other,tumor_core,0.10822430589517595,0.047121361926546035
98,1139,0.5710774532534907,0.5710774532534907,other,tumor_core,0.5183295554818625,0.05274789777162814
98,1468,0.0185575773586073,0.0185575773586073,other,other,0.02712512157653646,-0.00856754421792916
98,250,0.0692377930307675,0.0692377930307675,other,tumor_core,0.15906337730798048,-0.08982558427721297
98,455,0.6210159148923003,0.6210159148923003,other,tumor_core,0.5497595636095779,0.07125635128272245
99,384,0.0392071706758353,0.0392071706758353,other,interface,-0.08076784959358838,0.11997502026942367
99,851,-0.2486074795508833,0.2486074795508833,other,other,-0.19650748432712556,-0.052099995223757745
99,216,-0.01467681012737,0.01467681012737,other,other,-0.015395157303014367,0.0007183471756443665
99,573,-0.0680278907098188,0.0680278907098188,other,other,-0.019840852917191062,-0.04818703779262773
99,235,0.2190513036977772,0.2190513036977772,other,tumor_core,0.1474835769848676,0.07156772671290959
99,266,-0.0479762171430413,0.0479762171430413,other,other,0.04399781351078595,-0.09197403065382725
100,1018,-0.8613226024581464,0.8613226024581464,interface,interface,-1.0378029007460179,0.17648029828787148
100,224,1.5697744816075363,1.5697744816075363,interface,interface,0.4571057577805624,1.112668723826974
100,1465,-1.021759978961838,1.021759978961838,interface,interface,-1.0503379907355779,0.028578011773739975
100,947,-1.8793902153164677,1.8793902153164677,interface,interface,-1.2437606079730519,-0.6356296073434158
100,329,-1.0234600137547138,1.0234600137547138,interface,interface,-0.7983955244164265,-0.22506448933828738
100,361,-1.658941074788277,1.658941074788277,interface,interface,-1.2019077912042335,-0.4570332835840434
101,841,-0.2461003261366568,0.2461003261366568,interface,interface,-0.5713648059859555,0.32526447984929874
101,1217,-0.4325688883767412,0.4325688883767412,interface,tumor_core,-0.25482894818491053,-0.17773994019183065
101,400,0.6332901327387246,0.6332901327387246,interface,interface,-0.06418617551459214,0.6974763082533167
101,356,-0.6202306977833245,0.6202306977833245,interface,interface,-0.4898990639979409,-0.1303316337853836
101,350,-0.6178024464212786,0.6178024464212786,interface,tumor_core,-0.21646622155215567,-0.4013362248691229
102,1117,-0.3795207701028052,0.3795207701028052,interface,interface,-0.26605294036740856,-0.11346782973539665
102,219,-0.0639854050159821,0.0639854050159821,interface,interface,-0.2578631983469548,0.19387779333097271
102,693,0.1518000771211923,0.1518000771211923,interface,interface,0.41716509766850063,-0.2653650205473083
102,135,-0.1050706148069514,0.1050706148069514,interface,interface,-0.2439324784156828,0.1388618636087314
102,470,0.0663539816669055,0.0663539816669055,interface,interface,-0.06938867330165202,0.13574265496855753
102,784,-0.3752248922207842,0.3752248922207842,interface,interface,-0.28557560147019134,-0.08964929075059286
103,1491,0.2613414618112551,0.2613414618112551,interface,interface,0.06925653468507004,0.19208492712618508
103,1151,-0.132415542349612,0.132415542349612,interface,interface,0.053852542784236346,-0.18626808513384835
103,1265,0.1510246208508726,0.1510246208508726,interface,interface,0.3577761537959939,-0.20675153294512133
103,520,0.2251900578288492,0.2251900578288492,interface,interface,-0.14606845561988668,0.3712585134487359
103,1245,0.19999544964974,0.19999544964974,interface,interface,0.08826173476222726,0.11173371488751274
103,1155,-0.1008881688925759,0.1008881688925759,interface,interface,0.18116890711868028,-0.2820570760112562
104,746,0.043291556139565,0.043291556139565,other,other,0.02528381205373051,0.01800774408583449
104,397,0.010988819912529,0.010988819912529,other,other,0.004888111389813488,0.006100708522715513
104,1358,0.0504632218860325,0.0504632218860325,other,other,0.10054355158430492,-0.05008032969827242
104,516,0.0311258298702025,0.0311258298702025,other,other,0.11903543171317235,-0.08790960184296985
104,996,0.601575209094162,0.601575209094162,other,tumor_core,0.5181754111054255,0.08339979798873642
104,900,0.4390803281236073,0.4390803281236073,other,tumor_core,0.40859837828651646,0.03048194983709085
105,461,-0.0732725945896059,0.0732725945896059,other,immune_core,-0.19953650360763026,0.12626390901802437
105,639,-0.363914902738036,0.363914902738036,other,immune_core,-0.21724130921666662,-0.14667359352136938
105,1134,-0.0681605738632646,0.0681605738632646,other,other,-0.1514438151118972,0.0832832412486326
105,782,-0.0505054268968602,0.0505054268968602,other,other,-0.09754901695665175,0.04704359005979154
105,876,-0.069330611867967,0.069330611867967,other,other,0.11378657369074696,-0.18311718555871398
105,1520,-0.09305486604318,0.09305486604318,other,other,-0.16625428935030273,0.07319942330712273
106,161,0.3004973514874511,0.3004973514874511,immune_core,other,0.4344483092748628,-0.13395095778741167
106,1528,0.1225535047498043,0.1225535047498043,immune_core,immune_core,0.038189289656994474,0.08436421509280982
106,875,0.4747250663922358,0.4747250663922358,immune_core,other,0.5255104519900939,-0.05078538559785817
106,786,0.392666272229451,0.392666272229451,immune_core,other,0.31885985688654156,0.07380641534290944
106,1527,0.1764230446147362,0.1764230446147362,immune_core,other,0.1979031308563995,-0.021480086241663282
106,340,0.0464961408064863,0.0464961408064863,immune_core,immune_core,-0.0015501322706579779,0.04804627307714428
107,1276,-0.2002753442890592,0.2002753442890592,other,immune_core,-0.39607400633491563,0.19579866204585644
107,990,0.0357180562161336,0.0357180562161336,other,interface,0.07597118544666881,-0.04025312923053521
107,795,-0.0028626446590998,0.0028626446590998,other,other,0.04767288055613153,-0.05053552521523133
107,709,0.0859252246234956,0.0859252246234956,other,other,0.08760584349201826,-0.0016806188685226653
107,979,0.0326019564974594,0.0326019564974594,other,other,0.18446097609531362,-0.15185901959785422
108,188,-0.238885757930897,0.238885757930897,other,immune_core,-0.24754231859600997,0.008656560665112972
108,1297,-0.1185261151198009,0.1185261151198009,other,other,-0.06972242082489039,-0.04880369429491052
108,1279,0.068665988874233,0.068665988874233,other,other,0.09884510699420024,-0.030179118119967235
108,1576,-0.0676568959847722,0.0676568959847722,other,other,0.009953025023989603,-0.07760992100876181
108,436,-0.1807780929011433,0.1807780929011433,other,immune_core,-0.3551305157595358,0.1743524228583925
108,997,-0.134795406551814,0.134795406551814,other,other,-0.10837919537774224,-0.026416211174071752
109,910,0.0704945121756898,0.0704945121756898,interface,other,-0.018505339565409507,0.08899985174109931
109,285,-0.1298461337983542,0.1298461337983542,interface,interface,-0.3243350511932417,0.1944889173948875
109,279,-0.2917438604871021,0.2917438604871021,interface,interface,0.047749949177993856,-0.33949380966509596
109,987,0.0815795852468732,0.0815795852468732,interface,interface,0.22844691812747836,-0.14686733288060516
109,1096,0.1780909482414349,0.1780909482414349,interface,interface,0.11647751361770253,0.061613434623732366
110,1065,-0.3517637910900448,0.3517637910900448,tumor_core,other,-0.3652178425045953,0.013454051414550527
110,408,0.2396850335875707,0.2396850335875707,tumor_core,tumor_core,0.18497164591140808,0.05471338767616263
110,1142,0.1414299770820534,0.1414299770820534,tumor_core,tumor_core,0.10155009357895783,0.03987988350309557
110,1458,0.0611169333909123,0.0611169333909123,tumor_core,tumor_core,0.0631516819809429,-0.0020347485900305967
110,627,-0.6200295210058692,0.6200295210058692,tumor_core,other,-0.5557314630677599,-0.06429805793810928
110,595,-0.2327160842466822,0.2327160842466822,tumor_core,other,-0.19100207357584487,-0.041714010670837326
111,1344,0.0709669890357145,0.0709669890357145,other,other,0.12157804870109756,-0.05061105966538307
111,1571,0.5183139980270699,0.5183139980270699,other,tumor_core,0.5093787934849101,0.008935204542159791
111,749,-0.0404783304068862,0.0404783304068862,other,other,-0.03111904843834168,-0.00935928196854452
111,802,0.5631667362003778,0.5631667362003778,other,tumor_core,0.5325404999815697,0.03062623621880811
111,317,0.3048457814338927,0.3048457814338927,other,other,0.30590509864551074,-0.0010593172116180605
111,292,0.1849892641896301,0.1849892641896301,other,other,0.16352008761730952,0.021469176572320586
112,431,0.1540797228824513,0.1540797228824513,other,other,0.1134693426558403,0.04061038022661101
112,1214,-0.0219129062657403,0.0219129062657403,other,other,0.05853188586684331,-0.08044479213258361
112,131,0.1162439077432601,0.1162439077432601,other,other,0.09353613128294377,0.022707776460316326
112,332,0.0943310014775197,0.0943310014775197,other,other,0.10462049272342319,-0.01028949124590349
112,907,0.1941194101209711,0.1941194101209711,other,other,0.20748939462933752,-0.013369984508366434
112,375,0.1505017925589682,0.1505017925589682,other,other,0.10971570356168353,0.04078608899728467
113,1156,0.0304332470873043,0.0304332470873043,other,other,0.03435597330613066,-0.003922726218826361
113,1186,0.0311050176983306,0.0311050176983306,other,other,0.017054156152612687,0.014050861545717913
113,512,0.0350219839753112,0.0350219839753112,other,other,0.021263206538760404,0.013758777436550795
113,1351,0.0,0.0,other,other,0.011036794962071772,-0.011036794962071772
113,974,0.0350219839753112,0.0350219839753112,other,other,0.02652936789664906,0.00849261607866214
113,1128,0.0482355554085587,0.0482355554085587,other,other,0.06957853090443433,-0.021342975495875632
114,826,0.0074539186469495,0.0074539186469495,immune_core,immune_core,-0.09009228840994782,0.09754620705689732
114,435,0.2751770464617636,0.2751770464617636,immune_core,other,0.2969908457118119,-0.021813799250048282
114,1093,0.1331197551662059,0.1331197551662059,immune_core,other,0.13211222622843283,0.0010075289377730612
114,230,-0.0215243071044934,0.0215243071044934,immune_core,immune_core,0.23201725470663953,-0.2535415618111329
114,1254,0.3164430926969057,0.3164430926969057,immune_core,other,0.2697736120815369,0.0466694806153688
114,942,0.1796413293384252,0.1796413293384252,immune_core,other,0.04950902414024891,0.13013230519817628
115,222,0.0421382044542001,0.0421382044542001,other,other,0.09358623889468623,-0.05144803444048613
115,1564,-0.2001573177344391,0.2001573177344391,other,other,-0.26060211223290614,0.06044479449846704
115,1180,0.2084004627198749,0.2084004627198749,other,other,0.1399231181136916,0.0684773446061833
115,1422,0.0888099202144442,0.0888099202144442,other,other,-0.006950286985495234,0.09576020719993944
115,670,-0.033131898978407,0.033131898978407,other,other,0.10520562570919748,-0.13833752468760446
115,243,-0.0404745207280502,0.0404745207280502,other,other,-0.033505471041120706,-0.006969049686929497
116,300,0.1339790160783078,0.1339790160783078,immune_core,interface,0.19327467048553093,-0.05929565440722312
116,488,0.3219814573899793,0.3219814573899793,immune_core,other,0.1956563127344465,0.1263251446555328
116,1178,0.2611014792129982,0.2611014792129982,immune_core,other,0.28227962750569635,-0.02117814829269815
116,1387,-0.4049159137663891,0.4049159137663891,immune_core,immune_core,-0.1692707799303902,-0.2356451338359989
116,695,0.225096641566167,0.225096641566167,immune_core,other,0.13207590828326177,0.09302073328290522
116,1359,0.4287494292257197,0.4287494292257197,immune_core,other,0.33197559099235696,0.09677383823336272
117,866,0.473405273934419,0.473405273934419,tumor_core,tumor_core,0.46104005307220897,0.012365220862210036
117,205,0.2561438599221355,0.2561438599221355,tumor_core,tumor_core,0.20806112775584967,0.048082732166285835
117,1559,-0.0118538719122883,0.0118538719122883,tumor_core,other,-0.02616747756889734,0.01431360565660904
117,1376,-0.1752518266002775,0.1752518266002775,tumor_core,other,-0.19052889229479977,0.01527706569452228
117,1396,-0.2826116073721798,0.2826116073721798,tumor_core,other,-0.24760026266607024,-0.03501134470610953
117,635,-0.2844802524908858,0.2844802524908858,tumor_core,other,-0.229453095031621,-0.055027157459264814
118,1130,-0.4642479757937078,0.4642479757937078,other,immune_core,-0.7903026139423823,0.3260546381486745
118,815,0.0612613047481761,0.0612613047481761,other,other,-0.7706446360166015,0.8319059407647776
118,207,-0.0908372298859263,0.0908372298859263,other,other,-1.0085266475924688,0.9176894177065424
118,1299,-0.6088354492549868,0.6088354492549868,other,immune_core,-0.7011267531823836,0.09229130392739682
118,912,-1.6217303944807464,1.6217303944807464,other,immune_core,-1.376838630759779,-0.24489176372096733
119,160,0.0245572210453965,0.0245572210453965,other,other,0.017936461305007104,0.006620759740389396
119,1220,0.1405052635385025,0.1405052635385025,other,other,0.14013036263903744,0.0003749008994650693
119,604,0.1847478988591113,0.1847478988591113,other,other,0.15603192975486507,0.02871596910424623
119,1309,-0.542320796405941,0.542320796405941,other,immune_core,-0.4973682064939924,-0.044952589911948615
119,1216,0.0943310014775197,0.0943310014775197,other,other,0.12456005365846227,-0.030229052180942573
119,1089,0.0943310014775197,0.0943310014775197,other,other,0.054861086867033906,0.039469914610485796
120,1181,0.3927468631189084,0.3927468631189084,interface,interface,0.4176903278000905,-0.024943464681182137
120,860,0.0163824222215322,0.0163824222215322,interface,interface,0.0818249018682532,-0.065442479646721
120,705,0.187193264914076,0.187193264914076,interface,interface,0.2618382025745526,-0.07464493766047658
120,742,-0.0755530276523591,0.0755530276523591,interface,other,-0.07441155210474815,-0.0011414755476109595
120,909,-0.0927774680272285,0.0927774680272285,interface,other,-0.09269613320956938,-8.133481765912332e-05
120,926,0.5811695943933703,0.5811695943933703,interface,interface,0.41491538482045076,0.1662542095729196
121,420,-0.1807089587900526,0.1807089587900526,immune_core,immune_core,-0.1391143894067418,-0.0415945693833108
121,653,0.3355275714664196,0.3355275714664196,immune_core,other,0.3622370964573865,-0.026709524990966904
121,1242,0.1276304841765434,0.1276304841765434,immune_core,other,0.18855612899026708,-0.06092564481372367
121,296,0.1793797045128178,0.1793797045128178,immune_core,other,0.21380746034024456,-0.03442775582742677
121,151,0.1976659047984703,0.1976659047984703,immune_core,other,0.21183552923764062,-0.01416962443917033
121,661,-0.1132730312504877,0.1132730312504877,immune_core,immune_core,-0.29110018878412297,0.17782715753363526
122,848,-0.3741066274625673,0.3741066274625673,interface,interface,-0.317600427821653,-0.0565061996409143
122,319,-0.4027813224876221,0.4027813224876221,interface,interface,-0.347619764438334,-0.05516155804928813
122,1199,-0.3657862730058741,0.3657862730058741,interface,interface,-0.11601212491760209,-0.24977414808827197
122,767,-0.1125820167961203,0.1125820167961203,interface,interface,-0.12670188824578293,0.014119871449662633
122,724,0.2278308461607972,0.2278308461607972,interface,interface,0.002614835859682668,0.22521601030111454
122,1213,0.3092159799322403,0.3092159799322403,interface,interface,0.187110182715774,0.1221057972164663
123,1496,0.3838097026487028,0.3838097026487028,immune_core,other,0.2850887969984391,0.0987209056502637
123,1348,0.5474272776638387,0.5474272776638387,immune_core,other,0.4941652073979047,0.05326207026593399
123,152,0.2741124194500469,0.2741124194500469,immune_core,other,0.24910235423394572,0.025010065216101163
123,430,-0.1939878259123563,0.1939878259123563,immune_core,immune_core,-0.16226376702924544,-0.03172405888311086
123,1326,0.2813643047380184,0.2813643047380184,immune_core,other,0.3429491651609633,-0.06158486042294492
124,1233,0.1357257281126291,0.1357257281126291,interface,interface,-0.022758586556831356,0.15848431466946045
124,394,1.19662020064841,1.19662020064841,interface,interface,0.8446525647534482,0.3519676358949617
124,895,0.7965787986865195,0.7965787986865195,interface,interface,1.0564551562608024,-0.25987635757428296
124,210,0.4658919656857528,0.4658919656857528,interface,interface,0.6803042603190745,-0.21441229463332173
124,1444,0.3209837378440336,0.3209837378440336,interface,interface,0.4606830096697914,-0.1396992718257578
125,903,0.1783706264056828,0.1783706264056828,interface,other,-0.08657768138800581,0.2649483077936886
125,1475,0.0175658120452454,0.0175658120452454,interface,interface,0.03873456981441814,-0.02116875776917274
125,773,-0.4285914744449043,0.4285914744449043,interface,interface,-0.22573318039345058,-0.20285829405145372
125,185,0.1112562522174527,0.1112562522174527,interface,tumor_core,0.15146001679570703,-0.040203764578254336
126,1229,0.0146529685438101,0.0146529685438101,other,interface,0.03372943208305568,-0.019076463539245577
126,1320,0.4209167060182246,0.4209167060182246,other,tumor_core,0.43440120203030674,-0.013484496012082126
126,828,0.0017931779292827,0.0017931779292827,other,other,0.04666520186456369,-0.04487202393528099
126,494,-0.1911847118319432,0.1911847118319432,other,other,-0.20570379757087143,0.014519085738928239
126,1369,-0.0515885334381679,0.0515885334381679,other,other,-0.05102332378669361,-0.0005652096514742883
126,297,-0.0287780897373119,0.0287780897373119,other,other,-0.09225765676545705,0.06347956702814515
127,1149,-0.2340708276717262,0.2340708276717262,interface,tumor_core,-0.11236291609478449,-0.12170791157694172
127,1315,-0.031204547507426,0.031204547507426,interface,tumor_core,-0.06750454482749049,0.03629999732006449
127,863,0.1690101238383506,0.1690101238383506,interface,interface,0.2676022124006151,-0.09859208856226451
127,189,1.5566114427023217,1.5566114427023217,interface,other,1.1165843250804912,0.44002711762183044
127,1551,-0.128067025085758,0.128067025085758,interface,tumor_core,0.04468896896362681,-0.17275599404938483
127,1428,0.2023734082515786,0.2023734082515786,interface,interface,0.2856446815476401,-0.08327127329606152
128,234,-0.0231752271281453,0.0231752271281453,immune_core,interface,-0.30694612921146003,0.28377090208331474
128,1304,-0.324248068481148,0.324248068481148,immune_core,interface,-0.42013064501734804,0.09588257653620003
128,639,-0.1388237503988877,0.1388237503988877,immune_core,immune_core,-0.3238758850420931,0.18505213464320538
128,1230,-0.3997133559892143,0.3997133559892143,immune_core,interface,-0.28299793660502154,-0.11671541938419278
128,782,0.2873486697982894,0.2873486697982894,immune_core,other,-0.2041835927820782,0.4915322625803676
128,1489,-0.3357198429677454,0.3357198429677454,immune_core,interface,0.603803335572238,-0.9395231785399834
129,868,-0.0301379573170908,0.0301379573170908,interface,interface,-0.5664991226554363,0.5363611653383455
129,411,-0.2645396787691215,0.2645396787691215,interface,interface,-0.09037786725629426,-0.17416181151282722
129,1494,0.1655388343073441,0.1655388343073441,interface,interface,0.10179241926821159,0.0637464150391325
129,452,-0.6710774741355519,0.6710774741355519,interface,interface,-0.7946712687093438,0.12359379457379194
129,379,-1.250775015068278,1.250775015068278,interface,interface,-0.9133151281601571,-0.3374598869081208
130,1023,0.3046691424601577,0.3046691424601577,tumor_core,tumor_core,0.4174275159522546,-0.11275837349209689
130,856,0.4302601662223986,0.4302601662223986,tumor_core,interface,0.04962070237231747,0.38063946385008113
130,924,-0.2084221499007412,0.2084221499007412,tumor_core,other,0.057159465025482165,-0.26558161492622334
130,668,0.3207984430170208,0.3207984430170208,tumor_core,tumor_core,0.2725936167307932,0.04820482628622763
130,667,0.0767141778590234,0.0767141778590234,tumor_core,tumor_core,0.010221650177895392,0.06649252768112801
130,808,0.010693883685849,0.010693883685849,tumor_core,other,0.1276904094909008,-0.1169965258050518
131,960,-0.3650227444194726,0.3650227444194726,other,other,-0.3508395747139108,-0.014183169705561771
131,907,0.110543022014029,0.110543022014029,other,other,0.11395326334639375,-0.0034102413323647413
131,1373,-0.0311050176983306,0.0311050176983306,other,other,-0.015360568546066822,-0.01574444915226378
131,431,0.0537073305230764,0.0537073305230764,other,other,0.019933211372896525,0.033774119150179874
131,718,0.1199311973185566,0.1199311973185566,other,other,0.09765979555700252,0.02227140176155408
132,872,0.1381971104436258,0.1381971104436258,interface,other,-0.759031687640287,0.8972287980839128
132,294,-0.1557070432561132,0.1557070432561132,interface,immune_core,0.038267596094234885,-0.1939746393503481
132,1416,0.0139607042338222,0.0139607042338222,interface,other,0.38310559748076045,-0.3691448932469383
132,533,-0.049442653877055,0.049442653877055,interface,interface,-0.3699347342092345,0.3204920803321795
132,1126,-0.4253327099182499,0.4253327099182499,interface,immune_core,-0.41955100503894216,-0.005781704879307736
133,482,0.2453420580769652,0.2453420580769652,interface,interface,0.12198556734946564,0.12335649072749957
133,1529,0.5067474948121935,0.5067474948121935,interface,tumor_core,0.5215546407143851,-0.014807145902191565
133,1495,0.2600598222660931,0.2600598222660931,interface,interface,0.2355169764633952,0.024542845802697888
133,382,0.4767047467549015,0.4767047467549015,interface,interface,0.8366141788505357,-0.3599094320956342
133,277,0.3091157528873096,0.3091157528873096,interface,interface,0.31817829296939826,-0.009062540082088677
133,1501,0.3639202707076013,0.3639202707076013,interface,interface,0.12803966728011273,0.23588060342748857
134,1518,0.1412984619121448,0.1412984619121448,other,interface,0.030255615600067953,0.11104284631207684
134,871,-0.2193631202463103,0.2193631202463103,other,other,0.308987915798138,-0.5283510360444483
134,173,-0.2662521119763729,0.2662521119763729,other,other,0.2095848254003807,-0.4758369373767536
134,479,0.6917970096583775,0.6917970096583775,other,interface,0.09040518575232848,0.6013918239060491
134,1136,0.2278428033757298,0.2278428033757298,other,interface,-0.017748126062832492,0.24559092943856228
135,693,0.128301173098958,0.128301173098958,interface,interface,0.6610975760841834,-0.5327964029852255
135,1117,0.4037793426660276,0.4037793426660276,interface,interface,-0.02212046195172579,0.4258998046177534
135,280,0.3730007223664353,0.3730007223664353,interface,interface,0.11976732717074301,0.25323339519569227
135,219,0.0052409819350466,0.0052409819350466,interface,interface,-0.01393071993127204,0.01917170186631864
136,338,-0.0056108486265156,0.0056108486265156,other,other,0.013480051347144695,-0.019090899973660293
136,231,-0.0505949226750762,0.0505949226750762,other,other,-0.05067400524965754,7.908257458134199e-05
136,690,-0.0401312569056425,0.0401312569056425,other,other,-0.017919861424869676,-0.022211395480772826
136,1437,-0.2619309908935646,0.2619309908935646,other,other,-0.2370078355857239,-0.024923155307840672
136,1238,0.050975407144674,0.050975407144674,other,other,0.08054898742536154,-0.029573580280687538
136,1107,0.1700735368888485,0.1700735368888485,other,other,0.07435409527758541,0.09571944161126308
137,853,0.221255666353129,0.221255666353129,interface,interface,0.01683319705209199,0.204422469301037
137,1354,-0.1926102354761417,0.1926102354761417,interface,interface,-0.08773600376699017,-0.10487423170915153
137,308,-0.5274979854945757,0.5274979854945757,interface,interface,-0.18757862443451123,-0.3399193610600645
137,212,-0.3284453027843656,0.3284453027843656,interface,tumor_core,0.03363702064310886,-0.3620823234274745
137,570,0.198454891362251,0.198454891362251,interface,interface,0.31625263511005774,-0.11779774374780674
137,409,0.9368094519560606,0.9368094519560606,interface,interface,0.21655810691501443,0.7202513450410462
138,1467,0.0887371322720058,0.0887371322720058,other,other,0.10223567070983369,-0.01349853843782789
138,800,0.1848394900223529,0.1848394900223529,other,other,0.16465503733078396,0.020184452691568933
138,495,0.0214396563684324,0.0214396563684324,other,other,0.0237972173691747,-0.0023575610007422997
138,1414,0.2302240596601859,0.2302240596601859,other,other,0.22886848423975464,0.0013555754204312431
138,252,0.1254360191758503,0.1254360191758503,other,other,0.12897709645024724,-0.003541077274396953
138,925,0.0433525626341727,0.0433525626341727,other,other,0.045495631345455645,-0.002143068711282947
139,182,-1.6353221959170932,1.6353221959170932,interface,interface,-0.5823494287411316,-1.0529727671759614
139,1150,0.4476163130952124,0.4476163130952124,interface,other,0.16360321039869255,0.2840131026965198
139,316,0.3890783901440274,0.3890783901440274,interface,other,0.154954264434742,0.2341241257092854
139,1327,-0.91506680460196,0.91506680460196,interface,interface,-0.8858454102540415,-0.029221394347918483
139,1447,0.3881138406162537,0.3881138406162537,interface,immune_core,-0.06517277356163398,0.4532866141778877
140,713,-0.034448659458601,0.034448659458601,other,other,0.009800631026507911,-0.04424929048510891
140,1547,-0.324268851450168,0.324268851450168,other,other,-0.18606540552231082,-0.13820344592785716
140,1114,-0.1740243037748066,0.1740243037748066,other,other,-0.13896702962867652,-0.03505727414613008
140,237,0.1156276632602525,0.1156276632602525,other,other,0.006905564278862575,0.10872209898138993
140,1174,-0.0170126554114732,0.0170126554114732,other,other,-0.08934848061943562,0.07233582520796242
140,1325,0.0794847236024576,0.0794847236024576,other,other,0.04303222959081754,0.036452494011640066
141,1303,-0.9010444822550544,0.9010444822550544,interface,interface,-0.6873208580788255,-0.21372362417622892
141,955,-0.8330193536739631,0.8330193536739631,interface,interface,-0.686528497292118,-0.1464908563818451
141,424,-0.4751865475733998,0.4751865475733998,interface,interface,-0.4173965219094551,-0.0577900256639447
141,442,0.2666836526059589,0.2666836526059589,interface,interface,-0.23812694484928065,0.5048105974552395
141,1334,-0.6301631240893893,0.6301631240893893,interface,interface,-0.5428058074729822,-0.08735731661640711
142,536,0.2254208171649946,0.2254208171649946,interface,interface,0.12304057425068116,0.10238024291431344
142,721,0.1624129934549092,0.1624129934549092,interface,interface,0.3044895379433682,-0.142076544488459
142,675,0.3200484414713224,0.3200484414713224,interface,interface,0.3300228062011682,-0.009974364729845808
142,1187,0.0469425696965115,0.0469425696965115,interface,interface,-0.01258424599387889,0.05952681569039039
142,1300,0.1475229606180384,0.1475229606180384,interface,interface,0.03209177173386728,0.11543118888417113
142,1477,0.2141140116830133,0.2141140116830133,interface,interface,0.3394013815995561,-0.12528736991654277
143,1250,-0.0949955929244653,0.0949955929244653,other,other,-0.1844372957582019,0.08944170283373659
143,1090,-0.0505388169327913,0.0505388169327913,other,other,-0.060118122814688424,0.009579305881897121
143,348,0.0750761866448828,0.0750761866448828,other,other,0.09789975183868804,-0.02282356519380524
143,1507,0.0168065444155698,0.0168065444155698,other,other,0.011239792888224631,0.005566751527345169
143,1584,-0.0707549953268182,0.0707549953268182,other,other,-0.05051343106192019,-0.02024156426489801
144,806,-0.169230156789302,0.169230156789302,other,other,-0.14869501861133372,-0.020535138177968287
144,674,-0.0622100353966612,0.0622100353966612,other,other,0.01920635163901973,-0.08141638703568094
144,580,0.0596733476680925,0.0596733476680925,other,other,0.058544476021346104,0.001128871646746396
144,967,-0.0926432824839656,0.0926432824839656,other,other,-0.04431273792396039,-0.048330544560005205
144,472,0.1373578305234833,0.1373578305234833,other,other,0.0659898079992452,0.0713680225242381
144,410,0.3063123592574227,0.3063123592574227,other,other,0.2285271858277679,0.07778517342965477
145,440,0.3244910473733802,0.3244910473733802,tumor_core,tumor_core,0.27774569297624807,0.04674535439713212
145,248,-0.2067247405155057,0.2067247405155057,tumor_core,other,-0.27850700691284064,0.07178226639733493
145,1005,0.3671417885337137,0.3671417885337137,tumor_core,tumor_core,0.25332309223364835,0.11381869630006536
145,712,-0.3096036873157248,0.3096036873157248,tumor_core,other,-0.33018467790769146,0.020580990591966664
145,781,-0.2038845194337213,0.2038845194337213,tumor_core,other,-0.1135064924622892,-0.0903780269714321
145,148,-0.345775550700891,0.345775550700891,tumor_core,other,-0.2721049635372524,-0.07367058716363861
146,603,-0.1675995549824258,0.1675995549824258,other,other,-0.14738583596255445,-0.020213719019871346
146,937,0.1865310037169237,0.1865310037169237,other,other,-0.1039619920210616,0.29049299573798526
146,671,-0.1642801669879096,0.1642801669879096,other,other,-0.021916582342220492,-0.1423635846456891
146,855,-1.0536765311328875,1.0536765311328875,other,interface,-0.645260603531047,-0.40841592760184053
146,184,0.20061925058591,0.20061925058591,other,other,0.07013656670998203,0.13048268387592796
146,734,-0.1943589892082917,0.1943589892082917,other,other,-0.34437593250470017,0.15001694329640847
147,572,0.1732777154819864,0.1732777154819864,other,tumor_core,0.1304301803838754,0.042847535098110984
147,369,-0.0161864661011585,0.0161864661011585,other,other,0.027260100757620392,-0.04344656685877889
147,1131,0.2292853325176439,0.2292853325176439,other,tumor_core,0.3187318783261184,-0.08944654580847447
147,1206,0.0422431615246358,0.0422431615246358,other,other,0.037238900720354406,0.005004260804281395
147,1118,0.137309239590616,0.137309239590616,other,tumor_core,0.11110840028233473,0.026200839308281265
147,1231,0.065364684696198,0.065364684696198,other,tumor_core,0.006524006242002139,0.058840678454195855
148,1257,0.0040584693308174,0.0040584693308174,other,other,0.004237008100903744,-0.0001785387700863443
148,916,-0.0891565325718994,0.0891565325718994,other,other,-0.05741204329961469,-0.03174448927228471
148,313,-0.0298896878478032,0.0298896878478032,other,other,-0.002193794391790682,-0.02769589345601252
148,781,0.099959591673005,0.099959591673005,other,other,0.15859847107496317,-0.058638879401958166
148,248,0.0381854221893708,0.0381854221893708,other,other,-0.006402043375588251,0.04458746556495905
149,714,0.2736003524496035,0.2736003524496035,interface,interface,0.16537752466434189,0.10822282778526163
149,364,-0.792287315089484,0.792287315089484,interface,interface,-0.7065965500026573,-0.08569076508682671
149,258,-0.4958310091362618,0.4958310091362618,interface,interface,-0.6715961938657142,0.1757651847294524
149,1022,1.8320801060362717,1.8320801060362717,interface,interface,1.5366743282021407,0.295405777834131
149,484,-1.273419564226796,1.273419564226796,interface,interface,-0.9242053622197826,-0.3492142020070135
149,1017,-0.7537317004029822,0.7537317004029822,interface,interface,-0.6092427412478545,-0.14448895915512772
150,287,-0.2664884036651984,0.2664884036651984,other,other,-0.26112240284069094,-0.005366000824507444
150,1490,-0.1333712548487401,0.1333712548487401,other,other,-0.06399252057974553,-0.06937873426899457
150,354,0.387334073096178,0.387334073096178,other,other,0.22887213440072762,0.1584619386954504
150,439,-0.0142783026608106,0.0142783026608106,other,other,0.05403413815223046,-0.06831244081304105
150,1506,-0.0142783026608106,0.0142783026608106,other,other,0.04028904645507436,-0.05456734911588496
150,1580,-0.0797335337234262,0.0797335337234262,other,other,-0.11889564739527786,0.039162113671851656
151,661,-0.4726403662178606,0.4726403662178606,other,immune_core,-0.5029357180217636,0.030295351803903026
151,179,-0.190622309095475,0.190622309095475,other,other,-0.1812714238157992,-0.009350885279675814
151,824,-0.4177974544539808,0.4177974544539808,other,immune_core,-0.46627222833464776,0.048474773880666955
151,420,-0.4022554132525683,0.4022554132525683,other,immune_core,-0.3509499186443824,-0.0513054946081859
152,998,-0.4553861809810366,0.4553861809810366,other,immune_core,-0.569752595352649,0.11436641437161238
152,1447,-0.2649122161618626,0.2649122161618626,other,immune_core,-0.19411921171092944,-0.07079300445093317
152,1496,0.1034261372969843,0.1034261372969843,other,other,0.03598644276449338,0.06743969453249092
152,715,-0.4275228877152376,0.4275228877152376,other,immune_core,-0.3988025025356239,-0.028720385179613728
153,461,-0.4077879771806518,0.4077879771806518,immune_core,immune_core,-0.18144778286051338,-0.2263401943201384
153,991,-0.331495407896154,0.331495407896154,immune_core,immune_core,-0.3597555707435493,0.028260162847395298
153,491,-0.5221010658301574,0.5221010658301574,immune_core,immune_core,-0.08541388311721376,-0.4366871827129436
153,306,0.1290243724491354,0.1290243724491354,immune_core,immune_core,-0.17027450860408738,0.2992988810532228
153,365,0.5611326375940284,0.5611326375940284,immune_core,other,0.2854436351142591,0.27568900247976935
153,271,-0.2931957761415062,0.2931957761415062,immune_core,immune_core,-0.3529745094364085,0.0597787332949023
154,321,-0.0069799802818362,0.0069799802818362,other,other,-0.020869501512093325,0.013889521230257124
154,1020,-0.0472059299032445,0.0472059299032445,other,other,0.0008967426154346536,-0.048102672518679154
154,1384,0.2973689283976255,0.2973689283976255,other,interface,0.08764720783635202,0.2097217205612735
154,792,-0.0481885137726168,0.0481885137726168,other,other,0.0450696244016385,-0.0932581381742553
154,678,0.007301955327412,0.007301955327412,other,other,0.05006808444532598,-0.042766129117913984
154,1385,-0.0423795247838013,0.0423795247838013,other,interface,-0.002895488563196491,-0.03948403622060481
155,983,0.0,0.0,other,other,0.0051212616021119595,-0.0051212616021119595
155,1202,-0.0041344760840721,0.0041344760840721,other,other,-0.013235162110266568,0.009100686026194469
155,720,-0.1960861620421608,0.1960861620421608,other,other,-0.18482753126375806,-0.01125863077840275
155,620,0.0823037308799728,0.0823037308799728,other,other,0.07728925805362372,0.005014472826349078
155,391,0.0838570773497,0.0838570773497,other,other,0.0742804516069033,0.00957662574279669
155,1095,-0.0571492129501768,0.0571492129501768,other,other,-0.049837108892639814,-0.007312104057536989
156,930,0.0719338137576649,0.0719338137576649,interface,other,-0.007892548203437155,0.07982636196110206
156,199,-0.0890834170889602,0.0890834170889602,interface,interface,0.03208601409217715,-0.12116943118113735
156,1301,0.1107234838060007,0.1107234838060007,interface,immune_core,-0.13272068288502492,0.24344416669102562
156,501,-0.0775721295852906,0.0775721295852906,interface,other,-0.04765956529761434,-0.02991256428767626
156,1540,-0.024827606325409,0.024827606325409,interface,interface,-0.15152541186786161,0.1266978055424526
156,654,-0.3017269318193754,0.3017269318193754,interface,interface,0.03580127774284875,-0.3375282095622241
157,931,0.2725144943804333,0.2725144943804333,tumor_core,interface,0.2329335815036711,0.039580912876762187
157,1002,-0.4105846286950589,0.4105846286950589,tumor_core,other,-0.3766910046242013,-0.03389362407085761
157,205,0.0490836891358695,0.0490836891358695,tumor_core,tumor_core,0.04716819532089088,0.0019154938149786235
157,1288,0.1851947280454823,0.1851947280454823,tumor_core,tumor_core,0.18033935066064258,0.00485537738483971
157,924,-0.3701691106007875,0.3701691106007875,tumor_core,other,-0.2851132795797988,-0.08505583102098868
157,818,0.3907268616185865,0.3907268616185865,tumor_core,interface,0.3181292292820007,0.07259763233658578
158,1388,0.1326556732566169,0.1326556732566169,other,other,0.0556919826887462,0.0769636905678707
158,1538,-0.1004016958827717,0.1004016958827717,other,immune_core,-0.21135765769938797,0.11095596181661627
158,1163,-0.2720982681521621,0.2720982681521621,other,immune_core,-0.18298910919387334,-0.08910915895828875
158,305,-0.0201628238605826,0.0201628238605826,other,other,-0.138536024404681,0.11837320054409839
158,629,-0.6757613873836674,0.6757613873836674,other,interface,-0.2784401248341035,-0.3973212625495639
158,852,0.2235253475940016,0.2235253475940016,other,other,0.043388387314990506,0.1801369602790111
159,627,-0.1153106280099979,0.1153106280099979,other,other,-0.1288827959382398,0.01357216792824191
159,643,0.0791402991129322,0.0791402991129322,other,other,0.09419559834005387,-0.015055299227121663
159,1065,0.0038012788298588,0.0038012788298588,other,other,0.06163082462492475,-0.057829545795065954
159,292,0.182346877754569,0.182346877754569,other,other,0.13727584381541436,0.04507103393915465
159,749,-0.0431207168419474,0.0431207168419474,other,other,-0.05736329224023684,0.014242575398289443
160,459,0.1144174817589913,0.1144174817589913,other,other,0.15740768889571827,-0.042990207136726966
160,1360,-0.0373423930746854,0.0373423930746854,other,other,-0.011674264629338155,-0.025668128445347244
160,1309,-0.3876843061453578,0.3876843061453578,other,immune_core,-0.5153046677989994,0.1276203616536416
160,604,0.1045554448490582,0.1045554448490582,other,other,0.13809546844985798,-0.03354002360079979
160,311,-0.0154503857758907,0.0154503857758907,other,other,0.0033509726292533515,-0.01880135840514405
161,259,-0.2124992721679859,0.2124992721679859,other,other,0.15481536350555097,-0.36731463567353684
161,786,0.0478969835109445,0.0478969835109445,other,other,-0.11558845238832124,0.16348543589926573
161,948,0.1872668001777789,0.1872668001777789,other,other,-0.015001725477162685,0.2022685256549416
161,875,0.110425277533143,0.110425277533143,other,other,0.09106214271523119,0.019363134817911812
162,980,0.0334949789048525,0.0334949789048525,other,other,0.0038319372449014955,0.029663041659951005
162,1569,0.1713847919584941,0.1713847919584941,other,other,0.11131715330147815,0.06006763865701595
162,890,-0.0265162808103237,0.0265162808103237,other,other,-0.060863838352798474,0.034347557542474774
162,1541,-0.5454822358674036,0.5454822358674036,other,immune_core,-0.5591204886497156,0.01363825278231201
162,202,-0.1129369101108054,0.1129369101108054,other,immune_core,-0.08178178071876067,-0.03115512939204472
163,234,0.0875334593223021,0.0875334593223021,interface,interface,0.1701543302266444,-0.0826208709043423
163,845,0.0150992988324005,0.0150992988324005,interface,interface,-0.08857720822471984,0.10367650705712034
163,969,-0.3017841526084871,0.3017841526084871,interface,interface,0.10436157314827166,-0.4061457257567588
163,1328,0.3675194525688664,0.3675194525688664,interface,interface,0.2527816080996289,0.11473784446923752
163,650,1.3597940687966517,1.3597940687966517,interface,interface,0.4602001489506897,0.8995939198459619
163,782,-0.3563250530358217,0.3563250530358217,interface,other,0.2729168666560262,-0.629241919691848
164,1545,-0.0384024103419603,0.0384024103419603,other,other,-0.019614954717727423,-0.018787455624232875
164,183,-0.1580541745199141,0.1580541745199141,other,other,-0.16886179301894877,0.010807618499034666
164,660,-0.0137367864346284,0.0137367864346284,other,other,0.0972162483900372,-0.1109530348246656
164,977,-0.0563950320269313,0.0563950320269313,other,other,0.04870574407044234,-0.10510077609737364
164,1189,-1.2172577150356996,1.2172577150356996,other,immune_core,-1.4373245620596264,0.22006684702392687
165,1172,-0.1014063078370096,0.1014063078370096,other,immune_core,-0.23639191199251672,0.13498560415550712
165,867,0.007189631363236,0.007189631363236,other,other,-0.006503698400631003,0.013693329763867002
165,702,-0.1023050719339159,0.1023050719339159,other,other,-0.10386818994709648,0.0015631180131805839
165,436,-0.166329149090093,0.166329149090093,other,immune_core,-0.1496792792289556,-0.016649869861137395
165,684,-0.0808308248997003,0.0808308248997003,other,other,-0.008125908538990673,-0.07270491636070962
166,872,-0.4623554638780454,0.4623554638780454,interface,other,-0.6332740274316867,0.17091856355364132
166,772,0.0718620754245945,0.0718620754245945,interface,other,0.4969336531164029,-0.4250715776918084
166,376,-0.0338010398057248,0.0338010398057248,interface,interface,-0.12089803502009605,0.08709699521437125
166,680,0.3463788136025012,0.3463788136025012,interface,other,0.5276839882757988,-0.18130517467329754
166,1313,0.4898727842346987,0.4898727842346987,interface,other,-0.01322057198459737,0.5030933562192961
166,309,-0.5280546028085185,0.5280546028085185,interface,interface,-0.3733224070465077,-0.15473219576201075
167,708,0.0532439973368951,0.0532439973368951,interface,interface,-0.21223519026566318,0.2654791876025583
167,1275,0.34358131272041,0.34358131272041,interface,interface,0.637591321186844,-0.29401000846643405
167,362,1.1281408364017644,1.1281408364017644,interface,interface,0.9507351882476687,0.17740564815409576
167,529,-0.0073968839559446,0.0073968839559446,interface,interface,0.3681206694650986,-0.3755175534210432
167,1536,0.0906610148613924,0.0906610148613924,interface,interface,0.0857928093406628,0.004868205520729599
168,1128,0.1283120528498326,0.1283120528498326,other,other,0.10985512888839613,0.018456923961436472
168,1408,0.1290621361905359,0.1290621361905359,other,other,0.10845861540630677,0.020603520784229112
168,1362,0.0943310014775197,0.0943310014775197,other,other,0.09469361072915614,-0.00036260925163643376
168,335,-0.1162439077432601,0.1162439077432601,other,other,-0.10198443224819137,-0.01425947549506873
168,1122,0.1895766259158837,0.1895766259158837,other,other,0.1979275726541487,-0.008350946738265003
168,886,0.0128182284472758,0.0128182284472758,other,other,0.028905843047215996,-0.016087614599940195
169,1163,-0.3147640599197605,0.3147640599197605,other,immune_core,-0.5589752809072216,0.24421122098746112
169,1274,-2.085511035515929,2.085511035515929,other,immune_core,-1.1987418566504697,-0.8867691788654595
169,1388,-0.2234198986806748,0.2234198986806748,other,other,-0.32029418902460205,0.09687429034392725
169,647,-0.1240330153741831,0.1240330153741831,other,other,-0.32135899202120055,0.19732597664701745
169,854,-0.2491404525330813,0.2491404525330813,other,immune_core,-0.545405928633833,0.29626547610075166
169,945,0.0575801932456851,0.0575801932456851,other,other,0.005488962745811343,0.052091230499873756
170,1430,0.1912353798785285,0.1912353798785285,immune_core,other,0.2148965020930977,-0.023661122214569202
170,1112,0.3118450061354847,0.3118450061354847,immune_core,other,0.1992166315993488,0.11262837453613592
170,1374,0.2169196527371624,0.2169196527371624,immune_core,other,0.1039754212994404,0.112944231437722
170,657,-0.2000584148100693,0.2000584148100693,immune_core,immune_core,-0.02520955893412935,-0.17484885587593996
170,1159,-0.0103142335186418,0.0103142335186418,immune_core,immune_core,-0.019378919113384463,0.009064685594742663
170,728,0.1693007842248887,0.1693007842248887,immune_core,other,0.2054283455422762,-0.03612756131738751
171,686,-0.6540924691429254,0.6540924691429254,other,immune_core,-0.5611148527229992,-0.09297761641992619
171,352,-0.0687817482199853,0.0687817482199853,other,other,-0.07813025940819782,0.009348511188212519
171,1226,-0.024215425046891,0.024215425046891,other,other,-0.12233416360045843,0.09811873855356743
171,919,-0.4508375786335881,0.4508375786335881,other,immune_core,-0.40331650659762563,-0.04752107203596245
171,1029,-0.1179122900423604,0.1179122900423604,other,other,-0.091067609298873,-0.026844680743487392
172,1175,0.0881019368233173,0.0881019368233173,other,other,0.07685309841261398,0.011248838410703316
172,261,-0.4832111617548825,0.4832111617548825,other,immune_core,-0.45965523604745007,-0.023555925707432424
172,571,-0.0502731314614324,0.0502731314614324,other,other,-0.054227425100864105,0.003954293639431707
172,312,0.1816730312086212,0.1816730312086212,other,other,0.2126597753811554,-0.03098674417253422
172,878,0.156484910154405,0.156484910154405,other,other,0.1501760573003532,0.006308852854051805
172,1322,-0.0558864561050896,0.0558864561050896,other,other,-0.08891707684090151,0.033030620735811915
173,1307,-0.3530185814662611,0.3530185814662611,other,immune_core,0.3750252063624359,-0.7280437878286969
173,1518,0.3657942495633992,0.3657942495633992,other,interface,-0.17932920980031275,0.545123459363712
173,207,-0.0883519315231519,0.0883519315231519,other,other,0.9769484163642511,-1.065300347887403
173,1314,0.2556620048632199,0.2556620048632199,other,other,-0.5830932510650391,0.838755255928259
173,871,0.0330324223133645,0.0330324223133645,other,other,0.0994030903977573,-0.06637066808439279
174,590,0.7842155144993761,0.7842155144993761,other,interface,0.3775979753019416,0.4066175391974345
174,1449,0.324698117081565,0.324698117081565,other,interface,0.2297793218235496,0.09491879525801539
174,239,0.3382286099203105,0.3382286099203105,other,interface,0.286547716248756,0.051680893671554484
174,1425,-0.195991450683037,0.195991450683037,other,other,-0.01180129580523434,-0.18419015487780266
174,659,0.1885317728107097,0.1885317728107097,other,other,0.2582143766896595,-0.06968260387894981
174,948,-0.1700438486166583,0.1700438486166583,other,other,0.12930043701380917,-0.29934428563046744
175,753,-0.0782287344232122,0.0782287344232122,interface,interface,-0.8747782310383332,0.796549496615121
175,587,-1.988567646021843,1.988567646021843,interface,interface,-1.810322080041698,-0.17824556598014518
175,1109,-2.33520685261478,2.33520685261478,interface,interface,-2.0492698114831445,-0.28593704113163554
175,1264,-2.0990386148289413,2.0990386148289413,interface,interface,-1.7813649627902235,-0.3176736520387178
175,1062,-1.6176782648455037,1.6176782648455037,interface,interface,-1.069935722843559,-0.5477425420019446
175,833,-0.9766180288529998,0.9766180288529998,interface,interface,-1.5096658089376036,0.5330477800846039
176,1567,-0.0755530602065325,0.0755530602065325,tumor_core,tumor_core,-0.09774107146595781,0.022188011259425308
176,1295,-0.0679715197800542,0.0679715197800542,tumor_core,other,-0.149780604258351,0.0818090844782968
176,1357,-0.7039647692551185,0.7039647692551185,tumor_core,other,-0.39593208212407405,-0.3080326871310445
176,1030,-0.0599722080146981,0.0599722080146981,tumor_core,other,-0.2520799154417388,0.1921077074270407
176,631,0.2012929098482354,0.2012929098482354,tumor_core,tumor_core,0.14471583879724778,0.05657707105098761
176,644,-0.0686766286818279,0.0686766286818279,tumor_core,tumor_core,0.014531337746008788,-0.08320796642783669
177,1323,-0.1849752628727348,0.1849752628727348,other,other,-0.1999461056440976,0.014970842771362791
177,688,0.6076642974890788,0.6076642974890788,other,interface,0.4630051852684082,0.14465911222067057
177,1261,-0.1466541672954714,0.1466541672954714,other,interface,-0.022074784715438722,-0.12457938258003268
177,409,0.3858572353974652,0.3858572353974652,other,interface,0.328021750223408,0.05783548517405718
177,954,-0.1765709447781886,0.1765709447781886,other,other,-0.16851263753366214,-0.00805830724452647
177,1336,-0.1663639099670227,0.1663639099670227,other,interface,-0.08153642548672091,-0.08482748448030178
178,1508,0.4477564991238887,0.4477564991238887,interface,interface,0.2848257294293285,0.16293076969456022
178,1080,0.6192998344518785,0.6192998344518785,interface,interface,0.5863250665942934,0.03297476785758513
178,699,0.0190289393106019,0.0190289393106019,interface,interface,-0.052534299546691865,0.07156323885729376
178,180,-0.119796353783825,0.119796353783825,interface,interface,-0.018356386574796546,-0.10143996720902845
178,1160,0.6666077131835725,0.6666077131835725,interface,interface,0.7257728335541795,-0.05916512037060706
179,1132,0.3744539532762033,0.3744539532762033,other,other,0.35133114570342466,0.023122807572778625
179,661,-0.2252513661384334,0.2252513661384334,other,immune_core,-0.3216642942059644,0.09641292806753096
179,745,0.340425171747889,0.340425171747889,other,other,0.39243568969188564,-0.05201051794399664
179,824,-0.3284866271193883,0.3284866271193883,other,immune_core,-0.2850008045188485,-0.04348582260053979
179,468,0.2606890064648978,0.2606890064648978,other,other,0.29407927932541544,-0.033390272860517656
180,1508,0.4760398777692244,0.4760398777692244,interface,interface,0.30318211600412504,0.17285776176509937
180,1361,0.3565872714539617,0.3565872714539617,interface,interface,0.3483591842797403,0.00822808717422141
180,1329,0.2805577153740068,0.2805577153740068,interface,interface,0.3815802761603939,-0.1010225607863871
180,829,0.6444084758076278,0.6444084758076278,interface,tumor_core,0.7347418160215126,-0.09033334021388473
181,356,0.1044396499198549,0.1044396499198549,interface,interface,0.05734392971392338,0.047095720205931516
181,731,-0.025891682585926,0.025891682585926,interface,interface,-0.11166632291306722,0.08577464032714122
181,400,0.3634662427100529,0.3634662427100529,interface,interface,0.48305681819727214,-0.11959057548721924
181,1504,-0.0738130454276058,0.0738130454276058,interface,other,-0.0032058532170339826,-0.07060719221057182
181,1454,0.1319827245439387,0.1319827245439387,interface,tumor_core,0.02233142476338562,0.10965129978055307
182,1371,0.446930239138626,0.446930239138626,interface,interface,0.4540990318360043,-0.007168792697378301
182,1420,0.7486626561148156,0.7486626561148156,interface,interface,0.5285382111425003,0.22012444497231531
182,1327,-0.6374026306773706,0.6374026306773706,interface,interface,-0.3034959815129099,-0.33390664916446067
183,743,0.1601510649677955,0.1601510649677955,other,other,0.1736778987746524,-0.013526833806856903
183,977,0.1592512914310401,0.1592512914310401,other,other,0.21756753708939114,-0.05831624565835103
183,270,0.2092110487107814,0.2092110487107814,other,other,0.21554958922640782,-0.006338540515626434
183,1115,-0.2525812011020543,0.2525812011020543,other,immune_core,-0.3178944266716155,0.0653132255695612
184,677,-0.1222290409762305,0.1222290409762305,other,other,-0.16387527869907303,0.04164623772284254
184,951,-0.1646222551206137,0.1646222551206137,other,other,-0.2498165480882923,0.08519429296767858
184,734,-0.3613430348101056,0.3613430348101056,other,other,-0.4145124992146822,0.053169464404576594
184,869,-0.061223306121341,0.061223306121341,other,other,-0.10517974683115572,0.04395644070981472
184,603,-0.3110068330951667,0.3110068330951667,other,other,-0.21752240267253647,-0.09348443042263022
185,809,0.138745363330997,0.138745363330997,tumor_core,interface,0.16637959559647203,-0.02763423226547504
185,1255,0.3156932429929702,0.3156932429929702,tumor_core,tumor_core,0.27059947170654985,0.04509377128642034
185,1432,-0.2600704861950809,0.2600704861950809,tumor_core,tumor_core,-0.1552887280880249,-0.10478175810705598
185,773,-0.5398477266623571,0.5398477266623571,tumor_core,interface,-0.3771931971891576,-0.16265452947319953
186,1554,0.0843861320321616,0.0843861320321616,other,other,0.017811812103389724,0.06657431992877187
186,451,0.0503817493224703,0.0503817493224703,other,other,0.1935495769834183,-0.143167827660948
186,276,0.1668959806446635,0.1668959806446635,other,other,0.1768327634686212,-0.009936782823957713
186,1296,0.0973337656201128,0.0973337656201128,other,other,-0.05567085803995028,0.15300462366006307
186,1401,-0.0374497098506341,0.0374497098506341,other,other,0.044634605917551085,-0.08208431576818519
187,308,0.315921759362093,0.315921759362093,other,interface,0.0970439318804413,0.2188778274816517
187,849,0.0582965508550517,0.0582965508550517,other,other,0.1327297966031764,-0.07443324574812471
187,1336,0.0086760486966267,0.0086760486966267,other,interface,0.09162248751983804,-0.08294643882321134
187,1088,0.0065674432827643,0.0065674432827643,other,other,0.12391332706711133,-0.11734588378434703
187,355,-0.0566066071037209,0.0566066071037209,other,other,-0.006342104816898342,-0.05026450228682256
187,676,0.1640229065588261,0.1640229065588261,other,other,0.057910224377829556,0.10611268218099654
188,1279,0.2654441969890792,0.2654441969890792,immune_core,other,0.3463874255902102,-0.08094322860113101
188,997,0.2832569148602248,0.2832569148602248,immune_core,other,0.13916312321826774,0.14409379164195707
188,1576,0.3114537082698243,0.3114537082698243,immune_core,other,0.2574953436199996,0.05395836464982473
188,436,-0.0997197897201916,0.0997197897201916,immune_core,immune_core,-0.1075881971635258,0.007868407443334197
188,578,0.2393791106317254,0.2393791106317254,immune_core,other,0.3556995986324847,-0.11632048800075928
189,863,0.0358850403960549,0.0358850403960549,other,interface,-0.848982112679876,0.8848671530759309
189,1428,-0.4370390959635649,0.4370390959635649,other,interface,-0.8309396435328511,0.3939005475692862
189,1315,-2.0910473816701813,2.0910473816701813,other,tumor_core,-1.1840888699079817,-0.9069585117621997
189,1551,-1.7230934393443922,1.7230934393443922,other,tumor_core,-1.0718953561168643,-0.6511980832275279
189,1120,-0.2565358637261373,0.2565358637261373,other,other,-0.9759506065653973,0.7194147428392601
190,1549,0.343124015402195,0.343124015402195,immune_core,other,0.3430020188233488,0.0001219965788462063
190,1003,0.0752349330203466,0.0752349330203466,immune_core,immune_core,0.09366723668753844,-0.01843230366719184
190,984,0.1036081985262986,0.1036081985262986,immune_core,immune_core,0.08736560434522082,0.016242594181077777
190,651,-1.4067820641122413,1.4067820641122413,immune_core,immune_core,-1.586848587870114,0.1800665237578727
190,1070,0.408328430803473,0.408328430803473,immune_core,other,0.544406894917062,-0.13607846411358898
190,775,0.60157564958893,0.60157564958893,immune_core,other,0.643495822848795,-0.04192017325986508
191,1573,-0.0544110916291213,0.0544110916291213,interface,interface,0.10412215472989145,-0.15853324635901275
191,423,-0.0652457013122567,0.0652457013122567,interface,interface,-0.07924885130749737,0.014003149995240674
191,448,-0.0224165942417902,0.0224165942417902,interface,interface,-0.2278670172847133,0.2054504230429231
191,1530,-0.0677454698556273,0.0677454698556273,interface,immune_core,0.18879656996640654,-0.25654203982203383
191,765,0.0152444240232356,0.0152444240232356,interface,other,0.18716993395024056,-0.17192550992700495
192,1025,-0.1991666167471278,0.1991666167471278,other,immune_core,-0.026940853110964946,-0.17222576363616285
192,884,0.1421967950022848,0.1421967950022848,other,other,0.01768541029959847,0.12451138470268633
192,1423,-0.1281465279004617,0.1281465279004617,other,other,-0.039958925603789774,-0.08818760229667191
192,663,0.0957514088150247,0.0957514088150247,other,other,0.1318208509484149,-0.036069442133390195
192,466,0.0562330769410151,0.0562330769410151,other,other,-0.029083865383544627,0.08531694232455972
193,1215,-0.1373848079725658,0.1373848079725658,immune_core,immune_core,0.09467251326268522,-0.23205732123525102
193,1165,0.1071985643320046,0.1071985643320046,immune_core,other,-0.01644742853289871,0.12364599286490331
193,1453,0.1569328683184884,0.1569328683184884,immune_core,interface,-0.01164867574791395,0.16858154406640236
193,353,-0.1971792896150598,0.1971792896150598,immune_core,immune_core,-0.20021092292389842,0.003031633308838627
193,673,-0.3139198837963839,0.3139198837963839,immune_core,immune_core,-0.16296166135757684,-0.15095822243880708
194,515,-1.4217197115647786,1.4217197115647786,interface,interface,-1.0327432576347173,-0.3889764539300613
194,1356,-1.090691242263394,1.090691242263394,interface,interface,-1.2004309464280027,0.10973970416460865
194,752,-1.0631958420438616,1.0631958420438616,interface,interface,-0.7994806166067241,-0.26371522543713755
194,1308,0.7045575886107001,0.7045575886107001,interface,interface,-0.08413327191008288,0.788690860520783
194,708,-1.4410522939104478,1.4410522939104478,interface,interface,-1.195313469548736,-0.2457388243617118
195,1251,-0.2154564575834095,0.2154564575834095,interface,interface,-0.05764354224659418,-0.15781291533681532
195,949,-0.282397415558705,0.282397415558705,interface,interface,-0.9122159108471333,0.6298184952884283
195,224,-0.5852625704075116,0.5852625704075116,interface,interface,0.3388531957733599,-0.9241157661808715
195,329,-1.4307131562542117,1.4307131562542117,interface,interface,-0.916648086423629,-0.5140650698305826
195,598,0.1202110506402994,0.1202110506402994,interface,interface,-0.6165701493807055,0.7367812000210049
195,1059,-0.1714059862212681,0.1714059862212681,interface,interface,-0.4007995776303791,0.229393591409111
196,238,-0.2326753257295165,0.2326753257295165,interface,other,0.016081509823440587,-0.24875683555295708
196,1320,0.3134617851052979,0.3134617851052979,interface,tumor_core,0.2819352339824973,0.03152655112280056
196,1229,-0.0610470240616876,0.0610470240616876,interface,interface,-0.11873653596475375,0.057689511903066155
196,573,0.258821505905269,0.258821505905269,interface,other,0.2568344046075269,0.0019871012977421
196,851,0.0024916864490363,0.0024916864490363,interface,other,0.08016777319759236,-0.07767608674855606
196,614,-0.3960360484044705,0.3960360484044705,interface,immune_core,-0.6312661135453972,0.2352300651409267
197,593,0.1683278745075208,0.1683278745075208,other,other,0.10690726456724267,0.06142060994027812
197,1324,0.0861029001694353,0.0861029001694353,other,other,-0.008206269610407432,0.09430916977984273
197,1554,-0.0862598037701582,0.0862598037701582,other,other,-0.0792746792477675,-0.0069851245223906955
197,347,-0.1594489198961368,0.1594489198961368,other,other,-0.1243370352509663,-0.035111884645170496
197,850,-0.2052487955901183,0.2052487955901183,other,other,-0.15264751683371686,-0.05260127875640144
198,1248,0.0553711542399818,0.0553711542399818,other,interface,0.05020565489250661,0.0051654993474751845
198,1318,-0.0534516299319239,0.0534516299319239,other,other,-0.054916846706621614,0.001465216774697714
198,1471,-0.0642399982309798,0.0642399982309798,other,other,-0.08104402083679191,0.01680402260581211
198,499,-0.0314040175394957,0.0314040175394957,other,other,0.016188217293884033,-0.04759223483337973
198,1271,0.321744208306772,0.321744208306772,other,interface,0.22903764875872695,0.09270655954804502
198,847,-0.0291130403419895,0.0291130403419895,other,other,0.03943643232538574,-0.06854947266737524
199,654,0.0777161272307847,0.0777161272307847,interface,interface,0.0037152636506715964,0.07400086358011311
199,930,-0.0701560452494625,0.0701560452494625,interface,other,-0.039978562295614306,-0.0301774829538482
199,470,0.0851582815112041,0.0851582815112041,interface,interface,0.14665874863645956,-0.06150046712525546
199,219,-0.0650630235169692,0.0650630235169692,interface,interface,-0.041815776408843264,-0.023247247108125937
200,411,0.3827325147351293,0.3827325147351293,interface,interface,0.26884131157406355,0.11389120316106577
200,906,0.2552524363614439,0.2552524363614439,interface,interface,0.05800846805801407,0.19724396830342983
200,1381,0.2689187734488899,0.2689187734488899,interface,interface,0.46195257854260685,-0.19303380509371693
200,1453,-0.1179191775425276,0.1179191775425276,interface,interface,0.08202658884043124,-0.19994576638295886
200,1165,-0.0683846523678859,0.0683846523678859,interface,other,0.07722783605544647,-0.14561248842333238
201,417,0.4175916456000264,0.4175916456000264,tumor_core,tumor_core,0.23396937643242594,0.18362226916760044
201,1429,0.0243801115328075,0.0243801115328075,tumor_core,tumor_core,-0.18303433547956272,0.20741444701237022
201,1268,0.2019439311077846,0.2019439311077846,tumor_core,interface,-0.18089772232185874,0.3828416534296434
201,1446,0.2200900888890457,0.2200900888890457,tumor_core,interface,0.4552161398373842,-0.2351260509483385
201,1529,0.4217208799193276,0.4217208799193276,tumor_core,tumor_core,0.27904853972948496,0.14267234018984265
201,331,0.047198420984559,0.047198420984559,tumor_core,interface,0.728622500464005,-0.681424079479446
202,980,0.0393217226775148,0.0393217226775148,immune_core,other,0.08561371796366217,-0.04629199528614737
202,384,-0.097057795038599,0.097057795038599,immune_core,interface,0.06290311563895667,-0.1599609106775557
202,438,0.1182771586945686,0.1182771586945686,immune_core,other,-0.16847404446528902,0.28675120315985764
202,596,-0.0642864149517649,0.0642864149517649,immune_core,other,0.17165845828050655,-0.23594487323227145
202,1311,-0.0885334427631879,0.0885334427631879,immune_core,interface,0.11704734664015391,-0.20558078940334182
203,903,0.0204860288514168,0.0204860288514168,interface,other,0.09611061132338539,-0.07562458247196858
203,349,-0.1080062827069461,0.1080062827069461,interface,interface,-0.05980015258817262,-0.04820613011877348
203,992,0.2484695172274833,0.2484695172274833,interface,interface,0.13761039857292878,0.11085911865455453
203,832,-0.0143155413281051,0.0143155413281051,interface,interface,-0.045644896108816724,0.031329354780711624
203,773,-0.0614018653063535,0.0614018653063535,interface,interface,-0.043044887682059385,-0.018356977624294113
204,508,0.0035425736680204,0.0035425736680204,interface,other,0.1942304386947804,-0.19068786502676
204,989,0.0953318326348201,0.0953318326348201,interface,other,0.08007088988652711,0.015260942748292997
204,426,0.2352477761358359,0.2352477761358359,interface,interface,-0.014599344118641888,0.24984712025447778
204,302,-0.0970740706096773,0.0970740706096773,interface,other,0.12192478297420739,-0.21899885358388468
204,741,0.1118900932082112,0.1118900932082112,interface,interface,-0.16159577250422347,0.27348586571243466
204,1480,-0.0100557300184904,0.0100557300184904,interface,other,0.11885192660361177,-0.12890765662210216
205,1376,-0.3557004104093111,0.3557004104093111,tumor_core,other,-0.3985900200506495,0.042889609641338367
205,1002,-0.4596683178309285,0.4596683178309285,tumor_core,other,-0.4238591999450922,-0.035809117885836295
205,1288,0.1361110389096127,0.1361110389096127,tumor_core,tumor_core,0.1331711553397517,0.002939883569860996
205,866,0.2929566901253854,0.2929566901253854,tumor_core,tumor_core,0.2529789253163593,0.039977764809026095
206,829,0.5140524179888893,0.5140524179888893,interface,tumor_core,0.2685608602627399,0.24549155772614945
206,449,-0.0925611303635281,0.0925611303635281,interface,interface,0.11768699447501663,-0.21024812483854471
206,1361,0.2316524826595556,0.2316524826595556,interface,interface,-0.11782177147903239,0.349474254138588
206,610,0.1268991304356054,0.1268991304356054,interface,interface,0.11003827215923032,0.016860858276375096
206,1037,-0.1825476380708246,0.1825476380708246,interface,other,0.028562502217416352,-0.21111014028824096
206,1406,-0.3623152163520871,0.3623152163520871,interface,interface,-0.17184704800590522,-0.19046816834618185
207,815,0.0639398998800425,0.0639398998800425,other,other,0.23788201157586733,-0.17394211169582482
207,1314,0.1651800966774624,0.1651800966774624,other,other,-1.5600416674292903,1.7252217641067527
207,1307,-0.2131505132979645,0.2131505132979645,other,immune_core,-0.6019232100018153,0.38877269670385073
208,1110,0.0805100097286149,0.0805100097286149,other,other,0.04961009115552051,0.03089991857309439
208,1435,-0.4227863566277614,0.4227863566277614,other,immune_core,-0.30367543897037297,-0.1191109176573884
208,839,-0.5129639592754537,0.5129639592754537,other,immune_core,-0.42379376088330956,-0.08917019839214413
208,1335,0.2337911803618919,0.2337911803618919,other,other,0.14404087223099954,0.08975030813089235
208,1210,0.1362749221213758,0.1362749221213758,other,other,0.1469573701616354,-0.010682448040259612
208,799,0.2328604837620181,0.2328604837620181,other,other,0.13454732368636385,0.09831316007565424
209,1056,-0.3198407777175321,0.3198407777175321,interface,interface,-0.5590415181542491,0.23920074043671696
209,1124,-0.1953856200898699,0.1953856200898699,interface,interface,-0.39303094288075086,0.19764532279088096
209,736,-0.2921580241977484,0.2921580241977484,interface,interface,-0.9578058261144883,0.6656478019167399
209,1221,-0.8370140635840024,0.8370140635840024,interface,interface,-1.3780437233113254,0.541029659727323
209,373,0.1446868036729565,0.1446868036729565,interface,interface,1.6306056146008947,-1.4859188109279382
209,794,-0.2283824428302972,0.2283824428302972,interface,interface,-0.07077746456301334,-0.15760497826728387
210,646,-0.7352021193809535,0.7352021193809535,interface,interface,-0.6039953925513666,-0.1312067268295869
210,394,0.1783342804440137,0.1783342804440137,interface,interface,0.16434830443437354,0.01398597600964016
210,831,-0.812083191363606,0.812083191363606,interface,interface,-0.766586935362914,-0.04549625600069196
210,1489,0.7976571497811884,0.7976571497811884,interface,interface,0.5001521950896902,0.2975049546914982
211,1580,0.0,0.0,other,other,-0.054823117731513604,0.054823117731513604
211,1263,0.0975358420446806,0.0975358420446806,other,other,0.10722842354486112,-0.009692581500180514
211,1342,0.1570359627071295,0.1570359627071295,other,other,0.153758380122407,0.0032775825847224938
211,1506,0.0654552310626156,0.0654552310626156,other,other,0.10436157611883862,-0.03890634505622302
211,1138,-0.0599807881132347,0.0599807881132347,other,other,0.014652476770306455,-0.07463326488354116
212,1354,-0.1914331564590417,0.1914331564590417,tumor_core,interface,-0.12137302441009903,-0.07006013204894265
212,676,-0.3603767154097003,0.3603767154097003,tumor_core,other,-0.26034935258023184,-0.10002736282946845
212,1507,-0.3152562448122482,0.3152562448122482,tumor_core,other,-0.32440744189950355,0.00915119708725537
212,477,-0.4386732150188612,0.4386732150188612,tumor_core,other,-0.26967846472355284,-0.16899475029530836
212,308,-0.2533667996580652,0.2533667996580652,tumor_core,interface,-0.2212156450776201,-0.032151154580445096
213,1420,-0.0921499283076199,0.0921499283076199,immune_core,interface,-0.03218042343165285,-0.05996950487596704
213,1347,0.1792214943441636,0.1792214943441636,immune_core,other,0.1561661568729266,0.023055337471237003
213,407,0.0943383371049769,0.0943383371049769,immune_core,immune_core,-0.015148795388118641,0.10948713249309554
213,1365,0.3593367139769666,0.3593367139769666,immune_core,other,0.4140179568927383,-0.0546812429157717
214,994,-0.1739470453655345,0.1739470453655345,tumor_core,tumor_core,-0.19813459612080808,0.024187550755273596
214,487,0.2491342453611296,0.2491342453611296,tumor_core,interface,0.21897781093550034,0.030156434425629264
214,1290,-0.3383233719487876,0.3383233719487876,tumor_core,interface,-0.13037932449626682,-0.20794404745252076
214,621,-0.2262052253782356,0.2262052253782356,tumor_core,other,-0.17947438428817064,-0.04673084109006495
214,1100,0.7116879945415082,0.7116879945415082,tumor_core,tumor_core,0.6464121649881021,0.06527582955340616
214,1145,0.0520172580780064,0.0520172580780064,tumor_core,tumor_core,-0.08303782737545809,0.13505508545346448
215,1435,-0.0390317115158434,0.0390317115158434,other,immune_core,-0.4381157489024873,0.3990840373866439
215,779,0.0934623902420652,0.0934623902420652,other,other,-0.06178785058579489,0.1552502408278601
215,1386,0.1008087681615466,0.1008087681615466,other,other,0.14030952107616068,-0.03950075291461408
215,664,-0.0771574944549585,0.0771574944549585,other,other,0.08231511618508947,-0.15947261064004797
215,789,-0.4129982687622352,0.4129982687622352,other,immune_core,-0.33257910813472386,-0.08041916062751137
215,1066,-0.2429780629756781,0.2429780629756781,other,other,0.031964002807113645,-0.27494206578279173
216,462,-0.1410178561770866,0.1410178561770866,other,other,-0.1291881382787187,-0.011829717898367897
216,266,-0.0131741562276246,0.0131741562276246,other,other,0.05939297081380032,-0.07256712704142493
216,938,-0.0353404683385885,0.0353404683385885,other,other,-0.03495010930883167,-0.0003903590297568288
216,573,-0.0186577899310367,0.0186577899310367,other,other,-0.004445695614176695,-0.014212094316860005
217,1221,-6.086542693143224,6.086542693143224,interface,interface,-5.137903432651911,-0.948639260491313
217,373,1.5113217680001545,1.5113217680001545,interface,interface,-2.129254094739691,3.640575862739846
217,771,-5.023356450068344,5.023356450068344,interface,interface,-4.033112915700964,-0.9902435343673801
217,751,-5.498310364681809,5.498310364681809,interface,interface,-5.214083598483001,-0.2842267661988078
217,811,-4.361190298292902,4.361190298292902,interface,interface,-3.7342144139555127,-0.6269758843373894
217,520,-5.42211837678679,5.42211837678679,interface,interface,-4.631623935258574,-0.7904944415282165
218,1162,0.3789459036854624,0.3789459036854624,immune_core,other,0.39348709960219225,-0.014541195916729865
218,1004,0.4422447889527239,0.4422447889527239,immune_core,other,0.45362548394486074,-0.011380694992136842
218,1487,0.4828744192348674,0.4828744192348674,immune_core,other,0.49335001006169943,-0.010475590826832026
218,579,0.4389085436280828,0.4389085436280828,immune_core,other,0.44133031491407454,-0.0024217712859917473
218,241,0.5070980457237058,0.5070980457237058,immune_core,other,0.5337760744661999,-0.026678028742494142
218,1410,0.120589655752446,0.120589655752446,immune_core,immune_core,0.05509213901806295,0.06549751673438305
219,470,0.0088461465094152,0.0088461465094152,interface,interface,0.18847452504530282,-0.17962837853588762
219,1117,0.2269609188192481,0.2269609188192481,interface,interface,-0.00818974202045375,0.23515066083970185
219,654,0.1897940244371458,0.1897940244371458,interface,interface,0.04553104005951486,0.14426298437763094
220,582,0.1044763546751193,0.1044763546751193,interface,interface,-0.052197121189753476,0.1566734758648728
220,803,0.066557592380531,0.066557592380531,interface,interface,-0.19369752646138005,0.26025511884191105
220,518,0.1638177968997062,0.1638177968997062,interface,interface,-0.09858596030497438,0.26240375720468057
220,845,0.0292461661932975,0.0292461661932975,interface,interface,0.184204752661786,-0.15495858646848848
220,650,0.2475011588949826,0.2475011588949826,interface,interface,0.7329821098371956,-0.485480950942213
220,1233,0.1115779272318211,0.1115779272318211,interface,interface,0.15047071393125205,-0.038892786699430956
221,788,0.1141709631405768,0.1141709631405768,other,interface,-0.178588966126018,0.2927599292665948
221,663,0.0723330003642219,0.0723330003642219,other,other,0.06989151493737755,0.0024414854268443448
221,1025,-0.1781762805580273,0.1781762805580273,other,immune_core,-0.08887018912200229,-0.08930609143602503
221,1278,-0.0485211651619847,0.0485211651619847,other,interface,-0.06728768590898804,0.018766520747003336
221,852,-0.0127470406400961,0.0127470406400961,other,other,0.06505063738991268,-0.07779767803000878
221,1310,-0.1554931815055914,0.1554931815055914,other,interface,-0.008628428893176943,-0.14686475261241447
222,1378,-0.0516295913100371,0.0516295913100371,other,other,0.03219707287447094,-0.08382666418450804
222,670,-0.0381436589630379,0.0381436589630379,other,other,0.011619386814511239,-0.04976304577754914
222,1180,0.1291358137961055,0.1291358137961055,other,other,0.04633687921900536,0.08279893457710014
222,1422,0.0095452712906748,0.0095452712906748,other,other,-0.10053652588018147,0.11008179717085627
222,1550,-0.09099597929479,0.09099597929479,other,other,0.01974312057600739,-0.11073909987079739
223,473,0.013681828986818,0.013681828986818,interface,interface,-0.0886564413181854,0.10233827030500339
223,1540,-0.1174694278919183,0.1174694278919183,interface,interface,-0.08062998279050215,-0.03683944510141615
223,342,-0.0784144971781156,0.0784144971781156,interface,other,-0.19172536355014125,0.11331086637202564
223,251,-0.0809696150231147,0.0809696150231147,interface,other,-0.16492656527043703,0.08395695024732233
223,1581,-0.1697356765149064,0.1697356765149064,interface,other,0.03085918846168556,-0.20059486497659196
223,1258,0.2864875422203895,0.2864875422203895,interface,interface,0.34865882916290347,-0.06217128694251395
224,329,-1.8596791188344557,1.8596791188344557,interface,interface,-1.2555012821969889,-0.6041778366374668
224,1302,-0.1139363392370341,0.1139363392370341,interface,interface,-0.4101412377109958,0.2962048984739617
224,1018,-1.4915763860121642,1.4915763860121642,interface,interface,-1.49490865852658,0.0033322725144158127
224,1251,0.0966960817923182,0.0966960817923182,interface,interface,-0.3964967380199541,0.4931928198122723
225,837,-0.169541227914412,0.169541227914412,other,other,-0.18518184941074395,0.01564062149633194
225,1293,-0.1105122102191603,0.1105122102191603,other,other,-0.04357148196647059,-0.06694072825268971
225,298,-0.3369398742858044,0.3369398742858044,other,other,-0.4231592332646221,0.08621935897881772
225,498,-0.0639434479619283,0.0639434479619283,other,other,-0.11363410918978262,0.049690661227854316
225,231,-0.0478534670520037,0.0478534670520037,other,other,-0.0740030506174198,0.0261495835654161
225,1001,-0.4178024580276482,0.4178024580276482,other,immune_core,-0.30704243082575555,-0.11076002720189265
226,1067,-0.6190392582020583,0.6190392582020583,interface,interface,-0.5957264846296066,-0.02331277357245165
226,505,0.0238056597622928,0.0238056597622928,interface,interface,-0.391595292986411,0.4154009527487038
226,610,-0.4710917683619899,0.4710917683619899,interface,interface,-0.4391511100040979,-0.031940658357892004
226,454,0.054144677197096,0.054144677197096,interface,interface,-0.02116385716206437,0.07530853435916038
226,896,-1.1279059815348564,1.1279059815348564,interface,interface,-1.0587835837186337,-0.06912239781622276
226,1033,-1.587497342283257,1.587497342283257,interface,interface,-1.2211633724007205,-0.3663339698825365
227,358,-0.0217666393451188,0.0217666393451188,other,other,-0.005019147368629184,-0.016747491976489615
227,882,-0.0356814853020235,0.0356814853020235,other,other,-0.061545536250761146,0.025864050948737644
227,1035,0.2046671874659757,0.2046671874659757,other,other,0.19724729805215357,0.007419889413822128
227,1386,0.2226757689217416,0.2226757689217416,other,other,0.13490363478212625,0.08777213413961535
227,834,-0.0389160731496304,0.0389160731496304,other,other,0.016201046619918003,-0.0551171197695484
227,336,-0.0389160731496304,0.0389160731496304,other,other,0.01027570676285372,-0.04919177991248412
228,978,-1.7716637058013365,1.7716637058013365,interface,interface,-0.5885900030236725,-1.1830737027776639
228,855,0.050768522204783,0.050768522204783,interface,interface,-0.09555389472191614,0.14632241692669914
228,671,0.8096295449685914,0.8096295449685914,interface,other,0.5277901264669104,0.28183941850168104
228,476,0.2480976601790818,0.2480976601790818,interface,immune_core,-0.06233117944071694,0.3104288396197987
228,1514,-0.7151152714961176,0.7151152714961176,interface,interface,-0.9547395066158815,0.23962423511976383
228,1057,-0.0226722542848245,0.0226722542848245,interface,interface,-0.22753098824417606,0.20485873395935156
229,579,0.1306962512366555,0.1306962512366555,other,other,0.09903869090500639,0.0316575603316491
229,1004,0.1292561814807051,0.1292561814807051,other,other,0.11133385993579259,0.017922321544912523
229,383,0.1457987295380448,0.1457987295380448,other,other,0.17328136408709024,-0.027482634549045454
229,689,0.0686359529795543,0.0686359529795543,other,other,0.09844241292046693,-0.029806459940912633
229,443,0.2355597818842853,0.2355597818842853,other,other,0.24184582842060706,-0.006286046536321754
230,942,0.1399357685831015,0.1399357685831015,immune_core,other,-0.18250823056639062,0.3224439991494921
230,435,0.1989718124587596,0.1989718124587596,immune_core,other,0.06497359100517239,0.13399822145358722
230,1535,-0.3810361296436959,0.3810361296436959,immune_core,immune_core,-0.1464817752782097,-0.23455435436548616
230,1509,0.025516335293146,0.025516335293146,immune_core,interface,-0.29169289101417006,0.3172092263073161
230,883,-0.7417310722194917,0.7417310722194917,immune_core,interface,0.05090765340677118,-0.7926387256262629
231,1437,-0.1339305872348961,0.1339305872348961,other,other,-0.18633383033606638,0.05240324310117028
231,837,-0.085726763550721,0.085726763550721,other,other,-0.11117879879332415,0.025452035242603158
231,1293,-0.0300003289894697,0.0300003289894697,other,other,0.030431568650949203,-0.060431897640418904
231,1107,0.1554568242695171,0.1554568242695171,other,other,0.12502810052724295,0.03042872374227415
231,703,0.0480002441518758,0.0480002441518758,other,other,0.06962413864061939,-0.021623894488743592
232,634,0.1244027959916191,0.1244027959916191,interface,interface,0.47264941593147014,-0.34824661993985107
232,958,0.3440874863725205,0.3440874863725205,interface,interface,0.23732750819737983,0.10675997817514069
232,985,-0.0860084403073963,0.0860084403073963,interface,interface,-0.42234425315869095,0.33633581285129466
232,1478,0.1980186789720453,0.1980186789720453,interface,interface,0.41614700960248674,-0.21812833063044143
232,797,-0.0632764891591144,0.0632764891591144,interface,interface,-0.3240178956545253,0.26074140649541094
233,1037,0.1324389571681645,0.1324389571681645,other,other,-0.0676692629791445,0.200108220147309
233,449,-0.0045038767998278,0.0045038767998278,other,interface,0.02145522927845578,-0.025959106078283577
233,1171,0.1000006196576972,0.1000006196576972,other,other,-0.13648205867593527,0.23648267833363246
233,941,0.0956086785598207,0.0956086785598207,other,other,-0.1184895614022432,0.2140982399620639
233,1127,0.1198029343461689,0.1198029343461689,other,other,-0.05663451438341793,0.17643744872958683
234,782,0.01259387490142,0.01259387490142,interface,other,0.10276253642938182,-0.09016866152796182
234,969,0.0288061608243055,0.0288061608243055,interface,interface,-0.06579275707837273,0.09459891790267823
234,1230,-0.0115680264933927,0.0115680264933927,interface,interface,0.02394819260643849,-0.03551621909983119
234,845,-0.0264959596822362,0.0264959596822362,interface,interface,-0.2587315384513642,0.232235578769128
235,266,-0.2098942093715931,0.2098942093715931,tumor_core,other,-0.10348576347408164,-0.10640844589751144
235,1311,-0.1228230514437638,0.1228230514437638,tumor_core,interface,-0.17410719557725873,0.05128414413349493
235,1306,-0.167475411873466,0.167475411873466,tumor_core,other,-0.22371644079484737,0.05624102892138136
235,1474,-0.2571735337012919,0.2571735337012919,tumor_core,other,-0.18026784295855763,-0.07690569074273429
235,384,-0.0808948532759885,0.0808948532759885,tumor_core,interface,-0.22825142657845598,0.1473565733024675
236,683,-0.1581708476147414,0.1581708476147414,other,immune_core,-0.8603872227309219,0.7022163751161805
236,624,-1.2909181235327194,1.2909181235327194,other,interface,-0.6709972082072888,-0.6199209153254306
236,898,0.0629907185337926,0.0629907185337926,other,other,0.14150928070518398,-0.07851856217139139
236,1498,-0.4356026817862974,0.4356026817862974,other,interface,-0.40618694889064744,-0.02941573289564997
236,759,-0.5154504217070744,0.5154504217070744,other,immune_core,-0.6510839278681719,0.13563350616109748
236,956,0.1648440745416291,0.1648440745416291,other,other,0.2748392027161829,-0.10999512817455379
237,576,-0.0350219839753112,0.0350219839753112,other,other,-0.12773195113068941,0.09270996715537821
237,1433,-0.1623143008683666,0.1623143008683666,other,other,-0.24988839752373654,0.08757409665536994
237,1174,-0.098470192948399,0.098470192948399,other,other,-0.0962540448982982,-0.0022161480501007996
237,1369,-0.0896403938810861,0.0896403938810861,other,other,-0.10991598304927958,0.02027558916819347
237,1114,-0.2354935991186588,0.2354935991186588,other,other,-0.1458725939075391,-0.08962100521111971
238,851,0.2351670121785529,0.2351670121785529,other,other,0.06408626337415177,0.17108074880440113
238,1541,-0.5289242185113558,0.5289242185113558,other,immune_core,-0.3604159254622227,-0.16850829304913317
238,438,-0.2205333776389594,0.2205333776389594,other,other,-0.05155126199655674,-0.16898211564240265
238,614,-0.706490235397129,0.706490235397129,other,immune_core,-0.6473476233688378,-0.059142612028291186
238,1457,0.0613650875771296,0.0613650875771296,other,other,0.08456936013314897,-0.023204272556019374
239,1044,-0.0013278258666816,0.0013278258666816,interface,interface,0.030063824506404463,-0.03139165037308606
239,590,0.2142366298691674,0.2142366298691674,interface,interface,0.09105025905318559,0.1231863708159818
239,659,-0.1054586366635161,0.1054586366635161,interface,other,-0.02833333955909649,-0.07712529710441961
239,1129,-0.0259996081063033,0.0259996081063033,interface,interface,0.0669666638581953,-0.09296627196449861
240,339,-0.0587404562253025,0.0587404562253025,other,other,0.1087154984104799,-0.1674559546357824
240,1244,0.2452877673618174,0.2452877673618174,other,other,0.15777248131505928,0.08751528604675812
240,1197,0.0845337104010273,0.0845337104010273,other,other,0.2617558226790455,-0.1772221122780182
240,345,0.3392354186445011,0.3392354186445011,other,other,0.23767941511520663,0.10155600352929445
240,542,0.2045934827034781,0.2045934827034781,other,other,0.14410097235194708,0.060492510351531026
241,270,-0.0180168658309871,0.0180168658309871,other,other,-0.016717015720182138,-0.0012998501108049607
241,1004,-0.1169156783542863,0.1169156783542863,other,other,-0.08015059052133919,-0.036765087832947116
241,1410,-0.4462028524895879,0.4462028524895879,other,immune_core,-0.478683935448137,0.03248108295854907
241,378,-0.1473489254415907,0.1473489254415907,other,other,-0.13938998955352266,-0.007958935888068036
242,594,-0.3622605793675286,0.3622605793675286,interface,interface,0.39564265454741787,-0.7579032339149465
242,1317,-0.5530511478793503,0.5530511478793503,interface,interface,-0.7958321158624623,0.242780967983112
242,830,-0.5289050346057811,0.5289050346057811,interface,interface,-0.8839901954775431,0.355085160871762
242,1381,-0.0658963440945468,0.0658963440945468,interface,interface,-0.0037078957680989344,-0.06218844832644786
242,764,-0.4323966333567886,0.4323966333567886,interface,interface,-0.43938617674649993,0.006989543389711361
242,1168,-0.4047282201523023,0.4047282201523023,interface,interface,-0.6199629974056573,0.215234777253355
243,1422,0.1155765864817757,0.1155765864817757,other,other,0.026555184055625472,0.08902140242615023
243,899,0.2834350221748954,0.2834350221748954,other,tumor_core,0.42369373071233224,-0.14025870853743683
243,1564,-0.1029124447656109,0.1029124447656109,other,other,-0.2270966411917854,0.12418419642617451
243,1054,0.0717519530980414,0.0717519530980414,other,other,0.13036154533407743,-0.058609592236036026
243,922,0.0645668007658549,0.0645668007658549,other,other,0.047251257720630116,0.017315543045224785
243,838,-0.0800223969179274,0.0800223969179274,other,other,-0.04552533146206328,-0.03449706545586412
244,1064,0.2481597479264023,0.2481597479264023,interface,interface,0.23896821587113837,0.009191532055263935
244,600,0.4653963542422314,0.4653963542422314,interface,interface,0.6027578686543097,-0.13736151441207828
244,858,-0.1012249293607727,0.1012249293607727,interface,interface,0.022407245711600854,-0.12363217507237355
244,1182,-0.1406481069514741,0.1406481069514741,interface,interface,-0.303749102427713,0.16310099547623894
244,1563,-0.1399557054622545,0.1399557054622545,interface,interface,-0.23237660603518226,0.09242090057292776
245,1181,0.2493370991481457,0.2493370991481457,immune_core,interface,0.3482292539424626,-0.09889215479431693
245,1038,-0.0482525324843941,0.0482525324843941,immune_core,interface,-0.034918417862096374,-0.013334114622297728
245,419,0.0212860547368973,0.0212860547368973,immune_core,other,0.1972345764223214,-0.1759485216854241
245,524,0.0837126626661867,0.0837126626661867,immune_core,interface,0.10533590454666636,-0.021623241880479663
245,398,0.4367297740089914,0.4367297740089914,immune_core,interface,0.5027461979128482,-0.06601642390385687
245,370,0.4965469889621854,0.4965469889621854,immune_core,immune_core,0.1207320843176159,0.3758149046445695
246,1226,-0.0719189343559478,0.0719189343559478,other,other,-0.07489847637330208,0.0029795420173542725
246,916,-0.0913801152049763,0.0913801152049763,other,other,-0.08742164774938563,-0.00395846745559067
246,1257,0.02143093631641,0.02143093631641,other,other,-0.025772596348867194,0.047203532665277194
246,678,0.0547660009922535,0.0547660009922535,other,other,0.006126658608021585,0.04863934238423191
246,792,-0.0240018266301201,0.0240018266301201,other,other,0.0011281985643341041,-0.025130025194454203
247,1086,0.3537629784733186,0.3537629784733186,immune_core,interface,0.16522349547638765,0.18853948299693096
247,1399,0.0120314444278067,0.0120314444278067,immune_core,interface,0.2455577112448924,-0.2335262668170857
247,645,-0.0632293529733751,0.0632293529733751,immune_core,interface,-0.06861199413148722,0.005382641158112114
247,892,0.0251645036197687,0.0251645036197687,immune_core,immune_core,0.03505156227506573,-0.009887058655297029
247,1352,0.2790566758410591,0.2790566758410591,immune_core,interface,0.2295659725829235,0.04949070325813559
248,712,0.0421350570560982,0.0421350570560982,other,other,-0.05167767099485082,0.09381272805094902
248,1006,0.0104607813030384,0.0104607813030384,other,other,-0.03692117511435705,0.047381956417395454
248,321,-0.0286369615500835,0.0286369615500835,other,other,-0.028399279524038534,-0.00023768202604496427
248,1257,-0.0139479607732139,0.0139479607732139,other,other,0.010639051476491995,-0.024587012249705893
249,881,1.4189013370947667,1.4189013370947667,interface,interface,1.4065514407126687,0.012349896382098047
249,1067,1.137231438853172,1.137231438853172,interface,interface,1.0568417559907337,0.0803896828624382
249,825,0.6965637046419084,0.6965637046419084,interface,interface,0.6736635501156247,0.02290015452628369
249,1048,-0.177935330617963,0.177935330617963,interface,interface,-0.1766939095278932,-0.0012414210900697775
249,441,-0.086830120045463,0.086830120045463,interface,interface,0.47345743072364876,-0.5602875507691117
249,778,1.481690589741406,1.481690589741406,interface,interface,1.0358000116060417,0.44589057813536437
250,290,0.1671855497911744,0.1671855497911744,tumor_core,other,0.36374541774490815,-0.19655986795373376
250,1472,0.4808189832601823,0.4808189832601823,tumor_core,tumor_core,0.45350603561615266,0.02731294764402964
250,981,0.1777743007428623,0.1777743007428623,tumor_core,tumor_core,0.21716532162059776,-0.039391020877735466
250,1468,-0.0506802156721602,0.0506802156721602,tumor_core,other,-0.13193825573144402,0.08125804005928382
251,342,0.0062478003011968,0.0062478003011968,other,other,-0.026798798279704217,0.03304659858090102
251,654,0.3014172325798763,0.3014172325798763,other,interface,0.27162327209064524,0.029793960489231053
251,1540,-0.0892497159305842,0.0892497159305842,other,interface,0.08429658247993488,-0.17354629841051908
251,1515,0.0968208611348254,0.0968208611348254,other,tumor_core,0.017150857116247642,0.07967000401857775
251,784,0.3133731693074191,0.3133731693074191,other,interface,0.19837982890789385,0.11499334039952525
252,975,0.0843222706114332,0.0843222706114332,other,other,0.07377814646215913,0.010544124149274067
252,880,-0.2422763015659146,0.2422763015659146,other,other,-0.20722179859402962,-0.03505450297188498
252,822,-0.1988113866334627,0.1988113866334627,other,other,-0.15134308233899713,-0.04746830429446558
252,925,-0.0638977543902153,0.0638977543902153,other,other,-0.0834814651047916,0.01958371071457629
252,1414,0.1487449366282642,0.1487449366282642,other,other,0.0998913877895074,0.04885354883875681
253,1570,1.3264818170260178,1.3264818170260178,immune_core,other,1.3147617226722894,0.011720094353728339
253,1579,1.1462164382162876,1.1462164382162876,immune_core,other,1.0734048876120241,0.07281155060426348
253,921,1.1853846640211487,1.1853846640211487,immune_core,immune_core,0.9043282868783786,0.2810563771427701
253,325,1.4156122643311102,1.4156122643311102,immune_core,other,1.4569846846832482,-0.04137242035213795
253,1552,0.3863075599826522,0.3863075599826522,immune_core,other,0.9922911486641182,-0.605983588681466
253,735,1.374953047328051,1.374953047328051,immune_core,other,1.0931840266244182,0.28176902070363274
254,1211,-0.0640518319401789,0.0640518319401789,interface,other,-0.05954507193005221,-0.00450676001012669
254,769,0.6191138662672161,0.6191138662672161,interface,interface,0.622835298414562,-0.0037214321473458822
254,617,0.0119502723689621,0.0119502723689621,interface,interface,0.010499515762251055,0.0014507566067110452
254,388,0.047253595785754,0.047253595785754,interface,tumor_core,0.09562071189626464,-0.048367116110510644
254,711,0.1459347695197753,0.1459347695197753,interface,interface,-0.055450821868848865,0.20138559138862416
254,548,0.263502708754633,0.263502708754633,interface,interface,0.4097430433376271,-0.14624033458299412
255,344,0.1818666405227969,0.1818666405227969,interface,interface,0.0394137075867953,0.14245293293600161
255,764,0.1575146267206798,0.1575146267206798,interface,interface,0.09753424757230111,0.0599803791483787
255,1317,-0.279531155540813,0.279531155540813,interface,interface,-0.2589116915436612,-0.020619463997151755
255,1281,-0.3234817767242692,0.3234817767242692,interface,interface,-0.2015703655460766,-0.1219114111781926
255,541,-0.0073737975208551,0.0073737975208551,interface,interface,0.15389653807152937,-0.16127033559238446
255,1169,0.0152560261988735,0.0152560261988735,interface,interface,-0.08611117666144386,0.10136720286031736
256,494,-0.082104042151973,0.082104042151973,other,other,-0.14561387248969648,0.06350983033772348
256,343,-0.0272331452582776,0.0272331452582776,other,other,-0.1828299863599444,0.1555968411016668
256,1454,0.0211749702111372,0.0211749702111372,other,tumor_core,0.057422577363896166,-0.036247607152758966
256,1504,-0.0285954411342601,0.0285954411342601,other,other,0.03188529938347656,-0.060480740517736664
256,550,-0.0774250610221311,0.0774250610221311,other,other,-0.07259387710940224,-0.0048311839127288675
256,628,-0.0750806109696626,0.0750806109696626,other,other,0.04246600916758714,-0.11754662013724974
257,472,0.1334408642465026,0.1334408642465026,other,other,0.08579914952500485,0.04764171472149774
257,1073,0.0006717706110261,0.0006717706110261,other,other,0.0379610223480038,-0.037289251736977704
257,806,-0.1703434911867129,0.1703434911867129,other,other,-0.12888567708557408,-0.04145781410113883
257,506,-0.1934609179435095,0.1934609179435095,other,other,-0.07908970319369635,-0.11437121474981315
257,911,-0.0991508423082172,0.0991508423082172,other,other,-0.14948636936119025,0.05033552705297305
258,484,0.4006909704930926,0.4006909704930926,interface,interface,-0.2526091683540683,0.6533001388471609
258,364,0.0622308315789306,0.0622308315789306,interface,interface,-0.03500035613694308,0.09723118771587368
258,692,-0.0972604636008699,0.0972604636008699,interface,other,-0.06269503289944511,-0.03456543070142479
258,1284,0.0791516209067307,0.0791516209067307,interface,interface,0.20909480123569335,-0.12994318032896265
258,528,0.2220116304316942,0.2220116304316942,interface,interface,0.6322686255388177,-0.4102569951071235
259,326,-0.239191021763547,0.239191021763547,other,interface,0.15356928963321614,-0.39276031139676315
259,948,0.1644726995517189,0.1644726995517189,other,other,-0.16981708898271364,0.33428978853443253
259,1449,-0.2246646784133449,0.2246646784133449,other,interface,-0.06933820417297322,-0.15532647424037166
260,984,-0.2042591919280969,0.2042591919280969,other,immune_core,-0.19017576904569983,-0.014083422882397084
260,870,-0.345168279562504,0.345168279562504,other,immune_core,-0.36364410365048405,0.01847582408798004
260,1549,0.0349369047882521,0.0349369047882521,other,other,0.06546064543242813,-0.030523740644176033
260,993,0.1773631113812808,0.1773631113812808,other,other,0.1911637114875751,-0.013800600106294303
260,1390,0.0348859714859936,0.0348859714859936,other,other,0.01686487006614218,0.018021101419851422
261,312,0.7673282170072878,0.7673282170072878,immune_core,other,0.6723150114286054,0.09501320557868242
261,1249,0.6232284088911236,0.6232284088911236,immune_core,other,0.625598675328928,-0.002370266437804358
261,921,0.1945514638063083,0.1945514638063083,immune_core,immune_core,0.2659727614401885,-0.07142129763388019
261,1579,0.4260462884040301,0.4260462884040301,immune_core,other,0.43504936217383405,-0.009003073769803971
261,1322,0.3349640611771896,0.3349640611771896,immune_core,other,0.3707381592065485,-0.035774098029358936
262,765,-0.0459617502873312,0.0459617502873312,interface,other,0.1013983808752662,-0.1473601311625974
262,987,0.0214992365686278,0.0214992365686278,interface,interface,0.18850079755136256,-0.16700156098273478
262,1573,-0.0025397931933798,0.0025397931933798,interface,interface,0.018350601654917087,-0.020890394848296887
262,1544,0.0609196757253189,0.0609196757253189,interface,interface,-0.23838386740599596,0.29930354313131485
262,1026,0.0602355284968233,0.0602355284968233,interface,interface,-0.1544687392540993,0.2147042677509226
263,702,0.0264761469183826,0.0264761469183826,other,other,0.0671645515853388,-0.040688404666956196
263,755,-0.0320097927702442,0.0320097927702442,other,other,-0.013369226752722396,-0.0186405660175218
263,867,0.1109796416896509,0.1109796416896509,other,other,0.16452904313180428,-0.05354940144215338
263,348,0.0894771126518532,0.0894771126518532,other,other,0.05690172408088012,0.03257538857097307
263,1584,-0.0430921295893121,0.0430921295893121,other,other,-0.09151145881972811,0.04841932923041601
264,1141,-0.1358717972585125,0.1358717972585125,other,other,-0.1356555604226097,-0.00021623683590279996
264,1426,-0.0687561676313149,0.0687561676313149,other,other,-0.09762510275096899,0.02886893511965409
264,1289,0.041175836797328,0.041175836797328,other,other,0.03184082090175064,0.009335015895577364
264,1262,-0.3168420784407063,0.3168420784407063,other,immune_core,-0.3535304498333468,0.03668837139264053
264,813,-0.062756634122887,0.062756634122887,other,other,-0.05589880724796335,-0.006857826874923645
265,1466,0.2095972446854684,0.2095972446854684,other,other,0.23062364087537482,-0.021026396189906427
265,660,0.0425180774719289,0.0425180774719289,other,other,0.09649978098884168,-0.05398170351691278
265,1407,0.1093507458563361,0.1093507458563361,other,other,0.07558470326479497,0.03376604259154113
265,1545,0.0105169159220753,0.0105169159220753,other,other,-0.020331422118922943,0.030848338040998242
265,1249,0.0108374425231127,0.0108374425231127,other,other,-0.005934125224658998,0.0167715677477717
265,933,-0.1044644776595861,0.1044644776595861,other,other,-0.09808639286856141,-0.006378084791024682
266,462,-0.2202242116473367,0.2202242116473367,other,other,-0.18858110909251902,-0.03164310255481767
266,1474,-0.2135929152276402,0.2135929152276402,other,other,-0.07678207948447599,-0.13681083574316422
266,1177,-0.0479936008324198,0.0479936008324198,other,other,0.05450207797241045,-0.10249567880483024
267,1176,0.3818060674489748,0.3818060674489748,interface,interface,0.237399950670315,0.14440611677865978
267,1542,0.0051069131548966,0.0051069131548966,interface,other,0.16254847471304373,-0.15744156155814715
267,1108,-0.0701392042529106,0.0701392042529106,interface,other,-0.10607295632906927,0.03593375207615866
267,1010,0.0028286603800398,0.0028286603800398,interface,interface,0.0008954583544179551,0.001933202025621845
267,1398,0.2041390620772326,0.2041390620772326,interface,tumor_core,0.20282927924756078,0.0013097828296718128
267,1123,-0.0731984327488836,0.0731984327488836,interface,other,-0.047057097613956614,-0.026141335134926988
268,378,-0.1704360564720821,0.1704360564720821,other,other,-0.06617170106442796,-0.10426435540765414
268,1410,-0.4330305802313584,0.4330305802313584,other,immune_core,-0.4054656469590423,-0.027564933272316072
268,1407,0.0753592065271021,0.0753592065271021,other,other,0.08611464722744402,-0.010755440700341928
268,1364,-0.1704360564720821,0.1704360564720821,other,other,-0.2017504597721405,0.03131440330005841
268,556,-0.2276604474927887,0.2276604474927887,other,other,-0.23907315334509155,0.011412705852302862
269,758,0.1279574684966452,0.1279574684966452,interface,interface,0.47164859830231304,-0.34369112980566785
269,1343,-0.0571092984278094,0.0571092984278094,interface,interface,0.10939868363916319,-0.1665079820669726
269,729,0.4721095068793755,0.4721095068793755,interface,interface,0.3852262893131656,0.08688321756620987
269,1395,-0.1281661117159296,0.1281661117159296,interface,other,-0.31897685476701354,0.19081074305108395
269,1011,-0.0187441761021717,0.0187441761021717,interface,other,-0.3442546568463447,0.325510480744173
269,1225,0.2712244142279476,0.2712244142279476,interface,interface,0.3642295323217539,-0.09300511809380635
270,1115,-0.514401210965705,0.514401210965705,other,immune_core,-0.5334440158980234,0.019042804932318358
270,689,-0.1174577769055469,0.1174577769055469,other,other,-0.07632502181648271,-0.041132755089064194
270,1004,-0.0696723734297181,0.0696723734297181,other,other,-0.06343357480115705,-0.006238798628561054
271,1071,-0.0706897592345807,0.0706897592345807,immune_core,interface,-0.12374724394865112,0.053057484714070416
271,491,0.2728151706174516,0.2728151706174516,immune_core,immune_core,0.26756062631919475,0.005254544298256836
271,991,0.0070498282469676,0.0070498282469676,immune_core,immune_core,-0.006781061307140818,0.013830889554108418
271,1032,-0.1227866558599229,0.1227866558599229,immune_core,interface,-0.14024444754698548,0.017457791687062574
271,1121,-0.0975677808581109,0.0975677808581109,immune_core,interface,-0.06774555951623251,-0.029822221341878383
272,1227,-0.0900482579506941,0.0900482579506941,immune_core,immune_core,-0.017915403414040854,-0.07213285453665325
272,446,1.2868475653232316,1.2868475653232316,immune_core,immune_core,0.34753928958645774,0.9393082757367739
272,726,-2.846133473489779,2.846133473489779,immune_core,immune_core,-1.153834841691826,-1.692298631797953
272,1282,2.2176974457700953,2.2176974457700953,immune_core,interface,0.8177148525928508,1.3999825931772445
272,944,-1.3791845447295472,1.3791845447295472,immune_core,immune_core,-0.6974601796500604,-0.6817243650794869
272,530,0.5570275425958404,0.5570275425958404,immune_core,interface,0.45016328943505446,0.10686425316078596
273,710,-0.1442061308646464,0.1442061308646464,other,interface,-0.09577401510424144,-0.04843211576040496
273,1047,0.0368057004505389,0.0368057004505389,other,other,0.035076662911322276,0.0017290375392166255
273,739,0.0034889590599933,0.0034889590599933,other,other,0.006982930375307395,-0.0034939713153140945
273,1240,-0.0349290459518444,0.0349290459518444,other,interface,-0.1698158535449616,0.1348868075931172
273,961,-0.046336881930643,0.046336881930643,other,other,-0.06459320297206328,0.018256321041420283
274,1482,-0.4625805632200215,0.4625805632200215,interface,immune_core,-0.3228854549550172,-0.1396951082650043
274,1462,0.0818141744330452,0.0818141744330452,interface,interface,-0.226158851963985,0.30797302639703017
274,946,-0.3754271585519858,0.3754271585519858,interface,interface,-0.17787785146019808,-0.1975493070917877
274,962,-0.714788195889154,0.714788195889154,interface,interface,-0.16439120961346532,-0.5503969862756887
274,816,0.6822808601458161,0.6822808601458161,interface,immune_core,0.2936478380562598,0.3886330220895563
274,934,0.0427649554602709,0.0427649554602709,interface,interface,-0.14826940599535166,0.19103436145562255
275,346,0.0178248691311258,0.0178248691311258,immune_core,other,-0.029230116120588734,0.04705498525171453
275,1442,0.131457389789676,0.131457389789676,immune_core,other,0.08143087341019101,0.05002651637948499
275,950,0.1462668198545299,0.1462668198545299,immune_core,other,0.4148513337047182,-0.26858451385018833
275,798,0.0517361171429894,0.0517361171429894,immune_core,other,0.04778350720811336,0.0039526099348760405
275,1009,0.0285639745633567,0.0285639745633567,immune_core,immune_core,-0.12319356296369854,0.15175753752705523
275,854,-0.0075610016269058,0.0075610016269058,immune_core,immune_core,-0.023353404150059542,0.015792402523153743
276,1296,-0.1700942400104657,0.1700942400104657,other,other,-0.23250362150857146,0.062409381498105765
276,767,0.0302982733730112,0.0302982733730112,other,interface,0.03202969149376389,-0.001731418120752691
276,451,-0.0437020116432608,0.0437020116432608,other,other,0.016716813514797105,-0.0604188251580579
276,381,-0.0718232201239693,0.0718232201239693,other,other,-0.06625130698940783,-0.005571913134561471
276,1021,-0.2464487085578619,0.2464487085578619,other,other,-0.24182463256951908,-0.0046240759883428295
277,1501,-0.2056772939771743,0.2056772939771743,interface,interface,-0.19013862568928552,-0.015538668287888774
277,632,-0.1897117444158811,0.1897117444158811,interface,interface,-0.3624786586055033,0.17276691418962223
277,768,0.6150557341748715,0.6150557341748715,interface,interface,0.8086888159567043,-0.1936330817818328
277,482,-0.2393812356427,0.2393812356427,interface,interface,-0.19619272561993262,-0.043188510022767385
278,1283,-0.0629483378056283,0.0629483378056283,other,other,-0.021037246223131745,-0.04191109158249655
278,288,0.1417389669642492,0.1417389669642492,other,other,0.15452114222213253,-0.012782175257883333
278,1035,0.2463726858027175,0.2463726858027175,other,other,0.21547329566068052,0.030899390142036992
278,358,0.0076141083105257,0.0076141083105257,other,other,0.01320685023989776,-0.00559274192937206
278,1391,-0.036690796569147,0.036690796569147,other,other,-0.02220499749364191,-0.014485799075505089
278,664,0.1390073462724519,0.1390073462724519,other,other,0.09513522749958198,0.04387211877286992
279,1419,-0.615039402044625,0.615039402044625,interface,interface,-0.5350658995910375,-0.07997350245358759
279,285,-0.2643419395129043,0.2643419395129043,interface,interface,-0.37208500037123554,0.10774306085833124
279,502,-1.5023351914136949,1.5023351914136949,interface,interface,-1.1121351183686965,-0.3902000730449984
279,987,0.996221363727304,0.996221363727304,interface,interface,0.1806969689494845,0.8155243947778195
279,698,-1.46461204829299,1.46461204829299,interface,interface,-0.6720239740510291,-0.792588074241961
280,471,-0.1732931105626194,0.1732931105626194,interface,tumor_core,-0.16122836644691946,-0.012064744115699938
280,762,-0.0792224372323475,0.0792224372323475,interface,interface,-0.15552847874194453,0.07630604150959704
280,693,0.9270576814450032,0.9270576814450032,interface,interface,0.5413302489134404,0.38572743253156283
280,418,-0.123765536519474,0.123765536519474,interface,tumor_core,-0.04840356016996261,-0.07536197634951139
280,740,-0.2329638703141052,0.2329638703141052,interface,tumor_core,-0.14347482908936993,-0.08948904122473528
281,1132,-0.0841405776103807,0.0841405776103807,other,other,-0.06562110445425151,-0.018519473156129188
281,453,-0.0008830382265107,0.0008830382265107,other,other,0.0081430220764937,-0.0090260603030044
281,814,-0.0342382290504952,0.0342382290504952,other,other,-0.03277702442236041,-0.001461204628134788
281,589,-0.0841405776103807,0.0841405776103807,other,other,-0.14464531398784403,0.06050473637746333
281,416,-0.1761911498619099,0.1761911498619099,other,other,-0.19395253255135755,0.017761382689447658
282,890,-0.0327718108496573,0.0327718108496573,other,other,0.07063581667783742,-0.10340762752749472
282,1457,0.0785653339746205,0.0785653339746205,other,other,0.01736445197629191,0.061200881998328585
282,658,-0.1478258418493708,0.1478258418493708,other,other,-0.23494835169225406,0.08712250984288325
282,1541,-0.5410663012577972,0.5410663012577972,other,immune_core,-0.42762083361907977,-0.11344546763871743
282,1547,-0.30130076936509,0.30130076936509,other,other,-0.36983069656669454,0.06852992720160456
283,1349,-0.0661270016736418,0.0661270016736418,other,other,-0.05119064584792951,-0.014936355825712289
283,496,-0.0006717706110263,0.0006717706110263,other,other,0.028109830227534584,-0.028781600838560885
283,1353,-0.0965602487609462,0.0965602487609462,other,other,-0.13054487141546917,0.03398462265452297
283,580,0.0557563813911119,0.0557563813911119,other,other,0.016558126530107298,0.0391982548610046
283,602,0.0870826082446828,0.0870826082446828,other,other,0.10628641190955443,-0.019203803664871635
283,967,-0.0965602487609462,0.0965602487609462,other,other,-0.0862990874151992,-0.010261161345746991
284,1464,-0.2606156640693835,0.2606156640693835,immune_core,immune_core,-0.04303682542063292,-0.2175788386487506
284,756,0.2670678930054823,0.2670678930054823,immune_core,other,0.33766877492942854,-0.07060088192394626
284,1413,0.2255397191080569,0.2255397191080569,immune_core,other,0.2010963812024808,0.024443337905576096
284,1068,0.1040280250216431,0.1040280250216431,immune_core,immune_core,-0.12240929767600373,0.22643732269764683
284,529,0.0707410703759345,0.0707410703759345,immune_core,interface,-0.05298569588248625,0.12372676625842075
284,445,0.1124065320242581,0.1124065320242581,immune_core,immune_core,0.19883361538480981,-0.08642708336055172
285,531,-0.0204154661749114,0.0204154661749114,interface,other,0.1934089939987467,-0.2138244601736581
285,463,0.0808766981398469,0.0808766981398469,interface,interface,0.0046830683151099905,0.0761936298247369
285,910,0.009729665105057,0.009729665105057,interface,other,0.3058297116278322,-0.29610004652277516
285,502,-0.0040872752268459,0.0040872752268459,interface,interface,-0.7400501179974609,0.735962842770615
286,318,-0.9981282332927676,0.9981282332927676,tumor_core,other,-0.7077165928885056,-0.29041164040426193
286,754,0.0223991958556928,0.0223991958556928,tumor_core,interface,-0.26367812706202054,0.2860773229177133
286,611,0.4574641969262324,0.4574641969262324,tumor_core,interface,0.27284288906211884,0.18462130786411357
286,862,-0.019835300935954,0.019835300935954,tumor_core,interface,0.09606895769134549,-0.11590425862729949
286,1284,-0.2819487296343428,0.2819487296343428,tumor_core,interface,-0.3897196037579694,0.10777087412362657
286,637,-0.7553008562232607,0.7553008562232607,tumor_core,other,-0.5831471872310359,-0.17215366899222484
287,1223,0.2471209167066922,0.2471209167066922,other,other,0.20050241884201803,0.046618497864674174
287,354,0.2083384814147955,0.2083384814147955,other,other,0.48999453724141856,-0.28165605582662306
287,1561,-0.6311858985687863,0.6311858985687863,other,immune_core,-0.9460745441007401,0.31488864553195384
287,1490,0.2077589622312628,0.2077589622312628,other,other,0.1971298822609454,0.010629079970317395
287,694,0.2249978474305668,0.2249978474305668,other,other,0.3208442273281195,-0.09584637989755271
288,1283,-0.2046873047698776,0.2046873047698776,other,other,-0.17555838844526428,-0.029128916324613313
288,664,-0.0621888356716555,0.0621888356716555,other,other,-0.05938591472255056,-0.002802920949104941
288,298,-0.2257118377152591,0.2257118377152591,other,other,-0.34642456284044565,0.12071272512518655
288,1035,0.04517650385861,0.04517650385861,other,other,0.060952153438547985,-0.015775649579937982
288,498,-0.1226873057465119,0.1226873057465119,other,other,-0.03689943876560614,-0.08578786698090576
289,1313,-0.2296618692877172,0.2296618692877172,other,other,-0.22985660071885897,0.00019473143114176472
289,1305,-0.0248524859503996,0.0248524859503996,other,other,0.04493512730974783,-0.06978761326014743
289,772,0.3348079503523929,0.3348079503523929,other,other,0.28029762438214134,0.05451032597025157
289,589,-0.0559575036487303,0.0559575036487303,other,other,0.015016168133468094,-0.07097367178219839
289,510,0.059288091659981,0.059288091659981,other,other,-0.06714783009792344,0.12643592175790444
289,1137,-0.4266347064765768,0.4266347064765768,other,other,-0.3862547625837881,-0.040379943892788706
290,1493,-0.0776033451109968,0.0776033451109968,other,other,-0.1363817594278198,0.058778414316823
290,1060,-0.0949555909725066,0.0949555909725066,other,other,-0.13582325446041701,0.04086766348791042
290,1472,-0.1360635978609167,0.1360635978609167,other,tumor_core,0.08976061787124448,-0.2258242157321612
290,981,-0.1011101724527341,0.1011101724527341,other,tumor_core,-0.14658009612431042,0.04546992367157632
291,809,-0.3506746215578955,0.3506746215578955,other,interface,-0.4278010641435549,0.07712644258565937
291,363,-0.4446039860472834,0.4446039860472834,other,interface,-0.5417103985749945,0.09710641252771107
291,1255,-0.5079123548551311,0.5079123548551311,other,tumor_core,-0.32358118803347713,-0.18433116682165396
291,963,-0.6961270496035088,0.6961270496035088,other,tumor_core,-0.554575187113801,-0.14155186248970775
292,749,-0.2254675945965164,0.2254675945965164,other,other,-0.1946391360556512,-0.030828458540865217
292,627,-0.297657505764567,0.297657505764567,other,other,-0.26615863975365417,-0.03149886601091284
292,1344,0.0958411098583373,0.0958411098583373,other,other,-0.041942038916211954,0.13778314877454925
292,595,0.0896559309946199,0.0896559309946199,other,other,0.09857074973826085,-0.00891481874364096
293,1475,0.0251250740345984,0.0251250740345984,other,interface,0.03362314285969803,-0.008498068825099628
293,1185,0.1517723236677669,0.1517723236677669,other,tumor_core,0.23333629209907408,-0.08156396843130717
293,1077,-0.1174688150458947,0.1174688150458947,other,other,-0.15042777823943398,0.03295896319353929
293,992,-0.0407041076199419,0.0407041076199419,other,interface,-0.050189321093182526,0.009485213473240627
293,1383,-0.0335039723707163,0.0335039723707163,other,tumor_core,-0.02425127096348212,-0.009252701407234179
294,1101,0.029903470977064,0.029903470977064,immune_core,immune_core,0.09390724697656594,-0.06400377599950194
294,1473,0.2675404282512539,0.2675404282512539,immune_core,immune_core,0.17450633964317963,0.09303408860807427
294,1416,0.3774646132476816,0.3774646132476816,immune_core,other,0.34483800138652554,0.03262661186115606
294,774,0.1333353222418392,0.1333353222418392,immune_core,other,0.3159038058341592,-0.18256848359232003
295,1316,-0.3449049947766563,0.3449049947766563,other,immune_core,-0.2876208101161917,-0.05728418466046459
295,1537,0.185729877250478,0.185729877250478,other,other,0.12027225689986842,0.06545762035060956
295,1082,0.0559301818605243,0.0559301818605243,other,other,0.04651459771222766,0.009415584148296643
295,1374,-0.0073766490843159,0.0073766490843159,other,other,0.07441596221981744,-0.08179261130413334
295,1112,0.1642562843792805,0.1642562843792805,other,other,0.16965717251972584,-0.005400888140445342
296,908,0.0317064270443986,0.0317064270443986,other,other,0.02216989288515081,0.009536534159247788
296,653,0.1048950259181759,0.1048950259181759,other,other,0.14842963611714194,-0.04353461019896604
296,1133,-0.16125539755156,0.16125539755156,other,other,-0.19331948236447727,0.03206408481291728
296,943,-0.3146086619320073,0.3146086619320073,other,immune_core,-0.24666760604399163,-0.06794105588801569
296,1242,0.0101957842089883,0.0101957842089883,other,other,-0.02525133134997748,0.03544711555896578
297,1504,0.2957920566251615,0.2957920566251615,other,other,0.06405303106775867,0.23173902555740283
297,1369,-0.0160695332034365,0.0160695332034365,other,other,0.041234332978763444,-0.057303866182199945
297,576,0.0421576140467437,0.0421576140467437,other,other,0.023418364897353605,0.018739249149390097
297,494,-0.119387234454192,0.119387234454192,other,other,-0.11344614080541437,-0.005941093648777623
298,498,0.3465396146280013,0.3465396146280013,other,other,0.3095251240748395,0.037014490553161805
298,1283,0.2693317527023862,0.2693317527023862,other,other,0.17086617439518137,0.09846557830720482
298,837,0.2628208599777148,0.2628208599777148,other,other,0.23797738385387818,0.02484347612383664
298,664,0.3336470802107674,0.3336470802107674,other,other,0.2870386481178951,0.0466084320928723
299,496,0.3944481575230236,0.3944481575230236,other,other,0.37902089623223817,0.015427261290785421
299,1402,0.4041740077645451,0.4041740077645451,other,other,0.3695353292769711,0.034638678487574015
299,602,0.3812737154534131,0.3812737154534131,other,other,0.457197477914258,-0.07592376246084492
299,547,0.3993548736532847,0.3993548736532847,other,other,0.43184236941207194,-0.03248749575878723
299,669,0.3895754557336226,0.3895754557336226,other,other,0.4357842701299891,-0.04620881439636648
299,1349,0.404274859746115,0.404274859746115,other,other,0.2997204201567741,0.10455443958934091
300,1558,0.2271028376119189,0.2271028376119189,interface,tumor_core,0.18144969586048287,0.04565314175143603
300,413,-0.0629908195792438,0.0629908195792438,interface,other,0.06133743589806351,-0.1243282554773073
300,488,-0.150473947729362,0.150473947729362,interface,other,0.002381642248915572,-0.15285558997827758
300,1511,0.1164425330810955,0.1164425330810955,interface,other,-0.06572663653739108,0.1821691696184866
300,695,-0.0711322961626203,0.0711322961626203,interface,other,-0.061198762202269164,-0.00993353396035114
301,986,-1.150874828754764,1.150874828754764,other,immune_core,-1.1404995344081885,-0.010375294346575581
301,1092,-0.7957749494645849,0.7957749494645849,other,immune_core,-0.7303209610423396,-0.06545398842224537
301,1189,-1.890629299139853,1.890629299139853,other,immune_core,-1.6607086244468163,-0.22992067469303668
301,888,-0.3897732704843036,0.3897732704843036,other,immune_core,-0.5325795621487726,0.14280629166446895
301,918,-0.1069784704633061,0.1069784704633061,other,other,-0.14882937424742676,0.041850903784120666
302,1480,0.0427653172224744,0.0427653172224744,other,other,-0.0030728563705956224,0.04583817359307002
302,989,-0.1636215789739311,0.1636215789739311,other,other,-0.04185389308768028,-0.12176768588625081
302,1392,0.1247247231336613,0.1247247231336613,other,other,-0.1516908016528603,0.2764155247865216
302,819,-0.0983491317295526,0.0983491317295526,other,immune_core,-0.03445881565264697,-0.06389031607690564
302,508,-0.283289462722071,0.283289462722071,other,other,0.07230565572057301,-0.355595118442644
303,437,-0.1180757484289865,0.1180757484289865,other,immune_core,-0.25609269534289114,0.13801694691390465
303,566,-0.0221284733823226,0.0221284733823226,other,interface,0.044723012953951174,-0.06685148633627377
303,552,-0.0328527519158653,0.0328527519158653,other,other,0.06165018367791486,-0.09450293559378016
303,615,0.019967420680067,0.019967420680067,other,other,-0.01630930359190136,0.03627672427196836
303,1155,0.0098366582511675,0.0098366582511675,other,interface,-0.05552020645689451,0.06535686470806201
303,850,-0.0179269316763989,0.0179269316763989,other,other,0.06036895760438751,-0.07829588928078642
304,1209,-0.0022501731256538,0.0022501731256538,other,other,-0.006862203837048192,0.004612030711394392
304,539,0.0142783026608108,0.0142783026608108,other,other,0.030496039276433462,-0.01621773661562266
304,561,-0.0022501731256538,0.0022501731256538,other,other,0.0035948333300620527,-0.005845006455715853
304,1373,-0.0350219839753112,0.0350219839753112,other,other,-0.05632536616999356,0.021303382194682363
305,1163,-0.0989325689697971,0.0989325689697971,other,immune_core,-0.044453084789192354,-0.05447948418060475
305,1096,0.0454123209094156,0.0454123209094156,other,interface,-0.01659736728407435,0.06200968819348995
305,629,-0.2447906399317511,0.2447906399317511,other,interface,-0.13990410042942253,-0.10488653950232857
305,1411,0.0450647478726786,0.0450647478726786,other,other,-0.027437468781499497,0.0725022166541781
305,910,-0.0083533708520548,0.0083533708520548,other,other,-0.1515802204671864,0.1432268496151316
306,365,0.5103369662470607,0.5103369662470607,immune_core,other,0.45571814371834646,0.05461882252871425
306,991,-0.3126353008246998,0.3126353008246998,immune_core,immune_core,-0.18948106213946192,-0.1231542386852379
306,337,0.0772044080951186,0.0772044080951186,immune_core,other,-0.05587285690419369,0.13307726499931227
306,945,0.5916275380360665,0.5916275380360665,immune_core,other,0.5626921073210842,0.02893543071498228
306,647,0.441665326966241,0.441665326966241,immune_core,other,0.23584415255407237,0.20582117441216863
307,511,-0.1722283673001696,0.1722283673001696,other,other,-0.14360033849961035,-0.028628028800559258
307,1118,-0.1372507908789255,0.1372507908789255,other,tumor_core,-0.08161713966177185,-0.05563365121715365
307,1497,-0.0577465532976803,0.0577465532976803,other,other,-0.0420544380304428,-0.015692115267237502
307,1131,0.0573747931125016,0.0573747931125016,other,tumor_core,0.12600633838201183,-0.06863154526951024
307,1195,-0.25543588158078,0.25543588158078,other,other,-0.3685530108041503,0.1131171292233703
307,1548,0.0359169717084469,0.0359169717084469,other,interface,-0.019551247894720035,0.05546821960316693
308,676,-0.1518988528032669,0.1518988528032669,interface,other,-0.03913370750261175,-0.11276514530065515
308,1336,-0.2138849531118007,0.2138849531118007,interface,interface,-0.005421444360603267,-0.20846350875119743
308,409,0.5721730392187303,0.5721730392187303,interface,interface,0.40413673134952566,0.16803630786920465
309,680,1.3774694157265204,1.3774694157265204,interface,other,0.9010063953223064,0.47646302040421395
309,774,0.7860142473099923,0.7860142473099923,interface,other,0.853251469183502,-0.06723722187350978
309,568,1.457737851939301,1.457737851939301,interface,other,0.901867990178078,0.555869861761223
309,872,-2.4396709760314477,2.4396709760314477,interface,other,-0.259951620385179,-2.179719355646269
310,1133,0.0515263834248314,0.0515263834248314,immune_core,other,0.0987081969962253,-0.047181813571393894
310,403,0.0924473941744312,0.0924473941744312,immune_core,other,0.15290640679717687,-0.06045901262274568
310,908,0.2376535993622554,0.2376535993622554,immune_core,other,0.3141975722458534,-0.07654397288359796
310,723,-0.1039627763811758,0.1039627763811758,immune_core,immune_core,-0.11424931266072712,0.010286536279551312
310,1137,0.1002312173539786,0.1002312173539786,immune_core,other,-0.020179670105124684,0.12041088745910328
311,1104,0.0772004637672915,0.0772004637672915,other,other,0.08956100210612725,-0.012360538338835741
311,1309,-0.5317253103160431,0.5317253103160431,other,immune_core,-0.5186556404282529,-0.013069669887790236
311,459,0.1806862801479971,0.1806862801479971,other,other,0.15405671626646492,0.026629563881532176
311,891,-0.3001517584076625,0.3001517584076625,other,other,-0.3015835580347787,0.0014317996271162037
311,1194,-0.3121542154122357,0.3121542154122357,other,other,-0.2907215826993311,-0.021432632712904576
312,1249,-0.1613647872332061,0.1613647872332061,other,other,-0.04671633609967746,-0.11464845113352864
312,571,-0.2968683381242601,0.2968683381242601,other,other,-0.2668872004820195,-0.029981137642240585
312,626,0.0535066632269594,0.0535066632269594,other,other,-0.08143459074387616,0.13494125397083556
312,1466,0.2635559493116953,0.2635559493116953,other,other,0.18984143000035636,0.07371451931133893
313,916,-0.037389405017133,0.037389405017133,other,other,-0.05521824890782401,0.01782884389069101
313,781,0.1053209597569676,0.1053209597569676,other,other,0.16079226546675385,-0.05547130570978624
313,1257,0.0163776248778275,0.0163776248778275,other,other,0.006430802492694426,0.009946822385133072
314,333,0.2194355904476985,0.2194355904476985,interface,interface,0.5360771544673424,-0.3166415640196439
314,518,0.2463007315829156,0.2463007315829156,interface,interface,0.025774546825318462,0.22052618475759714
314,803,0.1110199126029285,0.1110199126029285,interface,interface,-0.06933701933108721,0.1803569319340157
314,920,0.3541590200676188,0.3541590200676188,interface,interface,0.185737465562747,0.16842155450487178
314,733,0.3890736544150569,0.3890736544150569,interface,interface,0.5110697331981459,-0.12199607878308893
314,1233,0.1441643448296321,0.1441643448296321,interface,interface,0.2748312210615449,-0.13066687623191278
315,324,-0.5762521701300747,0.5762521701300747,tumor_core,other,-0.37454005101944826,-0.20171211911062642
315,1551,-0.1187985255162095,0.1187985255162095,tumor_core,tumor_core,-0.2204507775672015,0.101652252050992
315,1398,-0.1395974120818618,0.1395974120818618,tumor_core,tumor_core,-0.17187026165987002,0.03227284957800822
315,1553,-0.270845607583168,0.270845607583168,tumor_core,tumor_core,-0.2568097679749299,-0.014035839608238121
315,696,-0.0933741420456658,0.0933741420456658,tumor_core,tumor_core,-0.12797332028588376,0.034599178240217965
315,893,-0.2275616068195944,0.2275616068195944,tumor_core,tumor_core,-0.2747848679867384,0.04722326116714401
316,953,-0.0001942858806149,0.0001942858806149,other,other,-0.1144826334773176,0.1142883475967027
316,330,-0.080126795061704,0.080126795061704,other,other,-0.08669127390955643,0.006564478847852426
316,715,-0.2270777386998208,0.2270777386998208,other,immune_core,-0.4248103288210704,0.19773259012124958
316,1150,-0.0851134605678931,0.0851134605678931,other,other,0.00864894596395055,-0.09376240653184365
316,1447,-0.2108260094104581,0.2108260094104581,other,immune_core,-0.22012703799637598,0.009301028585917887
317,418,0.2988611154522959,0.2988611154522959,other,tumor_core,0.3091389682094329,-0.010277852757136996
317,1571,0.2134682165931772,0.2134682165931772,other,tumor_core,0.20347369483939937,0.009994521753777824
317,471,0.2285575213746818,0.2285575213746818,other,tumor_core,0.19631416193247603,0.03224335944220577
317,1350,0.1913365673213606,0.1913365673213606,other,tumor_core,0.22435526038918174,-0.03301869306782115
318,611,0.7707038348496658,0.7707038348496658,other,interface,0.9805594819506245,-0.20985564710095872
318,1539,0.0792493612303985,0.0792493612303985,other,other,0.19348051658170284,-0.11423115535130435
318,976,0.7042314069089148,0.7042314069089148,other,tumor_core,0.7514171158268942,-0.04718570891797935
318,637,0.2428273770695069,0.2428273770695069,other,other,0.12456940565746977,0.11825797141203714
318,1063,0.1381952579151874,0.1381952579151874,other,other,0.1755917137629845,-0.03739645584779708
319,1292,0.2577034031886681,0.2577034031886681,interface,tumor_core,0.08504861394247287,0.1726547892461952
319,1199,-0.050992506918843,0.050992506918843,interface,interface,0.23160763952073188,-0.2826001464395749
319,631,0.5351634476095755,0.5351634476095755,interface,tumor_core,0.4837935159891397,0.05136993162043574
319,644,0.1665289535753787,0.1665289535753787,interface,tumor_core,0.3536090149379007,-0.187080061362522
319,848,0.2205133863113919,0.2205133863113919,interface,interface,0.03001933661668099,0.1904940496947109
320,722,0.1687898491837464,0.1687898491837464,immune_core,other,0.051966565903107165,0.11682328328063923
320,1256,0.0955415051834709,0.0955415051834709,immune_core,interface,-0.05694733331203866,0.15248883849550957
320,1550,0.147280759238955,0.147280759238955,immune_core,other,-0.07055430758319188,0.21783506682214687
320,1555,0.0759076344536706,0.0759076344536706,immune_core,interface,0.011395888626261952,0.06451174582740865
320,549,-0.3463151583836964,0.3463151583836964,immune_core,other,0.3576170552922521,-0.7039322136759485
320,670,0.0735951039637159,0.0735951039637159,immune_core,other,-0.07867804134468803,0.1522731453084039
321,678,0.0141468722606649,0.0141468722606649,other,other,0.07093758595741931,-0.05679071369675441
321,1384,0.1825354195191357,0.1825354195191357,other,interface,0.10851670934844534,0.07401871017069037
321,1257,0.0061752617516941,0.0061752617516941,other,other,0.03903833100053053,-0.03286306924883643
321,1006,0.0207653030183731,0.0207653030183731,other,other,-0.008521895590318518,0.02928719860869162
322,957,-0.5548695673862566,0.5548695673862566,tumor_core,other,-0.5289300862398323,-0.025939481146424304
322,1036,-0.1134248570164154,0.1134248570164154,tumor_core,interface,-0.2567524543381697,0.14332759732175426
322,540,-0.2324125294998167,0.2324125294998167,tumor_core,interface,-0.26477381393246174,0.03236128443264505
322,1330,-0.2928288179065109,0.2928288179065109,tumor_core,tumor_core,-0.2851369223308863,-0.007691895575624608
322,586,-0.440349658965849,0.440349658965849,tumor_core,tumor_core,-0.3775528001178364,-0.06279685884801262
323,1387,-0.2592633825751983,0.2592633825751983,other,immune_core,-0.6423742925142351,0.38311090993903674
323,469,-0.089863060987831,0.089863060987831,other,other,-0.03654862431078987,-0.05331443667704114
323,641,-0.00965479288852,0.00965479288852,other,other,0.03672970332004322,-0.04638449620856322
323,368,-0.275144337581056,0.275144337581056,other,immune_core,-0.3025084348442234,0.02736409726316741
323,1440,-0.0780471072632064,0.0780471072632064,other,other,0.07142057123301379,-0.1494676784962202
324,1120,0.0882453804160146,0.0882453804160146,other,other,0.25003402300371375,-0.16178864258769915
324,1123,-0.1450962913299267,0.1450962913299267,other,other,-0.047216587501939154,-0.09787970382798755
324,1398,0.2079999952036806,0.2079999952036806,other,tumor_core,0.20266978935957825,0.005330205844102348
324,1428,0.1091994186799169,0.1091994186799169,other,interface,0.39504498603626004,-0.28584556735634314
324,1551,0.4925608191270956,0.4925608191270956,other,tumor_core,0.15408927345224677,0.33847154567484883
325,921,-0.5810521457203657,0.5810521457203657,other,immune_core,-0.5526563978048695,-0.02839574791549615
325,1570,-0.1926190576923923,0.1926190576923923,other,other,-0.1422229620109588,-0.050396095681433495
325,933,-0.2954226842412807,0.2954226842412807,other,other,-0.28518275156003237,-0.010239932681248343
325,986,-1.004256271904957,1.004256271904957,other,immune_core,-1.1049282981136652,0.10067202620870819
326,344,0.1326793848367724,0.1326793848367724,interface,interface,0.46628970659071434,-0.3336103217539419
326,1476,0.3022050430961994,0.3022050430961994,interface,interface,0.19767515875320713,0.10452988434299226
326,1449,-0.1820200291235984,0.1820200291235984,interface,interface,-0.22290749380618935,0.04088746468259094
326,1053,0.4520405368620652,0.4520405368620652,interface,interface,0.5299468659948137,-0.07790632913274848
327,439,0.7045721791949597,0.7045721791949597,immune_core,other,0.5612423739518756,0.14332980524308414
327,1210,0.390156185070202,0.390156185070202,immune_core,other,0.3588206309285173,0.03133555414168471
327,839,-0.5171993425318695,0.5171993425318695,immune_core,immune_core,-0.21193050011642767,-0.30526884241544183
327,1173,-0.0531544419199748,0.0531544419199748,immune_core,immune_core,0.09466491454940427,-0.14781935646937908
327,1506,0.7045721791949597,0.7045721791949597,immune_core,other,0.5474972822547195,0.15707489694024024
327,1138,0.5791361600191094,0.5791361600191094,immune_core,other,0.4577881829061874,0.121347977112922
328,630,0.1134555679069101,0.1134555679069101,interface,tumor_core,-0.02483924521814329,0.13829481312505337
328,1051,-0.1167918563199128,0.1167918563199128,interface,immune_core,-0.03200553522424454,-0.08478632109566826
328,695,-0.0239025431202243,0.0239025431202243,interface,other,0.1527655287917874,-0.1766680719120117
328,1511,0.1003101562303612,0.1003101562303612,interface,other,0.14823765445666548,-0.04792749822630428
328,1260,0.0436153417052513,0.0436153417052513,interface,interface,-0.06194509389620362,0.10556043560145492
329,949,-0.6245832536609384,0.6245832536609384,interface,interface,0.004432175576495778,-0.6290154292374341
329,947,-0.8204108546285797,0.8204108546285797,interface,interface,-0.44536508355662535,-0.3750457710719543
330,1150,-0.059201383934887,0.059201383934887,other,other,0.09534021987350698,-0.154541603808394
330,1218,-0.0143973280627589,0.0143973280627589,other,other,0.03248771057244479,-0.046885038635203685
330,1459,-0.1526632528592645,0.1526632528592645,other,immune_core,-0.24485359799327258,0.09219034513400809
330,953,0.1506089171320119,0.1506089171320119,other,other,-0.027791359567761183,0.1784002766997731
330,723,-0.2935462021662408,0.2935462021662408,other,immune_core,-0.23094670122577696,-0.06259950094046382
331,393,0.4401448200769414,0.4401448200769414,interface,interface,0.5278517349895808,-0.08770691491263943
331,1446,0.1035876041935831,0.1035876041935831,interface,interface,-0.2734063606266208,0.3769939648202039
331,640,-0.0074401733304697,0.0074401733304697,interface,interface,0.4444246646153103,-0.45186483794578003
331,486,0.1298059902746044,0.1298059902746044,interface,interface,0.36230646004436046,-0.23250046976975605
331,700,2.9554219068152783,2.9554219068152783,interface,interface,3.241767877737582,-0.28634597092230374
332,375,0.0797335337234262,0.0797335337234262,other,other,0.005095210838260339,0.07463832288516586
332,1214,-0.1254360191758503,0.1254360191758503,other,other,-0.04608860685657988,-0.07934741231927041
332,1341,0.0,0.0,other,other,0.09851279806206417,-0.09851279806206417
332,1333,0.0,0.0,other,other,-0.07600116284629393,0.07600116284629393
332,414,0.0350219839753112,0.0350219839753112,other,other,0.018090877394473986,0.016931106580837213
333,895,0.7312086530758486,0.7312086530758486,interface,interface,0.8179678094118362,-0.08675915633598763
333,1233,-0.1845593677494882,0.1845593677494882,interface,interface,-0.2612459334057975,0.0766865656563093
333,518,-0.861148917712907,0.861148917712907,interface,interface,-0.510302607642024,-0.35084631007088307
333,920,-0.3060627360889935,0.3060627360889935,interface,interface,-0.35033968890459544,0.044276952815601955
334,1397,0.2214384310141348,0.2214384310141348,immune_core,immune_core,0.2134440033174241,0.007994427696710688
334,759,0.0350622106125892,0.0350622106125892,immune_core,immune_core,0.03305514510823904,0.002007065504350161
334,533,-0.076432957184118,0.076432957184118,immune_core,interface,0.015812059195571104,-0.0922450163796891
334,1517,0.4976894737546806,0.4976894737546806,immune_core,other,0.35837271046939984,0.13931676328528075
334,376,0.0661131983137393,0.0661131983137393,immune_core,interface,0.13909109817610932,-0.07297789986237002
335,522,-0.2326425425197337,0.2326425425197337,other,other,-0.23537915523209949,0.002736612712365777
335,886,0.1236850957000204,0.1236850957000204,other,other,0.13089027529540737,-0.007205179595386968
335,456,0.2449338811360806,0.2449338811360806,other,other,0.2529605007454174,-0.008026619609336816
335,1122,0.2750586388687944,0.2750586388687944,other,other,0.29991200490234005,-0.024853366033545654
335,1362,0.2197670206533701,0.2197670206533701,other,other,0.1966780429773475,0.023088977676022582
336,834,0.0,0.0,other,other,0.005925339857064282,-0.005925339857064282
336,1531,-0.0068800152766299,0.0068800152766299,other,other,-0.004728283903982333,-0.002151731372647567
336,777,-0.0022912783886229,0.0022912783886229,other,other,0.042513918011214846,-0.044805196399837745
336,1575,-0.1433551653762644,0.1433551653762644,other,other,-0.12373179253922215,-0.01962337283704224
336,358,0.008018678990571,0.008018678990571,other,other,-0.015294854131482905,0.023313533122053906
337,531,-0.0054516981487256,0.0054516981487256,other,other,-0.16544713273483447,0.15999543458610888
337,1228,0.0193184772102398,0.0193184772102398,other,interface,-0.2219334758739026,0.2412519530841424
337,1411,-0.0037474547234979,0.0037474547234979,other,other,0.07111633657993788,-0.07486379130343578
337,991,-0.0029235317039808,0.0029235317039808,other,immune_core,-0.13360820523526823,0.13068467353128743
337,647,-0.0322743666509511,0.0322743666509511,other,other,0.29171700945826606,-0.32399137610921713
338,1138,-0.168297399497142,0.168297399497142,other,other,-0.09710209510400775,-0.07119530439313426
338,1238,0.0388940321502305,0.0388940321502305,other,other,0.06706893607821685,-0.02817490392798635
338,1263,-0.1102024751981277,0.1102024751981277,other,other,-0.0045261483294530835,-0.10567632686867462
338,1173,-0.2830092861244668,0.2830092861244668,other,immune_core,-0.46022536346079085,0.17721607733632405
338,690,-0.0226608752293716,0.0226608752293716,other,other,-0.03139991277201437,0.008739037542642773
339,542,0.0564316685304317,0.0564316685304317,other,other,0.03538547394146718,0.02104619458896452
339,827,0.0296826216445208,0.0296826216445208,other,other,0.006778834627304997,0.022903787017215804
339,1197,-0.0088523315573832,0.0088523315573832,other,other,0.15304032426856562,-0.1618926558259488
339,1515,0.0540999112255216,0.0540999112255216,other,tumor_core,0.10134205710270949,-0.04724214587718789
339,342,0.0551220061895265,0.0551220061895265,other,other,0.057392401706757634,-0.0022703955172311344
340,437,0.0043229309095908,0.0043229309095908,immune_core,immune_core,-0.005339727099286429,0.00966265800887723
340,1528,0.0553579437361238,0.0553579437361238,immune_core,immune_core,0.03973942192765245,0.015618521808471349
340,347,0.3524117454233837,0.3524117454233837,immune_core,other,0.33943240743074277,0.012979337992640949
340,786,0.2842722765708413,0.2842722765708413,immune_core,other,0.32040998915719954,-0.03613771258635823
340,812,0.4784987394106545,0.4784987394106545,immune_core,other,0.43257479612107674,0.04592394328957777
341,485,-0.0675048969101999,0.0675048969101999,immune_core,interface,-0.20029964554638224,0.13279474863618235
341,1534,0.0197253547192152,0.0197253547192152,immune_core,interface,0.1662068649442509,-0.14648151022503572
341,1273,0.0894089559774031,0.0894089559774031,immune_core,other,0.14716852833247177,-0.057759572355068664
341,612,-0.0245153927866199,0.0245153927866199,immune_core,other,0.10916490348280869,-0.1336802962694286
341,935,-0.0288318286372747,0.0288318286372747,immune_core,interface,-0.09904311315338926,0.07021128451611457
342,1515,0.0905730608336286,0.0905730608336286,other,tumor_core,0.04394965539595186,0.046623405437676735
342,1197,0.1276490281277157,0.1276490281277157,other,other,0.09564792256180799,0.03200110556590771
342,473,0.1685321622932602,0.1685321622932602,other,interface,0.10306892223195585,0.06546324006130436
343,550,-0.1289807077299997,0.1289807077299997,other,other,0.11023610925054217,-0.23921681698054187
343,1043,0.0667299743331227,0.0667299743331227,other,interface,-0.06003788126755094,0.12676785560067363
343,1454,0.2259145742993048,0.2259145742993048,other,tumor_core,0.24025256372384057,-0.014337989424535763
343,1363,0.0939056838826217,0.0939056838826217,other,interface,-0.04919190009123697,0.1430975839738587
344,1281,-0.2238515574326945,0.2238515574326945,interface,interface,-0.2409840731328719,0.017132515700177403
344,1053,-0.3632129261526317,0.3632129261526317,interface,interface,0.06365715940409933,-0.426870085556731
344,1169,-0.0812639737662439,0.0812639737662439,interface,interface,-0.12552488424823915,0.04426091048199525
344,1476,-0.0942960125176274,0.0942960125176274,interface,interface,-0.2686145478375072,0.1743185353198798
345,543,-0.047356742323786,0.047356742323786,other,other,-0.02853739364064467,-0.018819348683141328
345,1197,0.1301481563400439,0.1301481563400439,other,other,0.024076407563838886,0.10607174877620501
345,1146,0.2211451280999095,0.2211451280999095,other,tumor_core,0.2272318507397723,-0.006086722639862818
345,1572,0.0015802913149555,0.0015802913149555,other,other,-0.025251533624799483,0.026831824939754983
346,523,0.0108250403307369,0.0108250403307369,other,other,-0.24517869210356674,0.25600373243430363
346,929,-0.1383193705033353,0.1383193705033353,other,immune_core,0.019015677061647196,-0.15733504756498248
346,1009,-0.0129791068466506,0.0129791068466506,other,immune_core,-0.09396344684310981,0.08098433999645921
346,1460,0.0089345080803614,0.0089345080803614,other,other,-0.28987976189728315,0.29881426997764454
346,950,0.0126687072298091,0.0126687072298091,other,other,0.44408144982530695,-0.43141274259549783
347,812,0.1194623881622145,0.1194623881622145,other,other,0.09314238869033395,0.026319999471880545
347,850,-0.0439044771259495,0.0439044771259495,other,other,-0.02831048158275054,-0.015593995543198957
347,437,-0.3953206395388903,0.3953206395388903,other,immune_core,-0.3447721345300292,-0.0505485050088611
347,593,0.2489343902495145,0.2489343902495145,other,other,0.231244299818209,0.01769009043130551
348,867,0.0901870005909353,0.0901870005909353,other,other,0.10762731905092415,-0.01744031845998885
348,1584,-0.1338799492374349,0.1338799492374349,other,other,-0.14841318290060823,0.014533233663173328
348,477,-0.0731344779491948,0.0731344779491948,other,other,-0.0319309817745127,-0.041203496174682094
348,1507,-0.032797196093749,0.032797196093749,other,other,-0.08665995895046341,0.05386276285671441
349,773,0.0466044174005925,0.0466044174005925,interface,interface,0.016755264906113232,0.029849152494479267
349,1505,0.2279001679129012,0.2279001679129012,interface,other,0.2118111344407808,0.0160890334721204
349,903,-0.0259546330140556,0.0259546330140556,interface,other,0.155910763911558,-0.1818653969256136
349,1432,0.3263816578678689,0.3263816578678689,interface,tumor_core,0.23865973400724594,0.08772192386062294
350,1217,0.145366859872064,0.145366859872064,tumor_core,tumor_core,-0.03836272663275486,0.18372958650481885
350,1469,-0.7264243659428358,0.7264243659428358,tumor_core,other,-0.6585003601730262,-0.06792400576980961
350,1011,-0.6862205817400182,0.6862205817400182,tumor_core,other,-0.40179868600071483,-0.2844218957393034
350,785,-0.6609290122980547,0.6609290122980547,tumor_core,other,-0.4049279274356001,-0.2560010848624546
351,1276,-0.420688697806958,0.420688697806958,other,immune_core,-0.4798586908639034,0.059169993056945425
351,1340,-0.1015436712580295,0.1015436712580295,other,other,-0.09605809026904466,-0.005485580988984842
351,820,-0.0985073011655507,0.0985073011655507,other,other,-0.06024772621206531,-0.03825957495348539
351,795,-0.0515365726594686,0.0515365726594686,other,other,-0.03611180397285624,-0.015424768686612363
352,686,-0.542772566314655,0.542772566314655,other,immune_core,-0.48298459331480137,-0.05978797299985361
352,1029,-0.0465016678966132,0.0465016678966132,other,other,-0.012937349890675187,-0.03356431800593801
352,919,-0.3661614372496226,0.3661614372496226,other,immune_core,-0.3251862471894278,-0.04097519006019479
352,792,0.1340472171198984,0.1340472171198984,other,other,0.03182277074537557,0.10222444637452283
353,433,0.4597614307459349,0.4597614307459349,immune_core,interface,0.18854044138530468,0.2712209893606302
353,673,-0.1595753542255764,0.1595753542255764,immune_core,immune_core,0.03724926156632158,-0.19682461579189797
353,864,0.040112988964189,0.040112988964189,immune_core,interface,0.165831736148227,-0.125718747184038
353,1502,0.2044476792442438,0.2044476792442438,immune_core,interface,0.1777552285550661,0.02669245068917772
354,694,-0.110967303899431,0.110967303899431,other,other,-0.16915030991329905,0.05818300601386804
354,1580,-0.4670676068196043,0.4670676068196043,other,other,-0.3477677817960055,-0.11929982502359882
354,745,-0.317491227403174,0.317491227403174,other,other,-0.31660650217964503,-0.0008847252235289482
354,814,-0.3860602405613883,0.3860602405613883,other,other,-0.3248669661362149,-0.061193274425173416
355,421,-0.0187332076273052,0.0187332076273052,other,immune_core,0.07734504880959375,-0.09607825643689895
355,676,0.0345516753578455,0.0345516753578455,other,other,0.0642523291947279,-0.029700653836882397
355,1090,0.0297117890061069,0.0297117890061069,other,other,-0.07116367582745686,0.10087546483356376
355,1294,0.0068927926675645,0.0068927926675645,other,other,-0.11529598962636411,0.12218878229392861
355,849,-0.0084774923582117,0.0084774923582117,other,other,0.13907190142007475,-0.14754939377828646
356,1382,-0.4153744867136104,0.4153744867136104,interface,other,-0.09832518676261498,-0.3170492999509954
356,400,0.664398887132301,0.664398887132301,interface,interface,0.42571288848334876,0.23868599864895224
357,1522,-0.8785847758005536,0.8785847758005536,immune_core,interface,0.05292743935630308,-0.9315122151568567
357,1478,1.0474444388396829,1.0474444388396829,immune_core,interface,0.5933248551475148,0.4541195836921681
357,1500,-2.8205744702743365,2.8205744702743365,immune_core,immune_core,-0.8733919561893229,-1.9471825140850136
357,1314,-2.0834930924633235,2.0834930924633235,immune_core,other,-1.3164683145514624,-0.7670247779118611
358,1391,-0.0443049048796728,0.0443049048796728,other,other,-0.03541184773353967,-0.00889305714613313
358,1035,0.2355645816250351,0.2355645816250351,other,other,0.20226644542078276,0.03329813620425234
358,1531,-0.0128655217516264,0.0128655217516264,other,other,0.010566570227500571,-0.02343209197912697
359,901,-0.9425521166276056,0.9425521166276056,other,immune_core,-0.839839617963703,-0.10271249866390264
359,988,-0.0658683092860666,0.0658683092860666,other,other,-0.06565906172347613,-0.00020924756259046995
359,1202,-0.1462240225401706,0.1462240225401706,other,other,-0.17149963307552257,0.02527561053535196
359,1095,-0.2137416718114133,0.2137416718114133,other,other,-0.20810157985789582,-0.005640091953517473
360,766,-2.0025205854730808,2.0025205854730808,interface,interface,-1.311927725762526,-0.6905928597105548
360,618,1.0508421930208185,1.0508421930208185,interface,other,0.6733864193439328,0.37745577367688565
360,1190,0.8340377324096675,0.8340377324096675,interface,interface,-0.34847652886869884,1.1825142612783663
360,1389,0.8457778190727651,0.8457778190727651,interface,other,0.22076232222355707,0.625015496849208
360,565,-1.8888318165121776,1.8888318165121776,interface,interface,-0.5374749074699384,-1.3513569090422393
360,929,-0.2925294780227501,0.2925294780227501,interface,immune_core,-0.14949311345850647,-0.14303636456424362
361,1465,0.484457435662503,0.484457435662503,interface,interface,0.15156980046865565,0.33288763519384734
361,736,-0.0358111510193118,0.0358111510193118,interface,interface,0.16204836395761446,-0.19785951497692628
361,1578,0.0574112665386224,0.0574112665386224,interface,other,0.27708680308707345,-0.21967553654845107
361,630,-0.2766537688128158,0.2766537688128158,interface,tumor_core,0.03036588319198552,-0.3070196520048013
361,947,-0.1072181764859001,0.1072181764859001,interface,interface,-0.041852816768818246,-0.06536535971708185
362,415,0.262513138491553,0.262513138491553,interface,immune_core,-0.020284683295848233,0.2827978217874012
362,1275,-0.008040017787688,0.008040017787688,interface,interface,-0.31314386706082464,0.30510384927313666
362,1057,0.0691416436108827,0.0691416436108827,interface,interface,-0.07558104626110093,0.1447226898719836
362,1514,-0.809815365862755,0.809815365862755,interface,interface,-0.8027895646328064,-0.007025801229948669
363,1255,0.2311096875508317,0.2311096875508317,interface,tumor_core,0.21812921054151732,0.012980477009314373
363,963,0.0457385438789397,0.0457385438789397,interface,tumor_core,-0.012864788538806626,0.058603332417746325
363,1142,0.0342168450746352,0.0342168450746352,interface,tumor_core,-0.007243078909503764,0.04145992398413896
363,809,0.1073600117742863,0.1073600117742863,interface,interface,0.11390933443143952,-0.006549322657153217
364,1329,0.3091895381422782,0.3091895381422782,interface,interface,0.24942760357222116,0.05976193457005702
364,1017,0.19529810751706,0.19529810751706,interface,interface,0.09735380875480287,0.09794429876225713
364,692,-0.2263953260756465,0.2263953260756465,interface,other,-0.027694676762502035,-0.19870064931314446
365,876,0.0586862977480054,0.0586862977480054,other,other,-0.15356834067639524,0.21225463842440065
365,461,-0.2758581691989556,0.2758581691989556,other,immune_core,-0.46689141797477246,0.19103324877581684
365,945,-0.060071388708613,0.060071388708613,other,other,0.10697396360273781,-0.16704535231135081
365,1013,0.0621307813593593,0.0621307813593593,other,other,-0.03193362595883131,0.09406440731819062
366,1285,0.0943310014775197,0.0943310014775197,other,other,0.11683131052479578,-0.022500309047276082
366,1287,0.1283120528498326,0.1283120528498326,other,other,0.12056249315305534,0.007749559696777264
366,1194,-0.3147259990614113,0.3147259990614113,other,other,-0.3319817737781674,0.0172557747167561
366,1186,0.1162439077432601,0.1162439077432601,other,other,0.09838406966956148,0.01785983807369862
366,1156,0.1157706578459521,0.1157706578459521,other,other,0.11568588682307945,8.47710228726456e-05
366,1408,0.1290621361905359,0.1290621361905359,other,other,0.14951193093929377,-0.020449794748757882
367,565,2.7164483988226005,2.7164483988226005,interface,interface,0.9155455326846395,1.8009028661379611
367,917,-0.7629231051952823,0.7629231051952823,interface,interface,0.23500580440498575,-0.997928909600268
367,738,0.5760993153321005,0.5760993153321005,interface,interface,1.1175056933506835,-0.541406378018583
367,766,0.6168345686379614,0.6168345686379614,interface,interface,0.14109271439205184,0.47574185424590953
367,1456,0.6118128247905569,0.6118128247905569,interface,interface,1.3491214060477137,-0.7373085812571568
368,1359,0.2676524712472179,0.2676524712472179,immune_core,other,0.1613805132527355,0.10627195799448241
368,641,0.2798242529335086,0.2798242529335086,immune_core,other,0.3392381381642666,-0.05941388523075802
368,1387,-0.4542955210785356,0.4542955210785356,immune_core,immune_core,-0.33986585767001165,-0.11442966340852395
368,755,0.2265958358469906,0.2265958358469906,immune_core,other,0.18026180240112205,0.04633403344586856
369,1206,0.0407093013810528,0.0407093013810528,other,other,0.009978799962734014,0.030730501418318783
369,656,0.0632415539853148,0.0632415539853148,other,other,0.04051571098031734,0.022725843004997456
369,572,0.1235669312649153,0.1235669312649153,other,tumor_core,0.10317007962625502,0.020396851638660285
369,513,0.1373453563731635,0.1373453563731635,other,tumor_core,0.24411276639190654,-0.10676741001874304
369,1319,0.0630003095241203,0.0630003095241203,other,other,0.07353248868861688,-0.010532179164496586
370,398,0.0670510793877569,0.0670510793877569,immune_core,interface,0.38201411359523235,-0.31496303420747546
370,458,0.0406156112331925,0.0406156112331925,immune_core,immune_core,0.12134343976666179,-0.08072782853346928
370,432,0.8563478320956395,0.8563478320956395,immune_core,other,0.22028050280401373,0.6360673292916257
370,616,0.3211296869034566,0.3211296869034566,immune_core,other,0.18503097042151267,0.13609871648194394
370,419,0.0758425407427609,0.0758425407427609,immune_core,other,0.0765024921047055,-0.0006599513619446051
371,1516,0.2965611884519846,0.2965611884519846,interface,interface,0.46066550041820925,-0.16410431196622466
371,1452,-0.0031146144278669,0.0031146144278669,interface,interface,0.3283246523099078,-0.33143926673777474
371,396,0.5634518497259866,0.5634518497259866,interface,interface,0.4558286173581638,0.10762323236782279
371,926,0.5910317663204452,0.5910317663204452,interface,interface,0.2390453833702131,0.3519863829502321
371,705,0.2042023752721086,0.2042023752721086,interface,interface,0.08596820112431497,0.11823417414779364
372,1458,0.0947807903091267,0.0947807903091267,tumor_core,tumor_core,0.09941941986903458,-0.004638629559907875
372,1241,0.140892879573716,0.140892879573716,tumor_core,tumor_core,0.15812130871630592,-0.01722842914258993
372,963,0.2055701460497486,0.2055701460497486,tumor_core,tumor_core,0.13219612183774665,0.07337402421200195
372,595,-0.1849307812596368,0.1849307812596368,tumor_core,other,-0.1547343356877532,-0.030196445571883612
372,1142,0.1892152800690988,0.1892152800690988,tumor_core,tumor_core,0.1378178314670495,0.051397448602049284
373,751,-2.952485707657793,2.952485707657793,interface,interface,-3.08482950374331,0.13234379608551716
373,1367,0.3398182063584776,0.3398182063584776,interface,interface,-1.3702364929253328,1.7100546992838104
373,794,-1.0540889210662292,1.0540889210662292,interface,interface,-1.701383079163908,0.6472941580976788
373,1221,-3.343686834496497,3.343686834496497,interface,interface,-3.00864933791222,-0.33503749658427706
374,1247,0.0,0.0,other,other,-0.002514302625659187,0.002514302625659187
374,1216,0.0,0.0,other,other,-0.01588136121442968,0.01588136121442968
374,891,-0.4053264882861133,0.4053264882861133,other,other,-0.4207375389734102,0.015411050687296923
374,1309,-0.6869957202748948,0.6869957202748948,other,immune_core,-0.6378096213668843,-0.0491860989080104
374,974,0.0350219839753112,0.0350219839753112,other,other,0.029965491553802598,0.0050564924215086016
374,512,0.0350219839753112,0.0350219839753112,other,other,0.024699330195913943,0.010322653779397256
375,669,0.0486117966118571,0.0486117966118571,other,other,-0.0028857763229568623,0.05149757293481396
375,674,-0.0493002866361219,0.0493002866361219,other,other,-0.11053897830046147,0.061238691664339574
375,1333,-0.0797335337234262,0.0797335337234262,other,other,-0.08109637368455427,0.0013628399611280706
375,431,0.0050788144979807,0.0050788144979807,other,other,0.0037536390941567688,0.0013251754038239314
376,1313,-0.3456064459442412,0.3456064459442412,interface,other,0.10767746303549869,-0.4532839089797399
376,872,0.3034422234382586,0.3034422234382586,interface,other,-0.5123759924115907,0.8158182158498493
376,1517,-0.2901635954762211,0.2901635954762211,interface,other,0.21928161229329052,-0.5094452077695116
376,533,0.0377510450290924,0.0377510450290924,interface,interface,-0.1232790389805382,0.1610300840096306
377,1045,0.0572001438141146,0.0572001438141146,interface,tumor_core,0.1623172974791804,-0.1051171536650658
377,532,0.084956211822297,0.084956211822297,interface,tumor_core,0.0782128846787303,0.006743327143566694
377,763,-0.0630602700440509,0.0630602700440509,interface,interface,-0.08046329961369855,0.01740302956964765
377,379,0.1711318035032137,0.1711318035032137,interface,interface,0.2813395121145338,-0.1102077086113201
377,452,0.4379402529667907,0.4379402529667907,interface,interface,0.3999833715653472,0.03795688140144349
378,1545,0.0066387855510005,0.0066387855510005,other,other,0.05637022290815408,-0.049731437357153574
378,1407,0.1731581898104238,0.1731581898104238,other,other,0.152286348291872,0.020871841518551815
378,1410,-0.3735669029899934,0.3735669029899934,other,immune_core,-0.3392939458946143,-0.034272957095379086
379,457,-0.4353078065727543,0.4353078065727543,interface,interface,-0.21082661421981275,-0.22448119235294156
379,1045,-0.0358401524479126,0.0358401524479126,interface,tumor_core,-0.11902221463535342,0.08318206218744081
379,452,0.3707524079733021,0.3707524079733021,interface,interface,0.11864385945081338,0.25210854852248876
379,868,-0.2116612213587396,0.2116612213587396,interface,interface,0.3468160055047208,-0.5584772268634604
380,1574,-0.0173386876395439,0.0173386876395439,other,other,0.2611343382577531,-0.278473025897297
380,966,-0.0933076535524662,0.0933076535524662,other,other,-0.19517650793126864,0.10186885437880244
380,897,0.0505740240322888,0.0505740240322888,other,interface,0.11192008442392759,-0.06134606039163879
380,1346,0.143242715682433,0.143242715682433,other,other,-0.07697313346251666,0.22021584914494965
381,801,0.5072276663403946,0.5072276663403946,other,interface,0.4026269715905334,0.10460069474986122
381,1296,-0.0480050073935388,0.0480050073935388,other,other,-0.16625231451916364,0.11824730712562484
381,1021,-0.1532039398173614,0.1532039398173614,other,other,-0.17557332558011124,0.022369385762749827
381,1270,0.0673327083692425,0.0673327083692425,other,interface,0.2564131611890105,-0.18908045281976799
381,1546,0.1272382087995083,0.1272382087995083,other,other,0.18894705858088315,-0.061708849781374836
382,750,-0.2403208436911336,0.2403208436911336,interface,interface,-0.043054675745152426,-0.19726616794598117
382,638,-0.4185020746469501,0.4185020746469501,interface,interface,-0.7231053728986638,0.3046032982517137
382,1495,-0.7120516352766794,0.7120516352766794,interface,interface,-0.6010972023871406,-0.11095443288953877
382,1366,-0.075287609004687,0.075287609004687,interface,interface,0.18353660139140326,-0.25882421039609027
382,1501,-0.8060424454225663,0.8060424454225663,interface,interface,-0.708574511570423,-0.09746793385214336
383,993,-0.0147486841086997,0.0147486841086997,other,other,0.014625143826366038,-0.02937382793506574
383,840,-0.7271889229066401,0.7271889229066401,other,immune_core,-0.7547910987411965,0.027602175834556486
383,689,-0.0929043801797867,0.0929043801797867,other,other,-0.07483895116662331,-0.01806542901316338
383,443,0.0642033703715104,0.0642033703715104,other,other,0.06856446433351682,-0.004361093962006415
384,851,-0.1389707033109364,0.1389707033109364,interface,other,-0.11573963473353718,-0.023231068577399205
384,438,-0.0162507275670702,0.0162507275670702,interface,other,-0.2313771601042457,0.2151264325371755
384,1311,-0.0303803388086289,0.0303803388086289,interface,interface,0.05414423100119724,-0.08452456980982614
385,873,0.1750188406506684,0.1750188406506684,interface,interface,0.05143345906356378,0.12358538158710461
385,577,0.1283024532683684,0.1283024532683684,interface,interface,-0.1563104917639802,0.2846129450323486
385,819,-0.1030539024856287,0.1030539024856287,interface,immune_core,-0.04750378391419463,-0.055550118571434076
385,492,0.0403119011097373,0.0403119011097373,interface,other,0.041255610268782994,-0.0009437091590456942
385,902,0.2319595139009821,0.2319595139009821,interface,interface,0.022500672031250946,0.20945884186973115
385,665,-0.2858037193773603,0.2858037193773603,interface,interface,0.2753602028686365,-0.5611639222459968
386,687,-0.0406486875688793,0.0406486875688793,other,other,-0.07208521513838759,0.03143652756950829
386,911,-0.1116460398834656,0.1116460398834656,other,other,-0.1365563040129727,0.0249102641295071
386,410,0.1537030142783735,0.1537030142783735,other,other,0.26126659270174507,-0.10756357842337158
386,503,0.2888394681241847,0.2888394681241847,other,other,0.241014450331582,0.0478250177926027
386,472,0.034677692151074,0.034677692151074,other,other,0.09872921487322239,-0.0640515227221484
387,1463,-0.5100836611148394,0.5100836611148394,interface,interface,-0.5854446401326759,0.07536097901783656
387,1372,0.8970677499484699,0.8970677499484699,interface,interface,0.24096801807366947,0.6560997318748005
387,1277,0.1185072063748746,0.1185072063748746,interface,interface,0.12724074889497317,-0.008733542520098572
387,1000,-1.101454208339916,1.101454208339916,interface,interface,-0.33435720811479835,-0.7670970002251176
387,710,0.6094941709166521,0.6094941709166521,interface,interface,0.23412457634892336,0.3753695945677288
387,591,-1.0341648553533802,1.0341648553533802,interface,interface,-0.7031649091079984,-0.33099994624538176
388,1244,-0.1708129559809543,0.1708129559809543,tumor_core,other,-0.08044096529556344,-0.09037199068539087
388,1211,-0.0774829033024227,0.0774829033024227,tumor_core,other,-0.15516578382631685,0.07768288052389415
388,1148,-0.2759345427385159,0.2759345427385159,tumor_core,other,-0.2732114356047657,-0.0027231071337502355
388,617,-0.0353033234167919,0.0353033234167919,tumor_core,interface,-0.08512119613401359,0.04981787271722169
389,392,0.1374318210132196,0.1374318210132196,interface,interface,0.32002259047309034,-0.18259076945987074
389,1290,0.1253992932027378,0.1253992932027378,interface,interface,-0.06906123434351316,0.19446052754625096
389,525,0.406036299556076,0.406036299556076,interface,tumor_core,0.7052342719953407,-0.2991979724392647
389,487,0.599067552010816,0.599067552010816,interface,interface,0.280295901088254,0.318771650922562
389,1129,0.3607955588943179,0.3607955588943179,interface,interface,0.24273787390243562,0.1180576849918823
390,1225,0.4324770572097459,0.4324770572097459,interface,interface,-0.02359251586925057,0.4560695730789964
390,1119,-0.4256995688887906,0.4256995688887906,interface,interface,-0.23523586745204103,-0.1904637014367496
390,562,0.2060619122324001,0.2060619122324001,interface,interface,-0.2448696043919947,0.4509315166243948
390,1125,-0.2684911306920943,0.2684911306920943,interface,interface,-0.053118258321116524,-0.21537287237097777
390,1052,-0.3434745945507052,0.3434745945507052,interface,other,0.1027153865859256,-0.44618998113663083
390,601,-0.3330034386731812,0.3330034386731812,interface,interface,-0.27802872748711993,-0.05497471118606129
391,1557,-0.3030683392198472,0.3030683392198472,other,other,-0.3199385128909642,0.016870173671116984
391,1321,-0.0004732498973079,0.0004732498973079,other,other,-0.006255780870522976,0.0057825309732150755
391,1095,-0.1252359131423117,0.1252359131423117,other,other,-0.12411756049954312,-0.0011183526427685775
391,538,-0.1085294134831864,0.1085294134831864,other,other,-0.10163866254827969,-0.006890750934906709
391,620,-0.0020584550003029,0.0020584550003029,other,other,0.0030088064467204134,-0.005067261447023313
392,1280,0.1550133099698615,0.1550133099698615,interface,tumor_core,0.1673710367820329,-0.012357726812171399
392,525,0.2461422326996299,0.2461422326996299,interface,tumor_core,0.3852116815222503,-0.13906944882262043
392,1403,0.0468392837261647,0.0468392837261647,interface,interface,0.14722000421239934,-0.10038072048623464
392,1129,0.0507337975151948,0.0507337975151948,interface,interface,-0.07728471657065475,0.12801851408584955
392,1445,0.1046200786413549,0.1046200786413549,interface,tumor_core,0.16342171312536208,-0.05880163448400717
393,640,-0.2109661864579942,0.2109661864579942,interface,interface,-0.08342707037427044,-0.12753911608372376
393,486,-0.0560746132562479,0.0560746132562479,interface,interface,-0.1655452749452203,0.1094706616889724
393,1446,-0.5745217282193468,0.5745217282193468,interface,interface,-0.8012580956162016,0.22673636739685488
393,504,0.0897190736425637,0.0897190736425637,interface,interface,0.3860945786598696,-0.2963755050173059
394,1489,1.7623363071081677,1.7623363071081677,interface,interface,0.3358038906553167,1.426532416452851
394,582,-1.9414668827427408,1.9414668827427408,interface,interface,-1.070078986431285,-0.8713878963114559
394,1233,-1.1554347145833592,1.1554347145833592,interface,interface,-0.8674111513102795,-0.28802356327307976
394,1230,-0.4521657165661902,0.4521657165661902,interface,interface,-0.5509973815219429,0.09883166495575268
395,1049,0.0333551908239845,0.0333551908239845,other,other,0.031404317707775936,0.0019508731162085624
395,718,0.1182644041672299,0.1182644041672299,other,other,0.08889128875517027,0.029373115412059628
395,936,-0.0023385637623529,0.0023385637623529,other,other,0.022274274182984805,-0.024612837945337706
395,547,0.0304332470873043,0.0304332470873043,other,other,0.0005833884360334773,0.029849858651270822
395,960,-0.3650039350641264,0.3650039350641264,other,other,-0.3596080815157431,-0.005395853548383289
395,1183,-0.3733722323103888,0.3733722323103888,other,other,-0.34220695211729124,-0.031165280193097555
396,1516,0.7100235913871585,0.7100235913871585,interface,interface,0.004836883060045441,0.705186708327113
396,1367,0.8061442681510641,0.8061442681510641,interface,interface,0.41021333359528683,0.39593093455577727
396,751,-1.7426688830936148,1.7426688830936148,interface,interface,-1.3043796772226903,-0.43828920587092446
396,1523,-2.1874480411485613,2.1874480411485613,interface,interface,-1.315628924970789,-0.8718191161777722
396,1452,0.189109832006023,0.189109832006023,interface,interface,-0.12750396504825598,0.31661379705427894
397,1358,0.0394744019735035,0.0394744019735035,other,other,0.09565544019449143,-0.05618103822098793
397,1237,0.0230697464936168,0.0230697464936168,other,other,-0.036550612785812286,0.05962035927942909
397,941,0.0070047449738943,0.0070047449738943,other,other,0.005079082644862731,0.0019256623290315683
397,1127,0.0525156825118515,0.0525156825118515,other,other,0.066934129663688,-0.014418447151836503
397,746,0.0355501369560204,0.0355501369560204,other,other,0.02039570066391702,0.015154436292103377
398,926,-0.7831768979556897,0.7831768979556897,interface,interface,-0.15729188695002544,-0.6258850110056642
398,458,0.0166925485521829,0.0166925485521829,interface,immune_core,-0.26067067382857056,0.27736322238075345
398,1181,-0.3570536681903266,0.3570536681903266,interface,interface,-0.15451694397038565,-0.20253672421994093
399,1057,-0.3472828231442779,0.3472828231442779,immune_core,interface,-0.35572681692227687,0.008443993777998982
399,1103,-0.1729206436756159,0.1729206436756159,immune_core,immune_core,-0.19926181317554395,0.02634116949992804
399,476,-0.3674793442139469,0.3674793442139469,immune_core,immune_core,-0.19052700811881776,-0.17695233609512914
399,1415,-0.0462130165133908,0.0462130165133908,immune_core,immune_core,0.03137399544236899,-0.07758701195575979
399,1326,0.2141278241356049,0.2141278241356049,immune_core,other,-0.03191780720246798,0.2460456313380729
399,415,-0.3267220873683335,0.3267220873683335,immune_core,immune_core,-0.30043045395702417,-0.026291633411309356
400,1522,0.5126070327588289,0.5126070327588289,interface,interface,-0.06099478372225718,0.5736018164810861
400,841,-0.6847397308846385,0.6847397308846385,interface,interface,-0.5071786304713634,-0.1775611004132751
400,731,-0.1741921241921563,0.1741921241921563,interface,interface,-0.5947231411103393,0.420531016918183
401,1100,0.4052556934598277,0.4052556934598277,interface,tumor_core,0.239632667401524,0.1656230260583037
401,487,-0.3802486647701513,0.3802486647701513,interface,interface,-0.18780168665107771,-0.19244697811907358
401,525,0.6677307765549139,0.6677307765549139,interface,tumor_core,0.23713668425600898,0.4305940922989049
401,761,0.3086170557136219,0.3086170557136219,interface,interface,0.15556584235524895,0.15305121335837296
401,613,-0.7925995126762826,0.7925995126762826,interface,interface,-0.6189197418129272,-0.1736797708633554
401,509,-0.5744348378026857,0.5744348378026857,interface,interface,-0.19129285993522344,-0.38314197786746224
402,1301,-0.1027027898842442,0.1027027898842442,other,immune_core,-0.022083148330760305,-0.08061964155348389
402,1412,-0.1123159124157467,0.1123159124157467,other,immune_core,-0.12828159675655204,0.015965684340805336
402,930,-0.0319110765022064,0.0319110765022064,other,other,0.10274498635082746,-0.13465606285303386
402,480,-0.0689335922399763,0.0689335922399763,other,immune_core,-0.4057167922563605,0.3367832000163842
402,776,-0.0367502274351645,0.0367502274351645,other,other,-0.027454631470119728,-0.00929559596504477
403,1137,-0.1612954783780715,0.1612954783780715,other,other,-0.17308607690230154,0.011790598524230034
403,510,-0.0187197951938954,0.0187197951938954,other,other,0.14602085558356315,-0.16474065077745856
403,717,-0.0272984958607622,0.0272984958607622,other,other,0.07833905352500539,-0.1056375493857676
403,1028,-0.1865539001804816,0.1865539001804816,other,immune_core,-0.29958471958688176,0.11303081940640017
404,1216,0.0638977543902153,0.0638977543902153,other,other,0.08883591591073606,-0.024938161520520752
404,1247,0.0638977543902153,0.0638977543902153,other,other,0.10220297449950655,-0.038305220109291244
404,1470,0.0858106606559557,0.0858106606559557,other,other,0.06236684281416499,0.023443817841790712
404,1220,0.1100720164511982,0.1100720164511982,other,other,0.10440622489131121,0.005665791559886987
404,1081,0.0638977543902153,0.0638977543902153,other,other,0.02976411562452308,0.034133638765692226
405,408,0.4822208128070206,0.4822208128070206,other,tumor_core,0.46331389698696807,0.01890691582005255
405,972,0.0598541160386785,0.0598541160386785,other,other,0.071424884632173,-0.011570768593494506
405,1432,0.2205615776587778,0.2205615776587778,other,tumor_core,0.17937643431096417,0.04118514334781362
405,1505,0.153351890167366,0.153351890167366,other,other,0.15252783474449905,0.0008240554228669539
405,1065,-0.1092280118705948,0.1092280118705948,other,other,-0.08687559142903534,-0.022352420441559467
405,643,-0.0813029595325034,0.0813029595325034,other,other,-0.05431081771390622,-0.026992141818597173
406,584,-1.4469462028962456,1.4469462028962456,interface,interface,-1.5812959842318435,0.13434978133559783
406,1375,-0.5177002319421591,0.5177002319421591,interface,interface,-0.8951855082558401,0.377485276313681
406,1366,-0.5095514696149128,0.5095514696149128,interface,interface,-0.8236704961639485,0.3141190265490357
406,1022,0.2468710187192331,0.2468710187192331,interface,interface,0.6506309468814595,-0.4037599281622264
406,714,-0.8454759534031602,0.8454759534031602,interface,interface,-0.7206658566563393,-0.12481009674682086
407,1365,0.4146353230539907,0.4146353230539907,immune_core,other,0.42916675228085693,-0.014531429226866233
407,940,-0.3245941489371452,0.3245941489371452,immune_core,immune_core,-0.3503848260070078,0.0257906770698626
407,1347,0.1738929004593695,0.1738929004593695,immune_core,other,0.17131495226104523,0.0025779481983242702
407,1192,-0.3381549759977603,0.3381549759977603,immune_core,immune_core,-0.3739765778340009,0.03582160183624061
407,553,-0.1709944456473471,0.1709944456473471,immune_core,immune_core,-0.23082288490732822,0.05982843925998113
408,1142,-0.1400502460101577,0.1400502460101577,tumor_core,tumor_core,-0.08342155233245024,-0.05662869367770745
408,1432,-0.3268392848511628,0.3268392848511628,tumor_core,tumor_core,-0.2839374626760039,-0.04290182217515892
408,1255,0.1815770816712147,0.1815770816712147,tumor_core,tumor_core,0.14195073711857084,0.039626344552643855
408,1065,-0.4166646931963799,0.4166646931963799,tumor_core,other,-0.5501894884160035,0.13352479521962357
409,570,0.3566840571833595,0.3566840571833595,interface,interface,0.0996945281950433,0.2569895289883162
409,688,0.4773220784491351,0.4773220784491351,interface,interface,0.1349834350450002,0.3423386434041349
409,1336,-0.0627632721787929,0.0627632721787929,interface,interface,-0.4095581757101289,0.346794903531336
410,472,-0.1689545287339394,0.1689545287339394,other,other,-0.1625373778285227,-0.006417150905416696
410,687,-0.2758791121701183,0.2758791121701183,other,other,-0.3333518078401327,0.057472695670014395
410,1418,-0.2022312845139233,0.2022312845139233,other,other,-0.1980534058383168,-0.004177878675606511
410,580,-0.2466390115893301,0.2466390115893301,other,other,-0.1699827098064218,-0.0766563017829083
411,452,-0.6074448419616816,0.6074448419616816,interface,interface,-0.7042934014530495,0.09684855949136795
411,1381,0.2436372647386819,0.2436372647386819,interface,interface,0.1931112669685433,0.05052599777013861
411,594,0.6168281706490284,0.6168281706490284,interface,interface,0.5924618172840601,0.024366353364968285
412,914,-0.3554496333522052,0.3554496333522052,tumor_core,other,-0.2305617757179706,-0.1248878576342346
412,1005,0.277612190246123,0.277612190246123,tumor_core,tumor_core,0.36289761679983706,-0.08528542655371407
412,1253,0.0472694578446952,0.0472694578446952,tumor_core,tumor_core,0.12110286778519155,-0.07383340994049636
412,1292,0.0591250659974955,0.0591250659974955,tumor_core,tumor_core,0.05353789789303679,0.005587168104458709
412,1409,0.0751936049469053,0.0751936049469053,tumor_core,tumor_core,-0.017027594133852644,0.09222119908075795
412,1158,0.4526224666808482,0.4526224666808482,tumor_core,tumor_core,0.26642405043980283,0.18619841624104538
413,488,-0.1224132733751592,0.1224132733751592,other,other,-0.058955793649147936,-0.06345747972601126
413,1072,0.042017863426307,0.042017863426307,other,interface,0.06493074581060576,-0.022912882384298762
413,697,-0.0157103635303507,0.0157103635303507,other,interface,0.11414734190777193,-0.12985770543812264
413,1332,-0.093819329659651,0.093819329659651,other,other,-0.031195105022699066,-0.06262422463695193
413,1558,0.2746368216942712,0.2746368216942712,other,tumor_core,0.12011225996241937,0.15452456173185186
414,1175,-0.0498322625290282,0.0498322625290282,other,other,-0.00382094520675505,-0.04601131732227315
414,1333,-0.0350219839753112,0.0350219839753112,other,other,-0.09409204024076792,0.05907005626545672
414,939,-0.0045887368880068,0.0045887368880068,other,other,-0.032373178348735626,0.027784441460728827
414,506,-0.1501083553093367,0.1501083553093367,other,other,-0.24164004121515087,0.09153168590581418
414,1341,-0.0350219839753112,0.0350219839753112,other,other,0.08042192066759019,-0.11544390464290138
415,1326,0.3221073090707911,0.3221073090707911,immune_core,other,0.2685126467545562,0.05359466231623489
415,1057,-0.0895304076311078,0.0895304076311078,immune_core,interface,-0.0552963629652527,-0.0342340446658551
415,430,-0.2087819106378716,0.2087819106378716,immune_core,immune_core,-0.23670028543565258,0.027918374797780976
415,1275,-0.0836318742527899,0.0836318742527899,immune_core,interface,-0.29285918376497644,0.20922730951218654
416,661,-0.685198251276576,0.685198251276576,other,immune_core,-0.544664011812283,-0.140534239464293
416,589,0.1169156783542863,0.1169156783542863,other,other,0.04930721856351353,0.06760845979077278
416,1132,0.1169156783542863,0.1169156783542863,other,other,0.12833142809710604,-0.011415749742819739
416,1305,0.1388285846200267,0.1388285846200267,other,other,0.07922617773979326,0.05960240688023344
416,653,0.1511735631699945,0.1511735631699945,other,other,0.10867327342922647,0.04250028974076803
417,1529,0.0029089687543557,0.0029089687543557,tumor_core,tumor_core,0.04507916329705902,-0.04217019454270332
417,1429,-0.4004163106123411,0.4004163106123411,tumor_core,tumor_core,-0.41700371191198865,0.01658740129964753
417,1495,-0.3194109540682494,0.3194109540682494,tumor_core,interface,-0.24095850095393084,-0.07845245311431853
417,1268,-0.1519198027764903,0.1519198027764903,tumor_core,interface,-0.4148670987542847,0.26294729597779437
417,482,-0.3297793451183834,0.3297793451183834,tumor_core,interface,-0.3544899100678604,0.024710564949476987
418,740,-0.1550052769869526,0.1550052769869526,tumor_core,tumor_core,-0.09507126891940731,-0.059934008067545286
418,1350,-0.1075245481309352,0.1075245481309352,tumor_core,tumor_core,-0.08478370782025113,-0.022740840310684074
418,1571,-0.0853928988591187,0.0853928988591187,tumor_core,tumor_core,-0.10566527337003351,0.020272374510914806
418,471,-0.070303594077614,0.070303594077614,tumor_core,tumor_core,-0.11282480627695685,0.04252121219934285
419,1338,-0.0156078449072532,0.0156078449072532,other,immune_core,-0.002961642735024639,-0.012646202172228562
419,889,-0.0444765309554869,0.0444765309554869,other,immune_core,0.0744257109598723,-0.1189022419153592
419,524,-0.0109043363717492,0.0109043363717492,other,interface,-0.09189867187565504,0.08099433550390583
419,616,-0.0175256356232606,0.0175256356232606,other,other,0.10852847831680718,-0.12605411394006777
420,475,0.3526132999496922,0.3526132999496922,immune_core,immune_core,0.39447120237621824,-0.04185790242652604
420,1242,0.2373575912154169,0.2373575912154169,immune_core,other,0.3276705183970089,-0.09031292718159198
420,553,-0.02963888919586,0.02963888919586,immune_core,immune_core,-0.15827390603627717,0.12863501684041717
421,849,-0.0265246504658643,0.0265246504658643,immune_core,other,0.061726852610481,-0.0882515030763453
421,1014,-0.023309931534993,0.023309931534993,immune_core,interface,0.07366791923761878,-0.09697785077261178
421,598,0.0379754713242421,0.0379754713242421,immune_core,interface,0.21607677395405592,-0.17810130262981383
421,1294,0.0485006008892237,0.0485006008892237,immune_core,other,-0.19264103843595787,0.24114163932518157
421,949,-0.0534578587784828,0.0534578587784828,immune_core,interface,-0.07956898751237174,0.026111128733888933
422,521,0.0157108882578025,0.0157108882578025,other,other,0.010586936053783039,0.005123952204019462
422,1569,0.1078559823960213,0.1078559823960213,other,other,0.12971969588422647,-0.021863713488205164
422,596,0.0929428019042329,0.0929428019042329,other,other,0.1082792201444942,-0.015336418240261301
422,980,0.0167486477397419,0.0167486477397419,other,other,0.02223447982764981,-0.00548583208790791
422,1031,0.1079173610283438,0.1079173610283438,other,other,0.08764733500104283,0.020270026027300977
422,503,0.3385196470003967,0.3385196470003967,other,other,0.32122755063585073,0.017292096364545984
423,528,-0.0681383557608262,0.0681383557608262,interface,interface,-0.11504251355908629,0.046904157798260085
423,1530,0.4692535641191732,0.4692535641191732,interface,immune_core,0.2680454212739039,0.20120814284526928
423,835,-0.088540344685124,0.088540344685124,interface,interface,-0.057003594493925225,-0.03153675019119878
423,484,-1.23599870867681,1.23599870867681,interface,interface,-0.9999203074519722,-0.2360784012248378
424,1300,-0.2567848447981068,0.2567848447981068,interface,interface,-0.12528251098930004,-0.13150233380880677
424,442,0.2804995741078629,0.2804995741078629,interface,interface,0.17926957706017446,0.10122999704768845
424,1472,-0.0182148236153149,0.0182148236153149,interface,tumor_core,-0.05588714764557093,0.03767232403025603
424,1493,-0.3070805037464618,0.3070805037464618,interface,other,-0.28202952494463523,-0.02505097880182655
425,1383,0.0071645395358551,0.0071645395358551,tumor_core,tumor_core,-0.002884882343662909,0.01004942187951801
425,1046,0.0596759661501976,0.0596759661501976,tumor_core,tumor_core,0.052117948023209015,0.007558018126988586
425,1185,0.3141975525913109,0.3141975525913109,tumor_core,tumor_core,0.2547026807188933,0.05949487187241759
425,832,-0.2691644324381095,0.2691644324381095,tumor_core,interface,-0.21207822715510882,-0.05708620528300068
425,1077,-0.1715204380194821,0.1715204380194821,tumor_core,other,-0.12906138961961477,-0.04245904839986733
425,992,-0.0063793738825209,0.0063793738825209,tumor_core,interface,-0.028822932473363316,0.022443558590842416
426,1403,-0.0316769908829888,0.0316769908829888,interface,interface,-0.03763888006277716,0.005961889179788356
426,741,-0.2942421752691964,0.2942421752691964,interface,interface,-0.14699642838558158,-0.1472457468836148
426,508,0.6915094193832633,0.6915094193832633,interface,other,0.2088297828134223,0.482679636569841
426,1280,-0.0114670199709491,0.0114670199709491,interface,tumor_core,-0.017487847493143582,0.0060208275221944815
426,1486,-0.3682425033762901,0.3682425033762901,interface,other,-0.2706725853243622,-0.09756991805192788
427,636,0.0870871602488469,0.0870871602488469,interface,tumor_core,0.06143584070601804,0.025651319542828857
427,1079,0.3170485182796091,0.3170485182796091,interface,interface,0.055853217188948145,0.26119530109066097
427,1180,-0.1851263686054405,0.1851263686054405,interface,other,-0.05707587354029145,-0.12805049506514904
427,670,-0.0988147880386689,0.0988147880386689,interface,other,-0.09179336594478557,-0.007021422093883331
427,722,-0.223686201096407,0.223686201096407,interface,other,0.038851241303009626,-0.2625374423994166
427,549,0.455264322559949,0.455264322559949,interface,other,0.3445017306921545,0.11076259186779447
428,1134,0.0031442915999094,0.0031442915999094,other,other,0.05324006601789416,-0.05009577441798476
428,1379,0.0293250710955544,0.0293250710955544,other,other,-0.08918851199948041,0.11851358309503482
428,1208,0.0753335287306759,0.0753335287306759,other,other,-0.14071369465181754,0.21604722338249344
428,1328,-0.0464544966285817,0.0464544966285817,other,interface,0.0869996056167423,-0.133454102245324
428,969,-0.1050244299472819,0.1050244299472819,other,interface,-0.061420429334614945,-0.04360400061266695
428,782,-0.0002724757910449,0.0002724757910449,other,other,0.10713486417313961,-0.10740733996418451
429,865,-0.4550687480240061,0.4550687480240061,other,immune_core,-0.37410079487177605,-0.08096795315223004
429,735,0.0523188627156362,0.0523188627156362,other,other,0.07400301334618752,-0.02168415063055132
429,478,-0.2484851328899381,0.2484851328899381,other,immune_core,-0.255930879908621,0.007445747018682919
429,1322,-0.0177938897811143,0.0177938897811143,other,other,-0.010087328633491908,-0.007706561147622391
429,464,0.2970330100338587,0.2970330100338587,other,other,0.13030937113087782,0.16672363890298086
429,1579,-0.0095868320676858,0.0095868320676858,other,other,0.0542238743337936,-0.0638107064014794
430,1275,0.1090893503200649,0.1090893503200649,immune_core,interface,-0.05615889832932386,0.16524824864938875
430,445,0.0657117404835081,0.0657117404835081,immune_core,immune_core,-0.07381023878377319,0.13952197926728127
430,1326,0.0189579736185626,0.0189579736185626,immune_core,other,0.5052129321902088,-0.4862549585716462
431,1402,-0.0537073305230764,0.0537073305230764,other,other,-0.07288835627013165,0.019181025747055255
431,960,-0.364416670256222,0.364416670256222,other,other,-0.37077278608680736,0.006356115830585374
431,669,0.0435329821138764,0.0435329821138764,other,other,-0.006639415417113631,0.05017239753099003
432,458,-0.1899846271614687,0.1899846271614687,other,immune_core,-0.09893706303735193,-0.09104756412411676
432,516,0.1881508858324828,0.1881508858324828,other,other,-0.04311209565506942,0.2312629814875522
432,1235,0.0178895175899318,0.0178895175899318,other,other,-0.11643105572188352,0.13432057331181532
432,905,0.1648806645226446,0.1648806645226446,other,other,-0.0951872808411079,0.2600679453637525
432,616,0.0662139676157294,0.0662139676157294,other,other,-0.035249532382501045,0.10146349999823044
433,1204,0.042887429902689,0.042887429902689,interface,interface,-0.18980450437133511,0.23269193427402413
433,1533,-0.3847936105925015,0.3847936105925015,interface,immune_core,-0.20199898337579536,-0.18279462721670614
433,864,-0.4563924852014567,0.4563924852014567,interface,interface,-0.022708705237077687,-0.433683779964379
433,732,0.2910017777502595,0.2910017777502595,interface,interface,-0.42385868546322786,0.7148604632134874
434,1071,-0.2445327984405093,0.2445327984405093,interface,interface,-0.2106121617825259,-0.033920636657983394
434,915,-0.3305840009898488,0.3305840009898488,interface,interface,-0.2420172828951846,-0.08856671809466421
434,483,0.5067277863618267,0.5067277863618267,interface,interface,0.44137110890002346,0.06535667746180324
434,526,-1.0392361105327452,1.0392361105327452,interface,interface,-1.1135382355908603,0.07430212505811506
434,1228,-0.2112211064609892,0.2112211064609892,interface,interface,-0.18197124977964996,-0.029249856681339254
434,463,-0.3021327546583492,0.3021327546583492,interface,interface,-0.31421083232421854,0.012078077665869325
435,1347,-0.1230463779597377,0.1230463779597377,other,other,-0.06957330657547862,-0.05347307138425908
435,1254,-0.0606065036438408,0.0606065036438408,other,other,-0.027217233630275048,-0.03338927001356575
435,940,-0.1295336415005284,0.1295336415005284,other,immune_core,-0.5912730848435317,0.4617394433430033
435,1535,-0.4741481822688332,0.4741481822688332,other,immune_core,-0.21145536628338213,-0.2626928159854511
436,997,0.2706248167577599,0.2706248167577599,immune_core,other,0.24675132038179354,0.023873496375966363
436,1172,-0.078762061316837,0.078762061316837,immune_core,immune_core,-0.08671263276356111,0.00795057144672412
436,684,0.1584139068592078,0.1584139068592078,immune_core,other,0.14155337068996493,0.01686053616924288
436,1297,0.4022948454396097,0.4022948454396097,immune_core,other,0.28540809493464536,0.11688675050496433
437,850,0.3796016326793499,0.3796016326793499,immune_core,other,0.3164616529472787,0.0631399797320712
437,615,0.261305987323273,0.261305987323273,immune_core,other,0.2397833917509898,0.02152259557228317
437,1528,0.0575481544122966,0.0575481544122966,immune_core,immune_core,0.04507914902693888,0.012469005385357716
438,851,0.1772268881670694,0.1772268881670694,other,other,0.11563752537070851,0.0615893627963609
438,1541,-0.0582775255031733,0.0582775255031733,other,immune_core,-0.30886466346566593,0.25058713796249266
439,1490,-0.1233124562692103,0.1233124562692103,other,other,-0.11802665873197599,-0.0052857975372343075
439,1506,0.0,0.0,other,other,-0.013745091697156098,0.013745091697156098
439,691,-0.3321903032190139,0.3321903032190139,other,other,-0.32707044559355014,-0.005119857625463742
439,1210,-0.1307443418170376,0.1307443418170376,other,other,-0.20242174302335836,0.07167740120632077
440,1567,-0.1947236346852513,0.1947236346852513,tumor_core,tumor_core,-0.17749432786593877,-0.017229306819312534
440,1253,-0.2685453236543164,0.2685453236543164,tumor_core,tumor_core,-0.26621734975724526,-0.002327973897071123
440,1005,-0.1743437170645532,0.1743437170645532,tumor_core,tumor_core,-0.02442260074259972,-0.14992111632195348
440,781,-0.311979087768125,0.311979087768125,tumor_core,other,-0.3912521854385373,0.0792730976704123
441,778,0.8527078488531779,0.8527078488531779,interface,interface,0.562342580882393,0.2903652679707849
441,842,0.6331213832983943,0.6331213832983943,interface,interface,0.8118979519536825,-0.17877656865528824
441,465,0.1314032391766679,0.1314032391766679,interface,interface,0.5057663738411324,-0.3743631346644645
441,836,0.322365219990081,0.322365219990081,interface,interface,0.526332834278406,-0.20396761428832505
441,881,0.8395493754467731,0.8395493754467731,interface,interface,0.93309400998902,-0.09354463454224693
442,536,-0.1567344841894092,0.1567344841894092,interface,interface,-0.21360328553266061,0.056868801343251424
442,1187,-0.0954957737901375,0.0954957737901375,interface,interface,-0.34922810577722063,0.2537323319870831
442,1334,-0.1917723356562933,0.1917723356562933,interface,interface,-0.30467886262370164,0.11290652696740833
442,1300,-0.1220195221341223,0.1220195221341223,interface,interface,-0.3045520880494745,0.18253256591535216
443,1331,0.0304332470873043,0.0304332470873043,other,other,-0.0006041034323104322,0.03103735051961473
443,913,-0.5840247733590487,0.5840247733590487,other,immune_core,-0.5416029758236905,-0.04242179753535813
444,931,0.3653814592266736,0.3653814592266736,interface,interface,0.10720518126075385,0.25817627796591974
444,885,0.1266237266052186,0.1266237266052186,interface,other,0.688333514078034,-0.5617097874728154
444,1105,0.046321600988947,0.046321600988947,interface,other,0.06281387657402904,-0.01649227558508204
444,1288,0.456642822729171,0.456642822729171,interface,tumor_core,0.05461095041772532,0.40203187231144566
444,818,0.3679702297393384,0.3679702297393384,interface,interface,0.19240082903908345,0.17556940070025495
444,863,-0.0018377633908628,0.0018377633908628,interface,interface,0.2557378889359403,-0.2575756523268031
445,529,0.0130279933783033,0.0130279933783033,immune_core,interface,-0.25181931126729606,0.26484730464559936
445,1275,-0.0602335279988301,0.0602335279988301,immune_core,interface,0.017651340454449327,-0.07788486845327942
445,1464,-0.1868608947526391,0.1868608947526391,immune_core,immune_core,-0.24187044080544273,0.05500954605280364
446,673,-0.0001859747158624,0.0001859747158624,immune_core,immune_core,-0.3790819938515264,0.378896019135664
446,944,-1.220835475036211,1.220835475036211,immune_core,immune_core,-1.044999469236518,-0.17583600579969283
446,1282,0.6972619517659928,0.6972619517659928,immune_core,interface,0.47017556300639307,0.22708638875959974
446,1078,-0.2306424785304375,0.2306424785304375,immune_core,immune_core,-0.5791640349022316,0.34852155637179405
446,1215,0.0391914211595656,0.0391914211595656,immune_core,immune_core,-0.12144781923126435,0.16063924039082994
447,1190,-0.1104676765765164,0.1104676765765164,interface,interface,0.3615255006813659,-0.4719931772578823
447,1379,0.0366559385238381,0.0366559385238381,interface,other,0.4300635712809328,-0.3934076327570947
447,1208,0.0792530648854057,0.0792530648854057,interface,other,0.3785383886285957,-0.29928532374318995
447,766,-0.254292552083959,0.254292552083959,interface,interface,-0.6019256962124613,0.34763314412850227
447,917,0.3090404919195886,0.3090404919195886,interface,interface,-0.5080126061995274,0.817053098119116
448,1573,0.4055500874843097,0.4055500874843097,interface,interface,0.33198917201460476,0.07356091546970495
448,1419,-0.0590283911681085,0.0590283911681085,interface,interface,-0.21362350062947172,0.15459510946136323
448,1375,-0.0548483906041779,0.0548483906041779,interface,interface,0.06376109380986743,-0.11860948441404533
449,610,0.0228822098767362,0.0228822098767362,interface,interface,-0.0076487223157863105,0.030530932192522512
449,505,-0.0149942694097749,0.0149942694097749,interface,interface,0.039907094701900625,-0.054901364111675524
449,1037,0.0484131333557572,0.0484131333557572,interface,other,-0.08912449225760027,0.13753762561335747
450,1431,-0.0803267604029277,0.0803267604029277,other,other,-0.05541673957771889,-0.02491002082520881
450,679,-0.0420055718295954,0.0420055718295954,other,other,-0.15572303038994692,0.11371745856035152
450,462,0.0931515498639186,0.0931515498639186,other,other,0.05088353744801649,0.04226801241590211
450,1097,0.0537446163103,0.0537446163103,other,other,0.16120372240307063,-0.10745910609277062
450,685,0.205728950024454,0.205728950024454,other,other,0.28640989330319033,-0.08068094327873634
451,724,-0.1218073932965995,0.1218073932965995,other,interface,0.14462960208443237,-0.2664369953810319
451,767,0.0560928780659941,0.0560928780659941,other,interface,0.015312877978966785,0.04078000008702731
451,1401,-0.0584388072012417,0.0584388072012417,other,other,-0.1489149710658672,0.09047616386462551
451,1094,-0.0001131028199091,0.0001131028199091,other,other,0.06829280336618285,-0.06840590618609195
452,594,1.7302317589663616,1.7302317589663616,interface,interface,1.2967552187371096,0.43347654022925197
453,589,-0.08325753938387,0.08325753938387,other,other,-0.15278833606433773,0.06953079668046773
453,680,0.0119923465313052,0.0119923465313052,other,other,0.14324345534373134,-0.13125110881242613
453,772,0.3075079146172532,0.3075079146172532,other,other,0.1124931201843355,0.1950147944329177
453,1342,0.0426734056249288,0.0426734056249288,other,other,0.14476063569527592,-0.10208723007034712
454,1508,-1.0580424371857875,1.0580424371857875,interface,interface,-0.6910243647559116,-0.36701807242987594
454,1361,-0.8853257037992621,0.8853257037992621,interface,interface,-0.6458472964802963,-0.23947840731896586
454,610,-0.2896808071866015,0.2896808071866015,interface,interface,-0.41798725284203353,0.12830644565543203
454,545,-0.3988396469710833,0.3988396469710833,interface,interface,-0.7156436776852919,0.3168040307142086
454,1033,-0.9633052688576732,0.9633052688576732,interface,interface,-1.199999515238656,0.2366942463809828
455,1139,-0.0499384616388096,0.0499384616388096,tumor_core,tumor_core,-0.03143000812771533,-0.018508453511094272
455,1461,0.0339677847233254,0.0339677847233254,tumor_core,tumor_core,-0.01246528997365217,0.04643307469697757
455,544,0.0643901193069971,0.0643901193069971,tumor_core,tumor_core,0.015426503803687305,0.0489636155033098
455,1319,-0.2156936434040058,0.2156936434040058,tumor_core,other,-0.1705282852768782,-0.0451653581271276
456,1455,-0.0615382647856349,0.0615382647856349,other,other,-0.024097088011721057,-0.03744117677391384
456,1122,0.0736613658756686,0.0736613658756686,other,other,0.04695150415692262,0.02670986171874598
456,1007,-0.3076712947858035,0.3076712947858035,other,other,-0.3057881565042309,-0.001883138281572605
456,522,-0.4789456800830067,0.4789456800830067,other,other,-0.48833965597751694,0.009393975894510243
456,747,-0.231525995459746,0.231525995459746,other,other,-0.22671950097732613,-0.004806494482419876
457,1513,0.286604443440788,0.286604443440788,interface,interface,0.0344364726375225,0.2521679708032655
457,1039,0.0359933169972128,0.0359933169972128,interface,interface,-0.04188855358106074,0.07788187057827355
457,1045,0.2149072300591744,0.2149072300591744,interface,tumor_core,0.09180439958445934,0.12310283047471506
457,519,0.5930831060186289,0.5930831060186289,interface,interface,0.6308259748338313,-0.03774286881520239
457,868,-0.0822483778298765,0.0822483778298765,interface,interface,0.5576426197245336,-0.63989099755441
458,493,-0.0361246318065507,0.0361246318065507,immune_core,other,-0.020600267654025672,-0.015524364152525026
458,1235,0.0938080086213707,0.0938080086213707,immune_core,other,-0.017493992684531584,0.11130200130590229
459,1360,-0.131418100268629,0.131418100268629,other,other,-0.16908195352505642,0.03766385325642743
459,1076,-0.2091098151109924,0.2091098151109924,other,other,-0.19211519395460822,-0.01699462115638417
459,1104,-0.146896450475885,0.146896450475885,other,other,-0.06449571416033767,-0.08240073631554734
460,1042,-0.3564775553513778,0.3564775553513778,other,interface,0.013245555330992574,-0.3697231106823704
460,1577,-0.0971440899233105,0.0971440899233105,other,interface,-0.04968833045051341,-0.04745575947279709
460,1548,-0.1729285081345329,0.1729285081345329,other,interface,-0.009007767443827332,-0.16392074069070556
460,1195,0.2337696737446448,0.2337696737446448,other,other,-0.3580095303532576,0.5917792040979024
460,1497,-0.0421905320160224,0.0421905320160224,other,other,-0.031510957579550095,-0.010679574436472307
461,491,0.1628217853130798,0.1628217853130798,immune_core,immune_core,0.09603389974329962,0.06678788556978019
461,639,0.1367992875006711,0.1367992875006711,immune_core,immune_core,-0.017704805609036367,0.15450409310970747
461,876,0.1829876461825829,0.1829876461825829,immune_core,other,0.3133230772983772,-0.13033543111579432
462,1177,0.2646111225127916,0.2646111225127916,other,other,0.24308318706492946,0.021527935447862162
462,685,0.1649974661383395,0.1649974661383395,other,other,0.2355263558551738,-0.07052888971683433
463,502,-0.4702820528127233,0.4702820528127233,interface,interface,-0.7447331863125709,0.2744511334998476
463,531,-0.0317855342983706,0.0317855342983706,interface,other,0.18872592568363672,-0.22051145998200733
463,1228,-0.1567090753351788,0.1567090753351788,interface,interface,0.13223958254456858,-0.2889486578797474
463,526,-0.4760467284514961,0.4760467284514961,interface,interface,-0.7993274032666419,0.3232806748151458
464,478,-0.3801387460487928,0.3801387460487928,other,immune_core,-0.38624025103949877,0.006101504990705997
464,1097,-0.1124946793108832,0.1124946793108832,other,other,-0.18047046650818616,0.06797578719730296
464,865,-0.6665734466267534,0.6665734466267534,other,immune_core,-0.5044101660026539,-0.16216328062409957
464,685,0.2527699663175079,0.2527699663175079,other,other,-0.05526429560806648,0.30803426192557437
465,1439,-0.2017325100922685,0.2017325100922685,interface,interface,-0.38242558068345617,0.18069307059118767
465,927,0.4193109948581108,0.4193109948581108,interface,interface,0.9080482923912678,-0.48873729753315703
465,881,0.2512644454436111,0.2512644454436111,interface,interface,0.4273276361478876,-0.1760631907042765
465,1380,-0.1555863584470093,0.1555863584470093,interface,interface,-0.16459119570757602,0.009004837260566723
465,836,0.1213062669816883,0.1213062669816883,interface,interface,0.02056646043727367,0.10073980654441463
466,961,-0.0235032238166072,0.0235032238166072,other,other,-0.04678918398283344,0.02328596016622624
466,884,0.1025816385026708,0.1025816385026708,other,other,0.0467692756831431,0.0558123628195277
466,1047,0.0490139894965809,0.0490139894965809,other,other,0.05288068190055212,-0.0038666924039712156
466,605,0.0937788897713625,0.0937788897713625,other,immune_core,0.16544332572320314,-0.07166443595184063
467,1102,0.0570474830771339,0.0570474830771339,interface,interface,0.14000897819356117,-0.08296149511642728
467,787,0.5774429664794068,0.5774429664794068,interface,interface,0.6126109088440647,-0.03516794236465781
467,1027,1.453322799493035,1.453322799493035,interface,interface,1.2601711037452292,0.19315169574780566
467,1048,-0.4907356984701863,0.4907356984701863,interface,interface,-0.2009859640667444,-0.28974973440344187
467,1377,1.8885543556200268,1.8885543556200268,interface,interface,1.6236293200023553,0.26492503561767156
467,1008,0.3226226144623115,0.3226226144623115,interface,interface,0.3728188581883052,-0.05019624372599368
468,606,-0.5121753585288508,0.5121753585288508,other,immune_core,-0.40597525852043237,-0.1062001000084184
468,623,-0.0307250821563198,0.0307250821563198,other,other,0.016842197234579637,-0.04756727939089944
468,824,-0.4053153181636887,0.4053153181636887,other,immune_core,-0.579080083844264,0.1737647656805753
468,745,0.072644402760867,0.072644402760867,other,other,0.09835641036647019,-0.025712007605603188
468,694,0.2181366645322961,0.2181366645322961,other,other,0.24581260263281618,-0.027675938100520076
469,1440,0.034880325971975,0.034880325971975,other,other,0.10796919554380366,-0.07308886957182867
469,641,0.0830614390233906,0.0830614390233906,other,other,0.07327832763083308,0.009783111392557511
469,1427,-0.0187260498446442,0.0187260498446442,other,other,-0.02871771442786547,0.00999166458322127
470,784,-0.2827054908332954,0.2827054908332954,interface,interface,-0.21618692816853935,-0.06651856266475603
470,1117,-0.2878321544972914,0.2878321544972914,interface,interface,-0.19666426706575657,-0.09116788743153481
470,654,-0.2378469963127195,0.2378469963127195,interface,interface,-0.14294348498578796,-0.09490351132693153
471,762,0.1335318064772968,0.1335318064772968,tumor_core,interface,0.005699887704974926,0.12783191877232186
471,666,-0.3000495154955345,0.3000495154955345,tumor_core,other,-0.3373731007844311,0.03732358528889662
471,740,-0.0847016829093386,0.0847016829093386,tumor_core,tumor_core,0.01775353735754953,-0.10245522026688814
472,911,-0.193157448528857,0.193157448528857,other,other,-0.2352855188861951,0.04212807035733809
472,806,-0.2082719015125698,0.2082719015125698,other,other,-0.21468482661057892,0.006412925098009115
473,1572,-0.1543253433494245,0.1543253433494245,interface,other,-0.056748940858786234,-0.09757640249063826
473,1258,0.5575247671537994,0.5575247671537994,interface,interface,0.43731527048108887,0.12020949667271053
473,1481,0.2042851014938938,0.2042851014938938,interface,interface,0.17912472944151442,0.025160372052379393
473,1197,0.1125876230219779,0.1125876230219779,interface,other,-0.007420999670147865,0.12000862269212577
474,780,-1.3608415832359904,1.3608415832359904,interface,interface,-0.7888590764819398,-0.5719825067540506
474,1144,-2.2961850391657785,2.2961850391657785,interface,interface,-1.8029340335834867,-0.49325100558229185
474,1000,-1.177280397702584,1.177280397702584,interface,interface,-1.2131625665231622,0.03588216882057815
474,982,-1.687061998408114,1.687061998408114,interface,interface,-1.1761123170398786,-0.5109496813682355
474,591,-1.027254715926213,1.027254715926213,interface,interface,-1.5819702675163623,0.5547155515901492
474,1562,-0.1629907920362784,0.1629907920362784,interface,interface,-1.148575202994538,0.9855844109582595
475,1370,-0.1006869689267113,0.1006869689267113,immune_core,immune_core,-0.18647941696470094,0.08579244803798963
475,553,-0.7034888525550863,0.7034888525550863,immune_core,immune_core,-0.5527451084124955,-0.15074374414259084
475,1192,-1.008760407281025,1.008760407281025,immune_core,immune_core,-0.695898801339168,-0.31286160594185697
475,918,0.2317760922844384,0.2317760922844384,immune_core,other,0.09267797694234953,0.13909811534208888
476,1415,0.2705032426698479,0.2705032426698479,immune_core,immune_core,0.22190100356118675,0.04860223910866113
476,662,0.6309657982169617,0.6309657982169617,immune_core,other,0.507593306198399,0.12337249201856271
476,671,0.5384539726452456,0.5384539726452456,immune_core,other,0.5901213059076273,-0.05166733326238171
476,1057,-0.1520306994628229,0.1520306994628229,immune_core,interface,-0.1651998088034591,0.013169109340636198
477,684,0.026058078044075,0.026058078044075,other,other,0.13793609068707718,-0.11187801264300218
477,1507,0.0157743047082057,0.0157743047082057,other,other,-0.05472897717595071,0.07050328188415642
477,1354,0.0039836727992259,0.0039836727992259,other,interface,0.1483054403134538,-0.1443217675142279
477,867,0.1150569430675512,0.1150569430675512,other,other,0.13955830082543685,-0.02450135775788566
478,1097,0.3373802653213023,0.3373802653213023,immune_core,other,0.20576978453131262,0.13161048078998966
478,735,0.2677713493559801,0.2677713493559801,immune_core,other,0.3299338932548085,-0.06216254389882836
478,1093,0.1369117860601519,0.1369117860601519,immune_core,other,0.24188585226636322,-0.10497406620621133
478,826,0.0687549894730817,0.0687549894730817,immune_core,immune_core,0.019681337627982576,0.049073651845099125
479,1136,-0.4639542062826476,0.4639542062826476,interface,interface,-0.10815331181516097,-0.35580089446748664
479,1363,-0.1042799835114603,0.1042799835114603,interface,interface,0.2163070689640717,-0.320587052475532
479,1524,0.9854241797487192,0.9854241797487192,interface,interface,0.31625631597297177,0.6691678637757474
479,757,0.4943574213202985,0.4943574213202985,interface,interface,-0.26060607128679747,0.7549634926070959
480,1412,0.4997826687759471,0.4997826687759471,immune_core,immune_core,0.27743519549980844,0.22234747327613869
480,776,0.2413368825619165,0.2413368825619165,immune_core,other,0.37826216078624075,-0.13692527822432426
480,1178,0.5565114932704167,0.5565114932704167,immune_core,other,0.43800647478274546,0.11850501848767125
480,1301,0.3103414720897407,0.3103414720897407,immune_core,immune_core,0.3836336439256002,-0.07329217183585945
481,1251,0.2113050648179062,0.2113050648179062,interface,interface,0.4477752749018177,-0.23647021008391148
481,500,0.16782342684357,0.16782342684357,interface,other,0.1238406555074859,0.043982771336084095
481,609,-0.1186084114232334,0.1186084114232334,interface,immune_core,-0.09971872050391473,-0.018889690919318677
481,566,-0.2881824065903091,0.2881824065903091,interface,interface,-0.1391709897594965,-0.1490114168308126
481,1302,0.3798607480209184,0.3798607480209184,interface,interface,0.434130775210776,-0.05427002718985757
481,1265,0.3518516519838795,0.3518516519838795,interface,interface,-0.06280696249302854,0.41465861447690805
482,607,0.1442513781461169,0.1442513781461169,interface,interface,0.09122081734962229,0.053030560796494625
482,768,1.1601449538405042,1.1601449538405042,interface,interface,1.004881541576637,0.1552634122638672
482,1429,-0.1002680354308396,0.1002680354308396,interface,tumor_core,-0.06251380184412825,-0.03775423358671136
482,1529,0.3339085794376846,0.3339085794376846,interface,tumor_core,0.3995690733649194,-0.06566049392723483
483,915,-0.5332041319526084,0.5332041319526084,interface,interface,-0.683388391795208,0.15018425984259964
483,768,-1.0064183176479662,1.0064183176479662,interface,interface,-0.4676299735437597,-0.5387883441042065
483,652,-0.3792556135174952,0.3792556135174952,interface,interface,-0.7588587515387065,0.3796031380212113
483,607,-1.1922131713411734,1.1922131713411734,interface,interface,-1.3812906977707744,0.18907752642960096
483,526,-1.669630019837596,1.669630019837596,interface,interface,-1.5549093444908837,-0.11472067534671226
484,714,1.6290955380748708,1.6290955380748708,interface,interface,1.0895828868841244,0.5395126511907464
484,528,0.993027946930566,0.993027946930566,interface,interface,0.884877793892886,0.10815015303767994
485,771,0.2540170151104695,0.2540170151104695,interface,interface,0.5420789959164435,-0.288061980805974
485,1245,0.168269173182895,0.168269173182895,interface,interface,0.17789816674094777,-0.009628993558052773
485,935,-0.0080290223089892,0.0080290223089892,interface,interface,0.10125653239299298,-0.10928555470198219
485,1523,0.1210174284737,0.1210174284737,interface,interface,-0.6501409346136927,0.7711583630873927
486,640,-0.063165299968411,0.063165299968411,interface,interface,0.08211820457094987,-0.14528350453936087
486,504,0.1245269721659728,0.1245269721659728,interface,interface,0.5516398536050899,-0.42711288143911713
486,646,-0.0715953982125623,0.0715953982125623,interface,interface,-0.2898204518171687,0.2182250536046064
487,525,0.564961675081709,0.564961675081709,interface,tumor_core,0.4249383709070867,0.14002330417462233
487,1290,-0.3553679133236519,0.3553679133236519,interface,interface,-0.34935713543176716,-0.006010777891884755
487,1100,0.4499027276663591,0.4499027276663591,interface,tumor_core,0.4274343540526017,0.022468373613757364
488,1178,-0.0501480755918766,0.0501480755918766,other,other,0.08662331477124985,-0.13677139036312644
488,1332,0.1319697449044193,0.1319697449044193,other,other,0.02776068862644887,0.10420905627797042
488,776,-0.0305460062092869,0.0305460062092869,other,other,0.026879000774745143,-0.057425006984032044
489,1020,-0.0447946893757412,0.0447946893757412,other,other,-0.14480591042480018,0.10001122104905898
489,919,-0.3754943895284798,0.3754943895284798,other,immune_core,-0.4576420465733997,0.08214765704491989
489,1091,-0.1032617528558818,0.1032617528558818,other,other,0.05336974843866481,-0.15663150129454662
489,1029,-0.1746513275890067,0.1746513275890067,other,other,-0.14539314927464708,-0.029258178314359617
489,709,0.1429528772737378,0.1429528772737378,other,other,0.05545072055455649,0.0875021567191813
490,617,-0.2061976707512785,0.2061976707512785,interface,interface,-0.07501330380613314,-0.13118436694514538
490,1439,-0.1661838036285714,0.1661838036285714,interface,interface,-0.12361724137057117,-0.042566562258000235
490,716,-0.2603785147080147,0.2603785147080147,interface,other,-0.1341624092169561,-0.1262161054910586
490,769,0.6679428629516988,0.6679428629516988,interface,interface,0.5373224788461778,0.13062038410552101
490,1153,-0.1700364441654851,0.1700364441654851,interface,other,-0.07358296526251917,-0.09645347890296593
491,639,-0.3813438871944515,0.3813438871944515,immune_core,immune_core,-0.11373870535233599,-0.2676051818421155
491,1304,-0.3550257834969414,0.3550257834969414,immune_core,interface,-0.20999346532759094,-0.14503231816935047
491,1032,-0.3598128386435303,0.3598128386435303,immune_core,interface,-0.4078050738661802,0.04799223522264989
492,665,-0.1114201805993269,0.1114201805993269,other,interface,0.2341045925998535,-0.3455247731991804
492,873,0.072307298103493,0.072307298103493,other,interface,0.010177848794780786,0.06212944930871221
492,995,0.0597384716167243,0.0597384716167243,other,interface,-0.0843557393446297,0.144094210961354
492,819,-0.0194790233510872,0.0194790233510872,other,immune_core,-0.08875939418297762,0.06928037083189043
492,1480,0.0117029752943489,0.0117029752943489,other,other,-0.05737343490092628,0.06907641019527518
493,1235,-0.1210229448222005,0.1210229448222005,other,other,0.0031062749694940883,-0.12412921979169458
493,1516,0.2495934162179068,0.2495934162179068,other,interface,0.34559917158056697,-0.09600575536266018
493,935,-0.0130250118570799,0.0130250118570799,other,interface,-0.2234691694435818,0.2104441575865019
493,612,-0.048355985474159,0.048355985474159,other,other,-0.015261152807383854,-0.03309483266677515
494,628,0.1052203868725989,0.1052203868725989,other,other,0.18807988165728362,-0.08285949478468473
494,1504,0.3926781633633314,0.3926781633633314,other,other,0.17749917187317305,0.21517899149015834
494,828,0.1921379904906243,0.1921379904906243,other,other,0.2523689994354351,-0.060231008944810815
495,928,0.0950027720885459,0.0950027720885459,other,other,0.08174018067805158,0.013262591410494323
495,1414,0.1997908125728815,0.1997908125728815,other,other,0.20507126687057994,-0.005280454297698439
495,1467,0.0672974759035734,0.0672974759035734,other,other,0.07843845334065899,-0.011140977437085586
495,965,0.1514386180978246,0.1514386180978246,other,other,0.15063757988374452,0.0008010382140800909
496,602,0.0877543788557091,0.0877543788557091,other,other,0.07817658168201984,0.009577797173689256
496,1349,-0.0654552310626155,0.0654552310626155,other,other,-0.07930047607546409,0.01384524501284859
496,967,-0.0958884781499199,0.0958884781499199,other,other,-0.11440891764273378,0.018520439492813887
496,1402,-0.0647834604515892,0.0647834604515892,other,other,-0.009485566955267075,-0.05529789349632212
497,1568,0.5180225697989628,0.5180225697989628,interface,interface,0.25402808514767783,0.26399448465128494
497,600,0.2265918123504106,0.2265918123504106,interface,interface,0.3420446348166061,-0.11545282246619548
497,932,0.0214392435506703,0.0214392435506703,interface,immune_core,0.15547266537240412,-0.1340334218217338
497,1483,0.0152247757760081,0.0152247757760081,interface,interface,0.0689429946997947,-0.0537182189237866
497,530,0.4325767487939079,0.4325767487939079,interface,interface,0.492821466341396,-0.060244717547488114
498,1066,-0.079943964131532,0.079943964131532,other,other,-0.07283758933492024,-0.007106374796611761
498,837,-0.1244942584805003,0.1244942584805003,other,other,-0.07154774022096133,-0.05294651825953897
498,1437,-0.1940960908056269,0.1940960908056269,other,other,-0.14670277176370355,-0.04739331904192334
498,664,0.0858766043891875,0.0858766043891875,other,other,-0.02248647595694442,0.10836308034613192
499,1167,-0.0112324756801991,0.0112324756801991,other,other,0.013998962771556434,-0.025231438451755534
499,847,-0.0472359497146476,0.0472359497146476,other,other,0.023248215031501707,-0.0704841647461493
499,1471,-0.0073491481387776,0.0073491481387776,other,other,-0.09723223813067594,0.08988308999189834
500,609,0.018948370756459,0.018948370756459,other,immune_core,-0.22355937601140063,0.24250774676785963
500,1059,-0.0655756465580153,0.0655756465580153,other,interface,-0.019221415989453136,-0.046354230568562166
500,1400,0.333851736109897,0.333851736109897,other,interface,0.204914240084917,0.12893749602498
500,1094,-0.1706287772066366,0.1706287772066366,other,other,0.07003770521561471,-0.2406664824222513
500,1251,0.2834927778768265,0.2834927778768265,other,interface,0.32393461939433177,-0.040441841517505295
501,1301,0.1424540632307603,0.1424540632307603,other,immune_core,-0.08506111758741058,0.22751518081817088
501,1581,-0.1504456352341059,0.1504456352341059,other,other,0.0076233246819404354,-0.15806895991604633
501,1540,-0.0825043089930759,0.0825043089930759,other,interface,-0.10386584657024728,0.02136153757717138
501,776,-0.0463510199698953,0.0463510199698953,other,other,-0.09043260072677001,0.044081580756874704
501,1332,-0.2543523497309488,0.2543523497309488,other,other,-0.08955091287506628,-0.1648014368558825
502,698,0.8241136914009953,0.8241136914009953,interface,interface,0.4401111443176673,0.38400254708332804
502,526,0.0313038891556572,0.0313038891556572,interface,interface,-0.05459421695407096,0.08589810610972816
502,632,0.011831657159073,0.011831657159073,interface,interface,-0.13848232056915444,0.15031397772822744
503,1031,-0.3273362327867309,0.3273362327867309,other,other,-0.2335802156348079,-0.093756017151923
503,687,-0.4677031330274256,0.4677031330274256,other,other,-0.3130996654699696,-0.15460346755745602
503,596,0.0500619657249763,0.0500619657249763,other,other,-0.21294833049135653,0.2630102962163328
504,646,-0.6266473108024944,0.6266473108024944,interface,interface,-0.8414603054222587,0.21481299461976433
504,700,1.3652252598964567,1.3652252598964567,interface,interface,2.327821564088132,-0.9625963041916752
504,527,-0.6752336092394392,0.6752336092394392,interface,interface,-0.6593866614465289,-0.015846947792910293
504,1087,0.0415726526216869,0.0415726526216869,interface,interface,0.1471448346946176,-0.10557218207293069
504,640,-0.3674362966239427,0.3674362966239427,interface,interface,-0.46952164903414007,0.10208535241019734
505,778,-0.0342820616741774,0.0342820616741774,interface,interface,-0.22517293602788768,0.19089087435371027
505,610,-0.0395234669122131,0.0395234669122131,interface,interface,-0.047555817017686935,0.008032350105473839
505,1067,-0.0628977505225132,0.0628977505225132,interface,interface,-0.20413119164319565,0.14123344112068245
506,806,-0.065015679188299,0.065015679188299,other,other,-0.04979597389187772,-0.015219705296421276
506,939,0.1468756755442827,0.1468756755442827,other,other,0.20926686286641522,-0.0623911873221325
506,1073,0.1939341678408174,0.1939341678408174,other,other,0.11705072554170015,0.07688344229911726
506,1333,0.1254360191758503,0.1254360191758503,other,other,0.14754800097438295,-0.02211198179853266
507,1436,-0.0049005753350942,0.0049005753350942,other,tumor_core,0.11159114419364062,-0.11649171952873483
507,612,-0.0774405616620504,0.0774405616620504,other,other,-0.27079187102055496,0.19335130935850456
507,1583,0.1494417671347056,0.1494417671347056,other,tumor_core,0.09215283507175479,0.057288932062950826
507,1534,-0.2577523864704005,0.2577523864704005,other,interface,-0.21374990955911277,-0.044002476911287725
507,905,-0.3425172135885706,0.3425172135885706,other,other,-0.2311806683629014,-0.11133654522566921
507,1235,-0.2312339722472203,0.2312339722472203,other,other,-0.252424443243677,0.02119047099645671
508,761,-0.2938767803546262,0.2938767803546262,other,interface,-0.09004782746710849,-0.20382895288751773
508,1480,0.027784794132766,0.027784794132766,other,other,-0.07537851209116864,0.10316330622393463
508,1403,-0.209211413840376,0.209211413840376,other,interface,-0.24646866287619945,0.03725724903582345
508,995,-0.1025564065546556,0.1025564065546556,other,interface,-0.10236081653487206,-0.0001955900197835453
509,995,-0.1174943496849207,0.1174943496849207,interface,interface,0.3345457132227088,-0.45204006290762955
509,613,0.0680369938224402,0.0680369938224402,interface,interface,-0.42762688187770376,0.495663875700144
509,665,0.1074926604833358,0.1074926604833358,interface,interface,0.653006045167192,-0.5455133846838561
509,682,0.9128811896315396,0.9128811896315396,interface,interface,0.6692989594497223,0.24358223018181735
509,761,0.2220238622910847,0.2220238622910847,interface,interface,0.3468587022904724,-0.12483483999938769
510,1517,0.0584679799634207,0.0584679799634207,other,other,-0.05110462136314367,0.10957260132656438
510,1137,-0.4084449206523424,0.4084449206523424,other,other,-0.3191069324858647,-0.0893379881664777
510,717,-0.0424165457660514,0.0424165457660514,other,other,-0.06768180205855776,0.025265256292506352
510,1313,-0.2465135517210893,0.2465135517210893,other,other,-0.16270877062093553,-0.08380478110015377
511,1016,-0.0430402895615312,0.0430402895615312,other,other,-0.09242182574163194,0.04938153618010074
511,874,0.4784096334492941,0.4784096334492941,other,tumor_core,0.5206433781764771,-0.042233744727183
511,635,-0.1154579881064129,0.1154579881064129,other,other,-0.19979493265501158,0.08433694454859868
511,1118,0.2052983219527636,0.2052983219527636,other,tumor_core,0.06198319883783851,0.14331512311492509
511,1195,-0.4883804083491256,0.4883804083491256,other,other,-0.22495267230453997,-0.26342773604458564
512,974,0.0,0.0,other,other,0.005266161357888655,-0.005266161357888655
512,1186,-0.0039169662769805,0.0039169662769805,other,other,-0.004209050386147717,0.0002920841091672167
512,891,-0.3987001199283268,0.3987001199283268,other,other,-0.4454368691693241,0.0467367492409973
512,1156,-0.0045887368880068,0.0045887368880068,other,other,0.013092766767370256,-0.017681503655377056
513,1438,-0.2524464923186341,0.2524464923186341,tumor_core,tumor_core,-0.21168302844796053,-0.04076346387067356
513,1405,-0.1137311024828919,0.1137311024828919,tumor_core,tumor_core,-0.08531861596527252,-0.02841248651761938
513,1231,-0.2890886119169477,0.2890886119169477,tumor_core,tumor_core,-0.2648488609075248,-0.024239751009422883
513,1206,-0.2053525903510681,0.2053525903510681,tumor_core,other,-0.23413396642917253,0.028781376078104437
513,656,-0.1880619455613921,0.1880619455613921,tumor_core,other,-0.2035970554115892,0.015535109850197099
513,544,-0.0422937535473035,0.0422937535473035,tumor_core,tumor_core,0.015374511377275815,-0.05766826492457931
514,958,-0.2399632390260892,0.2399632390260892,interface,interface,-0.12665225099712812,-0.11331098802896108
514,1159,-0.1339043804921192,0.1339043804921192,interface,immune_core,-0.19720405990142229,0.06329967940930309
514,634,-0.273217449615101,0.273217449615101,interface,interface,0.10866965673696216,-0.3818871063520632
514,790,0.1147624879753776,0.1147624879753776,interface,other,0.36162604297940515,-0.24686355500402757
514,1125,0.1658587261282728,0.1658587261282728,interface,interface,-0.3023556669830214,0.4682143931112942
514,704,-0.0287903831640851,0.0287903831640851,interface,other,-0.23933753436410252,0.2105471512000174
515,1536,0.1466832560389039,0.1466832560389039,interface,interface,0.13545778769230732,0.011225468346596573
515,752,-0.1258423008340115,0.1258423008340115,interface,interface,0.23326264102799332,-0.3591049418620048
515,1356,0.0062606178461102,0.0062606178461102,interface,interface,-0.16768768879328544,0.17394830663939564
515,708,0.1292377599839697,0.1292377599839697,interface,interface,-0.16257021191401866,0.29180797189798835
516,616,-0.0338096949261042,0.0338096949261042,other,other,0.007862563272568374,-0.041672258198672575
516,905,-0.0232702213098381,0.0232702213098381,other,other,-0.052075185186038486,0.028804963876200386
516,1358,0.01933739201583,0.01933739201583,other,other,-0.018491880128867433,0.03782927214469743
516,900,0.4079544982534048,0.4079544982534048,other,tumor_core,0.2895629465733441,0.11839155168006071
517,796,-0.0707016376884598,0.0707016376884598,immune_core,immune_core,0.037177044569997764,-0.10787868225845756
517,1530,0.0451933390824707,0.0451933390824707,immune_core,immune_core,0.005672900855899665,0.03952043822657104
517,1544,-0.2756772162322493,0.2756772162322493,immune_core,interface,-0.33573598344152844,0.06005876720927916
517,765,0.1979360655538966,0.1979360655538966,immune_core,other,0.004046264839733693,0.1938898007141629
517,944,-0.9690539318973892,0.9690539318973892,immune_core,immune_core,-0.4421084790295511,-0.5269454528678381
517,726,-0.5571284860826218,0.5571284860826218,immune_core,immune_core,-0.8984831410713168,0.341354654988695
518,1233,0.3586011825388192,0.3586011825388192,interface,interface,0.24905667423622643,0.10954450830259274
518,803,-0.1664350527169269,0.1664350527169269,interface,interface,-0.09511156615640567,-0.07132348656052123
518,582,0.1402515756518362,0.1402515756518362,interface,interface,0.0463888391152209,0.09386273653661531
519,1563,-0.5996365732452198,0.5996365732452198,interface,interface,-0.43939512056760965,-0.16024145267761014
519,868,-0.1976913342870012,0.1976913342870012,interface,interface,-0.07318335510929774,-0.12450797917770345
519,1483,0.210153020554968,0.210153020554968,interface,interface,0.12263771400507095,0.08751530654989706
519,600,0.7082352837813511,0.7082352837813511,interface,interface,0.3957393541218823,0.3124959296594688
519,1513,-0.7493948083519556,0.7493948083519556,interface,interface,-0.5963895021963088,-0.15300530615564678
520,811,0.8213419744372483,0.8213419744372483,interface,interface,0.8974095213030611,-0.07606754686581274
520,1491,0.0406530948776412,0.0406530948776412,interface,interface,0.21532499030495672,-0.17467189542731554
520,1245,0.0029021979977289,0.0029021979977289,interface,interface,0.23433019038211395,-0.23142799238438505
520,771,0.6614431335963011,0.6614431335963011,interface,interface,0.5985110195576097,0.06293211403869148
521,1569,0.1307984778114415,0.1307984778114415,other,other,0.11913275983044343,0.011665717980998067
521,1031,0.1308856037919726,0.1308856037919726,other,other,0.07706039894725977,0.053825204844712815
521,980,0.0119187223164246,0.0119187223164246,other,other,0.011647543773866773,0.0002711785425578272
521,1448,-0.3471325805517145,0.3471325805517145,other,other,-0.28649453158002136,-0.060638048971693115
522,1286,0.4803715606058798,0.4803715606058798,other,other,0.5034849921344395,-0.023113431528559714
522,1455,0.488184333641432,0.488184333641432,other,other,0.4642425679657959,0.023941765675636106
522,886,0.3553469314374967,0.3553469314374967,other,other,0.3662694305275068,-0.01092249909001014
522,1207,0.3627483144655817,0.3627483144655817,other,other,0.34052342489142984,0.022224889574151863
523,1460,-0.0285935901506647,0.0285935901506647,other,other,-0.044701069793716436,0.016107479643051734
523,929,-0.0057311565587312,0.0057311565587312,other,immune_core,0.26419436916521394,-0.2699255257239451
523,1585,-0.1059093252965307,0.1059093252965307,other,interface,-0.38061092636906413,0.27470160107253344
523,738,0.0013304666461212,0.0013304666461212,other,interface,0.07817273581982592,-0.07684226917370472
523,565,0.1881748339450553,0.1881748339450553,other,interface,-0.12378742484621802,0.3119622587912733
524,1038,0.005820749377027,0.005820749377027,interface,interface,-0.14025432240876273,0.14607507178578974
524,889,-0.036154975124123,0.036154975124123,interface,immune_core,0.16632438283552733,-0.20247935795965033
524,836,-0.0417636957536385,0.0417636957536385,interface,interface,0.002165551992122705,-0.04392924774576121
524,1380,-0.0232871341873875,0.0232871341873875,interface,interface,-0.182992104152727,0.15970496996533948
525,1403,-0.2378152321769325,0.2378152321769325,tumor_core,interface,-0.237991677309851,0.00017644513291847908
525,761,0.0506020559069702,0.0506020559069702,tumor_core,interface,-0.08157084190076003,0.13217289780773023
526,632,-0.0194722319965842,0.0194722319965842,interface,interface,-0.08388810361508348,0.06441587161849928
526,768,1.391624512254937,1.391624512254937,interface,interface,1.0872793709471242,0.30434514130781287
527,831,-0.4187309240494297,0.4187309240494297,interface,interface,-0.3446651867872772,-0.07406573726215249
527,1032,-0.3781174805971573,0.3781174805971573,interface,interface,-0.2996716454628482,-0.07844583513430908
527,646,-0.2600009436386944,0.2600009436386944,interface,interface,-0.18207364397572978,-0.07792729966296463
527,1087,1.1189626959816228,1.1189626959816228,interface,interface,0.8065314961411465,0.3124311998404763
527,1121,-0.3250124368165363,0.3250124368165363,interface,interface,-0.22717275743209522,-0.09783967938444108
528,835,-0.0126915045897346,0.0126915045897346,interface,interface,0.058038919065161065,-0.07073042365489567
528,1284,-0.355919755503287,0.355919755503287,interface,interface,-0.4231738243031243,0.06725406879983725
528,754,-0.5488587735958536,0.5488587735958536,interface,interface,-0.29713234760717544,-0.2517264259886781
529,1536,-0.007381449419544,0.007381449419544,interface,interface,-0.2823278601244358,0.2749464107048918
529,1068,-0.0236278821429045,0.0236278821429045,interface,immune_core,-0.06942360179351748,0.04579571965061298
529,1275,-0.0382142852366907,0.0382142852366907,interface,interface,0.2694706517217454,-0.3076849369584361
530,1568,-0.1438598195924947,0.1438598195924947,interface,interface,-0.23879338119371818,0.09493356160122349
530,1282,0.3663534515009352,0.3663534515009352,interface,interface,0.36755156315779636,-0.0011981116568611783
530,1227,-0.2107714100235872,0.2107714100235872,interface,immune_core,-0.4680786928490953,0.2573072828255081
530,932,-0.641773177628142,0.641773177628142,interface,immune_core,-0.3373488009689919,-0.3044243766591501
531,910,-0.0153389262850667,0.0153389262850667,other,other,0.11242071762908545,-0.12775964391415215
531,1411,0.0075466940234105,0.0075466940234105,other,other,0.23656346931477235,-0.22901677529136186
531,1228,0.025949384733596,0.025949384733596,other,interface,-0.05648634313906814,0.08243572787266414
532,763,-0.1836542451320191,0.1836542451320191,tumor_core,interface,-0.15867618429242886,-0.024978060839590255
532,1024,-0.1675385530839814,0.1675385530839814,tumor_core,interface,-0.059656943887701555,-0.10788160919627986
533,1126,0.1404444133602601,0.1404444133602601,interface,immune_core,-0.04961627082970768,0.19006068418996777
533,1397,0.127443668575216,0.127443668575216,interface,immune_core,0.197631944121853,-0.07018827554663701
533,872,-0.1196920030749964,0.1196920030749964,interface,other,-0.38909695343105244,0.26940495035605605
534,1211,0.0153369121109365,0.0153369121109365,other,other,0.051797861342780305,-0.0364609492318438
534,542,0.1150542018663961,0.1150542018663961,other,other,0.11285117091042152,0.002203030955974586
534,1244,0.1557484865247354,0.1557484865247354,other,other,0.12652267987353372,0.029225806651201697
534,827,0.0892774597082177,0.0892774597082177,other,other,0.08424453159625933,0.005032928111958365
535,922,-0.0350219839753112,0.0350219839753112,other,other,-0.07578256843080483,0.04076058445549363
535,1054,-0.0045887368880068,0.0045887368880068,other,other,0.007327719182642488,-0.011916456070649287
535,1015,0.0142783026608108,0.0142783026608108,other,other,0.056520187084409874,-0.04224188442359907
535,1564,-0.3790825010690215,0.3790825010690215,other,other,-0.35013046734322034,-0.028952033725801185
536,675,0.3095683076089454,0.3095683076089454,interface,interface,0.20698223195048704,0.10258607565845834
536,1187,-0.1338494401647911,0.1338494401647911,interface,interface,-0.13562482024456005,0.0017753800797689345
536,1300,-0.0414115983643153,0.0414115983643153,interface,interface,-0.09094880251681388,0.04953720415249858
536,721,0.1867991933729788,0.1867991933729788,interface,interface,0.18144896369268704,0.0053502296802917515
537,1246,0.1858714313501598,0.1858714313501598,interface,interface,-0.12154865033992215,0.30742008169008195
537,1318,0.1265216940961998,0.1265216940961998,interface,other,0.008253029021836611,0.11826866507436318
537,1248,-0.0681957490704512,0.0681957490704512,interface,interface,0.11337553062096484,-0.18157127969141604
537,1477,-0.0214609414331904,0.0214609414331904,interface,interface,0.024992504572063368,-0.046453446005253765
537,1222,0.1113176158631367,0.1113176158631367,interface,interface,0.30178430079944124,-0.19046668493630453
537,721,-0.0171170212704445,0.0171170212704445,interface,interface,-0.009919339084124512,-0.007197682186319988
538,620,0.1069760670134593,0.1069760670134593,other,other,0.1046474689950001,0.0023285980184591937
538,879,0.1196590307883975,0.1196590307883975,other,other,0.1203165841424747,-0.0006575533540772033
538,1417,0.0895541105086708,0.0895541105086708,other,other,0.08005028190411906,0.009503828604551748
538,1557,-0.2304391988939371,0.2304391988939371,other,other,-0.2182998503426845,-0.012139348551252593
538,1074,0.0165358657752248,0.0165358657752248,other,other,0.022462325912313286,-0.005926460137088484
539,1034,-0.049300286636122,0.049300286636122,other,other,-0.04829826270374063,-0.0010020239323813712
539,1450,-0.049300286636122,0.049300286636122,other,other,-0.03446341197051414,-0.01483687466560786
539,1209,-0.0165284757864647,0.0165284757864647,other,other,-0.037358243113481654,0.020829767327016954
539,1089,-0.049300286636122,0.049300286636122,other,other,-0.03460021845010358,-0.01470006818601842
540,1036,0.0503054460268273,0.0503054460268273,interface,interface,0.00802135959429208,0.04228408643253522
540,549,0.8207249284429877,0.8207249284429877,interface,other,0.3734923413467635,0.4472325870962242
540,1555,-0.260572774659852,0.260572774659852,interface,interface,0.027271174680773405,-0.2878439493406254
541,906,-0.2018093396370668,0.2018093396370668,interface,interface,-0.02462812000542003,-0.17718121963164676
541,1169,-0.0074791838234159,0.0074791838234159,interface,interface,-0.24000771473297322,0.23252853090955733
541,592,-0.11919631196209,0.11919631196209,interface,other,-0.08904281717308038,-0.030153494789009624
541,1084,-0.4190033352378078,0.4190033352378078,interface,immune_core,-0.27744931580728893,-0.14155401943051887
541,764,-0.1012732728695624,0.1012732728695624,interface,interface,-0.05636229049922825,-0.044910982370334154
542,1244,0.0406942846583392,0.0406942846583392,other,other,0.0136715089631122,0.027022775695227
542,827,0.0281130245232006,0.0281130245232006,other,other,-0.028606639314162186,0.05671966383736279
543,909,0.0709402834785974,0.0709402834785974,other,other,0.028679668952352633,0.04226061452624477
543,1146,0.2360069547910547,0.2360069547910547,other,tumor_core,0.255769244380417,-0.01976228958936227
543,860,0.0937876203975786,0.0937876203975786,other,interface,0.2032007040301752,-0.10941308363259661
543,1148,-0.1884224217382178,0.1884224217382178,other,other,-0.24414001046870493,0.05571758873048713
544,1319,-0.1488964755116545,0.1488964755116545,tumor_core,other,-0.18595478908056548,0.03705831356891098
544,1405,-0.0977159059490771,0.0977159059490771,tumor_core,tumor_core,-0.10069312734254833,0.00297722139347123
544,656,-0.223630239550688,0.223630239550688,tumor_core,other,-0.21897156678886504,-0.004658672761822968
544,1139,-0.0909381093029934,0.0909381093029934,tumor_core,tumor_core,-0.04685651193140263,-0.044081597371590765
545,1160,0.2725790224309771,0.2725790224309771,interface,interface,0.46556641705423135,-0.19298739462325426
545,1033,0.0478529765102067,0.0478529765102067,interface,interface,-0.4843558375533642,0.5322088140635709
545,833,0.1721759203752784,0.1721759203752784,interface,interface,0.4390732063641797,-0.2668972859889013
545,1264,0.3103896913998831,0.3103896913998831,interface,interface,0.16737405251155985,0.14301563888832325
545,1508,0.1260839955901471,0.1260839955901471,interface,interface,0.024619312929380355,0.10146468266076675
546,760,-0.0099308681121909,0.0099308681121909,other,other,-0.024000546201637246,0.014069678089446347
546,907,-0.0410541496636525,0.0410541496636525,other,other,0.004854658548158808,-0.04590880821181131
546,1214,-0.254146312452969,0.254146312452969,other,other,-0.1441028502143354,-0.1100434622386336
546,894,-0.7647439045741087,0.7647439045741087,other,immune_core,-0.9375719030403318,0.1728279984662231
546,1267,-0.254146312452969,0.254146312452969,other,other,-0.22396844146871256,-0.030177870984256422
547,1049,0.0029219437366801,0.0029219437366801,other,other,0.03082092927174246,-0.02789898553506236
547,960,-0.364660503272157,0.364660503272157,other,other,-0.36019146995177653,-0.0044690333203804555
547,1402,-0.032100040238631,0.032100040238631,other,other,-0.062307040135100855,0.030206999896469855
547,718,0.0878311570799255,0.0878311570799255,other,other,0.0883079003191368,-0.00047674323921129136
548,711,-0.3166589127263644,0.3166589127263644,interface,interface,-0.465193865206476,0.14853495248011156
548,769,-0.135832877537549,0.135832877537549,interface,interface,0.2130922550769349,-0.3489251326144839
548,583,-0.5043314213578269,0.5043314213578269,interface,interface,-0.8833309792663673,0.37899955790854034
548,648,-0.5079941196307097,0.5079941196307097,interface,interface,-0.4435896955135541,-0.06440442411715563
548,1061,-0.1176392906829897,0.1176392906829897,interface,interface,0.6883972380445307,-0.8060365287275204
549,1555,-0.1679229220159678,0.1679229220159678,other,interface,-0.3462211666659901,0.1782982446500223
549,1079,-0.9544458830524816,0.9544458830524816,other,interface,-0.2886485135032064,-0.6657973695492752
549,722,0.1101609989546952,0.1101609989546952,other,other,-0.3056504893891449,0.4158114883438401
549,1036,-0.6573895694792411,0.6573895694792411,other,interface,-0.36547098175247145,-0.29191858772676965
550,1363,0.2534221174941738,0.2534221174941738,other,interface,-0.15942800934177914,0.41285012683595296
550,628,0.0096940710487459,0.0096940710487459,other,other,0.11505988627698938,-0.10536581522824348
550,725,-0.1282755160746097,0.1282755160746097,other,interface,0.15812743602615142,-0.28640295210076117
550,1106,-0.0280245625483883,0.0280245625483883,other,other,0.23710420553903772,-0.265128768087426
551,1406,0.0769089527855385,0.0769089527855385,interface,interface,0.19883772903490743,-0.12192877624936893
551,692,0.2357145070309265,0.2357145070309265,interface,other,0.008961817107710712,0.2267526899232158
551,1063,0.0735482126618571,0.0735482126618571,interface,other,0.13834637587529747,-0.06479816321344037
551,637,0.1781803318161766,0.1781803318161766,interface,other,0.08732406776978274,0.09085626404639385
551,829,0.1597110094887617,0.1597110094887617,interface,tumor_core,0.6392456373035525,-0.47953462781479084
551,1329,0.6347373181033462,0.6347373181033462,interface,interface,0.2860840974424339,0.3486532206609123
552,850,0.060932062778192,0.060932062778192,other,other,-0.0012812260735273473,0.062213288851719346
552,566,0.0383857985607963,0.0383857985607963,other,interface,-0.016927170723963686,0.05531296928475998
552,609,-0.1322552902966112,0.1322552902966112,other,immune_core,0.022525098531618076,-0.15478038882822928
552,1401,0.0122946114146088,0.0122946114146088,other,other,0.09891440532658335,-0.08661979391197455
553,1192,-0.2285389679172942,0.2285389679172942,immune_core,immune_core,-0.14315369292667268,-0.08538527499062151
553,1242,0.4590127356074216,0.4590127356074216,immune_core,other,0.48594442443328606,-0.02693168882586444
553,1365,0.8100266484298119,0.8100266484298119,immune_core,other,0.6599896371881852,0.15003701124162672
554,570,-0.1978053122572808,0.1978053122572808,other,interface,0.0854106201291412,-0.283215932386422
554,585,0.171001959049186,0.171001959049186,other,other,0.04617007427402163,0.12483188477516437
554,853,-0.1836628900988773,0.1836628900988773,other,interface,-0.21400881792882454,0.030345927829947245
554,1576,0.069058064692636,0.069058064692636,other,other,-0.10541719828072288,0.17447526297335889
554,979,0.0796540250727626,0.0796540250727626,other,other,-0.04419600008456492,0.12385002515732751
554,1488,-0.1360832550421171,0.1360832550421171,other,interface,0.03420398975168805,-0.17028724479380514
555,1321,0.3432233119791779,0.3432233119791779,other,other,0.32041522197409056,0.022808090005087323
555,1291,0.4654859388456931,0.4654859388456931,other,other,0.4074166583559241,0.058069280489769004
555,777,0.4559928155446691,0.4559928155446691,other,other,0.4104938115674834,0.045499003977185704
555,834,0.455570871911951,0.455570871911951,other,other,0.3739052334133328,0.08166563849861819
555,968,0.2059580550840558,0.2059580550840558,other,other,0.26418017649634595,-0.05822212141229016
556,1503,0.2242961729056623,0.2242961729056623,other,other,0.19888786281966192,0.02540831008600039
556,1410,-0.2145875841880403,0.2145875841880403,other,immune_core,-0.1663924936139507,-0.048195090574089605
556,1364,0.111938853511035,0.111938853511035,other,other,0.03732269357295104,0.07461615993808396
556,719,0.2413706250172075,0.2413706250172075,other,other,0.25511994605656035,-0.013749321039352863
556,1162,0.1453351278974044,0.1453351278974044,other,other,0.17200246697017857,-0.02666733907277416
557,1063,0.129510499540259,0.129510499540259,other,other,0.005627234765169242,0.12388326477508976
557,1539,0.0879842120026339,0.0879842120026339,other,other,0.023516037583887595,0.0644681744187463
557,1406,0.1318780784314839,0.1318780784314839,other,interface,0.0661185879247792,0.06575949050670471
557,1037,0.1656023437351971,0.1656023437351971,other,other,0.2665281381481008,-0.10092579441290367
557,941,0.1126419143405104,0.1126419143405104,other,other,0.21570783972500207,-0.10306592538449168
557,1237,0.1239594090249628,0.1239594090249628,other,other,0.17407814429432705,-0.05011873526936425
558,1184,-0.0097018283745201,0.0097018283745201,interface,interface,0.0667027299247962,-0.0764045582993163
558,843,0.221342528944569,0.221342528944569,interface,interface,0.15899896444013828,0.06234356450443071
558,807,0.2382345074256136,0.2382345074256136,interface,interface,0.4709432034435317,-0.23270869601791808
558,999,0.2789196049270082,0.2789196049270082,interface,interface,-0.1533149107388776,0.4322345156658858
558,833,0.1506454854533565,0.1506454854533565,interface,interface,0.3361099899833573,-0.1854645045300008
559,877,-0.1019601634274252,0.1019601634274252,tumor_core,other,-0.19883055207457478,0.09687038864714959
559,1350,-0.3647463789884377,0.3647463789884377,tumor_core,tumor_core,-0.36705594285994975,0.0023095638715120437
559,1083,-0.3500076442817184,0.3500076442817184,tumor_core,tumor_core,-0.17716394160087007,-0.1728437026808483
559,1241,-0.2922714460232916,0.2922714460232916,tumor_core,tumor_core,-0.32236982013501275,0.03009837411172117
559,1571,-0.3715364433828218,0.3715364433828218,tumor_core,tumor_core,-0.3879375084097321,0.0164010650269103
559,740,-0.3501791317641107,0.3501791317641107,tumor_core,tumor_core,-0.37734350395910593,0.027164372194995234
560,574,-0.2759275804397154,0.2759275804397154,tumor_core,tumor_core,-0.27722525919133467,0.0012976787516192911
560,1298,-0.4046059292030593,0.4046059292030593,tumor_core,tumor_core,-0.3847226246376544,-0.019883304565404936
560,1303,-0.1899450994561771,0.1899450994561771,tumor_core,interface,-0.13048760570044052,-0.059457493755736585
560,1145,-0.2465677064263345,0.2465677064263345,tumor_core,tumor_core,-0.14426653981141307,-0.10230116661492142
560,981,-0.0336256095549635,0.0336256095549635,tumor_core,tumor_core,-0.15279113117219598,0.11916552161723248
561,1503,0.0192687265220923,0.0192687265220923,other,other,0.025103894279653843,-0.0058351677575615435
561,1267,-0.1485231502063417,0.1485231502063417,other,other,-0.15942946762446641,0.010906317418124728
561,1582,-0.0314763541189812,0.0314763541189812,other,other,-0.013776800711268328,-0.01769955340771287
562,758,0.4659501716521567,0.4659501716521567,interface,interface,0.32869615450330325,0.13725401714885344
562,1125,-0.4745530429244944,0.4745530429244944,interface,interface,0.19175134607087818,-0.6663043889953726
562,797,-0.1154641145684352,0.1154641145684352,interface,interface,-0.19389064179513374,0.07842652722669854
562,1225,0.5210797879907223,0.5210797879907223,interface,interface,0.22127708852274414,0.29980269946797816
562,958,0.969207492275585,0.969207492275585,interface,interface,0.3674547620567714,0.6017527302188136
563,682,0.9206434087770892,0.9206434087770892,interface,interface,0.6136301252831421,0.3070132834939471
563,613,-0.6606286058232683,0.6606286058232683,interface,interface,-0.4832957160442839,-0.17733288977898443
563,1298,-0.623527047796851,0.623527047796851,interface,tumor_core,-0.5946493840196341,-0.0288776637772169
563,574,-0.6428453481882567,0.6428453481882567,interface,tumor_core,-0.4871520185733144,-0.15569332961494226
563,887,0.0758006429369398,0.0758006429369398,interface,interface,-0.05037265432315416,0.12617329726009396
563,1201,-0.6389783095734528,0.6389783095734528,interface,tumor_core,-0.5676953524802715,-0.07128295709318133
564,791,0.0098167465126182,0.0098167465126182,other,other,-0.018382129835141092,0.02819887634775929
564,1427,-0.0182006392928797,0.0182006392928797,other,other,-0.029676905296296352,0.011476266003416651
564,702,0.0184391123306192,0.0184391123306192,other,other,-0.006123420662681178,0.024562532993300377
564,641,0.1298006259120496,0.1298006259120496,other,other,0.0723191367624022,0.0574814891496474
564,1172,-0.3288616826056316,0.3288616826056316,other,immune_core,-0.1386471427081014,-0.19021453989753018
565,766,-2.414968057907333,2.414968057907333,interface,interface,-0.7744528182925876,-1.6405152396147455
565,738,0.4892419941046132,0.4892419941046132,interface,interface,0.20196016066604394,0.2872818334385693
565,929,2.5027233520369334,2.5027233520369334,interface,immune_core,0.38798179401143196,2.1147415580255013
566,1155,0.071235657157769,0.071235657157769,interface,interface,-0.10024321941084569,0.17147887656861469
566,609,-0.1530543057567109,0.1530543057567109,interface,immune_core,0.03945226925558176,-0.19250657501229265
566,1265,-0.0631580282120983,0.0631580282120983,interface,interface,0.07636402726646795,-0.13952205547856625
567,1445,0.2697971289991082,0.2697971289991082,tumor_core,tumor_core,0.16605876842297612,0.10373836057613206
567,1324,-0.341839460537333,0.341839460537333,tumor_core,other,-0.2642951473632393,-0.07754431317409372
567,593,-0.2596144861992476,0.2596144861992476,tumor_core,other,-0.1491816131855892,-0.1104328730136584
567,1486,-0.0655300221676924,0.0655300221676924,tumor_core,other,-0.08317664575157166,0.017646623583879265
567,1280,0.3058005716754168,0.3058005716754168,tumor_core,tumor_core,0.17000809207964696,0.13579247959576984
568,1342,0.1317960377442634,0.1317960377442634,other,other,0.0006555854957731588,0.13114045224849025
568,1263,0.1131232904648672,0.1131232904648672,other,other,-0.045874371081772725,0.1589976615466399
568,1238,0.1035622423276171,0.1035622423276171,other,other,0.025720713325897204,0.0778415290017199
568,774,0.0512346255777984,0.0512346255777984,other,other,-0.04861652099457581,0.0998511465723742
568,680,0.0871769158508363,0.0871769158508363,other,other,-0.0008615948557714193,0.08803851070660772
569,1023,0.3446012759444952,0.3446012759444952,interface,tumor_core,-0.06618191800422157,0.41078319394871676
569,902,0.2966121889948578,0.2966121889948578,interface,interface,0.42397259515225827,-0.12736040615740046
569,885,0.059172493813341,0.059172493813341,interface,other,0.6727252249697562,-0.6135527311564152
569,818,0.2840673225684273,0.2840673225684273,interface,interface,0.17679253993080554,0.10727478263762177
569,577,-0.0302682707293995,0.0302682707293995,interface,interface,0.2451614313570271,-0.2754297020864266
569,924,0.0718347138675407,0.0718347138675407,interface,other,-0.42644996893099396,0.49828468279853466
570,1488,0.0343687765237492,0.0343687765237492,interface,interface,-0.051206630377453155,0.08557540690120236
570,688,-0.4726035472107597,0.4726035472107597,interface,interface,0.03528890684995689,-0.5078924540607166
570,853,-0.0211266998994129,0.0211266998994129,interface,interface,-0.2994194380579658,0.2782927381585529
571,1341,0.2627091410236781,0.2627091410236781,other,other,0.2153233893878233,0.04738575163585479
571,894,-0.8805310006616786,0.8805310006616786,other,immune_core,-0.7227470683568171,-0.15778393230486143
571,626,0.2217709028143751,0.2217709028143751,other,other,0.18545260973814337,0.03631829307623172
571,1175,0.1791335570909011,0.1791335570909011,other,other,0.1310805235134781,0.04805303357742299
572,1559,-0.0733781554516067,0.0733781554516067,tumor_core,other,-0.0778142941316671,0.004436138680060403
572,1118,-0.0510566725205335,0.0510566725205335,tumor_core,tumor_core,-0.019321780101540675,-0.03173489241899283
572,1131,0.3282424929488321,0.3282424929488321,tumor_core,tumor_core,0.188301697942243,0.13994079500658912
572,1206,-0.1133142277126089,0.1133142277126089,tumor_core,other,-0.093191279663521,-0.020122948049087902
572,1231,-0.1531808100562344,0.1531808100562344,tumor_core,tumor_core,-0.12390617414187327,-0.029274635914361136
573,938,-0.0407926559565427,0.0407926559565427,other,other,-0.030504413694654973,-0.01028824226188773
573,1320,0.0546402792000288,0.0546402792000288,other,tumor_core,0.025100829374970483,0.029539449825058316
573,851,-0.2563298194562326,0.2563298194562326,other,other,-0.1766666314099345,-0.07966318804629813
574,1145,0.0293598740133808,0.0293598740133808,tumor_core,tumor_core,0.13295871937992157,-0.10359884536654076
574,1298,-0.1286783487633439,0.1286783487633439,tumor_core,tumor_core,-0.10749736544631971,-0.0211809833170242
574,1100,0.7181959232185908,0.7181959232185908,tumor_core,tumor_core,0.8624087117434818,-0.14421278852489094
574,613,0.1184534965158971,0.1184534965158971,tumor_core,interface,0.0038563025290305197,0.11459719398686657
575,1469,-0.2654727057078638,0.2654727057078638,other,other,-0.27091876195744113,0.005446056249577336
575,973,-0.1117662176061238,0.1117662176061238,other,other,-0.1272604316460888,0.015494214039964996
575,727,-0.1038665781795758,0.1038665781795758,other,other,-0.053417855855733,-0.0504487223238428
575,785,-0.0066155508244286,0.0066155508244286,other,other,-0.017346329220015,0.0107307783955864
576,1382,0.1976823532122242,0.1976823532122242,other,other,0.002859262338747448,0.19482309087347674
576,1369,-0.0649680577475997,0.0649680577475997,other,other,0.01781596808140984,-0.08278402582900954
576,1433,-0.1272923168930554,0.1272923168930554,other,other,-0.12215644639304712,-0.005135870500008272
577,902,0.3767088786102148,0.3767088786102148,interface,interface,0.17881116379523115,0.19789771481498364
577,873,0.1332293268006978,0.1332293268006978,interface,interface,0.207743950827544,-0.0745146240268462
577,1023,0.5135933413469315,0.5135933413469315,interface,tumor_core,-0.31134334936124863,0.8249366907081801
577,1200,-0.007315970457376,0.007315970457376,interface,interface,0.93182099326982,-0.939136963727196
578,820,-0.2572012161098889,0.2572012161098889,other,other,-0.1979070745947183,-0.059294141515170595
578,585,0.0810122754211171,0.0810122754211171,other,other,0.05338301754225942,0.02762925787885767
578,1279,-0.0344950558317143,0.0344950558317143,other,other,-0.009312173042274455,-0.025182882789439844
578,795,-0.1424432095059257,0.1424432095059257,other,other,-0.17377115235550922,0.03132794284958351
578,1576,-0.1890049886685612,0.1890049886685612,other,other,-0.09820425501248509,-0.0908007336560761
579,1487,0.1357986048383722,0.1357986048383722,other,other,0.05201969514762486,0.08377890969074733
579,1004,-0.0032326797650539,0.0032326797650539,other,other,0.012295169030786202,-0.015527848795840102
579,599,-0.6780676833031216,0.6780676833031216,other,immune_core,-0.6486000627895938,-0.029467620513527804
580,1353,-0.1523166301520582,0.1523166301520582,other,other,-0.14710299794557646,-0.005213632206481744
580,1349,-0.1218833830647538,0.1218833830647538,other,other,-0.06774877237803681,-0.05413461068671699
580,967,-0.1523166301520582,0.1523166301520582,other,other,-0.1028572139453065,-0.049459416206751705
580,1418,0.0444077270754068,0.0444077270754068,other,other,-0.028070696031895007,0.0724784231073018
581,1453,-0.0374617676391244,0.0374617676391244,interface,interface,-0.1258872162194996,0.08842544858037521
581,932,0.0178085521458904,0.0178085521458904,interface,immune_core,-0.13284300909803126,0.15065156124392165
581,1494,0.2105954960983108,0.2105954960983108,interface,interface,0.25309779303863855,-0.042502296940327755
581,1215,0.0925145416104802,0.0925145416104802,interface,immune_core,-0.01956602720890044,0.11208056881938064
581,1282,0.0085299879431663,0.0085299879431663,interface,interface,0.572057355028757,-0.5635273670855907
582,1233,0.1331745673821424,0.1331745673821424,interface,interface,0.20266783512100553,-0.06949326773886313
582,845,-0.117850349399593,0.117850349399593,interface,interface,0.23640187385153946,-0.3542522232511325
582,1230,0.321975491987824,0.321975491987824,interface,interface,0.5190816049093422,-0.1971061129215182
583,1027,1.1683002792300103,1.1683002792300103,interface,interface,1.1231484485293086,0.04515183070070172
583,927,1.828270001803105,1.828270001803105,interface,interface,1.7259573872012772,0.10231261460182783
583,1102,0.5405418770727585,0.5405418770727585,interface,interface,0.0029863229776405653,0.5375555540951179
583,1061,1.4819804653168185,1.4819804653168185,interface,interface,1.571728217310898,-0.08974775199407947
584,1501,-0.145832035665222,0.145832035665222,interface,interface,-0.13448562489393134,-0.011346410771290644
584,1366,0.7088849420678551,0.7088849420678551,interface,interface,0.757625488067895,-0.04874054600003985
584,1375,0.6465386724742554,0.6465386724742554,interface,interface,0.6861104759760034,-0.03957180350174794
585,1576,-0.1575493564632021,0.1575493564632021,other,other,-0.1515872725547445,-0.005962083908457594
585,1279,-0.0993503332442679,0.0993503332442679,other,other,-0.06269519058453388,-0.03665514265973402
585,979,-0.0212933366820752,0.0212933366820752,other,other,-0.09036607435858654,0.06907273767651134
585,795,-0.1011486609665696,0.1011486609665696,other,other,-0.22715416989776863,0.12600550893119902
586,1042,0.0710376321211639,0.0710376321211639,tumor_core,interface,-0.010857569634699148,0.08189520175586305
586,1195,-0.6010195634523835,0.6010195634523835,tumor_core,other,-0.38211265531894933,-0.21890690813343416
586,1330,0.147520841059338,0.147520841059338,tumor_core,tumor_core,0.09241587778695011,0.05510496327238788
586,874,0.3990574443083649,0.3990574443083649,tumor_core,tumor_core,0.36348339516206774,0.03557404914629714
587,1050,-0.6541000475545575,0.6541000475545575,interface,interface,-0.6632310628098872,0.009131015255329666
587,1062,0.8242917199665253,0.8242917199665253,interface,interface,0.7403863571981388,0.08390536276838645
587,1109,-0.3195109440541787,0.3195109440541787,interface,interface,-0.23894773144144626,-0.08056321261273242
587,1264,-0.2383523972599466,0.2383523972599466,interface,interface,0.02895711725147443,-0.26730951451142104
587,787,-0.3406836086604987,0.3406836086604987,interface,interface,-0.41727467765015375,0.07659106898965506
588,1331,0.0311050176983305,0.0311050176983305,other,other,0.039412242049074786,-0.008307224350744286
588,642,-0.2509264604928172,0.2509264604928172,other,other,-0.253228087828611,0.00230162733579381
588,707,-0.1495348986219055,0.1495348986219055,other,other,-0.19399198927907962,0.044457090657174125
588,597,-0.6715093999454096,0.6715093999454096,other,immune_core,-0.6756419383922609,0.004132538446851353
588,599,-0.776055527933492,0.776055527933492,other,immune_core,-0.7513908548238093,-0.024664673109682678
589,1305,0.0311050176983306,0.0311050176983306,other,other,0.029918959176279736,0.0011860585220508646
589,772,0.3907654540011233,0.3907654540011233,other,other,0.2652814562486732,0.12548399775245006
590,1512,1.1408582510940306,1.1408582510940306,interface,interface,0.7095927550399332,0.43126549605409736
590,1053,1.1178378048905222,1.1178378048905222,interface,interface,0.605035706322611,0.5128020985679111
590,1449,-0.459517397417811,0.459517397417811,interface,interface,-0.14781865347839201,-0.311698743939419
590,1044,-0.1635515690741454,0.1635515690741454,interface,interface,-0.060986434546781126,-0.10256513452736427
591,1000,0.4607367157984097,0.4607367157984097,interface,interface,0.3688077009932001,0.0919290148052096
591,1463,0.0089690837857264,0.0089690837857264,interface,interface,0.1177202689753225,-0.1087511851895961
591,780,0.6360450663606352,0.6360450663606352,interface,interface,0.7931111910344225,-0.15706612467378733
591,1144,0.1766406539704938,0.1766406539704938,interface,interface,-0.2209637660671243,0.3976044200376181
592,1543,-0.1583587064045606,0.1583587064045606,other,immune_core,-0.18072564301708505,0.022366936612524452
592,1169,-0.0779017525541941,0.0779017525541941,other,interface,-0.15096489755989284,0.07306314500569874
592,737,-0.0030905363584734,0.0030905363584734,other,interface,0.08406375761675511,-0.0871542939752285
592,1084,-0.2441384848316638,0.2441384848316638,other,immune_core,-0.18840649863420855,-0.05573198619745526
592,1533,-0.0962860281276978,0.0962860281276978,other,immune_core,-0.11358797121639763,0.017301943088699825
593,812,-0.2435450898735303,0.2435450898735303,other,other,-0.138101911127875,-0.10544317874565529
593,1324,-0.0822249743380854,0.0822249743380854,other,other,-0.1151135341776501,0.03288855983956471
594,1381,0.1564794116690477,0.1564794116690477,interface,interface,-0.3993505503155168,0.5558299619845645
594,1168,-1.2026887151240646,1.2026887151240646,interface,interface,-1.0156056519530752,-0.18708306317098944
595,802,0.2885215410161277,0.2885215410161277,other,tumor_core,0.27044966262599934,0.01807187839012836
595,749,-0.3151235255911364,0.3151235255911364,other,other,-0.29320988579391205,-0.021913639797224327
595,627,-0.3873134367591869,0.3873134367591869,other,other,-0.364729389491915,-0.022584047267271867
595,1458,0.2250610851057455,0.2250610851057455,other,tumor_core,0.25415375555678776,-0.029092670451042274
596,1311,-0.0181190904747843,0.0181190904747843,other,interface,-0.05461111164035264,0.03649202116556834
596,980,-0.0660857235092446,0.0660857235092446,other,other,-0.08604474031684439,0.01995901680759979
597,1287,0.6589423066771489,0.6589423066771489,immune_core,other,0.6473394514113786,0.011602855265770318
597,642,0.3680009449559357,0.3680009449559357,immune_core,other,0.42241385056364994,-0.054412905607714224
597,1285,0.692992987786968,0.692992987786968,immune_core,other,0.643608268783119,0.049384719003849
597,707,0.4625442736237555,0.4625442736237555,immune_core,other,0.4816499491131813,-0.019105675489425822
597,747,0.5087507530766111,0.5087507530766111,immune_core,other,0.4920868413112103,0.01666391176540083
598,1059,0.0642673030797507,0.0642673030797507,interface,interface,0.21577057175032646,-0.15150326867057576
598,817,0.121593751700752,0.121593751700752,interface,interface,0.0436735802941112,0.0779201714066408
598,1014,0.100081280323003,0.100081280323003,interface,interface,-0.14240885471643713,0.2424901350394401
598,949,0.0941272500896826,0.0941272500896826,interface,interface,-0.2956457614664276,0.3897730115561102
599,1487,0.7361413849210188,0.7361413849210188,immune_core,other,0.7006197579372186,0.035521626983800125
599,707,0.5881625077445121,0.5881625077445121,immune_core,other,0.5573988655447297,0.030763642199782337
600,1483,-0.2463086795103444,0.2463086795103444,interface,interface,-0.2731016401168114,0.026792960606466965
600,1563,-1.0578997548973432,1.0578997548973432,interface,interface,-0.835134474689492,-0.22276528020785125
601,1119,0.4552780324343594,0.4552780324343594,interface,interface,0.0427928600350789,0.4124851723992805
601,846,0.4640194388072792,0.4640194388072792,interface,other,0.40630570496897456,0.05771373383830464
601,1052,0.4316603779451691,0.4316603779451691,interface,other,0.38074411407304554,0.05091626387212356
601,1537,0.4450256392894752,0.4450256392894752,interface,other,0.49927271134047835,-0.05424707205100315
601,1225,-0.2674064960251986,0.2674064960251986,interface,interface,0.25443621161786933,-0.521842707643068
602,669,-0.0552975266703456,0.0552975266703456,other,other,-0.02141320778426889,-0.03388431888607671
602,967,-0.183642857005629,0.183642857005629,other,other,-0.1925854993247536,0.008942642319124616
602,1349,-0.1532096099183247,0.1532096099183247,other,other,-0.15747705775748394,0.00426744783915925
602,1402,-0.1525378393072984,0.1525378393072984,other,other,-0.08766214863728691,-0.06487569067001148
603,861,-0.4279668984428874,0.4279668984428874,other,immune_core,-0.3219465991060871,-0.1060202993368003
603,662,0.0091482910428636,0.0091482910428636,other,other,0.04294125391110565,-0.03379296286824205
603,671,-0.0152468233106515,0.0152468233106515,other,other,0.12546925362033395,-0.14071607693098545
603,677,0.2204778526957468,0.2204778526957468,other,other,0.05364712397346344,0.16683072872228336
604,1089,-0.1283453303352834,0.1283453303352834,other,other,-0.10117084288783118,-0.02717448744745221
604,1360,-0.1261452440062682,0.1261452440062682,other,other,-0.14976973307919614,0.02362448907292794
604,1582,-0.0988061204700813,0.0988061204700813,other,other,-0.10724863109536734,0.008442510625286032
605,1485,-0.14410137262691,0.14410137262691,immune_core,interface,-0.12597102520690528,-0.018130347420004717
605,946,0.1082606157552616,0.1082606157552616,immune_core,interface,0.15274429128710898,-0.044483675531847386
605,1113,-0.0429512598783991,0.0429512598783991,immune_core,interface,-0.04983452251685372,0.006883262638454617
605,1047,-0.0765921349219899,0.0765921349219899,immune_core,other,-0.11256264382265102,0.03597050890066113
605,884,-0.1705788956472932,0.1705788956472932,immune_core,other,-0.11867405004006004,-0.05190484560723316
606,888,0.0736945562302022,0.0736945562302022,immune_core,immune_core,0.045616475783655686,0.028078080446546513
606,1451,0.6322383158007535,0.6322383158007535,immune_core,other,0.5669565637797878,0.06528175202096576
606,824,-0.3278884810484039,0.3278884810484039,immune_core,immune_core,-0.1731048253238316,-0.1547836557245723
606,1092,-0.2092598638585016,0.2092598638585016,immune_core,immune_core,-0.15212492310991138,-0.05713494074859021
606,623,0.4351762391631544,0.4351762391631544,immune_core,other,0.422817455755012,0.012358783408142393
607,652,0.7197513078356452,0.7197513078356452,interface,interface,0.6224319462320678,0.09731936160357746
607,768,0.9892245786870448,0.9892245786870448,interface,interface,0.9136607242270146,0.07556385446003022
607,1268,-0.0212188017558467,0.0212188017558467,interface,interface,-0.15159800603604656,0.13037920428019986
607,1429,-0.2148883436400746,0.2148883436400746,interface,tumor_core,-0.15373461919375053,-0.06115372444632408
608,928,0.0,0.0,other,other,0.005308707128670265,-0.005308707128670265
608,965,0.0801097749267246,0.0801097749267246,other,other,0.0742061063343632,0.005903668592361397
608,1207,-0.1254360191758503,0.1254360191758503,other,other,-0.1130418587943155,-0.012394160381534791
608,1467,0.0005249116266156,0.0005249116266156,other,other,0.0020069797912776743,-0.0014820681646620744
608,886,-0.0761357325397283,0.0761357325397283,other,other,-0.08729585315823848,0.011160120618510183
608,1286,0.0520405373717496,0.0520405373717496,other,other,0.0499197084486942,0.002120828923055401
609,1094,0.143067188760117,0.143067188760117,immune_core,other,0.29359708122701533,-0.15052989246689832
609,1401,0.1032504317776953,0.1032504317776953,immune_core,other,0.07638930679496528,0.026861124982730022
610,1361,-0.0760699891364786,0.0760699891364786,interface,interface,-0.2278600436382627,0.15179005450178412
611,862,-0.1933106884377733,0.1933106884377733,interface,interface,-0.17677393137077335,-0.016536757066999946
611,864,1.254983229639553,1.254983229639553,interface,interface,0.49041783639747255,0.7645653932420806
611,976,-0.5496969706447187,0.5496969706447187,interface,tumor_core,-0.22914236612373026,-0.3205546045209884
611,732,-0.3634408506808371,0.3634408506808371,interface,interface,0.08926785617132238,-0.45270870685215947
612,1534,-0.0397037788793115,0.0397037788793115,other,interface,0.05704196146144222,-0.09674574034075373
612,935,0.0092786021973305,0.0092786021973305,other,interface,-0.20820801663619795,0.21748661883352846
612,1235,-0.0757970287495048,0.0757970287495048,other,other,0.018367427776877943,-0.09416445652638274
613,682,1.46250731008515,1.46250731008515,interface,interface,1.096925841327426,0.3655814687577239
613,1100,0.75221957328683,0.75221957328683,interface,tumor_core,0.8585524092144512,-0.10633283592762122
614,1229,0.3604538914350862,0.3604538914350862,immune_core,interface,0.5125295775806434,-0.15207568614555722
614,1457,0.6246119858931923,0.6246119858931923,immune_core,other,0.7319169835019868,-0.10730499760879442
614,1114,0.5626597394245603,0.5626597394245603,immune_core,other,0.39182021085263463,0.17083952857192564
614,1547,0.6093513816832001,0.6093513816832001,immune_core,other,0.34472183495900033,0.2646295467241998
615,1155,-0.0172363106831995,0.0172363106831995,other,interface,-0.03921090286499315,0.02197459218179365
615,1528,-0.2565285880300441,0.2565285880300441,other,immune_core,-0.19470424272405093,-0.06182434530599315
615,1151,-0.059287335161256,0.059287335161256,other,interface,-0.16652726719943708,0.10723993203818108
615,1259,-0.0523081206198465,0.0523081206198465,other,other,-0.04271750254251519,-0.00959061807733131
616,1358,0.0440897250459338,0.0440897250459338,other,other,-0.026354443401435806,0.07044416844736962
616,1338,-0.1120983031626271,0.1120983031626271,other,immune_core,-0.11149012105183181,-0.0006081821107952884
617,769,0.6381630245534152,0.6381630245534152,interface,interface,0.6123357826523109,0.025827241901104303
617,716,-0.1019176215562776,0.1019176215562776,interface,other,-0.059149105410822966,-0.04276851614545463
617,1148,-0.2510640082027713,0.2510640082027713,interface,other,-0.1880902394707521,-0.06297376873201921
618,1389,-0.0257988201373476,0.0257988201373476,other,other,-0.45262409712037577,0.4268252769830282
618,1013,0.082422270090216,0.082422270090216,other,other,-0.4240311960754821,0.5064534661656981
618,1274,-1.556800733526632,1.556800733526632,other,immune_core,-1.489354425910194,-0.067446307616438
618,929,-1.67589371334177,1.67589371334177,other,immune_core,-0.8228795328024393,-0.8530141805393306
618,950,-0.0331775162538494,0.0331775162538494,other,other,-0.39781376003877955,0.36463624378493015
619,1010,0.4593717268437225,0.4593717268437225,other,interface,0.4576785149381228,0.0016932119055997341
619,1521,0.5453531658172588,0.5453531658172588,other,other,0.5710487049276771,-0.02569553911041833
619,1404,0.3352047520871067,0.3352047520871067,other,interface,0.3449318141807081,-0.009727062093601413
619,1108,0.2077561378902536,0.2077561378902536,other,other,0.35071010025463556,-0.14295396236438196
619,1421,0.5393771412362353,0.5393771412362353,other,other,0.3626933757733387,0.17668376546289655
620,720,-0.2581012753480628,0.2581012753480628,other,other,-0.2621167893173818,0.0040155139693189845
620,1074,-0.0850631607477189,0.0850631607477189,other,other,-0.08218514308268682,-0.0028780176650320816
620,879,0.0168071391090027,0.0168071391090027,other,other,0.0156691151474746,0.001138023961528102
621,1085,-0.1444738681264543,0.1444738681264543,other,other,-0.24023701793536512,0.09576314980891082
621,1224,0.2385025765918232,0.2385025765918232,other,tumor_core,0.29839122554915154,-0.059888648957328344
621,783,0.0237989836653855,0.0237989836653855,other,interface,0.10064690637406282,-0.07684792270867732
621,1290,-0.078985148322899,0.078985148322899,other,interface,0.04909505979190382,-0.1280802081148028
621,994,0.103662768168767,0.103662768168767,other,tumor_core,-0.01866021183263744,0.12232298000140444
622,629,0.4875529856914311,0.4875529856914311,interface,interface,0.0798237857070726,0.40772919998435847
622,1026,0.0254680989188045,0.0254680989188045,interface,interface,-0.027869613443265245,0.053337712362069745
622,1239,0.7215988781189787,0.7215988781189787,interface,interface,0.3994281468690386,0.3221707312499401
622,1096,-0.0969470216142308,0.0969470216142308,interface,interface,0.20313051885242078,-0.3000775404666516
622,1310,0.2751877559646331,0.2751877559646331,interface,interface,0.327973231573077,-0.05278547560844393
623,694,0.2082235361335867,0.2082235361335867,other,other,0.22897040539823654,-0.02074686926464983
623,1451,0.0887596464367948,0.0887596464367948,other,other,0.1441391080247757,-0.05537946158798089
623,1019,-0.1486543276912696,0.1486543276912696,other,other,-0.16831599313555862,0.019661665444289017
623,1223,0.1298844629311741,0.1298844629311741,other,other,0.10862859691213506,0.021255866019039032
624,1498,1.1519920210592236,1.1519920210592236,interface,interface,0.2648102593166413,0.8871817617425823
624,1161,-0.5083516175066963,0.5083516175066963,interface,interface,-0.41565271245590113,-0.0926989050507952
624,1526,0.5198850545944406,0.5198850545944406,interface,interface,-0.05080768225436044,0.5706927368488011
624,683,-0.5263284378808502,0.5263284378808502,interface,immune_core,-0.18939001452363313,-0.336938423357217
624,964,-2.54269777073481,2.54269777073481,interface,interface,-0.894539898933469,-1.6481578718013412
625,1055,0.0156398171261168,0.0156398171261168,interface,interface,-0.25713439848359315,0.27277421560970994
625,744,-1.0522476235064284,1.0522476235064284,interface,interface,-1.0732104467549686,0.020962823248540152
625,999,-1.0419017080478803,1.0419017080478803,interface,interface,-0.7346459757525838,-0.30725573229529646
625,699,-0.9616348044447,0.9616348044447,interface,interface,-0.9970349974411685,0.03540019299646857
625,1080,-0.3692242657077562,0.3692242657077562,interface,interface,-0.35817563130018326,-0.011048634407572921
626,1466,0.1479758141210614,0.1479758141210614,other,other,0.2712760207442325,-0.12330020662317112
626,894,-0.477586590707437,0.477586590707437,other,immune_core,-0.9081996780949605,0.4306130873875235
626,760,-0.0337195410473855,0.0337195410473855,other,other,0.005371678743734065,-0.03909121979111956
627,1065,0.0850354709313586,0.0850354709313586,other,other,0.19051362056316457,-0.10547814963180596
627,749,0.0721899111680505,0.0721899111680505,other,other,0.07151950369800297,0.0006704074700475265
628,828,0.0566900936760072,0.0566900936760072,other,other,0.0642891177781515,-0.007599024102144296
628,1106,-0.0417851403505007,0.0417851403505007,other,other,0.12204431926204834,-0.16382945961254905
629,1310,-0.0093519594530613,0.0093519594530613,interface,interface,0.2481494458660044,-0.2575014053190657
629,852,0.231175704926396,0.231175704926396,interface,other,0.321828512149094,-0.09065280722269803
629,1096,0.3769820137594465,0.3769820137594465,interface,interface,0.12330673314534818,0.25367528061409833
630,1511,-0.147028718954533,0.147028718954533,tumor_core,other,0.17307689967480877,-0.3201056186293418
630,1578,0.051538641002841,0.051538641002841,tumor_core,other,0.24672091989508793,-0.19518227889224693
630,1260,-0.0221569847667574,0.0221569847667574,tumor_core,interface,-0.03710584867806033,0.014948863911302925
630,947,0.2593963199344792,0.2593963199344792,tumor_core,interface,-0.07221869996080377,0.33161501989528297
631,644,-0.2104837386549317,0.2104837386549317,tumor_core,tumor_core,-0.130184501051239,-0.0802992376036927
631,1292,-0.2774600444209073,0.2774600444209073,tumor_core,tumor_core,-0.39874490204666685,0.12128485762575952
631,1253,-0.2893156525737076,0.2893156525737076,tumor_core,tumor_core,-0.3311799321545121,0.041864279580804464
631,1567,-0.2173601701796362,0.2173601701796362,tumor_core,tumor_core,-0.2424569102632056,0.025096740083569408
632,698,0.8258899615297601,0.8258899615297601,interface,interface,0.5785934648868217,0.2472964966429384
632,768,1.3684167974058723,1.3684167974058723,interface,interface,1.1711674745622076,0.1972493228436647
633,1179,-0.5623938906606372,0.5623938906606372,other,immune_core,-0.5523408750892286,-0.010053015571408586
633,822,0.0355247859430131,0.0355247859430131,other,other,0.0057113887285526466,0.029813397214460455
633,983,0.0498474742346747,0.0498474742346747,other,other,0.027729097881997927,0.022118376352676772
633,1202,0.0351663274597473,0.0351663274597473,other,other,0.0093726741696194,0.0257936532901279
633,1426,-0.1553273461428092,0.1553273461428092,other,other,-0.13741952417252007,-0.017907821970289117
633,901,-0.7087320892690039,0.7087320892690039,other,immune_core,-0.658967310718561,-0.04976477855044292
634,790,0.5308784109650793,0.5308784109650793,interface,other,0.252956386242443,0.2779220247226363
634,912,-0.2707388561428286,0.2707388561428286,interface,immune_core,-0.7745658917659805,0.5038270356231518
634,958,-1.160765684576024,1.160765684576024,interface,interface,-0.23532190773409029,-0.9254437768419337
635,1396,0.001868645118706,0.001868645118706,other,other,-0.018147167634449235,0.020015812753155234
635,1016,0.0724176985448816,0.0724176985448816,other,other,0.10737310691337965,-0.034955408368498045
635,1118,0.3207563100591766,0.3207563100591766,other,tumor_core,0.2617781314928501,0.05897817856632648
635,1559,0.188557173268422,0.188557173268422,other,other,0.20328561746272367,-0.014728444194301665
636,899,0.2138059252805002,0.2138059252805002,tumor_core,tumor_core,0.13175342731121045,0.08205249796928973
636,1422,-0.4971709633030925,0.4971709633030925,tumor_core,other,-0.2653851193454963,-0.23178584395759622
636,1180,-0.2722135288542874,0.2722135288542874,tumor_core,other,-0.11851171424630949,-0.1537018146079779
636,1079,0.2299613580307621,0.2299613580307621,tumor_core,interface,-0.005582623517069896,0.235543981547832
636,1116,-0.1130398826549526,0.1130398826549526,tumor_core,interface,-0.20658217275322793,0.09354229009827533
637,1063,-0.1046321191543195,0.1046321191543195,other,other,0.051022308105514724,-0.15565442725983422
637,1284,0.2501466713511394,0.2501466713511394,other,interface,0.19342758347306643,0.05671908787807295
637,692,0.0575341752147498,0.0575341752147498,other,other,-0.07836225066207203,0.13589642587682182
638,1525,0.1204748069517224,0.1204748069517224,interface,interface,-0.08426671096008453,0.20474151791180695
638,750,0.6703728481444713,0.6703728481444713,interface,interface,0.6800506971535114,-0.009677849009040118
638,1495,0.324374148488447,0.324374148488447,interface,interface,0.12200817051152324,0.20236597797692374
638,1055,0.6184169122691754,0.6184169122691754,interface,interface,0.7112425525281844,-0.09282564025900897
639,782,0.5590296361201461,0.5590296361201461,immune_core,other,0.11969229226001488,0.43933734386013124
639,1304,-0.6103150496511615,0.6103150496511615,immune_core,interface,-0.09625475997525496,-0.5140602896759066
640,1446,0.059362332280875,0.059362332280875,interface,interface,-0.7178310252419312,0.7771933575228062
640,700,1.3975471557653047,1.3975471557653047,interface,interface,2.7973432131222715,-1.3997960573569668
641,1427,-0.1096427653328152,0.1096427653328152,other,other,-0.10199604205869855,-0.00764672327411664
641,755,-0.1605805107815932,0.1605805107815932,other,other,-0.15897633576314457,-0.001604175018448617
641,791,-0.1199838793994313,0.1199838793994313,other,other,-0.0907012665975433,-0.029282612801888
642,747,0.0722885708918036,0.0722885708918036,other,other,0.06967299074756034,0.0026155801442432625
642,770,-0.5738514200778095,0.5738514200778095,other,immune_core,-0.568722258731631,-0.005129161346178579
642,1331,0.2597675593654681,0.2597675593654681,other,other,0.2926403298776858,-0.03287277051221771
642,1007,-0.0261206472599335,0.0261206472599335,other,other,-0.009395664779344476,-0.016724982480589023
643,1065,-0.0519515895055098,0.0519515895055098,other,other,-0.032564773715129114,-0.019386815790380686
643,972,0.1030759151386407,0.1030759151386407,other,other,0.12573570234607923,-0.022659787207438525
644,1232,-0.3969501427311339,0.3969501427311339,tumor_core,other,-0.19329563922730444,-0.20365450350382944
644,1199,-0.2024522259941465,0.2024522259941465,tumor_core,interface,-0.12200137541716884,-0.08045085057697766
644,1030,-0.0552433327417032,0.0552433327417032,tumor_core,other,-0.2666112531877476,0.21136792044604438
645,1086,0.2332531608044085,0.2332531608044085,interface,interface,0.23383548960787487,-0.0005823288034663698
645,892,0.0614301758668701,0.0614301758668701,interface,immune_core,0.10366355640655295,-0.04223338053968285
646,831,-0.1182915592672802,0.1182915592672802,interface,interface,-0.16259154281154742,0.044299983544267216
647,1411,0.0504535904113398,0.0504535904113398,other,other,-0.22060067287832819,0.271054263289668
647,1163,-0.2502486572614819,0.2502486572614819,other,immune_core,-0.23761628888602104,-0.012632368375460834
647,945,0.1475811718753385,0.1475811718753385,other,other,0.3268479547670119,-0.1792667828916734
648,1061,1.3366385911284464,1.3366385911284464,interface,interface,1.1319869335580848,0.20465165757036163
648,711,-0.4635408670923234,0.4635408670923234,interface,interface,-0.021604169692921893,-0.4419366973994015
648,1164,1.3029771240553598,1.3029771240553598,interface,interface,1.0952566468019878,0.20772047725337206
649,1239,0.0617202338887938,0.0617202338887938,interface,interface,0.34380772617189925,-0.2820874922831055
649,1234,0.0064978297450756,0.0064978297450756,interface,interface,0.5434389451863298,-0.5369411154412542
649,1026,0.0845188035988812,0.0845188035988812,interface,interface,-0.0834900341404046,0.1680088377392858
649,1544,0.0706023572455921,0.0706023572455921,interface,interface,-0.16740516229230126,0.23800751953789337
649,726,0.0703048156023788,0.0703048156023788,interface,immune_core,-0.7301523199220896,0.8004571355244684
649,1227,0.0183219276216412,0.0183219276216412,interface,immune_core,0.40576711835569557,-0.38744519073405437
650,845,-0.4058561025825784,0.4058561025825784,interface,interface,-0.5487773571754095,0.14292125459283112
650,1328,0.0637724682790789,0.0637724682790789,interface,interface,-0.20741854085106082,0.2711910091301397
651,984,1.66167087428932,1.66167087428932,immune_core,immune_core,1.6742141922153349,-0.012543317926014819
651,1111,1.839752521367946,1.839752521367946,immune_core,other,2.10172783051531,-0.2619753091473642
651,1003,1.7966269992823536,1.7966269992823536,immune_core,immune_core,1.6805158245576524,0.11611117472470123
651,813,1.8662825519648432,1.8662825519648432,immune_core,other,1.8538673851735061,0.012415166791337029
652,1087,1.3889427966092174,1.3889427966092174,interface,interface,1.1965814188618176,0.1923613777473998
652,915,-0.3216815984410335,0.3216815984410335,interface,interface,0.0754703597434985,-0.397151958184532
652,700,3.972290896864934,3.972290896864934,interface,interface,3.3772581482553314,0.5950327486096025
652,1268,-0.6873496345763547,0.6873496345763547,interface,interface,-0.7740299522681143,0.08668031769175966
653,1305,-0.0175234983267649,0.0175234983267649,other,other,-0.02944709568943321,0.011923597362668313
653,908,-0.1031638284819009,0.1031638284819009,other,other,-0.12625974323199113,0.023095914750090235
653,661,-0.7161009669614935,0.7161009669614935,other,immune_core,-0.6533372852415095,-0.06276368171998403
654,784,-0.0806516650489501,0.0806516650489501,interface,interface,-0.07324344318275139,-0.0074082218661987165
654,1540,-0.3642919969795702,0.3642919969795702,interface,interface,-0.18732668961071036,-0.17696530736885985
655,1157,-0.1211837953065197,0.1211837953065197,other,other,-0.1048381896879233,-0.016345605618596395
655,951,-0.0610934470052196,0.0610934470052196,other,other,-0.01627112692830518,-0.04482232007691442
655,1316,-0.3564972071354673,0.3564972071354673,other,immune_core,-0.45517027928968046,0.09867307215421317
655,1135,0.097745517319406,0.097745517319406,other,other,0.07029563780703973,0.02744987951236627
655,1099,-0.0939489808092868,0.0939489808092868,other,other,-0.09725733217803623,0.003308351368749421
655,869,0.0601018520407896,0.0601018520407896,other,other,0.1283656743288314,-0.06826382228804179
656,1319,0.0263164396240779,0.0263164396240779,other,other,0.03301677770829954,-0.00670033808422164
656,1206,-0.0388141736227429,0.0388141736227429,other,other,-0.030536911017583324,-0.008277262605159576
656,1405,0.1668584534508745,0.1668584534508745,other,tumor_core,0.11827843944631669,0.0485800140045578
657,861,-0.0649745540391744,0.0649745540391744,immune_core,immune_core,-0.08360509343139541,0.018630539392221007
657,1430,0.1270367424995977,0.1270367424995977,immune_core,other,0.24010606102722706,-0.11306931852762936
657,728,0.0939150833608591,0.0939150833608591,immune_core,other,0.23063790447640556,-0.13672282111554646
658,1547,-0.0812036955238896,0.0812036955238896,other,other,-0.13488234487444045,0.05367864935055085
658,713,0.1667846746003798,0.1667846746003798,other,other,0.06098369167437828,0.10580098292600151
658,1457,0.179956140059833,0.179956140059833,other,other,0.25231280366854597,-0.07235666360871298
659,1445,0.1817336669816274,0.1817336669816274,other,tumor_core,0.33600643311330863,-0.15427276613168123
659,1129,0.0794590285572127,0.0794590285572127,other,interface,0.09530000341729179,-0.0158409748600791
659,1425,-0.1359447954188635,0.1359447954188635,other,other,-0.2700156724948939,0.13407087707603038
660,1545,-0.0371531052493426,0.0371531052493426,other,other,-0.11683120310776463,0.07967809785842203
660,1189,-1.725058692671789,1.725058692671789,other,immune_core,-1.5345408104496636,-0.1905178822221254
660,933,-0.1917453408568916,0.1917453408568916,other,other,-0.1945861738574031,0.0028408330005114946
660,986,-1.0712678400067346,1.0712678400067346,other,immune_core,-1.0143317204110358,-0.056936119595698775
661,1132,0.7742332853094063,0.7742332853094063,immune_core,other,0.672995439909389,0.10123784540001723
662,671,-0.0234364245566663,0.0234364245566663,other,other,0.0825279997092283,-0.10596442426589461
662,1415,-0.2202596736739486,0.2202596736739486,other,immune_core,-0.28569230263721224,0.06543262896326363
662,861,-0.4342059483599398,0.4342059483599398,other,immune_core,-0.36488785301719273,-0.06931809534274708
663,1423,-0.1581959099612529,0.1581959099612529,other,other,-0.17177977655220467,0.01358386659095176
663,1025,-0.113342925276819,0.113342925276819,other,immune_core,-0.15876170405937984,0.04541877878256084
663,1538,-0.2933547650634359,0.2933547650634359,other,immune_core,-0.25958692256184335,-0.03376784250159254
663,852,-0.0637042936554521,0.0637042936554521,other,other,-0.004840877547464872,-0.05886341610798723
664,1035,0.1524033711355517,0.1524033711355517,other,other,0.12033806816109854,0.03206530297445315
664,1386,0.1779662626165052,0.1779662626165052,other,other,0.057994404891071216,0.11997185772543398
664,1066,-0.1658205685207196,0.1658205685207196,other,other,-0.05035111337797582,-0.11546945514274379
665,682,-0.7157935571779079,0.7157935571779079,interface,interface,0.016292914282530213,-0.7320864714604381
665,1200,-0.7783591318542163,0.7783591318542163,interface,interface,0.5001502986372034,-1.2785094304914197
665,995,0.0449071285732303,0.0449071285732303,interface,interface,-0.3184603319444832,0.3633674605177135
665,873,-0.0289012393474574,0.0289012393474574,interface,interface,-0.22392674380507271,0.19502550445761532
666,762,0.4335813219728313,0.4335813219728313,other,interface,0.34307298848940604,0.09050833348342524
666,748,0.1170825376451105,0.1170825376451105,other,other,0.10176306945716329,0.015319468187947202
666,827,-0.0071046000018455,0.0071046000018455,other,other,0.06139882273904829,-0.06850342274089379
667,856,0.2263961043389287,0.2263961043389287,tumor_core,interface,0.03939905219442208,0.18699705214450663
667,1560,-0.098051767729097,0.098051767729097,tumor_core,tumor_core,-0.07783958481996539,-0.020212182909131612
667,1201,-0.0070865976129846,0.0070865976129846,tumor_core,tumor_core,-0.01481265371265883,0.00772605609967423
667,887,0.5075815498612897,0.5075815498612897,tumor_core,interface,0.5025100444444585,0.005071505416831212
667,668,0.1492823568545607,0.1492823568545607,tumor_core,tumor_core,0.2623719665528978,-0.11308960969833709
668,1139,0.0646449770788349,0.0646449770788349,tumor_core,tumor_core,0.06989369821382341,-0.005248721134988504
668,1560,-0.3510868083529337,0.3510868083529337,tumor_core,tumor_core,-0.3402115513728632,-0.010875256980070525
668,1405,-0.0177598090603979,0.0177598090603979,tumor_core,tumor_core,0.01605708280267772,-0.03381689186307562
668,808,-0.1598470896734191,0.1598470896734191,tumor_core,other,-0.14490320723989242,-0.014943882433526678
669,674,-0.097912083247979,0.097912083247979,other,other,-0.10765320197750461,0.009741118729525614
669,967,-0.1283453303352834,0.1283453303352834,other,other,-0.17117229154048474,0.04282696120520135
669,1402,-0.0972403126369528,0.0972403126369528,other,other,-0.06624894085301802,-0.030991371783934782
670,1180,0.0871095835260106,0.0871095835260106,other,other,0.03471749240449412,0.05239209112151648
670,1550,-0.0062860567403025,0.0062860567403025,other,other,0.008123733761496152,-0.014409790501798652
670,722,0.0383880611472732,0.0383880611472732,other,other,0.1306446072477952,-0.092256546100522
670,1378,0.0320030290263321,0.0320030290263321,other,other,0.0205776860599597,0.011425342966372397
671,855,-0.7822166082325929,0.7822166082325929,other,interface,-0.6233440211888265,-0.1588725870437664
672,1044,-0.3356249556663212,0.3356249556663212,interface,interface,-0.359119004151649,0.023494048485327768
672,810,-0.5664957914251973,0.5664957914251973,interface,other,-0.7913694275005727,0.22487363607537536
672,783,-0.6027998384313359,0.6027998384313359,interface,interface,-0.5824634264636479,-0.020336411967687984
672,1224,-0.4719144860291909,0.4719144860291909,interface,tumor_core,-0.3847191072885593,-0.0871953787406316
672,1556,-0.6548688971406522,0.6548688971406522,interface,interface,-0.4894956874789354,-0.1653732096617168
672,1512,0.435997009253638,0.435997009253638,interface,interface,0.4114601854350654,0.024536823818572584
673,1215,0.0210351669646848,0.0210351669646848,immune_core,immune_core,0.25763417462026206,-0.23659900765557726
673,1078,-0.1234576391020828,0.1234576391020828,immune_core,immune_core,-0.2000820410507051,0.0766244019486223
673,1502,0.3315930558040748,0.3315930558040748,immune_core,interface,0.1405059669887445,0.19108708881533026
674,967,-0.0304332470873043,0.0304332470873043,other,other,-0.06351908956298012,0.03308584247567582
674,1333,-0.0304332470873043,0.0304332470873043,other,other,0.029442604615907204,-0.059875851703211504
674,806,-0.1515479590440001,0.1515479590440001,other,other,-0.16790137025035345,0.016353411206353363
675,721,0.042173900836428,0.042173900836428,interface,interface,-0.0255332682578,0.067707169094228
675,1187,-0.2545028329407698,0.2545028329407698,interface,interface,-0.34260705219504706,0.08810421925427725
675,1246,-0.2219211679985302,0.2219211679985302,interface,interface,-0.13716257951359764,-0.08475858848493256
676,1090,-0.1602996575665627,0.1602996575665627,other,other,-0.13541600502218476,-0.024883652544377938
676,1507,-0.175554535450985,0.175554535450985,other,other,-0.0640580893192717,-0.1114964461317133
677,1430,0.1112973025783144,0.1112973025783144,other,other,-0.05188256862092805,0.16317987119924243
677,951,-0.0509946351961256,0.0509946351961256,other,other,-0.08594126938921925,0.034946634193093656
677,861,-0.4813603074389264,0.4813603074389264,other,immune_core,-0.3755937230795505,-0.10576658435937586
677,1135,0.1167420261399252,0.1167420261399252,other,other,0.0006254953461256596,0.11611653079379954
678,1257,0.0042438838424659,0.0042438838424659,other,other,-0.03189925495688878,0.03614313879935468
678,792,-0.0787678276223736,0.0787678276223736,other,other,-0.00499846004368748,-0.07376936757868612
678,1226,-0.0943161909404358,0.0943161909404358,other,other,-0.08102513498132366,-0.013291055959112147
679,1147,0.1333344334828936,0.1333344334828936,other,other,0.158789042044515,-0.025454608561621406
679,1106,0.2364328723795911,0.2364328723795911,other,other,0.02646904119562965,0.20996383118396145
679,1431,-0.0742625817234916,0.0742625817234916,other,other,0.10030629081222803,-0.17456887253571962
680,772,0.2046412581923083,0.2046412581923083,other,other,-0.030750335159395847,0.23539159335170415
680,1342,0.0180702738011425,0.0180702738011425,other,other,0.001517180351544578,0.016553093449597923
681,775,0.2328848569139567,0.2328848569139567,other,other,0.2562962968022371,-0.0234114398882804
681,840,-0.7113621141412401,0.7113621141412401,other,immune_core,-0.6879106837356248,-0.02345143040561526
681,1443,0.1164424284569783,0.1164424284569783,other,other,0.1383424780135214,-0.021900049556543094
681,993,0.1294379524737182,0.1294379524737182,other,other,0.08150555883193783,0.04793239364178037
681,1549,-0.0449551881210066,0.0449551881210066,other,other,-0.04419750722320914,-0.0007576808977974581
682,1200,0.8939195505848034,0.8939195505848034,interface,interface,0.4838573843546732,0.41006216623013025
682,887,-0.8899753080037843,0.8899753080037843,interface,interface,-0.6640027796062963,-0.22597252839748805
683,1526,0.2336783594202746,0.2336783594202746,immune_core,interface,0.1385823322692727,0.0950960271510019
683,759,0.3926677437918353,0.3926677437918353,immune_core,immune_core,0.20930329486274993,0.18336444892908535
684,1354,-0.0086020059190026,0.0086020059190026,other,interface,0.010369349626376617,-0.018971355545379216
684,1297,-0.0640397720604002,0.0640397720604002,other,other,0.14385472424468046,-0.20789449630508067
684,867,0.0607659216572914,0.0607659216572914,other,other,0.0016222101383596699,0.05914371151893173
685,1097,-0.2905664178460833,0.2905664178460833,other,other,-0.1252061709001197,-0.16536024694596357
685,1177,0.1413999816796126,0.1413999816796126,other,other,0.007556831209755643,0.13384315046985695
686,919,0.0755844549615437,0.0755844549615437,immune_core,immune_core,0.15779834612537358,-0.08221389116382988
686,1226,0.2963603063265351,0.2963603063265351,immune_core,other,0.43878068912254076,-0.14242038279600566
686,792,0.5436768330234314,0.5436768330234314,immune_core,other,0.5148073640601769,0.028869468963254485
687,1448,-0.3489264984183578,0.3489264984183578,other,other,-0.2840354806921195,-0.06489101772623834
687,1031,0.1403669002406946,0.1403669002406946,other,other,0.07951944983516168,0.06084745040553291
687,1418,0.073647827656195,0.073647827656195,other,other,0.1352984020018159,-0.06165057434562089
688,1488,0.4427920499470767,0.4427920499470767,interface,interface,-0.08649553722741005,0.5292875871744868
688,1424,-0.961364531360446,0.961364531360446,interface,interface,-0.27888382170238024,-0.6824807096580657
688,1261,-0.3527817430801356,0.3527817430801356,interface,interface,-0.48507996998384695,0.13229822690371135
689,840,-0.7434567465208008,0.7434567465208008,other,immune_core,-0.6799521475745733,-0.06350459894622751
689,1115,-0.5346095723021508,0.5346095723021508,other,immune_core,-0.4571189940815406,-0.07749057822061017
689,1004,0.0648817743751844,0.0648817743751844,other,other,0.012891447015325658,0.05199032735985874
690,1437,-0.221799733987922,0.221799733987922,other,other,-0.21908797416085424,-0.0027117598270677556
690,1173,-0.4228797177188568,0.4228797177188568,other,immune_core,-0.4288254506887765,0.0059457329699196815
690,1066,-0.1076476073138271,0.1076476073138271,other,other,-0.14522279173207092,0.037575184418243826
690,789,-0.5640479071103899,0.5640479071103899,other,immune_core,-0.5097659026739084,-0.05428200443648146
691,1210,0.113577985830926,0.113577985830926,other,other,0.12464870257019181,-0.01107071673926581
691,1070,0.2330213306750324,0.2330213306750324,other,other,0.17131092574326987,0.061710404931762525
691,1110,0.0378181467820636,0.0378181467820636,other,other,0.027301423564076915,0.010516723217986683
691,1003,-0.3496740180154039,0.3496740180154039,other,immune_core,-0.2794287324862536,-0.07024528552915027
691,1490,0.2130126037359587,0.2130126037359587,other,other,0.20904378686157418,0.003968816874384523
692,1329,0.4686808333220788,0.4686808333220788,other,interface,0.2771222803347232,0.19155855298735563
692,1284,0.2096149153243566,0.2096149153243566,other,interface,0.27178983413513846,-0.062174918810781854
693,1117,-1.0467883487532472,1.0467883487532472,interface,interface,-0.6832180380359092,-0.36357031071733803
693,762,-1.1462938178524211,1.1462938178524211,interface,interface,-0.6968587276553849,-0.4494350901970362
694,1223,-0.1473607908745091,0.1473607908745091,other,other,-0.12034180848610149,-0.02701898238840761
694,745,-0.2065239235037429,0.2065239235037429,other,other,-0.147456192266346,-0.05906773123739692
695,1359,-0.056475737065841,0.056475737065841,other,other,0.1998996827090952,-0.25637541977493616
695,1051,-0.2153444833247884,0.2153444833247884,other,immune_core,-0.18477106401603194,-0.030573419308756455
695,1511,0.1888407397190846,0.1888407397190846,other,other,-0.0045278743351219175,0.19336861405420652
696,1551,-0.0254243834705436,0.0254243834705436,tumor_core,tumor_core,-0.09247745728131773,0.06705307381077413
696,1016,-0.5902157516071274,0.5902157516071274,tumor_core,other,-0.5340034235763872,-0.056212328030740166
696,1396,-0.660764805033303,0.660764805033303,tumor_core,other,-0.6595236981242161,-0.0012411069090869642
696,1553,-0.1774714655375022,0.1774714655375022,tumor_core,tumor_core,-0.12883644768904612,-0.048635017848456086
696,1149,-0.1758950748311851,0.1758950748311851,tumor_core,tumor_core,-0.24952934233972904,0.07363426750854393
697,1332,-0.0155522425868656,0.0155522425868656,interface,other,-0.145342446930471,0.1297902043436054
697,1581,0.0400027279774991,0.0400027279774991,interface,other,-0.04816820937346428,0.08817093735096337
697,1072,0.0326631164178268,0.0326631164178268,interface,interface,-0.049216596097166165,0.08187971251499296
697,1566,0.0559185407780245,0.0559185407780245,interface,interface,0.11280190674338714,-0.056883365965362635
697,1258,-0.1031833514781367,0.1031833514781367,interface,interface,0.2696314313277536,-0.3728147828058903
698,1419,0.5965371728372281,0.5965371728372281,interface,interface,0.1369580744599916,0.45957909837723643
699,1160,0.6863347179957215,0.6863347179957215,interface,interface,0.7783071331008714,-0.09197241510514986
699,1080,0.6229002233224491,0.6229002233224491,interface,interface,0.6388593661409853,-0.015959142818536165
699,807,0.7641861936728074,0.7641861936728074,interface,interface,0.8866471358709941,-0.1224609421981867
699,999,0.5997456906912333,0.5997456906912333,interface,interface,0.2623890216885848,0.3373566690026485
700,1087,-2.0431067267153113,2.0431067267153113,interface,interface,-2.180676729393514,0.13757000267820274
700,1268,-5.7352331050243,5.7352331050243,interface,interface,-4.151288100523446,-1.5839450045008547
700,1446,-4.122508211421592,4.122508211421592,interface,interface,-3.515174238364203,-0.607333973057389
701,1088,-0.0411477687058833,0.0411477687058833,other,other,-0.24180557015838033,0.20065780145249704
701,1219,-0.1922688559921876,0.1922688559921876,other,interface,-0.17290878532452814,-0.019360070667659462
701,1014,-0.1229048640998852,0.1229048640998852,other,interface,-0.22104803399517747,0.09814316989529227
701,1409,-0.1416221858001992,0.1416221858001992,other,tumor_core,-0.033024165987529705,-0.10859801981266949
701,849,-0.0170548910812358,0.0170548910812358,other,other,-0.23298910062231526,0.21593420954107945
701,1158,-0.1363495385211694,0.1363495385211694,other,tumor_core,0.2504274785861258,-0.3867770171072952
702,867,0.0758941291687559,0.0758941291687559,other,other,0.09736449154646548,-0.02147036237770958
702,791,-0.0132203915359104,0.0132203915359104,other,other,-0.012258709172459914,-0.0009616823634504869
702,755,-0.0584859396886268,0.0584859396886268,other,other,-0.08053377833806119,0.02204783864943439
703,1107,0.1074565801176412,0.1074565801176412,other,other,0.055403961886623554,0.052052618231017644
703,1001,-0.2793016544112781,0.2793016544112781,other,immune_core,-0.30266351884895515,0.02336186443767707
703,1293,-0.0981359028728203,0.0981359028728203,other,other,-0.03919256998967019,-0.05894333288315011
703,1473,-0.2724469858585807,0.2724469858585807,other,immune_core,-0.15413584647705292,-0.11831113938152776
703,1101,-0.1545193698436773,0.1545193698436773,other,immune_core,-0.2347349391436666,0.0802155692999893
704,1374,0.0825716234639511,0.0825716234639511,other,other,0.1654878148755051,-0.082916191411554
704,1537,0.2307264642022626,0.2307264642022626,other,other,0.21134410955555608,0.019382354646706512
704,1052,0.2237407973097228,0.2237407973097228,other,other,0.09281551228812326,0.13092528502159953
704,1125,0.2124836348334399,0.2124836348334399,other,interface,-0.06301813261891887,0.27550176745235877
704,1159,-0.0902127763733159,0.0902127763733159,other,immune_core,0.04213347446268023,-0.13234625083599613
705,926,0.5217061445520986,0.5217061445520986,interface,interface,0.15307718224589814,0.36862896230620046
705,860,-0.1099157213243804,0.1099157213243804,interface,interface,-0.1800133007062994,0.07009757938191899
705,1243,-0.2681658150395697,0.2681658150395697,interface,interface,-0.046734839168681985,-0.22143097587088773
705,1452,0.0686503772367446,0.0686503772367446,interface,interface,0.24235645118559285,-0.17370607394884824
706,1286,0.1960436226265942,0.1960436226265942,other,other,0.1867144653540826,0.009329157272511601
706,1565,0.1683781395461583,0.1683781395461583,other,other,0.1626046636276572,0.005773475918501109
706,800,0.2132050469671973,0.2132050469671973,other,other,0.20122110331761633,0.01198394364958097
706,1205,-0.2848040462195416,0.2848040462195416,other,other,-0.27765594658872156,-0.007148099630820026
706,965,0.2109656248939929,0.2109656248939929,other,other,0.2110008632397516,-3.5238345758692446e-05
706,1467,0.1188983170864672,0.1188983170864672,other,other,0.13880173669666607,-0.01990341961019887
707,1104,0.1333561555708471,0.1333561555708471,other,other,0.093427820172433,0.0399283353984141
707,1287,0.1589988566155777,0.1589988566155777,other,other,0.16568950229819734,-0.00669064568261965
708,1356,-0.092800721691203,0.092800721691203,interface,interface,-0.00511747687926678,-0.08768324481193622
708,1140,0.1046138565330247,0.1046138565330247,interface,interface,-0.1949696812718309,0.2995835378048556
708,1536,0.1353570447781706,0.1353570447781706,interface,interface,0.298027999606326,-0.16267095482815538
709,1385,-0.1225998339020033,0.1225998339020033,other,interface,-0.2040488621579878,0.08144902825598449
709,990,-0.0421905739042201,0.0421905739042201,other,interface,-0.011634658045349452,-0.030555915858870644
709,1020,-0.103257096960396,0.103257096960396,other,other,-0.20025663097935664,0.09699953401896064
710,1277,-0.0178791849655811,0.0178791849655811,interface,interface,-0.1068838274539502,0.08900464248836909
710,1191,0.0361435752725991,0.0361435752725991,interface,interface,-0.20914890439039388,0.24529247966299297
710,1240,0.090701360882433,0.090701360882433,interface,interface,-0.07404183844072015,0.16474319932315315
710,1372,-0.2423477110079317,0.2423477110079317,interface,interface,0.006843441724746102,-0.2491911527326778
711,769,0.6687794023151342,0.6687794023151342,interface,interface,0.6782861202834108,-0.009506717968276623
711,1211,-0.0866029250284121,0.0866029250284121,interface,other,-0.004094250061203342,-0.08250867496720876
712,1005,0.6767454758494386,0.6767454758494386,other,tumor_core,0.5835077701413398,0.09323770570809875
712,1006,0.0009647683135164,0.0009647683135164,other,other,0.01475649588049377,-0.01379172756697737
712,914,0.0436836522511102,0.0436836522511102,other,other,-0.00995162237646785,0.05363527462757805
712,954,-0.1431531207752285,0.1431531207752285,other,other,-0.12446589655741508,-0.01868722421781341
713,1547,-0.3144773764136462,0.3144773764136462,other,other,-0.19586603654881873,-0.11861133986482747
713,1325,0.1139333830610587,0.1139333830610587,other,other,0.03323159856430963,0.08070178449674907
713,1114,-0.1557109109174726,0.1557109109174726,other,other,-0.14876766065518443,-0.006943250262288175
713,1174,0.0072557842665806,0.0072557842665806,other,other,-0.09914911164594353,0.10640489591252414
714,1375,-0.0665131219575543,0.0665131219575543,interface,interface,-0.17451965159950075,0.10800652964194646
714,1022,1.6622455291059692,1.6622455291059692,interface,interface,1.3712968035377988,0.2909487255681704
715,1447,0.266106992542643,0.266106992542643,immune_core,immune_core,0.20468329082469444,0.06142370171794853
715,1464,-0.3823236914994931,0.3823236914994931,immune_core,immune_core,-0.3282442983167832,-0.05407939318270988
715,953,0.4278384582257683,0.4278384582257683,immune_core,other,0.3103276953437528,0.11751076288201551
716,1153,0.0251975546333399,0.0251975546333399,other,other,0.06057944395443693,-0.03538188932109703
716,1148,-0.1792649399736678,0.1792649399736678,other,other,-0.12894113405992913,-0.05032380591373867
716,742,0.138824317789739,0.138824317789739,other,other,0.16216312646594966,-0.02333880867621066
716,909,0.0839391814296103,0.0839391814296103,other,other,0.14387854536112843,-0.059939363931518136
717,1028,-0.3461043389854296,0.3461043389854296,other,immune_core,-0.3779237731118872,0.0318194341264576
717,1517,0.0734989479109487,0.0734989479109487,other,other,0.016577180695414084,0.056921767215534616
718,960,-0.3636693500251775,0.3636693500251775,other,other,-0.44849937027091336,0.08483002024573588
718,1373,-0.1510362150168872,0.1510362150168872,other,other,-0.11302036410306934,-0.038015850913817845
718,1183,-0.3720376472714398,0.3720376472714398,other,other,-0.4310982408724615,0.05906059360102173
718,1209,-0.1182644041672299,0.1182644041672299,other,other,-0.06355720177012397,-0.05470720239710593
719,1582,-0.0873703117570344,0.0873703117570344,other,other,-0.09511277822782058,0.007742466470786177
719,1162,-0.0869213394100297,0.0869213394100297,other,other,-0.08311747908638176,-0.003803860323647948
719,1076,-0.190618115133238,0.190618115133238,other,other,-0.16066712064120117,-0.029950994492036837
719,1360,-0.1215312911925858,0.1215312911925858,other,other,-0.13763388021164938,0.016102589019063585
719,1503,-0.0600718465847971,0.0600718465847971,other,other,-0.056232083236898406,-0.003839763347898692
720,975,0.3644222006628629,0.3644222006628629,other,other,0.39305231251358097,-0.028630111850718065
720,983,0.1960861620421608,0.1960861620421608,other,other,0.18994879286587002,0.006137369176290791
720,1188,0.3648294304675848,0.3648294304675848,other,other,0.3657785494367112,-0.0009491189691263613
720,1074,0.1961303640539845,0.1961303640539845,other,other,0.17993164623469496,0.016198717819289554
721,1246,-0.152161611970891,0.152161611970891,interface,interface,-0.11162931125579764,-0.04053230071509337
721,1477,-0.0007730196644882,0.0007730196644882,interface,interface,0.03491184365618788,-0.03568486332067608
722,1555,0.1059894279320158,0.1059894279320158,other,interface,-0.04057067727684521,0.146560105208861
722,1550,-0.0912403814790253,0.0912403814790253,other,other,-0.12252087348629905,0.031280492007273744
723,1218,0.1624499591647368,0.1624499591647368,immune_core,other,0.26343441179822175,-0.10098445263348493
723,1133,0.2213378836438538,0.2213378836438538,immune_core,other,0.2129575096569524,0.00838037398690139
723,1459,-0.0129939185084589,0.0129939185084589,immune_core,immune_core,-0.013906896767495625,0.0009129782590367244
724,767,0.1746256704945252,0.1746256704945252,interface,interface,-0.12931672410546557,0.3039423945999908
724,1213,-0.2520513225913751,0.2520513225913751,interface,interface,0.18449534685609134,-0.43654666944746645
724,1094,0.1585868844056348,0.1585868844056348,interface,other,-0.07633679871824953,0.2349236831238843
724,1400,-0.0850008866313402,0.0850008866313402,interface,interface,0.05853973615105276,-0.14354062278239296
725,1524,-0.4208848269902675,0.4208848269902675,interface,interface,-0.2176061983590305,-0.20327862863123702
725,1509,-0.0182074562345987,0.0182074562345987,interface,interface,0.21376268630936138,-0.2319701425439601
725,1363,-0.1838768302598692,0.1838768302598692,interface,interface,-0.31755544536793057,0.13367861510806137
725,1106,0.213123427836187,0.213123427836187,interface,other,0.07897676951288629,0.13414665832330072
725,1147,0.0923177501902029,0.0923177501902029,interface,other,0.21129677036177164,-0.11897902017156874
726,944,1.3854813620972026,1.3854813620972026,immune_core,immune_core,0.45637466204176574,0.9291067000554369
726,1227,0.9777130899282384,0.9777130899282384,immune_core,immune_core,1.135919438277785,-0.15820634834954672
726,1544,-0.7586396108653356,0.7586396108653356,immune_core,interface,0.5627471576297883,-1.321386768495124
727,1174,-0.0002804066849895,0.0002804066849895,other,other,0.09786006875656161,-0.09814047544155112
727,1433,-0.0123792572847639,0.0123792572847639,other,other,-0.05577428386887673,0.04339502658411283
727,1325,0.0546952164830936,0.0546952164830936,other,other,0.23024077896681477,-0.17554556248372116
727,1382,0.1603818572506982,0.1603818572506982,other,other,0.06924142486291784,0.09114043238778036
728,790,-0.1190861897618189,0.1190861897618189,other,other,0.33402283822516676,-0.45310902798698566
728,1299,-0.1923082636558803,0.1923082636558803,other,immune_core,-0.017787562205861196,-0.1745207014500191
728,1159,-0.1861998894024013,0.1861998894024013,other,immune_core,-0.22480726465566067,0.038607375253259385
729,797,-0.672420278259878,0.672420278259878,interface,interface,-0.4361644873092896,-0.23625579095058846
729,758,0.5999926267261589,0.5999926267261589,interface,interface,0.08642230898914743,0.5135703177370115
729,1011,-0.6698515910116593,0.6698515910116593,interface,other,-0.7294809461595103,0.05962935514785106
729,985,-0.6716028708976823,0.6716028708976823,interface,interface,-0.5344908448134552,-0.13711202608422712
729,1217,-0.4789937989066569,0.4789937989066569,interface,tumor_core,-0.36604498679155034,-0.11294881211510654
730,858,-0.0049173557565518,0.0049173557565518,interface,interface,-0.039648066304385166,0.03473071054783337
730,1064,0.1774712171544433,0.1774712171544433,interface,interface,0.17691290385515235,0.0005583132992909579
730,1278,0.0792891838754951,0.0792891838754951,interface,interface,0.03132713081844929,0.04796205305704582
730,884,0.0121176551438408,0.0121176551438408,interface,other,0.05437089101599846,-0.04225323587215766
730,1025,-0.0251185045915001,0.0251185045915001,interface,immune_core,0.009744627605435041,-0.03486313219693514
730,1485,0.0409387189908866,0.0409387189908866,interface,interface,0.047073915849153214,-0.006135196858266613
731,1500,0.249663858952817,0.249663858952817,interface,immune_core,-0.3925910381575437,0.6422548971103608
731,1043,0.0341604561900012,0.0341604561900012,interface,interface,-0.16629269731493868,0.20045315350493986
731,1454,0.113370922842966,0.113370922842966,interface,tumor_core,0.13399774767645284,-0.020626824833486837
731,1522,0.2179533851456786,0.2179533851456786,interface,interface,0.5337283573880822,-0.3157749722424036
732,864,0.5852055195293387,0.5852055195293387,interface,interface,0.40114998022615017,0.18405553930318858
732,1075,0.3948808760555749,0.3948808760555749,interface,interface,0.10814624322618199,0.28673463282939293
732,1204,-0.2171236715656468,0.2171236715656468,interface,interface,0.23405418109189274,-0.4511778526575395
732,976,-0.0758712106378444,0.0758712106378444,interface,tumor_core,-0.31841022229505267,0.24253901165720826
733,920,-0.538030741380246,0.538030741380246,interface,interface,-0.3253322676353988,-0.21269847374484718
733,803,-0.9496955382434968,0.9496955382434968,interface,interface,-0.580406752529233,-0.3692887857142638
733,895,1.3029660524491606,1.3029660524491606,interface,interface,0.8429752306810328,0.4599908217681279
734,869,0.3620339249300862,0.3620339249300862,other,other,0.3093327523835265,0.052701172546559705
734,937,0.3616420909143193,0.3616420909143193,other,other,0.24041394048363857,0.12122815043068075
734,951,0.1939527718689884,0.1939527718689884,other,other,0.1646959511263899,0.0292568207425985
735,1552,0.0089530848268496,0.0089530848268496,other,other,-0.10089287796029989,0.10984596278714949
735,1093,0.0327445604961354,0.0327445604961354,other,other,-0.08804804098844528,0.12079260148458068
735,1579,-0.0524954365231038,0.0524954365231038,other,other,-0.019779139012393913,-0.03271629751070989
736,1221,0.1665262934010502,0.1665262934010502,interface,interface,-0.42023789719683724,0.5867641905978874
736,1578,0.0247367800226315,0.0247367800226315,interface,other,0.11503843912945899,-0.0903016591068275
736,1056,0.1535172854594271,0.1535172854594271,interface,interface,0.3987643079602392,-0.2452470225008121
736,1465,0.2060949079428716,0.2060949079428716,interface,interface,-0.010478563488958814,0.21657347143183042
737,959,-0.3163697582862677,0.3163697582862677,interface,interface,-0.12510294389622012,-0.19126681439004756
737,1543,-0.3643481363929116,0.3643481363929116,interface,immune_core,-0.26478940063384016,-0.09955873575907143
737,1533,-0.2171365949138594,0.2171365949138594,interface,immune_core,-0.19765172883315274,-0.019484866080706653
737,1166,-0.3896185820050192,0.3896185820050192,interface,interface,-0.2614830902819967,-0.12813549172302252
737,1204,0.1658335194084177,0.1658335194084177,interface,interface,-0.1854572498286925,0.3512907692371102
738,1456,-0.5325968506646566,0.5325968506646566,interface,interface,0.2316157126970303,-0.7642125633616869
738,1585,0.2854188395518979,0.2854188395518979,interface,interface,-0.45878366218889,0.7442025017407878
738,952,-0.984033137500508,0.984033137500508,interface,interface,-0.6730761193698573,-0.3109570181306507
739,1047,0.0358140201913861,0.0358140201913861,other,other,0.02809373253601488,0.007720287655371222
739,1113,0.0978203300229916,0.0978203300229916,other,interface,0.09082185384181218,0.006998476181179422
739,859,0.0959615462990526,0.0959615462990526,other,interface,0.015753232964751396,0.0802083133343012
740,1193,-0.163430305227066,0.163430305227066,tumor_core,other,-0.06640128964702141,-0.09702901558004459
740,1350,0.0474807288560173,0.0474807288560173,tumor_core,tumor_core,0.010287561099156184,0.037193167756861115
740,877,0.1378687872107566,0.1378687872107566,tumor_core,other,0.17851295188453115,-0.04064416467377455
741,801,0.1433474350786115,0.1433474350786115,interface,interface,0.11953354777854869,0.023813887300062814
741,989,0.3717039959792985,0.3717039959792985,interface,other,0.24166666239075058,0.1300373335885479
741,1486,-0.1050422745180145,0.1050422745180145,interface,other,-0.12367615693878062,0.01863388242076612
742,909,-0.0548851363601287,0.0548851363601287,other,other,-0.01828458110482123,-0.03660055525530747
742,1181,0.6297207843580126,0.6297207843580126,other,interface,0.49210187990483867,0.13761890445317393
742,1038,-0.0455259217516843,0.0455259217516843,other,interface,0.10895420810027967,-0.15448012985196397
742,1153,-0.072601594450416,0.072601594450416,other,other,-0.10158368251151273,0.028982088061096728
743,1115,-0.5653683070274462,0.5653683070274462,other,immune_core,-0.4915723254462679,-0.07379598158117834
743,1019,-0.1282461962925801,0.1282461962925801,other,other,-0.10512661868148854,-0.02311957761109157
743,977,0.0423874702217482,0.0423874702217482,other,other,0.043889638314738744,-0.001502168092990544
743,1451,0.2686554365338541,0.2686554365338541,other,other,0.20732848247884578,0.06132695405500832
744,1080,0.6422758766549674,0.6422758766549674,interface,interface,0.7150348154547852,-0.07275893879981776
744,1055,0.8808953253395473,0.8808953253395473,interface,interface,0.8160760482713754,0.06481927706817192
744,1017,-0.0032760291706165,0.0032760291706165,interface,interface,0.3398598436286709,-0.34313587279928737
744,1022,2.391108275330187,2.391108275330187,interface,interface,2.485776913078666,-0.09466863774847889
745,814,-0.0685690131582142,0.0685690131582142,other,other,-0.008260463956569875,-0.06030854920164433
745,1132,-0.1184713617180997,0.1184713617180997,other,other,-0.04110454398846097,-0.07736681772963873
746,1237,-0.0192979297593613,0.0192979297593613,other,other,-0.05694631344972931,0.037648383690368006
746,996,0.3933004467490071,0.3933004467490071,other,tumor_core,0.492891599051695,-0.09959115230268789
746,1492,0.3534559415537646,0.3534559415537646,other,interface,0.2852893469463194,0.06816659460744517
747,1007,-0.1089001534006254,0.1089001534006254,other,other,-0.07906865552690481,-0.02983149787372058
747,1285,0.1988113866334627,0.1988113866334627,other,other,0.15152142747190883,0.047289959161553874
747,1122,0.2706854156778273,0.2706854156778273,other,other,0.27367100513424875,-0.002985589456421467
748,827,-0.0693473270724095,0.0693473270724095,other,other,-0.040364246718115004,-0.02898308035429449
748,762,0.3164987843277208,0.3164987843277208,other,interface,0.24130991903224275,0.07518886529547802
748,1117,0.2505399933795759,0.2505399933795759,other,interface,0.2549506086517185,-0.004410615272142593
748,1515,0.0232998027655253,0.0232998027655253,other,tumor_core,0.05419897575728949,-0.03089917299176419
748,784,0.239852110938119,0.239852110938119,other,interface,0.2354279475489357,0.004424163389183305
749,802,0.6036450666072641,0.6036450666072641,other,tumor_core,0.5636595484199114,0.03998551818735274
749,1344,0.0655241711205797,0.0655241711205797,other,other,0.15269709713943924,-0.08717292601885954
750,1055,-0.0348033125527417,0.0348033125527417,interface,interface,0.031191855374673005,-0.06599516792741471
750,1525,-0.7758339543530657,0.7758339543530657,interface,interface,-0.7643174081135959,-0.011516546239469738
750,1366,0.1504832028520018,0.1504832028520018,interface,interface,0.2265912771365557,-0.07610807428455388
751,1523,0.0829959650802297,0.0829959650802297,interface,interface,-0.011249247748098767,0.09424521282832847
751,1367,0.7049544472867608,0.7049544472867608,interface,interface,1.714593010817977,-1.0096385635312162
751,771,1.5061930474010348,1.5061930474010348,interface,interface,1.1809706827820374,0.32522236461899734
752,1308,0.2683386547569627,0.2683386547569627,interface,interface,0.7153473446966412,-0.44700868993967846
752,964,0.0036357212905104,0.0036357212905104,interface,interface,-0.2478102617022998,0.2514459829928102
752,1161,-0.1012212711865111,0.1012212711865111,interface,interface,0.2310769247752681,-0.3322981959617792
753,1264,-0.9443931650337108,0.9443931650337108,interface,interface,-0.9065867317518903,-0.03780643328182054
753,833,-0.4369984534357568,0.4369984534357568,interface,interface,-0.6348875778992705,0.19788912446351375
753,1184,-0.3955513014300406,0.3955513014300406,interface,interface,-0.9042948379578316,0.508743536527791
753,1109,-1.052787000792736,1.052787000792736,interface,interface,-1.174491580444811,0.12170457965207504
753,807,-0.4940363248600221,0.4940363248600221,interface,interface,-0.5000543644390961,0.0060180395790740415
754,835,0.5857290361991065,0.5857290361991065,interface,interface,0.3551712666723365,0.23055776952677004
754,862,-0.0197051631585742,0.0197051631585742,interface,interface,0.35974708475336603,-0.3794522479119402
754,1170,1.0758642764512183,1.0758642764512183,interface,interface,0.8529924423141544,0.2228718341370639
754,1284,-0.1656677349590118,0.1656677349590118,interface,interface,-0.12604147669594884,-0.03962625826306296
755,791,0.0967953895454705,0.0967953895454705,other,other,0.06827506916560128,0.02852032037986922
756,953,0.1944543201204286,0.1944543201204286,other,other,0.25786639331047456,-0.06341207319004596
756,1413,0.0576409869878302,0.0576409869878302,other,other,-0.13657239372694774,0.19421338071477795
756,1459,-0.0737207924201334,0.0737207924201334,other,immune_core,0.04080415488496317,-0.11452494730509656
756,823,-0.2811744310926058,0.2811744310926058,other,immune_core,-0.17266519136056946,-0.10850923973203636
756,1464,-0.3590733175019868,0.3590733175019868,other,immune_core,-0.38070560035006146,0.02163228284807467
757,1524,0.5774475968525611,0.5774475968525611,interface,interface,0.5768623872597692,0.0005852095927918466
757,1136,-0.6038949162098973,0.6038949162098973,interface,interface,0.1524527594716365,-0.7563476756815338
757,883,2.441262256546288,2.441262256546288,interface,interface,1.3508318163491024,1.0904304401971854
757,1371,0.6334938693121162,0.6334938693121162,interface,interface,1.0325386877609495,-0.3990448184488333
758,1225,-0.267771122956962,0.267771122956962,interface,interface,-0.10741906598055914,-0.16035205697640284
758,797,-0.3622210189133245,0.3622210189133245,interface,interface,-0.522586796298437,0.16036577738511248
758,1343,-0.055130690245241,0.055130690245241,interface,interface,-0.3622499146631498,0.30711922441790884
759,956,0.9904300868339349,0.9904300868339349,immune_core,other,0.9259231305843548,0.06450695624958003
759,1397,0.2756227648178299,0.2756227648178299,immune_core,immune_core,0.18038885820918507,0.09523390660864481
760,1267,-0.2471502006297776,0.2471502006297776,other,other,-0.1999678952670753,-0.04718230536270229
760,1364,-0.2471502006297776,0.2471502006297776,other,other,-0.17699970260966597,-0.07015049802011164
760,894,-0.7874724407564391,0.7874724407564391,other,immune_core,-0.9135713568386945,0.12609891608225543
761,1403,-0.092535891154169,0.092535891154169,interface,interface,-0.15642083540909096,0.06388494425492196
761,995,-0.1196381657436404,0.1196381657436404,interface,interface,-0.012312989067763569,-0.10732517667587683
762,1117,-0.0659587909481449,0.0659587909481449,interface,interface,0.013640689619475732,-0.07959948056762063
763,1198,-0.1432530173234042,0.1432530173234042,interface,interface,0.09093110922199013,-0.23418412654539433
763,1045,0.1066373186533441,0.1066373186533441,interface,tumor_core,0.24278059709287894,-0.13614327843953483
763,1222,1.193685637928164,1.193685637928164,interface,interface,0.7966549307821993,0.39703070714596467
764,1381,0.4055470332743489,0.4055470332743489,interface,interface,0.435678280978401,-0.030131247704052122
764,1317,-0.5542240640775091,0.5542240640775091,interface,interface,-0.35644593911596234,-0.1977781249615468
764,906,0.2817016899698832,0.2817016899698832,interface,interface,0.03173417049380822,0.24996751947607498
765,1530,-0.2906910173850845,0.2906910173850845,other,immune_core,0.001626636016165972,-0.2923176534012505
765,1573,-0.2075347580796259,0.2075347580796259,other,interface,-0.08304777922034912,-0.12448697885927679
765,1544,-0.0483739344300274,0.0483739344300274,other,interface,-0.33978224828126213,0.2914083138512347
766,917,-1.0527668761128774,1.0527668761128774,interface,interface,0.09391309001293391,-1.1466799661258114
766,1190,0.6023987724838978,0.6023987724838978,interface,interface,0.9634511968938272,-0.36105242440992935
767,1021,-0.2550605033865714,0.2550605033865714,interface,other,-0.273854324063283,0.018793820676711592
767,1199,0.3490066905580539,0.3490066905580539,interface,interface,0.010689763328180835,0.33831692722987305
770,913,0.3342499651255239,0.3342499651255239,immune_core,immune_core,0.3203637162179367,0.013886248907587218
770,1331,0.8336189794432777,0.8336189794432777,immune_core,other,0.8613625886093168,-0.02774360916603913
770,1312,0.5089306991073287,0.5089306991073287,immune_core,other,0.5683216807905055,-0.0593909816831768
770,1007,0.5958517010240807,0.5958517010240807,immune_core,other,0.5593265939522865,0.03652510707179424
771,1245,-0.5817789229012661,0.5817789229012661,interface,interface,-0.3641808291754957,-0.21759809372577038
771,1523,-1.864772864390389,1.864772864390389,interface,interface,-1.1922199305301362,-0.6725529338602527
772,1313,-0.324825621358946,0.324825621358946,other,other,-0.5101542251010003,0.1853286037420543
773,1505,0.1950682229201988,0.1950682229201988,interface,other,0.19505586953466758,1.2353385531210792e-05
773,1432,0.2797772404672762,0.2797772404672762,interface,tumor_core,0.2219044691011327,0.057872771366143494
773,903,-0.0059156136561653,0.0059156136561653,interface,other,0.13915549900544477,-0.14507111266161007
774,1101,-0.146575089323837,0.146575089323837,other,immune_core,-0.22199655885759328,0.07542146953375628
774,1107,0.1057572306721541,0.1057572306721541,other,other,0.06814234217269688,0.037614888499457225
774,1238,0.048166831506557,0.048166831506557,other,other,0.07433723432047301,-0.026170402813916013
775,1443,-0.1164424284569783,0.1164424284569783,other,other,-0.11795381878871569,0.001511390331737389
775,1070,0.0187996365681734,0.0187996365681734,other,other,-0.09908892793173313,0.11788856449990653
775,1561,-1.4454162984045833,1.4454162984045833,other,immune_core,-1.2045604931751144,-0.24085580522946892
775,1549,-0.2443700367944385,0.2443700367944385,other,other,-0.30049380402544623,0.05612376723100773
776,1332,0.0925884490547087,0.0925884490547087,other,other,0.0008816878517037274,0.09170676120300497
776,1178,0.0079574957446698,0.0079574957446698,other,other,0.059744313996504705,-0.051786818251834905
776,1301,-0.1941122031277722,0.1941122031277722,other,immune_core,0.005371483139359423,-0.19948368626713162
777,1575,-0.1424181177728846,0.1424181177728846,other,other,-0.166245710550437,0.023827592777552392
777,1041,-0.1051059562989266,0.1051059562989266,other,other,-0.0915652511601932,-0.0135407051387334
777,834,0.0022912783886229,0.0022912783886229,other,other,-0.036588578154150564,0.03887985654277346
777,1291,-0.0515504597617759,0.0515504597617759,other,other,-0.0030771532115592692,-0.04847330655021663
778,842,0.6595736307076379,0.6595736307076379,interface,interface,0.24955537107128958,0.4100182596363483
778,1067,-0.3295626965796671,0.3295626965796671,interface,interface,0.02104174438469203,-0.3506044409643591
779,799,-0.1107274422532248,0.1107274422532248,other,other,0.06189486434004443,-0.17262230659326921
779,1386,-0.0762871578350839,0.0762871578350839,other,other,0.20209737166195557,-0.27838452949703946
779,882,-0.0778135425312918,0.0778135425312918,other,other,0.0056482006290681785,-0.08346174316035998
779,1435,0.114567177638198,0.114567177638198,other,immune_core,-0.3763278983166924,0.4908950759548904
780,982,-0.5653011099828332,0.5653011099828332,interface,interface,-0.3872532405579389,-0.1780478694248943
780,1562,-0.4483013860715201,0.4483013860715201,interface,interface,-0.3597161265125982,-0.08858525955892188
780,1000,-0.1185817937958306,0.1185817937958306,interface,interface,-0.4243034900412224,0.3057216962453918
780,1191,-0.9163570512994224,0.9163570512994224,interface,interface,-0.06497060996789458,-0.8513864413315277
780,1277,0.1205434361341491,0.1205434361341491,interface,interface,0.0372944669685491,0.0832489691656
781,1567,0.2019848434200125,0.2019848434200125,other,tumor_core,0.21375785757259852,-0.011773014152586025
782,969,-0.0738429049684533,0.0738429049684533,other,interface,-0.16855529350775456,0.09471238853930125
782,1134,0.0024875707242546,0.0024875707242546,other,other,-0.05389479815524545,0.05638236887950005
783,1224,0.3147515844801431,0.3147515844801431,interface,tumor_core,0.1977443191750887,0.11700726530505443
783,1290,-0.1359171302359375,0.1359171302359375,interface,interface,-0.051551846582159,-0.08436528365377849
783,1044,0.101033821620241,0.101033821620241,interface,interface,0.22334442231199894,-0.12231060069175795
784,1515,-0.2165523081725937,0.2165523081725937,interface,tumor_core,-0.1812289717916462,-0.03532333638094748
784,1117,0.0106878824414568,0.0106878824414568,interface,interface,0.01952266110278278,-0.00883477866132598
785,1011,-0.0252915694419636,0.0252915694419636,other,other,0.0031292414348852438,-0.028420810876848845
785,973,-0.1098858541386258,0.1098858541386258,other,other,-0.1099141024260738,2.824828744800445e-05
785,1469,-0.2608121732330751,0.2608121732330751,other,other,-0.25357243273742613,-0.007239740495648961
785,1395,-0.1812304010886834,0.1812304010886834,other,other,0.028407043514216412,-0.20963744460289982
786,948,0.1627918889777039,0.1627918889777039,other,other,0.10058672691115855,0.06220516206654536
786,1425,-0.0364636854865216,0.0364636854865216,other,other,-0.040515005907884954,0.004051320421363351
786,812,0.2470626181578598,0.2470626181578598,other,other,0.1121648069638772,0.1348978111939826
787,1048,-0.6748278095775084,0.6748278095775084,interface,interface,-0.8135968729108091,0.13876906333330064
787,825,0.0463721843036877,0.0463721843036877,interface,interface,0.03676058673270888,0.00961159757097882
787,1062,1.0365217769022106,1.0365217769022106,interface,interface,1.1576610348482927,-0.12113925794608216
787,1008,-0.2581939884196654,0.2581939884196654,interface,interface,-0.23979205065575948,-0.018401937763905918
787,1050,-0.2133720205849874,0.2133720205849874,interface,interface,-0.2459563851597334,0.032584364574746005
788,1310,0.2696078682086119,0.2696078682086119,interface,interface,0.16996053723284105,0.09964733097577083
788,1239,0.4286394332368106,0.4286394332368106,interface,interface,0.24141545252880264,0.18722398070800794
788,1234,0.5171750321681744,0.5171750321681744,interface,interface,0.44104667154323324,0.07612836062494116
788,1278,0.189701980527221,0.189701980527221,interface,interface,0.11130128021702995,0.07840070031019106
788,1143,-0.2977543538071879,0.2977543538071879,interface,other,-0.14911350240583154,-0.14864085140135636
789,839,-0.3136162873553908,0.3136162873553908,immune_core,immune_core,-0.2256549626807,-0.08796132467469081
789,1173,0.1010855959733341,0.1010855959733341,immune_core,immune_core,0.08094045198513194,0.02014514398820215
789,1435,-0.4920777150896759,0.4920777150896759,immune_core,immune_core,-0.10553664076776342,-0.3865410743219125
789,1066,0.6841992217148928,0.6841992217148928,immune_core,other,0.3645431109418375,0.3196561107730553
790,912,-1.398828958927312,1.398828958927312,other,immune_core,-1.0275222780084234,-0.3713066809188885
790,1159,-0.4160123548608411,0.4160123548608411,other,immune_core,-0.5588301028808275,0.14281774801998637
790,1299,-0.5453728130909825,0.5453728130909825,other,immune_core,-0.35181040043102796,-0.19356241265995455
791,1427,-0.0251163545723821,0.0251163545723821,other,other,-0.01129477546115526,-0.01382157911122684
792,919,-0.3854383758648219,0.3854383758648219,other,immune_core,-0.35700901793480333,-0.02842935793001855
792,1226,-0.0621030803627516,0.0621030803627516,other,other,-0.07602667493763618,0.013923594574884582
792,1020,-0.0390338496280602,0.0390338496280602,other,other,-0.04417288178620385,0.005139032158143653
793,810,-0.3376318660459158,0.3376318660459158,interface,other,-0.22536413501005703,-0.11226773103585874
793,1532,-0.1758233499403044,0.1758233499403044,interface,other,-0.21074938928452863,0.034926039344224225
793,1024,0.1741975779615575,0.1741975779615575,interface,interface,0.024217991572154943,0.14997958638940256
793,830,0.367489220962121,0.367489220962121,interface,interface,0.4227677910586221,-0.05527857009650111
793,1168,0.5900304416841877,0.5900304416841877,interface,interface,0.6867949891305078,-0.09676454744632013
794,1367,0.3449647781469583,0.3449647781469583,interface,interface,0.33114658623857507,0.013818191908383237
794,1124,-0.0853819561800795,0.0853819561800795,interface,interface,-0.32225347831773754,0.23687152213765805
794,970,-0.2576518207449439,0.2576518207449439,interface,interface,-0.3257866858562007,0.06813486511125677
794,1484,-0.397157120589753,0.397157120589753,interface,interface,-0.5680215277167528,0.17086440712699985
795,820,-0.0049918809941525,0.0049918809941525,other,other,-0.024135922239209073,0.019144041245056573
795,1276,-0.2818704588173643,0.2818704588173643,other,immune_core,-0.4437468868910472,0.1618764280736829
795,979,0.0471408886390481,0.0471408886390481,other,other,0.1367880955391821,-0.08964720690013399
796,1170,-0.1034828985202886,0.1034828985202886,immune_core,interface,0.1412680161598906,-0.24475091468017918
796,835,-0.2842541823340466,0.2842541823340466,immune_core,interface,-0.35655315948192723,0.07229897714788064
796,1530,0.1548548253607261,0.1548548253607261,immune_core,immune_core,-0.0315041437140981,0.1863589690748242
796,1078,-0.0954765030299968,0.0954765030299968,immune_core,immune_core,-0.01345008926526231,-0.08202641376473449
796,944,-0.5190453348004297,0.5190453348004297,immune_core,immune_core,-0.47928552359954885,-0.039759811200880846
797,958,0.798731874686845,0.798731874686845,interface,interface,0.5613454038519052,0.2373864708349398
797,985,-0.0724346458492528,0.0724346458492528,interface,interface,-0.09832635750416563,0.02589171165491283
798,1009,-0.071259717270581,0.071259717270581,other,immune_core,-0.1709770701718119,0.0997173529012309
798,1154,-0.0560368520544085,0.0560368520544085,other,immune_core,-0.15079394057360967,0.09475708851920117
798,1442,-0.1357701113085086,0.1357701113085086,other,other,0.033647366202077644,-0.16941747751058625
798,1423,-0.1546548691122104,0.1546548691122104,other,other,-0.02526766612743747,-0.12938720298477294
799,1335,-0.0581012467428725,0.0581012467428725,other,other,0.009493548544635688,-0.0675947952875082
799,1434,-0.0636985535930121,0.0636985535930121,other,other,-0.0265497057922901,-0.037148847800722
799,1435,-0.36918022280213,0.36918022280213,other,immune_core,-0.4382227626567368,0.06904253985460684
800,925,-0.1233012252367179,0.1233012252367179,other,other,-0.11915940598532831,-0.004141819251389581
800,1467,-0.0588785592198869,0.0588785592198869,other,other,-0.06241936662095027,0.00354080740106337
800,1012,0.0294006820415197,0.0294006820415197,other,other,-1.6443455014059083e-05,0.029417125496533757
800,1205,-0.4755251491786834,0.4755251491786834,other,other,-0.4788770499063379,0.003351900727654511
801,989,0.5027282981617581,0.5027282981617581,interface,other,0.12213311461220189,0.38059518354955624
801,1270,-0.1090711033293812,0.1090711033293812,interface,interface,-0.14621381040152293,0.03714270707214172
801,1296,-0.7881438424343992,0.7881438424343992,interface,other,-0.568879286109697,-0.2192645563247022
802,1083,0.256101445329796,0.256101445329796,tumor_core,tumor_core,0.18761186031220245,0.06848958501759356
802,1571,-0.0448527381733078,0.0448527381733078,tumor_core,tumor_core,-0.023161706496659606,-0.021691031676648195
804,1434,0.0747570995648824,0.0747570995648824,other,other,0.06694033373828018,0.00781676582660222
804,1141,-0.1944357926806336,0.1944357926806336,other,other,-0.20458254160939618,0.010146748928762578
804,1111,0.1438195164720626,0.1438195164720626,other,other,0.12303465690705417,0.020784859565008418
804,1335,0.1107867747684454,0.1107867747684454,other,other,0.10298358807520597,0.007803186693239428
805,823,0.021190852643194,0.021190852643194,other,immune_core,-0.05329069923586138,0.07448155187905539
805,1526,-0.015446886999306,0.015446886999306,other,interface,0.1401189695008523,-0.15556585650015828
805,1028,-0.0172635328111076,0.0172635328111076,other,immune_core,0.14165654364818908,-0.15892007645929668
805,1196,-0.003506684767453,0.003506684767453,other,interface,-0.25883967819733283,0.2553329934298798
805,1413,-0.0363760825623396,0.0363760825623396,other,other,-0.017197901602239662,-0.01917818096009994
806,1333,0.1428978001170976,0.1428978001170976,other,other,0.19734397486626065,-0.05444617474916305
807,999,-1.1102264115578302,1.1102264115578302,interface,interface,-0.6242581141824093,-0.4859682973754209
807,1184,-0.3825381982633636,0.3825381982633636,interface,interface,-0.4042404735187355,0.021702275255371883
807,833,-0.1146674417300306,0.1146674417300306,interface,interface,-0.13483321346017443,0.020165771730143833
807,1160,-0.0133915006373706,0.0133915006373706,interface,interface,-0.10834000277012275,0.09494850213275215
808,924,-0.1214940358917555,0.1214940358917555,other,other,-0.07053094446541863,-0.05096309142633687
808,1002,-0.1429794948914754,0.1429794948914754,other,other,-0.16210866950982114,0.019129174618345735
808,1438,-0.0077180838881007,0.0077180838881007,other,tumor_core,0.03459587755988211,-0.04231396144798281
808,1405,0.1031679359636208,0.1031679359636208,other,tumor_core,0.16096029004257012,-0.05779235407894932
809,1255,0.0596369503081315,0.0596369503081315,interface,tumor_core,0.1042198761100778,-0.044582925801946297
810,1224,0.4851090355691344,0.4851090355691344,other,tumor_core,0.4066503202120134,0.07845871535712096
810,1556,0.5886493681199922,0.5886493681199922,other,interface,0.30187374002163725,0.286775628098355
810,830,0.3036072571269415,0.3036072571269415,other,interface,0.6481319260686791,-0.3445246689417376
811,1465,-1.2790411009749014,1.2790411009749014,interface,interface,-0.9939296849885205,-0.2851114159863809
811,1018,-1.108767329177646,1.108767329177646,interface,interface,-0.9813945949989603,-0.12737273417868578
811,1491,-0.8688014090923294,0.8688014090923294,interface,interface,-0.6820845309981043,-0.1867168780942251
811,1221,-1.507531711609166,1.507531711609166,interface,interface,-1.403689018696399,-0.10384269291276693
812,1425,-0.1976567245697366,0.1976567245697366,other,other,-0.15267981287176216,-0.04497691169797444
813,984,-0.1693122889969869,0.1693122889969869,other,immune_core,-0.17965319295817136,0.010340903961184478
813,870,-0.3234519580460679,0.3234519580460679,other,immune_core,-0.35312152756295556,0.02966956951688765
813,1289,0.1102009570709563,0.1102009570709563,other,other,0.08773962814971399,0.022461328921242307
814,1132,-0.0499023485598854,0.0499023485598854,other,other,-0.0328440800318911,-0.017058268527994302
814,1580,-0.081007366258216,0.081007366258216,other,other,-0.022900815659790574,-0.05810655059842543
815,1307,-0.1022536235459931,0.1022536235459931,other,immune_core,-0.8398052215776826,0.7375515980316895
815,1269,-0.0333795468127686,0.0333795468127686,other,other,-0.1615172002123414,0.12813765339957278
815,923,-0.0439609868943711,0.0439609868943711,other,other,0.07899674685450503,-0.12295773374887613
815,1130,-0.1044260325014118,0.1044260325014118,other,immune_core,-0.01965797792578078,-0.08476805457563102
816,1510,-0.8976956903634036,0.8976956903634036,immune_core,interface,-0.8461914298187001,-0.05150426054470347
816,1462,0.2205350570661672,0.2205350570661672,immune_core,interface,-0.5198066900202448,0.740341747086412
816,934,-0.2595258295856,0.2595258295856,immune_core,interface,-0.4419172440516115,0.18239141446601148
816,1167,-1.0088928703606463,1.0088928703606463,immune_core,other,-0.8459262059087782,-0.16296666445186814
816,892,-1.071857844511403,1.071857844511403,immune_core,immune_core,-0.7522273447069956,-0.3196304998044075
817,1400,0.4406802573456069,0.4406802573456069,interface,interface,0.3962326475305854,0.044447609815021494
817,1213,0.6720733843662443,0.6720733843662443,interface,interface,0.522188258235624,0.14988512613062033
817,1059,-0.0681334501025129,0.0681334501025129,interface,interface,0.17209699145621526,-0.24023044155872816
817,1014,-0.1797405624430684,0.1797405624430684,interface,interface,-0.18608243501054833,0.0063418725674799226
817,1219,-0.0204670736208085,0.0204670736208085,interface,interface,-0.13794318633989897,0.11747611271909046
818,885,0.8962645844219075,0.8962645844219075,interface,other,0.4959326850389506,0.4003318993829569
818,924,-0.4959414523371275,0.4959414523371275,interface,other,-0.6032425088617995,0.10730105652467203
818,1023,-0.3501035399316822,0.3501035399316822,interface,tumor_core,-0.24297445793502712,-0.10712908199665508
818,931,-0.13025806282275,0.13025806282275,interface,interface,-0.08519564777832961,-0.04506241504442038
819,1480,-0.005684012227274,0.005684012227274,immune_core,other,0.031385959282051346,-0.037069971509325346
819,873,-0.1002769170533024,0.1002769170533024,immune_core,interface,0.09893724297775841,-0.1992141600310608
819,1392,0.0688915477402157,0.0688915477402157,immune_core,other,-0.11723198600021334,0.18612353374042906
820,1276,-0.4980205111998486,0.4980205111998486,other,immune_core,-0.4196109646518381,-0.07840954654801047
821,1415,-0.0870410969501541,0.0870410969501541,immune_core,immune_core,-0.12362777791435967,0.03658668096420556
821,1130,-0.1506109557940592,0.1506109557940592,immune_core,immune_core,0.004456246647600914,-0.1550672024416601
821,923,0.4677715649895072,0.4677715649895072,immune_core,other,0.10311097142788672,0.3646605935616205
821,1103,-0.2778034012527581,0.2778034012527581,immune_core,immune_core,-0.3542635865322726,0.07646018527951448
822,983,0.0186181802503491,0.0186181802503491,other,other,0.02201770915344528,-0.00339952890309618
822,925,0.1060899762838956,0.1060899762838956,other,other,0.06786161723420553,0.038228359049690075
822,975,0.2436382940545017,0.2436382940545017,other,other,0.22512122880115626,0.018517065253345427
822,1179,-0.62905326124399,0.62905326124399,other,immune_core,-0.5580522638177812,-0.0710009974262088
823,1459,0.1150896402974376,0.1150896402974376,immune_core,immune_core,0.21346934624553263,-0.09837970594809503
823,1413,0.2214588557008714,0.2214588557008714,immune_core,other,0.03609279763362172,0.18536605806724968
823,1028,0.2153625752461208,0.2153625752461208,immune_core,immune_core,0.19494724288405046,0.020415332362070326
824,1092,0.2375625272614962,0.2375625272614962,immune_core,immune_core,0.02097990221392021,0.216582625047576
825,1048,-0.8325388368100197,0.8325388368100197,interface,interface,-0.8503574596435179,0.01781862283349822
825,1067,0.4807389658736769,0.4807389658736769,interface,interface,0.38317820587510903,0.09756075999856789
825,896,-0.1658332233523529,0.1658332233523529,interface,interface,-0.07987889321391795,-0.08595433013843495
825,1062,1.123987813902668,1.123987813902668,interface,interface,1.1209004481155838,0.0030873657870842397
826,1093,0.1152162842915892,0.1152162842915892,immune_core,other,0.22220451463838065,-0.10698823034679145
826,1097,0.2975563709477155,0.2975563709477155,immune_core,other,0.18608844690333004,0.11146792404438544
826,942,0.1541989472126559,0.1541989472126559,immune_core,other,0.13960131255019673,0.014597634662459169
826,1431,0.0970107663038062,0.0970107663038062,immune_core,other,-0.03053201507745945,0.12754278138126565
827,1515,0.0817338305895131,0.0817338305895131,other,tumor_core,0.0945632224754045,-0.012829391885891397
828,1320,0.4191235280889419,0.4191235280889419,other,tumor_core,0.38773600016574306,0.03138752792319882
828,938,0.3236905929323702,0.3236905929323702,other,other,0.3321307570961176,-0.008440164163747432
829,1406,-0.2338580171872448,0.2338580171872448,tumor_core,interface,-0.4404079082686451,0.20654989108140032
829,1329,-0.7244561424665259,0.7244561424665259,tumor_core,interface,-0.35316153986111865,-0.37129460260540725
829,1361,-0.546014362413007,0.546014362413007,tumor_core,interface,-0.3863826317417723,-0.15963173067123476
830,1168,0.3805537363883381,0.3805537363883381,interface,interface,0.26402719807188574,0.11652653831645238
830,1317,-0.0043618413955672,0.0043618413955672,interface,interface,0.08815807961508076,-0.09251992101064796
830,1556,-0.4149832302725825,0.4149832302725825,interface,interface,-0.3462581860470419,-0.0687250442255406
831,1489,1.2751764709215636,1.2751764709215636,interface,interface,1.2667391304526043,0.008437340468959276
831,1032,-0.0724567818759166,0.0724567818759166,interface,interface,0.04499354132442901,-0.11745032320034561
831,1304,0.2765560637305334,0.2765560637305334,interface,interface,0.24280514986301827,0.03375091386751511
832,1046,0.3288403985883071,0.3288403985883071,interface,tumor_core,0.26419617517831784,0.06464422340998927
832,992,0.2627850585555885,0.2627850585555885,interface,interface,0.1832552946817455,0.07952976387384297
832,1185,0.4242757899558968,0.4242757899558968,interface,tumor_core,0.4667809078740021,-0.042505117918105295
832,903,0.0143306164293117,0.0143306164293117,interface,other,0.1417555074322021,-0.12742489100289042
833,1264,-0.064359508720286,0.064359508720286,interface,interface,-0.27169915385261983,0.20733964513233383
833,1184,-0.246564349792978,0.246564349792978,interface,interface,-0.2694072600585611,0.022842910265583077
833,1160,0.0950515262645857,0.0950515262645857,interface,interface,0.026493210690051675,0.06855831557453403
834,968,-0.1066863992999418,0.1066863992999418,other,other,-0.10972505691698684,0.0030386576170450402
834,882,-0.0212825384303395,0.0212825384303395,other,other,-0.07774658287067915,0.056464044440339645
835,1170,0.576637971121793,0.576637971121793,interface,interface,0.4978211756418178,0.07881679547997522
835,1530,0.446821638504937,0.446821638504937,interface,immune_core,0.32504901576782913,0.12177262273710787
836,1380,-0.3140033214998976,0.3140033214998976,interface,interface,-0.1851576561448497,-0.12884566535504793
836,842,0.2415085669224503,0.2415085669224503,interface,interface,0.2855651176752765,-0.04405655075282619
836,889,0.1899043317183452,0.1899043317183452,interface,immune_core,0.16415883084340463,0.02574550087494057
837,1437,-0.0122428263724878,0.0122428263724878,other,other,-0.07515503154274222,0.06291220517025442
837,1293,0.0916874318729386,0.0916874318729386,other,other,0.14161036744427336,-0.04992293557133476
838,899,0.2676027611935666,0.2676027611935666,other,tumor_core,0.4692190621743955,-0.20161630098082894
838,1015,0.3197603524613909,0.3197603524613909,other,other,0.22507934469790808,0.09468100776348282
838,1404,0.0848729830430649,0.0848729830430649,other,interface,0.06010434911298557,0.02476863393007933
838,1054,0.3208814907502273,0.3208814907502273,other,other,0.1758868767961407,0.1449946139540866
839,1210,0.520226613252211,0.520226613252211,immune_core,other,0.5707511310449449,-0.050524517792733925
839,1435,-0.3332514656691915,0.3332514656691915,immune_core,immune_core,0.12011832191293659,-0.4533697875821281
839,1173,0.3280896010420272,0.3280896010420272,immune_core,immune_core,0.30659541466583196,0.021494186376195268
840,1115,0.2565068831303398,0.2565068831303398,immune_core,immune_core,0.22283315349303268,0.03367372963730714
840,993,0.7580989217336088,0.7580989217336088,immune_core,other,0.7694162425675626,-0.011317320833953759
841,1478,1.343031410118824,1.343031410118824,interface,interface,0.9865812625403179,0.35645014757850624
841,985,-0.5753609655744091,0.5753609655744091,interface,interface,0.14808999977914017,-0.7234509653535492
841,1217,-0.1928879639043149,0.1928879639043149,interface,tumor_core,0.31653585780104504,-0.5094238217053599
841,1522,1.4703123744151096,1.4703123744151096,interface,interface,0.4461838467491062,1.0241285276660035
842,889,0.0492305600922636,0.0492305600922636,interface,immune_core,-0.12140628683187188,0.17063684692413547
842,1171,-0.2903099635326847,0.2903099635326847,interface,other,-0.22222681769969357,-0.0680831458329911
843,999,-0.416766672838084,0.416766672838084,interface,interface,-0.3123138751790159,-0.10445279765906812
843,1525,-0.5469559848124435,0.5469559848124435,interface,interface,-0.6303115613982941,0.08335557658585069
844,1123,-0.2302481526958895,0.2302481526958895,other,other,-0.21877090308715869,-0.01147724960873081
844,1108,-0.1576112178381158,0.1576112178381158,other,other,-0.27778676180227135,0.12017554396415556
844,1120,0.0936929322254759,0.0936929322254759,other,other,0.07847970741849422,0.015213224806981673
844,1421,-0.3897152201427422,0.3897152201427422,other,other,-0.2658034862835682,-0.12391173385917398
845,1230,0.2523021053538408,0.2523021053538408,interface,interface,0.28267973105780275,-0.030377625703961963
846,1052,0.1126582214253897,0.1126582214253897,other,other,-0.02556159089592902,0.13821981232131872
846,1537,0.0661270016736418,0.0661270016736418,other,other,0.09296700637150379,-0.02684000469786199
847,1271,-0.3400356606522244,0.3400356606522244,other,interface,0.1896012164333412,-0.5296368770855656
847,1167,0.1747793133886134,0.1747793133886134,other,other,-0.009249252259945273,0.18402856564855868
847,1510,0.1664652393268401,0.1664652393268401,other,interface,-0.009514476169867225,0.17597971549670732
847,1345,0.012495114648074,0.012495114648074,other,interface,-0.018099395217543945,0.030594509865617944
848,1158,0.2419176236841518,0.2419176236841518,interface,tumor_core,0.26791542987255795,-0.025997806188406164
848,1292,-0.0835146253309355,0.0835146253309355,interface,tumor_core,0.05502927732579189,-0.1385439026567274
848,1213,0.8160236658369495,0.8160236658369495,interface,interface,0.5047106105374269,0.3113130552995226
848,1219,-0.1682042396494919,0.1682042396494919,interface,interface,-0.15542083403809598,-0.012783405611395932
849,1014,-0.0601096496651075,0.0601096496651075,other,interface,0.011941066627137786,-0.07205071629224528
849,1088,-0.0310653800151511,0.0310653800151511,other,other,-0.008816469536065075,-0.022248910479086025
852,1310,-0.1270483040247666,0.1270483040247666,other,interface,-0.07367906628308962,-0.053369237741676984
852,1538,-0.248554400043028,0.248554400043028,other,immune_core,-0.2547460450143785,0.006191644971350468
853,1576,0.1875296887277685,0.1875296887277685,interface,other,0.10859161964810167,0.07893806907966684
853,1297,0.2799211004684184,0.2799211004684184,interface,other,0.02891617379922168,0.2510049266691967
853,1354,0.0785490762859804,0.0785490762859804,interface,interface,-0.10456920081908216,0.18311827710506257
854,950,0.12536490603497,0.12536490603497,immune_core,other,0.43820473785477776,-0.3128398318198078
854,1388,0.2167690042356446,0.2167690042356446,immune_core,other,0.22511173960923092,-0.008342735373586319
854,1274,-0.0300641557307309,0.0300641557307309,immune_core,immune_core,-0.6533359280166368,0.6232717722859058
854,1442,0.1147525122111449,0.1147525122111449,immune_core,other,0.10478427756025055,0.009968234650894345
855,1058,0.0211958620498568,0.0211958620498568,interface,interface,-0.3002596869411899,0.32145554899104667
855,937,0.960138207865916,0.960138207865916,interface,other,0.5412986115099854,0.4188395963559306
855,978,-1.7778319677892114,1.7778319677892114,interface,interface,-0.49303610830175637,-1.284795859487455
856,887,0.812810372222968,0.812810372222968,interface,interface,0.4631109922500364,0.34969937997293166
856,902,0.7802089543745876,0.7802089543745876,interface,interface,0.8579613267364169,-0.0777523723618293
856,1023,-0.1255910237622409,0.1255910237622409,interface,tumor_core,0.36780681357993705,-0.49339783734217796
856,1200,2.400058755910032,2.400058755910032,interface,interface,1.6109711562110058,0.7890875996990261
857,1289,-0.1032341420436713,0.1032341420436713,other,other,-0.06038821826978405,-0.042845923773887254
857,904,-0.0126161290290795,0.0126161290290795,other,other,-0.030134782650520497,0.017518653621440998
857,1337,-0.0456878605795292,0.0456878605795292,other,other,-0.0336468553875541,-0.012041005191975096
857,870,-0.481871846310686,0.481871846310686,other,immune_core,-0.5012493739824536,0.01937752767176759
857,1390,-0.0996815020078499,0.0996815020078499,other,other,-0.12074040026582739,0.02105889825797748
858,1278,0.0342894664932139,0.0342894664932139,interface,interface,0.07097519712283445,-0.03668573062962056
858,1143,0.0682287357970477,0.0682287357970477,interface,other,-0.18943958550002704,0.25766832129707473
858,1064,0.0975492104995881,0.0975492104995881,interface,interface,0.2165609701595375,-0.11901175965994941
859,1482,0.3046943343418479,0.3046943343418479,interface,immune_core,0.13263983118620437,0.17205450315564352
859,1113,0.0785755729701354,0.0785755729701354,interface,interface,0.07506862087706079,0.003506952093074611
859,1352,0.2054999991321862,0.2054999991321862,interface,interface,0.19146018979834356,0.014039809333842634
859,946,0.3055008958346102,0.3055008958346102,interface,interface,0.2776474346810235,0.027853461153586723
859,934,0.1700089315790355,0.1700089315790355,interface,interface,0.3072558801458699,-0.13724694856683442
860,1146,-0.0026594753570663,0.0026594753570663,interface,tumor_core,0.05256854035024178,-0.05522801570730808
860,909,-0.0857398577128021,0.0857398577128021,interface,other,-0.17452103507782257,0.08878117736502047
860,1243,-0.0050322486231277,0.0050322486231277,interface,interface,0.1332784615376174,-0.13831071016074512
861,1430,0.1433127756476815,0.1433127756476815,immune_core,other,0.3237111544586225,-0.18039837881094098
862,1170,0.7224881057239847,0.7224881057239847,interface,interface,0.4932453575607883,0.2292427481631964
862,1502,0.1569174660754532,0.1569174660754532,interface,interface,0.679115260175085,-0.5221977940996317
862,864,0.4482533909111506,0.4482533909111506,interface,interface,0.667191767768246,-0.21893837685709538
863,1315,-0.2263174937661443,0.2263174937661443,interface,tumor_core,-0.33510675722810557,0.10878926346196127
863,1105,-0.0198772308573004,0.0198772308573004,interface,other,-0.19292401236191126,0.17304678150461086
863,1288,-0.1962603847545703,0.1962603847545703,interface,tumor_core,-0.20112693851821498,0.004866553763644671
863,1149,-0.1379687351837215,0.1379687351837215,interface,tumor_core,-0.37996512849539954,0.24199639331167805
864,1502,0.182202694567536,0.182202694567536,interface,interface,0.011923492406839098,0.1702792021606969
865,1519,0.1871825593677125,0.1871825593677125,immune_core,other,0.17612666313870282,0.011055896229009682
865,1322,0.2889576150841484,0.2889576150841484,immune_core,other,0.3640134662382841,-0.07505585115413571
865,878,0.7586662439320455,0.7586662439320455,immune_core,other,0.6031066003795389,0.15555964355250662
866,1315,-0.1280519092090031,0.1280519092090031,tumor_core,tumor_core,-0.2537875886864982,0.1257356794774951
866,1149,-0.3309181893733033,0.3309181893733033,tumor_core,tumor_core,-0.2986459599537922,-0.032272229419511134
866,1288,-0.1970689955326588,0.1970689955326588,tumor_core,tumor_core,-0.11980776997660761,-0.0772612255560512
866,1396,-0.6724998933947757,0.6724998933947757,tumor_core,other,-0.7086403157382792,0.036140422343503564
868,1483,0.0666130203209343,0.0666130203209343,interface,interface,0.1958210691143687,-0.1292080487934344
868,1494,0.010983992656817,0.010983992656817,interface,interface,0.6682915419236479,-0.6573075492668309
869,1157,-0.2173723648604379,0.2173723648604379,other,other,-0.2332038640167547,0.01583149915631679
869,951,-0.1320750827590197,0.1320750827590197,other,other,-0.14463680125713657,0.01256171849811688
870,1390,0.4050427435048405,0.4050427435048405,immune_core,other,0.38050897371662623,0.024533769788214255
870,984,0.1750092211720344,0.1750092211720344,immune_core,immune_core,0.17346833460478422,0.0015408865672501826
870,1289,0.4823096802137224,0.4823096802137224,immune_core,other,0.4408611557126696,0.0414485245010528
871,1499,0.0807271787155673,0.0807271787155673,other,other,0.6392606482631057,-0.5585334695475384
871,1069,-0.0583219569936266,0.0583219569936266,other,interface,0.07673095692213139,-0.135052913915758
871,1136,0.3798741362539892,0.3798741362539892,other,interface,-0.3267360418609705,0.7066101781149596
871,1307,-0.332122633350685,0.332122633350685,other,immune_core,0.2756221159646786,-0.6077447493153636
873,1200,0.5291491600816167,0.5291491600816167,interface,interface,0.7240770424422761,-0.1949278823606594
873,902,0.2730060137031211,0.2730060137031211,interface,interface,-0.028932787032312834,0.30193880073543394
874,1195,-0.8224645449098573,0.8224645449098573,tumor_core,other,-0.7455960504810171,-0.07686849442884025
874,1553,-0.2179600461794481,0.2179600461794481,tumor_core,tumor_core,-0.20789822803076796,-0.010061818148680152
874,1016,-0.5087307166892748,0.5087307166892748,tumor_core,other,-0.613065203918109,0.1043344872288342
874,1330,-0.2951317563782806,0.2951317563782806,tumor_core,tumor_core,-0.2710675173751176,-0.024064239003163013
875,1527,-0.1795284608647883,0.1795284608647883,other,other,-0.3276073211336945,0.1480788602689062
875,966,-0.1488066455339042,0.1488066455339042,other,other,0.033112792659174974,-0.18191943819307918
875,1355,-0.1052817624473998,0.1052817624473998,other,other,-0.16087068042396205,0.05558891797656225
876,1520,-0.103463373762288,0.103463373762288,other,other,-0.2800408630410497,0.1765774892787617
876,1013,0.0309323184033977,0.0309323184033977,other,other,0.12163471471756393,-0.09070239631416623
876,1389,-0.0940319867751198,0.0940319867751198,other,other,0.09304181367267028,-0.1870738004477901
877,1350,-0.1297792869834735,0.1297792869834735,other,tumor_core,-0.16822539078537496,0.03844610380190147
877,1193,-0.1657131258115476,0.1657131258115476,other,other,-0.24491424153155256,0.07920111572000496
877,1083,-0.0397541250728339,0.0397541250728339,other,tumor_core,0.021666610473704717,-0.06142073554653862
878,939,-0.0339894189295266,0.0339894189295266,other,other,-0.10187519202971979,0.06788577310019318
878,1519,-0.3652608562301198,0.3652608562301198,other,other,-0.42697993724083605,0.06171908101071627
878,1175,-0.0705444960333749,0.0705444960333749,other,other,-0.07332295888773921,0.002778462854364311
878,1322,-0.2096081691159946,0.2096081691159946,other,other,-0.23909313414125472,0.0294849650252601
879,1074,-0.0977461245226571,0.0977461245226571,other,other,-0.09785425823016142,0.00010813370750431539
879,1417,-0.0398942701394941,0.0398942701394941,other,other,-0.040266302238355645,0.00037203209886154526
880,1414,0.2845546472749821,0.2845546472749821,other,other,0.307113186383537,-0.02255853910855493
880,1188,0.2559864790903335,0.2559864790903335,other,other,0.25372618197931895,0.002260297111014553
880,975,0.2662435450142963,0.2662435450142963,other,other,0.28099994505618875,-0.014756400041892437
881,1048,-1.5403682754940486,1.5403682754940486,interface,interface,-1.583245350240562,0.042877074746513255
881,1027,-0.2925715612301461,0.2925715612301461,interface,interface,-0.1220882824285884,-0.17048327880155772
881,927,0.3510688649295627,0.3510688649295627,interface,interface,0.48072065624338023,-0.12965179131381754
882,1386,0.2186843588884928,0.2186843588884928,other,other,0.1964491710328874,0.02223518785560541
882,968,-0.0480122271091023,0.0480122271091023,other,other,-0.03197847404630769,-0.016033753062794615
883,1371,0.232797945814407,0.232797945814407,interface,interface,-0.3182931285881529,0.5510910744025599
883,1524,-2.131178948067785,2.131178948067785,interface,interface,-0.7739694290893332,-1.3572095189784519
883,1509,-0.0719015893530819,0.0719015893530819,interface,interface,-0.3426005444209413,0.2706989550678594
883,1535,0.6358216532161006,0.6358216532161006,interface,immune_core,-0.1973894286849809,0.8332110819010815
884,1025,-0.012855658508305,0.012855658508305,other,immune_core,-0.044626263410563416,0.031770604902258415
884,1485,0.047097543579639,0.047097543579639,other,interface,-0.007296975166845243,0.054394518746484245
885,931,-0.9347827493760024,0.9347827493760024,other,interface,-0.5811283328172803,-0.3536544165587221
885,1023,-1.1601841984021235,1.1601841984021235,other,tumor_core,-0.7389071429739777,-0.42127705542814575
886,1362,0.0761357325397283,0.0761357325397283,other,other,0.06578776768194014,0.010347964857788161
886,1207,-0.0347311347130162,0.0347311347130162,other,other,-0.025746005636077013,-0.008985129076939186
886,1286,0.1127973229141685,0.1127973229141685,other,other,0.13721556160693268,-0.024418238692764188
887,1200,1.603123392697433,1.603123392697433,interface,interface,1.1478601639609693,0.45526322873646374
887,1201,-0.7176144817788421,0.7176144817788421,interface,tumor_core,-0.5173226981571173,-0.20029178362172484
888,1189,-0.838708455296733,0.838708455296733,immune_core,immune_core,-1.1281290622980438,0.2894206070013108
888,1092,-0.2329041661988209,0.2329041661988209,immune_core,immune_core,-0.19774139889356707,-0.035162767305253834
888,977,0.3573538025935322,0.3573538025935322,immune_core,other,0.357901243832025,-0.0005474412384927629
888,1451,0.438514135444018,0.438514135444018,immune_core,other,0.5213400879961321,-0.08282595255211406
889,1171,-0.2013382301791499,0.2013382301791499,immune_core,other,-0.1008205308678217,-0.1005176993113282
889,1338,-0.1018687303615945,0.1018687303615945,immune_core,immune_core,-0.07738735369489694,-0.024481376666697557
890,1541,-0.5642007395612687,0.5642007395612687,other,immune_core,-0.4982566502969171,-0.06594408926435158
890,1457,0.1113371448242779,0.1113371448242779,other,other,-0.053271364701545504,0.1646085095258234
891,1194,0.0198728838295621,0.0198728838295621,other,other,0.010861975335447582,0.009010908494114518
891,1186,0.3994412333219769,0.3994412333219769,other,other,0.4412278187831764,-0.04178658546119951
891,1309,-0.1207166233131586,0.1207166233131586,other,immune_core,-0.21707208239347411,0.09635545908031551
892,1167,-0.2433434285248246,0.2433434285248246,immune_core,other,-0.09369886120178261,-0.149644567323042
892,1399,0.0188308585046377,0.0188308585046377,immune_core,interface,0.21050614896982667,-0.19167529046518897
892,1086,0.2508648472189481,0.2508648472189481,immune_core,interface,0.13017193320132192,0.12069291401762616
892,934,0.2147441437502569,0.2147441437502569,immune_core,interface,0.3103101006553841,-0.0955659569051272
893,1398,0.0226311776093704,0.0226311776093704,tumor_core,tumor_core,0.10291460632686839,-0.08028342871749798
893,1330,-0.0404157948923468,0.0404157948923468,tumor_core,tumor_core,-0.04519418933254113,0.004778394440194331
893,1176,0.1774638894445179,0.1774638894445179,tumor_core,interface,0.1374852777496226,0.039978611694895305
893,957,-0.2250186276842469,0.2250186276842469,tumor_core,other,-0.28898735324148717,0.06396872555724026
893,1553,0.0367559153064855,0.0367559153064855,tumor_core,tumor_core,0.01797510001180852,0.018780815294676977
894,1341,1.1828899593712805,1.1828899593712805,immune_core,other,0.9380704577446405,0.24481950162664
894,1214,1.1204063335650245,1.1204063335650245,immune_core,other,0.7934690528259964,0.32693728073902806
895,1444,-0.6647792686005849,0.6647792686005849,interface,interface,-0.595772146591011,-0.06900712200957393
895,1233,-0.896852514833328,0.896852514833328,interface,interface,-1.0792137428176338,0.18236122798430587
896,1033,-0.2721216209155696,0.2721216209155696,interface,interface,-0.1623797886820868,-0.10974183223348277
896,1109,0.238717779293455,0.238717779293455,interface,interface,0.22144525268991655,0.01727252660353845
896,1062,1.0834396179172603,1.0834396179172603,interface,interface,1.2007793413295018,-0.11733972341224153
896,1067,0.5177901464389018,0.5177901464389018,interface,interface,0.463057099089027,0.054733047349874775
897,1346,0.06111459084102,0.06111459084102,interface,other,-0.18889321788644425,0.25000780872746425
897,959,-0.1970495990885202,0.1970495990885202,interface,interface,0.3278036590320677,-0.5248532581205879
897,1368,0.0951519038672059,0.0951519038672059,interface,interface,-0.007959261639878423,0.10311116550708432
897,1236,0.1202608132190564,0.1202608132190564,interface,tumor_core,-0.16547262267290688,0.2857334358919633
897,1574,-0.0261313503976435,0.0261313503976435,interface,other,0.14921425383382553,-0.17534560423146903
898,1498,-0.6968353204072544,0.6968353204072544,other,interface,-0.5476962295958314,-0.14913909081142296
898,956,0.1446386080942646,0.1446386080942646,other,other,0.1333299220109989,0.011308686083265684
898,1152,0.2043518490248709,0.2043518490248709,other,other,0.14504060526713392,0.059311243757737
899,1422,-0.7109768885835928,0.7109768885835928,tumor_core,other,-0.3971385466567068,-0.313838341926886
899,1116,-0.3268458079354528,0.3268458079354528,tumor_core,interface,-0.33833560006443836,0.011489792128985543
900,905,-0.4312247195632429,0.4312247195632429,tumor_core,other,-0.34163813175938257,-0.08958658780386031
900,1436,0.0480166636093718,0.0480166636093718,tumor_core,tumor_core,0.0011336807971594753,0.04688298281221232
900,1236,0.0955587531549606,0.0955587531549606,tumor_core,tumor_core,0.0866560404666798,0.0089027126882808
900,996,0.2922512869341849,0.2922512869341849,tumor_core,tumor_core,0.1095770328189091,0.1826742541152758
901,1141,0.5183298146448668,0.5183298146448668,immune_core,other,0.4835173288744002,0.03481248577046664
901,1426,0.4900382977205576,0.4900382977205576,immune_core,other,0.521547786546041,-0.03150948882548332
901,1202,0.5890268957494633,0.5890268957494633,immune_core,other,0.6683399848881804,-0.07931308913871704
902,1023,-0.744135177154977,0.744135177154977,interface,tumor_core,-0.49015451315647984,-0.25398066399849717
902,1200,1.51117246838604,1.51117246838604,interface,interface,0.7530098294745889,0.758162638911451
903,992,-0.1273232289127115,0.1273232289127115,other,interface,0.041499787249543396,-0.1688230161622549
904,1337,-0.0330717315504497,0.0330717315504497,other,other,-0.003512072737033606,-0.029559658813416094
904,1312,-0.1215435658293173,0.1215435658293173,other,other,-0.15601246693784485,0.034468901108527544
904,1205,-0.2800334414679741,0.2800334414679741,other,other,-0.3084444730577145,0.0284110315897404
904,1565,0.1366013512368014,0.1366013512368014,other,other,0.13181613715866425,0.0047852140781371455
905,1235,-0.0697633673535366,0.0697633673535366,other,other,-0.021243774880775612,-0.04851959247276098
905,1436,0.4792413831726148,0.4792413831726148,other,tumor_core,0.34277181255654204,0.13646957061607273
906,1381,0.0829428808896655,0.0829428808896655,interface,interface,0.4039441104845928,-0.3210012295949273
906,1084,0.2547285610903781,0.2547285610903781,interface,immune_core,-0.2528211958018689,0.507549756892247
906,1165,0.1027002837565221,0.1027002837565221,interface,other,0.0192193679974324,0.0834809157590897
907,1214,-0.2252244278193018,0.2252244278193018,other,other,-0.1489575087624942,-0.0762669190568076
907,1373,-0.1416480397123596,0.1416480397123596,other,other,-0.12931383189246057,-0.012334207819899023
908,1137,-0.3337912899371873,0.3337912899371873,other,other,-0.33437724235097804,0.0005859524137907246
908,1133,-0.2539932519253703,0.2539932519253703,other,other,-0.21548937524962808,-0.03850387667574223
908,1305,0.0908188499319331,0.0908188499319331,other,other,0.09681264754255792,-0.005993797610624824
909,1148,-0.238398531618875,0.238398531618875,other,other,-0.27281967942105756,0.034421147802182556
910,1411,0.0303207257458427,0.0303207257458427,other,other,0.12414275168568689,-0.09382202593984419
910,1096,0.0371715718582483,0.0371715718582483,other,interface,0.13498285318311204,-0.09781128132486375
911,1306,0.1008463643913049,0.1008463643913049,other,other,0.06040206699525692,0.040444297396047976
912,1299,0.9512495221768624,0.9512495221768624,immune_core,immune_core,0.6757118775773955,0.27553764459946695
913,1390,0.2566322818174127,0.2566322818174127,immune_core,other,0.31336481389510684,-0.05673253207769413
913,1331,0.5692730306843602,0.5692730306843602,immune_core,other,0.5409988723913801,0.02827415829298008
914,954,-0.1739274410603814,0.1739274410603814,other,other,-0.11451427418094723,-0.05941316687943418
914,1005,0.6330618235983283,0.6330618235983283,other,tumor_core,0.5934593925178077,0.03960243108052064
914,1323,-0.2480107274872071,0.2480107274872071,other,other,-0.1459477422913827,-0.10206298519582441
914,1409,0.2641556394317915,0.2641556394317915,other,tumor_core,0.21353418158411794,0.05062145784767355
915,1121,-0.1245780413288233,0.1245780413288233,interface,interface,0.08740680554507732,-0.21198484687390062
915,1087,1.1244653115947103,1.1244653115947103,interface,interface,1.121111059118319,0.0033542524763912063
915,1071,-0.0954987901573456,0.0954987901573456,interface,interface,0.03140512111265871,-0.1269039112700043
916,1257,0.0437752478036333,0.0437752478036333,other,other,0.061649051400518434,-0.017873803596885132
917,1190,-0.2747579574261568,0.2747579574261568,interface,interface,0.8695381068808933,-1.14429606430705
917,1456,0.9308565048448724,0.9308565048448724,interface,interface,1.114115601642728,-0.18325909679785568
918,1370,-0.2174569536810795,0.2174569536810795,other,immune_core,-0.27915739390705047,0.06170044022597096
918,1092,-0.6875041930754261,0.6875041930754261,other,immune_core,-0.5814915867949129,-0.10601260628051323
919,1020,0.1851849213126908,0.1851849213126908,immune_core,other,0.3128361361485995,-0.12765121483590872
919,1029,0.3229088356890475,0.3229088356890475,immune_core,other,0.3122488972987526,0.010659938390294887
921,1579,0.2578160673384048,0.2578160673384048,immune_core,other,0.16907660073364553,0.08873946660475926
921,933,0.2891436960678742,0.2891436960678742,immune_core,other,0.26747364624483705,0.021670049823037163
921,1249,0.4304558584968443,0.4304558584968443,immune_core,other,0.3596259138887395,0.07082994460810482
922,1054,0.0304332470873043,0.0304332470873043,other,other,0.08311028761344731,-0.05267704052614301
922,1564,-0.3855318715239217,0.3855318715239217,other,other,-0.2743478989124155,-0.1111839726115062
922,1422,0.2160557411718312,0.2160557411718312,other,other,-0.020696073665004644,0.23675181483683586
923,1103,-0.4090559573349204,0.4090559573349204,other,immune_core,-0.4573745579601593,0.048318600625238906
923,1130,-0.406235482371839,0.406235482371839,other,immune_core,-0.09865472478028581,-0.3075807575915532
923,1269,0.0719327318973544,0.0719327318973544,other,other,-0.24051394706684642,0.3124466789642008
923,1348,0.0497033831057722,0.0497033831057722,other,other,-0.13881450975014198,0.1885178928559142
924,1023,0.5130912923608989,0.5130912923608989,other,tumor_core,0.3602680509267724,0.1528232414341265
924,1002,-0.0404155180942714,0.0404155180942714,other,other,-0.09157772504440251,0.05116220695013111
925,1179,-0.5992574582690244,0.5992574582690244,other,immune_core,-0.6259138810519868,0.02665642278296232
925,1012,0.1440134587410645,0.1440134587410645,other,other,0.11914296253031426,0.024870496210750243
926,1181,0.5435770835297542,0.5435770835297542,interface,interface,0.0027749429796397745,0.5408021405501144
927,1439,-1.2956991770877653,1.2956991770877653,interface,interface,-1.290473873074724,-0.005225304013041221
927,1027,-0.7355439540742286,0.7355439540742286,interface,interface,-0.6028089386719686,-0.13273501540225996
928,1467,0.0005249116266156,0.0005249116266156,other,other,-0.0033017273373925904,0.0038266389640081904
928,965,0.0801097749267246,0.0801097749267246,other,other,0.06889739920569293,0.011212375721031662
928,1207,-0.1254360191758503,0.1254360191758503,other,other,-0.11835056592298576,-0.007085453252864526
929,950,1.1164957603771954,1.1164957603771954,immune_core,other,0.42506577276365975,0.6914299876135357
930,1301,-0.2423925342633922,0.2423925342633922,other,immune_core,-0.12482813468158777,-0.11756439958180442
931,1288,-0.1740623669796598,0.1740623669796598,interface,tumor_core,-0.05259423084302853,-0.12146813613663127
931,1105,-0.0238830809228155,0.0238830809228155,interface,other,-0.04439130468672481,0.02050822376390931
932,1494,0.6560355703131069,0.6560355703131069,immune_core,interface,0.3859408021366698,0.2700947681764371
932,1483,-0.0011007126318793,0.0011007126318793,immune_core,interface,-0.08652967067260942,0.08542895804073011
932,1282,0.061569558518883,0.061569558518883,immune_core,interface,0.7049003641267882,-0.6433308056079052
933,986,-0.8585010359581075,0.8585010359581075,other,immune_core,-0.8197455465536327,-0.03875548940447471
933,1249,0.1388004843685135,0.1388004843685135,other,other,0.09215226764390241,0.046648216724611086
934,1352,-0.122532316597714,0.122532316597714,interface,interface,-0.11579569034752635,-0.006736626250187658
934,1399,0.1489448665172464,0.1489448665172464,interface,interface,-0.09980395168555745,0.24874881820280384
934,1482,-0.2760162138834773,0.2760162138834773,interface,immune_core,-0.17461604895966554,-0.10140016492381176
935,1523,0.1402901100244533,0.1402901100244533,interface,interface,-0.7513974670066856,0.891687577031139
935,1516,0.0662377199792809,0.0662377199792809,interface,interface,0.5690683410241488,-0.5028306210448679
936,1183,-0.3733986224337048,0.3733986224337048,other,other,-0.3644812263002761,-0.008917396133428734
936,1049,0.0356937545863375,0.0356937545863375,other,other,0.009130043524791132,0.02656371106154637
936,1203,-0.1164424284569783,0.1164424284569783,other,other,-0.09673616910107621,-0.01970625935590209
936,1034,-0.0304332470873043,0.0304332470873043,other,other,-0.00788020678819748,-0.02255304029910682
937,1058,-0.0109980603216658,0.0109980603216658,other,interface,-0.8415582984511752,0.8305602381295094
938,1320,0.0954329351565716,0.0954329351565716,other,tumor_core,0.05560524306962546,0.03982769208694614
939,1073,0.066798772284668,0.066798772284668,other,other,-0.09221613732471508,0.15901490960938308
939,1175,-0.0465995827639743,0.0465995827639743,other,other,0.028552233141980576,-0.07515181590595488
939,1519,-0.3756889242165884,0.3756889242165884,other,other,-0.3251047452111162,-0.050584179005472185
940,1254,0.2320672747618689,0.2320672747618689,immune_core,other,0.5640558512132566,-0.33198857645138774
940,1347,0.2040637727566463,0.2040637727566463,immune_core,other,0.521699778268053,-0.3176360055114067
940,1040,0.6989703426438224,0.6989703426438224,immune_core,immune_core,0.1996067672931548,0.4993635753506676
940,1192,0.6141998302272731,0.6141998302272731,immune_core,immune_core,-0.02359175182699308,0.6377915820542661
941,1127,0.0455109375379571,0.0455109375379571,other,other,0.06185504701882527,-0.016344109480868174
941,1237,0.0160650015197224,0.0160650015197224,other,other,-0.04162969543067502,0.05769469695039742
941,1037,0.1224279467861144,0.1224279467861144,other,other,0.05082029842309871,0.0716076483630157
942,1431,-0.0613125263840055,0.0613125263840055,other,other,-0.17013332762765618,0.10882080124365068
942,1509,0.0443280573341634,0.0443280573341634,other,interface,-0.10918466044777947,0.15351271778194286
942,1147,0.0931899548271746,0.0931899548271746,other,other,-0.11165057639536921,0.2048405312225438
943,1133,0.109145823238538,0.109145823238538,immune_core,other,0.05334812367951437,0.055797699559023625
943,1365,0.4106586355108254,0.4106586355108254,immune_core,other,0.39546148744891324,0.015197148061912136
943,1242,0.219598299656745,0.219598299656745,immune_core,other,0.22141627469401415,-0.0018179750372691594
943,1218,0.1337840035305803,0.1337840035305803,immune_core,other,0.1038250258207837,0.02995897770979658
944,1078,-0.0293235324372825,0.0293235324372825,immune_core,immune_core,0.46583543433428654,-0.495158966771569
945,1013,0.094065578190235,0.094065578190235,other,other,-0.13890758956156912,0.23297316775180413
945,1274,-1.702490450911644,1.702490450911644,other,immune_core,-1.204230819396281,-0.4982596315153631
946,962,-0.3167120389581576,0.3167120389581576,interface,interface,0.013486641846732761,-0.33019868080489034
946,1113,-0.1391147627606243,0.1391147627606243,interface,interface,-0.2025788138039627,0.06346405104333841
946,1485,-0.2900910158453634,0.2900910158453634,interface,interface,-0.27871531649401426,-0.011375699351349133
946,1482,-0.0810776096643888,0.0810776096643888,interface,immune_core,-0.14500760349481912,0.06392999383043031
947,1260,-0.1680512214988719,0.1680512214988719,interface,interface,0.03511285128274344,-0.20316407278161533
948,1449,0.3987876311560454,0.3987876311560454,other,interface,0.10047888480974043,0.29830874634630494
948,1425,-0.1399912341005492,0.1399912341005492,other,other,-0.1411017328190435,0.0011104987184943071
949,1294,-0.0545799366530749,0.0545799366530749,interface,other,-0.11307205092358613,0.05849211427051123
950,1274,-1.0483123998236803,1.0483123998236803,other,immune_core,-1.0915406658714146,0.04322826604773433
951,1135,0.1604816568932728,0.1604816568932728,other,other,0.08656676473534491,0.07391489215792788
951,1157,-0.0453452372700703,0.0453452372700703,other,other,-0.08856706275961812,0.04322182548954782
952,1585,-0.6202935109870782,0.6202935109870782,interface,interface,0.21429245718096732,-0.8345859681680455
952,982,0.2640402552571092,0.2640402552571092,interface,interface,0.2933015619796581,-0.029261306722548897
952,1144,-0.3785799759198712,0.3785799759198712,interface,interface,-0.3335201545639498,-0.0450598213559214
952,1456,2.4924692346294366,2.4924692346294366,interface,interface,0.9046918320668876,1.587777402562549
952,1562,-0.6689882413433959,0.6689882413433959,interface,interface,0.3208386760249988,-0.9898269173683947
953,1464,-0.3355501126461515,0.3355501126461515,other,immune_core,-0.638571993660536,0.3030218810143845
953,1459,-0.1732967780582235,0.1732967780582235,other,immune_core,-0.2170622384255114,0.0437654603672879
954,1261,0.1857813428792683,0.1857813428792683,other,interface,0.1464378528182234,0.0393434900610449
954,1323,-0.0521902969827325,0.0521902969827325,other,other,-0.03143346811043546,-0.020756828872297038
954,1006,0.0344774672812539,0.0344774672812539,other,other,0.13922239243790885,-0.10474492515665496
955,1334,0.0893630941623273,0.0893630941623273,interface,interface,0.1437226898191357,-0.054359595656808396
955,994,-0.1422492166301582,0.1422492166301582,interface,tumor_core,-0.12966806364303005,-0.012581152987128141
955,1303,0.1403376937835401,0.1403376937835401,interface,interface,-0.0007923607867074967,0.1411300545702476
955,1252,-0.3118415565320718,0.3118415565320718,interface,other,-0.23439178202899677,-0.07744977450307503
955,1085,-0.4944751774391185,0.4944751774391185,interface,other,-0.35124486974575775,-0.14323030769336076
956,1397,-0.8803282200487083,0.8803282200487083,other,immune_core,-0.7455342723751698,-0.13479394767353847
956,1152,0.1123244129590145,0.1123244129590145,other,other,0.011710683256135002,0.1006137297028795
957,1176,0.4769257620024622,0.4769257620024622,other,interface,0.42647263099110977,0.0504531310113524
957,1330,0.2620407494797457,0.2620407494797457,other,tumor_core,0.243793163908946,0.018247585570799696
957,1036,0.2774704299680861,0.2774704299680861,other,interface,0.27217763190166255,0.005292798066423521
958,1125,-0.2685593006400796,0.2685593006400796,interface,interface,-0.17570341598589326,-0.09285588465418634
959,1368,-0.9269543407736972,0.9269543407736972,interface,interface,-0.33576292067194613,-0.5911914201017511
959,1166,-0.6017602191834858,0.6017602191834858,interface,interface,-0.13638014638577656,-0.4653800727977092
959,1574,0.1937239671534364,0.1937239671534364,interface,other,-0.17858940519824218,0.3723133723516786
959,1543,-0.1715491283380388,0.1715491283380388,interface,immune_core,-0.13968645673762004,-0.03186267160041875
960,1402,0.3650227444194726,0.3650227444194726,other,other,0.29788442981667573,0.06713831460279684
961,1240,0.0060645663783473,0.0060645663783473,other,interface,-0.10522265057289831,0.11128721695124562
961,1047,0.0327369393223995,0.0327369393223995,other,other,0.09966986588338556,-0.06693292656098605
961,1154,-0.0907369266399665,0.0907369266399665,other,immune_core,-0.08961215068358391,-0.0011247759563825926
962,1182,-1.5724886979831028,1.5724886979831028,interface,interface,-0.7050802886335993,-0.8674084093495035
962,1485,-0.2759421038864984,0.2759421038864984,interface,interface,-0.292201958340747,0.0162598544542486
962,1462,0.0230356054587034,0.0230356054587034,interface,interface,-0.06176764235051968,0.08480324780922308
962,1064,-0.2766141576283586,0.2766141576283586,interface,interface,-0.1623629703347479,-0.11425118729361072
963,1142,-0.0163548659806497,0.0163548659806497,tumor_core,tumor_core,0.005621709629302862,-0.021976575609952562
963,1458,-0.0500395529908051,0.0500395529908051,tumor_core,tumor_core,-0.032776701968712074,-0.017262851022093025
963,1255,0.3096025625503799,0.3096025625503799,tumor_core,tumor_core,0.23099399908032395,0.07860856347005593
964,1161,-0.1464255444735984,0.1464255444735984,interface,interface,0.4788871864775679,-0.6253127309511664
964,1196,0.315395199486486,0.315395199486486,interface,interface,0.44477356898092346,-0.12937836949443748
964,1526,0.7006192284666419,0.7006192284666419,interface,interface,0.8437322166791086,-0.14311298821246665
965,1207,-0.181871865185129,0.181871865185129,other,other,-0.1872479651286787,0.005376099943549706
965,1467,-0.055910934382663,0.055910934382663,other,other,-0.07219912654308552,0.016288192160422522
965,1286,-0.028069237554975,0.028069237554975,other,other,-0.024286397885668998,-0.0037828396693060026
966,1355,-0.0326523115499383,0.0326523115499383,other,other,-0.19398347308313701,0.1613311615331987
966,1583,-0.0642383040293159,0.0642383040293159,other,tumor_core,0.036663300890883196,-0.1009016049201991
966,1346,0.0498599103939819,0.0498599103939819,other,other,0.11820337446875198,-0.06834346407477007
967,1349,0.0304332470873043,0.0304332470873043,other,other,0.03510844156726969,-0.0046751944799653875
968,988,0.0320349757572786,0.0320349757572786,other,other,0.08081578398314412,-0.04878080822586552
969,1328,-0.1040542186404591,0.1040542186404591,interface,interface,0.14842003495135725,-0.25247425359181636
969,1134,0.1066959796746772,0.1066959796746772,interface,other,0.1146604953525091,-0.007964515677831907
970,1452,-0.0025169822871785,0.0025169822871785,interface,interface,0.1192159734512329,-0.1217329557384114
970,1484,0.024550523643457,0.024550523643457,interface,interface,-0.2422348418605522,0.2667853655040092
970,1243,0.0548274747560149,0.0548274747560149,interface,interface,-0.16987531690304195,0.22470279165905685
970,1394,0.0960914724471687,0.0960914724471687,interface,other,-0.12794324164668466,0.22403471409385337
970,1367,0.1312783539281133,0.1312783539281133,interface,interface,0.6569332720947757,-0.5256549181666624
971,1164,0.8362701442800725,0.8362701442800725,interface,interface,1.2576005098014718,-0.42133036552139924
971,1377,0.6447337262624498,0.6447337262624498,interface,interface,1.2092092440331055,-0.5644755177706556
971,1008,0.3155729215447865,0.3155729215447865,interface,interface,-0.04160121778094472,0.3571741393257312
971,1102,0.3125303559864591,0.3125303559864591,interface,interface,-0.27441109777568873,0.5869414537621478
971,1061,0.6398165829537865,0.6398165829537865,interface,interface,1.2943307965575688,-0.6545142136037823
972,1505,0.0393579148445872,0.0393579148445872,other,other,0.08110295011232604,-0.041745035267738845
972,1432,0.0573995270458299,0.0573995270458299,other,tumor_core,0.10795154967879117,-0.05055202263296127
972,1065,-0.1002332616492437,0.1002332616492437,other,other,-0.15830047606120834,0.058067214411964635
973,1469,0.0032808922314619,0.0032808922314619,other,other,-0.14365833031135233,0.14693922254281425
973,1395,0.0069050544179095,0.0069050544179095,other,other,0.1383211459402902,-0.1314160915223807
974,1247,-0.0350219839753112,0.0350219839753112,other,other,-0.032479794179461785,-0.0025421897958494144
974,1216,-0.0350219839753112,0.0350219839753112,other,other,-0.04584685276823228,0.010824868792921077
975,983,-0.2086163100791905,0.2086163100791905,other,other,-0.20310351964771098,-0.005512790431479508
975,1188,-0.0360867152028744,0.0360867152028744,other,other,-0.027273763076869795,-0.008812952126004608
976,1075,0.5295927318862115,0.5295927318862115,tumor_core,interface,0.4265564655212346,0.10303626636497687
976,1539,-0.6249820456785163,0.6249820456785163,tumor_core,other,-0.5579365992451913,-0.067045446433325
977,1451,0.1889219028104278,0.1889219028104278,other,other,0.16343884416410703,0.025483058646320778
977,1189,-1.6769802799704063,1.6769802799704063,other,immune_core,-1.4860303061300688,-0.19094997384033752
978,1058,0.0344930587507666,0.0344930587507666,interface,interface,0.1927764213605665,-0.1582833626097999
978,1514,-0.5800019420352529,0.5800019420352529,interface,interface,-0.366149503592209,-0.2138524384430439
978,1393,-2.042041343456793,2.042041343456793,interface,interface,-0.8146745381872686,-1.2273668052695244
979,1488,-0.0527415544260582,0.0527415544260582,other,interface,0.07839998983625296,-0.13114154426231117
979,990,-0.0259317422989118,0.0259317422989118,other,interface,-0.10848979064864481,0.08255804834973302
980,1569,0.0576155918469715,0.0576155918469715,other,other,0.10748521605657665,-0.049869624209605154
981,1298,-0.1318431602616955,0.1318431602616955,tumor_core,tumor_core,-0.23193149346545838,0.10008833320376287
981,1472,0.1461075994917852,0.1461075994917852,tumor_core,tumor_core,0.2363407139955549,-0.0902331145037697
981,1468,-0.198500623161896,0.198500623161896,tumor_core,other,-0.3491035773520418,0.15060295419014577
982,1562,-0.4880607447639106,0.4880607447639106,interface,interface,0.02753711404534069,-0.5155978588092512
982,1144,-0.5185993681131928,0.5185993681131928,interface,interface,-0.6268217165436079,0.108222348430415
982,1585,-0.3898923381588066,0.3898923381588066,interface,interface,-0.07900910479869079,-0.3108832333601158
983,1202,-0.0041344760840721,0.0041344760840721,other,other,-0.018356423712378528,0.014221947628306428
984,1549,0.2571341444907744,0.2571341444907744,immune_core,other,0.25563641447812796,0.0014977300126464144
985,1217,0.5194681199746102,0.5194681199746102,interface,tumor_core,0.16844585802190487,0.3510222619527053
985,1478,-0.0108661054635201,0.0108661054635201,interface,interface,0.8384912627611778,-0.8493573682246979
986,1189,-0.4183092152318618,0.4183092152318618,immune_core,immune_core,-0.5202090900386278,0.10189987480676599
987,1573,0.1321457707787153,0.1321457707787153,interface,interface,-0.17015019589644548,0.3022959666751608
987,1419,-1.4885802292333838,1.4885802292333838,interface,interface,-0.715762868540522,-0.7728173606928619
988,1434,-0.046383119235812,0.046383119235812,other,other,-0.019140352018150286,-0.027242767217661716
989,1270,-0.0431977986816876,0.0431977986816876,other,interface,-0.2683469250137248,0.2251491263320372
989,1392,0.0691392125144995,0.0691392125144995,other,other,-0.10983690856518002,0.17897612107967953
990,1385,-0.0354533251484567,0.0354533251484567,interface,interface,-0.19241420411263835,0.15696087896418165
990,1424,0.1407387795870847,0.1407387795870847,interface,interface,-0.0054985039900724425,0.14623728357715715
990,1488,-0.104559302554752,0.104559302554752,interface,interface,0.18688978048489777,-0.2914490830396498
991,1228,-0.0770220166638155,0.0770220166638155,immune_core,interface,-0.08832527063863438,0.011303253974818878
991,1071,-0.078648186970997,0.078648186970997,immune_core,interface,-0.1169661826415103,0.038317995670513305
992,1185,0.3168064791352704,0.3168064791352704,interface,tumor_core,0.2835256131922566,0.03328086594301377
992,1046,0.0660553400327185,0.0660553400327185,interface,tumor_core,0.08094088049657233,-0.014885540463853833
993,1549,-0.1521649688108053,0.1521649688108053,other,other,-0.12570306605514697,-0.026461902755658323
994,1145,0.2259643034435409,0.2259643034435409,tumor_core,tumor_core,0.11509676874534999,0.11086753469819091
994,1303,0.2825869104136984,0.2825869104136984,tumor_core,interface,0.12887570285632255,0.15371120755737583
994,1085,-0.3522259608089603,0.3522259608089603,tumor_core,other,-0.22157680610272767,-0.13064915470623262
995,1480,-0.0251173920676819,0.0251173920676819,interface,other,0.02698230444370342,-0.052099696511385324
996,1492,-0.2048277114008323,0.2048277114008323,tumor_core,interface,-0.2076022521053756,0.0027745407045433046
996,1368,0.4139457167646524,0.4139457167646524,tumor_core,interface,0.13459236868079916,0.27935334808385326
996,1236,-0.1385662306215769,0.1385662306215769,tumor_core,tumor_core,-0.022920992352229302,-0.11564523826934761
997,1172,-0.2757895463404374,0.2757895463404374,other,immune_core,-0.33346395314535465,0.057674406804917255
997,1297,0.1225335918967756,0.1225335918967756,other,other,0.03865677455285185,0.08387681734392374
998,1069,0.1523655067195354,0.1523655067195354,immune_core,interface,-0.1640631692079848,0.3164286759275202
998,1496,0.5911084685677789,0.5911084685677789,immune_core,other,0.6057390381171425,-0.014630569549363592
998,1499,0.7920715380400796,0.7920715380400796,immune_core,other,0.39846652213298944,0.39360501590709013
998,1447,0.1413106923497817,0.1413106923497817,immune_core,immune_core,0.3756333836417196,-0.23432269129193792
998,1327,-0.791752761001369,0.791752761001369,immune_core,interface,-0.4450392530506879,-0.3467135079506811
1000,1277,0.0946441832254576,0.0946441832254576,interface,interface,0.4615979570097715,-0.36695377378431393
1000,1463,-0.2176976277605259,0.2176976277605259,interface,interface,-0.2510874320178776,0.03338980425735169
1001,1293,0.4997103298215594,0.4997103298215594,immune_core,other,0.263470948859285,0.23623938096227437
1001,1473,0.0964618533034709,0.0964618533034709,immune_core,immune_core,0.14852767237190226,-0.05206581906843136
1001,1101,-0.2036433680965014,0.2036433680965014,immune_core,immune_core,0.06792857970528857,-0.27157194780178995
1002,1438,0.254435337124278,0.254435337124278,other,tumor_core,0.19670454706970325,0.057730790054574765
1002,1376,-0.0318726325360235,0.0318726325360235,other,other,0.025269179894442717,-0.05714181243046622
1003,1070,0.4321740884247395,0.4321740884247395,immune_core,other,0.45073965822952344,-0.018565569804783966
1003,1111,0.4538995142887021,0.4538995142887021,immune_core,other,0.42121200595765773,0.03268750833104439
1003,1110,0.3200418828623429,0.3200418828623429,immune_core,other,0.3067301560503305,0.013311726812012425
1005,1253,-0.2303427324014278,0.2303427324014278,tumor_core,tumor_core,-0.24179474901464554,0.011452016613217736
1006,1384,0.0546027328473607,0.0546027328473607,other,interface,0.11703860493876386,-0.062435872091403166
1006,1261,0.0277841299256473,0.0277841299256473,other,interface,0.0072154603803145645,0.020568669545332735
1007,1455,0.2931423881109824,0.2931423881109824,other,other,0.28169106849250986,0.011451319618472566
1007,1312,-0.0143707908714983,0.0143707908714983,other,other,0.008995086838219028,-0.023365877709717327
1008,1050,0.0011349897417282,0.0011349897417282,interface,interface,-0.006164334503973912,0.007299324245702112
1008,1377,1.1682201966061825,1.1682201966061825,interface,interface,1.25081046181405,-0.08259026520786761
1008,1062,1.7779107778799073,1.7779107778799073,interface,interface,1.3974530855040521,0.38045769237585514
1008,1102,-0.2493997306365094,0.2493997306365094,interface,interface,-0.232809879994744,-0.01658985064176538
1009,1460,0.0502703045792512,0.0502703045792512,immune_core,other,-0.19591631505417337,0.24618661963342456
1009,1154,-0.0759184644675368,0.0759184644675368,immune_core,immune_core,0.020183129598202232,-0.09610159406573904
1009,1098,0.0472293773315711,0.0472293773315711,immune_core,interface,-0.13514448848514887,0.18237386581671997
1010,1404,-0.1930912605583066,0.1930912605583066,interface,interface,-0.11274670075741465,-0.08034455980089196
1010,1542,0.0118943116461388,0.0118943116461388,interface,other,0.16165301635862578,-0.14975870471248698
1010,1108,-0.1325399387219373,0.1325399387219373,interface,other,-0.10696841468348722,-0.02557152403845009
1011,1395,-0.1677850463361756,0.1677850463361756,other,other,0.02527780207933117,-0.19306284841550678
1011,1217,0.6287964927090153,0.6287964927090153,other,tumor_core,0.36343595936795997,0.2653605333410553
1012,1179,-0.6105780732361525,0.6105780732361525,other,immune_core,-0.7450568435823011,0.13447877034614852
1012,1205,-0.4711112659353193,0.4711112659353193,other,other,-0.47886060645132383,0.00774934051600451
1012,1262,-0.5886418060091707,0.5886418060091707,other,immune_core,-0.5860408397479703,-0.0026009662612004325
1012,1337,-0.2592681109751564,0.2592681109751564,other,other,-0.17392820613064294,-0.08533990484451345
1013,1389,-0.0717799721993605,0.0717799721993605,other,other,-0.028592901044893648,-0.04318707115446685
1013,1274,-0.279348364626519,0.279348364626519,other,immune_core,-1.065323229834712,0.7859748652081929
1014,1219,0.226086153457284,0.226086153457284,interface,interface,0.048139248670649365,0.17794690478663464
1015,1404,-0.1578343082401582,0.1578343082401582,other,interface,-0.1649749955849225,0.007140687344764307
1015,1521,0.0761148066975009,0.0761148066975009,other,other,0.0611418951620465,0.014972911535454395
1015,1054,-0.0188670395488176,0.0188670395488176,other,other,-0.04919246790176739,0.030325428352949785
1016,1553,0.4127442860696252,0.4127442860696252,other,tumor_core,0.4051669758873411,0.007577310182284136
1016,1396,-0.0705490534261756,0.0705490534261756,other,other,-0.12552027454782888,0.054971221121653285
1017,1022,1.6716055491485493,1.6716055491485493,interface,interface,2.1459170694499954,-0.4743115203014461
1017,1080,0.4518515614187163,0.4518515614187163,interface,interface,0.37517497182611437,0.07667658959260193
1018,1491,0.5152161911519455,0.5152161911519455,interface,interface,0.29931006400085597,0.21590612715108953
1018,1302,0.954505742144717,0.954505742144717,interface,interface,1.0847674208155844,-0.13026167867086746
1018,1465,-0.0457390104204443,0.0457390104204443,interface,interface,-0.01253508998956021,-0.03320392043088409
1019,1223,0.3073450589881282,0.3073450589881282,other,other,0.2769445900476937,0.030400468940434522
1019,1443,0.189059044382476,0.189059044382476,other,other,0.21697430149133418,-0.02791525710885817
1019,1451,0.2985691981237875,0.2985691981237875,other,other,0.3124551011603343,-0.013885903036546798
1020,1385,0.0226039335562792,0.0226039335562792,other,interface,-0.0037922311786311447,0.026396164734910344
1021,1199,0.3542600180232743,0.3542600180232743,other,interface,0.2845440873914638,0.06971593063181047
1021,1232,0.2757868437421977,0.2757868437421977,other,other,0.21324982358132819,0.06253702016086951
1021,1546,0.2688067375644137,0.2688067375644137,other,other,0.3645203841609944,-0.09571364659658071
1024,1168,0.6489743065407293,0.6489743065407293,interface,interface,0.6625769975583529,-0.01360269101762357
1024,1532,-0.2980618568356742,0.2980618568356742,interface,other,-0.23496738085668356,-0.06309447597899065
1025,1278,-0.1976235981391069,0.1976235981391069,immune_core,interface,0.021582503213014248,-0.21920610135212115
1026,1544,0.3486936348651091,0.3486936348651091,interface,interface,-0.08391512815189667,0.4326087630170058
1026,1239,0.9144521829005318,0.9144521829005318,interface,interface,0.4272977603123038,0.48715442258822794
1027,1048,-1.3696321899726862,1.3696321899726862,interface,interface,-1.4611570678119736,0.09152487783928742
1027,1102,-1.276601715562422,1.276601715562422,interface,interface,-1.120162125551668,-0.15643959001075403
1029,1091,0.1197559244903952,0.1197559244903952,other,other,0.19876289771331188,-0.07900697322291668
1030,1232,0.1850278366319443,0.1850278366319443,other,other,0.07331561396044314,0.11171222267150116
1030,1357,0.1931665431864861,0.1931665431864861,other,other,-0.14385216668233525,0.3370187098688213
1030,1546,0.1896742844462628,0.1896742844462628,other,other,0.22458617454010935,-0.03491189009384654
1031,1448,-0.3223682432695003,0.3223682432695003,other,other,-0.36355493052728116,0.04118668725778085
1032,1121,-0.0753407109730122,0.0753407109730122,interface,interface,0.07249888803075297,-0.14783959900376517
1032,1304,0.2152049719785776,0.2152049719785776,interface,interface,0.19781160853858926,0.017393363439988346
1033,1264,0.657824672042677,0.657824672042677,interface,interface,0.651729890064924,0.006094781977753039
1033,1109,0.6705584263649188,0.6705584263649188,interface,interface,0.38382504137200335,0.28673338499291545
1034,1203,-0.0950027720885459,0.0950027720885459,other,other,-0.08885596231287873,-0.0061468097756671725
1034,1209,0.0327718108496573,0.0327718108496573,other,other,0.010940019590258976,0.021831791259398325
1034,1183,-0.3737420542256742,0.3737420542256742,other,other,-0.35660101951207857,-0.017141034713595626
1034,1450,0.0,0.0,other,other,0.01383485073322649,-0.01383485073322649
1035,1386,0.0255628914809534,0.0255628914809534,other,other,-0.06234366327002733,0.08790655475098072
1036,1079,0.0095269217861707,0.0095269217861707,interface,interface,0.07682246824926506,-0.06729554646309435
1037,1406,-0.1031917826951409,0.1031917826951409,other,interface,-0.20040955022332158,0.09721776752818068
1038,1380,0.0621031824903817,0.0621031824903817,interface,interface,-0.042737781743964254,0.10484096423434595
1038,1153,0.0149312559787926,0.0149312559787926,interface,other,-0.2105378906117924,0.225469146590585
1038,1181,0.0310988709677696,0.0310988709677696,interface,interface,0.383147671804559,-0.3520488008367894
1039,1345,0.0985237329142552,0.0985237329142552,interface,interface,0.47028989889169925,-0.37176616597744405
1039,1513,0.2506111264435752,0.2506111264435752,interface,interface,0.07632502621858325,0.17428610022499194
1039,1271,0.76447188580006,0.76447188580006,interface,interface,0.6779905105425844,0.08648137525747557
1039,1045,0.2046767110666035,0.2046767110666035,interface,tumor_core,0.13369295316552007,0.07098375790108344
1039,1198,0.0997403081949343,0.0997403081949343,interface,interface,-0.018156534705368724,0.11789684290030303
1040,1192,-0.6134134506986133,0.6134134506986133,immune_core,immune_core,-0.22319851912014788,-0.39021493157846543
1040,1370,0.2125717547940235,0.2125717547940235,immune_core,immune_core,0.2862208652543193,-0.07364911046029579
1040,1552,0.2656175324284006,0.2656175324284006,immune_core,other,0.21394286109514318,0.0516746713332574
1040,1570,0.9151702083700723,0.9151702083700723,immune_core,other,0.5364134351033143,0.37875677326675805
1040,1254,0.8972455121320214,0.8972455121320214,immune_core,other,0.36444908392010184,0.5327964282119195
1041,1291,0.0687896164829154,0.0687896164829154,other,other,0.08848809794863394,-0.019698481465718537
1041,1575,-0.0573464891349487,0.0573464891349487,other,other,-0.07468045939024379,0.017333970255295088
1041,1479,0.1043558729582233,0.1043558729582233,other,other,0.12481362290610082,-0.020457749947877524
1041,1557,-0.3029147928147941,0.3029147928147941,other,other,-0.31219607045364084,0.00928127763884673
1042,1548,0.201477226566376,0.201477226566376,interface,interface,-0.02225332277481991,0.2237305493411959
1042,1577,-0.1753308566573527,0.1753308566573527,interface,interface,-0.06293388578150598,-0.11239697087584673
1042,1195,-0.6720571955735475,0.6720571955735475,interface,other,-0.3712550856842502,-0.3008021098892973
1043,1454,-0.0047354003444589,0.0047354003444589,interface,tumor_core,0.3002904449913915,-0.3050258453358504
1043,1518,-0.1317950411070842,0.1317950411070842,interface,interface,-0.26561065794001826,0.13381561683293405
1043,1500,0.3477220073414428,0.3477220073414428,interface,immune_core,-0.22629834084260503,0.5740203481840478
1044,1512,0.4599021430251018,0.4599021430251018,interface,interface,0.7705791895867145,-0.31067704656161266
1045,1198,-0.1158413633770668,0.1158413633770668,tumor_core,interface,-0.1518494878708888,0.036008124493822014
1046,1185,0.2897923029550949,0.2897923029550949,tumor_core,tumor_core,0.20258473269568428,0.08720757025941062
1046,1383,-0.0525114266143424,0.0525114266143424,tumor_core,tumor_core,-0.055002830366871924,0.002491403752529521
1046,1077,-0.2135610459126889,0.2135610459126889,tumor_core,other,-0.1811793376428238,-0.03238170826986511
1047,1113,0.0421989039678588,0.0421989039678588,other,interface,0.0627281213057973,-0.0205292173379385
1049,1183,-0.3729958270939719,0.3729958270939719,other,other,-0.3736112698250672,0.000615442731095317
1050,1062,1.4738253938794688,1.4738253938794688,interface,interface,1.403617420008026,0.07020797387144273
1050,1109,0.4030910106732012,0.4030910106732012,interface,interface,0.4242833313684409,-0.021192320695239686
1051,1584,0.2606203087059255,0.2606203087059255,immune_core,other,0.32540980380650797,-0.06478949510058246
1051,1359,0.4008352803658599,0.4008352803658599,immune_core,other,0.38467074672512713,0.01616453364073278
1052,1537,-0.0465312197517479,0.0465312197517479,other,other,0.11852859726743281,-0.1650598170191807
1052,1125,0.0749834638586109,0.0749834638586109,other,interface,-0.15583364490704213,0.23081710876565303
1053,1281,-0.2390442987408711,0.2390442987408711,interface,interface,-0.30464123253697123,0.06559693379610013
1053,1449,-0.7199441018685859,0.7199441018685859,interface,interface,-0.752854359801003,0.032910257932417086
1053,1512,0.0140747419733394,0.0140747419733394,interface,interface,0.1045570487173223,-0.0904823067439829
1055,1525,-0.7094498493486718,0.7094498493486718,interface,interface,-0.7955092634882689,0.08605941413959706
1056,1558,-0.2593844140923342,0.2593844140923342,interface,tumor_core,-0.11019355665318542,-0.14919085743914878
1056,1578,-0.0248074288801032,0.0248074288801032,interface,other,-0.2837258688307802,0.25891843995067704
1056,1124,0.0883929144021106,0.0883929144021106,interface,interface,0.16601057527349822,-0.07761766087138762
1056,1072,-0.2035309797912775,0.2035309797912775,interface,interface,-0.16537507080499902,-0.038155908986278464
1057,1514,-0.3902478672069716,0.3902478672069716,interface,interface,-0.7272085183717054,0.33696065116473384
1059,1251,0.1802182626718198,0.1802182626718198,interface,interface,0.3431560353837849,-0.1629377727119651
1059,1400,0.178379015567433,0.178379015567433,interface,interface,0.22413565607437014,-0.045756640506937146
1060,1461,0.1564533655874705,0.1564533655874705,other,tumor_core,0.15030873304345407,0.006144632544016426
1060,1493,-0.050092833627273,0.050092833627273,other,other,-0.0005585049674027981,-0.0495343286598702
1061,1102,-1.9061057636706549,1.9061057636706549,interface,interface,-1.5687418943332574,-0.3373638693373975
1061,1164,-0.8248848475062693,0.8248848475062693,interface,interface,-0.036730286756097075,-0.7881545607501723
1062,1109,-1.2278976717140777,1.2278976717140777,interface,interface,-0.9793340886395852,-0.24856358307449256
1063,1406,0.0033607401236814,0.0033607401236814,other,interface,0.06049135315960996,-0.05713061303592856
1063,1539,-0.0589458966847888,0.0589458966847888,other,other,0.017888802818718352,-0.07683469950350716
1064,1485,-0.1648515824800071,0.1648515824800071,interface,interface,-0.12983898800599913,-0.03501259447400795
1064,1182,-0.7312184903599417,0.7312184903599417,interface,interface,-0.5427173182988514,-0.1885011720610903
1066,1437,-0.1141521266740948,0.1141521266740948,other,other,-0.07386518242878332,-0.040286944245311485
1068,1196,-0.0247974231088834,0.0247974231088834,immune_core,interface,0.08186390228339135,-0.10666132539227476
1068,1536,-0.0882893783448571,0.0882893783448571,immune_core,interface,-0.2129042583309183,0.1246148799860612
1068,1413,0.0879597300392726,0.0879597300392726,immune_core,other,0.3235056788784845,-0.23554594883921193
1069,1327,-0.1652114567915552,0.1652114567915552,interface,interface,-0.2809760838427031,0.11576462705114793
1069,1499,0.081493948323156,0.081493948323156,interface,other,0.5625296913409743,-0.4810357430178183
1069,1136,0.0767020536246522,0.0767020536246522,interface,interface,-0.4034669987831019,0.4801690524077541
1070,1490,-0.0827341236543315,0.0827341236543315,other,other,0.03773286111830432,-0.12046698477263582
1070,1561,-0.9600500158871944,0.9600500158871944,other,immune_core,-1.1054715652433813,0.1454215493561869
1071,1228,0.011848640909288,0.011848640909288,interface,interface,0.028640912002875926,-0.016792271093587927
1071,1121,0.0033447673465641,0.0033447673465641,interface,interface,0.05600168443241861,-0.05265691708585451
1072,1124,0.1185948656262625,0.1185948656262625,interface,interface,0.33138564607849724,-0.21279078045223476
1072,1566,0.2078727782377529,0.2078727782377529,interface,interface,0.1620185028405533,0.045854275397199606
1072,1558,0.2429294004442919,0.2429294004442919,interface,tumor_core,0.055181514151813604,0.1877478862924783
1073,1519,-0.3551948363287829,0.3551948363287829,other,other,-0.23288860788640117,-0.12230622844238173
1073,1212,0.184186369004007,0.184186369004007,other,other,-0.004298631098438709,0.1884850001024457
1074,1188,0.1933490699798628,0.1933490699798628,other,other,0.18584690320201624,0.007502166777846542
1075,1492,-0.5167253894508589,0.5167253894508589,interface,interface,-0.4916952976599378,-0.025030091790921083
1075,1166,0.3267148367087755,0.3267148367087755,interface,interface,0.04988209741240657,0.2768327392963689
1075,1204,-0.1407087412674094,0.1407087412674094,interface,interface,0.12590793786571075,-0.26661667913312015
1076,1487,0.1652655889794981,0.1652655889794981,other,other,0.17741255201432657,-0.012146963034828456
1076,1162,0.088078306675478,0.088078306675478,other,other,0.07754964155481942,0.010528665120658587
1076,1360,-0.0104276267895019,0.0104276267895019,other,other,0.023033240429551793,-0.0334608672190537
1077,1383,0.1765677228276438,0.1765677228276438,other,tumor_core,0.12617650727595187,0.05039121555169193
1077,1185,0.2914918071589107,0.2914918071589107,other,tumor_core,0.38376407033850807,-0.09227226317959736
1078,1502,0.2635629231408046,0.2635629231408046,immune_core,interface,0.3405880080394496,-0.07702508489864501
1078,1170,0.0797032703933682,0.0797032703933682,immune_core,interface,0.1547181054251529,-0.0750148350317847
1079,1116,-0.3430012406857148,0.3430012406857148,interface,interface,-0.20099954923615804,-0.14200169144955677
1081,1470,0.0311050176983306,0.0311050176983306,other,other,0.03260272718964191,-0.001497709491311311
1081,1450,0.0,0.0,other,other,-0.01049036002562595,0.01049036002562595
1081,1203,-0.0950027720885459,0.0950027720885459,other,other,-0.11318117307173117,0.018178400983185267
1081,1220,0.0655436216993146,0.0655436216993146,other,other,0.07464210926678813,-0.009098487567473529
1082,1099,-0.0219129062657403,0.0219129062657403,other,other,0.023777539283224847,-0.04569044554896515
1082,1316,-0.4060622569058415,0.4060622569058415,other,immune_core,-0.3341354078284194,-0.07192684907742214
1082,1537,0.1409162438767465,0.1409162438767465,other,other,0.07375765918764077,0.06715858468910574
1083,1571,-0.2876993648965237,0.2876993648965237,tumor_core,tumor_core,-0.21077356680886206,-0.07692579808766165
1083,1350,-0.3032907000535387,0.3032907000535387,tumor_core,tumor_core,-0.18989200125907968,-0.11339869879445902
1083,1241,-0.1325737674127982,0.1325737674127982,tumor_core,tumor_core,-0.14520587853414268,0.012632111121344491
1084,1165,0.2063010912830728,0.2063010912830728,immune_core,other,0.2720405637993013,-0.0657394725162285
1084,1533,0.4306032535208332,0.4306032535208332,immune_core,immune_core,0.07481852741781092,0.35578472610302225
1085,1252,0.0365070063604117,0.0365070063604117,other,other,0.11685308771676095,-0.08034608135634924
1085,1224,0.4830244362719829,0.4830244362719829,other,tumor_core,0.5386282434845167,-0.05560380721253377
1086,1399,0.1447830713713368,0.1447830713713368,interface,interface,0.08033421576850475,0.06444885560283206
1087,1121,-0.4935608132456793,0.4935608132456793,interface,interface,-1.0337042535732417,0.5401434403275625
1088,1336,-1.4331846982719444e-05,1.4331846982719444e-05,other,interface,-0.0322908395472733,0.03227650770029058
1088,1409,0.1740972323335783,0.1740972323335783,other,tumor_core,0.20878140417085064,-0.03468417183727235
1088,1323,-0.0872295332717883,0.0872295332717883,other,other,-0.15070051970464998,0.06347098643286168
1089,1450,0.0,0.0,other,other,0.0001368064795894408,-0.0001368064795894408
1089,1220,0.0655436216993146,0.0655436216993146,other,other,0.08526927577200352,-0.01972565407268892
1090,1507,0.0437699233111475,0.0437699233111475,other,other,0.07135791570291306,-0.027587992391765556
1090,1294,-0.0527942276145987,0.0527942276145987,other,other,-0.04413231379890725,-0.008661913815691445
1090,1250,-0.0024976320390502,0.0024976320390502,other,other,-0.12431917294351347,0.12182154090446326
1091,1340,-0.1127544249279353,0.1127544249279353,other,other,-0.09779827711618347,-0.014956147811751835
1091,1276,-0.6962592849860192,0.6962592849860192,other,immune_core,-0.48159887771104226,-0.21466040727497693
1093,1254,0.0397556194209394,0.0397556194209394,other,other,0.13766138585310403,-0.09790576643216463
1093,1552,-0.0051012080355311,0.0051012080355311,other,other,-0.012844836971854609,0.007743628936323509
1094,1401,-0.0759179671077969,0.0759179671077969,other,other,-0.21720777443205005,0.14128980732425317
1094,1400,-0.2310920234955767,0.2310920234955767,other,interface,0.1348765348693023,-0.36596855836487896
1095,1321,0.1250250933538851,0.1250250933538851,other,other,0.11786177962902014,0.00716331372486495
1095,1202,0.0415233370486595,0.0415233370486595,other,other,0.036601946782373246,0.004921390266286255
1097,1431,-0.1783855582369703,0.1783855582369703,other,other,-0.2166204619807895,0.03823490374381919
1098,1562,-0.0240917622196599,0.0240917622196599,interface,interface,-0.29013546430034065,0.26604370208068073
1098,1191,0.247026765003875,0.247026765003875,interface,interface,0.004610052244362978,0.24241671275951202
1098,1154,0.0017920111500701,0.0017920111500701,interface,immune_core,0.1553276180833511,-0.153535606933281
1098,1240,-0.0465322090672006,0.0465322090672006,interface,interface,0.1397171181940367,-0.1862493272612373
1098,1460,-0.047073645293831,0.047073645293831,interface,other,-0.060771826569024495,0.013698181275193497
1099,1316,-0.4211396233025682,0.4211396233025682,other,immune_core,-0.35791294711164423,-0.06322667619092398
1099,1157,-0.0502882364271209,0.0502882364271209,other,other,-0.007580857509887073,-0.04270737891723383
1099,1135,0.2311045832221258,0.2311045832221258,other,other,0.16755296998507596,0.06355161323704983
1100,1145,-0.7266290223575833,0.7266290223575833,tumor_core,tumor_core,-0.7294499923635601,0.0028209700059768084
1101,1473,0.2520115634930684,0.2520115634930684,immune_core,immune_core,0.08059909266661369,0.17141247082645472
1101,1107,0.0136266548785941,0.0136266548785941,immune_core,other,0.29013890103029016,-0.27651224615169606
1102,1377,1.6664949863367569,1.6664949863367569,interface,interface,1.483620341808794,0.18287464452796276
1102,1164,2.088438815996553,2.088438815996553,interface,interface,1.5320116075771604,0.5564272084193926
1103,1415,0.1120219596118252,0.1120219596118252,immune_core,immune_core,0.23063580861791294,-0.11861384900608773
1103,1348,0.4995327101139709,0.4995327101139709,immune_core,other,0.3185600482100173,0.18097266190395356
1103,1326,0.2561051608955063,0.2561051608955063,immune_core,other,0.16734400597307597,0.08876115492243031
1104,1194,-0.4266460688557971,0.4266460688557971,other,other,-0.3802825848054584,-0.04636348405033869
1104,1287,0.0482355554085587,0.0482355554085587,other,other,0.07226168212576434,-0.024026126717205637
1105,1288,0.007781429259322,0.007781429259322,other,tumor_core,-0.00820292615630372,0.01598435541562572
1105,1315,0.0188954021806616,0.0188954021806616,other,tumor_core,-0.1421827448661943,0.1610781470468559
1106,1147,0.0268911901322537,0.0268911901322537,other,other,0.13232000084888534,-0.10542881071663164
1107,1238,-0.0545022631311198,0.0545022631311198,other,other,0.006194892147776132,-0.06069715527889593
1108,1421,0.020246197683153,0.020246197683153,other,other,0.011983275518703138,0.008262922164449862
1108,1123,0.0383368092781391,0.0383368092781391,other,other,0.059015858715112654,-0.020679049436973553
1109,1264,0.0573597072444423,0.0573597072444423,interface,interface,0.2679048486929207,-0.21054514144847838
1110,1210,0.0666123304978902,0.0666123304978902,other,other,0.0973472790061149,-0.030734948508224696
1110,1335,0.134762415888641,0.134762415888641,other,other,0.09443078107547903,0.04033163481316196
1110,1111,0.1596133052852411,0.1596133052852411,other,other,0.11448184990732724,0.045131455377913854
1111,1335,-0.0741521549552023,0.0741521549552023,other,other,-0.020051068831848207,-0.0541010861233541
1112,1135,-0.0037687391927006,0.0037687391927006,other,other,0.06818793446080262,-0.07195667365350322
1112,1374,-0.0975969382268056,0.0975969382268056,other,other,-0.0952412102999084,-0.0023557279268972
1112,1430,0.0472320813546381,0.0472320813546381,other,other,0.015679870493748915,0.031552210860889184
1112,1316,-0.307290752576643,0.307290752576643,other,immune_core,-0.45727798263591757,0.14998723005927456
1113,1482,0.1178941236936426,0.1178941236936426,interface,immune_core,0.05757121030914358,0.06032291338449902
1114,1547,-0.1229222938829638,0.1229222938829638,other,other,-0.0470983758936343,-0.0758239179893295
1114,1369,0.1182467625668794,0.1182467625668794,other,other,0.03595661085825952,0.08229015170861988
1114,1229,0.1534616785700317,0.1534616785700317,other,interface,0.1207093667280088,0.0327523118420229
1116,1542,0.1845545576444469,0.1845545576444469,interface,other,0.20362060411906885,-0.019066046474621956
1118,1131,0.3276663308164962,0.3276663308164962,tumor_core,tumor_core,0.20762347804378367,0.12004285277271254
1118,1559,-0.0374096795602363,0.0374096795602363,tumor_core,other,-0.058492514030126425,0.02108283446989012
1119,1225,0.2494342819233937,0.2494342819233937,interface,interface,0.21164335158279046,0.03779093034060324
1119,1343,0.1410431023309669,0.1410431023309669,interface,interface,-0.04318749709980024,0.18423059943076714
1120,1428,0.101209351820587,0.101209351820587,other,interface,0.1450109630325463,-0.04380161121195929
1120,1123,-0.1607200858914001,0.1607200858914001,other,other,-0.29725061050565293,0.13653052461425283
1120,1398,0.0903689456833302,0.0903689456833302,other,tumor_core,-0.0473642336441355,0.1377331793274657
1120,1551,0.2464321896008413,0.2464321896008413,other,tumor_core,-0.09594474955146698,0.34237693915230827
1122,1408,-0.0858993440251816,0.0858993440251816,other,other,-0.08946895724784193,0.003569613222660334
1122,1285,-0.1351996306613036,0.1351996306613036,other,other,-0.12214957766233991,-0.013050052998963696
1123,1398,0.2302395675412867,0.2302395675412867,other,tumor_core,0.2498863768615174,-0.019646809320230718
1124,1484,-0.2294835951930808,0.2294835951930808,interface,interface,-0.24576804939901536,0.01628445420593455
1124,1566,-0.0415430651315809,0.0415430651315809,interface,interface,-0.16936714323794394,0.12782407810636304
1126,1152,0.9002101125136859,0.9002101125136859,immune_core,other,1.0044931705828655,-0.10428305806917959
1126,1397,0.2933609189092552,0.2933609189092552,immune_core,immune_core,0.24724821495156069,0.04611270395769451
1126,1416,1.045106196595384,1.045106196595384,immune_core,other,0.8026566025197026,0.24244959407568145
1127,1338,-0.1113663354149264,0.1113663354149264,other,immune_core,-0.05641436711959258,-0.05495196829533382
1127,1358,-0.013041280538348,0.013041280538348,other,other,0.02872131053080343,-0.04176259106915143
1127,1171,0.1625421042397442,0.1625421042397442,other,other,-0.07984754429251734,0.24238964853226153
1128,1351,-0.0482355554085587,0.0482355554085587,other,other,-0.05854173594236256,0.01030618053380386
1128,1408,0.0010647312275632,0.0010647312275632,other,other,-0.0013965134820893566,0.002461244709652557
1128,1156,-0.0178023083212544,0.0178023083212544,other,other,-0.03522255759830367,0.01742024927704927
1128,1362,-0.0482355554085587,0.0482355554085587,other,other,-0.015161518159239995,-0.033074037249318705
1129,1445,0.1968998026816551,0.1968998026816551,interface,tumor_core,0.24070642969601683,-0.04380662701436172
1130,1299,-0.0309796706658891,0.0309796706658891,immune_core,immune_core,0.08917586075999873,-0.12015553142588783
1131,1497,-0.1018586547624443,0.1018586547624443,tumor_core,other,-0.16806077641245462,0.06620212165001033
1131,1559,-0.2304126747568658,0.2304126747568658,tumor_core,other,-0.2661159920739101,0.03570331731704432
1133,1218,0.0610333878440344,0.0610333878440344,other,other,0.050476902141269334,0.010556485702765066
1134,1379,0.0276535213681591,0.0276535213681591,other,other,-0.14242857801737457,0.17008209938553367
1134,1520,-0.1032877175943202,0.1032877175943202,other,other,-0.014810474238405535,-0.08847724335591467
1135,1430,0.0698891362617524,0.0698891362617524,other,other,-0.05250806396705371,0.12239720022880611
1135,1316,-0.4387873905217477,0.4387873905217477,other,immune_core,-0.5254659170967202,0.08667852657497249
1137,1305,0.4342595327103196,0.4342595327103196,other,other,0.43118988989353596,0.0030696428167836243
1138,1506,0.1060927806151535,0.1060927806151535,other,other,0.08970909934853216,0.016383681266621333
1138,1263,0.1286929741985637,0.1286929741985637,other,other,0.09257594677455466,0.036117027424009046
1138,1173,-0.4401049924462402,0.4401049924462402,other,immune_core,-0.3631232683567831,-0.07698172408945708
1139,1560,-0.4157317854317687,0.4157317854317687,tumor_core,tumor_core,-0.4101052495866866,-0.0056265358450821035
1139,1405,-0.0633009927053592,0.0633009927053592,tumor_core,tumor_core,-0.05383661541114569,-0.00946437729421351
1140,1393,0.6493403358921195,0.6493403358921195,interface,interface,0.10662546055729671,0.5427148753348228
1140,1356,-0.1974145782242277,0.1974145782242277,interface,interface,0.18985220439256412,-0.3872667826167918
1140,1514,0.5257004450657843,0.5257004450657843,interface,interface,0.5551504951523564,-0.029450050086572088
1141,1426,0.0565111986267261,0.0565111986267261,other,other,0.03803045767164072,0.01848074095508538
1142,1255,0.3142511690416611,0.3142511690416611,tumor_core,tumor_core,0.22537228945102109,0.08887887959064003
1142,1458,-0.0385178541865007,0.0385178541865007,tumor_core,tumor_core,-0.038398411598014937,-0.00011944258848576444
1143,1568,0.7634434204665852,0.7634434204665852,other,interface,0.6817736587738077,0.08166976169277751
1143,1278,0.3711778598406831,0.3711778598406831,other,interface,0.2604147826228615,0.11076307721782158
1143,1234,0.6817364947403289,0.6817364947403289,other,interface,0.5901601739490647,0.09157632079126421
1144,1585,-0.6592873146619268,0.6592873146619268,interface,interface,0.5478126117449171,-1.207099926406844
1144,1456,2.412828595165942,2.412828595165942,interface,interface,1.2382119866308374,1.1746166085351046
1145,1303,0.0566226069701574,0.0566226069701574,tumor_core,interface,0.013778934110972557,0.04284367285918484
1146,1243,-0.0065639365123027,0.0065639365123027,tumor_core,interface,0.08070992118737563,-0.08727385769967833
1146,1572,-0.2206491899400629,0.2206491899400629,tumor_core,other,-0.2524833843645718,0.03183419442450888
1146,1394,0.0970050146081964,0.0970050146081964,tumor_core,other,0.12264199644373291,-0.025636981835536518
1147,1509,0.0325641049880431,0.0325641049880431,other,interface,0.002465915947589742,0.03009818904045336
1147,1431,-0.1336026256114316,0.1336026256114316,other,other,-0.05848275123228697,-0.07511987437914464
1149,1396,-0.4848697302021179,0.4848697302021179,tumor_core,other,-0.40999435578448706,-0.07487537441763081
1149,1315,0.2879654190266238,0.2879654190266238,tumor_core,tumor_core,0.044858371267294,0.24310704775932981
1149,1551,0.1504706913606414,0.1504706913606414,tumor_core,tumor_core,0.1570518850584113,-0.00658119369776991
1150,1218,0.0241266229737099,0.0241266229737099,other,other,-0.06285250930106218,0.08697913227477208
1151,1245,0.1640814546955423,0.1640814546955423,interface,interface,0.034409191977990916,0.1296722627175514
1151,1259,-0.0066992582208476,0.0066992582208476,interface,other,0.1238097646569219,-0.1305090228777695
1151,1155,0.0283725517157993,0.0283725517157993,interface,interface,0.12731636433444393,-0.09894381261864463
1152,1397,-0.7016037840795012,0.7016037840795012,other,immune_core,-0.7572449556313048,0.05564117155180359
1153,1380,0.1407555258244126,0.1407555258244126,other,interface,0.16780010886782815,-0.02704458304341556
1153,1439,0.0996268665774854,0.0996268665774854,other,interface,-0.050034276108052,0.1496611426855374
1154,1240,0.0726841317885137,0.0726841317885137,immune_core,interface,-0.0156104998893144,0.0882946316778281
1155,1265,0.054416971709185,0.054416971709185,interface,interface,0.17660724667731365,-0.12219027496812865
1156,1186,0.0006717706110262,0.0006717706110262,other,other,-0.017301817153517973,0.017973587764544174
1156,1408,0.0188670395488176,0.0188670395488176,other,other,0.033826044116214316,-0.014959004567396714
1156,1351,-0.0304332470873043,0.0304332470873043,other,other,-0.02331917834405889,-0.007114068743245411
1158,1409,-0.2414690236955648,0.2414690236955648,tumor_core,tumor_core,-0.28345164457365546,0.041982620878090654
1158,1292,-0.4532896786713263,0.4532896786713263,tumor_core,tumor_core,-0.21288615254676604,-0.24040352612456026
1158,1219,-0.4514919428450736,0.4514919428450736,tumor_core,interface,-0.42333626391065393,-0.02815567893441967
1159,1374,0.2447973493937438,0.2447973493937438,immune_core,other,0.12335434041282486,0.12144300898091895
1160,1508,-0.6215652577966951,0.6215652577966951,interface,interface,-0.440947104124851,-0.18061815367184414
1161,1498,0.0517918594773762,0.0517918594773762,interface,interface,0.6804629717725424,-0.6286711122951663
1161,1308,0.0626323296129712,0.0626323296129712,interface,interface,0.4842704199213731,-0.4216380903084019
1162,1487,0.053324820379318,0.053324820379318,other,other,0.09986291045950715,-0.04653809008018915
1162,1410,-0.3263407592133356,0.3263407592133356,other,immune_core,-0.3383949605841293,0.012054201370793716
1163,1388,0.2725243211270211,0.2725243211270211,immune_core,other,0.23868109188261954,0.03384322924440153
1163,1411,0.0711621709252514,0.0711621709252514,immune_core,other,0.017015616007692858,0.05414655491755854
1164,1377,0.1508751449388936,0.1508751449388936,interface,interface,-0.04839126576836622,0.1992664107072598
1165,1453,0.0355912208506472,0.0355912208506472,other,interface,0.004798752784984761,0.030792468065662437
1166,1204,-0.0017294879770727,0.0017294879770727,interface,interface,0.07602584045330418,-0.07775532843037689
1166,1492,-0.577169228878161,0.577169228878161,interface,interface,-0.5415773950723444,-0.03559183380581665
1166,1368,-0.4027190205317567,0.4027190205317567,interface,interface,-0.19938277428616957,-0.2033362462455871
1167,1510,-0.0156393033393,0.0156393033393,other,interface,-0.0002652239099219522,-0.01537407942937805
1169,1476,0.0669481166986041,0.0669481166986041,interface,interface,-0.14308966358926806,0.21003778028787215
1169,1543,0.2114206538006488,0.2114206538006488,interface,immune_core,-0.029760745457192206,0.24118139925784102
1170,1502,0.3970348782499204,0.3970348782499204,interface,interface,0.1858699026142967,0.2111649756356237
1171,1338,0.1558710029794791,0.1558710029794791,other,immune_core,0.023433177172924757,0.13243782580655433
1174,1325,0.0730081643917627,0.0730081643917627,other,other,0.13238071021025316,-0.059372545818490455
1174,1433,-0.0158772121877371,0.0158772121877371,other,other,-0.15363435262543834,0.13775714043770124
1175,1341,0.0251599263955418,0.0251599263955418,other,other,0.08424286587434524,-0.059082939478803435
1176,1542,0.3155806553498063,0.3155806553498063,interface,other,-0.07485147595727129,0.39043213130707755
1176,1398,-0.111286205152032,0.111286205152032,interface,tumor_core,-0.03457067142275422,-0.07671553372927778
1177,1474,-0.2350655610272932,0.2350655610272932,other,other,-0.13128415745688643,-0.10378140357040677
1177,1212,-0.257275146089073,0.257275146089073,other,other,-0.05198606167767774,-0.20528908441139523
1178,1387,-0.4273285770564062,0.4273285770564062,other,immune_core,-0.45155040743608654,0.024221830379680342
1179,1426,0.4153100379046919,0.4153100379046919,immune_core,other,0.4149213509167085,0.00038868698798338874
1179,1262,0.2387088600838399,0.2387088600838399,immune_core,immune_core,0.1590160038343307,0.0796928562495092
1180,1422,-0.2249574344488051,0.2249574344488051,other,other,-0.14687340509918684,-0.07808402934961825
1182,1462,-0.1024816963597106,0.1024816963597106,interface,interface,0.6433126462830796,-0.7457943426427902
1182,1563,-0.0250928265588344,0.0250928265588344,interface,interface,0.07137249639253077,-0.09646532295136517
1182,1441,0.6441846880392184,0.6441846880392184,interface,tumor_core,0.6947337305981932,-0.050549042558974855
1183,1209,0.3733722323103888,0.3733722323103888,other,other,0.3675410391023376,0.0058311932080512
1183,1203,0.2643664069828165,0.2643664069828165,other,other,0.26774505719919983,-0.0033786502163833387
1184,1264,0.4745925245757229,0.4745925245757229,interface,interface,-0.0022918937940587525,0.4768844183697816
1185,1383,-0.3112675225108426,0.3112675225108426,tumor_core,tumor_core,-0.2575875630625562,-0.05367995944828641
1186,1194,-0.4219763160857995,0.4219763160857995,other,other,-0.4303658434477289,0.008389527361929383
1187,1334,0.1521944844450986,0.1521944844450986,interface,interface,0.04454924315351902,0.10764524129157957
1187,1339,-0.059216318412036,0.059216318412036,interface,other,-0.21406622856491994,0.15484991015288394
1190,1389,0.0337375353911632,0.0337375353911632,interface,other,0.5692388510922559,-0.5355013157010927
1190,1520,-0.0728450842716738,0.0728450842716738,interface,other,0.19615617437853594,-0.26900125865020974
1190,1379,0.078212987218325,0.078212987218325,interface,other,0.0685380705995669,0.009674916618758092
1191,1240,-0.1778551187214623,0.1778551187214623,interface,interface,0.13510706594967373,-0.312962184671136
1191,1277,0.0279228148714842,0.0279228148714842,interface,interface,0.10226507693644368,-0.07434226206495947
1191,1562,-0.2711185272235351,0.2711185272235351,interface,interface,-0.29474551654470366,0.02362698932116858
1192,1370,0.3945712343750558,0.3945712343750558,immune_core,immune_core,0.5094193843744672,-0.1148481499994114
1193,1350,0.2109110340830834,0.2109110340830834,other,tumor_core,0.0766888507461776,0.1342221833369058
1194,1287,0.4194045324366238,0.4194045324366238,other,other,0.45254426693122274,-0.03313973449459895
1195,1548,0.1938932245596338,0.1938932245596338,other,interface,0.3490017629094303,-0.15510853834979652
1196,1413,0.0923427078747867,0.0923427078747867,interface,other,0.24164177659509317,-0.14929906872030646
1196,1526,0.0183859373832354,0.0183859373832354,interface,interface,0.3989586476981851,-0.3805727103149497
1197,1572,-0.1303606462770969,0.1303606462770969,other,other,-0.04932794118863837,-0.08103270508845853
1198,1271,0.8823283224404658,0.8823283224404658,interface,interface,0.6961470452479531,0.18618127719251265
1198,1222,0.6745533558669696,0.6745533558669696,interface,interface,0.7057238215602092,-0.031170465693239557
1198,1248,0.2820251386158616,0.2820251386158616,interface,interface,0.5173150513817327,-0.23528991276587113
1199,1232,-0.2760866618523832,0.2760866618523832,interface,other,-0.07129426381013561,-0.20479239804224758
1201,1468,-0.2659116851191581,0.2659116851191581,tumor_core,other,-0.14412611542594606,-0.12178556969321203
1201,1560,-0.1291235946560434,0.1291235946560434,tumor_core,tumor_core,-0.06302693110730656,-0.06609666354873683
1201,1298,-0.1029201747275771,0.1029201747275771,tumor_core,tumor_core,-0.026954031539362655,-0.07596614318821444
1203,1209,0.1180899031190373,0.1180899031190373,other,other,0.09979598190313771,0.018293921215899595
1203,1450,0.0950027720885459,0.0950027720885459,other,other,0.10269081304610522,-0.007688040957559317
1204,1533,-0.2237622949976224,0.2237622949976224,interface,immune_core,-0.012194479004460246,-0.21156781599316216
1205,1337,0.2893729470079693,0.2893729470079693,other,other,0.3049324003206809,-0.015559453312711635
1205,1565,0.488184333641432,0.488184333641432,other,other,0.44026061021637874,0.047923723425053244
1206,1231,0.0054011969268205,0.0054011969268205,other,tumor_core,-0.030714894478352267,0.036116091405172766
1207,1286,0.1620976095502905,0.1620976095502905,other,other,0.1629615672430097,-0.0008639576927191861
1208,1379,-0.0317131877572963,0.0317131877572963,other,other,0.05152518265233713,-0.08323837040963343
1209,1373,-0.0327718108496573,0.0327718108496573,other,other,-0.04946316233294537,0.01669135148328807
1211,1244,0.0289320795348978,0.0289320795348978,other,other,0.07472481853075341,-0.04579273899585561
1212,1474,0.0222095850617796,0.0222095850617796,other,other,-0.07929809577920871,0.10150768084098831
1212,1519,-0.2986858391571344,0.2986858391571344,other,other,-0.22858997678796245,-0.07009586236917198
1213,1219,-0.8952555530778041,0.8952555530778041,interface,interface,-0.660131444575523,-0.23512410850228116
1213,1400,0.2559253930749723,0.2559253930749723,interface,interface,-0.12595561070503858,0.3818810037800109
1214,1341,0.1254360191758503,0.1254360191758503,other,other,0.14460140491864404,-0.01916538574279375
1215,1453,0.11675248641037,0.11675248641037,immune_core,interface,-0.10632118901059917,0.22307367542096918
1215,1282,0.1726122317053116,0.1726122317053116,immune_core,interface,0.5916233822376574,-0.41901115053234583
1216,1220,0.0655436216993146,0.0655436216993146,other,other,0.015570308980575154,0.04997331271873945
1216,1247,0.0,0.0,other,other,0.013367058588770492,-0.013367058588770492
1216,1309,-0.6869957202748948,0.6869957202748948,other,immune_core,-0.6219282601524546,-0.06506746012244013
1220,1470,-0.0344386040009839,0.0344386040009839,other,other,-0.04203938207714622,0.007600778076162322
1220,1450,-0.0655436216993146,0.0655436216993146,other,other,-0.08513246929241408,0.01958884759309948
1221,1465,0.1500348477648967,0.1500348477648967,interface,interface,0.4097593337078784,-0.2597244859429817
1222,1248,0.3208241450242712,0.3208241450242712,interface,interface,-0.1884087701784764,0.5092329152027476
1222,1246,-0.4298266398633067,0.4298266398633067,interface,interface,-0.4233329511393634,-0.006493688723943292
1223,1561,-0.8932359383313493,0.8932359383313493,other,immune_core,-1.1465769629427582,0.25334102461140895
1223,1443,-0.2420558747671697,0.2420558747671697,other,other,-0.0599702885563595,-0.1820855862108102
1225,1343,-0.2363676813428024,0.2363676813428024,interface,interface,-0.2548308486825907,0.01846316733978831
1226,1257,0.0313345624489362,0.0313345624489362,other,other,0.04912588002443488,-0.017791317575498684
1227,1234,0.0547359586589075,0.0547359586589075,immune_core,interface,0.13767182683063428,-0.08293586817172678
1227,1568,-0.0482566423915263,0.0482566423915263,immune_core,interface,0.22928531165537713,-0.2775419540469034
1229,1320,0.2818750197735399,0.2818750197735399,interface,tumor_core,0.40067176994725107,-0.11879675017371116
1229,1369,-0.0466659057361939,0.0466659057361939,interface,other,-0.08475275586974929,0.03808685013355539
1230,1489,0.6059171209403564,0.6059171209403564,interface,interface,0.8868012721772596,-0.28088415123690313
1231,1376,-0.1288630793538075,0.1288630793538075,tumor_core,other,-0.11826953471569626,-0.01059354463811124
1231,1438,0.1167589591828951,0.1167589591828951,tumor_core,tumor_core,0.05316583245956427,0.06359312672333083
1231,1559,0.0345348753341816,0.0345348753341816,tumor_core,other,0.04609188001020617,-0.011557004676024572
1232,1546,-0.0245576177038157,0.0245576177038157,other,other,0.1512705605796662,-0.1758281782834819
1234,1239,-0.5032180934976016,0.5032180934976016,interface,interface,-0.1996312190144306,-0.303586874483171
1234,1568,-0.0569727919845725,0.0569727919845725,interface,interface,0.09161348482474285,-0.14858627680931535
1236,1368,0.3777243817040959,0.3777243817040959,tumor_core,interface,0.15751336103302846,0.22021102067106743
1236,1436,-0.061731906982736,0.061731906982736,tumor_core,tumor_core,-0.08552235966952032,0.02379045268678432
1236,1346,-0.0884313846217759,0.0884313846217759,tumor_core,other,-0.02342059521353737,-0.06501078940823853
1237,1539,-0.0510662130577349,0.0510662130577349,other,other,-0.15056210671043946,0.09949589365270456
1238,1263,-0.13837018511354,0.13837018511354,other,other,-0.07159508440766993,-0.06677510070587006
1239,1310,0.3394192030194458,0.3394192030194458,interface,interface,-0.0714549152959616,0.4108741183154074
1241,1458,-0.032485108980556,0.032485108980556,tumor_core,tumor_core,-0.058701888847271344,0.02621677986671534
1242,1365,0.0295039419783241,0.0295039419783241,other,other,0.1740452127548991,-0.144541270776575
1243,1394,0.0938649583112759,0.0938649583112759,interface,other,0.04193207525635728,0.051932883054918624
1243,1452,0.014845957343008,0.014845957343008,interface,interface,0.28909129035427483,-0.27424533301126686
1247,1309,-0.6869957202748948,0.6869957202748948,other,immune_core,-0.6352953187412251,-0.051700401533669615
1248,1318,-0.1807547595566,0.1807547595566,interface,other,-0.10512250159912823,-0.07563225795747178
1248,1271,0.3520010144862475,0.3520010144862475,interface,interface,0.17883199386622034,0.17316902062002715
1249,1466,0.2537885474257809,0.2537885474257809,other,other,0.23655776610003382,0.01723078132574707
1250,1260,0.1030147935073551,0.1030147935073551,other,interface,-0.22142549778218534,0.32444029128954044
1250,1294,-0.0933978827012437,0.0933978827012437,other,other,0.08018685914460622,-0.17358474184584993
1251,1302,-0.118114826515149,0.118114826515149,interface,interface,-0.0136444996910417,-0.1044703268241073
1252,1339,0.1259507115832563,0.1259507115832563,other,other,0.1194990001296935,0.006451711453562797
1252,1532,0.0753994835232379,0.0753994835232379,other,other,0.02973958128127069,0.04565990224196721
1252,1334,0.2826412120806254,0.2826412120806254,other,interface,0.37811447184813246,-0.09547325976750703
1253,1292,0.0118556081528003,0.0118556081528003,tumor_core,tumor_core,-0.06756496989215477,0.07942057804495507
1253,1567,-0.0135426756022449,0.0135426756022449,tumor_core,tumor_core,0.08872302189130647,-0.10226569749355137
1254,1552,-0.0343240359213663,0.0343240359213663,other,other,-0.15050622282495862,0.11618218690359233
1255,1432,-0.3896140780366525,0.3896140780366525,tumor_core,tumor_core,-0.4258881997945747,0.03627412175792222
1256,1555,0.018662081358292,0.018662081358292,interface,interface,0.06834322193830061,-0.04968114058000861
1256,1577,0.0107710225938636,0.0107710225938636,interface,interface,-0.14549839434405254,0.15626941693791613
1258,1481,-0.5459779697239948,0.5459779697239948,interface,interface,-0.2581905410395744,-0.2877874286844204
1258,1581,0.0937030084725508,0.0937030084725508,interface,other,-0.3177996407012179,0.4115026491737687
1258,1566,-0.5953211769044087,0.5953211769044087,interface,interface,-0.15682952458436647,-0.43849165232004217
1259,1527,-0.1471471624456766,0.1471471624456766,other,other,0.007727101017869276,-0.15487426346354588
1259,1273,0.0759395045666575,0.0759395045666575,other,other,0.08016943445897526,-0.004229929892317755
1259,1528,-0.2741155723237509,0.2741155723237509,other,immune_core,-0.15198674018153574,-0.12212883214221515
1261,1424,0.3384041483241977,0.3384041483241977,interface,interface,0.2061961482814667,0.13220800004273098
1261,1384,0.0452464363817885,0.0452464363817885,interface,interface,0.1098231445584493,-0.06457670817666081
1262,1426,0.2575843466307787,0.2575843466307787,immune_core,other,0.2559053470823778,0.0016789995484009501
1262,1337,0.5050909393340961,0.5050909393340961,immune_core,other,0.41211263361732736,0.09297830571676874
1262,1289,0.4044944309408724,0.4044944309408724,immune_core,other,0.3853712707350974,0.01912316020577498
1263,1342,0.0595001206624488,0.0595001206624488,other,other,0.04652995657754588,0.012970164084902917
1265,1302,0.3172991127136827,0.3172991127136827,interface,interface,0.4969377377038045,-0.1796386249901218
1265,1491,-0.1626861394396556,0.1626861394396556,interface,interface,-0.2885196191109239,0.1258334796712683
1266,1477,0.0358243438112622,0.0358243438112622,other,interface,0.009385067905039401,0.026439275906222796
1266,1471,-0.0347426995276474,0.0347426995276474,other,other,-0.03348158177535765,-0.0012611177522897504
1266,1318,-0.0095709673420987,0.0095709673420987,other,other,-0.007354407645187355,-0.0022165596969113445
1267,1364,0.0,0.0,other,other,0.02296819265740936,-0.02296819265740936
1267,1503,0.1620976095502905,0.1620976095502905,other,other,0.18453336190412026,-0.022435752353829747
1268,1429,-0.1847685961200994,0.1847685961200994,interface,tumor_core,-0.0021366131577039704,-0.18263198296239544
1268,1446,0.0976500722695747,0.0976500722695747,interface,interface,0.6361138621592429,-0.5384637898896683
1269,1307,-0.4120871814304968,0.4120871814304968,other,immune_core,-0.6782880213653412,0.2662008399348444
1269,1348,-0.0315542027697879,0.0315542027697879,other,other,0.10169943731670444,-0.13325364008649235
1269,1499,-0.0185986182387842,0.0185986182387842,other,other,-0.31464948906691415,0.2960508708281299
1269,1496,-0.0957909158404655,0.0957909158404655,other,other,-0.10737697308276116,0.011586057242295666
1270,1546,-0.0442414844187993,0.0442414844187993,interface,other,-0.0674661026081273,0.023224618189328
1270,1272,-0.0667427091866388,0.0667427091866388,interface,immune_core,-0.24525945254026077,0.17851674335362197
1270,1392,-0.054794240217401,0.054794240217401,interface,other,0.1585100164485448,-0.2133042566659458
1271,1345,-0.1987998943807647,0.1987998943807647,interface,interface,-0.20770061165088516,0.008900717270120456
1272,1392,0.2846600781026392,0.2846600781026392,immune_core,other,0.40376946898880556,-0.11910939088616634
1272,1546,0.3310890303189124,0.3310890303189124,immune_core,other,0.17779334993213347,0.15329568038677893
1273,1355,-0.0648082797222863,0.0648082797222863,other,other,0.09429430726862648,-0.1591025869909128
1273,1534,0.0920174841686747,0.0920174841686747,other,interface,0.019038336611779144,0.07297914755689555
1273,1527,-0.2001408798078956,0.2001408798078956,other,other,-0.07244233344110598,-0.12769854636678962
1276,1340,0.4303435466288691,0.4303435466288691,immune_core,other,0.38380060059485877,0.046542946034010324
1277,1372,-0.0208059577597553,0.0208059577597553,interface,interface,0.1137272691786963,-0.1345332269384516
1279,1576,-0.1647038636088444,0.1647038636088444,other,other,-0.08889208197021063,-0.07581178163863377
1279,1297,-0.2657161782700413,0.2657161782700413,other,other,-0.16856752781909062,-0.09714865045095067
1280,1403,-0.0270504454075341,0.0270504454075341,tumor_core,interface,-0.020151032569633576,-0.006899412837900524
1280,1486,-0.3519652531193885,0.3519652531193885,tumor_core,other,-0.25318473783121864,-0.09878051528816983
1280,1445,0.231185770344843,0.231185770344843,tumor_core,tumor_core,-0.003949323656670833,0.23513509400151383
1281,1512,0.2498833479722412,0.2498833479722412,interface,interface,0.4091982812542935,-0.15931493328205232
1281,1556,-0.4472264040001514,0.4472264040001514,interface,interface,-0.4917575916597073,0.04453118765955588
1281,1317,0.0182599636903312,0.0182599636903312,interface,interface,-0.057341325997584625,0.07560128968791582
1283,1391,0.0262575412364813,0.0262575412364813,other,other,-0.0011677512705101645,0.027425292506991463
1285,1287,0.0482355554085587,0.0482355554085587,other,other,0.003731182628259555,0.044504372780299145
1285,1408,0.049300286636122,0.049300286636122,other,other,0.032680620414497985,0.016619666221624016
1286,1565,-0.0520405373717496,0.0520405373717496,other,other,-0.024109801726425406,-0.027930735645324195
1286,1455,-0.0520405373717496,0.0520405373717496,other,other,-0.03924242416864365,-0.012798113203105949
1288,1315,0.0979686430248136,0.0979686430248136,tumor_core,tumor_core,-0.1339798187098906,0.23194846173470418
1289,1337,0.0762632873507157,0.0762632873507157,other,other,0.026741362882229947,0.04952192446848576
1291,1321,-0.0830679191437261,0.0830679191437261,other,other,-0.08700143638183355,0.003933517238107448
1291,1557,-0.4288807636121144,0.4288807636121144,other,other,-0.4006841684022748,-0.028196595209839637
1291,1479,0.0504857285342126,0.0504857285342126,other,other,0.03632552495746688,0.014160203576745717
1295,1357,-0.1529516663168642,0.1529516663168642,other,other,-0.24615147786572306,0.09319981154885887
1295,1567,0.0241740771648817,0.0241740771648817,other,tumor_core,0.052039532792393164,-0.027865455627511464
1296,1554,0.0386741909040875,0.0386741909040875,other,other,0.07348267014334,-0.0348084792392525
1297,1576,0.0224882403851894,0.0224882403851894,other,other,0.07967544584887999,-0.05718720546369059
1297,1354,0.0216235929607448,0.0216235929607448,other,interface,-0.13348537461830384,0.15510896757904863
1298,1468,-0.1629915103915809,0.1629915103915809,tumor_core,other,-0.1171720838865834,-0.04581942650499751
1300,1493,-0.0940700106882877,0.0940700106882877,interface,other,-0.1567470139553352,0.06267700326704749
1300,1472,0.2227169214821525,0.2227169214821525,interface,tumor_core,0.0693953633437291,0.1533215581384234
1302,1491,-0.9578935093574044,0.9578935093574044,interface,interface,-0.7854573568147284,-0.17243615254267597
1304,1489,0.5118679246375887,0.5118679246375887,interface,interface,1.023933980589586,-0.5120660559519973
1306,1474,0.1018764110229043,0.1018764110229043,other,other,0.04344859783628971,0.058427813186614594
1306,1311,0.1341291550692125,0.1341291550692125,other,interface,0.04960924521758861,0.08451990985162389
1307,1499,0.4203756036677758,0.4203756036677758,immune_core,other,0.363638532298427,0.0567370713693488
1308,1498,0.1162367772136249,0.1162367772136249,interface,interface,0.19619255185116938,-0.07995577463754448
1312,1565,0.2724098921132092,0.2724098921132092,other,other,0.2878286040965091,-0.015418711983299915
1312,1455,0.2724098921132092,0.2724098921132092,other,other,0.2726959816542909,-0.00028608954108166884
1313,1517,0.2631321306511544,0.2631321306511544,other,other,0.11160414925779186,0.15152798139336252
1314,1500,0.4188268946590082,0.4188268946590082,other,immune_core,0.44307635836213954,-0.024249463703131358
1314,1518,-0.1505586500580765,0.1505586500580765,other,interface,0.4037640412647263,-0.5543226913228028
1317,1556,-0.4269519548717791,0.4269519548717791,interface,interface,-0.43441626566212266,0.007464310790343542
1318,1471,-0.1016152931972732,0.1016152931972732,other,other,-0.026127174130170294,-0.0754881190671029
1318,1477,0.134112304504129,0.134112304504129,other,interface,0.016739475550226757,0.11737282895390225
1319,1461,0.1327235337013184,0.1327235337013184,other,tumor_core,0.158062995303226,-0.025339461601907615
1321,1557,-0.303075919987817,0.303075919987817,other,other,-0.3136827320204412,0.010606812032624202
1322,1579,0.0082903030743495,0.0082903030743495,other,other,0.06431120296728551,-0.056020899892936016
1323,1336,0.115575353582806,0.115575353582806,other,interface,0.11840968015737668,-0.002834326574570681
1323,1409,0.3179387313935089,0.3179387313935089,other,tumor_core,0.3594819238755006,-0.041543192481991675
1324,1486,0.2763094383696405,0.2763094383696405,other,other,0.18111850161166762,0.09519093675797288
1324,1554,-0.1469176950120108,0.1469176950120108,other,other,-0.07106840963736007,-0.07584928537465073
1325,1547,-0.346861100297285,0.346861100297285,other,other,-0.22909763511312836,-0.11776346518415665
1326,1348,-0.008222483109303,0.008222483109303,other,other,0.15121604223694138,-0.15943852534624436
1327,1447,0.6017768549158938,0.6017768549158938,interface,immune_core,0.8206726366924075,-0.2188957817765137
1330,1553,0.1095440003454979,0.1095440003454979,tumor_core,tumor_core,0.06316928934434965,0.04637471100114825
1332,1581,0.1954551541076318,0.1954551541076318,other,other,0.09717423755700672,0.0982809165506251
1334,1339,-0.2752539391111428,0.2752539391111428,interface,other,-0.25861547171843896,-0.01663846739270386
1335,1434,-0.0198543274615177,0.0198543274615177,other,other,-0.03604325433692579,0.01618892687540809
1338,1358,0.1248860276971569,0.1248860276971569,immune_core,other,0.08513567765039601,0.03975035004676089
1339,1532,-0.0717566544761602,0.0717566544761602,other,other,-0.08975941884842281,0.018002764372262614
1343,1395,-0.0850704272883483,0.0850704272883483,interface,other,-0.4283755384061767,0.3433051111178284
1345,1510,-0.0811679595393644,0.0811679595393644,interface,interface,0.00858491904767672,-0.08975287858704112
1345,1441,-0.1054183325027652,0.1054183325027652,interface,tumor_core,0.38639074316124566,-0.4918090756640109
1345,1513,-0.1446742878255319,0.1446742878255319,interface,interface,-0.393964872673116,0.24929058484758407
1346,1583,0.1142844229005079,0.1142844229005079,other,tumor_core,-0.08154007357786879,0.1958244964783767
1346,1436,0.0789429405143576,0.0789429405143576,other,tumor_core,-0.06210176445598295,0.14104470497034055
1347,1535,-0.3879049495540306,0.3879049495540306,other,immune_core,-0.1418820597079035,-0.2460228898461271
1347,1420,-0.2877995483550623,0.2877995483550623,other,interface,-0.18834658030457946,-0.09945296805048282
1348,1496,-0.0790162569508342,0.0790162569508342,other,other,-0.20907641039946562,0.13006015344863142
1349,1353,-0.0304332470873043,0.0304332470873043,other,other,-0.07935422556753965,0.048920978480235355
1350,1571,0.0221316492718165,0.0221316492718165,tumor_core,tumor_core,-0.020881565549782377,0.04301321482159888
1351,1408,0.049300286636122,0.049300286636122,other,other,0.057145222460273204,-0.007844935824151203
1352,1399,0.1279963657555233,0.1279963657555233,interface,interface,0.0159917386619689,0.11200462709355441
1352,1482,-0.1140318269890796,0.1140318269890796,interface,immune_core,-0.05882035861213919,-0.05521146837694041
1353,1418,0.196724357227465,0.196724357227465,other,other,0.11903230191368147,0.07769205531378354
1355,1534,0.0519204715732556,0.0519204715732556,other,interface,-0.07525597065684733,0.12717644223010294
1355,1583,-0.0661868257762958,0.0661868257762958,other,tumor_core,0.23064677397402022,-0.29683359975031604
1355,1527,0.0607381185754882,0.0607381185754882,other,other,-0.16673664070973246,0.22747475928522065
1356,1536,0.1118847212482969,0.1118847212482969,interface,interface,0.30314547648559276,-0.19126075523729585
1357,1567,0.4203770226076899,0.4203770226076899,other,tumor_core,0.29819101065811626,0.12218601194957363
1359,1387,-0.5036515356904,0.5036515356904,other,immune_core,-0.5012463709227472,-0.0024051647676528454
1360,1582,0.0607829336673459,0.0607829336673459,other,other,0.0425211019838288,0.018261831683517096
1361,1508,0.0652055440386933,0.0652055440386933,interface,interface,-0.04517706827561524,0.11038261231430854
1363,1524,0.4511345033822128,0.4511345033822128,interface,interface,0.09994924700890007,0.3511852563733127
1364,1503,0.1620976095502905,0.1620976095502905,other,other,0.16156516924671088,0.0005324403035796288
1366,1501,-0.8321770816073452,0.8321770816073452,interface,interface,-0.8921111129618262,0.059934031354481054
1367,1452,0.046792520713864,0.046792520713864,interface,interface,-0.5377172986435428,0.5845098193574068
1368,1492,-0.5340471367461518,0.5340471367461518,interface,interface,-0.3421946207861748,-0.191852515959977
1370,1570,0.2115360733634455,0.2115360733634455,immune_core,other,0.250192569848995,-0.03865649648554953
1371,1535,0.0281509597293573,0.0281509597293573,interface,immune_core,0.12090369990317197,-0.09275274017381467
1371,1420,-0.0008029477381689,0.0008029477381689,interface,interface,0.07443917930649602,-0.07524212704466492
1374,1537,0.1131786526413902,0.1131786526413902,other,other,0.04585629468005098,0.06732235796133922
1376,1438,0.2111175938206969,0.2111175938206969,other,tumor_core,0.17143536717526053,0.03968222664543636
1376,1559,0.1151108190908942,0.1151108190908942,other,other,0.16436141472590243,-0.049250595635008235
1378,1550,-0.0848553493580841,0.0848553493580841,other,other,-0.01245395229846355,-0.07240139705962055
1379,1520,-0.0507576218625521,0.0507576218625521,other,other,0.12761810377896904,-0.17837572564152115
1380,1439,-0.1001733364996969,0.1001733364996969,interface,interface,-0.21783438497588015,0.11766104847618325
1382,1433,-0.3249746701052796,0.3249746701052796,other,other,-0.12501570873179457,-0.199958961373485
1384,1385,-0.3575259816182629,0.3575259816182629,interface,interface,-0.09054269639954851,-0.2669832852187144
1384,1424,0.5200843175185013,0.5200843175185013,interface,interface,0.0963730037230174,0.4237113137954839
1385,1424,0.1452547192938894,0.1452547192938894,interface,interface,0.18691570012256592,-0.04166098082867653
1388,1538,-0.2285744677850941,0.2285744677850941,other,immune_core,-0.26704964038813417,0.038475172603040064
1388,1442,0.0405351761383539,0.0405351761383539,other,other,-0.12032746204898037,0.16086263818733426
1389,1520,-0.0870049124597353,0.0870049124597353,other,other,-0.37308267671372,0.2860777642539847
1391,1531,0.0500245775210414,0.0500245775210414,other,other,0.04597841796104024,0.004046159560001157
1392,1546,0.0831249962463223,0.0831249962463223,other,other,-0.2259761190566721,0.3091011153029944
1393,1514,0.2254792287151361,0.2254792287151361,interface,interface,0.44852503459505966,-0.22304580587992356
1394,1481,-0.0408660719241065,0.0408660719241065,other,interface,-0.13925171050800406,0.09838563858389755
1394,1484,-0.1339224937328192,0.1339224937328192,other,interface,-0.11429160021386753,-0.01963089351895167
1394,1572,-0.203549250376185,0.203549250376185,other,other,-0.3751253808083047,0.17157613043211972
1404,1521,0.1758046706956524,0.1758046706956524,interface,other,0.22611689074696903,-0.050312220051316636
1405,1438,-0.2042932718951515,0.2042932718951515,tumor_core,tumor_core,-0.126364412482688,-0.0779288594124635
1407,1545,-0.1240294402818603,0.1240294402818603,other,other,-0.09591612538371791,-0.028113314898142394
1407,1466,0.1726851317959235,0.1726851317959235,other,other,0.15503893761057985,0.01764619418534366
1412,1440,0.5407175520640272,0.5407175520640272,immune_core,other,0.42281573559409935,0.11790181646992781
1414,1467,-0.1042631288577199,0.1042631288577199,other,other,-0.12663281352992095,0.022369684672201046
1416,1473,-0.2644008910565109,0.2644008910565109,other,immune_core,-0.1703316617433459,-0.09406922931316497
1417,1479,0.1536561595943452,0.1536561595943452,other,other,0.1386595611129381,0.014996598481407108
1417,1557,-0.3034711345595801,0.3034711345595801,other,other,-0.29835013224680357,-0.0051210023127765125
1418,1448,-0.3349918899408726,0.3349918899408726,other,other,-0.41933388269393534,0.08434199275306276
1419,1573,0.4736668055518702,0.4736668055518702,interface,interface,0.5456126726440765,-0.07194586709220635
1420,1535,0.0492761638549187,0.0492761638549187,interface,immune_core,0.046464520596675954,0.002811643258242749
1421,1521,0.2693903340292296,0.2693903340292296,other,other,0.20835532915433846,0.06103500487489111
1422,1564,-0.3457447619556155,0.3457447619556155,other,other,-0.25365182524741087,-0.09209293670820462
1423,1442,-0.006095016523109,0.006095016523109,other,other,0.058915032329515116,-0.06501004885262411
1423,1538,-0.1960910051461804,0.1960910051461804,other,immune_core,-0.08780714600963868,-0.10828385913654173
1424,1488,0.1704032731434657,0.1704032731434657,interface,interface,0.1923882844749702,-0.02198501133150449
1428,1551,-0.2599740550665289,0.2599740550665289,interface,tumor_core,-0.24095571258401327,-0.019018342482515604
1429,1529,0.4045455449316423,0.4045455449316423,tumor_core,tumor_core,0.46208287520904767,-0.057537330277405374
1432,1505,-0.0020296377884918,0.0020296377884918,tumor_core,other,-0.026848599566465126,0.024818961777973325
1436,1583,0.2122575415958655,0.2122575415958655,tumor_core,tumor_core,-0.019438309121885836,0.23169585071775134
1441,1513,-0.922563807130077,0.922563807130077,tumor_core,interface,-0.7803556158343616,-0.14220819129571538
1441,1563,-0.6168410071780818,0.6168410071780818,tumor_core,interface,-0.6233612342056625,0.006520227027580705
1441,1510,-0.7688787607532949,0.7688787607532949,tumor_core,interface,-0.37780582411356894,-0.3910729366397259
1441,1462,-0.0670191185827457,0.0670191185827457,tumor_core,interface,-0.05142108431511361,-0.015598034267632094
1442,1538,-0.1602928591494272,0.1602928591494272,other,immune_core,-0.1467221783391538,-0.013570680810273406
1443,1561,-1.378868794801529,1.378868794801529,other,immune_core,-1.0866066743863987,-0.29226212041513033
1450,1470,0.0311050176983306,0.0311050176983306,other,other,0.04309308721526786,-0.01198806951693726
1454,1504,-0.2921237826501601,0.2921237826501601,tumor_core,other,-0.025537277980419604,-0.2665865046697405
1455,1565,0.0,0.0,other,other,0.015132622442218246,-0.015132622442218246
1456,1585,0.38721389718149,0.38721389718149,interface,interface,-0.6903993748859203,1.0776132720674103
1457,1547,-0.3236316965604712,0.3236316965604712,other,other,-0.3871951485429864,0.06356345198251523
1457,1541,-0.4856050733151092,0.4856050733151092,other,immune_core,-0.44498528559537165,-0.040619787719737566
1460,1585,-0.0276880978923558,0.0276880978923558,other,interface,-0.33590985657534767,0.30822175868299184
1460,1562,0.0372210109909808,0.0372210109909808,other,interface,-0.22936363773131618,0.266584648722297
1462,1510,0.0453401390523666,0.0453401390523666,interface,interface,-0.32638473979845534,0.37172487885082195
1468,1560,0.1367880904631147,0.1367880904631147,other,tumor_core,0.0810991843186395,0.05568890614447519
1471,1477,0.1064805951100976,0.1064805951100976,other,interface,0.04286664968039705,0.06361394542970054
1472,1493,-0.2730125804305075,0.2730125804305075,tumor_core,other,-0.22614237729906428,-0.046870203131443244
1476,1543,0.204625846208493,0.204625846208493,interface,immune_core,0.11332891813207585,0.09129692807641715
1476,1574,0.1083452396330826,0.1083452396330826,interface,other,0.0744259696714537,0.03391926996162889
1478,1522,-0.352711916323785,0.352711916323785,interface,interface,-0.5403974157912117,0.1876854994674267
1479,1557,-0.4283110444438098,0.4283110444438098,other,other,-0.43700969335974166,0.008698648915931861
1481,1566,0.1684895078599182,0.1684895078599182,interface,interface,0.10136101645520795,0.06712849140471025
1481,1572,-0.2875073478267983,0.2875073478267983,interface,other,-0.23587367030030065,-0.05163367752649767
1481,1484,-0.1547757221966789,0.1547757221966789,interface,interface,0.024960110294136528,-0.17973583249081543
1483,1494,0.4892806746650466,0.4892806746650466,interface,interface,0.47247047280927923,0.01681020185576737
1484,1566,0.3309687814636787,0.3309687814636787,interface,interface,0.07640090616107142,0.25456787530260727
1490,1561,-1.323738454758454,1.323738454758454,other,immune_core,-1.1432044263616856,-0.18053402839676846
1495,1529,0.3235401883875506,0.3235401883875506,interface,tumor_core,0.28603766425098986,0.037502524136560744
1496,1499,0.0859036282721421,0.0859036282721421,other,other,-0.20727251598415297,0.29317614425629507
1497,1548,0.0623336724085378,0.0623336724085378,other,interface,0.022503190135722766,0.039830482272815035
1500,1518,-0.2563393419250424,0.2563393419250424,immune_core,interface,-0.03931231709741323,-0.21702702482762914
1500,1522,0.3881906767646415,0.3881906767646415,immune_core,interface,0.9263193955456259,-0.5381287187809844
1503,1582,-0.0450508134629299,0.0450508134629299,other,other,-0.03888069499092217,-0.006170118472007727
1506,1580,-0.0654552310626156,0.0654552310626156,other,other,-0.15918469385035222,0.09372946278773663
1509,1524,0.1081802814078907,0.1081802814078907,interface,interface,-0.43136888466839185,0.5395491660762826
1511,1578,0.0938264397284247,0.0938264397284247,other,other,0.07364402022027916,0.020182419508145533
1511,1558,0.2344992317946217,0.2344992317946217,other,tumor_core,0.24717633239787395,-0.01267710060325225
1512,1556,-1.005628743079925,1.005628743079925,interface,interface,-0.9009558729140008,-0.10467287016592408
1513,1563,0.5375255034562887,0.5375255034562887,interface,interface,0.15699438162869922,0.38053112182758947
1516,1523,-1.5331861120892454,1.5331861120892454,interface,interface,-1.3204658080308345,-0.21272030405841091
1527,1528,-0.0882128417344767,0.0882128417344767,other,immune_core,-0.15971384119940502,0.07150099946492831
1531,1575,-0.1405414951307835,0.1405414951307835,other,other,-0.11900350863523981,-0.0215379864955437
1534,1583,0.2188287914429187,0.2188287914429187,interface,tumor_core,0.30590274463086753,-0.08707395318794883
1540,1581,-0.1278019659751718,0.1278019659751718,interface,other,0.11148917125218771,-0.2392911372273595
1543,1574,0.1845203281755617,0.1845203281755617,immune_core,other,-0.038902948460622144,0.22342327663618383
1550,1555,0.1335154042191253,0.1335154042191253,other,interface,0.08195019620945383,0.05156520800967147
1552,1570,0.001933476766673,0.001933476766673,other,other,0.32247057400817114,-0.32053709724149815
1558,1578,0.0525257244672832,0.0525257244672832,tumor_core,other,-0.1735323121775948,0.226058036644878
1562,1585,-0.1587164172585814,0.1587164172585814,interface,interface,-0.10654621884403148,-0.05217019841454992
