node_id,x,y,region,tumor_score,immune_score,stroma_score,coexact_energy,region_original
0,15159.0,17948.0,stroma,0.3570975791002165,-0.0376294115211355,0.5201451546805245,4.867625626583513e-10,stroma
1,5474.0,16663.0,immune,0.2682354292499253,0.0728621381230887,-0.1837048830304827,1.204068149312196e-10,immune
2,18124.0,17189.0,tumor_core,0.8677194244223838,0.1602588463307793,0.1053022193908691,2.2929109233446774e-10,tumor_core
3,13803.0,19952.0,stroma,0.4294312523744021,-0.2027625990844729,0.5060837146214077,1.1299892167845991e-10,stroma
4,13061.0,6489.0,other,0.5007011673251598,-0.2159058645709196,-0.3591120903832572,6.666302869303585e-11,other
5,15742.0,8668.0,tumor_core,0.7345711387129553,0.2778018446569798,0.6406835583278112,3.5860655016475603e-10,tumor_core
6,11722.0,5091.0,other,0.4333669871863331,-0.264796456498198,-0.3040016365051269,2.3188398476794872e-10,other
7,3344.0,12011.0,other,0.4766780399750429,-0.0063536007458979,-0.336427275453295,6.660432377290968e-11,other
8,11138.0,14370.0,tumor_core,0.8169272798591241,-0.2240298529793334,-0.0770379161834716,3.0585580657088816e-11,tumor_core
9,2772.0,18816.0,other,0.2241005518063831,-0.0865748762913624,-0.3118091365269252,1.4819053962846097e-11,other
10,19205.0,16266.0,stroma,0.3140027081863534,0.6394892893411368,1.5776587077549526,1.2742395390043872e-09,stroma
11,3847.0,19130.0,other,0.3763655514410792,-0.2225721764316873,-0.395214034148625,6.523963271386362e-11,other
12,7883.0,19614.0,other,0.2348005988796743,-0.0731972417978297,-0.4095383834838867,5.5902936804962325e-11,other
13,13839.0,12527.0,stroma,0.104199690192452,-0.1399010571845964,0.5070461627415248,1.5827593524386743e-10,stroma
14,13875.0,5101.0,tumor_core,0.7463154843075279,0.085081797445401,0.3631303324018206,1.1517071818587087e-10,tumor_core
15,4432.0,9541.0,other,0.4819066842244661,-0.1046010172981928,-0.1668107223510742,2.015377447900479e-11,other
16,9571.0,4461.0,tumor_core,0.6733872129270237,0.0253136493585854,-0.0802817549024308,7.848168833612863e-11,tumor_core
17,16540.0,10683.0,other,0.4897157370987011,-0.1107980696895402,-0.1743882233755929,4.720288246496261e-11,other
18,8190.0,11726.0,stroma,0.050865042129619,-0.0401259865665162,0.4691725322178432,3.9396775575932955e-11,stroma
19,8217.0,6156.0,immune,0.5274674250089767,0.2874593775730078,0.1327865927559989,4.009880358662506e-10,immune
20,4389.0,18514.0,other,0.4892437972364125,-0.035973011166455,-0.2716135644912719,4.4246137793588415e-11,other
21,15484.0,6346.0,other,0.6142035522716958,-0.0763214294582519,-0.2104929290499006,1.3450953910576056e-10,other
22,4429.0,10160.0,stroma,0.4166208109028159,-0.1855793750943632,0.0921428462437221,1.6876484765721054e-10,stroma
23,11725.0,4472.0,stroma,0.3939841417658249,-0.2799969648563418,0.2421315138680594,6.065325497424183e-11,stroma
24,13550.0,16702.0,other,0.4298466035983707,-0.2455003460319472,-0.2697141061510358,9.727271902884284e-12,other
25,13010.0,17009.0,other,0.6097413256892994,-0.2759226138855632,-0.3451579543522426,9.412773355203807e-12,other
26,5479.0,15735.0,stroma,0.4197679174026386,-0.1446872864206745,0.5758337620326452,1.086819702593623e-09,stroma
27,10035.0,19934.0,other,0.3540421025979324,-0.1609712711036376,-0.2744766909735543,2.1027191910325507e-11,other
28,14376.0,12839.0,tumor_core,0.6823707463528714,0.0347115279610314,-0.0775863225119454,1.8747907213324827e-11,tumor_core
29,11387.0,18548.0,tumor_core,0.6638295319027777,-0.2212439698185825,-0.1898836953299386,1.7936675393874736e-11,tumor_core
30,15984.0,14393.0,other,0.4338928910252689,-0.1943650440150141,-0.2485338749204363,1.40280587697603e-10,other
31,13578.0,10824.0,stroma,0.6405337416885684,-0.1469549900481215,0.2184555871146065,1.1232416577495871e-10,stroma
32,15967.0,17797.0,tumor_core,0.9006401621598181,-0.2851130313381425,-0.2601415491104126,1.2305506420390447e-10,tumor_core
33,7346.0,19302.0,other,0.3394630401040769,-0.2788990753086385,-0.2309497485842023,7.804807155814491e-11,other
34,6065.0,5837.0,stroma,0.4332527652568579,0.0056410131703816,0.6163192912510462,1.04996034668013e-10,stroma
35,5224.0,12794.0,other,0.5690099518685418,-0.1414365336768606,-0.3671402038846696,9.757234735438387e-12,other
36,10621.0,10036.0,stroma,0.5370195558864341,0.2887273082418906,0.7011558314732141,7.181792743877086e-11,stroma
37,10885.0,11120.0,other,0.556248391463224,-0.1673827267820309,0.0279543931143624,1.559995153876817e-11,other
38,5480.0,15425.0,stroma,0.4426857499353953,-0.0918167479400307,0.1026572881426129,1.533296408475927e-09,stroma
39,8705.0,16679.0,stroma,0.5592916155821525,-0.0220620365743992,0.5894984899248397,9.036400939836427e-11,stroma
40,11111.0,19939.0,other,0.590175570600442,-0.2239311265527006,-0.3739731427601406,2.821727884110011e-10,other
41,16558.0,6970.0,other,0.1421762760853607,-0.1593585118950267,-0.0238278416224888,2.953269871169737e-10,other
42,5725.0,20532.0,other,0.3007939165870615,-0.2530095493981353,-0.4723987960815429,2.8600403830947532e-11,other
43,3324.0,16034.0,stroma,0.2121528344780692,-0.0470185753779971,0.1663349914550781,3.791394236966492e-11,stroma
44,14403.0,7269.0,stroma,0.4196183633484296,-0.2173036844776489,0.3042751802716937,1.0514350339748378e-11,stroma
45,9282.0,8637.0,tumor_core,0.7308371435075798,-0.1952305554190816,-0.3101054634366716,2.489703517378138e-10,tumor_core
46,9564.0,6008.0,stroma,0.3916095887254548,0.0699267532559042,0.8719705745152064,5.84676617317249e-11,stroma
47,15435.0,16557.0,tumor_core,0.6678933210363781,-0.2709560886153519,-0.1117935684749057,2.5710681629193543e-10,tumor_core
48,4150.0,12170.0,stroma,0.3933276010039669,0.0911574862406383,0.3464160401480538,1.170982959374348e-11,stroma
49,13874.0,5410.0,other,0.5304680912972413,-0.1934645323451064,-0.1754918166569301,7.871202278965234e-11,other
50,5764.0,12487.0,stroma,0.5388878340460538,0.0033514393776398,0.5630075045994349,4.8465487941371986e-11,stroma
51,9559.0,6936.0,immune,0.4866037903673239,0.3336371543755845,-0.2210599722181047,1.182794455685131e-09,immune
52,14881.0,19648.0,other,0.6495984828140683,-0.0481501207993843,-0.3663929833684649,9.95890212907163e-11,other
53,8970.0,17453.0,other,0.4912003858206027,-0.1259869158609549,-0.2020861305509294,3.4047028205914495e-11,other
54,6268.0,19606.0,other,0.0473231258922661,-0.0274540128714717,-0.3403081893920898,1.6169259587502315e-10,other
55,11449.0,5863.0,other,0.3582971884671702,-0.1672491373168704,-0.3778346988133022,8.360723369493323e-10,other
56,3322.0,16343.0,other,0.1699592072805987,-0.0220067408843163,-0.2242348480224609,1.9852282948963985e-11,other
57,5523.0,6762.0,other,0.5215406998463353,-0.0565806681071447,-0.1218967301504952,5.101627857385235e-11,other
58,5785.0,8156.0,immune,0.3248395723213056,0.0345693906091345,-0.5096876907348633,4.578245631496304e-11,immune
59,17035.0,19659.0,tumor_core,0.9211143884997124,-0.0764252506730208,-0.4242068134035383,1.3400945191726354e-10,tumor_core
60,12472.0,17006.0,other,0.5919595491623262,-0.2315589590878746,-0.3818859692982265,6.989478617557938e-12,other
61,3877.0,12942.0,other,0.6292535401487854,-0.0766628285106751,-0.196920484815325,4.116205704439067e-11,other
62,8184.0,12963.0,other,0.243782875521871,-0.1198394083361912,-0.2792604419163295,4.5199540596876006e-11,other
63,14090.0,16395.0,tumor_core,0.75088117678122,-0.3212285738619829,0.019806900024414,2.7858818672669156e-11,tumor_core
64,4959.0,12019.0,other,0.2602541005508554,-0.2057819336994329,-0.3155807209014892,5.931857940144658e-11,other
65,11378.0,20405.0,tumor_core,1.065024930930206,-0.1726382465280571,-0.3387377875191825,7.139876944267412e-11,tumor_core
66,16261.0,12693.0,stroma,0.2091208190040185,0.1085193131578002,0.1947197995867047,1.5481331422022608e-10,stroma
67,6014.0,16356.0,other,0.4490712939378513,-0.1083372055544894,-0.1366282912663051,1.8835709270220465e-11,other
68,15988.0,13465.0,tumor_core,0.6692335470753684,-0.2400395238724,-0.3810523891448975,9.243438014122375e-11,tumor_core
69,5774.0,10322.0,other,0.3465276134779903,-0.1935924072362973,-0.3123150641577584,3.1734773367625804e-11,other
70,8180.0,13891.0,stroma,0.5038712598447717,-0.0457107879883239,0.0827617454528808,2.3574417328299454e-11,stroma
71,7082.0,18218.0,other,0.3584362708482166,-0.1414588463297887,-0.3504690602847508,4.52415508305616e-11,other
72,7919.0,12188.0,stroma,0.2935355923434117,0.1524320528295457,0.5808559063502721,3.1819355143072676e-11,stroma
73,16242.0,16715.0,tumor_core,0.8106215331606988,-0.1867215905370548,-0.2784550871167864,2.025370706062893e-11,tumor_core
74,15166.0,16401.0,stroma,0.6130948386736365,0.0646667465097924,0.6929997389657157,1.0120314252269592e-10,stroma
75,14399.0,8198.0,immune,0.3196558028831006,0.2572854965669036,-0.0738036400931222,2.82851435045882e-10,immune
76,14666.0,8663.0,other,0.302761858741709,-0.1537515032598829,-0.3565586185455322,1.8659272103969974e-10,other
77,8207.0,8322.0,other,0.4798840685521652,0.001785158769449,-0.5338261795043945,2.8236854250617868e-11,other
78,4137.0,14955.0,stroma,-0.0081797235878408,0.3231854952850451,1.7027165031433105,4.4005772990585775e-10,stroma
79,11411.0,13598.0,other,0.4984470506413899,-0.0013860870569005,-0.1398839705330984,3.949088399047394e-11,other
80,7691.0,3679.0,other,0.4466196034578669,-0.2260092923839317,-0.1053474385397775,8.575207227592526e-11,other
81,14343.0,19645.0,stroma,0.6447508373973697,0.0833743604855414,0.7420491354806082,4.148523272081268e-11,stroma
82,16536.0,11612.0,other,0.5729704172933546,-0.2106649241594325,-0.131025150844029,3.5509740954395466e-11,other
83,11972.0,8959.0,stroma,0.3923991451098843,0.1622928382674056,0.9806578499930244,3.571300069828399e-10,stroma
84,17858.0,16414.0,stroma,0.4200001311553633,0.0610390397744055,0.3842754963466099,7.51896641051602e-11,stroma
85,4938.0,16351.0,other,0.177005562091948,-0.036790094052823,-0.2260428912299019,4.820494868791772e-11,other
86,4717.0,6294.0,other,0.1769355333205723,-0.1571391628558793,-0.1936802121571132,3.5884163337729076e-10,other
87,11128.0,16536.0,tumor_core,0.6876345275118162,-0.1491832867222051,-0.3685769884926932,4.041919650911891e-11,tumor_core
88,16012.0,8515.0,tumor_core,0.8715374563478668,-0.1593321703139553,0.5602824810573034,3.2904540110811457e-10,tumor_core
89,4116.0,19286.0,stroma,0.2786795368359165,-0.1892792191409791,0.9270216969081336,4.1043069891982325e-11,stroma
90,6034.0,12334.0,other,0.5676037632036073,-0.2232894220077205,-0.384797272000994,6.203811730457383e-11,other
91,7111.0,12339.0,other,0.5503035528890695,-0.0892070448159488,-0.0545943314688546,9.973050917735548e-11,other
92,2517.0,15875.0,other,0.2938582616021511,-0.198249321921934,-0.1567790072304861,8.609640375432199e-12,other
93,3624.0,9692.0,stroma,0.3218054140517034,0.6162409201734045,0.7921972165788924,2.4754551594062416e-10,stroma
94,6608.0,4911.0,other,0.3870654490170063,-0.2260004169278295,-0.3277725829396929,5.797628658638573e-11,other
95,9562.0,6318.0,other,0.2170346827886476,-0.0929619641734399,-0.436484146118164,1.0393112526576923e-10,other
96,5530.0,5215.0,other,0.5567792748902012,-0.2980541896000291,-0.0908165877205984,1.4225479734551554e-10,other
97,10116.0,3226.0,tumor_core,0.7040531857015988,-0.0530984248421595,-0.3004876617022923,1.3205516019982415e-10,tumor_core
98,5257.0,5987.0,stroma,0.1789302076155021,0.025698404086695,0.7832651410784041,3.0429835624397566e-10,stroma
99,17887.0,10535.0,immune,0.5331984567505058,0.1084751334777875,-0.0433061981201172,3.2877097642894406e-11,immune
100,11416.0,12670.0,immune,0.0220715386984103,0.2229120364161821,-0.2697356053761073,2.0236153394708027e-10,immune
101,9024.0,6315.0,other,0.6196344435957911,-0.1628334220381384,-0.3284164217540196,5.6999199863361434e-11,other
102,11140.0,14061.0,other,0.6009105675972548,-0.2468601278213512,-0.1901888642992292,3.1655158952216084e-11,other
103,12253.0,6640.0,tumor_core,0.6800932870500955,-0.2301612957073829,0.1817211968558174,7.540621882094168e-11,tumor_core
104,11407.0,14526.0,other,0.4098617840819025,-0.050130035781587,-0.2794044991901943,5.351433911167665e-11,other
105,17576.0,19042.0,tumor_core,0.897794124606929,0.3235600179109327,0.8293325969151087,3.7255674416961166e-10,tumor_core
106,17629.0,8213.0,other,0.5863107716019978,-0.0873549898237758,-0.1024168791089739,1.7507841369318473e-11,other
107,8708.0,16060.0,other,0.3619493395804445,-0.2231389245066397,-0.2963645798819406,1.433712643973213e-10,other
108,17603.0,13473.0,tumor_core,0.812251587499251,-0.0761451967124611,-0.2464597415924072,5.659216309197839e-11,tumor_core
109,15991.0,12846.0,stroma,0.4466468947274344,-0.0509969682611503,0.1373426192147391,1.1836956955264312e-10,stroma
110,14886.0,18720.0,stroma,0.4154549129628723,0.2213841774060596,0.4340713119506836,1.4793458198875946e-10,stroma
111,4126.0,17121.0,other,0.2870069231305804,-0.2638571884024109,-0.2606293610164097,3.9534392024379785e-11,other
112,17093.0,7592.0,tumor_core,0.8119525278517521,-0.149512493571955,-0.2317581932885306,1.0441429025645491e-10,tumor_core
113,15184.0,12688.0,stroma,0.6446620076180419,-0.0106725650052286,0.2629698181152344,2.5758988174127135e-10,stroma
114,11143.0,13442.0,other,0.6371470256596947,-0.3016387808288749,-0.3517946406773159,1.1058343716083636e-11,other
115,17059.0,14708.0,tumor_core,0.7819758677642618,-0.23014070652959,-0.3760895211356027,7.999401238739575e-11,tumor_core
116,9277.0,9565.0,stroma,0.249389178458019,0.0101310276028761,0.1100109236580985,8.560133286311103e-11,stroma
117,12193.0,19016.0,stroma,0.4186458235619051,-0.1925206767838117,0.416577592577253,3.92134039717881e-12,stroma
118,8979.0,15597.0,other,0.4652322154717158,-0.2283976912327687,-0.3451021317073277,4.4527025805761215e-12,other
119,12993.0,20412.0,other,0.4379262677317955,-0.2393580011404346,-0.281841904095241,2.952264011876289e-11,other
120,8208.0,8013.0,immune,0.3834411473882279,0.1858448432304797,-0.2822624778747558,3.5406725019727916e-10,immune
121,9817.0,9258.0,stroma,0.6338506160966502,-0.1467315922664708,0.2178300748552594,9.51490192857072e-11,stroma
122,8706.0,16369.0,stroma,0.1224263836759163,0.0328016789219099,0.7923134940011161,4.25937668228281e-10,stroma
123,8445.0,14666.0,other,0.4457494236478869,-0.2451397168388681,-0.1797513498578752,1.7769542986986564e-11,other
124,13551.0,16393.0,other,0.6318822551665119,-0.3189205399215392,-0.1922234984806605,3.61499153073828e-11,other
125,6856.0,9399.0,other,0.3834154941891664,-0.2157719296037638,-0.1746298163277762,1.2456811958508704e-11,other
126,10636.0,6942.0,other,0.5058765923416855,-0.3117567789247179,-0.3052372428349086,1.482146407757976e-09,other
127,13814.0,17786.0,stroma,0.5473005143016548,-0.1737452741167948,0.1031255040849957,5.034681135390531e-12,stroma
128,7335.0,21468.0,other,0.2298218479321078,-0.1041525018676304,-0.3476753061158316,2.554909316919557e-10,other
129,12794.0,6024.0,other,0.6129691433929414,-0.2902663703634267,-0.2193813596452985,9.959180198697035e-11,other
130,9306.0,3686.0,tumor_core,0.8555327357861819,-0.2465596458631805,-0.1286133166721889,1.0739475556906056e-10,tumor_core
131,13542.0,18249.0,other,0.5162164202586801,-0.289146991718806,-0.0423398194994245,8.976219434781316e-12,other
132,14946.0,6344.0,other,0.4338758839856858,-0.1060314878693282,-0.1127961812700544,1.2353311740357656e-10,other
133,15714.0,14547.0,other,0.3958322588115044,-0.1409923448560914,-0.4360157120227813,1.1005511070682788e-11,other
134,17056.0,15327.0,tumor_core,0.7535450131643995,0.0104137013498213,-0.242087823322841,2.300390557657756e-10,tumor_core
135,6544.0,18215.0,tumor_core,0.9893238473601446,-0.0813382713705899,-0.3847380828857422,1.490094886162467e-09,tumor_core
136,14133.0,7423.0,stroma,0.4249201415254879,0.0304708781419988,0.193666741507394,2.9845648965821545e-11,stroma
137,19463.0,18587.0,tumor_core,1.09847553852992,-0.1092885854763424,-0.3117132500239781,2.1557188299887275e-10,tumor_core
138,11444.0,6791.0,other,0.546754857151986,-0.151070031019883,-0.0768407372065952,7.776393963612559e-11,other
139,15745.0,8049.0,other,0.5275471907676923,-0.1839525391558521,-0.1955876404898507,2.7270609762579783e-11,other
140,3069.0,13093.0,tumor_core,0.9123900249843286,-0.1784745020775877,-0.5058139038085937,1.033792399205314e-10,tumor_core
141,7953.0,5072.0,tumor_core,0.7529293766186314,-0.2916252332977032,-0.0852621746063232,9.5654819598871e-11,tumor_core
142,15739.0,9287.0,other,0.3348277083750767,-0.020251591858003,-0.3681758270944867,3.855496090174651e-11,other
143,14632.0,15470.0,stroma,0.6203054389697593,-0.2581311732551942,0.0725599724905831,2.541515410816984e-11,stroma
144,3577.0,19284.0,stroma,0.4414522956453142,0.0435144755252794,0.2135295213971819,8.333352193767268e-11,stroma
145,6807.0,19299.0,other,0.4859891820159648,-0.2614373368315164,-0.2401100669588361,2.083071007124498e-11,other
146,17077.0,10995.0,stroma,0.4042511585231938,-0.1187917351039569,0.3356659698486328,6.122219804186377e-12,stroma
147,8501.0,3218.0,stroma,0.6260667994746998,-0.1176322637536805,0.1610642569405692,4.024044132928927e-11,stroma
148,3898.0,8611.0,stroma,0.4051396643326815,-0.0766172964115197,0.2612567819867816,1.4552885240566917e-11,stroma
149,14884.0,19029.0,stroma,0.2119388996354685,0.0915990383030692,0.7623003550938197,9.582027139025491e-11,stroma
150,8968.0,17763.0,other,0.4028980126202621,-0.1594127847634277,-0.2447348179136003,5.12085471260665e-11,other
151,11450.0,5553.0,other,0.4220418728895178,-0.1337295120373838,-0.2747633259637015,1.8536095659266095e-10,other
152,16239.0,17334.0,tumor_core,0.6539985399803975,-0.2735330313871105,-0.4695904541015625,1.5750299071347596e-10,tumor_core
153,5241.0,9391.0,stroma,0.135148182811353,0.0999164502736832,0.6311243602207728,1.0387826298767292e-10,stroma
154,3910.0,6135.0,tumor_core,0.6869461520406224,-0.1269999747631542,0.1262490027291434,2.7380432852112302e-11,tumor_core
155,12215.0,14375.0,tumor_core,0.7452522910567053,-0.0781718870374056,-0.3252480568204607,1.4329846125176776e-11,tumor_core
156,12996.0,19794.0,immune,0.3152064312453009,0.0984891950230202,-0.0137322630201067,2.1145278101453124e-11,immune
157,3885.0,11395.0,other,0.4796962408868601,-0.2000216820776291,-0.2091003486088344,1.1373533278426652e-11,other
158,8692.0,19154.0,other,0.2537073279844377,-0.1807019267989092,0.0457352624620709,2.624788167395184e-11,other
159,11998.0,3700.0,stroma,0.4133351230895645,0.2008623475673205,0.405011544908796,1.9116372226981704e-10,stroma
160,10321.0,16377.0,other,0.5056134312630615,-0.2384167296817275,-0.2109893124444143,3.027776702284622e-12,other
161,2783.0,16650.0,stroma,0.0449604457771104,-0.1935298204806267,0.2351002693176269,1.2131684759240747e-10,stroma
162,14675.0,6807.0,other,0.2752592511053625,-0.1723842387084974,-0.0548436369214739,1.3787788412924207e-11,other
163,13562.0,14227.0,tumor_core,0.6645102395764477,-0.0538023099687516,-0.262101206098284,1.1567450468414866e-11,tumor_core
164,7932.0,9404.0,other,0.4985759489145398,-0.126158080077103,-0.157184294291905,8.102953742427096e-12,other
165,5798.0,5371.0,other,0.3047236289868305,-0.141542626016461,-0.1615734876905168,5.562789936457998e-11,other
166,7898.0,16520.0,other,0.4926515055297089,-0.3065934932675949,-0.2276048115321568,2.39285164010594e-10,other
167,8430.0,17760.0,tumor_core,0.7234524839333583,-0.1276565676176104,-0.3623025682994297,2.561937742494228e-11,tumor_core
168,8462.0,11263.0,other,0.3519458606167699,-0.1601353000347798,-0.3410163157326835,2.3489630035429332e-11,other
169,6818.0,17134.0,stroma,0.1598114359298809,0.1510278339201536,0.4763559014456612,7.19620114394291e-10,stroma
170,9840.0,4617.0,other,0.260801844720301,-0.2750038212554844,-0.0216682488577706,1.020323076262288e-10,other
171,6865.0,7542.0,other,0.080910148693754,-0.0571138392546798,0.0262612533569335,1.5783740015790668e-10,other
172,16561.0,6352.0,stroma,0.5042785478118281,-0.213583325929833,0.0926773984091622,1.7114265944833348e-10,stroma
173,12506.0,9890.0,stroma,0.3165551283444106,-0.2019129298136364,0.2348242078508648,1.4432594454573036e-10,stroma
174,17339.0,12389.0,tumor_core,0.7293066836729261,0.3660904326206634,-0.0701172065734863,2.6648417662037003e-10,tumor_core
175,15457.0,11916.0,other,0.4501439041510753,-0.1467589733422998,-0.2075573744092668,7.056738670020697e-10,other
176,7899.0,16211.0,immune,0.0154071318223172,0.1600892437904816,0.0093239116668701,2.9830389070946144e-10,immune
177,14919.0,11913.0,tumor_core,0.6860251275827877,0.080936731445072,-0.0363046700613839,1.773393499048733e-09,tumor_core
178,13827.0,15002.0,other,0.6492003946496336,-0.2422833031945379,-0.3348850985935756,1.710566944910186e-11,other
179,5207.0,16198.0,stroma,0.1950675766854364,0.1576332555800932,0.6557859638759069,7.145491613418386e-11,stroma
180,4687.0,12482.0,other,0.4849487562536164,-0.1474091160647507,-0.2660445615223475,9.32647972199106e-11,other
181,18662.0,17191.0,tumor_core,0.8927824216058133,0.0010542617657123,0.3621895272391183,1.8243324116595855e-09,tumor_core
182,15174.0,14854.0,stroma,0.3927690381628897,-0.0805376946584542,0.2558440780639648,2.4226812297025664e-11,stroma
183,13557.0,15155.0,other,0.5693488482203716,-0.1967513317663894,-0.5166365436145237,1.693548283656673e-12,other
184,3583.0,18046.0,stroma,0.0133226877890977,-0.0724480189703255,0.1218932397024971,3.837772177008524e-11,stroma
185,10336.0,13283.0,other,0.4591155413356059,-0.2252909613714518,-0.5062715911865234,4.7448950883707676e-11,other
186,7676.0,6773.0,stroma,0.3176113852832827,-0.0735375082766087,0.3260668781825474,2.3017667480500734e-10,stroma
187,9832.0,6164.0,stroma,0.5116637660581566,-0.01489752958019,0.4604604666573661,1.8322081359095037e-11,stroma
188,14910.0,13769.0,immune,0.5679422224928069,0.2482461143701329,-0.0344731085641043,3.5369397719513254e-10,immune
189,9555.0,7865.0,other,0.4212852232979676,0.0056981207818903,0.0346034376961844,1.1099907959884424e-10,other
190,18131.0,15642.0,tumor_core,0.7288050482394255,0.2017967111743282,0.3245850045340401,8.775140478241205e-11,tumor_core
191,2774.0,18506.0,other,0.2210134348956188,-0.0758173814134133,-0.0863062000274658,2.0426067961735074e-12,other
192,13563.0,13918.0,tumor_core,0.6751463488672975,0.0063459936390633,0.0711302062443324,2.5232582904939197e-11,tumor_core
193,13067.0,5252.0,stroma,0.434421529248714,-0.0699106161949627,0.4167156818934849,1.4028358229323507e-11,stroma
194,11443.0,7100.0,stroma,0.2673516278070319,0.332909869088826,1.0536675207955497,1.9285244650743587e-10,stroma
195,17096.0,6973.0,immune,0.3813369363289208,0.0823127686294238,-0.4304801559448242,1.3291312408117307e-10,immune
196,15432.0,17175.0,tumor_core,0.7272993519345042,0.3339222517601057,0.5711676515851701,9.315980107109784e-09,tumor_core
197,10114.0,3536.0,tumor_core,0.7539817447973234,-0.2761167072634984,0.1601172338213238,4.1171808097154894e-10,tumor_core
198,9252.0,14825.0,stroma,0.520787885982261,-0.1119461887887009,0.1023924309866768,2.1894999792271896e-10,stroma
199,8195.0,10797.0,stroma,0.4252183572215064,0.0157627717813311,0.57366578238351,2.199379199458942e-11,stroma
200,13553.0,16083.0,immune,0.6081176531051973,0.1590295987347819,-0.4017297274725777,1.1531585113694876e-10,immune
201,5497.0,12022.0,other,0.3607970893325879,-0.2159944068544402,-0.299378000668117,1.721448841761825e-11,other
202,10033.0,20243.0,other,0.3855648667106006,-0.1765858343132587,-0.0330438804626465,1.7152862760996675e-11,other
203,8199.0,9869.0,other,0.4828774771320053,-0.179746459262248,-0.085969386781965,9.485261925130233e-13,other
204,6862.0,8161.0,stroma,0.537805077213569,0.0175558577977483,0.4243530164446149,6.137407739193978e-11,stroma
205,5811.0,2896.0,other,0.2955712074287099,-0.2544875923746978,-0.2737029096058436,1.2659803903410418e-11,other
206,8474.0,8788.0,other,0.5536414184826333,-0.0089246084150407,-0.2877399471827916,3.299642212917414e-11,other
207,12729.0,19328.0,stroma,0.4323111874259444,-0.2082122467394203,0.1404890578133719,2.4462647865428968e-11,stroma
208,10068.0,13127.0,tumor_core,0.7854581779853038,-0.0927328750448445,-0.3036177907671247,4.841219380725894e-11,tumor_core
209,3607.0,13096.0,other,0.2830758972570286,-0.041716056472934,0.0454081644330706,7.757487460653395e-10,other
210,8991.0,13122.0,other,0.5519966951152623,-0.2282249841486827,-0.3507741280964442,1.96954481024404e-11,other
211,17306.0,19196.0,stroma,0.4245815112515356,0.3063697466536033,0.8790273775373185,1.0721571849615652e-10,stroma
212,6340.0,4755.0,immune,0.4271236723244248,0.1490429983098049,-0.3372634148597717,1.4442478810974896e-10,immune
213,15738.0,9596.0,stroma,0.511432707138281,-0.1626165693673841,0.5362115914481027,9.128175197600766e-12,stroma
214,17572.0,19971.0,tumor_core,0.9311109270368304,-0.245760618989225,-0.4697049043859754,8.139438466657833e-11,tumor_core
215,15756.0,5884.0,other,0.0453248097135373,-0.1391737208325405,-0.2831721496582031,3.2463864082421974e-11,other
216,3618.0,10930.0,immune,0.3673262609845725,0.0131110414905329,-0.241501225062779,8.808971985464014e-12,immune
217,4425.0,11088.0,other,0.2177754006244078,-0.1732736812920488,-0.1785856846400669,4.6473740937551945e-11,other
218,17584.0,17495.0,tumor_core,0.8208251186893862,0.070574574535419,0.3011791447230748,6.333945192017823e-11,tumor_core
219,4408.0,14492.0,other,0.6419123295741022,-0.1809260647498434,-0.0891394233703613,5.994439553521637e-11,other
220,15978.0,15631.0,interface,0.6801973481877767,0.258093107395664,0.8599728557041713,1.3887844766366137e-08,interface
221,15475.0,8203.0,stroma,0.3983024929079547,0.1308550353036568,0.1443058368137905,2.0073258432355364e-10,stroma
222,6801.0,20537.0,other,0.1198999682871745,-0.1753520550990856,-0.311268458366394,8.828334141501905e-10,other
223,7382.0,11876.0,stroma,0.1449988923845446,-0.0249694076855066,0.218950685773577,9.346216422124342e-11,stroma
224,10381.0,4001.0,other,0.6085834631183804,-0.1025550211739745,-0.3097127042497907,3.602147285292833e-11,other
225,16539.0,10993.0,stroma,0.1450387359465528,0.4286521449471613,1.0369525418962753,5.355028896819031e-11,stroma
226,13005.0,17937.0,other,0.4529721688904218,-0.2038380974812972,-0.2769992004122053,1.4127654806506506e-12,other
227,13035.0,11749.0,tumor_core,0.6872986284221235,-0.1906141274766116,-0.3356414127349854,1.6158948195023135e-11,tumor_core
228,12785.0,7880.0,other,0.5360649146375356,-0.1739071824916113,-0.232996061188834,2.5895491287886884e-11,other
229,13829.0,14692.0,tumor_core,0.6744708420560549,0.0968136085480195,0.4165490286690848,4.4680228144107526e-11,tumor_core
230,4143.0,13717.0,stroma,0.5387606872236741,0.27944228078711,0.5865982709612165,5.46312121258632e-10,stroma
231,12466.0,18244.0,stroma,0.3866541639384693,-0.1579570803140159,0.0885568210056849,1.3337181578827284e-11,stroma
232,15459.0,11606.0,stroma,0.5902333817340268,0.0347496481201368,0.6704830169677735,7.096368767819097e-11,stroma
233,6266.0,19916.0,other,0.2484640473944571,-0.1130174784400743,-0.2711577987670898,5.3011618467035974e-11,other
234,7077.0,19146.0,other,0.3753850064593101,-0.2267845336422537,-0.5073406982421875,5.695785197654595e-11,other
235,19200.0,17194.0,stroma,-0.1058352027849177,0.801967923142507,2.1395981979370116,1.662613321405536e-09,stroma
236,16006.0,9752.0,immune,0.5350992476151522,0.069660193769843,-0.0265973186492919,8.549398252185754e-12,immune
237,6316.0,9705.0,other,0.2122653598181925,-0.2106418437337807,-0.2911128105436052,5.460405687925133e-11,other
238,16792.0,14243.0,tumor_core,0.7094801795791231,-0.2565617333980208,-0.3020835508619036,4.2597360433219136e-11,tumor_core
239,3600.0,14643.0,tumor_core,0.6586805857496545,-0.0292582438463467,-0.2854855932508196,1.5054048118711848e-10,tumor_core
240,9811.0,10496.0,other,0.2568330517894127,-0.2061631185533665,-0.0335865265982491,3.096196733032131e-11,other
241,12732.0,18709.0,other,0.3660788682368892,-0.2222371343256409,-0.3803342512675693,5.577628295169532e-12,other
242,7877.0,20852.0,other,0.6127462871694154,-0.2733060295738941,-0.0412011854989187,3.0187463138149305e-11,other
243,14640.0,13923.0,stroma,0.6488404360850729,0.0388774229667248,0.0876871681213378,9.327106248462583e-11,stroma
244,2799.0,13246.0,tumor_core,0.6730474237056159,-0.1293907041493323,-0.3917193601812635,4.370672883496205e-11,tumor_core
245,4122.0,18049.0,other,0.2599938960454836,-0.2075132983162956,-0.4367085266113281,2.3142596029809246e-11,other
246,14626.0,16707.0,stroma,0.5121274931661691,-0.074349190538114,0.2122897175380161,1.91214216285896e-11,stroma
247,11963.0,10816.0,other,0.5742053299827979,-0.0105589009970853,-0.2995852395466396,2.1664636214627588e-10,other
248,13051.0,8655.0,stroma,0.4542359720597674,0.1167360917374192,0.8021705191476005,9.74861604656128e-12,stroma
249,9787.0,15446.0,stroma,0.3539721680053243,0.1139233209683765,0.505349339076451,4.273745476611134e-11,stroma
250,8487.0,6003.0,tumor_core,0.7153710523479165,0.1541037742251311,0.0173820481981549,2.2196809642528966e-10,tumor_core
251,11708.0,7875.0,other,0.5368229604521738,-0.1880912842885471,-0.3942270575250898,9.759911506958587e-11,other
252,17852.0,17651.0,other,0.5848063325379063,-0.1948775044057977,-0.2363660362788609,7.83745172336769e-10,other
253,17071.0,12233.0,stroma,0.2511155219000344,0.1862518669541039,1.4155420630318778,1.0776056124580868e-10,stroma
254,11930.0,17623.0,other,0.3677757241239026,-0.158945666001656,-0.2698763411385673,4.404052005109283e-11,other
255,13046.0,9583.0,tumor_core,0.6605041500248822,-0.283637016755462,-0.2524349512372698,7.279091171065748e-11,tumor_core
256,17348.0,10533.0,stroma,0.5700537570942397,-0.1475706377565689,0.4137911360604422,1.159191052114948e-11,stroma
257,4992.0,5212.0,tumor_core,0.6721842391836106,-0.1850430162084478,-0.2045846707480294,3.3722742143160356e-11,tumor_core
258,16821.0,8364.0,immune,0.3915470343651045,0.3528237911555009,0.0666034916469028,4.874094622581051e-10,immune
259,14634.0,15160.0,tumor_core,0.69442600257559,0.0109505831853707,0.2262545258658272,1.557478363205166e-11,tumor_core
260,7343.0,19921.0,other,0.3392270939462137,-0.197386033897072,-0.0775532531738281,6.35960793335825e-11,other
261,5227.0,12175.0,other,0.4533393344165951,-0.0941974168008241,-0.1165222930908203,4.050571932281647e-12,other
262,3331.0,14487.0,tumor_core,0.9520942901947812,-0.2425971763224519,-0.3682095977238246,4.438951576308001e-10,tumor_core
263,4159.0,10314.0,other,0.5704581438066404,-0.1950495454848325,-0.1100398540496826,8.424168220263049e-11,other
264,18146.0,12548.0,other,0.5814973094205044,-0.1425125120490533,-0.2899667303902762,2.0130946243910191e-10,other
265,9264.0,12350.0,other,0.6070262976597963,-0.105152460599697,-0.1455910124097552,5.436931609163322e-12,other
266,17839.0,20436.0,immune,0.540358876221932,0.0714528824504261,-0.3422975274494716,2.993920585673443e-10,immune
267,16222.0,20738.0,tumor_core,0.8422183332141499,-0.1692454018830228,-0.0663990483965192,4.127096069827963e-11,tumor_core
268,11398.0,16382.0,other,0.5270390483128373,-0.1223613928928757,-0.1554639693668911,6.5012080965204636e-12,other
269,15445.0,14391.0,other,0.5068159153683189,-0.1519005353693292,-0.2002509825570242,3.2842781070068934e-11,other
270,13541.0,18559.0,other,0.423668686289801,-0.0998285085304419,-0.05840503011431,4.227903149679657e-12,other
271,14085.0,17324.0,other,0.4490798614626305,-0.1499674268130928,-0.4097774420465742,4.218543626358478e-12,other
272,2778.0,17578.0,stroma,0.1443397534773653,-0.040585925722532,0.156021488734654,1.9607744333663272e-11,stroma
273,3074.0,12165.0,other,0.0750525329165582,-0.0636857775357527,-0.198373167855399,8.461798098540717e-11,other
274,15213.0,6809.0,stroma,0.3889239188694428,0.128030893198057,0.624350460597447,2.6643250318302646e-10,stroma
275,10368.0,6786.0,other,0.5845221449064728,-0.2974828375786286,-0.3819624631745475,4.5868071493444265e-11,other
276,12728.0,19638.0,stroma,0.286517755411501,0.1480381505878743,0.2306296948024204,7.235572356536958e-11,stroma
277,16501.0,18728.0,tumor_core,0.9027309509160306,0.0391525241057988,-0.3499435578073774,2.5547578302286315e-10,tumor_core
278,10844.0,19474.0,stroma,0.3384331998523335,-0.1443460530315907,0.4233350263323102,3.2684308996955617e-11,stroma
279,10372.0,5857.0,tumor_core,0.8526040531644885,-0.1611224570042083,-0.4117836897713798,8.781685082417238e-11,tumor_core
280,4138.0,14645.0,stroma,0.5016068534448758,0.105257612244789,0.5968905585152763,6.970854334169929e-11,stroma
281,9235.0,18228.0,other,0.3031263296579012,-0.3010826001536197,-0.0388693632398332,1.0650613680530911e-10,other
282,7638.0,14508.0,other,0.2895305369295758,-0.0654675676180503,0.001271287373134,9.170644029959484e-12,other
283,8459.0,11882.0,stroma,0.2366709389142541,-0.1225905329586783,0.170246707371303,1.9283619765951197e-11,stroma
284,11390.0,17929.0,other,0.5163608173395964,-0.1187869913256954,-0.0327149581909179,1.6299602487471488e-11,other
285,11704.0,8803.0,stroma,0.2985186709425022,-0.2320182016466271,0.2368211500985282,6.222769686840841e-11,stroma
286,4416.0,12945.0,other,0.5306615907188115,-0.0748538828767131,-0.2954691484996251,7.295337196295753e-11,other
287,8424.0,18998.0,other,0.28023821875553,-0.2836992542518244,-0.4070888352394104,7.860181079645788e-12,other
288,3039.0,19281.0,other,0.3193180709648681,-0.232846858871188,-0.3641348791122436,3.146163012277805e-11,other
289,16774.0,17956.0,other,0.594114472744906,-0.1373855487408815,-0.3001343842915126,2.825125004401076e-11,other
290,10614.0,11583.0,tumor_core,0.886576999982503,-0.2623317050814287,-0.4510800695419311,1.8120679337771664e-10,tumor_core
291,6298.0,13418.0,other,0.3763365110066341,-0.1954577813688185,-0.0862706702096121,1.970881051528034e-11,other
292,13298.0,13143.0,other,0.6175758219176719,-0.3140984565275788,-0.5088504028320312,4.787419584236035e-11,other
293,14922.0,11294.0,stroma,0.4710095987109645,-0.1376130732475515,0.168226934160505,8.301525803040909e-11,stroma
294,12790.0,6952.0,stroma,0.5230336303564641,-0.254438939805871,0.1272944804600307,1.2998059562144445e-10,stroma
295,10882.0,11739.0,other,0.4235474425559991,-0.1892960240642799,-0.3457450825827461,2.4703793049056116e-10,other
296,9238.0,17609.0,stroma,-0.0511290393876892,0.0832249747647938,0.8904146684919084,2.92147571334021e-10,stroma
297,12265.0,4165.0,immune,0.4940118506222191,0.0218690030041943,-0.0725555195127214,2.945802649108675e-11,immune
298,5794.0,6299.0,stroma,0.1244672979170158,0.2284072046635144,0.4153023093087333,6.928036911100011e-10,stroma
299,18140.0,13785.0,tumor_core,0.8934919571259334,-0.1170440607392002,-0.2730776473454066,2.5851388013281784e-11,tumor_core
300,6541.0,18834.0,stroma,0.0989334137533449,0.0892127155403694,0.125110718863351,7.05059243410396e-11,stroma
301,17060.0,14399.0,tumor_core,0.7333330765209398,-0.164004168785404,-0.5188776016235351,6.132342315562133e-11,tumor_core
302,15729.0,11453.0,stroma,-0.2429670394895632,0.3172632498522543,0.7403862571716309,1.351623045982777e-09,stroma
303,16002.0,10681.0,stroma,0.4215869624685578,0.1699408089533918,0.6290253775460379,5.7255641821819696e-11,stroma
304,14908.0,14079.0,stroma,-0.1760588819205704,0.2462160802502345,1.1683409336635044,5.133010994935685e-10,stroma
305,14409.0,6032.0,stroma,0.0731050952168919,-0.0758387369549377,0.0826308332170758,8.792630488005459e-11,stroma
306,8148.0,20389.0,tumor_core,0.8777573147533267,-0.2798023387832423,-0.3770314407348633,2.7009907823209016e-10,tumor_core
307,5808.0,3515.0,other,0.5998406967975034,-0.2573739956306523,-0.2386564758845738,1.0129848613902227e-11,other
308,4419.0,12326.0,stroma,0.6422007890812846,-0.0476120798328202,0.1018073763166155,1.5293949412052962e-10,stroma
309,10609.0,12511.0,other,0.5390241162088893,-0.2452548013674495,-0.5145430755615235,6.008348108840165e-11,other
310,12740.0,17162.0,other,0.3768161387823,-0.1131701532612557,-0.2802676555088588,2.0775522233065503e-11,other
311,6305.0,11871.0,other,0.0586109854002355,-0.1466398982485932,-0.4068839931488037,3.253530620793898e-11,other
312,12761.0,12831.0,stroma,0.5465227741523077,-0.1022899080825739,0.2315779767717634,2.3661512454783147e-11,stroma
313,12245.0,8187.0,other,0.5374725722169372,-0.1680919353591337,-0.3757742728505815,1.7367646084316277e-12,other
314,6881.0,4139.0,tumor_core,0.924232351242753,-0.2343333334499238,-0.0972938142504011,1.462744475491358e-11,tumor_core
315,3889.0,10467.0,stroma,0.3969616903668967,0.1685257535267695,0.2588697923932757,3.5018809407412155e-11,stroma
316,10574.0,19627.0,tumor_core,0.7647712621569978,-0.1793948302637881,0.2036823299952915,7.496658075481039e-11,tumor_core
317,17894.0,8988.0,other,0.478822468111179,-0.1783377302965325,-0.4404077911376953,6.043008119857267e-12,other
318,19202.0,16884.0,stroma,0.3135722815018944,0.2635702046760515,1.9983310535975864,4.950166731855995e-10,stroma
319,5494.0,12641.0,other,0.5525926185820043,-0.2455592988896848,-0.2070446647916521,2.7329404077242448e-11,other
320,3856.0,17274.0,other,-0.0306747903759847,-0.0460642330284446,-0.315126530783517,4.4802661461757306e-11,other
321,8475.0,8478.0,other,0.4454909568779306,-0.23821729259368,-0.1283480971200125,4.203713796659998e-11,other
322,17885.0,10845.0,tumor_core,0.7214597233875601,-0.1504892714556445,-0.4725508499145507,4.910914439812063e-11,tumor_core
323,15157.0,18257.0,stroma,0.259403106235932,0.1099933256050918,0.7879869406563895,1.101273378307295e-09,stroma
324,5197.0,18363.0,other,0.2594703274742411,-0.162583224838306,-0.4230511181695121,5.866587861783327e-11,other
325,11924.0,18860.0,other,0.4012408645132472,-0.276116750984957,-0.1039872714451381,5.441502523243633e-12,other
326,15958.0,19653.0,other,0.4181533540998187,-0.0074687632585323,-0.0894579710279192,1.2575982021999668e-10,other
327,5489.0,13569.0,other,0.5677929980642844,-0.1292195623703194,-0.1304237719944545,1.3051976138487744e-11,other
328,17627.0,8523.0,tumor_core,0.6749640315742529,-0.0705987069019273,0.3163742855616978,2.791969492828817e-11,tumor_core
329,17863.0,15486.0,tumor_core,0.7411577749572344,-0.0884951424376671,-0.4158330910546439,2.95801343615536e-11,tumor_core
330,8454.0,12810.0,tumor_core,0.7401747122935572,-0.1587453850019285,0.0014189788273403,2.7374284927909588e-11,tumor_core
331,4167.0,8767.0,tumor_core,0.6642749471838157,-0.0646056075150782,-0.2229668126787458,6.898885551454578e-11,tumor_core
332,14415.0,4794.0,other,0.3089418795284809,-0.0081811735145,-0.3246178844996861,6.48582023198878e-11,other
333,10312.0,18234.0,stroma,0.4036400036980984,0.3018247847229157,0.5014862768990653,1.5355224250610207e-10,stroma
334,17068.0,12852.0,immune,0.3789166220082532,0.0563733075614645,-0.0375149032047816,1.676039751107652e-09,immune
335,14645.0,12995.0,stroma,0.5860015260178886,0.0309029368411504,0.2378485407148088,1.0908030437447978e-11,stroma
336,6614.0,3673.0,other,0.4772825862851605,-0.0554425097724428,0.0058500208173479,5.7230155829752095e-11,other
337,14949.0,5725.0,other,0.5186112281345795,-0.1609830428715422,-0.1441801568440028,4.170172441792767e-11,other
338,11408.0,14217.0,other,0.5310874328174391,-0.1145234063993552,-0.4576403338568551,7.889347110150163e-12,other
339,13023.0,14224.0,other,0.588593493029118,-0.1359647698166718,-0.2364107295445033,2.947849209470824e-11,other
340,3867.0,15108.0,stroma,0.3096350668032125,-0.0736226645274285,0.378224628993443,5.221673007716763e-10,stroma
341,11414.0,12979.0,other,0.6047604717207091,-0.2099646761116804,-0.2526925291333879,7.277427097052903e-12,other
342,17050.0,16565.0,tumor_core,0.7268867812700719,-0.0567276498308154,-0.176401492527553,9.354868848770778e-11,tumor_core
343,14366.0,15004.0,other,0.4995333103754148,-0.318561302556691,-0.171007524217878,9.736711042207374e-12,other
344,2793.0,14484.0,other,0.4375357294128359,-0.1757978231867609,-0.2940113612583706,1.6543391002131643e-10,other
345,6031.0,12953.0,other,0.3570598454169092,-0.2175565912551046,-0.2955311979566301,9.87357210416213e-12,other
346,11647.0,20561.0,tumor_core,1.0105606922138686,0.111343445699331,-0.30480117389134,3.4473659426069934e-10,tumor_core
347,9793.0,14209.0,tumor_core,0.6588488850360406,-0.0276038071999918,-0.0856326048714773,5.2886668893984986e-11,tumor_core
348,9015.0,8171.0,other,0.5129550493117833,-0.1095983781411518,-0.0545367744990757,1.0866132143863247e-10,other
349,4441.0,7685.0,other,0.4837614669324339,-0.201436503184559,-0.2893381629671369,4.391945999612647e-11,other
350,10618.0,10655.0,immune,0.5267103324114761,0.1818791965188133,0.0612696552276611,8.000281532918207e-11,immune
351,9804.0,12043.0,tumor_core,0.6537304875491793,-0.3228785779892886,0.4703747449602399,1.6716772608260098e-10,tumor_core
352,5253.0,6916.0,stroma,0.3109170871635869,-0.1617267183041504,0.1996578843252999,1.4031482857069424e-10,stroma
353,4666.0,16814.0,other,0.5297205596733642,-0.1646753617036649,-0.4020740120751517,1.719666649331205e-11,other
354,17330.0,14245.0,other,0.355406859919986,-0.2296571870758745,-0.4006060668400356,7.279502951006043e-12,other
355,5521.0,7072.0,tumor_core,0.8658477256533512,-0.2659569114532033,-0.1272657694135393,2.8404137709100517e-10,tumor_core
356,11399.0,16073.0,other,0.6279709432863434,-0.2567178089182322,-0.5128833770751953,4.454657805905796e-12,other
357,11966.0,10197.0,tumor_core,0.9040746048792896,-0.0058725683771095,0.4278575679234096,3.06420643913503e-10,tumor_core
358,14091.0,16086.0,stroma,0.3882102070238766,-0.0527282280361754,0.4069471686226981,6.945951801972026e-11,stroma
359,15444.0,14700.0,other,0.4311880128152761,-0.2343847751190464,-0.4042118777547563,1.522496323276252e-11,other
360,18133.0,15332.0,tumor_core,0.943984529087436,0.0694469279238692,0.2315123203822544,3.245570994623921e-10,tumor_core
361,8988.0,13741.0,other,0.562490611839843,-0.2436277037086152,-0.2871316950661795,2.371154978666322e-11,other
362,13028.0,13296.0,other,0.6044773154839345,-0.1276004913030859,-0.2413025181634085,3.052877677732538e-12,other
363,9546.0,9721.0,tumor_core,0.768613237434014,-0.1846379750224102,-0.2717055913380214,1.4064356418553538e-10,tumor_core
364,15693.0,18879.0,stroma,0.1718896242253275,0.0349637114557632,1.650479987008231,1.415654185056609e-09,stroma
365,10311.0,18543.0,tumor_core,0.6559398254292124,-0.2217583429377878,-0.0444630282265799,8.79696675828244e-10,tumor_core
366,9267.0,11731.0,tumor_core,0.6905448900773221,0.4021437533605406,0.3229260035923549,7.094897935320523e-10,tumor_core
367,12266.0,3856.0,other,0.3691889295642008,-0.0698345222411661,0.0203306511470249,6.537404325516546e-11,other
368,16760.0,20740.0,tumor_core,0.6607578164207627,-0.1915677007938865,-0.078597149167742,1.8147829102366988e-10,tumor_core
369,15957.0,19963.0,stroma,0.6258841886730687,0.0202564692770512,0.1238400432041713,9.90864380357377e-11,stroma
370,8990.0,13431.0,tumor_core,0.6814229531804759,-0.2178001033841368,0.1232214273725237,1.738040828415931e-11,tumor_core
371,11939.0,15766.0,other,-0.2235732622594641,-0.0896230877982852,-0.2429018592834472,8.124963014946326e-11,other
372,13049.0,8965.0,immune,0.5485572682359646,0.1312290797260907,-0.0345636667524065,2.6321398866012376e-11,immune
373,14676.0,6497.0,other,0.532551641089347,-0.2014850056103102,0.0678362941741943,5.486520565764859e-11,other
374,11728.0,3853.0,other,0.6294878907537416,-0.0512482591378996,-0.1902395302908761,9.441240650469235e-11,other
375,4925.0,18826.0,other,0.5374561183633192,-0.1399956389962773,-0.0774927507128034,3.4436342514537717e-11,other
376,10317.0,17305.0,tumor_core,0.6549680495879338,-0.2296661222433634,-0.4001708565439496,1.7143087724570693e-11,tumor_core
377,6335.0,5683.0,stroma,0.2674689384343411,-0.0079177390880093,0.5764075224740165,5.854803704891356e-11,stroma
378,7690.0,3988.0,tumor_core,0.7479628327937506,-0.149412068818565,0.0606642654963902,4.560399129460077e-11,tumor_core
379,3625.0,9383.0,stroma,0.4516773479896904,0.275092255078619,0.479955507005964,1.8955165956079463e-10,stroma
380,7677.0,6463.0,other,-0.0518807770536136,-0.0619299394268019,0.0674780109950474,7.073228789989023e-10,other
381,14917.0,12222.0,interface,0.6603346885907914,0.300422679216609,0.6807062911987305,1.4421541453063338e-08,interface
382,8733.0,10800.0,stroma,0.3862564392309289,0.0907339166775132,0.4799386242457798,1.9613487803860644e-11,stroma
383,15421.0,19341.0,tumor_core,0.7077439711397926,0.1316691102476038,-0.2072362341199602,2.3862126725065567e-10,tumor_core
384,12800.0,4786.0,tumor_core,0.7027421093627111,-0.1948070655494159,-0.2713016019548688,1.6767387505745172e-10,tumor_core
385,14893.0,17173.0,other,0.4308662364261147,-0.1002208885968927,-0.3505535663877214,2.5729923408984825e-11,other
386,16018.0,7277.0,immune,0.4564180182130545,0.0199097994405423,-0.2374406201498849,1.076143180432752e-10,immune
387,17837.0,20745.0,immune,0.355491783109173,0.2585792287031354,0.0575729179382324,1.6738255859061638e-10,immune
388,3853.0,17893.0,other,0.3046320383066413,-0.0800049241770987,-0.2537543290002005,3.5843061641065206e-11,other
389,9279.0,9256.0,other,0.486511533120906,-0.2049388523856685,-0.3395847463607788,2.845705225420468e-11,other
390,8709.0,15750.0,tumor_core,0.6751144359804412,-0.2089490882817516,0.1062113979884555,5.401316922839493e-11,tumor_core
391,17363.0,7439.0,tumor_core,0.6801281551386686,-0.2400339121121731,-0.4417261123657227,1.2887242946226848e-10,tumor_core
392,12530.0,4940.0,stroma,0.4450223891641355,-0.1892387797164711,0.2062361880711147,1.4564215144973087e-10,stroma
393,9568.0,5080.0,stroma,0.0303565776931017,0.7368742270251059,1.2919137137276786,9.008463513838859e-10,stroma
394,17305.0,19505.0,tumor_core,0.8191352398032081,-0.0431182273906418,0.0638327162606375,1.0668704723672568e-10,tumor_core
395,6035.0,12025.0,other,0.4647295833891212,-0.1341693672460949,-0.0032997989654541,1.1196898591756162e-11,other
396,8216.0,6466.0,other,0.6258791039339763,-0.2390797349989926,-0.3243068790435791,2.0107889610172815e-10,other
397,15429.0,17794.0,tumor_core,0.8326357469348415,-0.2468387855158152,0.0064146641322544,4.841628589543103e-10,tumor_core
398,14617.0,18564.0,stroma,0.2095848460211163,0.2543393168545043,1.2427374976021903,5.126291929051169e-11,stroma
399,3318.0,17271.0,other,0.3890547112330494,-0.2322288478449798,-0.1030854633876255,4.162662736145951e-11,other
400,10357.0,8951.0,other,0.4736320023797274,-0.2106271255921498,-0.2128354522160122,4.1549071773984144e-11,other
401,18921.0,19204.0,other,0.347124700921151,-0.2540757631546788,-0.2850974219185965,3.365613231530326e-10,other
402,5995.0,20378.0,other,0.1169401513535818,-0.1621980152405094,-0.2781184612001691,2.975556360052964e-11,other
403,12515.0,8034.0,other,0.4738710523223145,-0.1574487104627669,-0.2982663542883736,6.486488041913759e-12,other
404,5788.0,7537.0,tumor_core,0.6771896280926918,-0.2550012320707042,-0.1075924069540841,3.1186818573520507e-10,tumor_core
405,14097.0,14848.0,other,0.6064429475157053,-0.0529932098778065,-0.2461436666761126,4.582521367418819e-12,other
406,7356.0,17136.0,stroma,0.0749666398232187,-0.1928298790167942,0.3118498393467495,2.0668730467921375e-10,stroma
407,9526.0,13743.0,other,0.3645138772542045,-0.2928746614210243,-0.4213213791166033,2.2714301410591476e-11,other
408,7388.0,10639.0,other,0.4950326369112769,-0.0767145908749889,-0.2000612122671944,2.3760285570277892e-11,other
409,5471.0,17282.0,other,0.4632443238767659,-0.2553393956924919,-0.4909257888793945,7.637362509268089e-11,other
410,10849.0,18546.0,stroma,0.4829603782207602,-0.1034938629855399,0.3605993352617536,3.9891767840863624e-11,stroma
411,11426.0,10504.0,stroma,0.3363253816547924,-0.2238496064413926,0.3684573255266462,3.2104192505914106e-11,stroma
412,2501.0,19278.0,other,0.2092747884880204,-0.2466155250148479,-0.2508549111230033,3.595285100390943e-11,other
413,17873.0,13320.0,tumor_core,0.8938177260547905,-0.2139331849991079,-0.3089007009778703,7.789002044413113e-12,tumor_core
414,12743.0,16544.0,tumor_core,0.6825608128212098,-0.1753173707890988,-0.3720073209490095,2.629898579337517e-11,tumor_core
415,8996.0,12194.0,other,0.5734729945145313,-0.2119962071364793,-0.194421215057373,6.350212035156476e-11,other
416,10914.0,5241.0,other,0.2887219911796592,-0.0917939243139032,-0.2214991610390799,1.1231102506226339e-10,other
417,15982.0,14703.0,other,0.5569135075218954,-0.2014798604400247,-0.3185342257363456,8.26827969881064e-11,other
418,10095.0,7558.0,stroma,0.2945303226591642,0.2135132815913006,0.8649149050031388,2.8197867792844176e-10,stroma
419,16807.0,11149.0,stroma,0.5568446399838676,-0.0561235470211608,0.5794147491455078,2.5186471090366597e-11,stroma
420,15433.0,16866.0,immune,0.2393493359749521,0.0573419986618282,-0.0010102544512067,2.291177090289078e-09,immune
421,7659.0,10176.0,other,0.4594705395136217,-0.2381840140737571,-0.2755247238704136,1.386233488500293e-11,other
422,19733.0,18434.0,tumor_core,0.8534118226253403,-0.0712850374359114,-0.3328186403002057,1.4542619005214228e-10,tumor_core
423,18668.0,15954.0,tumor_core,0.9329708863767658,-0.0805792247070624,0.3551958084106445,4.3913437608092624e-10,tumor_core
424,7907.0,14664.0,immune,0.2986023035168305,0.0215431374943358,-0.3881616786548069,1.5808435635977558e-11,immune
425,13063.0,6180.0,other,0.4322934397572181,-0.1155817726023901,-0.2467648805890764,7.560608963350667e-11,other
426,18160.0,9763.0,other,0.5904658944814797,-0.0901149348235745,-0.1959807177952358,1.8824500909800332e-11,other
427,5765.0,12178.0,other,0.4252521171094359,-0.1969278640724868,-0.3124717889513288,8.259658996869171e-12,other
428,6275.0,18059.0,other,0.2337525903549998,-0.0071717087382232,-0.0238266917637416,1.7449985472141497e-11,other
429,17032.0,20277.0,stroma,0.224427785535101,0.1468196764033298,1.4349118859427317,8.202813447352004e-11,stroma
430,15219.0,5572.0,tumor_core,0.9871421349471504,-0.2705923916617232,-0.3082928327151707,4.762190025333004e-10,tumor_core
431,7418.0,4451.0,tumor_core,0.6817401052092774,-0.2869411566879141,-0.0877418463570731,2.329137307511802e-10,tumor_core
432,15477.0,7893.0,other,0.254126598142366,-0.2486176586424382,-0.4761244583129883,2.402512383253266e-10,other
433,6308.0,11252.0,other,0.4546961633493892,-0.0596204467096437,-0.0312454564230781,3.885150272404096e-11,other
434,8465.0,10644.0,other,0.3237156310223207,-0.1238329660328889,-0.2307661192757742,1.7001494862654974e-10,other
435,18923.0,18894.0,immune,0.1289585484754318,0.3327431388434161,-0.4068142802374703,5.479754508236925e-10,immune
436,17078.0,10686.0,other,0.3734394793085261,-0.1287010438889692,-0.1237191499982561,3.064824611196954e-11,other
437,8168.0,16367.0,stroma,0.3645540531849701,-0.0853708817231279,0.7466314261300224,2.9964528413033474e-11,stroma
438,3858.0,16965.0,other,0.2675968309148274,-0.2604013787299651,-0.4561400985717773,7.581100267058358e-11,other
439,5248.0,7844.0,other,-0.3199553025648898,-0.2016545599032951,-0.1609240913391113,7.51462382641822e-10,other
440,6535.0,20072.0,other,0.202681582131756,-0.2381239183311134,-0.3905712127685546,1.0072939222769612e-10,other
441,3912.0,5826.0,immune,0.1294427169477952,0.0267964091717684,-0.1366058186122348,6.228233785034483e-11,immune
442,13836.0,13145.0,immune,0.3309115426309499,0.2226197601730981,0.0310861764635357,2.9985100474619667e-10,immune
443,7355.0,17446.0,stroma,0.2045296365439833,-0.2074903888697268,0.5381757708958217,4.5573747381421287e-11,stroma
444,6028.0,13572.0,other,0.4146334930668627,-0.1733910536612344,-0.1822965540204729,1.4982883734301086e-11,other
445,17038.0,19040.0,stroma,0.4627375753591067,0.07195166427973,0.5293052455357143,4.109627552761563e-10,stroma
446,15709.0,15475.0,stroma,0.5232301686434138,-0.0860038859540207,0.586077150617327,6.400383938262091e-10,stroma
447,11948.0,13910.0,other,0.5716545506383177,-0.2376430387952949,-0.2119740676879883,1.0158277019626065e-11,other
448,6556.0,15740.0,stroma,0.4864880615775674,-0.0994588454336696,0.690695310320173,2.457366897127357e-11,stroma
449,12194.0,18707.0,other,0.4393678040655324,-0.238549304896576,-0.3618275996616908,5.259797810869189e-12,other
450,12779.0,9118.0,stroma,0.5182941702845456,0.268783587439354,0.8807998548235212,1.7885995776832303e-10,stroma
451,7097.0,15124.0,other,0.2366726711635279,-0.2047286430923508,-0.3592568179539271,6.319086570841944e-11,other
452,1965.0,18657.0,other,0.4980939131798018,-0.1657498664406787,-0.1770537614822387,2.8882335077593175e-11,other
453,16291.0,6505.0,other,0.6134822604068746,-0.2032149131796763,-0.385683479309082,1.5510581402062574e-10,other
454,12796.0,5715.0,tumor_core,0.7376585409030934,-0.1330444901583871,-0.2884852382114955,7.392645056093559e-11,tumor_core
455,13287.0,15309.0,other,0.5173779164841854,-0.2220487777346526,0.0045962974003382,1.098851925901104e-11,other
456,6055.0,8002.0,other,0.4584480785797792,-0.1725353901954981,-0.2928423806599208,7.880205901614378e-12,other
457,13317.0,9121.0,stroma,0.4099795034267758,-0.128217024627251,0.4471026066371372,2.03890307611574e-11,stroma
458,6548.0,17287.0,other,0.0955884321766868,-0.0815105971087699,-0.2771118654523577,2.4234081596941468e-11,other
459,8145.0,21008.0,other,0.3276678014007305,-0.2938301720386931,-0.3996477127075195,1.03349554295844e-10,other
460,15700.0,17331.0,interface,0.7558616115171409,0.2066500168987536,0.8977145930698939,1.2918854567454157e-08,interface
461,15994.0,12228.0,tumor_core,0.6818898979106549,-0.0927576599455836,0.3519807570321219,3.8505807314261807e-11,tumor_core
462,14087.0,17014.0,other,0.5383049913700795,-0.1579402157860704,-0.0439645848955427,3.850775272499419e-12,other
463,17033.0,19968.0,stroma,0.64117933256857,-0.0407830992537446,0.3954897008623395,1.5844948807797255e-10,stroma
464,8711.0,15441.0,stroma,0.5564400671998242,-0.108068519642838,0.0874401800973074,2.3356883272013004e-11,stroma
465,17621.0,9760.0,other,0.1752497347523588,-0.0341979569213779,-0.3032535566602434,1.3103972383833103e-10,other
466,14892.0,17482.0,tumor_core,0.6678835483891168,-0.2143731555103572,-0.3546470120974949,2.7107183553352135e-11,tumor_core
467,9285.0,8018.0,tumor_core,0.7289626330908742,-0.030368277029185,-0.1433900833129883,9.400597349254003e-11,tumor_core
468,5773.0,10631.0,other,0.6004741111857779,-0.1248662857749742,-0.4152828897748674,1.51651948778907e-12,other
469,13871.0,6029.0,immune,0.4857142938520626,0.0590741328660259,-0.2814783944402422,9.32763470963142e-12,immune
470,18399.0,15798.0,immune,0.5304968423377061,0.453449704244007,0.2165458352225167,2.8948473475094814e-10,immune
471,5999.0,19450.0,other,0.430966274393142,-0.1015729317094671,-0.3101344782965524,2.9101172967144768e-11,other
472,8753.0,6778.0,other,0.4229759977967947,-0.2136092213513516,-0.2568214648110526,2.9143598507003307e-10,other
473,15204.0,8666.0,tumor_core,0.715563299557621,-0.2712353812930919,-0.2978400714056832,1.9754183525960508e-10,tumor_core
474,8223.0,4919.0,stroma,0.6086453815434603,-0.2919595494311313,0.6386467851911272,4.687325731227154e-11,stroma
475,5209.0,15888.0,other,0.3489074926476923,-0.0454032562865227,-0.0585771914890834,3.169568930088382e-11,other
476,11384.0,19167.0,stroma,0.3132005533344565,-0.1367417618333439,0.2605482101440429,1.852216587638961e-11,stroma
477,16542.0,10374.0,other,0.6345733114994156,-0.2464671542702568,-0.0766999326433454,9.59161064475459e-11,other
478,9498.0,19622.0,other,0.4238215713464402,-0.134531556748729,-0.0361590548924037,1.4901879547302234e-11,other
479,3874.0,13561.0,tumor_core,0.9790140190380532,-0.1752133590187931,0.2471985408238002,4.983905960126789e-10,tumor_core
480,13605.0,5254.0,stroma,0.3880796473641181,-0.0174333236278982,0.2052144568307059,8.794108401256791e-11,stroma
481,6319.0,9087.0,immune,0.3088638437331465,0.1597921492206332,0.1167939472198486,7.568816282581598e-11,immune
482,11149.0,12204.0,stroma,0.245755740574428,0.0643088382089718,0.0936415345328194,1.9574572490598175e-10,stroma
483,5729.0,19604.0,other,0.4148047708710682,-0.1473769279767927,-0.2992646987097603,3.5659731827337094e-11,other
484,11663.0,17157.0,other,0.534505220981938,-0.1681511340433342,-0.0654065459115164,5.446899634116342e-12,other
485,10859.0,16380.0,stroma,0.4341933414097142,0.0643631556314178,0.161473159790039,1.5184619089471868e-11,stroma
486,9575.0,3842.0,other,0.5365342266379015,-0.146350599120886,-0.1543795122419085,1.2942143346615732e-11,other
487,9786.0,15756.0,stroma,0.595936734061456,-0.0192677054159279,0.1584309387207031,3.1031190428219115e-11,stroma
488,10612.0,11892.0,other,0.5141890970195356,-0.1307620915522889,-0.0509774262564523,6.451607981379037e-11,other
489,5245.0,8463.0,stroma,0.1605989802718048,-0.2799706226775161,0.2781116867065429,1.907366725546829e-10,stroma
490,4950.0,13876.0,other,0.1274245377354974,-0.0443506190462577,-0.2881583309173584,8.989579461298732e-11,other
491,11175.0,6944.0,other,0.6318834109137179,-0.0406446873629332,-0.26044885294778,2.6430538242341343e-11,other
492,11116.0,19011.0,other,0.4876367380612192,-0.1821472041501015,-0.1750917148590087,2.3131483944624015e-11,other
493,14144.0,5257.0,stroma,0.2445941382835147,-0.1162641086858459,0.2463459260123116,9.860183662834852e-11,stroma
494,8697.0,18226.0,other,0.2088872200004892,-0.2421127800271982,-0.0495957442692348,4.8714247243105624e-11,other
495,11723.0,4781.0,immune,0.5252057511648762,0.2435484455103177,-0.1264358506883893,3.42867886219961e-10,immune
496,13265.0,19950.0,tumor_core,0.8329161674155713,-0.262778907928904,-0.0641352762494768,4.8040815036543174e-11,tumor_core
497,7643.0,13579.0,stroma,0.2001620065903046,0.2564681341449989,0.3683971514020648,8.303255356878914e-11,stroma
498,12763.0,12521.0,other,0.6215675738948188,-0.1660598516037266,-0.3955312275886535,1.902118793692352e-11,other
499,3054.0,16187.0,immune,0.4590154965109015,0.1277043716955321,-0.2580540752410888,7.212612288663348e-11,immune
500,6038.0,11406.0,other,0.0310209291207596,-0.2779302077853577,-0.254341230392456,1.0815989278862732e-10,other
501,9501.0,19003.0,other,0.1522934713391077,-0.0993637881938229,-0.3451825976371765,3.8242685885585336e-11,other
502,4387.0,18824.0,other,0.3821733297346193,-0.1738993195886256,-0.1176784052167619,1.2043347584192688e-11,other
503,11190.0,3850.0,other,0.533146240567201,-0.2567348534876432,-0.4716840362548828,2.2404086556708235e-11,other
504,8447.0,14357.0,other,0.6022927557633455,-0.3040997305708833,-0.2184326233182634,2.6997562991030566e-11,other
505,3325.0,15724.0,stroma,0.4121172668149807,0.0125747931037727,0.2790194811139788,7.859255345870853e-11,stroma
506,16784.0,15790.0,tumor_core,1.0783438522543682,-0.2662048777058336,-0.4169925308227539,7.699672527705453e-11,tumor_core
507,2777.0,17887.0,other,0.3904080642378342,-0.2458884159908936,-0.4180578582627432,5.928443556860447e-11,other
508,6010.0,17284.0,other,0.2198464685295594,-0.258726365928322,-0.4611705069882528,4.4011797290367926e-11,other
509,5238.0,10010.0,other,0.1585367395688108,-0.1739771825536274,-0.3503016676221575,1.0061988369401396e-10,other
510,8481.0,7241.0,stroma,0.1742689090630009,0.2025793362995956,0.3348344285147531,2.0549132170385552e-10,stroma
511,17350.0,10223.0,stroma,0.5191251465823942,0.0091025551786395,0.3500992175510952,3.0437327853363446e-11,stroma
512,12778.0,9427.0,other,0.4400932128225968,-0.210961235244158,-0.1737217031206403,5.835792484564045e-11,other
513,14629.0,16089.0,other,0.2916887869428011,-0.2550548576032022,-0.2781937987463815,7.811965340687042e-11,other
514,16507.0,17490.0,other,0.4027411231372866,-0.241778179704289,-0.1673213175364902,1.9057142560742288e-10,other
515,6062.0,6455.0,stroma,0.5188356241352378,-0.0390169980874375,0.4198635455540248,1.1990655442890505e-11,stroma
516,13007.0,17628.0,tumor_core,0.7838424095600015,-0.0056260361370862,-0.2851199034282139,1.1510496136271088e-10,tumor_core
517,6283.0,16512.0,stroma,0.3692810354845407,-0.2778398792518244,0.5329182325090682,5.257180698756035e-11,stroma
518,8144.0,21317.0,other,0.4534312204340844,-0.0917689432216578,-0.4121700538907732,2.1804415130504845e-11,other
519,11938.0,16076.0,other,0.4782441387011928,-0.259811952325881,-0.3994165584019252,5.2633968033014064e-11,other
520,8477.0,8169.0,tumor_core,0.6728343945335906,-0.21988132032419,-0.2892495100838798,5.826028275927473e-11,tumor_core
521,14411.0,5722.0,other,0.2850508269276167,-0.0024213109453632,-0.3214762817110334,1.1068332327000134e-11,other
522,12459.0,19482.0,other,0.5524756348373105,-0.1291866752086874,-0.3361379521233695,1.5394280171843796e-11,other
523,17051.0,16255.0,tumor_core,1.0461167804575378,0.0712361813957848,-0.3531614075388227,1.6017823236503294e-10,tumor_core
524,15483.0,6656.0,stroma,0.624123591590362,0.4236979856873651,0.7551102556501115,4.916708858241236e-10,stroma
525,9499.0,19312.0,other,0.5211931838513792,-0.230111288029519,-0.3380298280715942,1.0473416340044523e-10,other
526,16290.0,6814.0,tumor_core,0.683232582655529,0.1017058656516252,-0.0135301494598388,1.6381052797661146e-10,tumor_core
527,6607.0,5220.0,tumor_core,0.6765099211827221,-0.1195163223198628,0.105580802645002,4.4799692772701037e-11,tumor_core
528,8187.0,12344.0,other,0.4277943938484814,-0.2724664901252462,-0.3344111851283482,2.561085490322148e-11,other
529,13544.0,17940.0,other,0.5618512143567561,-0.1351224946599976,-0.3410332475389753,1.7313868897198992e-11,other
530,7338.0,20849.0,immune,0.3761528774967357,0.0630169235874383,-0.2918957608086722,4.4410111196857086e-11,immune
531,13581.0,10205.0,tumor_core,0.6551959055153543,-0.1924649081206253,-0.4410185803685869,3.9018875708135766e-11,tumor_core
532,11132.0,15608.0,other,0.6283821625311787,-0.2288941002976587,-0.4671792367526463,1.2632973257518841e-12,other
533,9505.0,18075.0,stroma,0.2179029598217796,0.1503931008129885,1.462237379891532,1.3222165617736648e-10,stroma
534,3864.0,15727.0,other,0.2724280668242208,-0.281822707386618,-0.4008048578671047,1.8702756851153086e-10,other
535,19730.0,19053.0,other,0.6272273305964265,-0.242556001382605,-0.4079892417362758,1.3333234683826307e-10,other
536,17591.0,15948.0,tumor_core,0.9168962705398224,-0.0737698853955227,-0.3240105792454311,1.0747259448608832e-11,tumor_core
537,13853.0,9742.0,other,0.597048572931628,-0.1823038649678571,-0.3372685776438032,1.5515342586284778e-11,other
538,10594.0,15605.0,stroma,0.3657805341316436,-0.1439733579968313,0.1739123289925711,6.710613306425576e-12,stroma
539,15702.0,17022.0,tumor_core,1.070163525648108,-0.2922891873684858,-0.2458552639825003,4.272517667726712e-09,tumor_core
540,14127.0,8660.0,other,0.2905633159246107,-0.0750527371222788,-0.100659258706229,8.207942457173198e-12,other
541,18128.0,16260.0,stroma,0.2977086763939716,0.2702398332620418,1.036575677054269,9.841569755193638e-11,stroma
542,12746.0,15925.0,stroma,0.477537035827783,-0.0942908750051755,0.2433492660522461,1.3646109917261583e-11,stroma
543,8166.0,16676.0,tumor_core,0.6761749199915709,0.0403718687060227,-0.3068362440381731,1.893571389018708e-10,tumor_core
544,18401.0,15488.0,immune,0.4464487558586143,0.0802912547287763,-0.0487837096623012,3.4151528937047656e-10,immune
545,12535.0,4012.0,other,0.531550285343013,-0.1288186560003327,-0.1685830300194876,2.5505481401702173e-11,other
546,6281.0,16822.0,stroma,0.3162012374526817,-0.1530642742798116,0.6358794784545898,1.950651162436244e-11,stroma
547,5538.0,3668.0,other,0.5102137339766621,-0.2470173002314089,-0.189799267905099,9.56191745573398e-12,other
548,7412.0,5688.0,other,0.5082500371814118,-0.1225690009301918,-0.1193655926840646,9.528951664534356e-12,other
549,12511.0,8962.0,stroma,0.550283154042318,-0.1269945027066507,0.079510713304792,3.841393746616644e-11,stroma
550,6023.0,14500.0,stroma,0.3017850105051568,-0.0901413783644536,0.1418323653084891,5.75521313112324e-12,stroma
551,15486.0,6037.0,other,0.5965498565827441,-0.0421523145242543,-0.4549270629882812,2.6329395234815396e-11,other
552,8231.0,3372.0,other,0.4202116914129211,-0.2626941538813462,-0.2562098469052996,1.7153132563637272e-11,other
553,8765.0,4303.0,tumor_core,0.972158015974416,-0.0843128082489216,0.3212173870631626,9.572261986222756e-11,tumor_core
554,5747.0,15891.0,stroma,0.5212140709647511,0.0674933339429106,0.4285181590488979,8.542040957858054e-11,stroma
555,7154.0,3367.0,tumor_core,0.85471165420225,-0.2328937169815544,-0.2414565971919468,6.695395864287271e-11,tumor_core
556,9814.0,9877.0,stroma,0.4801817082032947,0.000583434856382,0.2763392066955566,2.6759524936671712e-11,stroma
557,13302.0,12215.0,immune,0.0934956089762233,0.0288543829262085,-0.1749107415335519,1.6807346113183496e-10,immune
558,5262.0,5059.0,other,0.368406905652464,-0.0130589390467094,-0.125264983858381,8.182807517794937e-11,other
559,4449.0,6138.0,other,0.4957468713118497,-0.0830911109730985,-0.3254422174181257,1.8876653975540264e-11,other
560,6070.0,4908.0,other,0.3929426526063241,-0.0549318828435886,-0.3012066847937448,6.393616147157978e-11,other
561,8415.0,20854.0,tumor_core,0.7077073410853444,-0.2947120775807553,-0.3177047317368644,1.4498275913133126e-10,tumor_core
562,4960.0,11710.0,other,0.2802077500955028,-0.1795333691987403,-0.307772502217974,1.0903144869866339e-10,other
563,17333.0,13627.0,other,0.6096960535899789,-0.1513432264328003,-0.3294869651113237,8.223571591627039e-11,other
564,14620.0,17945.0,other,0.4997358541589227,-0.1839379986326469,-0.1611986514500209,6.686206597642922e-10,other
565,14405.0,6960.0,other,0.5361086451310095,-0.012957691206973,-0.0745642457689557,1.271850391894359e-11,other
566,14382.0,11601.0,other,0.4487077904113301,-0.103344327826213,0.0563524464198521,7.314332143811275e-11,other
567,17039.0,18730.0,immune,0.6242578100495234,0.3009127173519407,0.1984863444737025,9.851581996619352e-11,immune
568,10891.0,9882.0,immune,0.2431247757813845,0.0178079678113959,-0.1559401771000453,5.691303332135848e-11,immune
569,3059.0,15259.0,stroma,0.0131577624799192,0.4258658991843718,0.7291626930236816,1.0333345095586508e-09,stroma
570,11984.0,6484.0,other,0.5591036882519378,-0.1909583425709716,-0.1914226014273507,2.1064849381837832e-10,other
571,11137.0,14679.0,other,0.5938624951663434,-0.1634551166719556,-0.4115178091185433,5.4901981832721195e-12,other
572,8450.0,13738.0,other,0.5093484395759561,-0.169584769531444,-0.1798606055123465,4.101848532565623e-11,other
573,15181.0,13307.0,immune,0.212639815969641,0.2450208158411064,-0.1148117610386439,2.378464083175861e-10,immune
574,4114.0,19596.0,other,0.346817085178335,-0.0269448129529597,-0.2995104128973824,4.697504642160888e-11,other
575,8967.0,18072.0,other,-0.2460009879142417,-0.2918613510350443,-0.2613885164260864,2.7118331878338983e-10,other
576,11386.0,18858.0,other,0.3537574390436979,-0.0789372523483369,-0.1230360317230224,2.6381954475762423e-11,other
577,14120.0,10207.0,other,0.4592646944442852,-0.1489601034276123,-0.0659035955156598,1.935315455377153e-11,other
578,6071.0,4599.0,tumor_core,0.6847067519322337,-0.1715598903745839,-0.2967407972472055,5.4267854691626524e-11,tumor_core
579,14381.0,11910.0,immune,0.2135364755573803,0.0339145797883883,0.030438231059483,2.0302356513806324e-10,immune
580,6599.0,6767.0,other,0.2780654213229624,-0.1476271181743602,-0.4694939041137695,3.6891023431179036e-12,other
581,18139.0,14095.0,other,0.5885590377727155,-0.0257154789387667,-0.189952392578125,2.707891757288855e-11,other
582,16796.0,13315.0,stroma,0.1498000560076559,0.1769986265368311,1.555119067600795,3.345570670896751e-10,stroma
583,11176.0,6635.0,other,0.603424072265625,-0.1210951370461964,-0.1120360769544329,1.527115650424703e-10,other
584,4158.0,10623.0,stroma,0.2885862987770672,-0.0348922852373396,0.902175979614258,1.1732719409842115e-10,stroma
585,17341.0,12080.0,immune,0.542049391500559,0.2793267473450362,0.2533274895804268,6.820598027005637e-11,immune
586,12485.0,14222.0,other,0.6516799213559379,-0.0828455844974108,-0.3026988329206194,1.1789199446319409e-11,other
587,7637.0,14817.0,other,0.3582091445776554,-0.2863697172235964,-0.0151161806924002,1.2916851563199508e-11,other
588,10651.0,3848.0,other,0.5710225425310582,-0.1438615122719275,-0.1784560700825282,3.884152114136459e-11,other
589,16524.0,14087.0,other,0.5101136667502122,-0.0093197019018211,-0.1173885876791818,1.437950796279676e-09,other
590,14358.0,16551.0,other,0.3799027148509185,-0.247404423881226,-0.4017655706405639,4.927787590400805e-11,other
591,17579.0,18424.0,stroma,0.5115882420014101,-0.0202012265309221,1.5968735558646068,3.5392979600356256e-10,stroma
592,7383.0,11567.0,other,0.5972570746651317,-0.0100891065802478,-0.1186587946755545,5.3174286933857e-11,other
593,4180.0,5982.0,other,0.5595630931945683,-0.2042446134126289,-0.1982587364741734,2.6373091487428108e-11,other
594,17326.0,15174.0,tumor_core,0.9661143578138928,-0.2729495466609397,-0.2731325353894915,2.6839709691203177e-10,tumor_core
595,9844.0,3689.0,other,-0.0258833459102524,-0.2338321106481688,-0.1339112956183297,1.010421741992785e-09,other
596,9244.0,16372.0,stroma,0.0913629865600644,0.500662974778424,1.0291933713640486,3.8738906306738785e-10,stroma
597,10626.0,9107.0,tumor_core,0.7731524062408125,-0.1381625123642235,-0.2397558048793247,1.3733533294379396e-10,tumor_core
598,8739.0,9562.0,other,0.6306094149500847,-0.0956275130069699,-0.0786237948281424,2.9128724326725777e-11,other
599,8974.0,16525.0,stroma,0.3372149718916428,-0.0570154753233436,0.6272972161429269,6.204533737026469e-11,stroma
600,18392.0,17345.0,tumor_core,1.009179370401004,0.1551915811945852,-0.0983988271440778,1.0828021611645284e-09,tumor_core
601,6611.0,4292.0,tumor_core,0.8179441499572928,-0.2577362716368754,-0.0443672234671456,3.2461583443717536e-11,tumor_core
602,6076.0,3671.0,other,0.3691796781004103,-0.247053151827487,-0.0910187946047101,2.5004155477091145e-11,other
603,3045.0,18043.0,other,0.2431117983129542,-0.1242161643795434,-0.3784402969905308,1.626059139444869e-12,other
604,13326.0,7264.0,other,0.2386908663770724,-0.1911223029082689,-0.2186764294760567,9.903568603008239e-11,other
605,8433.0,17141.0,tumor_core,0.6697501020714969,0.008544957740259,-0.3734854745864868,9.804328065547564e-11,tumor_core
606,7376.0,13114.0,stroma,0.5886120526468309,0.0913911642010369,0.1227732304164341,6.887906160343421e-11,stroma
607,9265.0,12040.0,stroma,0.4584319031478574,0.1263582554451032,0.5874817957196916,1.3294204734399938e-10,stroma
608,3610.0,12477.0,tumor_core,0.7760412201556812,-0.2101307023732915,-0.3435407556806292,7.24862860231505e-11,tumor_core
609,12770.0,10974.0,other,0.5257609395715671,-0.2201480096083315,-0.3306291116986956,5.945820881394725e-12,other
610,11929.0,17932.0,other,0.6117522933681996,-0.0948668842585517,-0.1446336310250418,1.7310986824262067e-11,other
611,17338.0,12698.0,tumor_core,0.8841190987328211,-0.2235591520894222,-0.0811115728105817,1.33371684017877e-08,tumor_core
612,16257.0,13621.0,other,0.5916817812311569,-0.2617921459042923,-0.3313667372294834,1.0795399388602844e-10,other
613,19472.0,16731.0,stroma,0.5507113867272351,0.6682237677041303,1.5729108701433454,7.171531447126784e-10,stroma
614,18384.0,18892.0,stroma,0.5322456410152916,0.4583853213356695,0.5314436939784459,2.8567623118928275e-10,stroma
615,11657.0,18395.0,other,0.4470140227649721,-0.2618616281082603,-0.4592529000554766,3.6274062217158234e-11,other
616,11923.0,19170.0,stroma,0.5151709079285253,-0.0261589783139761,0.9966387557983398,2.2527002807135903e-11,stroma
617,17320.0,16411.0,tumor_core,0.7969178376238961,-0.1419414941936645,-0.2749501051221575,9.565543709792839e-11,tumor_core
618,6826.0,15587.0,stroma,0.4601498029604626,-0.1132293294442758,0.1039078085763114,2.3484461380068708e-11,stroma
619,11152.0,11585.0,other,0.617113260614792,-0.2927737741552315,-0.4923527908325195,6.323826201093239e-11,other
620,11125.0,17155.0,other,0.5068340959850689,-0.2523914776037962,-0.4039356224877494,3.994030033792752e-12,other
621,13590.0,8348.0,other,0.5792285931990451,-0.023887379890185,-0.3155351114273071,5.374332437849238e-11,other
622,15447.0,14081.0,other,0.300105601006249,-0.049208978014894,-0.0352744497571672,5.4266666865418237e-11,other
623,4693.0,11245.0,other,0.4821683402715229,-0.2301731462187445,-0.3210695195198059,4.8492231568203753e-11,other
624,6598.0,7077.0,other,-0.1465483260406172,-0.1456933532838835,-0.2259297009876796,6.562459849719505e-11,other
625,10080.0,10652.0,stroma,0.6168219272836628,-0.232028824530734,0.4194652666364398,2.4968806317890612e-11,stroma
626,14348.0,18717.0,stroma,0.602298986648896,0.16248614492594,1.0461581802368165,8.4119379665768e-11,stroma
627,14942.0,7272.0,tumor_core,0.6962019645127674,-0.2622130648112912,-0.4808124542236328,1.7059538718036106e-10,tumor_core
628,10611.0,12202.0,tumor_core,0.9079375719635508,-0.0992419120233858,-0.415506740127291,2.9753185056779417e-10,tumor_core
629,7098.0,14814.0,stroma,0.4810720916448139,-0.0462430076817728,0.2974782044546944,4.355533160446859e-11,stroma
630,14132.0,7732.0,other,0.5720129150215068,-0.3072525505350107,-0.2937702553612845,5.352223154265744e-11,other
631,7379.0,12495.0,stroma,0.0766935522238566,-0.0700135227602327,0.3666564696175712,6.635901796814381e-11,stroma
632,13589.0,8658.0,other,0.5810391077716421,-0.2652516406040137,-0.4082772064208984,2.649513538389801e-10,other
633,17054.0,15636.0,tumor_core,1.1209676574312029,-0.1371970910653685,-0.2050780800410679,6.078764210828178e-11,tumor_core
634,3859.0,16655.0,other,0.5311685307942553,-0.173289842668782,-0.2224930327279227,4.5402211459747045e-11,other
635,7902.0,15592.0,other,0.3217625334530297,-0.2070733375825991,-0.1559253229413713,4.5504809965541274e-11,other
636,18386.0,18582.0,immune,0.5708575646463542,0.1373041767445539,-0.1525751972198485,2.3594518130733407e-10,immune
637,12230.0,11281.0,tumor_core,0.6759270716490705,-0.1505218059422293,-0.4407776791708809,2.59873411620201e-10,tumor_core
638,8478.0,7859.0,other,0.5599601805953028,-0.0833749868039757,-0.5029239654541016,4.1036491816001134e-10,other
639,13331.0,6336.0,other,0.4064515224467759,-0.0154900024818486,0.0688844272068568,1.0081760065754457e-11,other
640,18412.0,13322.0,other,0.5868759927905074,-0.0836604201691198,-0.3339661543709892,1.0309452381250991e-10,other
641,3060.0,14949.0,stroma,0.2545976341627931,0.5193431961502251,0.8893886729649134,1.0179650994250802e-09,stroma
642,3574.0,19903.0,other,0.2356080976908638,-0.1789297374194877,-0.2509390476771763,5.7747077231330416e-11,other
643,15196.0,10213.0,stroma,0.5219003264993173,0.2220502599945724,0.3176172910417829,1.420653183366065e-10,stroma
644,12509.0,9271.0,tumor_core,0.726299527278911,-0.1743081558741266,-0.269381935937064,1.3201031317888764e-10,tumor_core
645,13584.0,9586.0,other,0.5875010554422468,-0.1787806755961866,-0.272827685219901,1.3807617965209911e-11,other
646,11986.0,6175.0,immune,0.4175643061402888,0.1235759984114791,0.0474222918919154,1.2175141107889107e-10,immune
647,13854.0,9433.0,tumor_core,0.6951599614846511,-0.1822198771345922,-0.3543120585169111,7.081569627769299e-12,tumor_core
648,13304.0,11905.0,other,0.3242213028846513,-0.2352755479194373,-0.1244653742653982,1.175866322897042e-10,other
649,7922.0,11570.0,other,0.2827954895772961,-0.0807519046146753,0.0291466454097202,6.943415624315757e-12,other
650,8463.0,10953.0,stroma,0.4718323631688938,-0.0817556946530383,0.1837756374904087,2.9641247911230496e-11,stroma
651,13811.0,18405.0,stroma,0.5443490907078393,-0.1362449497753023,0.339543947492327,1.5827536735329173e-11,stroma
652,7884.0,19305.0,other,0.1806306336092926,-0.2642761492797502,-0.2410136958530971,3.5483893720939094e-11,other
653,15717.0,13928.0,other,0.4897684154894528,-0.0565124634429172,-0.3934699187959943,4.785136471492807e-11,other
654,7088.0,16980.0,stroma,-0.5075092187663853,0.0312158065743979,1.019410890851702,1.1689447715648864e-09,stroma
655,10923.0,3385.0,other,0.2157699625192644,-0.0326146076094455,-0.1333859266553606,3.54212389179207e-11,other
656,18718.0,5743.0,stroma,0.2378526543153669,0.0028010798047128,0.0968365887233189,9.244206282163215e-11,stroma
657,17315.0,17339.0,other,0.6431455657900464,-0.2163187332856962,-0.2881948825291225,4.4777014698007736e-10,other
658,4398.0,16658.0,other,0.4424287310496959,-0.2874080144231845,-0.4388941192626953,1.9040150309175775e-11,other
659,16531.0,12540.0,stroma,0.6039824426345606,-0.1029667690780579,0.2193613815307617,7.333661844523896e-10,stroma
660,17846.0,18889.0,immune,0.627282259676852,0.7288957878648381,0.6260647092546736,1.179442622624749e-09,immune
661,6029.0,13262.0,other,0.3226951912745534,-0.104972854897081,-0.1438612529209681,1.2189390393528684e-11,other
662,14610.0,20111.0,other,0.4932317825200345,-0.1536408908729225,-0.0443790871756418,2.0106513011309547e-10,other
663,6074.0,3980.0,tumor_core,0.8117246152341994,-0.2357405085959885,-0.1072104481288364,4.477777494455451e-11,tumor_core
664,9507.0,17765.0,stroma,0.4123636933323977,0.214731602579953,0.277010519845145,3.0002193746607103e-10,stroma
665,18145.0,12857.0,tumor_core,1.0043463226932807,-0.1527477060698164,-0.3771404119900294,2.2862264360269115e-10,tumor_core
666,8718.0,13894.0,other,0.576091570685031,-0.0855405893400951,-0.4702587890625,3.4248578104216073e-12,other
667,5771.0,10940.0,stroma,0.5672840985218607,-0.2292327445566142,0.1428844533647809,1.0355130924007392e-10,stroma
668,8742.0,8944.0,other,0.2422641743178107,-0.168322009480102,-0.211433003289359,8.796922869079085e-11,other
669,9771.0,18850.0,stroma,0.2138245263469985,0.0132911512708254,0.8225604793003627,1.5493888530346016e-10,stroma
670,8685.0,20701.0,other,0.5663527066275578,-0.1961507156790156,-0.3640529986790248,6.87987896669916e-11,other
671,7664.0,9248.0,stroma,0.4334569402531947,0.0415649866647911,0.5116137477329799,4.549629780192036e-12,stroma
672,6040.0,11096.0,stroma,0.3705310958686749,-0.0593600159559004,0.1198363658360072,1.0029153790357948e-10,stroma
673,15751.0,6812.0,other,0.408332061218964,-0.129177162546483,0.0478660501752581,1.9855917754771356e-11,other
674,14631.0,15779.0,tumor_core,0.6699612270951386,-0.235213823403021,-0.2199464184897286,3.703488909373875e-11,tumor_core
675,8480.0,7550.0,stroma,0.3400669568794228,0.2949219040337811,0.6142199952261789,9.009111111315708e-11,stroma
676,12992.0,20722.0,tumor_core,0.6830162393966777,-0.2100238423036641,-0.3674587420054844,1.4227483449566462e-10,tumor_core
677,6043.0,10478.0,other,0.4631002326482552,-0.173927050799046,0.0560170813969203,1.3075789056669424e-11,other
678,13583.0,9895.0,immune,0.4949530942556613,0.126170996950144,-0.0814280605316162,8.501243712437148e-11,immune
679,7156.0,3057.0,stroma,0.6145381726331702,-0.0765220754296868,0.1780989156450543,5.7747426583364094e-11,stroma
680,9011.0,9100.0,other,0.6088427400086094,-0.288561146033869,-0.2890300648553031,9.318748671114135e-11,other
681,8457.0,12191.0,other,0.4379719563207142,-0.2494840682150641,-0.3726390906742641,3.5089097471506514e-11,other
682,5735.0,18366.0,other,0.4211715193517142,-0.2065025529154392,-0.2244513007572719,7.665393146073058e-12,other
683,13283.0,16237.0,other,0.4979059524755578,-0.277571391367639,-0.2976649727140154,3.648641084103781e-11,other
684,10065.0,13746.0,other,0.51568010555132,-0.026535505765147,-0.1832386398315429,7.262787981416333e-11,other
685,6829.0,14968.0,immune,0.1429331757535412,0.1701558097385745,-0.1688712569645473,6.954699321734549e-11,immune
686,5194.0,18982.0,stroma,0.3995722677426507,0.0916318254689432,0.1914553751264299,1.1046787252359072e-10,stroma
687,11144.0,13132.0,other,0.438557749169442,-0.0772689419523692,-0.3774928082738604,6.278813088135261e-11,other
688,14619.0,18254.0,stroma,0.6150785310842162,0.1335398842577947,0.4780963134765625,2.2201282457034286e-10,stroma
689,7408.0,6617.0,stroma,0.523806219933017,0.3373878956865786,0.8321470696585518,5.973163750733015e-10,stroma
690,17870.0,13939.0,tumor_core,0.7177241353723482,-0.2773037667260812,-0.4811185836791992,8.648652336014023e-11,tumor_core
691,16766.0,19503.0,tumor_core,0.934629912115812,-0.0837694421453257,-0.2016590636117117,1.0463540436485119e-10,tumor_core
692,2229.0,19741.0,other,0.1666812334398981,-0.1760505427390251,-0.1401505088806152,2.806200104181452e-11,other
693,11915.0,20717.0,tumor_core,1.0479957072183934,-0.2371017762104897,-0.1700631291525705,2.784608103026968e-10,tumor_core
694,11417.0,12360.0,other,0.648640204710334,-0.1789146143206552,-0.1395606967381069,5.2602060422598657e-11,other
695,6832.0,14349.0,immune,0.4152193567782555,0.0067905961271684,-0.2546065085274832,7.476895608671799e-12,immune
696,8999.0,11575.0,stroma,0.6492387756976733,0.0904446187880114,0.6310399464198522,4.2757601649252545e-11,stroma
697,10653.0,3538.0,other,0.2534152718541264,-0.018280632601768,-0.4207368850708007,1.3218518568033611e-10,other
698,4129.0,16502.0,other,0.362238937919229,-0.2604151072679754,-0.3803579364504133,1.1143273814311227e-11,other
699,2787.0,15722.0,other,0.3287890627194457,-0.2501037510213332,-0.2235269314902169,7.139818220491496e-11,other
700,13821.0,16239.0,stroma,0.4851321218569234,0.000148404635126,0.2053028433663504,5.445699536948425e-11,stroma
701,18986.0,5899.0,other,0.3841928576234431,-0.1826773620181234,-0.188857398714338,3.405323922442421e-11,other
702,13826.0,15311.0,other,0.5815217510965847,-0.2396673145130234,-0.1585466602870396,7.648830627302133e-12,other
703,3304.0,20056.0,tumor_core,0.7050930463913418,-0.1859801361246573,-0.4475420890535627,1.955339262939496e-10,tumor_core
704,10306.0,19471.0,stroma,0.0640982667186002,-0.0069897846881844,0.5564155278887066,1.0912697448740295e-10,stroma
705,18920.0,19513.0,other,0.456509678384373,-0.2116916804523727,-0.2588652420043945,8.07670361270047e-11,other
706,6619.0,2745.0,stroma,0.202331776586955,-0.2393805604951087,0.0868764277866908,3.4186510538459445e-11,stroma
707,14142.0,5566.0,tumor_core,0.758887751790501,-0.2616771053106532,-0.2919508525303431,1.0657046039992059e-10,tumor_core
708,7925.0,10951.0,other,0.2621687018631289,-0.2858377363756939,-0.2809841537475586,1.8248109022807104e-10,other
709,14375.0,13148.0,tumor_core,0.6795639447717858,-0.0462671578101237,0.4094883946010044,1.5897806389897276e-11,tumor_core
710,5792.0,6609.0,immune,0.4023767276555442,0.0804292076296656,0.0307723712921142,8.526055375211909e-11,immune
711,6077.0,3361.0,tumor_core,0.6555057893206266,-0.2029962621650586,-0.23947984286717,9.687870884555027e-12,tumor_core
712,10918.0,4313.0,other,0.2554857504562129,-0.1695370857942753,-0.0654091617039271,2.580983110451835e-10,other
713,2237.0,18194.0,stroma,0.0860457274052006,0.0277365982361714,0.2796895272391183,2.2382935012052615e-11,stroma
714,13307.0,11286.0,other,0.3017593714786284,-0.1225339598676195,-0.0407743235996791,3.4883735396431386e-11,other
715,6890.0,2282.0,other,0.5342647418994116,-0.2281784665020967,0.0644161932809012,1.2846286781763732e-10,other
716,7649.0,12342.0,other,0.3013660900887684,-0.1115330592182099,0.014792616707938,4.8276748418975986e-11,other
717,7908.0,14354.0,other,0.2216759052624066,-0.0885997990140942,-0.275259211403983,3.346086413849137e-11,other
718,5495.0,12331.0,tumor_core,0.6697442346428408,-0.2539415769385745,0.3082096372331891,2.6028550132730073e-11,tumor_core
719,4672.0,15576.0,tumor_core,0.7224374215189127,-0.2078992344844648,0.2897053146362304,4.519886970749437e-09,tumor_core
720,15154.0,18876.0,other,0.3973975734765556,-0.0481279490670365,-0.0320700359344482,2.8532875503162567e-10,other
721,14608.0,20420.0,other,0.4075457357148767,-0.0050927777174208,-0.1921556881495884,2.7484533058984596e-11,other
722,6800.0,20846.0,immune,0.5143929625060393,0.154643987430884,-0.2053956685747419,5.221650077297849e-10,immune
723,12521.0,6796.0,other,0.6267534532117248,-0.1051323883086016,-0.3051413113730293,5.6495485769971674e-11,other
724,6589.0,8933.0,stroma,0.245276209263422,0.1394520067212233,0.5755642972673689,5.858437611694964e-11,stroma
725,7623.0,17602.0,stroma,-0.1825079965911455,-0.1402861849540967,0.1371900258745465,2.32084078930608e-10,stroma
726,8427.0,18379.0,stroma,0.0572720415183019,-0.0161556026399306,0.0851625660487583,1.1029559328925275e-11,stroma
727,6854.0,9708.0,other,0.3201251171693592,-0.0421201687487626,-0.0409584835597446,2.0703953721674257e-12,other
728,11683.0,13135.0,other,0.5487577222566248,-0.0911513952949327,-0.4465345604079109,1.458874076847139e-11,other
729,6563.0,14193.0,immune,0.0934344220367168,0.0098393347680056,-0.2325880813598633,8.07360316442582e-12,immune
730,10573.0,19937.0,other,0.4831219615552249,-0.1644108759981171,-0.1951703207833425,5.5451318278241326e-11,other
731,3615.0,11549.0,other,0.3572216006504838,-0.097850753917735,-0.4090404118810381,9.218053618451376e-12,other
732,7389.0,10329.0,other,0.485247488561321,-0.1591613722436749,0.0702796009608677,1.8244222314191528e-11,other
733,17314.0,17649.0,tumor_core,1.0713110692434775,-0.0226006036501559,-0.2785302352905273,5.173583321709544e-10,tumor_core
734,16799.0,12696.0,stroma,0.1620426411139542,0.252477581828918,1.489757592337472,2.2924626539451343e-09,stroma
735,7086.0,17290.0,tumor_core,0.6597343766677871,-0.2634254072320495,-0.2804965100969587,6.204037898243281e-10,tumor_core
736,9026.0,6006.0,other,0.4373329085791671,-0.2930836499932844,-0.3141059146608625,1.5407126775450408e-11,other
737,14114.0,11445.0,other,0.5415672963326181,-0.0421370904903357,-0.0327660737718855,9.474463504855816e-11,other
738,18130.0,15951.0,tumor_core,0.8935544643969,-0.0485137304808827,0.342108895438058,6.955527653946595e-11,tumor_core
739,8757.0,5850.0,other,0.5337675017798507,-0.1294271115928802,-0.0561225645882742,3.534965704362032e-11,other
740,5734.0,18675.0,other,0.5524281915973726,-0.2291291636177325,-0.3429578835623604,4.238985262469195e-11,other
741,7938.0,8166.0,immune,0.0522790746057936,0.0723163158470033,-0.1137688091823032,3.8347128534169793e-10,immune
742,4450.0,5829.0,other,0.4405397340183862,-0.2127404067782754,-0.2332615906851632,1.1412314656109116e-11,other
743,11447.0,6172.0,stroma,0.5951892367259652,0.4661618901528738,0.9122157778058732,4.714710903307463e-10,stroma
744,12999.0,19175.0,stroma,0.3816141355300567,-0.1059110414845212,0.5088205528259278,3.5743139082829833e-12,stroma
745,4699.0,10007.0,other,0.451585172578221,-0.1652675711878049,-0.3827162296431405,1.6654772596321958e-11,other
746,3327.0,15415.0,stroma,0.0634864521849533,0.2967593010653739,0.8977760805402483,8.54548879385796e-11,stroma
747,4134.0,15574.0,other,0.4165848378138482,-0.197354244361805,-0.2879237801688058,4.856418019564528e-09,other
748,10084.0,9724.0,stroma,0.0103235455053078,2.7060935695405464e-05,0.7609764589582171,6.765964571237351e-10,stroma
749,7074.0,19765.0,other,0.144219897737439,-0.0576567249772883,-0.1687373154503958,1.4690720853464832e-10,other
750,3876.0,13252.0,stroma,0.6471331734442415,-0.0320062727419216,0.4708767836434501,6.798825154159951e-11,stroma
751,4990.0,5522.0,other,0.5369231053989663,-0.2698988381634469,0.0361774771554129,2.498342919027632e-10,other
752,10585.0,17461.0,stroma,0.438173010616723,-0.2462828131045687,0.2788713182721819,2.7681198409530057e-12,stroma
753,15430.0,17485.0,tumor_core,0.7492020845641798,-0.2564087132669793,0.176104063306536,1.357536713864293e-09,tumor_core
754,11166.0,8801.0,tumor_core,0.66039682143258,0.0640415108647934,0.2187503324236188,1.7964511351009286e-11,tumor_core
755,16236.0,17953.0,other,0.618780342753073,-0.1281058729805031,0.0029575974600655,3.7673985816801813e-11,other
756,4968.0,10163.0,other,0.496974735680614,-0.0901043520957488,-0.024921635219029,4.4026776358100655e-11,other
757,3844.0,19749.0,immune,0.3422251200287363,0.2329683624912469,0.0095063781738281,1.2026762893239676e-10,immune
758,11120.0,18083.0,other,0.2669633100039664,-0.1373230138190496,-0.0874817085266113,3.5415821740798384e-11,other
759,5750.0,15272.0,stroma,0.2648193660198442,-0.0227376849398571,0.1674808175223214,7.500145899125767e-11,stroma
760,4656.0,18980.0,other,0.2280896174027615,-0.2449476356834258,-0.1376558549063546,2.1537319358681997e-11,other
761,5506.0,10166.0,stroma,0.2660862642875226,-0.2176967887021067,0.578840879712786,5.617478088576075e-12,stroma
762,9823.0,8021.0,stroma,0.5236858137501966,0.2440661928032052,0.7341115897042412,5.0137155963396134e-11,stroma
763,10038.0,19315.0,stroma,0.3109205475475278,0.0464617508359488,0.4287478746686663,5.6591395612625845e-11,stroma
764,5486.0,14188.0,stroma,0.6429128848009118,-0.0845612354555239,0.1167605645315987,1.1513908504132647e-10,stroma
765,16555.0,7589.0,other,0.4427061327808997,-0.1454088539739051,-0.3165219994953701,1.922062842041592e-10,other
766,16020.0,6968.0,stroma,0.5764971830929457,-0.0352265838651056,0.430268633706229,7.274017322895472e-12,stroma
767,12481.0,15150.0,other,0.5316835931026352,-0.1911729243090296,-0.2353658703395298,1.1908549442955296e-12,other
768,6838.0,13111.0,immune,0.2158316678991712,0.0952430343559614,-0.4087446924618312,2.6822286346504397e-11,immune
769,14393.0,9435.0,stroma,0.626800480419243,-0.2181070249068702,0.416108112335205,5.46359696473697e-11,stroma
770,9822.0,8330.0,other,0.4491617965332499,-0.0703829152023894,-0.1480159255436489,8.256993005147506e-12,other
771,2795.0,14175.0,tumor_core,0.8086405778776995,-0.1791991521217419,-0.4732265090942383,4.117918874666018e-11,tumor_core
772,4944.0,15113.0,stroma,0.2659409670221725,-0.1292535410740314,0.3858979415893554,1.8619711038515983e-09,stroma
773,4681.0,13720.0,tumor_core,0.6756525707153438,0.1186849403176403,-0.4076968710763113,6.70193575163131e-11,tumor_core
774,13806.0,19333.0,other,0.4927151438602437,-0.0918662644132843,-0.2086878687994821,6.7306390599888185e-12,other
775,16828.0,6817.0,stroma,0.4311763031027803,-0.1158556120101906,0.5305287006923131,2.119923258701244e-11,stroma
776,13602.0,5873.0,stroma,0.6142128019067721,-0.0844142344756249,0.1369681222098214,1.4415224756286603e-11,stroma
777,13850.0,10361.0,stroma,0.2462042312951238,0.0277248009569665,0.1552499089922223,3.6186600534674085e-11,stroma
778,7611.0,20077.0,other,0.5783309104458598,-0.2155002495620858,-0.2300244106565203,1.4153414853436136e-10,other
779,5226.0,12485.0,other,0.5389550145954779,-0.1587124559761459,-0.1377200303758893,3.381435822089379e-12,other
780,18110.0,19973.0,tumor_core,0.8260039688871096,0.0944578719344043,-0.4003423966680254,1.6540052449476636e-10,tumor_core
781,18119.0,18117.0,stroma,0.3521602530950325,0.3451702195115622,0.7726355688912528,3.805421198243754e-10,stroma
782,8414.0,21164.0,other,-0.0808730660326071,-0.1407486363007209,-0.2415344149725778,1.4904274192841176e-10,other
783,7123.0,9864.0,other,0.3187983257772824,-0.1083509707263001,0.0594009494781493,5.878909943228855e-12,other
784,6593.0,8005.0,other,0.0105981863356504,-0.1685899273841975,-0.4286926170757839,6.893442719534965e-10,other
785,16496.0,19656.0,tumor_core,0.7475854950463212,-0.1183614982745708,0.2457595607212611,8.671935231123252e-11,tumor_core
786,5755.0,14344.0,immune,0.46025013626479,0.0659136213682442,0.0370538084847587,8.437581447094374e-11,immune
787,2789.0,15412.0,other,0.048221974450584,-0.0725689349338454,-0.2591045243399483,7.559203085328062e-10,other
788,6587.0,9243.0,other,0.2457761161050768,-0.1766232019423755,-0.1755978087016514,5.410632201990398e-11,other
789,17617.0,10689.0,immune,0.5451163395253489,0.1338463882491377,-0.0963890974862234,4.2873568676860894e-11,immune
790,4168.0,8457.0,tumor_core,0.7448638786176935,0.1123413213002988,-0.2302214023045131,7.481136854888216e-11,tumor_core
791,14103.0,13611.0,stroma,0.3597762486392905,0.0478463786891674,0.3664083126613072,5.6289353203004076e-11,stroma
792,13823.0,15930.0,other,0.5412178624739239,-0.1308736070179324,-0.0301353304726736,1.5653667635697784e-11,other
793,10362.0,8023.0,other,0.3985411291040144,-0.0729774258027445,-0.1866787324632917,3.5779079687522646e-11,other
794,6572.0,12337.0,other,0.3309033047318572,-0.1770675860580196,-0.2390801109586443,5.076847599707771e-11,other
795,16258.0,13312.0,other,0.3431773766346654,-0.1410256814222281,-0.3241971274784633,2.1676916231033054e-10,other
796,12493.0,12675.0,tumor_core,0.8398283430851089,-0.195874624936321,-0.238350338254656,1.3188320851841483e-10,tumor_core
797,10846.0,19164.0,stroma,0.3043551220989867,-0.0966417993122663,0.4005067689078194,5.2055518638360685e-11,stroma
798,3351.0,10464.0,immune,0.4528939305650193,0.1619749926564345,0.0178156403132846,7.197718577379695e-11,immune
799,12473.0,16697.0,stroma,0.2313329083121749,-0.1680564614583906,0.4405334145682198,3.646478393807156e-11,stroma
800,8720.0,13585.0,stroma,0.4847806526396213,0.1395921842075009,0.4710533932277134,8.220473681583439e-11,stroma
801,13530.0,20724.0,other,0.3435981376516281,-0.0643650651148875,-0.2945185538700648,3.4178364672795175e-11,other
802,3043.0,18353.0,other,0.2154704356353555,-0.2083582693235922,-0.238063383102417,2.8391549792277004e-12,other
803,16282.0,8361.0,other,0.5601952443986931,-0.2912148636869851,-0.0624643802642822,4.919386569255357e-10,other
804,4941.0,15732.0,stroma,0.1469243955749336,-0.0259921371424437,1.0941893332345145,1.8095165156784894e-09,stroma
805,5527.0,5834.0,other,-0.0555948253331682,-0.2135846812950506,0.0685720116751534,1.7094198291538647e-10,other
806,16251.0,14859.0,other,0.5759784272395981,-0.2537640851834271,-0.4662009811401367,1.035812513301466e-10,other
807,4131.0,16192.0,other,0.323156560713127,-0.0024691616908185,-0.319563456262861,4.953729186712093e-11,other
808,9249.0,15444.0,immune,0.4857848177477361,0.0899139062039831,0.0088824926103864,1.9103553237223855e-11,immune
809,3350.0,10774.0,stroma,0.2589436958071598,0.2398338338365527,0.2840819467817034,1.2087982542037466e-10,stroma
810,11650.0,19942.0,tumor_core,0.6680931436935528,-0.1799678577264947,0.1405198069981166,1.6433130823384734e-10,tumor_core
811,9534.0,12196.0,immune,0.5070534017604926,0.005799492399467,-0.1712877423422678,5.2669122648952066e-11,immune
812,11689.0,11897.0,tumor_core,0.6820399969216161,-0.3011696932992143,-0.2289038337979997,1.4374796918000642e-11,tumor_core
813,5461.0,19448.0,other,0.3057148893178938,-0.1863667396855217,-0.3409882123129708,6.832439478464991e-11,other
814,13044.0,9893.0,tumor_core,0.7099048051258061,0.06852273758298,-0.4268426346778869,1.1011555074155656e-10,tumor_core
815,16504.0,18109.0,other,0.5691566330131612,-0.1143266508265006,-0.3235815456935337,9.355203601249339e-11,other
816,14341.0,19955.0,tumor_core,0.7609631299743944,-0.0382152342352279,-0.1413050406319754,8.616256719462366e-11,tumor_core
817,8486.0,6312.0,other,0.4534824248814056,-0.1685104109026641,-0.5194956970214843,3.782415803539156e-11,other
818,10593.0,15914.0,other,0.5492101497412413,-0.2215228622891329,-0.0521059840066092,5.975254071839672e-12,other
819,3056.0,15878.0,stroma,0.4619522469612918,0.1018119608946037,0.2577893093654087,1.0916689453686707e-10,stroma
820,10077.0,11271.0,immune,0.332453370208594,0.0739363293593114,-0.0723939650399344,1.8474567344098468e-10,immune
821,7115.0,11411.0,other,0.3844291206059954,-0.2495726664633327,-0.2864537947518485,6.533769852775074e-11,other
822,17047.0,17183.0,tumor_core,1.0586696269985356,-0.0913524356134299,-0.2379591451372419,6.324719013108477e-10,tumor_core
823,17843.0,19508.0,tumor_core,1.0600890418369957,0.1029319057833499,-0.2544275242941721,5.18977823100197e-10,tumor_core
824,16226.0,19809.0,stroma,0.3714945062580639,0.5390764821566278,1.3674654987880164,2.542869985020792e-10,stroma
825,14373.0,13457.0,stroma,0.371214177670209,0.1545939684597332,0.6871393639700754,2.5852076117071324e-11,stroma
826,17063.0,13780.0,stroma,0.0659304995550519,-0.0262621870013567,0.3023527581351143,2.2220393803909732e-10,stroma
827,11957.0,12053.0,other,0.5090913489132348,-0.1513035946811167,0.0004821177891322,1.6628905648048846e-10,other
828,6554.0,16049.0,other,0.3698072520335591,-0.1692086081620957,-0.314809843472072,1.6330760330125526e-11,other
829,13539.0,18868.0,stroma,0.2126989840089647,-0.1817361057487804,0.0937035942077637,1.008758698310415e-10,stroma
830,4692.0,11554.0,other,0.4967072149479721,-0.1608162817990882,-0.219438909803118,7.552019547232369e-11,other
831,11119.0,18392.0,other,0.4119544495557893,-0.194841474209269,-0.1606209387098039,2.0897264494040068e-11,other
832,6320.0,8777.0,other,0.4538587504356728,-0.2042276637046931,-0.1109365436008998,2.9429516300288496e-11,other
833,7095.0,15433.0,stroma,0.2261902063027782,0.0322122262166359,0.1142824772426059,2.742843309412103e-11,stroma
834,16014.0,8205.0,stroma,0.2735310295741372,0.2106955181220199,0.4358961023603167,3.982601659486888e-10,stroma
835,16790.0,14552.0,other,0.5084466755904492,-0.3220973411057262,-0.3476582544190543,1.3770119088296599e-10,other
836,3900.0,8301.0,stroma,0.3982004492989208,-0.1258518583111913,0.2041424669538225,1.6475746862163626e-11,stroma
837,4405.0,15111.0,stroma,0.3719274597680009,0.2360406044902637,2.003103141784668,8.19887881301822e-10,stroma
838,9000.0,11265.0,other,0.5223946406765844,-0.1705415856231932,-0.0846463162558419,4.5224163971438616e-11,other
839,4149.0,12479.0,immune,0.4032579423825785,0.1858019024389862,-0.0814151423318045,1.991086679614135e-11,immune
840,6005.0,18213.0,other,0.3994010393137214,-0.1809783125974046,-0.3723688476426261,2.7955219161949336e-11,other
841,3591.0,16499.0,stroma,0.2260643784403229,0.0296159627444423,0.2335554068429129,1.3309819075773238e-11,stroma
842,15696.0,18260.0,tumor_core,0.6903367147692554,-0.1249595730856359,0.4612165941510882,8.758536485327992e-09,tumor_core
843,16015.0,7896.0,immune,0.5617059175485848,0.0502168908501764,0.0447169589996337,5.08797016256795e-11,immune
844,14406.0,6651.0,stroma,0.4749565115368148,0.0267067259567173,0.2617681149074009,4.9898501091945265e-11,stroma
845,6334.0,5993.0,tumor_core,0.7290295338470664,-0.0002394768604234,0.1799273518153599,9.297456875192587e-11,tumor_core
846,7106.0,13267.0,other,0.2009572836490971,-0.0897990978378962,-0.1848437322889055,2.3274026177207014e-11,other
847,6569.0,12955.0,other,0.2746903098555333,-0.1862708177513584,-0.2401365716116768,2.5034235620847823e-11,other
848,8174.0,15129.0,stroma,0.4514876042893611,-0.1416743677803302,0.3576687049865722,1.885357444395357e-12,stroma
849,13274.0,18093.0,other,0.3110861842264265,-0.0052204325069329,-0.1047137096949986,1.5383078914163464e-11,other
850,10638.0,6632.0,other,0.3785664932382644,-0.2617403921220227,-0.2270106043134416,3.3675579017460035e-10,other
851,3312.0,18509.0,other,0.2378217645939564,-0.0719833564023916,-0.2033257913589477,2.1873129576829697e-11,other
852,8183.0,13273.0,stroma,0.4585495406577823,-0.0423397385117659,0.2991520254952567,3.032452823364819e-11,stroma
853,10089.0,8795.0,other,0.5557415391660492,-0.1092363343197841,-0.117156137738909,3.2762278074871234e-11,other
854,13008.0,17318.0,stroma,0.3552253326313608,-0.0006992705913532,0.4431442587716239,9.442888589369627e-11,stroma
855,7875.0,21161.0,other,0.3442726423276351,-0.2607326562220182,-0.4130762100219726,7.260323434316896e-11,other
856,5737.0,18057.0,other,0.4876528458307253,-0.1929272845558245,-0.4916117477416992,7.469757790398525e-11,other
857,10113.0,3845.0,other,0.5075678679081304,-0.0276335849717558,-0.1067018181937081,7.401943550521519e-11,other
858,18378.0,20129.0,tumor_core,0.7203798138626698,-0.0397391149341889,-0.1415816470554897,3.0571456603926386e-11,tumor_core
859,14939.0,7891.0,other,0.5616609165561051,-0.0509424473033593,-0.4013039016723633,4.366673386677452e-11,other
860,3589.0,16808.0,other,0.3660721106817258,-0.0018636510843533,-0.0613776506696429,2.3623002024605333e-11,other
861,11675.0,14682.0,tumor_core,0.6775670129295048,0.1791556544153601,-0.1147736058916364,2.966912037929071e-10,tumor_core
862,16513.0,16253.0,other,0.3086957158886918,-0.1270223420679057,-0.3415260985919407,9.626664094979788e-11,other
863,11159.0,10038.0,stroma,0.1550392962827892,-0.0097907362318995,0.5043426677158901,1.8672047407985638e-10,stroma
864,17578.0,18733.0,stroma,0.3269420826766543,0.2843181429414831,1.7335139029366626,3.2209021120232855e-10,stroma
865,3066.0,13712.0,tumor_core,0.8678236684314584,-0.2548024087375761,0.2332151140485491,7.087230044259885e-10,tumor_core
866,12232.0,10972.0,other,0.4451334030721926,-0.0429008084757621,-0.5149393081665039,1.273452696619961e-10,other
867,4684.0,13101.0,other,0.4065287225198426,-0.2156714940054027,-0.3420307752064296,1.2493787634030508e-10,other
868,16824.0,7745.0,tumor_core,0.8233975705798725,-0.2290451793069484,-0.2392054946081978,5.6102251037211986e-11,tumor_core
869,5749.0,15581.0,other,0.504846069065288,-0.0772633214393113,0.0672697339739117,8.629595260067848e-11,other
870,14642.0,13613.0,stroma,0.6484230257292151,0.124813030220376,0.486620284489223,8.295092946716732e-11,stroma
871,11188.0,4160.0,other,0.2585517210334053,-0.1430031975950074,-0.0261395250047956,1.0880994147336507e-10,other
872,17582.0,17805.0,tumor_core,0.9827345366217376,0.0931755379482804,-0.3261240693501064,2.6655577150255987e-10,tumor_core
873,6859.0,8780.0,other,0.3097209290370045,-0.1761254643898638,-0.0558095795767648,1.2289609650487375e-11,other
874,10893.0,9573.0,stroma,0.425050286524362,-0.0378652139003775,0.1317293793814522,4.169139880306448e-11,stroma
875,7406.0,6926.0,other,0.5806115119363522,-0.2360266436820043,-0.0816171932220459,2.2062733869366546e-10,other
876,5535.0,4287.0,other,0.6371332920180528,-0.127677215119146,-0.3107881804874964,8.85400045453558e-12,other
877,15979.0,15322.0,stroma,0.3267019661366653,0.4114060231129556,1.5681388528006417,1.2112855167528587e-08,stroma
878,16498.0,19347.0,tumor_core,0.7983556676116681,-0.2969362756242725,-0.3612106718335833,1.6962374651317723e-10,tumor_core
879,16005.0,10062.0,immune,0.5408881512950046,0.1092908914417113,-0.0980748340061732,2.992787892298246e-11,immune
880,10047.0,17459.0,other,0.5381012484074096,-0.2998686957154369,-0.2559037235804966,9.783722274950976e-11,other
881,15198.0,9903.0,other,0.6264415258186319,-0.2223718552970271,-0.367482944556645,1.195108041813687e-11,other
882,15462.0,10987.0,other,0.5237534464491409,-0.1248791358276219,-0.2963957418714251,6.623188421462467e-11,other
883,8723.0,12966.0,stroma,0.5395767485306795,0.0636496787255677,0.5344472721644811,6.746766449605827e-11,stroma
884,16276.0,9599.0,other,0.6450587608213049,-0.0763873186357383,-0.3139593717030117,4.792425076358587e-11,other
885,4147.0,12789.0,other,0.2503012787918574,-0.0025135657848806,-0.1707626615251813,2.506078201617261e-10,other
886,19466.0,17969.0,tumor_core,0.7305251895981347,0.0451451903769484,-0.1248137065342495,2.7921671194837974e-09,tumor_core
887,8741.0,9253.0,stroma,0.3910123024096539,-0.046989243659044,0.1966589382716587,2.1748676288665184e-11,stroma
888,7617.0,18839.0,other,0.1729289198424649,-0.1735737695649565,-0.0222280434199741,9.42950814530106e-12,other
889,9255.0,14206.0,other,0.6252698495998363,-0.242349423414742,-0.3198000832966395,1.0953334059156328e-10,other
890,15160.0,17638.0,tumor_core,0.6722009508858935,0.0278282760719856,-0.1229605620247977,1.9141886261144604e-10,tumor_core
891,4674.0,15267.0,tumor_core,0.6889610071081671,0.2644035016909711,0.5029305730547224,1.0057609499084643e-09,tumor_core
892,7910.0,14045.0,other,0.5447105017284419,-0.1043349868247023,-0.1069150747571672,1.2470687390012879e-11,other
893,5743.0,16819.0,other,0.2663824066791186,-0.1689786504964773,-0.4362829235621861,4.4343135780140505e-11,other
894,16011.0,8824.0,tumor_core,0.8601693265847254,0.2179951692549752,-0.2589043760299682,4.4129033044189286e-10,tumor_core
895,10615.0,11273.0,other,0.3351395420465807,-0.0808295193408485,-0.1417477880205427,6.595000392774663e-11,other
896,9246.0,16062.0,other,0.5454087385395229,-0.313678009120646,-0.2969397640228272,1.176973194173581e-11,other
897,5514.0,8619.0,other,0.5460836926219791,-0.0121560378539186,-0.3515428464753287,7.315670474956103e-11,other
898,14681.0,5569.0,other,0.3438253407281745,-0.0773988914353116,-0.130991905757359,1.4159942509825576e-11,other
899,10369.0,6476.0,tumor_core,0.7256527788229894,-0.1884517452778311,-0.4555516052246093,1.2900022315725932e-11,tumor_core
900,5212.0,15269.0,stroma,0.0201185567952756,0.2632379687276474,1.3439979662214006,9.871449684747396e-09,stroma
901,13575.0,11442.0,stroma,0.4584415153254713,-0.1515201991130424,0.531734902518136,3.909746876650155e-11,stroma
902,12242.0,8806.0,other,0.0411257382664447,-0.276058688887894,-0.0424173436846052,3.3114874079509667e-10,other
903,16830.0,6508.0,tumor_core,0.8255463862579141,-0.0880545906316926,0.0920246873583112,3.4907696224241276e-10,tumor_core
904,14911.0,13460.0,immune,0.4229894164424614,0.0107403010727682,-0.0080852535792759,6.635845785617535e-11,immune
905,6815.0,17752.0,immune,-0.1784528376157765,0.0492188065475584,-0.0579742622375488,7.291337778928483e-10,immune
906,7411.0,5998.0,tumor_core,0.8124881087876463,-0.1251389664787276,0.1816784477233886,1.496953431554184e-10,tumor_core
907,7083.0,17908.0,immune,0.351160394151053,0.093501509260653,-0.1992904186248779,9.962457718782996e-11,immune
908,14684.0,4950.0,other,0.5329252107717162,-0.0727241754873434,-0.0916606685093471,3.137417284223442e-12,other
909,6352.0,2280.0,tumor_core,0.7332256606075472,-0.1808602989659268,-0.4733673095703125,5.1300237872081706e-12,tumor_core
910,8438.0,16213.0,immune,0.3652142911492235,0.123750147727294,0.0362242180960518,3.445973622075479e-10,immune
911,8432.0,17451.0,other,0.4997151087708807,-0.1328669317216108,-0.4328270261628287,1.9778405088451388e-11,other
912,13032.0,12368.0,immune,0.4134446059068806,0.003557544639254,-0.4444161987304687,9.61596798814932e-11,immune
913,8444.0,14976.0,other,0.5115667427260489,-0.0937981939418268,0.0339955411638531,5.361323649745702e-12,other
914,6067.0,5527.0,tumor_core,0.8228031205993827,-0.282828956757029,-0.3072738988058907,1.9603118880189355e-10,tumor_core
915,5786.0,7846.0,immune,0.5859172524793265,0.0118678125064489,-0.2658411884307861,1.3546427520587647e-10,immune
916,15705.0,16403.0,tumor_core,0.7791222291619071,-0.2442867639754768,-0.1949749708175659,1.8675064742274024e-10,tumor_core
917,9544.0,10030.0,other,0.3770819172077416,-0.3008471600988874,-0.3926800308908735,2.3417911119939175e-10,other
918,8756.0,6159.0,other,0.442286211600811,-0.135502244391209,-0.1942412458147321,1.4656985631358374e-11,other
919,11396.0,16692.0,tumor_core,0.6824754859434222,-0.297475667259413,-0.4660767987796238,1.2045001640087054e-11,tumor_core
920,17335.0,13317.0,other,0.6168734640997413,-0.1100445424758944,-0.3493706423895699,2.440894627892427e-10,other
921,13072.0,4324.0,stroma,0.5902873338240333,-0.2667861544983435,0.1194575582231793,3.224819451950723e-10,stroma
922,5250.0,7534.0,immune,0.6180624902419825,0.0167389745186256,-0.3584067021097455,1.2826788373210492e-10,immune
923,18155.0,10691.0,tumor_core,0.7411486213296395,-0.2385459860792133,-0.2065394742148263,3.1951537126314104e-11,tumor_core
924,11713.0,6947.0,stroma,0.2994302519215833,0.2486125434025652,0.7785982840401786,3.26681721576516e-10,stroma
925,12227.0,11900.0,other,-0.1219141586172044,-0.0134951086303907,-0.1787860461643764,3.2491129330890456e-10,other
926,11431.0,9576.0,other,0.6359005632702251,-0.0725078092605132,-0.3403332996368408,3.702050056705037e-11,other
927,11651.0,19632.0,stroma,0.3458942594372758,0.3123946268442367,0.5046350724356514,2.465508918016373e-10,stroma
928,8759.0,5540.0,tumor_core,0.8797191874064283,-0.0944051889857453,-0.1960703795296804,6.387169426037617e-11,tumor_core
929,16281.0,8671.0,tumor_core,1.1596713390697797,0.0202302667165554,0.1337729290553501,5.11079811238059e-10,tumor_core
930,5756.0,14034.0,immune,0.0891905237821466,0.1226648399686403,-0.0781376484462192,1.5366357792366056e-10,immune
931,6857.0,9089.0,other,0.5075710073527758,-0.2104897431623628,0.0331531524658202,3.415208834678179e-11,other
932,19203.0,16575.0,stroma,0.0781408558641618,0.4829376843733911,2.262751944405692,4.705390781513682e-10,stroma
933,13866.0,6957.0,other,0.6407253803937112,-0.0817386929831737,-0.1459476334708078,6.081451422812021e-11,other
934,6545.0,17906.0,other,-0.0706106064303609,-0.1338672970120066,-0.3228120599474225,5.486793730046255e-10,other
935,13310.0,10668.0,other,0.3254191082253094,-0.226919534512099,-0.4987334823608398,9.517330776393587e-12,other
936,14679.0,5878.0,other,0.3280575597731973,-0.1330258728226481,-0.3520071503094264,5.2504495610337906e-11,other
937,4140.0,14336.0,tumor_core,0.8023738239321248,-0.0468901022201281,-0.3681543472834995,6.675321723077444e-11,tumor_core
938,5726.0,20222.0,other,0.268908740232912,-0.2605244546360136,-0.3228942772320339,1.6277736652676548e-11,other
939,5809.0,3205.0,tumor_core,0.7321160043074553,-0.0609763164318735,-0.0743959522247314,3.354843508609445e-11,tumor_core
940,4686.0,12792.0,other,0.4038745888356166,-0.0102728649674992,0.0171539551871163,4.6460777945442285e-11,other
941,15703.0,16713.0,tumor_core,0.8565409140070241,-0.2059287897879551,-0.3719230355535234,3.554210429734253e-10,tumor_core
942,5803.0,4443.0,tumor_core,0.7823474395766583,-0.2194180420271646,-0.0628388145991734,8.71865737292745e-12,tumor_core
943,16243.0,16406.0,tumor_core,1.0792028641083553,-0.2068677731819002,-0.4737184143066406,5.905217041614909e-11,tumor_core
944,5512.0,8928.0,stroma,0.1691996893512436,0.0840241987589095,0.3900321115766253,1.3637054834506128e-10,stroma
945,13038.0,11130.0,other,0.5299410239390651,-0.2965010066428635,-0.0356605012076242,1.558599228795303e-11,other
946,7959.0,3835.0,immune,0.2728191071251552,0.0492137077459291,0.0588720961979457,1.218478744065463e-10,immune
947,3307.0,19437.0,other,0.0877224770396919,-0.2479969669549717,-0.3979672585214887,2.2441718964264323e-11,other
948,6547.0,17596.0,other,0.1379850946245349,-0.1289578767594771,-0.3032330662863595,8.616584196462164e-11,other
949,9308.0,3377.0,other,0.3279885217075952,-0.0755775434239887,-0.3572554016113281,6.510569920169573e-12,other
950,11662.0,17467.0,tumor_core,0.6881715174717963,-0.1888776394861475,-0.2718152850014823,9.703362673191408e-12,tumor_core
951,4705.0,8769.0,immune,0.5764995851086975,0.3609543751850511,-0.4349539947509765,1.7909425137211462e-10,immune
952,3071.0,12784.0,tumor_core,0.7218211933841869,-0.216964328891056,-0.3795978590420314,8.935017899653163e-11,tumor_core
953,12464.0,18553.0,tumor_core,0.8587412619293593,-0.1706006995543709,0.057551371710641,3.7166674474582054e-11,tumor_core
954,17599.0,14401.0,other,0.5730006395341795,-0.0776267108910405,-0.2879834025246757,2.3029583921417902e-11,other
955,7377.0,12805.0,other,0.2006494950928143,-0.1141791582790691,-0.0243097482408796,2.9440527241679716e-11,other
956,13812.0,18096.0,other,0.4667148105478699,-0.2846772376992299,-0.2895222050803048,4.7414591576925566e-11,other
957,2516.0,16184.0,other,0.4185094714507618,-0.1930433830571892,-0.3265310883522033,1.0007680130436863e-11,other
958,3339.0,12940.0,tumor_core,0.8772771310486249,-0.0775041918785319,-0.0733516011919294,2.3416828215333985e-10,tumor_core
959,13335.0,5408.0,other,0.6370819234436562,-0.1590211265066633,-0.1902709627151489,3.4337322341598735e-11,other
960,8702.0,17297.0,other,0.4772392430218616,-0.2992655800543405,-0.2930773026602609,7.392060965517209e-11,other
961,5767.0,11869.0,other,0.5797591840317928,-0.2089454621652989,-0.1253257696969168,1.6589894139536753e-11,other
962,4962.0,11401.0,stroma,0.4359979926682615,0.0642164399084184,0.5409242085048132,3.750738338744204e-12,stroma
963,3313.0,18199.0,other,0.3856292072672858,-0.1711189641395749,-0.3818718753542219,2.5771249707231067e-11,other
964,16505.0,17800.0,other,0.369956713280536,-0.1698837329801652,-0.2713896342686244,6.748062424858712e-12,other
965,6310.0,10943.0,stroma,0.0419700321735151,0.0748424673490333,0.8037882014683313,1.5242830937403718e-10,stroma
966,16789.0,14862.0,other,0.6064496310079542,-0.238225889880541,-0.2960379035132272,6.929088095777739e-11,other
967,7365.0,15280.0,other,0.1950760472883771,-0.3014025100664286,-0.1234718213762555,8.984565989785475e-12,other
968,13835.0,13455.0,other,0.30783104416508,-0.2173639122813001,-0.3461303418023246,1.4023179699612335e-10,other
969,8726.0,12347.0,stroma,0.2945959369151042,-0.0682381201951756,0.1113482693263462,2.0198286946607897e-11,stroma
970,16245.0,16097.0,tumor_core,0.8361144902493558,-0.252541331643703,-0.3172648136956351,7.016940872934065e-11,tumor_core
971,5731.0,19294.0,stroma,0.2522838236844437,-0.0273520529782533,0.1182850183759416,2.4825541323125528e-11,stroma
972,14902.0,15316.0,stroma,0.565445499017849,-0.2094106103338963,0.2822509929112026,3.0326467195170625e-11,stroma
973,8956.0,20238.0,tumor_core,0.6665420084191649,-0.0373769279110397,-0.2596304498400007,9.196204071063522e-11,tumor_core
974,6842.0,12183.0,tumor_core,0.6729751524737789,-0.2916140843257521,-0.1681468868255615,8.697019554448807e-11,tumor_core
975,8736.0,10181.0,stroma,0.4836514327578668,0.0890477900006368,1.050085312979562,1.0664314242991219e-10,stroma
976,3072.0,12474.0,immune,0.3295758687181189,0.0842687426118932,0.029640313557216,6.731454398720234e-11,immune
977,10302.0,20399.0,other,0.2316080552390986,-0.1548580578755171,-0.1032624612535749,2.9066233475449683e-11,other
978,4993.0,4903.0,other,0.475047552688467,-0.2228660536316199,-0.1516535472869873,4.7705788744731186e-11,other
979,7878.0,20542.0,other,0.2876157230293076,-0.2652458912322036,-0.2908620766230991,1.2603849254246168e-10,other
980,11458.0,4006.0,other,0.4472921340371824,-0.0187506753001308,0.0276502990722656,1.0323151623507056e-11,other
981,8420.0,19926.0,other,-0.1330183286109112,-0.0131550495723598,-0.2761639056886945,4.111968595418226e-10,other
982,5265.0,4440.0,other,0.5175673579895371,-0.269613599367333,-0.3062589005061559,6.490543075866804e-12,other
983,8442.0,15285.0,other,0.5066785510640132,-0.3011586317701804,-0.456478316783905,9.09921347723856e-12,other
984,3065.0,14021.0,other,0.5367291949739392,-0.2357049411893915,-0.3160685004506792,6.5630428845441e-10,other
985,6064.0,6146.0,tumor_core,0.6807820419794304,-0.0263767152768493,-0.0909401157924106,1.0068638118276523e-10,tumor_core
986,15199.0,9594.0,tumor_core,0.7635899038122804,-0.2063979583773708,-0.5187162017822265,1.0838590199094926e-11,tumor_core
987,7662.0,9557.0,immune,0.3540097709355853,0.1390629427822408,0.0797811262948172,5.020789565958202e-11,immune
988,15420.0,19651.0,immune,0.482669127181758,0.0532884223754904,-0.2130344363621302,9.173511291027368e-11,immune
989,10093.0,7867.0,stroma,0.3763721814434458,0.0922312201094149,0.6635087394714356,3.433269781755458e-11,stroma
990,4393.0,17586.0,stroma,0.2595999458035024,-0.1968756155631262,0.094357133592878,1.1808652107165554e-11,stroma
991,15735.0,10215.0,other,0.4860514588689758,-0.1616617421963836,-0.2097281210763113,5.655898992110881e-12,other
992,7114.0,11720.0,other,0.3840434750111653,-0.266127119091657,-0.1725124372754778,1.1427971026455343e-10,other
993,10606.0,13130.0,tumor_core,0.8078939258652246,-0.1944934418771874,-0.4079025898660932,7.592473999928107e-11,tumor_core
994,5509.0,9547.0,other,0.3085314393157813,-0.0988402890954113,-0.0800373813084194,3.8666684190847685e-11,other
995,5539.0,3359.0,other,0.351465765604694,-0.1347633865381722,-0.3003268003463745,3.549568404044063e-11,other
996,10897.0,8645.0,other,0.4377081433055727,-0.2058264945759131,-0.2175432974951608,9.640303563106175e-11,other
997,5482.0,15116.0,other,0.4520037240515733,-0.1543874796533311,-0.2906421995162964,4.0729097010503134e-10,other
998,11699.0,9732.0,tumor_core,0.7563854941700013,-0.1096735901938468,-0.2311333703994751,3.477313286746871e-11,tumor_core
999,6821.0,16515.0,other,0.2352055337490766,-0.2840907580531429,-0.3099477025440761,6.368965224553724e-11,other
1000,7126.0,9245.0,stroma,0.1231020980461903,-0.1473125978493075,0.3864971215384346,4.2159628348999144e-11,stroma
1001,9519.0,15290.0,other,0.5836729930208376,-0.1660453063625319,0.0522289262499127,7.454051964364218e-12,other
1002,12238.0,9734.0,stroma,0.6037296851095052,-0.1638591626397518,0.0782366943359375,2.124063460084515e-11,stroma
1003,14628.0,16398.0,other,0.4413811979906442,-0.0564997630850291,-0.0018454578944614,1.5706954335051697e-11,other
1004,15685.0,20426.0,tumor_core,0.7733354403897192,-0.092806744882917,0.0115128721509661,5.6067514212447065e-11,tumor_core
1005,15744.0,8359.0,stroma,0.4602905878741812,-0.1504311859180729,0.241937746320452,1.9656142901784374e-10,stroma
1006,11680.0,13754.0,other,0.3987280012662892,-0.1284068269511006,-0.2920756149291992,4.782083329690607e-11,other
1007,12731.0,19019.0,other,0.6369042382830057,-0.2615200027844797,0.041993179321289,1.2998406990566818e-11,other
1008,6296.0,13728.0,stroma,0.2651391518538888,0.0655972394868091,0.1362429537091937,2.1515361590651348e-11,stroma
1009,14408.0,6341.0,immune,0.1696399321149202,0.1119933215458277,-0.107477970123291,9.478230540638288e-11,immune
1010,11117.0,18702.0,stroma,0.3123485925442192,-0.2276673967760579,0.1366050148010253,4.4502210874910024e-11,stroma
1011,9765.0,20087.0,immune,0.451542896826681,0.0296113144360845,-0.3531390748705182,3.977964947160354e-11,immune
1012,12259.0,5403.0,tumor_core,0.8701851379379901,-0.0405797258574505,0.3036943326677594,3.4580414293286856e-10,tumor_core
1013,17309.0,18577.0,stroma,-0.1052785541501507,0.3482472806058845,1.1420519256591797,9.154258026666775e-10,stroma
1014,15747.0,7740.0,other,0.4652352909113737,-0.0286622532459248,-0.1178522845676967,8.642576041715296e-11,other
1015,7952.0,5382.0,stroma,0.6201116263809276,0.0050147566890989,0.4932725742885044,1.1259053558685796e-10,stroma
1016,9250.0,15134.0,other,0.3994713067322655,-0.1558436849141189,-0.3145160259519304,1.8195285287787232e-11,other
1017,6798.0,21156.0,immune,0.0473410966640922,0.5131112265381909,-0.1280931772504533,1.7516803053185587e-09,immune
1018,11687.0,12207.0,tumor_core,0.67005450522111,-0.082137612311068,0.1542779650006975,7.429973542292429e-11,tumor_core
1019,4173.0,7529.0,other,0.3217897954631743,-0.0595818355380635,-0.1084241008758545,6.914844929838158e-12,other
1020,11720.0,5400.0,immune,0.1379136902031025,0.247577503964006,0.1123332623073032,3.993160252827015e-10,immune
1021,9570.0,4771.0,other,0.5761486229023334,-0.2476290946020438,-0.2384730209623064,2.7740756412812463e-10,other
1022,9005.0,10337.0,tumor_core,0.6550311868508505,0.0380977780736961,0.4271055657523018,6.994776491715808e-11,tumor_core
1023,8976.0,16216.0,other,0.6150783573563924,-0.1937703554302368,-0.1619007805415562,1.9403882217100472e-10,other
1024,4452.0,5519.0,other,0.5299933361298514,-0.1850627490818329,-0.1072657285417829,7.470606369380474e-12,other
1025,8172.0,15438.0,stroma,0.4640282363928176,-0.0879693056075142,0.4199785232543945,2.439018919471213e-11,stroma
1026,17614.0,11307.0,other,0.2951345791181233,-0.0901291089020349,-0.0483211067744663,2.1084404161116287e-11,other
1027,5488.0,13878.0,stroma,0.4253608140369389,-0.1003494377122567,0.2105719375610351,1.7599146453674168e-11,stroma
1028,9775.0,17922.0,stroma,0.4047424457217223,0.0312567073158001,1.1836381639753069,2.7410167680987614e-11,stroma
1029,6575.0,11718.0,stroma,0.5043633169318662,-0.0681639046416241,0.3818884468078613,5.4276877500076976e-11,stroma
1030,5801.0,4752.0,stroma,0.6481603963491672,-0.2434882133942962,0.1145758315495082,3.1097173290032733e-11,stroma
1031,15966.0,18106.0,tumor_core,0.6532343172272695,-0.0442229951691832,-0.2358644580841064,1.0849719147951628e-10,tumor_core
1032,5517.0,8000.0,stroma,0.2660756563751718,-0.0360511575096999,0.3923094449724469,9.767531667813504e-11,stroma
1033,15189.0,11760.0,stroma,0.4558760966687737,-0.1453915007818052,0.2286589976719447,1.223204500194924e-09,stroma
1034,11932.0,17313.0,immune,0.4258473744671273,0.0195718858508462,-0.4081214519909449,5.2033898044361336e-11,immune
1035,16777.0,17337.0,tumor_core,0.8078078345850125,-0.0649030082205305,-0.1856120109558106,1.2474398272644623e-10,tumor_core
1036,11158.0,10348.0,stroma,0.3104744154106278,-0.0460173582876992,0.7441204016549248,7.974167910573733e-11,stroma
1037,7397.0,8782.0,other,0.4248301404548857,-0.1969987731266841,-0.0469791058131626,7.745725477673017e-12,other
1038,10374.0,5548.0,stroma,0.42603651423468,-0.1060703127807737,0.3017601094927106,1.2770585905505308e-11,stroma
1039,10359.0,8642.0,other,0.4794585684230436,-0.1107291392234813,-0.27279303755079,1.9007975734058052e-11,other
1040,10630.0,8179.0,other,0.5139608986654309,-0.2263138802097656,-0.09521057673863,2.7246093839192596e-11,other
1041,16528.0,13159.0,stroma,0.5865272561290005,0.1354014426042835,0.780392962864467,1.6976073664202655e-10,stroma
1042,10862.0,15761.0,tumor_core,0.7274755585799396,-0.1597724106899305,-0.2290432167053222,5.355657833643694e-12,tumor_core
1043,13325.0,7574.0,stroma,0.1360110477655983,-0.0116304509277671,0.3243124062674385,1.5614116205297756e-10,stroma
1044,3880.0,12323.0,stroma,0.5415285861160702,0.0016165864160204,0.1931131580897739,9.29643580809758e-12,stroma
1045,12250.0,7259.0,tumor_core,0.7867134127155131,0.0150576736831392,-0.051554673058646,1.06225179814155e-10,tumor_core
1046,7350.0,18374.0,other,0.5082165118260443,-0.0437016914515918,-0.2129818936756678,8.386232247412538e-11,other
1047,15960.0,19344.0,stroma,0.3771375590294228,0.0924583832309034,1.3636418315342491,7.467996390475054e-11,stroma
1048,13020.0,14843.0,other,0.2196781116386845,-0.0312992619580047,-0.0078811318533761,2.1935366310586823e-10,other
1049,19185.0,20288.0,other,0.3691839243741643,-0.0626250899111302,-0.1466716752733503,2.791958320338486e-11,other
1050,7105.0,13577.0,other,0.1767747518771675,-0.1705075005832579,-0.4706868743896484,2.8296772891826887e-11,other
1051,14616.0,18873.0,stroma,0.4613908624146151,0.3581589301541063,1.2667546245029992,5.7098466473418466e-11,stroma
1052,14916.0,12532.0,immune,0.3891506478519019,0.1612752487290554,0.0388909653254917,4.789859930495836e-10,immune
1053,4678.0,14339.0,stroma,0.6054868954140068,0.1331263988100013,0.6796252713884627,1.38843852578782e-10,stroma
1054,6860.0,8470.0,other,0.4327198194977421,-0.2852112515949588,-0.2421551547731672,5.709375859818212e-11,other
1055,6874.0,5686.0,other,0.2687197499627235,-0.1404862670297267,-0.0345970780508859,2.336915734369531e-10,other
1056,8490.0,5384.0,stroma,0.2849947891893689,-0.2549673260795352,0.3609650366646903,6.659139565353534e-11,stroma
1057,12523.0,6487.0,stroma,0.4522101575096181,0.1233272052084477,0.689371678488595,1.5717027524566186e-11,stroma
1058,17090.0,8211.0,tumor_core,0.6620961986589295,-0.1608681364310505,-0.1968557051249913,3.780924329402754e-11,tumor_core
1059,7929.0,10023.0,other,0.5276868834820142,-0.2464944364284205,-0.1721274730137416,7.898373725620892e-12,other
1060,15694.0,18569.0,interface,0.7156479379246128,0.2185564073587215,0.8191952460152763,2.47657913689249e-08,interface
1061,7157.0,2748.0,tumor_core,0.7584526221109832,-0.2632817047031697,0.2717457635062081,8.506963411637375e-11,tumor_core
1062,6050.0,8931.0,tumor_core,0.6746128051187252,-0.1517848728336714,0.2782999038696289,7.633438690406316e-11,tumor_core
1063,15156.0,18566.0,other,0.4009697951612171,-0.0036889686967035,-0.0419909477233886,6.800718209146476e-10,other
1064,10092.0,8177.0,other,0.5219738920034407,-0.2883039982749261,-0.272792329788208,4.912807622670142e-11,other
1065,11996.0,4009.0,other,0.5961540447099782,-0.1558949420052476,-0.0600607572283063,5.104695111096065e-11,other
1066,5533.0,4596.0,other,0.4524815116838435,-0.256830887671528,-0.1333546434129987,7.916802315065049e-12,other
1067,12799.0,5096.0,stroma,0.3194667828963107,0.0820150090152008,0.529184856414795,2.5029333442542467e-10,stroma
1068,10911.0,5860.0,stroma,0.6430015129645283,0.031976080214055,0.83301148550851,9.298832665846431e-11,stroma
1069,14424.0,2938.0,tumor_core,0.6632046713239279,0.0033420199224122,-0.3284489059448242,8.562545851231329e-11,tumor_core
1070,3337.0,13249.0,tumor_core,1.155204191418188,-0.2677367683126455,-0.3528549289703369,1.0950809246698836e-09,tumor_core
1071,4999.0,3665.0,other,0.480581943735066,-0.0707955466300505,-0.3487888520104545,4.55772423233023e-11,other
1072,18653.0,19048.0,other,0.0654127252639082,-0.2048025929441083,-0.4264941729818072,7.527452942074261e-10,other
1073,15193.0,10831.0,other,0.5046911248767593,-0.1341707313641436,-0.2013267735072544,2.1491287047991812e-11,other
1074,6332.0,6302.0,other,0.1090225131033937,-0.1196652988564319,-0.0923591450282505,8.208964761953993e-12,other
1075,13607.0,4945.0,tumor_core,0.8288961750663252,0.0217065971696957,-0.0583402442932128,1.5682072252623891e-10,tumor_core
1076,14913.0,13151.0,stroma,0.635990546053688,0.0420880608879734,0.3252243205479213,3.699962409491249e-11,stroma
1077,7682.0,5535.0,other,0.5324872132115717,-0.1583333642870444,0.0269862910679408,9.539687800569248e-12,other
1078,6073.0,4290.0,tumor_core,0.8761569230691355,-0.0805318000323451,-0.3993746185302734,2.7767116012040888e-11,tumor_core
1079,10644.0,5395.0,tumor_core,0.7247774731278535,-0.2683584000114725,-0.2396652841567993,6.395113932293638e-11,tumor_core
1080,17036.0,19349.0,tumor_core,0.9354542542966876,0.014774126531743,-0.0640148271833147,1.0501579470192508e-10,tumor_core
1081,16293.0,6196.0,other,-0.3319512693673972,-0.1652858701339765,-0.0622859382629394,3.3231140575680255e-10,other
1082,5203.0,17126.0,other,0.396192483911121,-0.2834222788113919,-0.4672611236572265,7.002968213836833e-11,other
1083,2796.0,13865.0,other,0.3582396347250714,-0.0392628792022224,-0.3298441614423479,2.859594280698709e-11,other
1084,14075.0,19489.0,immune,0.6226337484065319,0.0518990036922061,-0.1645347785949706,2.414558021664345e-11,immune
1085,6538.0,19453.0,other,0.2652379572677246,-0.2569597348101159,-0.2668154641560145,2.0318470325001004e-10,other
1086,3345.0,11702.0,immune,0.5041286403586516,0.2168735328922982,-0.2628907299041748,4.264191559618127e-11,immune
1087,11660.0,17776.0,other,0.3425055464527865,-0.2517775043226074,-0.2862381308419364,2.8206155039075992e-11,other
1088,11990.0,5247.0,other,0.4746406460082657,-0.1154078454803942,-0.0019669832502092,1.3987081143176748e-10,other
1089,11410.0,13907.0,tumor_core,0.8388525267003938,-0.2668026521332284,-0.3747812659399849,3.380327485420398e-11,tumor_core
1090,9294.0,6162.0,immune,0.4814504841030044,0.0220190047534625,-0.0289991787501743,2.194560268433143e-11,immune
1091,16801.0,12386.0,stroma,-0.21570460885506,0.2604601984379284,1.3828713280814036,5.803280047817321e-09,stroma
1092,5235.0,10628.0,stroma,0.2116047739411132,-0.0761840754217951,0.2477443586077008,1.3171508860814822e-10,stroma
1093,13800.0,20571.0,immune,0.6390390012088238,0.1576453124554587,0.0099179526737758,6.891913362185991e-11,immune
1094,5741.0,17128.0,other,0.3873636477974209,-0.2578302727729338,-0.4058227900096348,4.612183192208776e-11,other
1095,15471.0,9131.0,tumor_core,0.6637476539794687,-0.1413849096499746,-0.4668293762207031,1.8148118887858688e-11,tumor_core
1096,10371.0,6167.0,other,0.652288176297913,-0.2140172070751559,-0.3723023288590568,3.918368955934327e-11,other
1097,9835.0,5545.0,other,0.2822979966380338,-0.0939520045816044,-0.4643421173095703,5.2208901425945824e-11,other
1098,13842.0,11908.0,tumor_core,0.675425269802602,-0.2036209569064457,-0.1580896418435232,1.6482133179748023e-10,tumor_core
1099,18660.0,17501.0,stroma,0.3236178163142584,0.6250191172077868,0.8462859562465124,1.013135745333445e-09,stroma
1100,3336.0,13558.0,tumor_core,1.007677274833818,0.3925828756097395,-0.1905403205326625,3.5913564190267104e-09,tumor_core
1101,14402.0,7579.0,stroma,0.3148028176217157,-0.0634533923044587,0.1659627750941685,1.1926304119810963e-10,stroma
1102,8959.0,19619.0,other,0.2675897510488333,-0.2352589823113471,-0.4259814834594727,1.2392368426621915e-11,other
1103,8213.0,7085.0,tumor_core,0.8742309572141214,-0.1489188843606878,-0.0936740793500627,8.554332926511525e-10,tumor_core
1104,17347.0,10842.0,other,0.4576410991233467,-0.1315645275792283,-0.4275240462166922,1.0025634368042255e-11,other
1105,6533.0,20381.0,other,0.3161038671221051,-0.1987627570471996,-0.2632107761928013,1.2605681550090132e-10,other
1106,11114.0,19320.0,stroma,0.3840810079931184,0.1359975272229203,1.4102283150809152,1.6719262807265734e-11,stroma
1107,5503.0,10784.0,tumor_core,0.7001522279997228,-0.1869974397229601,-0.32163498878479,1.1991043508174354e-10,tumor_core
1108,6044.0,10168.0,stroma,0.1395683329720283,0.1107661315055836,0.207398259299142,9.150565259810588e-11,stroma
1109,10333.0,13902.0,tumor_core,0.7191837334564296,-0.1548453608266262,-0.2410082674026489,5.365327228738811e-11,tumor_core
1110,11402.0,15454.0,other,0.4281498085160955,-0.1018221179359621,-0.5126890182495117,1.139913806699648e-11,other
1111,11981.0,7103.0,stroma,0.322976351927248,0.0946961509805695,0.8298805509294783,1.7450432932556803e-10,stroma
1112,11920.0,19788.0,stroma,0.5968968417934808,0.3692929037662495,1.1926971653529577,2.370988555378267e-10,stroma
1113,16819.0,8674.0,other,0.4754273450271737,-0.0042600789691794,-0.4598352813720703,3.695421544447465e-11,other
1114,10602.0,14058.0,other,0.4840073983255534,-0.2194442735146998,-0.2098352582114083,5.000164706141181e-11,other
1115,4981.0,7378.0,other,0.1432936550443946,-0.0731496474035831,-0.4684521102905273,6.866609185174947e-11,other
1116,17855.0,17033.0,tumor_core,0.9411190075019406,-0.1785466087112112,-0.2468025697980608,3.398158882462055e-10,tumor_core
1117,17849.0,18270.0,stroma,0.3646803994878255,0.0851069695628475,0.3056991822378975,3.1713232487772646e-10,stroma
1118,16023.0,6349.0,other,0.2325980450711565,-0.0916174530641397,-0.2311798095703125,5.565211377104825e-11,other
1119,6269.0,19297.0,other,0.3511591725701454,-0.2206362748897519,-0.1735875116075788,1.0234353508591696e-11,other
1120,11377.0,20714.0,other,0.4936068394040102,-0.0058046684394934,-0.0335040119716099,2.3470526365178764e-10,other
1121,4971.0,9544.0,immune,0.5858710180192985,0.13310771830444,-0.248496983391898,1.049658578617983e-10,immune
1122,8157.0,18532.0,stroma,-0.2312223641550095,0.040142030890145,0.1172811344691684,1.1416603088885299e-10,stroma
1123,14670.0,7735.0,other,0.6340319234824249,-0.2512828313177158,-0.4957534027099609,9.40752523858076e-11,other
1124,7094.0,15743.0,other,0.2747314239165469,-0.2462366916303306,-0.1950379698617117,1.5802164153830595e-10,other
1125,12527.0,5559.0,other,0.3905672295553,-0.1317403804948473,-0.157880938393729,6.061556123972334e-11,other
1126,5483.0,14807.0,other,0.3686984063109181,-0.0432532986460579,-0.1975794798987252,6.419303456997417e-11,other
1127,13031.0,12677.0,other,0.6066772025703584,-0.2983063968341466,-0.3734074888910566,1.5231880634378135e-11,other
1128,15688.0,19807.0,stroma,0.5510017672984049,-0.0790964695905204,0.199857131413051,6.8874946035018824e-12,stroma
1129,14899.0,15935.0,other,0.5124720173851299,-0.174804803549731,-0.3798106370653425,7.260219948346504e-11,other
1130,7359.0,16517.0,other,0.6164174806808809,-0.3015570435619627,-0.5160530853271484,2.0052908480873166e-10,other
1131,4120.0,18358.0,other,0.0434119187059703,-0.0227551478198742,-0.2879554530552455,4.948829959224982e-11,other
1132,15480.0,7275.0,other,0.619897580901134,-0.1136048194074357,-0.2973230688912528,3.428803298887015e-11,other
1133,6059.0,7074.0,other,0.5524044292885185,-0.2424504845736703,-0.4835317993164063,6.732024907738979e-11,other
1134,18645.0,20595.0,other,0.4075750321692726,-0.0978367881139574,-0.1798667335510254,7.438520570108063e-11,other
1135,9008.0,9718.0,stroma,0.2371773824938648,-0.134510744395092,0.192796881539481,5.671115739066082e-11,stroma
1136,11401.0,15764.0,stroma,0.5312240386626408,-0.199247215551599,0.3894815717424664,3.0019867889784537e-12,stroma
1137,4953.0,13257.0,immune,0.3063665853593631,0.0767445334561575,-0.2999484770638602,1.4153852697942972e-10,immune
1138,16520.0,14706.0,other,0.4264638750802293,-0.2380733373428142,-0.481739501953125,1.1642158888052258e-10,other
1139,16548.0,9136.0,stroma,0.4663243993245287,0.098759216189726,0.323116455078125,7.5914317076533e-11,stroma
1140,6833.0,14040.0,other,0.1193393806025943,-0.0448273977099312,-0.0595528316497803,1.1483750668023867e-11,other
1141,11653.0,19323.0,immune,0.5061211471703914,0.0294965739578094,0.0092314679282051,1.1071144968258571e-11,immune
1142,9531.0,12815.0,tumor_core,0.68087906165411,-0.3020202724161667,-0.1023573398590087,2.5097316288192544e-11,tumor_core
1143,18396.0,16416.0,tumor_core,0.9815370609067658,0.1066341862979112,0.4729412841796875,1.5195291625720804e-10,tumor_core
1144,6326.0,7540.0,immune,0.4508970206673056,0.0963215786953027,-0.0034660870688302,1.8639127930490943e-10,immune
1145,9237.0,17919.0,stroma,0.0066061157051006,-0.0839039259363382,0.3313953672136578,4.27650416689017e-10,stroma
1146,8971.0,17144.0,tumor_core,0.7321281807991826,-0.3099162366806948,-0.5342554473876953,1.0669462593609548e-10,tumor_core
1147,4446.0,6757.0,other,0.4735505167155572,-0.0137715271345865,-0.0782595225742885,1.3056113706948136e-12,other
1148,4152.0,11861.0,immune,0.4760157104192278,0.0896664811751903,-0.3192789537566048,4.8208883070204327e-11,immune
1149,10635.0,7251.0,interface,0.6895598048560343,0.1218944238045154,1.0132324600219726,2.6334850513979247e-09,interface
1150,18393.0,17035.0,immune,0.6324475389884737,0.0766853207674272,-0.0197661399841308,3.070708546217724e-10,immune
1151,5761.0,13106.0,other,0.2261969876312227,-0.1594824428032326,-0.1061156368255615,1.5680411218612048e-11,other
1152,2529.0,13400.0,other,0.5832786230890087,-0.1140346033738814,-0.4110717763219561,8.435197235574314e-11,other
1153,6566.0,13574.0,immune,0.4674275664332271,0.1055310758786078,-0.4269381787095751,6.939128726460491e-11,immune
1154,7358.0,16827.0,other,0.241554486100077,-0.1312825014990858,-0.3177926308768136,4.503345818949264e-11,other
1155,17075.0,11305.0,immune,0.4365778504259177,0.022405730277556,0.0235417910984584,2.8841319674806415e-11,immune
1156,12749.0,15306.0,other,0.4923551016320203,-0.1872346837361767,-0.1677658326285225,1.1524918304778658e-11,other
1157,10383.0,3692.0,immune,0.5482581971590036,0.2220829818344389,0.0092667525155203,1.9952614922159083e-10,immune
1158,3040.0,18972.0,other,0.4228866093453602,-0.0076534988033054,-0.4473092651367187,1.5902562237240486e-11,other
1159,7913.0,13426.0,other,0.4443075682035686,-0.2288365644378785,-0.3045444740567888,2.084675007083104e-11,other
1160,15754.0,6193.0,other,0.3450514966209462,-0.0684960264189537,-0.1551179313659668,7.093969358879486e-11,other
1161,10902.0,7717.0,tumor_core,0.6997801916939872,0.0411387042363939,0.5524692426409039,3.824729695095334e-11,tumor_core
1162,5758.0,13725.0,other,0.0767296647522616,-0.0746281088081676,-0.0337205137525286,1.1068199046102494e-10,other
1163,15997.0,11609.0,immune,0.5684486025246083,0.155272482288601,0.1450777980259486,2.5294845563932984e-10,immune
1164,11672.0,15301.0,other,0.4296462684441161,-0.1526824988232643,-0.5198989868164062,9.07581903723098e-12,other
1165,7914.0,13117.0,stroma,0.2392415369459904,-0.1503823559656525,0.2344668524605887,1.2797747952438844e-11,stroma
1166,6889.0,2592.0,other,0.2976148245090034,-0.0870175675027349,-0.2858876691545759,4.493475282983239e-11,other
1167,13844.0,11598.0,immune,0.2996008608736676,0.2434856548350314,0.2425224413190569,5.989625126064556e-11,immune
1168,2519.0,15566.0,other,0.2415081167723966,-0.0593578450830071,-0.2751327800750732,2.4322004443411515e-10,other
1169,11191.0,3541.0,other,0.5723501152411632,-0.2755343811559814,-0.2071551697594778,5.0140597402576716e-11,other
1170,10380.0,4310.0,tumor_core,0.7275312008587991,-0.0606074459573259,0.4956976863316127,1.1667541791591586e-10,tumor_core
1171,8738.0,9872.0,other,0.6475522762748447,-0.1991256356324712,-0.1004686042240687,2.5550577705944975e-11,other
1172,12190.0,19635.0,other,0.4284007236118626,-0.0865450080879096,-0.2735003873280116,2.590796492198037e-11,other
1173,9550.0,8793.0,other,0.554555245122425,-0.3225354519819461,-0.1333912645067487,1.0503345804357472e-10,other
1174,17606.0,12854.0,tumor_core,0.8977364113095394,-0.2014087756674064,-0.4497151010377067,6.13057203398659e-10,tumor_core
1175,11705.0,8494.0,stroma,0.4223380148239355,-0.0292810694365242,0.7760567855834961,1.0686516213022864e-11,stroma
1176,12526.0,5868.0,tumor_core,0.6592324660128395,-0.0465923548598685,-0.3831038836070469,1.7546578820354963e-11,tumor_core
1177,9532.0,12506.0,other,0.6474392855270253,-0.1224118852427491,-0.0759838758196149,4.5369281183718494e-11,other
1178,11381.0,19786.0,stroma,0.1264068748898382,0.2021943007977439,0.3396428026471819,4.1279956605774903e-10,stroma
1179,11420.0,11741.0,other,0.61933773293134,-0.2439660280729433,-0.5151410675048829,1.483548008687476e-11,other
1180,2510.0,17422.0,other,0.2834144114076463,-0.1429011532689917,-0.231415444782802,7.873707861273303e-12,other
1181,17318.0,16721.0,tumor_core,0.672384975283395,-0.0220324793312816,-0.2698989221027918,2.684520899994478e-11,tumor_core
1182,13340.0,4480.0,other,0.6024082061314058,-0.2538661355617053,-0.119547540119716,6.500981891441298e-11,other
1183,6836.0,13421.0,other,0.4615363398082875,-0.1472232513834207,-0.397153982094356,3.364791687698589e-11,other
1184,16499.0,19037.0,tumor_core,0.8431599965374398,-0.120469841881946,-0.3338795178277152,1.6374737942622996e-10,tumor_core
1185,17351.0,9914.0,immune,0.6418683430606771,0.1562002312317277,-0.0119851875305175,2.626655674598061e-10,immune
1186,8435.0,16832.0,other,0.5359788923912744,-0.1715857413061027,-0.1910838808332171,2.7729513948156587e-10,other
1187,4680.0,14029.0,immune,0.5933023299146819,0.0961879863267641,-0.0473286587851388,2.337639074720844e-11,immune
1188,12788.0,7262.0,other,0.2594531371060862,-0.1436275255287274,-0.1446003423418317,9.249045820013559e-11,other
1189,15163.0,17019.0,other,0.5616440096386099,-0.2447472602385162,-0.2986340989385332,1.9495807532848516e-10,other
1190,4113.0,19905.0,other,-0.0849683588783212,-0.2311546303822864,-0.2388718114580427,7.592017618912079e-11,other
1191,14929.0,9747.0,other,0.480571013969063,-0.0993166954435386,-0.3912068816593715,8.170462286170446e-12,other
1192,5492.0,12950.0,other,0.3425554191391854,-0.0858805285056887,-0.1657794843401228,1.0867424740051362e-11,other
1193,6812.0,18371.0,stroma,0.3003817176087362,-0.2957275303182082,0.1361664145333426,6.496874774244484e-10,stroma
1194,10633.0,7560.0,other,0.3613221633925761,-0.1925253596978747,-0.208047821181161,3.2419968774802347e-10,other
1195,13280.0,16856.0,other,0.4315682755906423,-0.2068502180982797,-0.4248860309805189,3.6073862823978497e-12,other
1196,14088.0,16705.0,other,0.4143096776616654,-0.079040861701897,-0.2209415299551827,1.3636470213839467e-11,other
1197,11435.0,8647.0,tumor_core,0.679433767770418,-0.0636502617922075,0.5922680500575475,3.804114298170573e-11,tumor_core
1198,3882.0,12014.0,other,0.4987569417615179,-0.2127191922640732,-0.3810987683704921,2.7905603382555687e-11,other
1199,7901.0,15901.0,stroma,0.1856072856504417,0.6157099889820832,1.0115248380388533,9.85875972395006e-10,stroma
1200,10577.0,19008.0,stroma,-0.0777918814698436,-0.194813556115231,0.4780286952427455,1.4214623928979058e-09,stroma
1201,13305.0,11596.0,tumor_core,0.7014512110533674,-0.0917981794707071,0.5354498590741839,1.638401870750532e-11,tumor_core
1202,9528.0,13434.0,stroma,0.5587647850424308,-0.1408076145843653,0.120013610294887,5.2822806954197854e-12,stroma
1203,16772.0,18265.0,tumor_core,0.832405181767728,0.1173075671523894,-0.1657029083796909,1.0506275077917058e-10,tumor_core
1204,12995.0,20103.0,other,0.5934381242680754,-0.1789081776381222,-0.2603550093514579,3.913077167523935e-11,other
1205,7949.0,6000.0,other,0.3816166312673976,-0.2182300644139505,-0.2885025569370815,4.057338579733955e-10,other
1206,4972.0,9235.0,immune,0.282689094543457,0.1376996187221013,-0.3719970948355539,6.827694126423087e-11,immune
1207,6302.0,12490.0,other,0.2675214590985161,-0.0994393858407493,-0.1108771174294607,2.6873919209300975e-11,other
1208,7880.0,20233.0,other,0.4939712604877475,-0.2625065451023571,-0.421359748840332,9.372999886247247e-11,other
1209,9225.0,20394.0,tumor_core,1.216912026373332,-0.1683442673958133,-0.2861379763058254,3.7886831018781935e-10,tumor_core
1210,5529.0,5525.0,other,0.2257127254372704,-0.2560921043242971,-0.4108349990844726,1.6848756615021562e-10,other
1211,9529.0,13124.0,tumor_core,0.6597853785850402,-0.1153401068510504,-0.3435333360944475,1.2298610855958314e-11,tumor_core
1212,11947.0,14219.0,tumor_core,0.8029445664651785,-0.2011674995878364,0.2448220552716936,3.630202252848776e-11,tumor_core
1213,13863.0,7576.0,stroma,0.4621419138556358,0.1366950114681932,0.5575485338483537,2.8830014733880676e-10,stroma
1214,16560.0,6661.0,tumor_core,0.6821518922697893,-0.2898553667915585,-0.1459790658950805,2.900302599933561e-10,tumor_core
1215,4440.0,7994.0,other,0.2492899231805555,-0.1038295311111434,-0.0478781836373464,4.3113973126834046e-11,other
1216,8980.0,15288.0,other,0.5727932606310309,-0.1378475819583609,-0.1686534186771937,5.857327623269207e-12,other
1217,11666.0,16538.0,tumor_core,0.7098977691489463,-0.2024861099385259,-0.3769927597045899,6.108818926400642e-12,tumor_core
1218,13263.0,20259.0,other,0.5221253959238814,-0.0869886513084258,-0.3536518805367606,5.597485651699375e-12,other
1219,12508.0,9581.0,tumor_core,0.658777556963415,-0.0847285502619593,-0.4254171752929687,9.853766218563372e-12,tumor_core
1220,11968.0,9888.0,other,0.3669141292114843,-0.2246819083021158,-0.012362973349435,2.0926440548227392e-10,other
1221,14141.0,5876.0,stroma,0.3661268111729095,0.1485548045027221,0.387900744846889,9.896239157491855e-11,stroma
1222,7626.0,16983.0,other,0.4222890414076135,-0.0907523667914819,-0.3240619625364031,2.3709227499019456e-11,other
1223,16804.0,11768.0,other,0.3363330192785363,-0.1725113299651269,-0.4024326321056911,3.161143624525348e-11,other
1224,17065.0,13471.0,other,0.3750275349456992,-0.2187358202215252,-0.1502606569017682,3.1476400075622267e-10,other
1225,9017.0,7862.0,tumor_core,0.7061506126893904,0.043828851172439,-0.1940140274592808,2.3880632784700457e-11,tumor_core
1226,7943.0,7238.0,immune,0.6093385331582704,0.083428952448006,-0.2034526314054216,2.0435110411374203e-10,immune
1227,9281.0,8946.0,other,0.4809817426613856,-0.1087477679409748,-0.2819277368273054,2.911940291560866e-11,other
1228,8754.0,6468.0,other,0.218523431944367,-0.1986188204975046,-0.2932058477401733,2.7471063920459164e-10,other
1229,12209.0,15613.0,other,0.6347828469134702,-0.183499094600493,-0.3360272128241403,7.62531568822297e-12,other
1230,12200.0,17469.0,stroma,0.466561194005657,-0.0234052639636064,0.0819596208844866,1.1451498796859766e-11,stroma
1231,3886.0,11086.0,other,0.5821275884787394,-0.2960415378341019,-0.147123680114746,1.9159901073396003e-11,other
1232,8421.0,19617.0,tumor_core,0.7849785940987724,-0.1328771933699747,-0.3089342791693551,1.18811648882538e-10,tumor_core
1233,15697.0,17950.0,stroma,0.5931491906668059,0.20030539613057,0.4334336771283831,2.92303463099395e-10,stroma
1234,4135.0,15264.0,stroma,0.2288512762989545,0.4270941029305444,1.0490365764072962,6.679154045302108e-09,stroma
1235,9226.0,20085.0,other,0.515627023014789,-0.1445228458091317,-0.2582051685878208,8.277559191318671e-12,other
1236,12494.0,12365.0,immune,0.6309365686725679,0.0842713710230196,-0.4060139499391828,9.276468615940284e-11,immune
1237,9002.0,10956.0,tumor_core,0.7295257471437537,-0.2351091499400344,-0.2801021528244019,1.6466369674134492e-10,tumor_core
1238,12262.0,4784.0,stroma,0.1968855217799244,0.2817817455034884,0.6402178573608399,8.274175262809519e-11,stroma
1239,8177.0,14510.0,other,0.5496058048017873,-0.1366509348154068,-0.3124336699077061,1.3637958399559588e-11,other
1240,17620.0,10070.0,tumor_core,0.7731481060199974,-0.139594926106554,-0.2488380479812622,1.4316677856580415e-10,tumor_core
1241,19206.0,15956.0,stroma,0.1995187336052138,0.1479387718831912,1.751007505144392,5.25146581552492e-10,stroma
1242,6562.0,14502.0,other,0.4462845698070434,-0.0432818026033718,-0.3207512419564383,7.1184792168595715e-12,other
1243,8222.0,5228.0,other,0.4398364371558506,-0.264560622950338,-0.2462698561804635,6.350169611942373e-11,other
1244,12212.0,14994.0,stroma,0.4449190841996657,-0.0009735803037113,0.1386804553440639,3.931286072531869e-11,stroma
1245,17311.0,18268.0,stroma,0.2995992877225062,0.6919034166117453,1.015675779070173,1.0307452763051615e-09,stroma
1246,13296.0,13452.0,other,0.6346585830586069,-0.2203176635768488,-0.1743393448420933,1.519775583935708e-11,other
1247,12793.0,6333.0,tumor_core,0.6744314286989997,-0.1652328168124729,-0.4181352203232902,6.567788312947888e-11,tumor_core
1248,13802.0,20262.0,stroma,0.2333339575038774,-0.0425610571758111,0.1942372867039271,7.589231741684213e-11,stroma
1249,18932.0,17038.0,stroma,0.6044584916170583,0.42351794516118,1.6652340153285434,6.94412579269282e-10,stroma
1250,8228.0,3991.0,other,0.5560849506125811,-0.2288422024352502,-0.0420795903887067,4.7302946767573585e-11,other
1251,17597.0,14711.0,tumor_core,0.9256117867371952,-0.2163708370104218,-0.4929254913330078,4.5158725477361366e-11,tumor_core
1252,6002.0,18831.0,other,0.2061759828949706,-0.1906121970930892,-0.3853588730948312,8.742398041310411e-11,other
1253,15195.0,10522.0,stroma,0.6285146601705287,-0.068674764523875,0.4528041403634208,6.152912170831004e-11,stroma
1254,7373.0,13733.0,stroma,0.1308473489199937,0.0103412607850181,0.0756334836142403,7.40617784555402e-11,stroma
1255,4995.0,4594.0,tumor_core,0.7055605205342046,0.0635139276954027,0.1170026070731026,7.092781205136056e-11,tumor_core
1256,13278.0,17165.0,stroma,0.5139546641224526,-0.2461657350226425,0.1374162891932896,1.87963258076896e-11,stroma
1257,9253.0,14515.0,interface,0.6258073031387988,0.0351242397439514,0.0542844336373465,4.2795596060763285e-10,interface
1258,9763.0,20397.0,other,0.3861631775633829,-0.1989404410550792,-0.0494051606314523,5.495062910058058e-11,other
1259,18377.0,20439.0,other,0.3957198445657527,-0.2963998351875895,-0.3965557977131435,2.9839377586674105e-10,other
1260,6542.0,18525.0,immune,0.3347657698341436,0.0290172661102262,-0.2526973581314087,5.3991670043343676e-11,immune
1261,9006.0,10028.0,stroma,0.51966868836722,-0.1482811751628673,0.4716023881094796,5.034275490158267e-11,stroma
1262,11969.0,9578.0,tumor_core,0.7588497053971112,-0.0620484016515464,-0.3765916293007987,1.9217949700382414e-11,tumor_core
1263,12199.0,17779.0,other,0.4906812235355834,-0.2744278996051382,0.054540364401681,1.0240517249387758e-11,other
1264,5518.0,7690.0,other,0.2844400520178409,-0.2432257097566708,-0.4601814270019531,2.3410088193137376e-10,other
1265,6868.0,6923.0,other,0.2781970192350569,-0.0947556704453547,-0.2516697869982038,2.3100530237070625e-11,other
1266,11960.0,11435.0,other,0.636182006002044,-0.0269436477590085,-0.0151237719399588,1.2079301163894444e-10,other
1267,7395.0,9092.0,other,0.4907083296478651,-0.1557858567951743,-0.1833756296975271,2.5869266957144545e-11,other
1268,10632.0,7870.0,other,0.3250475140111672,-0.2848517081799002,-0.039575252532959,4.1420898588064494e-11,other
1269,14623.0,17326.0,tumor_core,0.8271956384353418,0.0050497622066377,-0.4849588394165039,5.214312254156987e-11,tumor_core
1270,8471.0,9406.0,other,0.387407750891359,-0.1576151309220019,-0.0884576361519949,4.3525350704106545e-12,other
1271,17626.0,8832.0,immune,0.3208506022752303,0.0769321414666052,0.0394077083042689,3.4153332184791946e-11,immune
1272,13060.0,6799.0,immune,0.2599922218578774,0.2827439654864008,0.1407474735804966,1.0580171358782684e-10,immune
1273,6590.0,8624.0,other,0.3939416785711067,-0.029067674134044,0.0393957587650844,1.3800992131017023e-11,other
1274,19464.0,18278.0,tumor_core,0.9232434467524148,-0.0662077246047022,-0.0823949200766427,1.2019685000301076e-09,tumor_core
1275,18647.0,20285.0,stroma,0.5413482401766462,-0.179796935366013,0.0962873077392578,4.604968003866621e-11,stroma
1276,5507.0,9856.0,stroma,0.4060954846448888,0.0547813382907036,0.2687647301810127,7.042059107714356e-11,stroma
1277,10057.0,15293.0,other,0.4603643659662995,-0.2023982455617718,-0.1175961535317557,2.761973567601837e-11,other
1278,17353.0,9604.0,other,0.6467316180381883,-0.1178412122337046,-0.3411809212820871,9.761043048369291e-11,other
1279,6617.0,3055.0,other,0.6244679690550294,-0.2411286318541256,-0.3001873108318874,3.2799461454641546e-11,other
1280,2792.0,14793.0,stroma,0.2260862302002948,0.267650812949697,0.4577754511151995,3.736900343818592e-10,stroma
1281,14394.0,9126.0,stroma,0.5577336464037946,0.0807931896267101,0.5836496898106165,1.7282083723953102e-10,stroma
1282,16267.0,11455.0,stroma,0.2985491702334878,0.0207576954945452,0.3107360294886997,3.8135869003559937e-11,stroma
1283,12224.0,12519.0,other,0.5528335923316495,-0.3143216982953528,-0.1609083339146205,2.3394854137006205e-10,other
1284,4404.0,15420.0,interface,0.6995988417906134,0.1313594407201838,0.7123273086547852,1.3305813370075013e-08,interface
1285,9826.0,7402.0,tumor_core,0.8386624117711361,0.0023937493477305,-0.3031228535515922,2.22237923863252e-10,tumor_core
1286,6878.0,4758.0,other,0.5691635478377227,-0.2781017052068409,-0.0449509838649204,2.8056351279289868e-11,other
1287,17867.0,14557.0,tumor_core,1.1009433724393325,-0.1905329673201443,-0.4863911437988281,7.512394957063549e-11,tumor_core
1288,15724.0,12381.0,other,0.37974158183726,-0.3134421099905981,-0.3838477996417454,7.984656282180042e-11,other
1289,16231.0,18881.0,immune,0.4153278987222527,0.054643762658182,-0.0994894000462123,1.3021140800448587e-10,immune
1290,4671.0,15886.0,other,0.5868528504156769,-0.0569789936942152,0.0121752820696149,2.789912847161515e-10,other
1291,4986.0,6450.0,tumor_core,0.6875323961245133,0.0809959509652801,-0.0173796081542969,1.4685621292774115e-10,tumor_core
1292,10320.0,16687.0,other,0.4144485003653331,-0.2442636590098754,-0.0440438107081821,3.5377586506543675e-11,other
1293,11153.0,11276.0,other,0.3965209072182528,-0.2056029198589844,-0.4615069546018328,2.1598259571647798e-11,other
1294,9229.0,19466.0,other,0.4492292637335832,-0.1114802764445799,-0.281409809929984,4.0194419182063264e-11,other
1295,13272.0,18403.0,other,0.4744306538729059,-0.2318441107292742,-0.3850515416690281,7.140907580289542e-12,other
1296,17588.0,16567.0,tumor_core,0.7333396434326757,0.2351326155116018,0.1415208653041294,7.445809110280583e-11,tumor_core
1297,14076.0,19180.0,stroma,0.5169921223063483,0.0746533240493184,0.3037755502973284,4.5043462909993554e-12,stroma
1298,3865.0,15417.0,other,0.4297061451100891,-0.2028197630129776,-0.1889903627123151,7.283905647920413e-10,other
1299,3888.0,10776.0,other,0.54562557143653,-0.1292722131683354,-0.0106859070914132,2.3085259666685147e-11,other
1300,14349.0,18408.0,other,0.5211867367204059,-0.0155155002900044,-0.078043633869716,5.808690280932466e-11,other
1301,13841.0,12217.0,stroma,0.35099606408826,-0.1446172069854244,0.1040189116341727,2.4638783856824388e-11,stroma
1302,14898.0,16245.0,stroma,0.3298839576406652,-0.1299858448071603,0.197246219090053,3.3384869808749877e-11,stroma
1303,6880.0,4448.0,tumor_core,0.8015442717452521,-0.1221083975410393,-0.2328592133522034,2.253532450298727e-11,tumor_core
1304,7923.0,11260.0,other,0.1248561007864523,-0.2230129367685249,-0.1303594044276645,1.4542069136841939e-11,other
1305,10348.0,10808.0,other,0.5777828901406102,-0.1127866308463678,-0.1570115116664341,3.44975595500778e-11,other
1306,5532.0,4906.0,tumor_core,0.7552193836420631,-0.1496610260197631,-0.2568426574979509,6.627569004344801e-11,tumor_core
1307,12772.0,10665.0,stroma,0.5012833493782255,-0.2099575518195471,0.1487863104684012,3.3951081569169196e-12,stroma
1308,10326.0,15449.0,other,0.4039040942205792,-0.0643152913937937,-0.0846235520499093,1.302973948237628e-11,other
1309,3580.0,18665.0,other,0.4377498297540476,-0.0423745013410519,-0.3203510216304234,1.8717646315138568e-11,other
1310,16765.0,19812.0,tumor_core,0.8064454792787108,0.1588592197970196,0.7139079393659318,2.7349355547067964e-10,tumor_core
1311,13289.0,14999.0,other,0.4682201808845322,-0.1128120563262513,0.0186916978018624,6.718509660460735e-12,other
1312,7629.0,16364.0,other,0.171272463903674,-0.2230869297653351,-0.2108628082275391,4.3410435761138944e-10,other
1313,4663.0,17433.0,other,0.4612868931698091,-0.0277796970909851,-0.3108667809622628,1.6040186342373818e-11,other
1314,8715.0,14513.0,tumor_core,0.7362293451881592,-0.1627338625127743,-0.2775571611949375,1.7386650888735128e-11,tumor_core
1315,7071.0,20384.0,tumor_core,0.7807356486041617,0.2800671997931079,-0.0608693763187953,9.56600305760935e-10,tumor_core
1316,6560.0,14812.0,stroma,0.3691338491576972,-0.1515775379273816,0.227772936139788,3.6654443436402686e-12,stroma
1317,11181.0,5707.0,tumor_core,0.8182983992769529,-0.0378641504100537,-0.19597076688494,1.3314185154803296e-10,tumor_core
1318,13055.0,7727.0,stroma,0.025389046591286,0.3196610615383246,0.7848817443847655,1.342828637524864e-09,stroma
1319,14937.0,8200.0,other,0.5554893083106067,-0.0693169147800921,-0.1926870189394269,6.767849125566362e-12,other
1320,5740.0,17438.0,other,0.233458547784178,-0.1929490341241858,-0.46134311573846,3.208285022062907e-11,other
1321,6329.0,6921.0,stroma,0.5134967783839225,-0.2734011237464183,0.0892040579659598,5.975810625160547e-11,stroma
1322,9778.0,17303.0,other,0.3746994549796085,-0.2181318400582474,-0.3053233555385044,6.091379906479665e-11,other
1323,8163.0,17295.0,other,0.5047981695612234,-0.3008928927446163,-0.3626059065546308,9.294531813134182e-11,other
1324,4177.0,6601.0,other,0.3437310453800775,-0.0384812447266455,0.0193445478166852,1.2672308965685793e-12,other
1325,12256.0,6021.0,tumor_core,0.7753185800715124,-0.0352386032100393,-0.0581479590279715,1.2874847147594623e-10,tumor_core
1326,3855.0,17583.0,other,0.4663930954206252,-0.2893145104875537,-0.3324930902889796,1.0296670406228196e-11,other
1327,4390.0,18205.0,other,0.4381741960805306,-0.1732370993255885,-0.2485730082648141,1.820454576431488e-11,other
1328,4720.0,5675.0,other,0.530248033463212,-0.2150532161672853,-0.36534076997212,7.826467434645392e-12,other
1329,5541.0,3049.0,other,0.4177106398292607,-0.1911949975613536,-0.4193465428692953,7.794836725806033e-12,other
1330,7647.0,12651.0,immune,0.4734075661473627,0.0732163312100407,-0.391370883669172,6.262256533202797e-11,immune
1331,5223.0,13104.0,tumor_core,0.739271705239754,-0.2552847438692022,-0.2562978744506836,9.781145679912171e-11,tumor_core
1332,3621.0,10311.0,immune,0.2601522480424276,0.0275323590781422,-0.0345514052254813,1.2224925395667958e-10,immune
1333,10350.0,10498.0,other,0.4501670369251577,-0.1717134295698564,0.0052272292545863,6.330047749978764e-12,other
1334,7874.0,21470.0,other,0.6096459486569106,-0.1103107334037223,-0.4005595779418945,4.2692934602817685e-11,other
1335,9841.0,4308.0,tumor_core,0.6628403933370558,-0.2578425803635387,-0.178613326208932,1.0195263459858691e-10,tumor_core
1336,14390.0,10054.0,stroma,0.0229055307741247,0.0651134010030751,0.1525652912684849,3.5953310273303267e-11,stroma
1337,6344.0,3827.0,stroma,0.4492431793322613,-0.2196786219206102,0.0812996441977365,2.3604807106421937e-11,stroma
1338,4701.0,9698.0,immune,0.5268029595152872,0.0596940721515939,-0.3915861439704895,4.437224518413712e-11,immune
1339,7145.0,5223.0,stroma,0.592033556758043,-0.2525859493922368,0.805271099635533,5.7514750785944236e-11,stroma
1340,4996.0,4284.0,other,0.5451134419281211,-0.2266553862388632,-0.2693321623120989,5.2669370340348583e-11,other
1341,18716.0,6053.0,stroma,0.3720921857473606,0.0008538850399006,0.2034661592755999,2.6114103427307705e-11,stroma
1342,10856.0,16999.0,other,0.5809683219126979,-0.2077306331719744,-0.3209572352681841,3.726503289484742e-12,other
1343,16793.0,13933.0,stroma,0.3235556482697265,-0.0636999777019194,0.877591678074428,9.567677694403439e-11,stroma
1344,6037.0,11715.0,stroma,0.3087232238608605,-0.082436364154761,0.1002476365225655,4.27425441842763e-11,stroma
1345,12502.0,10818.0,stroma,0.2881518795529125,-0.1476401931320698,0.3327972412109374,2.623572560156892e-11,stroma
1346,5752.0,14963.0,other,0.2823464497852417,-0.0727297618430118,-0.0770909527369907,4.1686976155225017e-11,other
1347,12488.0,13603.0,tumor_core,0.722784303864491,-0.2885990525385029,-0.3627064640181404,2.7908748887267288e-11,tumor_core
1348,12251.0,6950.0,stroma,0.5728193705513973,-0.2230687204823111,0.2376950536455426,2.00995998934816e-10,stroma
1349,13293.0,14071.0,tumor_core,0.9798441024663236,-0.0990797409355469,-0.3707825578962053,1.3061354880449832e-10,tumor_core
1350,14607.0,20730.0,immune,0.0116260863219103,0.0680408831312184,-0.0554486329214913,3.5045022409149873e-10,immune
1351,14352.0,17789.0,immune,0.4922017932281054,0.123709396766045,-0.0288085787636893,1.0752813193663323e-10,immune
1352,19190.0,19360.0,other,0.0643311589241942,-0.186838232002149,-0.3422751235961914,6.628200981117659e-11,other
1353,9284.0,8327.0,stroma,0.2188488593608969,0.3426035951748277,0.842885262625558,4.53638188007591e-10,stroma
1354,10303.0,20090.0,stroma,0.3500552776333012,-0.013756435033585,0.095371447971889,4.717032675615498e-11,stroma
1355,14883.0,19339.0,other,0.1440606505850246,-0.0209618541265285,-0.1202507550375802,3.3363147658599725e-10,other
1356,17593.0,15639.0,tumor_core,0.8265188926704093,-0.0010273582955827,-0.0462674549647739,8.168309704328236e-11,tumor_core
1357,5477.0,16044.0,other,0.3862250104960865,-0.272038741234722,-0.2906988974979946,2.366528751885081e-10,other
1358,14682.0,5260.0,immune,0.230657105249275,0.1254420652772089,0.0191888236999511,1.3437577332260596e-10,immune
1359,6809.0,18990.0,other,0.2252666422184681,-0.1394126164622839,-0.3668963520867484,8.871411203416478e-12,other
1360,17062.0,14089.0,other,0.6254543814654547,-0.1794475505080469,-0.3537306802613394,1.3110197204100686e-11,other
1361,13565.0,13608.0,other,0.5862319636322051,-0.1991964655482666,-0.3688988086155483,1.297154180809181e-11,other
1362,4662.0,17742.0,other,0.1540206884492049,-0.1442194226008431,-0.4133447900840214,5.591091297342811e-12,other
1363,7420.0,4141.0,other,0.5103651656629027,-0.2315184147788323,-0.1171468571254185,2.123813556916956e-11,other
1364,8694.0,18844.0,other,0.3907208726138648,-0.1795794328722708,0.0676125199454171,7.277184963135265e-11,other
1365,10899.0,8335.0,other,0.6302985422677526,-0.2765766788690343,-0.1908728844778878,1.7556265342522878e-11,other
1366,5232.0,11247.0,stroma,0.4950819664696375,0.0046072045506583,0.1601262392316546,2.8334175925163678e-11,stroma
1367,7341.0,20230.0,immune,0.1690432680190352,0.1437196070621895,-0.2662263298034668,1.3298261498631909e-10,immune
1368,6553.0,16359.0,other,0.5868096904809499,-0.1983732996364377,-0.4431234741210937,1.5475834890430358e-11,other
1369,11161.0,9729.0,tumor_core,0.8876218110008643,-0.3178522498013297,-0.2264223827634539,1.4635038787591648e-10,tumor_core
1370,18375.0,20748.0,other,0.3585010544108522,-0.0305423881314203,-0.072283284323556,1.1454213557814495e-10,other
1371,16551.0,8517.0,tumor_core,0.9137795476648288,0.1126935908992516,-0.4540267944335937,4.882538558384618e-10,tumor_core
1372,11440.0,7719.0,stroma,0.4430873373439419,0.221748450765637,0.8492811584472657,1.3010583976361079e-10,stroma
1373,13574.0,11752.0,other,0.5698814744117277,-0.2668922803975791,-0.4542140456608363,1.6630542096433611e-10,other
1374,8712.0,15132.0,other,0.4256526991824976,-0.2208639414698142,-0.3425894287654332,7.50957003814632e-12,other
1375,11710.0,7566.0,tumor_core,0.7533378473064244,-0.0349038917902205,0.664617086138044,7.868918721298627e-11,tumor_core
1376,9781.0,16684.0,stroma,0.4939748136789207,-0.0882539547616909,0.1529922812325613,5.7112949135795785e-11,stroma
1377,17312.0,17958.0,tumor_core,0.6904558765122439,0.2961938519532496,-0.1757298810141427,4.3001022796903087e-10,tumor_core
1378,15208.0,7737.0,other,0.234607023109297,-0.0676202409417718,-0.2033901391710554,4.916628595073592e-11,other
1379,13566.0,13299.0,other,0.4419968898550089,-0.3141578958505887,-0.3553397532871791,7.840260709168078e-11,other
1380,3315.0,17890.0,other,-0.0186538120244172,-0.2819288849489053,-0.3863279942103794,1.2930720964910623e-10,other
1381,9288.0,7399.0,stroma,0.5437065240635053,-0.178628751810608,0.4853860691615513,2.7430516196136508e-11,stroma
1382,8965.0,18382.0,other,0.3439964932654756,-0.3109340285161846,-0.0717705317905971,4.150917851872286e-11,other
1383,7409.0,6307.0,immune,0.4180000296946567,0.0727080010240603,-0.025365206854684,3.277211111399597e-11,immune
1384,17359.0,8367.0,tumor_core,0.891526883309091,-0.194590379929645,0.0918257849557059,8.084640241528656e-11,tumor_core
1385,17044.0,17802.0,tumor_core,0.6867996391376849,-0.2731721981890222,-0.1979432984760829,3.478644275292197e-10,tumor_core
1386,10053.0,16221.0,other,0.4452881127281591,-0.2614547111264785,-0.1378837885175433,7.026104104136443e-12,other
1387,3068.0,13402.0,tumor_core,0.9633571198665511,-0.1146678572312467,-0.4855777359008789,3.0934141881746405e-10,tumor_core
1388,11987.0,5865.0,tumor_core,0.745609300820048,0.0696510312208815,0.5394576644897461,3.562375661902587e-10,tumor_core
1389,11155.0,10967.0,other,0.4505696877308568,-0.2168804647715863,-0.1653276797703334,6.4364589423517705e-12,other
1390,4947.0,14495.0,immune,0.0459376391834174,0.0137050521578693,-0.1443292222704206,1.3446693157891318e-10,immune
1391,16024.0,6040.0,stroma,-0.2302643180693556,-0.0109230768373156,0.4424692072187152,1.9248322915526623e-10,stroma
1392,9513.0,16528.0,stroma,0.3121406014790813,-0.1565843282593014,0.2368952369689941,1.8360920127828747e-10,stroma
1393,10102.0,6011.0,other,0.5153484481635968,-0.0843900097987713,-0.4915240859985351,5.7091010864101716e-12,other
1394,8997.0,11884.0,tumor_core,0.7820275124744624,-0.2850137399055896,-0.3063207592282976,2.4117227431710244e-10,tumor_core
1395,3849.0,18821.0,immune,0.4963722805048796,0.2048356802893914,0.1554406356811523,2.510482949012386e-10,immune
1396,4396.0,16967.0,other,0.5650447985355601,-0.1544149251798846,-0.4537083435058593,4.248435442422518e-11,other
1397,10582.0,18080.0,stroma,0.5880826719655287,-0.1002169434610957,0.5266620472499304,6.284130182481023e-11,stroma
1398,13026.0,13606.0,immune,0.5905108835873187,0.0053455710923432,-0.2214255700792585,2.3167031508601067e-11,immune
1399,10879.0,12358.0,stroma,0.5956992819576684,0.0603476604793679,0.2029879869733538,1.5391841469213774e-10,stroma
1400,17570.0,20280.0,tumor_core,0.7035577505226903,-0.1007995666952051,0.1459018380301339,2.330744762777213e-11,tumor_core
1401,7892.0,17758.0,other,0.1883747575381344,-0.2918484313440186,-0.2695692556244986,8.949146620178505e-11,other
1402,15436.0,16247.0,other,0.5619860797234715,-0.2693058440200237,-0.4980974960327148,1.5961351935228674e-10,other
1403,11389.0,18239.0,other,0.3227842322703404,-0.1172698207605192,-0.0766947705405099,1.8522005043233372e-11,other
1404,17336.0,13008.0,tumor_core,0.6558746144046947,-0.1787322112559247,-0.181816017287118,8.617354023828332e-10,tumor_core
1405,18674.0,14716.0,tumor_core,0.8215442906175799,0.2442304406603291,-0.3266904497146606,4.5622442242344966e-10,tumor_core
1406,5485.0,14497.0,stroma,0.5041892699975867,0.1587918766248533,0.2383173779078892,2.612379001132765e-11,stroma
1407,11684.0,12826.0,tumor_core,0.7570568882036073,-0.3173499339631089,-0.2787272024154663,2.862194492357771e-11,tumor_core
1408,10900.0,8026.0,tumor_core,0.6825327690358587,-0.0940316194791165,0.2421276201520648,1.300232250438725e-11,tumor_core
1409,15993.0,12537.0,stroma,0.2981205082579747,-0.1544605864153209,0.2864773287091937,1.7684352665175208e-10,stroma
1410,8724.0,12656.0,stroma,0.426885062644717,-0.0503246965244369,0.1183277211870465,3.9434096169245023e-11,stroma
1411,8700.0,17607.0,other,0.4504315073629582,-0.2615114665646266,-0.4692939376831054,7.32031138231742e-11,other
1412,15973.0,16559.0,tumor_core,0.9931810293078768,-0.1566288915694955,-0.3389724683761597,5.050372759567143e-11,tumor_core
1413,17300.0,20433.0,stroma,0.5897988450150018,-0.1480881676163236,1.5242527171543667,3.763382778001266e-11,stroma
1414,11146.0,12823.0,other,0.6279962883471071,-0.3133496828270505,-0.3639853004046848,1.3163935978561483e-10,other
1415,16234.0,18262.0,tumor_core,1.0658876569021924,-0.1462782271270424,-0.3569027471542358,2.684071923506171e-10,tumor_core
1416,9802.0,12352.0,other,0.4443243964863645,-0.2311638524291508,0.021467593056815,4.4264687484195266e-11,other
1417,4696.0,10626.0,other,0.5121886983928149,-0.0811991571184557,-0.0771897465842111,2.2729006394272408e-11,other
1418,13877.0,4792.0,other,0.1709903879796556,-0.0476218768552927,-0.3058147771017891,7.303394473435068e-11,other
1419,15727.0,11762.0,tumor_core,0.7709510324099604,0.0496943136170122,0.2007497923714774,3.2632833749373983e-10,tumor_core
1420,5200.0,17745.0,other,0.2169388120034968,-0.1948735341002743,-0.4038933430399213,1.7530850686051508e-12,other
1421,11405.0,14835.0,stroma,0.3331029879166776,-0.1812990220706579,0.3210402652195522,7.120845254987112e-11,stroma
1422,18671.0,15335.0,tumor_core,0.7173631042670655,0.5612498509849724,-0.0410917418343679,4.776281362149027e-10,tumor_core
1423,5468.0,17901.0,other,0.3810611763256508,-0.1775190105667087,-0.4968569564819336,1.2366791062470005e-12,other
1424,6530.0,21000.0,tumor_core,0.8159076959494777,0.0245140632961404,-0.3111150932312012,1.486280023308044e-09,tumor_core
1425,18415.0,12704.0,other,0.5498199686908082,-0.035674898364824,-0.296051276070731,5.4104787542892805e-11,other
1426,12524.0,6177.0,tumor_core,0.7431708506861218,-0.074484334036409,-0.4051111098698207,1.0540694844348091e-10,tumor_core
1427,2231.0,19432.0,other,0.4628026300285829,-0.1805512560344698,-0.0614181995391845,9.914982719915604e-12,other
1428,6061.0,6765.0,other,0.1331641191718448,-0.1019533576715983,-0.4302482223510742,8.830067906598989e-11,other
1429,8165.0,16985.0,other,0.2105689743678384,-0.1634023188263775,-0.3839353377478463,8.380278719709325e-11,other
1430,5229.0,11866.0,other,0.390793964023901,-0.1730452440145364,-0.1837232262747628,8.720552504965433e-12,other
1431,15216.0,6190.0,other,0.6170050853279385,-0.1625101909382978,-0.2968750636918204,1.0054304162104291e-10,other
1432,17869.0,14248.0,tumor_core,0.713861865942453,-0.2622241716415629,-0.376352424621582,5.3094752122037256e-11,tumor_core
1433,7652.0,11723.0,other,0.5175742334967491,-0.1359681637802916,-0.2416410732269287,1.1425215779996958e-10,other
1434,15418.0,19960.0,other,0.5752590020345246,-0.1144761505902325,-0.4428423416614532,1.8223405987927091e-10,other
1435,15487.0,5728.0,immune,0.6302446811562645,0.006347087999128,-0.0761494173322405,2.6618747671272327e-10,immune
1436,13322.0,8192.0,other,0.5435173308060701,-0.1206354722167154,-0.3415083295958383,8.3444440157459e-11,other
1437,6847.0,11255.0,other,0.5590861856308788,-0.1630695694070149,-0.0135930797031947,1.8638090258130606e-10,other
1438,5800.0,5062.0,tumor_core,0.8920439924055413,-0.0487476692756472,-0.2851006272860935,1.0882393280227047e-10,tumor_core
1439,4984.0,6759.0,stroma,0.406440506731218,0.1665457746702484,0.2241179983956473,8.18404776233075e-10,stroma
1440,16493.0,20275.0,stroma,0.4770033631548785,0.0516299372245384,1.0310570362636022,3.75908174983484e-11,stroma
1441,7886.0,18995.0,other,0.4492481063447771,-0.196738504150877,-0.0858451611655099,2.2950883965810182e-10,other
1442,3316.0,17581.0,other,0.4132379767764448,-0.0954987184280652,-0.3249496841430664,4.5738435309143726e-11,other
1443,9538.0,11268.0,tumor_core,0.6633322945262877,-0.172164553642956,-0.2305690533774239,7.885716988866963e-11,tumor_core
1444,7893.0,17448.0,other,0.236120000438745,-0.1097354557589336,-0.3364137513296944,1.5804712011201333e-11,other
1445,8186.0,12654.0,tumor_core,0.6673315318867435,-0.2196725755929947,-0.4326311717714582,2.964758772435595e-11,tumor_core
1446,17879.0,12082.0,tumor_core,0.671204907096358,-0.0370238842202462,0.0172392422812325,1.0377948787028559e-10,tumor_core
1447,12752.0,14687.0,tumor_core,0.6998210607073336,-0.1974051224980449,-0.3604846096038818,5.037803555426728e-11,tumor_core
1448,6584.0,9861.0,immune,0.385407527821176,0.0081695874987495,-0.3847230757985796,1.2898831608157228e-11,immune
1449,16831.0,6198.0,stroma,0.3991112274725851,0.1241063570395581,0.3805574035644531,3.607880470387016e-10,stroma
1450,7620.0,18220.0,other,0.6118062326572085,-0.1958762007661398,-0.321160659790039,2.4963274136873147e-10,other
1451,8154.0,19151.0,other,0.1004746072244324,-0.2067110147594039,-0.2443702942984444,2.913291034600717e-11,other
1452,13338.0,4789.0,other,0.5226092955752963,-0.1562266590388593,-0.3591649392672947,1.479847562821027e-11,other
1453,19475.0,16112.0,stroma,-0.1280620326703255,0.4846172213212808,1.6060272870744978,2.1539056027420135e-09,stroma
1454,14646.0,12685.0,tumor_core,0.7844096857657941,-0.1198892313720161,-0.0999955259050641,2.3218311498359643e-10,tumor_core
1455,10338.0,12974.0,tumor_core,0.709788278559596,-0.2591630854032784,-0.2312912545885359,1.941737557185034e-11,tumor_core
1456,8232.0,3062.0,other,0.4880622157885952,-0.1103765207067943,-0.1068623501913888,1.709380561671987e-11,other
1457,4969.0,9854.0,other,0.4671816140098974,-0.2812826380688686,-0.439252541065216,1.0422625678209991e-10,other
1458,10344.0,11736.0,tumor_core,0.8718631996747288,0.0544606432702958,-0.3143636689867292,1.728794455480369e-10,tumor_core
1459,5491.0,13260.0,other,0.483328817903367,-0.1432550889373167,0.065520189830235,3.4675462204782766e-11,other
1460,14084.0,17633.0,other,0.3954912877837169,-0.0756162052338991,-0.1627863863536289,6.3553968045087094e-12,other
1461,16269.0,11146.0,immune,0.386772615683273,0.0893358639454773,0.0405520956856864,7.733833619802927e-12,immune
1462,6839.0,12802.0,immune,0.1895498017908171,0.0604069442154684,-0.1580576365334646,1.6172150367543198e-11,immune
1463,14388.0,10363.0,other,0.3182605709576995,-0.2199718190469168,0.0284766932896205,2.2113464348692893e-11,other
1464,7619.0,18530.0,other,0.145761367801509,-0.0408481035840545,-0.4072108078002929,1.7817617569535818e-11,other
1465,15415.0,20579.0,tumor_core,0.7756229365889201,0.0869528752001786,-0.0054089791434151,3.987919023632987e-11,tumor_core
1466,10045.0,17768.0,tumor_core,0.6836320469271988,-0.0852539741292723,0.3679470961434501,1.4561648139439182e-10,tumor_core
1467,14878.0,20267.0,tumor_core,0.6693878009243871,0.1122288494704445,-0.4054148098400661,1.6851706313936114e-11,tumor_core
1468,5795.0,5990.0,stroma,0.1669626190244065,-0.2484468826250223,0.5831421552385603,5.498543495392894e-10,stroma
1469,10378.0,4620.0,other,0.5410911801448832,-0.1792551322832148,-0.347556961945125,2.1338067062474647e-11,other
1470,18113.0,19354.0,tumor_core,1.2539192521560685,-0.1651138033942028,-0.3885758318219866,6.593279352632235e-10,tumor_core
1471,15178.0,13925.0,stroma,0.2526376162827987,-0.062182282265756,0.6676573671613419,2.2051489776140494e-10,stroma
1472,9495.0,20241.0,other,0.5446364694450868,-0.244059937048095,-0.3275442409515381,1.4420210526757584e-10,other
1473,5777.0,9703.0,other,0.4742560944415465,-0.1959907371753608,-0.1748880699702671,3.8927843863132593e-11,other
1474,16260.0,13003.0,immune,0.4675078241159909,0.1747853818288163,0.1671650695800781,8.290898269874514e-11,immune
1475,18121.0,17807.0,immune,0.4034467036063467,0.1721263925803766,-0.2670854827335902,8.312869858767044e-10,immune
1476,7371.0,14042.0,other,0.1817558403783197,-0.1685083342401209,-0.0738184847150529,3.6517590058467367e-11,other
1477,12497.0,11747.0,other,0.5782303906127111,-0.2092034422224093,-0.3599772889273507,1.2158580273303444e-10,other
1478,3870.0,14489.0,tumor_core,0.6583397162154901,-0.0457928205458687,-0.2308315672193254,3.0733432253202535e-11,tumor_core
1479,18665.0,16572.0,tumor_core,0.7348211357943278,0.2037675445605827,0.1789248711722237,6.36259908693156e-10,tumor_core
1480,10104.0,5701.0,other,0.300404092380893,-0.0450049986299607,-0.1754522963932582,9.44667857275077e-12,other
1481,4399.0,16348.0,other,0.1731197255684111,-0.2252676893014962,0.0665602493286132,3.336414102315783e-11,other
1482,6016.0,16047.0,other,0.5251031991733686,-0.14162789114396,-0.4970100784301758,1.3983342113797552e-11,other
1483,14940.0,7581.0,other,0.3818704727626373,-0.1820955919929083,-0.3012735087530953,1.9712423072484808e-11,other
1484,14877.0,20576.0,other,0.3862025392592695,-0.1548190575018311,-0.334150664465768,1.3084633518306112e-10,other
1485,15987.0,13775.0,other,0.5485689473175019,-0.1759964403586947,-0.3300966112954276,4.5035321328473176e-11,other
1486,7076.0,19455.0,other,0.2087705293072035,-0.0026845064409141,-0.2457958330426897,3.2518574974638396e-11,other
1487,9543.0,10340.0,other,0.4059929148234205,-0.1716924285393389,-0.2264367880140032,1.1905541659906023e-11,other
1488,15169.0,15782.0,other,0.4473951006895743,-0.1569176073743825,-0.1329641219547817,1.2267775083842202e-09,other
1489,14925.0,10675.0,stroma,0.1258820755941183,-0.2233078155058161,0.3955799647739955,1.5907048023164567e-10,stroma
1490,14678.0,6188.0,immune,0.2747030253606926,0.084239331220829,-0.2316831942967006,8.642191117182522e-12,immune
1491,6292.0,14656.0,other,0.2944638731381351,-0.128414021991727,-0.0114937359946115,5.999037972510812e-12,other
1492,11669.0,15920.0,tumor_core,0.8176516873953098,-0.2692709324353062,-0.4528116895471301,1.3633568068472428e-11,tumor_core
1493,7144.0,5532.0,other,0.5560244750427947,-0.0094457994559432,-0.1701088878086635,1.7149238130223328e-11,other
1494,13548.0,17012.0,immune,0.5426186829491065,0.0322661707257814,-0.0269252504621232,1.828275271964128e-11,immune
1495,16270.0,10837.0,immune,0.5296661206882729,0.0385480234479494,-0.175351711000715,3.31547421577774e-11,immune
1496,11942.0,15147.0,other,0.5206679017751809,-0.2484431327627518,-0.3177467911584036,3.071057257666283e-12,other
1497,11648.0,20251.0,other,0.618811977218233,-0.1724390258804433,-0.0326984528132847,1.3314168127585532e-10,other
1498,13598.0,6801.0,other,0.427968646970257,-0.2867705336956035,-0.0640249524797711,3.5841857697408416e-11,other
1499,3310.0,18818.0,stroma,0.4241874778030703,-0.2836537839348473,0.1813696697780064,1.7372885472042218e-11,stroma
1500,13292.0,14380.0,tumor_core,0.7316356779630667,-0.2347888558633348,-0.2711385127476283,3.581129433130708e-11,tumor_core
1501,17842.0,19817.0,tumor_core,0.96934072397585,-0.0793149879463764,-0.4984401321411132,1.2708440396784028e-10,tumor_core
1502,13016.0,15771.0,other,0.6110132908661093,-0.0472346747502214,-0.1250338881356374,1.0126181742732368e-11,other
1503,9510.0,17147.0,other,0.3999627653727253,-0.1900443155905579,-0.1600953647068568,2.040031378244132e-11,other
1504,7956.0,4453.0,other,0.3199590068535516,-0.2762017017790786,0.0243227917807443,1.0684481230140186e-10,other
1505,3612.0,12167.0,other,0.6095085080037981,-0.1285966262861787,-0.0978921113695417,2.026498152489593e-11,other
1506,14093.0,15777.0,stroma,0.194612111706976,-0.1957743466113904,0.2000447763715472,6.89648804521088e-11,stroma
1507,12236.0,10044.0,immune,0.1779078285166081,0.0925408424142438,-0.1758798435756138,5.150474414797044e-10,immune
1508,16816.0,9292.0,stroma,0.6120308641047858,-0.0100712826566231,0.1643638365609305,2.0761913123980348e-11,stroma
1509,7136.0,7079.0,stroma,0.3084506293614096,-0.2649233580318768,0.0951304108755928,2.450514565556872e-10,stroma
1510,7905.0,14973.0,other,0.3167128005169496,-0.0437147219406499,-0.0623765972682408,8.163813328383607e-12,other
1511,4395.0,17277.0,other,0.2507630139732179,-0.0275318096138345,-0.3843206671306065,2.030414553526634e-11,other
1512,13029.0,12987.0,other,0.5813849148334272,-0.137463668355969,-0.2565090336118426,1.6402917961333123e-11,other
1513,16514.0,15943.0,tumor_core,0.7699590136197934,-0.2759955551016296,-0.1907294069017682,6.934623987033344e-11,tumor_core
1514,14654.0,11138.0,other,0.3431220155205731,-0.1515219471174529,-0.1453543049948556,4.698359731403798e-11,other
1515,7656.0,10795.0,immune,0.3290612791322908,0.3325788457277511,0.112303581237793,1.7441092520597635e-10,immune
1516,7673.0,7391.0,immune,0.5253674213632527,0.1410193296421564,0.0455596869332449,1.9044670360843695e-10,immune
1517,8499.0,3528.0,stroma,0.2381949822488933,-0.257224643127966,0.1331527737208774,5.600423481331274e-11,stroma
1518,4690.0,11863.0,stroma,0.4751972196657613,0.1817508584107232,0.4431891523088727,1.4420873597196874e-10,stroma
1519,10087.0,9105.0,stroma,0.2117065121549202,-0.1105006111300094,0.3976005717686245,9.263677606919163e-11,stroma
1520,6047.0,9549.0,stroma,0.3468052552278982,0.0910062450050966,0.957051010131836,6.234760040069525e-11,stroma
1521,9038.0,3530.0,stroma,0.1932857326898913,-0.0391466280706974,0.1129481615339006,2.4052005572083864e-11,stroma
1522,7640.0,14198.0,other,0.4823555873201539,-0.2267269698161109,-0.4298890537875039,2.2942535005328788e-11,other
1523,10314.0,17924.0,stroma,0.4744057856493004,-0.166430620738121,0.2193378857203892,1.5340300283041054e-11,stroma
1524,18134.0,15023.0,tumor_core,1.2108014610561175,-0.1258825329492632,-0.4408365631103516,9.650425418967464e-10,tumor_core
1525,18107.0,20592.0,other,0.3575282302593111,-0.2770211122033418,-0.3685713396753584,2.785834910323018e-10,other
1526,5256.0,6297.0,tumor_core,0.713517299663072,-0.1053615770059875,-0.2603429181235177,1.0265241003642955e-10,tumor_core
1527,17600.0,14092.0,other,0.6094870160432927,-0.1562980466380843,-0.5093520736694336,2.1632288673996847e-11,other
1528,6863.0,7852.0,tumor_core,0.6558410767055083,-0.1744087171289846,-0.1864970534188406,2.4932176070351427e-10,tumor_core
1529,11422.0,11432.0,other,0.5739986999380051,-0.163138584412613,-0.011912487574986,7.201042538969873e-12,other
1530,16813.0,9911.0,tumor_core,0.6817313100096135,-0.0678356963191127,-0.2715068272181919,2.0862875831685763e-11,tumor_core
1531,2775.0,18197.0,other,0.1955569670504371,-0.1570829915624634,-0.2390589264460972,1.9805133924681477e-12,other
1532,15153.0,19185.0,stroma,0.626075836064603,0.1511838323407323,0.2467422812325614,7.223448031184215e-11,stroma
1533,12241.0,9115.0,tumor_core,0.6707780614909594,-0.2045411281821379,-0.5228895950317383,1.7724733716651235e-10,tumor_core
1534,14138.0,6495.0,stroma,0.1833692259893663,0.3951355497270054,0.5939447784423828,3.820689994700573e-10,stroma
1535,15469.0,9440.0,stroma,0.5957551660839459,-0.2173315520614471,0.2849153055463519,2.1534927453255135e-11,stroma
1536,5500.0,11403.0,other,0.5793770207654709,-0.0398046549804572,-0.3206984955923897,1.5704676650740355e-10,other
1537,4156.0,10932.0,other,0.351945096671524,-0.1248489517964059,-0.1717151941571916,1.3920532521669684e-11,other
1538,4989.0,5831.0,stroma,0.1686575689343226,-0.0865196576688897,0.1060212380545479,1.0573583540541568e-10,stroma
1539,12205.0,16541.0,other,0.3838602241596577,-0.3258696722779369,-0.3206803730555942,4.2899912802103414e-11,other
1540,13332.0,6027.0,stroma,0.3071349286621621,-0.068120875339795,0.3868476458958217,1.4232335487077747e-10,stroma
1541,13848.0,10670.0,stroma,0.5612896291087253,-0.0368850647463839,0.2323027147565569,1.1428486125676959e-11,stroma
1542,18154.0,11001.0,tumor_core,0.9275320415185946,-0.2634761821489279,-0.3770910814830235,1.9709242478413398e-11,tumor_core
1543,7391.0,10020.0,other,0.2810335145586403,-0.1777941502182394,-0.4085869700568062,2.3308853485273108e-11,other
1544,15186.0,12378.0,stroma,0.2731520798153753,0.0616799750949728,0.7066127695356096,6.075170337424882e-10,stroma
1545,4443.0,7376.0,other,0.5669227350478204,-0.0752402480403468,-0.0268835340227399,5.000657393713018e-11,other
1546,7628.0,16673.0,other,0.3724140494576122,-0.0523390557328746,-0.2516062246050153,1.1387735196790371e-11,other
1547,11945.0,14529.0,tumor_core,0.8535926906625925,-0.077145673825611,-0.2331949165889194,1.6649526783760018e-10,tumor_core
1548,6601.0,6458.0,other,0.2226694569720289,-0.1328071819079297,-0.2082577957425798,8.554866274942987e-12,other
1549,7917.0,12498.0,other,0.5115837118198179,-0.2170355264684532,-0.3517490993227277,5.655779374352561e-11,other
1550,15450.0,13463.0,immune,0.4170090194402239,0.2501377564105058,-0.0403146743774414,8.975555230031825e-11,immune
1551,15172.0,15163.0,other,0.3061754829245812,-0.2693957134782414,-0.4557626342773437,5.804197631958753e-10,other
1552,12747.0,15615.0,tumor_core,0.6573237330435792,-0.2776467149655593,-0.2321347733906337,1.3430438477303867e-11,tumor_core
1553,13572.0,12061.0,other,0.6275295150588595,-0.0575281860664444,0.0628825351170131,1.1085390426061662e-10,other
1554,16263.0,12384.0,stroma,0.3029745710890451,0.0327288035335376,0.2257743726457867,1.0586276928074116e-10,stroma
1555,17857.0,16723.0,tumor_core,0.6901975340948352,0.3636059303338343,0.2138326590401786,1.8058669577226547e-10,tumor_core
1556,10377.0,4929.0,other,0.2337674660284933,-0.1007217562898865,-0.4069538123267037,9.793557618480424e-11,other
1557,10360.0,8333.0,other,0.418773893427643,-0.2322924637521235,-0.0899772889273507,4.269656545950872e-11,other
1558,12475.0,16388.0,tumor_core,0.7547530963345433,-0.2235287794987417,-0.2655439335959298,5.0795109449211394e-11,tumor_core
1559,5230.0,11557.0,stroma,0.3359708475129374,0.3191319341987457,0.8098746381487165,1.4966282935447672e-10,stroma
1560,8962.0,19000.0,immune,0.158374181986998,0.1193659654831817,-0.0863351222446986,4.3455994441107487e-10,immune
1561,13851.0,10051.0,tumor_core,0.7550219721442101,-0.1233150977801457,-0.1353167533874512,6.173891332453737e-11,tumor_core
1562,17888.0,10226.0,other,0.5545104425454072,-0.1728779618924532,-0.221108706338065,4.4297630104262426e-11,other
1563,9296.0,5852.0,immune,0.6177718810815711,0.0434173712757733,-0.3881364917755127,4.3435281658487664e-11,immune
1564,5221.0,13413.0,tumor_core,0.6672995348790464,-0.0635588400087247,-0.2213542148045131,4.396191209350227e-11,tumor_core
1565,11659.0,18085.0,tumor_core,0.7049224401823283,-0.1376673437462837,-0.2527665219988141,3.9875467987882544e-11,tumor_core
1566,16810.0,10530.0,other,0.5972280822344275,-0.1802109042476105,-0.0841847964695521,3.2695014173259705e-11,other
1567,11182.0,5397.0,tumor_core,0.6724654231524079,-0.1629811940143647,0.1229000146048409,6.324373754990073e-11,tumor_core
1568,8483.0,6931.0,other,0.5752522993407794,-0.0404128185913692,-0.0430681719098772,1.1467177867754974e-10,other
1569,3597.0,15261.0,other,0.3723423977026203,-0.2608252586343227,-0.1021596050262451,4.5485867580269696e-10,other
1570,6605.0,5530.0,stroma,0.21861166327706,0.18115836646632,0.4465401349748883,3.086744315321479e-10,stroma
1571,10642.0,5704.0,other,0.4013403392363829,-0.2746002721923128,-0.4131803478513445,1.1129437192289051e-10,other
1572,6001.0,19141.0,other,0.3936825232903543,-0.2662291431153742,-0.3831373524665832,2.8163371384652075e-11,other
1573,6571.0,12646.0,immune,0.1952543203805574,0.0263527560029125,-0.3606595846584864,5.903700028990553e-11,immune
1574,6620.0,2436.0,other,0.4262503192385913,-0.1701693972279144,0.0393319511413574,1.3083115465754004e-11,other
1575,9813.0,10186.0,tumor_core,0.6956517584371886,-0.0325878913218107,0.4676781327383859,6.854749341557451e-11,tumor_core
1576,5263.0,4750.0,other,0.5950724788274426,-0.2358732925231614,-0.1872781099591936,2.1461571643309508e-11,other
1577,6550.0,16978.0,stroma,0.193596758527015,0.1193713210202903,0.2227799715314593,3.384658881814574e-11,stroma
1578,5239.0,9700.0,other,0.4127537127537787,-0.0784024825068804,-0.0674008069719586,2.753962610791549e-11,other
1579,13311.0,10358.0,tumor_core,0.669836496003865,-0.1789829792897817,-0.4008457381384713,1.551777845091434e-11,tumor_core
1580,7661.0,9867.0,stroma,0.5853040540664103,-0.0748776503569075,0.4063438388279506,1.588186358895074e-11,stroma
1581,17066.0,13161.0,immune,0.4788679313111054,0.0360375162865165,-0.1792482348850795,1.4488410109640648e-10,immune
1582,17608.0,12545.0,tumor_core,0.7959398642710963,0.023427375835129,-0.2315500961031232,4.3541448627262556e-10,tumor_core
1583,18675.0,14407.0,other,0.6041283182306921,-0.1024864604616574,-0.2020715890611921,6.915305801231254e-10,other
1584,6844.0,11874.0,other,0.3962519418016034,-0.1539017929986418,0.0033797482081822,3.4646486798362647e-11,other
1585,8952.0,21166.0,other,0.445417739286633,-0.3053427753612441,-0.3834207790238516,2.219551952532168e-10,other
1586,14611.0,19801.0,immune,0.2544296718169493,0.1291489157089189,-0.0041343743460519,2.2650479135417328e-10,immune
1587,10056.0,15602.0,stroma,0.5770546080167777,-0.2547048012216316,0.1307965224129813,6.9733732560681655e-12,stroma
1588,10648.0,4466.0,immune,0.4635047647434135,0.2495464764556775,0.1928324563162667,3.8335908098545965e-10,immune
1589,3047.0,17734.0,immune,0.2549346684266599,0.0969308590820662,-0.3759988796710968,1.0085396396399952e-10,immune
1590,5515.0,8309.0,other,0.3876149094344785,-0.2072941575487568,-0.1828534398760115,1.535095051424519e-11,other
1591,10884.0,11429.0,other,0.3699094318817811,-0.0517124357742703,0.0649783025469098,1.4077156325177129e-11,other
1592,5542.0,2740.0,other,0.4552644096879237,-0.219474261962838,-0.2715855721064976,1.2808711559693427e-11,other
1593,9556.0,7555.0,other,0.316839464558851,-0.2872634712809478,-0.4132231562478201,1.5615478526048407e-10,other
1594,8417.0,20545.0,tumor_core,0.9167784474154332,-0.082765263822837,-0.4728355026245117,1.0045287391579503e-10,tumor_core
1595,15730.0,11143.0,other,0.3945116589876287,-0.2467191786982951,-0.2315787506103515,1.0428464573934155e-09,other
1596,11668.0,16229.0,tumor_core,0.6674515860421317,-0.2757840633264243,-0.4426551743916103,8.151239546247129e-12,tumor_core
1597,12239.0,9425.0,other,0.5240165064913199,-0.219216738419239,-0.0670315538133893,1.5596954789452613e-11,other
1598,5768.0,11559.0,other,0.584729203784683,-0.2902570795534675,-0.191083493913923,1.3688571010376588e-10,other
1599,11432.0,9266.0,stroma,0.5084968362992927,0.2060168021729477,0.4479210553850446,1.3901411721867443e-10,stroma
1600,13013.0,16390.0,other,0.5246194572485305,-0.2682061153423991,-0.3129386820111956,1.2020419895135235e-11,other
1601,14070.0,20418.0,stroma,0.5840178020619934,0.1521323267744059,0.5988507843017579,6.077144926237721e-11,stroma
1602,6539.0,19143.0,other,0.3655472441807689,-0.0929229408502578,-0.2958797141483852,1.9871716249084513e-11,other
1603,5213.0,14960.0,stroma,0.4316929518204979,-0.2101863969789876,0.1312244033813476,2.0975783133583567e-10,stroma
1604,8744.0,8634.0,tumor_core,0.6627003705398692,-0.1086565830389886,-0.4327332637991224,2.5128284772642452e-11,tumor_core
1605,4707.0,8460.0,other,0.1710466675653211,-0.2077601906392499,-0.2748157255990164,2.9094895289344303e-10,other
1606,13034.0,12059.0,other,0.522664114018529,-0.3028960350932911,-0.3724657787595476,5.6514638275726695e-11,other
1607,6265.0,20225.0,other,-0.3491306944981517,-0.1372518566754622,-0.3163100242614746,1.0361043021984671e-10,other
1608,7417.0,4760.0,tumor_core,0.9412259753804194,-0.0612885233409766,0.1074635805402483,2.813198524991177e-10,tumor_core
1609,5746.0,16200.0,other,0.2597316397230783,-0.0976917274445722,0.012479566846575,3.1399016735645527e-11,other
1610,13290.0,14690.0,immune,0.6410501814757189,0.008632327389922,-0.1477164241245815,3.5323641674160887e-11,immune
1611,7916.0,12807.0,stroma,0.1803041427956103,0.0262327932013481,0.1271414266313825,6.383515635177747e-11,stroma
1612,10878.0,12667.0,other,0.312449745112389,-0.1533405437937438,-0.1437999534606934,2.38485689865763e-10,other
1613,14387.0,10673.0,other,0.6205909588192934,-0.0750965914958527,-0.1019547244480678,3.5807612772712716e-11,other
1614,9291.0,6780.0,tumor_core,0.8790635861463538,-0.2180842458988329,-0.4175145854268755,5.844917588273903e-10,tumor_core
1615,13545.0,17630.0,other,0.4322283000525441,-0.0901926837028951,-0.4372279994828361,5.691891748850968e-12,other
1616,8448.0,14047.0,tumor_core,0.7444768157695648,-0.1653305777164448,-0.4316521222250802,3.4904570386264516e-11,tumor_core
1617,7120.0,10483.0,other,0.1835659553769222,-0.259619695633479,-0.0027918216160365,1.8792359057118328e-10,other
1618,16763.0,20121.0,stroma,0.0334153216500067,0.0188200160391351,1.5038533183506555,2.2467060392003598e-10,stroma
1619,9798.0,13280.0,other,0.5560261716321467,-0.0653916975659422,-0.2199645246778215,1.4834599353083205e-11,other
1620,6872.0,5995.0,other,0.2794403728108392,-0.1000421131323265,-0.0930204950060163,6.247621514125375e-11,other
1621,13586.0,9277.0,other,0.6157736942843531,-0.2272065966296674,-0.3617246069226946,2.9015695323277315e-11,other
1622,15691.0,19188.0,stroma,0.2293436113505669,0.191641134826365,0.5005183437892369,3.3964660482643423e-10,stroma
1623,13017.0,15462.0,tumor_core,0.7364502593174876,-0.0469412428772552,0.2858209800720215,1.4429681725088772e-11,tumor_core
1624,11989.0,5556.0,stroma,0.4864328746484773,0.1473538820928011,0.4182098933628627,2.0996342427733996e-10,stroma
1625,7423.0,3523.0,tumor_core,0.829536777214716,-0.1566742570659834,-0.3360781873975481,1.9305267787855077e-11,tumor_core
1626,15736.0,9906.0,other,0.510976777209303,-0.086170345544815,-0.1337578446524484,7.339865696689855e-12,other
1627,17308.0,18886.0,stroma,0.2647454548887873,0.0985963666507371,0.9394362204415458,5.816396808898627e-10,stroma
1628,10086.0,9414.0,tumor_core,0.9103649912950292,-0.0927975259742627,0.1495636885506766,8.726182807944298e-10,tumor_core
1629,4155.0,11242.0,stroma,0.2640651870208185,-0.1122085149786875,0.31513916015625,1.007580278354582e-11,stroma
1630,11921.0,19479.0,stroma,0.430493541783363,0.1173378221455822,0.2003046580723354,2.0862761206318e-11,stroma
1631,10912.0,5551.0,tumor_core,0.7211029248406766,-0.0931308874940462,-0.3150463914871216,2.8642016246436577e-11,tumor_core
1632,15151.0,19495.0,other,0.5654956391536606,-0.125182264214942,-0.2954501417704991,2.9852444586641515e-10,other
1633,5215.0,14651.0,other,0.2280987692016425,-0.0927919801804944,-0.2620547158377511,3.381343765534118e-11,other
1634,12505.0,10200.0,tumor_core,0.8377197216249724,-0.0822903244918943,0.0028153446742466,1.1339371381457724e-10,tumor_core
1635,15721.0,13000.0,immune,0.5457176526692318,0.0822924056162465,-0.4386908636774335,3.0594379880855536e-10,immune
1636,16775.0,17646.0,tumor_core,0.6782625798182428,-0.1668949630591794,-0.5078197479248047,4.463450492612841e-11,tumor_core
1637,16272.0,10527.0,other,0.4876482123267959,-0.1866768404713332,-0.3233676283700125,6.626939891299518e-11,other
1638,4714.0,6913.0,stroma,0.5094932654902895,-0.1350846659915153,0.6237308938162667,4.923073085899425e-10,stroma
1639,11978.0,7722.0,other,0.6141984935917767,-0.0554599741041489,-0.2720080641337803,5.849731422610857e-12,other
1640,9777.0,17612.0,immune,0.499259612247105,0.3061879721275373,0.2405502591814313,2.2973438068455478e-10,immune
1641,9290.0,7090.0,other,0.0653737178813462,-0.1479628270539991,0.0275368063790457,1.2516772535483481e-09,other
1642,8150.0,20079.0,immune,0.5759378453343391,0.0097158528159887,-0.4953741455078125,3.7269444093133264e-10,immune
1643,3862.0,16036.0,stroma,0.2367045835932058,-0.0530584363165421,0.1450846890040806,4.2152854719033686e-11,stroma
1644,7928.0,10332.0,other,0.6237217445044366,-0.295122425330744,-0.3072058834348406,7.431955433535317e-12,other
1645,9012.0,8790.0,other,0.531273821742057,-0.1917691749325796,-0.4425130660193307,3.3030938238397995e-11,other
1646,14951.0,5416.0,tumor_core,0.7584277790321943,-0.0394801497459411,-0.4318965148925781,2.7899162467274216e-10,tumor_core
1647,3868.0,14799.0,stroma,0.2219162814797742,0.3925157870809123,0.988368432181222,1.544186277849123e-11,stroma
1648,11926.0,18551.0,stroma,0.4305490661101738,-0.0471685520642807,0.3298763602120536,1.8484030567444582e-11,stroma
1649,8961.0,19310.0,other,-0.0773741238869276,-0.1184549650182696,-0.3664781304768154,1.1126908484879926e-10,other
1650,9241.0,16991.0,stroma,0.4701567331645084,-0.2918022833444327,0.3527915763854981,5.2958910937738486e-11,stroma
1651,4119.0,18668.0,other,0.3060638733129601,-0.1852576372915489,-0.411158321584974,8.316975918525102e-11,other
1652,4123.0,17739.0,other,0.5756648174296861,-0.1303815831427587,-0.3929139954703194,2.5925348427587993e-11,other
1653,17602.0,13783.0,other,0.3786390072318759,-0.2243754717075722,-0.4725015308175768,5.0749629362390985e-11,other
1654,14099.0,14539.0,other,0.6245839744377685,-0.1934465430356711,-0.427385527747018,1.3104320564373284e-11,other
1655,9033.0,4459.0,other,0.5295870690423485,-0.0211989573899517,-0.354335321017674,5.927885700437789e-11,other
1656,3321.0,16652.0,immune,0.3102478679280267,0.2180687112248046,0.0706661033630371,1.2127393587958528e-10,immune
1657,19734.0,18125.0,tumor_core,0.7791643901616478,-0.2306959079124866,-0.2914243534633092,9.620988925581371e-10,tumor_core
1658,4654.0,19289.0,other,0.5836842574414907,-0.2062858541023765,-0.1567627797807966,3.072107834678244e-11,other
1659,9271.0,10803.0,other,0.5507016881428881,-0.2204326784670524,-0.0794155638558523,5.039323130088176e-11,other
1660,16000.0,10990.0,other,0.5247673316289915,-0.046192880773271,-0.2420758587973458,4.832842002985717e-11,other
1661,9309.0,3068.0,stroma,0.2297052550750176,-0.1315914763505957,0.2226213264465332,2.0891356889950877e-11,stroma
1662,11975.0,8341.0,stroma,0.6404321712592648,-0.1123991632102895,0.1574956512451171,1.2186672531671239e-11,stroma
1663,13599.0,6492.0,stroma,0.5005761619267963,-0.1309753702072837,0.3705769184657505,2.0787750887885495e-11,stroma
1664,10896.0,8954.0,stroma,0.5734676514695954,0.2658119471503534,0.799550301688058,1.8154336193783176e-10,stroma
1665,9796.0,13590.0,other,0.5449534477460648,-0.2448771903584884,-0.0467645018441336,1.4321956469023279e-11,other
1666,13832.0,14074.0,tumor_core,0.6536133885955079,-0.0907240216233327,-0.0827071707589285,1.6017567639107938e-11,tumor_core
1667,8953.0,20857.0,tumor_core,0.8604586721038087,-0.0858517544488169,-0.4281807225091116,1.4814344319470035e-10,tumor_core
1668,15720.0,13309.0,immune,0.0879733372740411,0.6682162640087925,0.3748145239693778,4.4302432509856655e-10,immune
1669,17329.0,14555.0,tumor_core,0.7051530135786546,-0.0538410777092663,-0.3477973369189671,1.0744526167091756e-10,tumor_core
1670,4977.0,8307.0,other,0.5758249647665343,-0.0390904912121999,-0.2671186222348894,2.9523079137888333e-10,other
1671,4164.0,9385.0,tumor_core,0.777035128007342,0.0599086938751461,-0.4611101913452148,2.7731286391685084e-11,tumor_core
1672,15976.0,15941.0,tumor_core,0.7426729568013294,-0.1623161506003841,-0.4531180953979492,1.327111844447664e-09,tumor_core
1673,5195.0,18673.0,tumor_core,0.8327857718828884,-0.0677581142559434,-0.3409580710956028,4.5957545202313703e-10,tumor_core
1674,5501.0,11094.0,other,0.1710028470076856,-0.2584711419135588,-0.3413761728150504,2.5800129272566636e-10,other
1675,15424.0,18722.0,stroma,0.0498476750784386,0.2600568959911095,0.5984129088265555,2.517827998679976e-09,stroma
1676,14896.0,16554.0,tumor_core,0.8516587296702602,-0.0502498655401191,0.3576728984287807,7.390971985605081e-11,tumor_core
1677,9520.0,14981.0,tumor_core,0.7565075955706383,-0.1346368670121988,-0.2802000427246093,3.958199792067078e-12,tumor_core
1678,5789.0,7228.0,tumor_core,0.6637294756486112,0.0767041572014718,0.1839093099321637,2.2983320678781607e-10,tumor_core
1679,7079.0,18837.0,other,0.271101637517503,-0.0596033707474569,-0.479055290222168,2.6319268354283295e-11,other
1680,9021.0,6934.0,stroma,0.6060614892186049,0.06029960760756,0.3451277487618583,2.8566346667347525e-10,stroma
1681,12458.0,19791.0,stroma,0.3689414510790934,0.160187804254898,0.5659255981445312,2.7987479560795867e-10,stroma
1682,5993.0,20688.0,other,0.3104130058252,-0.0845358010520224,-0.364293680872236,4.121900144730759e-11,other
1683,18654.0,18738.0,immune,0.5732936278514186,0.3826836526906251,-8.072171892414826e-06,4.525580494189049e-10,immune
1684,11178.0,6326.0,stroma,0.2312902192712859,0.1819009845782829,0.399883360181536,5.155445816828705e-10,stroma
1685,4713.0,7222.0,other,0.4226233755753572,-0.2398846689131335,-0.1003122057233538,8.75577650823486e-11,other
1686,7068.0,21002.0,other,0.3316869767720267,-0.1074018269393027,-0.2932624684061323,1.5813625903345387e-10,other
1687,8977.0,15906.0,other,0.6122515505592295,-0.3122305665111815,-0.2152609716142927,3.5199620768805965e-11,other
1688,4956.0,12638.0,stroma,0.4259761410728739,0.0238730080831358,0.1355461038861956,6.801460459757937e-11,stroma
1689,6602.0,6149.0,tumor_core,0.8717798944401947,-0.035909380176689,-0.3489163344247,1.6649298983001148e-10,tumor_core
1690,2513.0,16803.0,other,0.4214098944988599,-0.0421340431388264,-0.0369202968052455,5.220295140501696e-11,other
1691,15417.0,20270.0,stroma,0.5105275897485982,0.0235829467759774,0.0914219747270856,2.195639956712149e-11,stroma
1692,5782.0,8775.0,other,0.2275541626481287,-0.1046626423098637,-0.1944003677368164,4.657564393211882e-11,other
1693,14934.0,8819.0,other,0.3771078195690766,-0.0941642024540969,-0.3937469281469072,5.551345956036904e-11,other
1694,16815.0,9602.0,tumor_core,0.7533563255463671,-0.0602560708123155,-0.0665115697043283,6.810356360128367e-11,tumor_core
1695,14115.0,11136.0,stroma,0.196220803009355,-0.0517780300880912,0.3199343327113559,8.038008183276469e-11,stroma
1696,9576.0,3533.0,tumor_core,0.8792325785153208,-0.1111436107524145,-0.217313483783177,2.7412380425974715e-10,tumor_core
1697,18672.0,15025.0,immune,0.5508839551462995,0.3911122920519984,-0.1908328860146658,5.82014596316843e-10,immune
1698,13554.0,15774.0,tumor_core,0.8135611158317939,-0.3021139019198267,-0.4175640015942709,1.3386298038522918e-10,tumor_core
1699,5783.0,8465.0,other,0.334865716365474,-0.2955185854674069,0.0173650346483502,3.4418284688726276e-11,other
1700,12208.0,15922.0,tumor_core,0.8044616309702681,-0.2034512234152559,-0.4341204951490675,6.665577152082819e-11,tumor_core
1701,4447.0,6447.0,stroma,0.1892767629138803,-0.0179558944565518,0.1458526856558663,6.672581290459275e-11,stroma
1702,13856.0,9123.0,tumor_core,0.692169135506064,-0.1579800334393465,-0.2712020696912492,1.7082327049246178e-11,tumor_core
1703,14652.0,11448.0,other,0.6219794299892816,-0.1312177787537561,-0.1744566672188894,1.299243608597541e-10,other
1704,4963.0,11091.0,stroma,0.3495266759841348,-0.0221187378410623,0.0749208286830356,2.3742410700251924e-11,stroma
1705,12214.0,14685.0,tumor_core,0.6986513238396649,-0.205966915476288,-0.0958500289916992,4.7086041487729036e-11,tumor_core
1706,6823.0,16205.0,tumor_core,0.9175867517751108,-0.2356077441065052,-0.376160500730787,7.886200055649159e-11,tumor_core
1707,9300.0,4924.0,tumor_core,0.7187322157569951,0.0007315611941766,0.240829358782087,3.816846117810263e-10,tumor_core
1708,10853.0,17617.0,other,0.613512684720589,-0.3151417379734509,-0.104685194832938,2.3493749085312006e-11,other
1709,6286.0,15893.0,stroma,0.606440435319939,-0.0360736886204826,0.4759437969752721,6.428950648548117e-11,stroma
1710,9810.0,10805.0,other,0.4641763361622708,-0.2165151140025488,-0.2632400703430175,7.844136412567189e-12,other
1711,9268.0,11421.0,stroma,0.3066728067078046,-0.1086706187373245,0.1490416635785784,5.06007582167681e-10,stroma
1712,12220.0,13447.0,other,0.5045774076723297,-0.0293053312595389,-0.3840592636380877,1.413933909265598e-11,other
1713,8973.0,16835.0,tumor_core,0.8325070511917596,-0.3174894928590616,-0.2770102800641741,1.5680790835738492e-10,tumor_core
1714,15211.0,7119.0,stroma,0.6441078602067576,0.4617035667329258,1.263353658403669,2.646568082640519e-10,stroma
1715,3598.0,14952.0,other,0.4826488581736958,-0.0070752891735907,-0.3039563117708478,3.057043690683005e-10,other
1716,9009.0,9409.0,stroma,0.621513042559674,0.0391129423519943,0.1948854773385184,1.0998781368827004e-10,stroma
1717,11428.0,10194.0,other,0.5989400858161318,-0.2390186088346478,-0.3341398218699863,3.6975984321804465e-11,other
1718,15162.0,17329.0,tumor_core,0.6905067705353749,-0.0703999174700084,-0.1444020502907889,1.9440473056843443e-10,tumor_core
1719,12803.0,4168.0,stroma,0.3297470395425594,-0.2060547876451965,0.3320709010532924,1.1255916600104511e-10,stroma
1720,7150.0,4295.0,stroma,0.4935261277430124,-0.1174705233478272,0.5570420919145855,1.6265815944463272e-11,stroma
1721,9262.0,12659.0,other,0.5728846483239735,-0.1976695328011554,-0.3132431513922555,2.375645695820172e-12,other
1722,11951.0,13291.0,other,0.5792589384208818,-0.2505212456073323,-0.3311919757298061,1.0970167838185796e-11,other
1723,15147.0,20423.0,tumor_core,0.7296621801754888,0.1884721053876303,-0.0868449102129255,1.990827446052807e-11,tumor_core
1724,6884.0,3520.0,other,0.4473132401390478,-0.2750604405444126,0.031353165762765,1.3298314864299763e-10,other
1725,13568.0,12989.0,immune,0.4300957754725806,0.1797755215434426,0.166345351082938,5.984445110160145e-11,immune
1726,11438.0,8029.0,tumor_core,0.8183722262871689,-0.137628252022929,-0.1681808825901576,8.538185115814477e-11,tumor_core
1727,17095.0,7283.0,tumor_core,0.8400479999736079,-0.2171981505473227,-0.2776593467167445,3.9625120779466423e-10,tumor_core
1728,6806.0,19609.0,immune,0.0850465661155868,0.0247468044474336,-0.383921775817871,1.0405071673512127e-10,immune
1729,7955.0,4763.0,tumor_core,0.8844217993497621,-0.1416485491702413,0.0176949065072195,2.1224522107654075e-10,tumor_core
1730,8768.0,3684.0,tumor_core,0.6928860343428381,-0.1749150091862268,-0.2766363508360726,2.7340474513841105e-11,tumor_core
1731,11693.0,10969.0,tumor_core,0.8685497245532554,-0.170766880100641,0.1727913066319056,4.68577395543468e-10,tumor_core
1732,6314.0,10015.0,stroma,0.5757488102606594,-0.0651532353507755,0.1310455077035087,6.458476836875823e-11,stroma
1733,13295.0,13762.0,tumor_core,0.6938560811350925,0.1105061723372997,-0.2749671908787319,9.295196242319335e-11,tumor_core
1734,6869.0,6614.0,other,0.2892614951641196,-0.0329613363247546,0.0082837036677769,4.706934097809518e-11,other
1735,4410.0,14183.0,tumor_core,0.7810165390643725,0.0352989896320681,0.0877813856942313,6.583447361014677e-11,tumor_core
1736,15489.0,5418.0,other,0.5948644818189845,-0.2513217652766274,-0.040410417829241,4.3622277507244047e-10,other
1737,4144.0,13408.0,other,0.5057475683444527,-0.1550851035169339,-0.1121257441384451,2.941041086173591e-10,other
1738,3333.0,14177.0,tumor_core,0.7176019855107922,-0.18659118795634,-0.3844649117333548,4.3766132692436215e-10,tumor_core
1739,12781.0,8809.0,tumor_core,0.6974679109348432,-0.1438547961179028,-0.4265590347562517,5.307769280885995e-11,tumor_core
1740,7138.0,6770.0,other,0.6090490696871385,-0.2536985730714989,-0.2414439126423427,1.9938702297407468e-10,other
1741,16511.0,16562.0,other,0.3110772029551197,-0.1767750314322105,-0.1353915922982351,4.962285589558127e-11,other
1742,12784.0,8190.0,stroma,0.192868336963745,0.1403654785586633,0.5584348678588867,2.424640580577408e-11,stroma
1743,8456.0,12500.0,other,0.4660600966712316,-0.1796798322851473,-0.3729439411844525,6.7058589601703796e-12,other
1744,6026.0,13881.0,other,0.1681215655655097,-0.0130508524982157,-0.0388632025037493,2.7960036250563597e-11,other
1745,8489.0,5694.0,stroma,0.5479279474238306,-0.0025920645042954,0.3959427397591727,8.279997904189487e-11,stroma
1746,12760.0,13140.0,stroma,0.3704960997701263,0.0736173512600896,0.3437265723092215,4.3880603304699986e-11,stroma
1747,14635.0,14851.0,other,0.6303082317085302,-0.2617399621658817,-0.2809932422637939,4.5003964551125104e-11,other
1748,17069.0,12542.0,interface,0.6979524149762132,0.2870148833638276,1.044379599434989,1.6963052224498768e-08,interface
1749,14340.0,20264.0,tumor_core,0.7236887144562383,0.0784742470969443,0.1086427279881068,2.7853733522121236e-10,tumor_core
1750,11167.0,8491.0,stroma,0.3649904611355278,-0.1795597878260735,0.3019959095546177,1.7955887418503936e-11,stroma
1751,14147.0,4638.0,other,0.469300156243124,-0.1659463947388025,-0.28457740851811,3.084898995526413e-11,other
1752,14079.0,18561.0,other,0.5481495619505959,-0.0182251657404667,-0.1361962836129324,2.987585681858868e-11,other
1753,5476.0,16354.0,other,-0.0605461762026881,-0.118520272794289,-0.1770807429722377,3.221811943389131e-10,other
1754,13329.0,6645.0,stroma,0.4740182829954709,-0.0181600856234487,0.1541146605355399,2.0362161082353205e-11,stroma
1755,13266.0,19640.0,tumor_core,0.6779031214069429,-0.1039482090824996,0.2990441540309361,2.67507055808172e-11,tumor_core
1756,13593.0,7730.0,other,0.4873070666568275,-0.2917611851733188,-0.2245055736814226,8.07833792502324e-10,other
1757,4659.0,18361.0,other,0.2980329576640435,-0.2138559212401125,-0.4705822372436523,1.870292858537108e-11,other
1758,8205.0,8632.0,other,0.4089680755812735,-0.1049194836770224,-0.1453416987827846,2.131137443253655e-11,other
1759,14073.0,19799.0,other,0.5600732188896845,-0.0203538457609521,-0.1625278091430664,9.400797735855747e-12,other
1760,6079.0,3052.0,other,0.5290897100563817,-0.1851258750118977,-0.2194704355512346,8.288156721366563e-12,other
1761,4420.0,12017.0,other,0.4574781785418181,-0.0119617397771523,-0.3305114187513079,1.4699372865303145e-11,other
1762,16780.0,16718.0,tumor_core,1.029752514620641,-0.1088264068764738,-0.3461895734923226,3.2711633941421875e-10,tumor_core
1763,10921.0,3694.0,tumor_core,0.6746845007628517,-0.1558456501808754,0.0082499463217599,1.6386780458948406e-11,tumor_core
1764,16552.0,8208.0,immune,0.5648726063743877,0.0909292388782118,-0.3029464163099016,1.1656822643155048e-10,immune
1765,18924.0,18585.0,stroma,0.2522483589779496,0.2823781569229497,0.6725322450910295,1.4759442372419219e-10,stroma
1766,5244.0,8772.0,other,0.1864970381856536,-0.196533603705786,-0.27481324332101,7.100831048191574e-11,other
1767,4174.0,7220.0,other,0.6356353800911688,-0.0313276017463651,-0.1147668784005301,2.7252720405955073e-11,other
1768,12197.0,18088.0,other,0.5646827950116429,-0.2944152525981039,-0.3644833278656005,1.658792140380587e-11,other
1769,15441.0,15319.0,other,0.6220731227761376,-0.2115705258354416,-0.0843475042070661,1.20222677256063e-09,other
1770,7958.0,4144.0,other,0.6410465638223795,-0.0464833248139794,-0.0410080446515764,6.315584868256808e-11,other
1771,11690.0,11588.0,other,0.4966737572550201,-0.0053606690854944,-0.1109742137363978,2.5785106690536286e-11,other
1772,11974.0,8650.0,stroma,0.479707174310291,-0.1661960845306131,0.0837130819048199,3.1452218610259075e-11,stroma
1773,11113.0,19630.0,stroma,0.3844600971913178,0.0183610144180691,0.2951683235168457,2.3131922151909454e-11,stroma
1774,5191.0,19601.0,other,0.2913014872762181,-0.046352976372727,-0.4417206573486328,1.4713556690904608e-11,other
1775,11170.0,7873.0,stroma,0.6402826053184151,-0.0243913727708395,0.7630594417027063,3.601854155525169e-11,stroma
1776,6551.0,16668.0,other,0.3107166838897383,-0.2205563365858058,-0.0286179229191371,1.562098203560495e-11,other
1777,17596.0,15020.0,tumor_core,0.957938068093641,-0.2163735581375124,-0.4836683654785156,6.720314664962848e-11,tumor_core
1778,16762.0,20431.0,stroma,0.0948893838737978,0.1335688315353284,1.3625696454729352,6.19549826868195e-11,stroma
1779,11995.0,4318.0,stroma,0.2460231698713733,-0.188645658635649,0.1929665946960449,8.618527702361582e-11,stroma
1780,11692.0,11279.0,other,0.649228474552085,-0.0799488099905686,-0.1132650484357561,2.6165463360314017e-11,other
1781,6052.0,8621.0,other,0.2138635337295605,-0.1557852021688034,-0.0330251339503696,2.6710763333543022e-11,other
1782,14889.0,18101.0,stroma,-0.1841694620631685,-0.1042002921118094,0.2661665725708008,1.995393529181839e-09,stroma
1783,9784.0,16065.0,other,0.5277845285768592,-0.1741994728673153,-0.0950708062308176,1.160044528971498e-11,other
1784,9232.0,18847.0,other,0.3610145801094326,-0.285495200608043,-0.3636291926247733,3.5697465874083216e-10,other
1785,9303.0,4305.0,other,0.5965163687160123,-0.17643131828069,-0.087827946799142,7.810738474117993e-12,other
1786,12797.0,5405.0,stroma,-0.3550248122055258,0.0409826520179267,0.1226967675345284,4.2221904583305086e-10,stroma
1787,10576.0,19318.0,stroma,0.3388251051349585,-0.0691358981211069,0.5659603909083777,1.096104217674554e-10,stroma
1788,8696.0,18535.0,other,0.0132002670492902,-0.1654981377729372,-0.1718290138244629,1.2395235607595554e-10,other
1789,8429.0,18070.0,other,0.2546599928507526,-0.1921315889987016,-0.1103734329768589,2.928639679238104e-11,other
1790,13860.0,8195.0,other,0.4802958437260365,-0.2394256810404168,-0.4353329849243164,6.884936145933385e-11,other
1791,17587.0,16877.0,stroma,0.4681173367559738,-0.0595595138120788,0.3933031245640346,2.7671848578160966e-10,stroma
1792,16492.0,20584.0,tumor_core,0.7928340286445069,-0.0656237607784462,-0.1326666477748325,9.562149682877027e-11,tumor_core
1793,7362.0,15899.0,immune,0.0640811901878876,0.0289933021396484,-0.2003022016797747,2.4912540884242507e-10,immune
1794,4132.0,15883.0,other,0.2130437107579934,-0.1879022970240573,-0.1933072144644601,6.102732504027298e-11,other
1795,7631.0,16055.0,stroma,0.0252518484713589,0.3200396094417845,0.3333194732666015,4.936411805789634e-10,stroma
1796,16008.0,9443.0,other,0.6154622839601248,-0.2091875571789577,0.0245230892726353,4.8715075531338925e-11,other
1797,10308.0,19162.0,stroma,0.2167087858498154,-0.1853805755219691,0.3468889672415596,3.479438995091773e-10,stroma
1798,4978.0,7997.0,tumor_core,0.7824329877288321,-0.0447885565310289,0.4875303268432617,5.545729875397543e-10,tumor_core
1799,7670.0,8010.0,stroma,0.1003337651634033,0.1001021416276095,0.4988254111153739,3.4430970852797805e-10,stroma
1800,14948.0,6034.0,immune,0.3748457379217688,0.0363773161326574,-0.2991713973454067,6.763870861950162e-11,immune
1801,15996.0,11918.0,other,0.6445309857508366,-0.0847825735892812,-0.2680028942653111,7.879649387520212e-11,other
1802,14936.0,8510.0,stroma,0.2607100825981806,0.1035954677273004,0.9479572459629604,4.542206266447679e-11,stroma
1803,7130.0,8317.0,other,0.3229771213586356,-0.1062890327079248,-0.3022832952226911,6.715711052106762e-11,other
1804,8985.0,14359.0,other,0.4732222607357506,-0.1953547955797531,-0.1337138475690569,3.233442024572516e-11,other
1805,11164.0,9110.0,tumor_core,0.7013485644259136,0.0042648220642931,-0.1459239619118826,2.7840311311115824e-11,tumor_core
1806,12767.0,11593.0,other,0.5899468858084307,-0.1162619644984133,-0.2898813867568969,1.6544207679386227e-11,other
1807,11185.0,4778.0,tumor_core,0.745421677513525,-0.0549578143651984,0.0355598640441894,2.1341170531636984e-10,tumor_core
1808,11437.0,8338.0,other,0.3549991815225047,-0.0725677812680132,0.0492130633762905,2.4942021129534536e-11,other
1809,12769.0,11284.0,other,0.3894582123907277,-0.1941772108860207,-0.1729346111842564,9.504533236347987e-12,other
1810,12188.0,19944.0,tumor_core,0.6707628840796671,0.4210802436216513,0.2357081168038504,4.0712931239728734e-10,tumor_core
1811,7129.0,8626.0,other,0.2304680642322748,-0.1421213385710402,-0.4521061025347029,2.3349958514009028e-11,other
1812,9514.0,16218.0,other,0.4737578297850041,-0.2967096017219959,-0.3339142199925013,4.615095685204799e-11,other
1813,6536.0,19762.0,tumor_core,0.6565719761761586,0.1421529215181454,-0.4079803466796875,2.3684354640832856e-10,tumor_core
1814,8214.0,6775.0,other,0.5188257207349299,-0.1743426395094497,-0.2594506556647165,1.1201510846405388e-10,other
1815,3892.0,9848.0,other,0.4528516173248437,-0.0731499537526707,-0.3926150642122542,5.780145628709301e-11,other
1816,12741.0,16853.0,other,0.5295235655794664,-0.1535940868806702,-0.2224063866479055,1.2363255744328168e-11,other
1817,17854.0,17342.0,tumor_core,0.688919524561296,-0.1926896119314142,-0.2448410981042044,1.5613305590236491e-10,tumor_core
1818,16525.0,13777.0,tumor_core,0.8107470652286753,-0.1386605460186059,-0.1429707172938755,2.486743797775176e-10,tumor_core
1819,3850.0,18512.0,other,0.4876118949824303,-0.2204555414809196,-0.4139941215515136,5.5734676932553996e-11,other
1820,6046.0,9859.0,other,0.3934907071999598,-0.2060047026648904,-0.2992951195580619,4.4180577912469066e-11,other
1821,6341.0,4446.0,other,0.34480044254292,-0.20782214932592,-0.1570164775848389,8.109576943970254e-11,other
1822,16237.0,17644.0,tumor_core,0.6752364340587407,-0.1465657187097394,-0.2810861018725804,2.3559385675949e-11,tumor_core
1823,13559.0,14846.0,other,0.4923324045490327,-0.0864240276096202,-0.3264692892347063,1.5818049106434665e-11,other
1824,10075.0,11580.0,tumor_core,0.8027199135302125,-0.1500632677942429,-0.2326775169372559,1.0293177692406995e-10,tumor_core
1825,11656.0,18704.0,stroma,0.3745396688137621,-0.147927112941414,0.215522174835205,1.3209009067794872e-11,stroma
1826,14657.0,10519.0,other,0.5608215624625479,-0.2080672177083171,-0.3262093302181789,5.911653601346507e-11,other
1827,5266.0,4131.0,other,0.553051103681526,-0.2561568776652601,-0.4181596956934247,8.422570889038806e-12,other
1828,7344.0,19611.0,other,-0.059007796665166,-0.232966906703304,-0.3723770904541015,8.670243856905042e-11,other
1829,10579.0,18699.0,tumor_core,0.6694995490610884,-0.2323675127246318,0.0902123287745884,1.158313135618201e-09,tumor_core
1830,11654.0,19014.0,stroma,0.5277979737388779,0.2448843256450314,0.7054921885899135,3.3195743801853406e-11,stroma
1831,11701.0,9422.0,stroma,0.3924283350416935,0.0031620685897105,1.1097228458949495,5.7651673537572646e-11,stroma
1832,11150.0,11895.0,tumor_core,0.8776429616136268,-0.1367174823765768,-0.1687626538957868,2.564740173001648e-10,tumor_core
1833,4413.0,13564.0,immune,0.4767093759026531,0.0259290583495765,-0.386501874923706,1.1593277307710364e-10,immune
1834,11678.0,14063.0,other,0.5722758429391044,-0.2305437294408721,-0.309856869152614,1.4432120584097084e-11,other
1835,12469.0,17625.0,other,0.5270257508194687,-0.1052028571807894,-0.4388676656995501,1.8662434771275638e-12,other
1836,9511.0,16837.0,stroma,0.6492680140904017,-0.1625712978037175,0.2340696471078055,5.2742537667164534e-11,stroma
1837,12764.0,12212.0,immune,0.5579221996113529,0.2455653739522043,-0.2553396933419363,1.808843559260144e-10,immune
1838,14614.0,19183.0,immune,0.3462353639611804,0.1658408441994456,-0.2591112429755074,1.505106376470326e-10,immune
1839,17057.0,15018.0,other,0.575270671515314,-0.2852844194559791,-0.5290579223632812,6.716085583456298e-11,other
1840,10876.0,12976.0,tumor_core,0.6790001440368243,0.1263073558964497,0.2024025726318359,2.7952315728550285e-10,tumor_core
1841,13316.0,9430.0,other,0.4317509535975103,-0.1911155195068835,-0.5194659805297852,1.3149906739540759e-11,other
1842,6287.0,15584.0,other,0.2978590990872991,-0.1698951471415495,-0.2405360296794346,1.6358909655338108e-11,other
1843,9243.0,16681.0,stroma,0.4534069794593584,0.0728330789801042,0.5165218652997697,1.6867047047694047e-10,stroma
1844,17053.0,15946.0,tumor_core,1.1545870964730574,-0.182988034193017,-0.3691677951812744,8.754185383347391e-11,tumor_core
1845,15472.0,8822.0,other,0.5716305894568234,-0.0960540320606833,-0.0728963088989257,1.6910929694492922e-11,other
1846,16557.0,7280.0,stroma,0.614468015851819,0.0370371842965014,0.6330316543579102,1.0346215217823651e-10,stroma
1847,14100.0,14230.0,stroma,0.6303487994412563,-0.0977277813377899,0.0994913155691963,2.5011438181353503e-11,stroma
1848,11977.0,8031.0,other,0.3668511940214571,-0.1900009147844205,-0.0850971739632742,5.051828638037236e-12,other
1849,6586.0,9552.0,stroma,0.2997949111953106,-0.00231532620154,0.288696893964495,1.830392142893974e-11,stroma
1850,16543.0,10064.0,tumor_core,0.6845908617584726,-0.0844140407178327,-0.4151408689362662,4.1644465172863245e-11,tumor_core
1851,6263.0,20534.0,other,0.1302381878502645,-0.1890947620643244,-0.3119979858398437,7.560598348971469e-11,other
1852,5242.0,9081.0,stroma,0.5221634638046602,0.1281469768302829,0.4207712881905692,4.717656343053972e-11,stroma
1853,7089.0,16671.0,other,0.5399767385576052,-0.2834650383979338,-0.439103889465332,5.637804143922565e-10,other
1854,6887.0,2901.0,other,0.3030034254518474,-0.2388125313045643,-0.1487502534048898,1.0196986704035339e-10,other
1855,14391.0,9745.0,other,0.4339839938960161,-0.2152214215315857,-0.3617644991193499,1.2662174288237559e-11,other
1856,10852.0,17927.0,other,0.4104986067357707,-0.3044388560647609,-0.2298451307841709,6.017306963626623e-11,other
1857,6304.0,12181.0,other,0.5602626064479751,-0.0299375102052032,-0.0196212114606584,5.363136768317826e-11,other
1858,16266.0,11765.0,stroma,0.5336630346676763,0.1102186626725347,0.2186130223955426,5.102304882895437e-11,stroma
1859,12244.0,8497.0,stroma,0.2502130127135997,-0.1302329049069424,0.2260949516296386,2.4629848174622476e-11,stroma
1860,11126.0,16845.0,other,0.6088118384005583,-0.2841730636990173,-0.4931435012817383,9.82037595191578e-12,other
1861,10111.0,4154.0,other,0.2827913324533464,-0.1601435825185994,-0.1864270332881382,6.18289140297381e-11,other
1862,6814.0,18062.0,immune,0.5903630809838798,0.2852352196644234,0.1632369858877999,1.3430750998004772e-09,immune
1863,7950.0,5691.0,tumor_core,0.830220981389427,-0.2650059697279616,0.0846658979143414,1.529819199231969e-10,tumor_core
1864,17323.0,15792.0,tumor_core,0.9574099638546644,-0.1817326602075025,-0.318440089225769,9.849864178915832e-11,tumor_core
1865,9035.0,4149.0,tumor_core,0.6868544941551962,-0.1355735361789564,-0.3494283025605338,6.12865287177233e-13,tumor_core
1866,10868.0,14523.0,tumor_core,0.7480208395997265,-0.2463300447793608,-0.3935119468825204,2.7718304367562696e-11,tumor_core
1867,7394.0,9401.0,immune,0.5727080219886903,0.0430814951743642,0.0037411185673305,6.385136566644118e-11,immune
1868,18387.0,18273.0,other,0.5248720373883343,-0.1890366880548717,-0.1658613082340785,1.0933471541190746e-09,other
1869,12533.0,4321.0,immune,0.3820951101535347,0.0340845227924663,-0.0548690441676548,3.933708259372301e-11,immune
1870,13299.0,12833.0,stroma,0.5377458680281818,-0.1186691131069188,0.1252071162632533,1.5444659350754108e-11,stroma
1871,15165.0,16710.0,tumor_core,0.6623115320105109,-0.194736232068443,-0.3563304018974304,1.1605410158564956e-10,tumor_core
1872,13004.0,18247.0,other,0.4350960279814007,-0.2165104255806067,-0.4191365691593715,1.3476463497768405e-12,other
1873,16778.0,17027.0,immune,0.5032136076820205,0.4331322160354658,-0.092676157270159,7.182485011019929e-10,immune
1874,12184.0,20873.0,immune,0.591166015325091,0.0043531576849328,-0.2426050472259521,1.6568082197214875e-11,immune
1875,5738.0,17747.0,other,0.1468483448485742,-0.0141156800838459,-0.40938246182033,1.9681333004387515e-11,other
1876,15741.0,8978.0,other,0.4451727222504804,-0.1780714780134936,-0.3790047792025974,3.600809314637342e-11,other
1877,16249.0,15168.0,other,0.6105211428004966,-0.1230549069393671,-0.5425766754150391,8.076805173610345e-10,other
1878,12226.0,12209.0,tumor_core,0.6766004470942233,0.1786961856065985,-0.0939585345132009,3.3427538940185903e-10,tumor_core
1879,6325.0,7849.0,other,0.6106910431259316,-0.1110483092445357,-0.480274658203125,2.483392030496254e-10,other
1880,15708.0,15784.0,immune,0.586278930034985,0.0432407961875456,-0.1964258228029523,1.0063473041173675e-09,immune
1881,16254.0,14240.0,interface,0.7474149885022172,0.3004027348876341,0.9340762329101562,3.706107796799766e-09,interface
1882,7142.0,5842.0,other,0.5564663211314127,-0.0749961750469781,-0.082765782220023,2.347252667720846e-12,other
1883,6346.0,3517.0,other,0.5917041550889568,-0.2766756642513767,-0.2865378437723432,7.978511574455893e-12,other
1884,16017.0,7587.0,other,0.5794653622781786,-0.1589725163356964,-0.3395741813523428,1.7946549169551923e-11,other
1885,5206.0,16507.0,stroma,0.200140728132151,0.1891178855923322,0.2621846062796456,1.6272725080571338e-10,stroma
1886,13269.0,19021.0,stroma,0.5387732861483201,-0.1023511038639484,0.4178382546561104,1.3400411321875743e-11,stroma
1887,12998.0,19484.0,other,0.5536130098688523,-0.1527099575644577,-0.3715101582663399,1.10734470191181e-11,other
1888,2507.0,18041.0,immune,-0.0324974837262015,0.0909047328298617,0.057294818333217,2.5308568851376422e-11,immune
1889,16827.0,7126.0,other,0.4679288310949777,-0.23484570522363,-0.0636826978410993,8.223525548848921e-11,other
1890,8496.0,4147.0,other,0.6467194570905295,-0.2022222393221704,-0.3127369373185293,5.703126601511711e-11,other
1891,12738.0,17472.0,tumor_core,0.6701963823342255,-0.3020681692740978,-0.304055779320853,6.397945790646988e-11,tumor_core
1892,7635.0,15126.0,other,0.2541651204585571,-0.2534719493912591,-0.3256946298054286,6.7985497559638355e-12,other
1893,8193.0,11107.0,tumor_core,0.6919677474697621,-0.1330719193961353,0.0808760261535644,8.535557526897449e-11,tumor_core
1894,8745.0,8325.0,stroma,0.4701131224517969,0.0317916225396459,1.067316949026925,1.3263678744006067e-11,stroma
1895,8732.0,11109.0,other,0.4450627941413213,-0.1002408756226044,-0.0527178464617048,3.2004319072327546e-11,other
1896,12453.0,20719.0,other,0.2373206279421812,-0.0148138055487143,-0.3242502794946943,1.3914667751545938e-10,other
1897,6886.0,3211.0,stroma,0.2552952332098898,0.0219542107472788,0.1139256286621093,1.9191663957899815e-10,stroma
1898,12496.0,12056.0,stroma,0.165810163503411,0.002306979501828,0.4410798372541155,1.2077466496460446e-10,stroma
1899,12758.0,13450.0,other,0.5943486075616179,-0.0025374225012552,-0.0282998956952776,1.4704780832367114e-11,other
1900,16808.0,10839.0,stroma,0.4135591583763993,0.1527348107799759,0.3871832275390625,2.6891002992337937e-11,stroma
1901,15448.0,13772.0,stroma,0.4687050529545814,-0.1507154522533061,0.1766736466544015,2.037471883986406e-10,stroma
1902,10074.0,11889.0,immune,0.428560939982662,0.0900463439673612,-0.1154127584184919,2.2756861983564128e-10,immune
1903,5465.0,18519.0,other,0.5088810015501936,-0.08137454950707,-0.0778044210161481,3.7752817957038e-11,other
1904,10098.0,6939.0,other,0.4270782484418479,-0.1767762217745398,-0.2373078741346087,6.990455318202117e-12,other
1905,16264.0,12074.0,other,0.6467649637224119,-0.2472015273327643,-0.3082493168967111,1.229568877433401e-10,other
1906,14130.0,8042.0,immune,0.2305657669316088,0.1490247311086572,-0.371106219291687,9.8260798013078e-11,immune
1907,12203.0,16850.0,other,0.3265125749209469,-0.2878354791242277,-0.3828160973957607,2.2301675562088275e-11,other
1908,13019.0,15153.0,other,0.4208250027489227,-0.260952931633993,-0.2602503170285906,6.474194810094978e-11,other
1909,11383.0,19476.0,stroma,0.5111259796932581,0.0879616722848832,0.5402428899492535,8.217577516043586e-12,stroma
1910,11131.0,15917.0,other,0.5782115123415953,-0.1451731021475997,-0.0865496090480258,2.8998985645030095e-12,other
1911,9525.0,14053.0,other,0.5083423497464261,-0.3033839228501634,-0.50356201171875,1.6561633829910397e-11,other
1912,7671.0,7701.0,other,0.5097402282780676,-0.1953219897767534,0.0139508438110351,1.172694434863426e-10,other
1913,6803.0,20228.0,tumor_core,0.7230239572826763,0.0330152093168657,-0.2554488474982125,5.711043034234881e-10,tumor_core
1914,10048.0,17149.0,other,0.3824591970398008,-0.289611750824062,-0.474886474609375,4.880535486210442e-11,other
1915,10588.0,16843.0,immune,0.4814334414034997,0.1491544426853814,-0.0576439952850341,3.607959169405868e-11,immune
1916,7080.0,18527.0,other,0.2205902650052268,-0.148204999359426,0.0001182174682617,7.601832157863257e-11,other
1917,17851.0,17961.0,tumor_core,0.8169126053441634,0.2840585776932943,0.0543739332471575,2.3493918122827867e-10,tumor_core
1918,7092.0,16052.0,tumor_core,0.84163003594169,-0.1519193352122703,-0.166057402747018,2.4090794403373175e-10,tumor_core
1919,7961.0,3525.0,other,0.4800777540453786,-0.0764160632745584,-0.0583815697261265,1.8096081062391497e-11,other
1920,14931.0,9438.0,other,0.6371360268597406,-0.1232701145475436,-0.3771970037051609,1.6603386299301497e-11,other
1921,8495.0,4456.0,stroma,0.2789440351616044,-0.0844697910427705,0.1044911452702113,9.541857512660526e-11,stroma
1922,17845.0,19198.0,immune,0.6082200912592624,0.2285768399095125,0.2223361015319824,2.597901858357015e-10,immune
1923,4675.0,14957.0,stroma,-0.0908015037200137,0.289159198972079,1.5701666150774276,1.4073274705473395e-09,stroma
1924,3347.0,11393.0,other,0.3811359432948287,-0.0162681797172415,-0.2247257001059396,1.925309570909527e-11,other
1925,10329.0,14830.0,other,0.3234128599998934,-0.1636378592184416,-0.225205215045384,1.0178327718847392e-11,other
1926,10654.0,3229.0,immune,0.5156786078346084,0.0155195169428358,-0.0190547575269426,1.7109640163770712e-11,immune
1927,14344.0,19336.0,immune,0.6033830551264499,0.1050593363692221,0.0079978779384067,8.796339014816902e-11,immune
1928,15454.0,12534.0,other,0.6319090458256401,-0.2107810279018216,-0.2317049625941685,2.8572837037517876e-10,other
1929,6271.0,18987.0,other,0.504992660145746,-0.1742712000977344,-0.4814433288574218,4.0911694106436024e-11,other
1930,17366.0,6820.0,stroma,-0.1634578559679816,-0.2010642983510364,0.5223519951956612,3.2426193838722816e-10,stroma
1931,3585.0,17737.0,stroma,0.4209344782513832,-0.1219768580956582,0.3105694362095424,2.981041362967284e-11,stroma
1932,9041.0,2912.0,other,0.6227823323279991,-0.2719855540802964,-0.1933077839442661,9.829758301416311e-11,other
1933,14875.0,20886.0,immune,0.3251082853754323,0.0745836591139905,-0.3300169832365853,9.032326494503864e-11,immune
1934,7937.0,8476.0,other,0.5442372058747714,-0.1400234924261071,-0.274699010848999,5.1992949064887494e-11,other
1935,7610.0,20386.0,other,0.1990939439314552,-0.1363315605331628,-0.4684423065185547,5.6833647632798446e-11,other
1936,13301.0,12524.0,other,0.5771300429237197,-0.1637427890539852,-0.4361604813167027,4.840031614794951e-11,other
1937,17042.0,18112.0,tumor_core,0.7576675872217545,-5.360882739968709e-05,-0.3743349480628967,7.226877717473186e-11,tumor_core
1938,8714.0,14822.0,other,0.4607425284637129,-0.1316259683544793,-0.34415871824537,1.0075585941514715e-11,other
1939,3606.0,13405.0,tumor_core,1.0638245987640702,0.2033968345825173,-0.0794718074798583,7.530439284401052e-10,tumor_core
1940,12456.0,20100.0,tumor_core,0.7495215736893884,0.0068624197241228,0.1806697000776019,2.0094703384235067e-10,tumor_core
1941,2508.0,17731.0,other,0.0526649177017285,-0.1869118454036193,-0.2014911052158901,6.972877682998325e-11,other
1942,10332.0,14211.0,other,0.4186655320691468,-0.1769926558891818,-0.5018672561645507,2.261991844192732e-11,other
1943,18380.0,19820.0,other,0.5395436849255806,-0.031306260123977,-0.4705909729003906,1.9600492051858174e-11,other
1944,6851.0,10327.0,immune,0.1064503240905352,0.1876931813863082,0.1737898826599121,2.2633976810895862e-10,immune
1945,4165.0,9076.0,other,0.4727957022384395,-0.0349689887724496,-0.2300932679857526,6.858328189443709e-12,other
1946,6277.0,17750.0,other,0.1368434929779139,-0.2139188139819484,-0.3728266698973519,9.885126575544163e-11,other
1947,10867.0,14833.0,other,0.4846176973125279,-0.2422102758805014,-0.4682518541812897,6.667325911258426e-12,other
1948,13011.0,16700.0,other,0.4127276668383999,-0.0276756679431073,-0.1949703816005161,1.9841412519106774e-11,other
1949,11702.0,9113.0,other,0.5685001855157138,-0.0320248634989419,0.0552822412763323,5.200806629133018e-11,other
1950,12260.0,5093.0,stroma,0.3012302934494822,0.0858366809635927,0.2322210175650459,1.1858673431401846e-10,stroma
1951,11129.0,16226.0,tumor_core,0.6629715020681731,-0.1983952646098369,-0.4935503421510969,1.6405010272345284e-11,tumor_core
1952,3595.0,15571.0,other,0.395347381712492,-0.1733761821529243,-0.0041728060586111,1.6416445136415975e-10,other
1953,6866.0,7233.0,other,0.5875071679185702,-0.1072124761974914,-0.1179036576407296,2.255817224186669e-11,other
1954,6830.0,14658.0,other,0.3534020915813208,-0.1275726402215766,-0.1071059254237583,3.5912590479473194e-12,other
1955,17864.0,15176.0,tumor_core,0.8832301855773048,-0.0251217570294623,-0.2556640536444527,1.1616910159410052e-10,tumor_core
1956,10059.0,14984.0,tumor_core,0.6828732047076421,-0.2016479412686175,-0.0962626402718679,1.976979328707438e-11,tumor_core
1957,16287.0,7433.0,other,0.6396132905325518,-0.0980726142752819,-0.3322703031131199,6.0104183387936135e-12,other
1958,12773.0,10356.0,other,0.584938137094675,-0.2395226432165307,-0.4336692459242683,2.2717380702007144e-11,other
1959,6262.0,20844.0,tumor_core,0.7591267171550689,-0.2104833870699207,-0.2939795684814453,5.015416292729779e-10,tumor_core
1960,13838.0,12836.0,other,0.5828294260275559,-0.2440271754789147,-0.2668680885859897,1.7406312383749557e-11,other
1961,9799.0,12971.0,tumor_core,0.6867630685164396,-0.3255029366829334,-0.3603509514672416,5.2777274842722503e-11,tumor_core
1962,10894.0,9264.0,tumor_core,1.0057340166598474,-0.1755625455290677,0.3465845217023577,1.5663946762149592e-10,tumor_core
1963,15427.0,18104.0,stroma,0.5984072301211774,0.2012370262070849,0.2558515793936592,3.0513161777935454e-10,stroma
1964,5470.0,17591.0,other,0.2739806102083375,-0.1919426073915295,-0.4170952752658299,1.1502551341989905e-11,other
1965,10905.0,7098.0,stroma,0.3301769391002271,-0.1460699278082068,0.5931715938023158,4.992893648750767e-10,stroma
1966,6290.0,14965.0,other,0.3763353607455698,-0.1353037262543566,-0.3365917975561959,3.1904909040547277e-12,other
1967,8955.0,20547.0,tumor_core,0.7127797354444905,-0.2936405739333363,-0.4654423141479492,1.1619220505380036e-10,tumor_core
1968,11719.0,5709.0,stroma,-0.0688470271724068,0.6872965322866139,0.9888133185250418,1.779604016363958e-09,stroma
1969,17624.0,9142.0,other,0.3421641310475131,-0.0032669686229317,0.0037198598044259,2.6649033441487465e-12,other
1970,17573.0,19661.0,tumor_core,1.041471681567418,-0.1958474146260914,-0.2817714078085762,3.45902767469277e-10,tumor_core
1971,11461.0,3388.0,other,0.4225498269868377,-0.1453685138193106,-0.1230849633898054,2.2128159019939233e-11,other
1972,13286.0,15618.0,stroma,0.5899279321028654,-0.2616282289362056,0.1277258110046386,3.4238769063131035e-11,stroma
1973,11716.0,6328.0,tumor_core,0.7728163352520102,-0.2232081330138496,-0.0409990555899484,8.813786744962834e-10,tumor_core
1974,13041.0,10512.0,other,0.3653347604226746,-0.2153407500944711,-0.4160083852495466,2.653418182073645e-12,other
1975,17324.0,15483.0,other,0.1527555526045802,-0.1357976351050729,-0.2651834460667202,3.1855691867303496e-10,other
1976,14384.0,11292.0,stroma,0.3628692631524909,0.0043489555574761,0.1811996841430664,5.3032960642455336e-11,stroma
1977,6338.0,5064.0,other,0.4004283998293707,-0.1302184736660353,-0.0435579899379184,2.7391796929412047e-11,other
1978,10356.0,9261.0,tumor_core,0.6532085543053718,0.0483421937784014,-0.031591557094029,2.354977736598687e-10,tumor_core
1979,10069.0,12818.0,other,0.4563529086821603,-0.1533457149236455,-0.4387319496699742,3.0574163963234456e-11,other
1980,5806.0,3824.0,stroma,0.5023321405924634,-0.0847353722611949,0.1565334347316196,2.4408432862323367e-11,stroma
1981,10096.0,7248.0,other,0.5611405852657037,-0.0916071808696817,-0.3235682170731681,4.934935282964848e-11,other
1982,6817.0,17443.0,other,-0.1687059226452104,-0.0366951719908454,-0.1462106023515973,1.1525925545102107e-10,other
1983,10629.0,8489.0,other,0.5133707754221082,-0.1473535908583583,-0.0579282910483224,2.4660058057902365e-11,other
1984,10051.0,16531.0,tumor_core,0.7563661948375026,-0.2908086038933784,-0.1072800827026366,3.0463684368518764e-11,tumor_core
1985,7132.0,8008.0,stroma,0.1984856117263164,0.249771685518303,0.4860337257385254,2.3330393849838505e-10,stroma
1986,8721.0,13275.0,tumor_core,0.8292315273705516,-0.207128547238757,-0.1873715468815394,7.689328913109528e-11,tumor_core
1987,14907.0,14388.0,stroma,-0.0077286827255643,0.1260758049166988,0.1494330242701939,3.7682883011499247e-10,stroma
1988,4125.0,17430.0,other,0.4732556553380715,-0.2508202145639326,-0.4541851425170898,1.380692169915576e-11,other
1989,4716.0,6603.0,interface,0.5284362077027244,0.0305064236878665,0.0421587685176304,1.279329275179135e-09,interface
1990,17881.0,11773.0,tumor_core,0.7082777553642472,-0.1455682109625086,-0.1952306093488421,8.634969461888283e-11,tumor_core
1991,12247.0,7878.0,other,0.4056846681742974,-0.1912464398282305,-0.211348054749625,4.017152314915266e-12,other
1992,6810.0,18681.0,other,0.0704073489912404,-0.0637872439400856,-0.0458033875056675,1.9081371920167588e-10,other
1993,17080.0,10377.0,immune,0.2500155266956537,0.045659038945392,-0.0982159778050014,3.9541643647019575e-11,immune
1994,10345.0,11427.0,other,0.5424576541721421,-0.317543773049953,-0.4180164207730975,1.3407336481763995e-10,other
1995,10342.0,12045.0,other,0.602022001864469,-0.1321286088586878,-0.4239696853501455,5.444253596487983e-11,other
1996,11698.0,10041.0,tumor_core,0.8744723876850717,-0.2156678702906414,0.3093095670427594,1.2965249329908847e-10,tumor_core
1997,4437.0,8613.0,immune,0.4030296681368453,0.0761234726127034,-0.4599695587158203,5.339529629007419e-11,immune
1998,10603.0,13749.0,tumor_core,0.9878657917962664,-0.3160769399735852,-0.4444786003657749,1.08716783584042e-10,tumor_core
1999,7424.0,3213.0,tumor_core,0.6852994052012839,0.0398298037427885,-0.367126726422991,5.221006567105239e-11,tumor_core
2000,6532.0,20690.0,tumor_core,0.6668489041058694,-0.0761202747124997,-0.1801049409593854,2.261027171409228e-10,tumor_core
2001,14396.0,8816.0,other,0.5434771329307373,-0.1944754333115239,-0.2585029806409563,5.791353683264558e-11,other
2002,13014.0,16081.0,other,0.5679199322986694,-0.1468068872362289,-0.3854009222984313,7.296285535262998e-12,other
2003,17344.0,11461.0,other,0.2644185535288269,-0.1145073672420315,-0.3928783130645752,6.947423095542412e-11,other
2004,13043.0,10202.0,other,0.591869294814844,-0.2478484763179433,-0.4329852504389626,1.4675398853555752e-11,other
2005,11993.0,4628.0,other,0.5913449961295636,-0.0895123626492426,-0.0767479446956089,5.622027742380607e-11,other
2006,11404.0,15145.0,other,0.5169478226256622,-0.2232305026669215,-0.3792190837860107,9.030584647019936e-12,other
2007,2498.0,19897.0,stroma,0.3202104792498902,-0.005495384463608,0.222440310886928,1.5937903431512143e-10,stroma
2008,6347.0,3208.0,other,0.6055817764077411,-0.2533738319375112,-0.214918828010559,1.337053401777774e-11,other
2009,9270.0,11112.0,immune,0.4922607802247497,0.1076658516695301,-0.1007117244175502,3.100935969685163e-11,immune
2010,14933.0,9128.0,other,0.603609811539618,-0.0857557047660166,-0.3884861326217651,5.477780743546895e-11,other
2011,13323.0,7883.0,tumor_core,0.8307210889324361,0.026074853616321,0.5688880865914481,9.64284777209667e-10,tumor_core
2012,5524.0,6453.0,immune,0.6377895571012853,0.2716648718689096,-0.0102038819449288,4.1449607940784847e-10,immune
2013,8196.0,10488.0,other,0.4676059346185319,-0.2297041154437215,-0.1512468120029994,2.6622013269948276e-11,other
2014,14660.0,9901.0,other,0.4367894275990794,-0.1648431580865964,-0.4189181467464992,8.290565760554044e-12,other
2015,6020.0,15119.0,other,0.2857724132153811,-0.1049577363241026,-0.1201230703081403,1.5667604030690888e-11,other
2016,18136.0,14713.0,tumor_core,0.8077159033068531,-0.199878449746565,-0.3725100772721427,3.5341648025494347e-10,tumor_core
2017,19523.0,6211.0,stroma,0.3787959835787633,-0.097126579728714,0.0953360394069126,5.696005572106066e-12,stroma
2018,17081.0,10067.0,stroma,0.605865420911136,0.0556831646785353,0.1406760815211704,3.935998515291211e-11,stroma
2019,8439.0,15904.0,other,0.3938612686479079,-0.3255315742383372,-0.0244314738682338,3.7828389575046736e-10,other
2020,10608.0,12820.0,tumor_core,0.7737141350428873,-0.2362008176124881,-0.2094037778036935,5.553430764868152e-11,tumor_core
2021,10083.0,10033.0,other,0.585797952668436,-0.1955814129302016,-0.2835262571062361,1.1402307007532904e-10,other
2022,5526.0,6143.0,other,0.5931568566356158,-0.0956830952775512,-0.2507052530561174,1.9608397924400656e-10,other
2023,11707.0,8185.0,tumor_core,0.7727382967136049,-0.1962395658380322,-0.2666520459311349,1.1224092573751406e-11,tumor_core
2024,9293.0,6471.0,other,0.5258382534820761,-0.1898867990021036,-0.1974353040967668,2.0112807685429294e-10,other
2025,11162.0,9420.0,tumor_core,0.7164865431598141,-0.0293996257221801,0.2730242075238909,1.164708832573306e-10,tumor_core
2026,7688.0,4297.0,other,0.3324658315225164,-0.2383034386402556,-0.1245638302394321,5.877223667657623e-11,other
2027,8426.0,18688.0,other,0.2294056052100966,-0.0329820585028831,0.0702878516060965,1.8811836807535743e-11,other
2028,18650.0,19666.0,other,0.1857571624726599,-0.2138513285869513,-0.3369321203231811,7.602705745146027e-11,other
2029,14117.0,10826.0,stroma,0.5645721290164117,-0.0210600023966464,0.3514906855991909,2.7140578635442063e-11,stroma
2030,9768.0,19469.0,immune,0.1019199184809069,0.0710373532806221,-0.4165374755859375,2.2026734204996525e-11,immune
2031,3609.0,12786.0,other,0.5532708520057217,-0.2442801838959527,-0.4280899429321289,1.940439578130382e-10,other
2032,6032.0,12643.0,other,0.1801087195669816,-0.1877234270289156,-0.112686345236642,6.875560100610982e-11,other
2033,16275.0,9908.0,tumor_core,0.7008753024034509,-0.1412943014955111,-0.0572761344909668,2.2230127827043568e-11,tumor_core
2034,6877.0,5067.0,stroma,0.5265449174641419,-0.171909732706738,0.1548744637625557,1.6263133031912172e-11,stroma
2035,13271.0,18712.0,stroma,0.2118434892290505,-0.1746072861816958,0.0925409834725516,1.7791776891916102e-11,stroma
2036,19457.0,19825.0,other,0.3124643501362202,-0.2206379931985819,-0.4495940017700195,1.492541575688211e-11,other
2037,4677.0,14648.0,tumor_core,0.6983117709795329,-0.0679191496532762,-0.0748504475184849,2.7009201040239685e-10,tumor_core
2038,17099.0,6354.0,stroma,0.2354921128811566,-0.0129160285849967,0.3763572992597307,2.4132757990234704e-11,stroma
2039,4974.0,8925.0,immune,0.5869629248219504,0.1899642889684114,0.1761445127214703,5.703672974814139e-11,immune
2040,12503.0,10509.0,other,0.4060424062229643,-0.12664021120372,-0.0159486770629883,1.0307387499981272e-11,other
2041,8686.0,20391.0,tumor_core,0.7357080373645173,-0.1490143635723857,-0.3509290409088135,6.041483645266446e-11,tumor_core
2042,11992.0,4937.0,immune,0.0708534587263947,0.2106165057608596,-0.0548544692993164,3.0972848187984686e-10,immune
2043,9504.0,18384.0,other,0.4623927704325572,-0.1673968056040712,-0.2072507395063127,5.52368672136975e-10,other
2044,19458.0,19516.0,other,0.3637984048142987,-0.2501072722639259,-0.4817533513477871,6.930777160803809e-11,other
2045,15990.0,13156.0,other,0.3223894344194509,-0.0403585230723493,-0.461959570305688,4.6459196216806535e-10,other
2046,16003.0,10371.0,stroma,0.5746745436897899,0.1557185333915973,0.7627085712977819,1.7284683438805427e-11,stroma
2047,10875.0,13286.0,other,0.6352261376860957,-0.2083881888912195,-0.0139738832201276,5.5688439862655664e-12,other
2048,10843.0,19783.0,other,0.6311852710244755,-0.2064012049305063,-0.0702763489314488,3.463673208179398e-11,other
2049,10620.0,10345.0,other,0.4089487044717527,-0.2733079533180739,-0.178540574482509,4.4774487136389937e-11,other
2050,15964.0,18416.0,immune,0.6498595971046222,0.2016345129313646,0.0889223793574741,3.469151058356057e-10,immune
2051,14651.0,11757.0,stroma,0.4670852101546348,-0.1329420448459663,0.5298589597429548,4.0354874855368445e-10,stroma
2052,5455.0,20685.0,other,0.2633479873606023,-0.2012664330295983,-0.4150593372753688,2.643070556676175e-11,other
2053,5269.0,3512.0,other,0.5110818743134277,-0.2216182869664236,-0.3766168979236057,9.328819185126256e-12,other
2054,7895.0,17139.0,other,0.1169861508238693,-0.1836478407881663,-0.4971091079711914,2.8701937317194864e-11,other
2055,10327.0,15140.0,tumor_core,0.7282843347478117,-0.0574692561155062,0.0012555626460483,3.4949168760272264e-11,tumor_core
2056,4980.0,7688.0,stroma,0.5405230476437914,-0.1762378239273,0.2684342384338379,2.947194172927255e-10,stroma
2057,16811.0,10221.0,other,0.6195253489230075,-0.1575492834378791,-0.2219376005445207,4.747677738341321e-11,other
2058,14952.0,5106.0,stroma,0.5569939096730598,0.0297838086555885,0.2293853078569684,1.0609552133984955e-10,stroma
2059,15748.0,7431.0,tumor_core,0.918464251926967,-0.0082405605340072,0.228818860735212,2.4526644015126273e-10,tumor_core
2060,9792.0,14518.0,other,0.6113553755806824,-0.2416183719021885,-0.0789266095842634,4.654374433270682e-12,other
2061,3356.0,9536.0,stroma,0.4179123090303299,-0.1080494694689283,0.1220982388087681,8.943813869000273e-11,stroma
2062,14400.0,7888.0,immune,0.2132236356360343,0.241375148808717,0.0709198978969029,1.3897081632567408e-10,immune
2063,6056.0,7693.0,immune,0.6252081359907169,0.1734637237209986,-0.0625706345694406,1.4188517000055652e-10,immune
2064,11677.0,14373.0,other,0.5771172972447804,-0.1839332059239248,-0.4726056122779846,1.4417779598465454e-11,other
2065,4170.0,8148.0,stroma,0.4886637012887664,0.0682194297839713,0.1935625403267997,2.331095586905571e-11,stroma
2066,4929.0,18207.0,other,0.4799473141663827,-0.2385879551997157,-0.0731893702915736,1.1797467486455036e-11,other
2067,6049.0,9240.0,other,0.3690390097672049,-0.1420342598996394,-0.0637847191946847,1.7284221605010428e-11,other
2068,9029.0,5387.0,other,0.2104720580154959,-0.1794640620834164,-0.520657844543457,8.976822179891446e-12,other
2069,13048.0,9274.0,other,0.3436305173177161,-0.0646272287156998,-0.0498086970193045,9.078375575050947e-11,other
2070,3582.0,18355.0,other,0.02370192837738,-0.0942858617251103,-0.2243399286270141,4.3468485498613194e-11,other
2071,16517.0,15324.0,tumor_core,0.774188167868273,-0.0456068582384497,-0.3445292881556919,1.2589249559421878e-10,tumor_core
2072,2786.0,16031.0,immune,0.2849391670263625,0.0655542076658724,-0.0739396572113036,5.440793493974339e-11,immune
2073,13865.0,7267.0,tumor_core,0.8699244757969564,-0.0725006874447907,0.3113606916155133,1.7916392550560258e-10,tumor_core
2074,14363.0,15623.0,stroma,0.511922988544146,0.0102582240002203,0.3036304310389927,5.153814934644771e-11,stroma
2075,9287.0,7709.0,stroma,0.5909116672760917,-0.1813591551729464,0.4623119844709124,1.9925334417240623e-11,stroma
2076,9027.0,5696.0,other,0.5312877089956691,-0.171068319319654,-0.3387784991945539,7.228444914497384e-12,other
2077,2769.0,19434.0,other,0.3444956489628822,-0.252496976223921,-0.0684915815080914,3.0539776337838526e-11,other
2078,12196.0,18397.0,other,0.5313815937974881,-0.1410519790683571,-0.2702538681030273,9.764442860671991e-12,other
2079,8229.0,3681.0,stroma,0.3224200077733509,-0.2167503335072864,0.0986630848475864,3.904113626201159e-11,stroma
2080,10650.0,4157.0,immune,0.007385189672673,0.2110799694471168,-0.1080836691175188,3.78702895371739e-10,immune
2081,8688.0,20082.0,other,0.2301130902847187,-0.2416086278877149,-0.0825946126665387,1.1737649056357828e-10,other
2082,8451.0,13429.0,tumor_core,0.8635626168401905,-0.1938971295355042,-0.1021954945155552,7.677740307997309e-11,tumor_core
2083,14082.0,17942.0,stroma,0.2597845435028222,-0.0704773345956829,0.2118083708626884,7.952337904285596e-11,stroma
2084,10591.0,16224.0,other,0.5311178457016913,-0.2563996977228831,-0.3945898260389055,2.9570413313873655e-12,other
2085,4922.0,19445.0,stroma,0.4214315643017952,-0.1496539861817756,0.1758601869855608,1.2214110266514865e-11,stroma
2086,4975.0,8616.0,other,0.4777011784473979,-0.1070914056717837,-0.4659753799438476,1.6436982184928946e-10,other
2087,18118.0,18426.0,tumor_core,0.857126760802813,0.4584642303707265,-0.1505506706237793,7.729035517324582e-10,tumor_core
2088,2499.0,19588.0,other,0.6108241190960628,-0.1818281474248386,-0.1002579089573451,1.4765257884669052e-10,other
2089,16768.0,19193.0,immune,0.5124421389425245,0.1269128476309571,-0.4053833542551313,1.2066585590901504e-10,immune
2090,4438.0,8304.0,other,0.3729847590738152,-0.1418321089963175,-0.2573769262858799,1.816338959552573e-11,other
2091,7920.0,11879.0,immune,0.325470565492332,0.0809451319426725,0.0058005578177315,7.324802604514557e-11,immune
2092,4417.0,12636.0,immune,0.3978616658701764,0.586300437293285,0.0731576674325125,3.4985130137757624e-10,immune
2093,12482.0,14841.0,stroma,0.6295755373551541,-0.0685473688181628,0.3546692630222865,1.271580776441304e-11,stroma
2094,8748.0,7706.0,other,0.4137542510649844,-0.115324032255435,0.0410190187181745,3.464444589045941e-11,other
2095,13262.0,20568.0,other,0.4663987904929932,-0.2179993527880029,-0.4239048157419477,2.4139575379765424e-11,other
2096,10044.0,18078.0,stroma,0.3422279394484435,0.0817215056678968,0.7824070576259069,7.958547835547054e-11,stroma
2097,15202.0,8975.0,immune,0.3793307850253434,0.1627238488470586,-0.3703171379225595,4.7435769525239417e-11,immune
2098,11419.0,12051.0,tumor_core,0.7261409914962169,-0.3042782671472063,-0.0839808791024344,1.0621627033727796e-10,tumor_core
2099,11674.0,14991.0,other,0.6232647552929125,-0.2514431304525167,-0.3724962145941598,6.646605456217234e-11,other
2100,4987.0,6141.0,stroma,0.3323925343821627,-0.0821822890237956,0.1611674336024692,3.1829288212572284e-11,stroma
2101,7386.0,10948.0,other,0.564790790170174,-0.0302993652642968,-0.1519843578338623,6.811256925022408e-11,other
2102,14105.0,13301.0,tumor_core,0.6925359709493722,0.0184125008760687,0.1812277003696986,1.6193969256329735e-10,tumor_core
2103,4657.0,18670.0,other,0.5374834123759576,-0.1568304451027709,-0.0027191352844238,9.27293011145772e-12,other
2104,13569.0,12680.0,other,0.6111334337141233,-0.3018851075268065,-0.2322660623277936,8.506000921526658e-11,other
2105,9003.0,10647.0,tumor_core,0.7158378526096948,0.0930885694771578,-0.0964273166656494,2.3286867098325156e-10,tumor_core
2106,11446.0,6482.0,stroma,0.3703312092065125,0.7851847212089167,1.1642666789463587,8.318518772123214e-10,stroma
2107,8699.0,17916.0,other,0.1803626127233898,-0.1849675715439299,-0.3389230316025871,4.9660714972850626e-11,other
2108,4702.0,9388.0,other,0.5065522833958568,-0.0219875635595239,-0.3985534708840507,3.3833076697818734e-11,other
2109,4708.0,8150.0,immune,0.0898383918681743,0.2434172213589905,0.2174773924691336,3.1494609648757526e-10,immune
2110,10599.0,14677.0,other,0.5350615194179867,-0.1618798535455947,-0.2221252189363752,3.112161822794452e-12,other
2111,6328.0,7230.0,other,0.3176254165481172,-0.1535881327566581,-0.0351534352983747,2.2590949272243995e-11,other
2112,8225.0,4609.0,stroma,0.5442216384902324,0.0187757446465314,0.3494965825762067,1.2764275106216268e-10,stroma
2113,3619.0,10620.0,other,0.4455127853217998,-0.0611409927507526,-0.2798897014345441,4.9919396850350156e-11,other
2114,5247.0,8153.0,stroma,-0.0555355752303067,0.1161315864683222,0.9159960120064872,7.900793982478862e-10,stroma
2115,15481.0,6965.0,immune,0.6267541929265112,0.0600074722637078,-0.0314784894670759,1.0049970861977679e-10,immune
2116,15183.0,12997.0,immune,0.33467219088473,0.0365203310732855,-0.1967261464255197,6.462290887816715e-11,immune
2117,12223.0,12828.0,stroma,0.6245706728297935,-0.1530767870495858,0.1536284146990094,1.2528928960851126e-11,stroma
2118,10054.0,15912.0,stroma,0.5677876728493095,-0.1827759763658217,0.2866278403145926,5.826264426316667e-12,stroma
2119,6293.0,14346.0,other,0.3242276096618302,-0.0869560250238566,-0.340271075112479,2.4368454525805437e-12,other
2120,14905.0,14698.0,stroma,0.6045390665816895,-0.0459363235102,0.3415230914524624,6.299982308526672e-11,stroma
2121,5536.0,3978.0,other,0.3392550714406849,-0.1229555114975631,-0.212566772869655,1.2979486285716567e-11,other
2122,7117.0,11102.0,stroma,0.4017060253329839,-0.2055434117088345,0.6717443411690849,1.864785733806213e-11,stroma
2123,2784.0,16340.0,other,0.0900032774028247,-0.0101841011839814,-0.2502619498116629,1.4269309613574138e-10,other
2124,16508.0,17181.0,immune,0.4680297756469375,0.143904859322873,-0.049760273524693,3.7119113473111277e-10,immune
2125,7135.0,7389.0,other,0.1533660906959014,-0.1233634575774471,-0.1795029783248901,1.1410826097513174e-10,other
2126,18935.0,16419.0,stroma,0.3625873545557975,-0.1433689754381562,1.460537507193429,7.18666602969417e-10,stroma
2127,14109.0,12373.0,stroma,0.417370224730509,-0.1522904195126285,0.2550911358424595,3.2432564937208376e-11,stroma
2128,15757.0,5574.0,other,-0.2638228243629404,-0.1267240901389573,0.0108946364266531,3.67588188193516e-10,other
2129,11936.0,16385.0,stroma,0.3921492604944188,-0.1975970746452965,0.1629129055568149,1.3360740651854842e-11,stroma
2130,7141.0,6151.0,stroma,0.4210407361316772,-0.0531663108606393,0.3086653436933245,2.0145410095322823e-11,stroma
2131,3579.0,18974.0,other,0.3757770831838664,-0.1174385823031892,-0.0067034462520054,3.322568157694084e-11,other
2132,14669.0,8044.0,other,0.2875958567954892,-0.0757671256461594,-0.2183907720020839,9.524727670714228e-11,other
2133,15684.0,20735.0,immune,0.6230243507304791,0.0958626145619717,-0.251615172794887,5.932718804371294e-11,immune
2134,5254.0,6606.0,other,0.6217656428153311,-0.1469330678141561,-0.1206188583374023,9.526678238147631e-11,other
2135,12217.0,14066.0,other,0.5341039929156792,-0.2390547648798087,-0.430947551046099,3.3080185897806277e-12,other
2136,7608.0,20696.0,other,0.0979310243264598,-0.1175256777117108,-0.3109467274802071,1.0517498410604274e-10,other
2137,4153.0,11551.0,stroma,0.2498101991523603,-0.269705501873377,0.2170863342285156,1.4852718475942708e-10,stroma
2138,2511.0,17113.0,other,0.1280734884201737,-0.0409210148376858,-0.3024867166791643,2.1929894678992255e-11,other
2139,7944.0,6929.0,other,0.2906936693968731,-0.2521761918819394,-0.0639737742287772,3.1016502068480667e-10,other
2140,9828.0,7092.0,other,0.4453937817625666,-0.0950829191160065,-0.3103928395680019,2.2350546401543035e-11,other
2141,4146.0,13098.0,other,0.5870041060882012,-0.25092383442089,-0.467769660949707,1.0016375258213858e-10,other
2142,9573.0,4152.0,other,0.5536143654030556,-0.1381336731734795,-0.4608663558959961,2.652445722661701e-12,other
2143,4998.0,3975.0,other,0.5579352314840227,-0.215594158334428,-0.3412526345252991,1.6257544051794303e-11,other
2144,9537.0,11577.0,tumor_core,0.8610112582505721,-0.2165010650041793,-0.26307099206107,3.743018749218143e-10,tumor_core
2145,18930.0,17347.0,stroma,0.1428844542425636,1.0986985562524003,1.1558718763078963,3.385138358409861e-09,stroma
2146,8729.0,11728.0,stroma,0.5207400221381183,-0.1493446051135104,0.8350298799787248,3.080176275639517e-11,stroma
2147,11686.0,12516.0,other,0.6379485692639595,-0.3236208153317514,-0.3100418363298688,9.034311788744044e-11,other
2148,10108.0,4773.0,tumor_core,0.7215594349291501,-0.1020436205375501,-0.1824500969478062,4.275707509264272e-11,tumor_core
2149,18915.0,20441.0,stroma,0.5852871366338098,0.0302235115223422,0.4977038492475237,5.3769748237971496e-11,stroma
2150,13002.0,18556.0,other,0.5900485865336021,-0.1785596640284218,-0.450184690271105,1.3311648742470588e-12,other
2151,10605.0,13439.0,other,0.5471352081627997,-0.2817357454053993,-0.2902537093843733,7.462044466613455e-11,other
2152,17327.0,14864.0,other,0.4451456984303257,-0.2163049575037464,-0.4102675829614912,1.2230733047294583e-10,other
2153,10384.0,3382.0,other,0.5180327492272294,-0.1343678778683217,-0.0893375587463378,4.4017335881318575e-11,other
2154,16246.0,15787.0,tumor_core,0.938220676959761,-0.0367303646054855,-0.3456981658935547,1.1148544121467156e-09,tumor_core
2155,9274.0,10184.0,stroma,0.3222151963845653,0.0688701492325966,0.9888190841674804,8.671609313203399e-11,stroma
2156,6610.0,4602.0,tumor_core,0.660573873401031,-0.273237649212594,-0.4514231491088867,6.325083594091386e-11,tumor_core
2157,15975.0,16250.0,tumor_core,1.0633864233614958,-0.2853406889732383,-0.3224017245428903,2.0673123371895683e-10,tumor_core
2158,9578.0,3224.0,tumor_core,0.7045263187997293,-0.0389718537173503,0.5620347240992954,1.1267590653162759e-10,tumor_core
2159,7694.0,3060.0,other,0.6277766822054197,-0.0819126280894593,-0.2730951472691126,2.4839333336787667e-11,other
2160,4407.0,14801.0,stroma,0.3130557105045191,0.3544971312697774,1.1294683946881974,3.1548498348141443e-10,stroma
2161,3852.0,18202.0,stroma,0.0764842490564714,0.0690283531104254,0.5585785702296666,4.131618055029659e-11,stroma
2162,17087.0,8830.0,immune,0.3727524703438192,0.4211923579090304,0.1991152790614536,4.96972661199287e-10,immune
2163,12218.0,13756.0,other,0.5194650999308776,-0.180550471802154,-0.3227648932593209,9.876996434530692e-12,other
2164,5189.0,19910.0,other,0.2797708223330094,-0.177611060654024,-0.3756641016687665,1.3552778173426534e-12,other
2165,10363.0,7714.0,stroma,0.4549395734031728,-0.1919563128306052,0.2348555946350097,3.4763959707787356e-11,stroma
2166,6295.0,14037.0,other,0.5353966033584435,-0.1427067016547594,-0.2978838688986642,7.361534019973738e-12,other
2167,17609.0,12236.0,immune,0.6484673391252556,0.395826737655268,-0.3010212857382638,1.1075683510897279e-10,immune
2168,14112.0,11754.0,tumor_core,0.6736034290902566,0.1598460545341743,0.0040719441005161,3.0182342916308603e-10,tumor_core
2169,11729.0,3544.0,stroma,0.2516551785821083,0.0907160757605872,0.6820682089669364,5.488871689673544e-11,stroma
2170,6820.0,16824.0,stroma,0.0969854919016647,0.2410375180422064,0.8135483278547013,8.111342115651178e-10,stroma
2171,4704.0,9079.0,other,0.0989356850160505,-0.0983267841076099,-0.4964165115356445,2.192406112763485e-10,other
2172,9231.0,19156.0,other,-0.4070149108067455,-0.1430661329908835,-0.3159534454345703,4.1658525693994576e-10,other
2173,14102.0,13920.0,immune,0.2385639257421887,0.1367180035756447,0.0476072406768798,5.7460045817418325e-11,immune
2174,11726.0,4162.0,tumor_core,0.6812159930528182,-0.1569228386639865,0.4243953595842633,3.862119433542861e-11,tumor_core
2175,19473.0,16422.0,stroma,0.5717754857766433,0.6583899502084727,0.917331270490374,1.0660393973073048e-09,stroma
2176,12512.0,8653.0,stroma,0.4740056589260083,-0.0666042129938787,0.2967064830235073,1.2637852884250752e-11,stroma
2177,19194.0,18431.0,stroma,0.2041592657394628,0.0043157129882058,0.5665722002301896,3.6711325229260183e-10,stroma
2178,15168.0,16091.0,stroma,0.4381308162429531,-0.1740570146494403,0.3037696838378906,1.5546056979652707e-10,stroma
2179,17878.0,12392.0,immune,0.5307242881760273,0.4366896207148161,-0.0722778156825474,1.0514224233167442e-10,immune
2180,8423.0,19307.0,other,0.3301811154256731,-0.1582990537015961,-0.3723580139023917,2.4368893180055696e-11,other
2181,7100.0,14505.0,stroma,0.3564766036241188,0.0809059529044908,0.354623214176723,4.867590842197725e-11,stroma
2182,14126.0,8970.0,stroma,0.1066289953851745,-0.0384606620814533,0.7526540429251534,1.5421544705920201e-10,stroma
2183,4948.0,14185.0,other,0.222164409158328,-0.1250877045201708,-0.2565096766608101,3.7989837539997914e-11,other
2184,11918.0,20098.0,tumor_core,0.7106666418644291,-0.1018938173708055,0.0083820983341761,5.583940676720844e-11,tumor_core
2185,13536.0,19487.0,stroma,0.4010893208182784,0.0785050736713545,1.332371564592634,3.4257635430077636e-11,stroma
2186,8171.0,15748.0,stroma,0.4540601494442582,0.0030732404195135,0.160448499407087,6.001104268076059e-10,stroma
2187,4710.0,7841.0,other,0.2563593792206717,-0.0191655503132281,-0.1334284959520612,3.3439871169320536e-11,other
2188,9774.0,18231.0,stroma,0.4497746164023819,0.2793385210556424,0.6670910045078822,2.934836135453946e-10,stroma
2189,7352.0,18064.0,other,0.3521032996282824,-0.1151407660334704,-0.4149187469482422,5.002536133414729e-11,other
2190,7349.0,18683.0,other,0.1879683180943431,-0.0591571756283669,-0.3163337230682373,3.09380795031443e-11,other
2191,12206.0,16232.0,other,0.5882767716624477,-0.052226131915363,0.016557536806379,3.678879165077363e-11,other
2192,10305.0,19781.0,immune,0.5691138932254606,0.0578662117777717,-0.0343667411804199,9.310465056648432e-11,immune
2193,14121.0,9898.0,other,0.4863398049958943,-0.1416387513578791,-0.0737538405827114,1.1014288088879648e-11,other
2194,10641.0,6013.0,stroma,0.5277564331303392,0.0484837133085147,0.2755305208478655,1.3331378422781647e-10,stroma
2195,12755.0,14068.0,tumor_core,0.6877006602081561,0.0579607420971878,-0.1376173319135393,1.1353597897547136e-11,tumor_core
2196,5210.0,15579.0,interface,0.6603690866998835,0.3375682639529165,0.7064459010532923,1.5652116305660876e-08,interface
2197,8498.0,3837.0,other,0.4112316041984813,-0.0903613508857765,-0.1849387672969273,6.764650583666309e-12,other
2198,15732.0,10834.0,tumor_core,0.6758536478702769,-0.1053986155713526,-0.4952872467041015,1.1296453608861048e-10,tumor_core
2199,14355.0,17170.0,stroma,0.4156501985807775,-0.1401631854325106,0.3485114506312778,6.110183861327155e-12,stroma
2200,13847.0,10980.0,stroma,0.3559474172436723,-0.0558320183125471,0.8251011276245117,1.1405467841453412e-11,stroma
2201,18402.0,15179.0,immune,0.6015834520327165,0.1993781782494575,-0.0970536490849086,6.262566684977265e-10,immune
2202,4935.0,16970.0,other,0.4613064242917991,-0.1591384700555514,-0.38086833017213,4.0620124967907265e-11,other
2203,14667.0,8354.0,tumor_core,0.7413091376095238,-0.1310485836470707,0.1055810274396624,1.746106459538697e-10,tumor_core
2204,5498.0,11713.0,other,0.3319184325228259,-0.1703351061887249,-0.0916716398511613,4.1179631268935094e-11,other
2205,6299.0,13109.0,other,0.4830082320069764,-0.2394005667343522,-0.5009521865844726,4.9750831122078e-11,other
2206,13057.0,7418.0,stroma,-0.1611308893787094,-0.0340334350792931,0.5784709112984794,9.598976259298338e-10,stroma
2207,12211.0,15303.0,other,0.4548588576275687,-0.0337641839482381,-0.4222902423994881,1.6487540956716778e-11,other
2208,13587.0,8967.0,other,0.0656483587116888,-0.2635660909308403,-0.2888221931457519,4.3248381914650863e-10,other
2209,5268.0,3821.0,other,0.6377844495032686,-0.2331046074372649,-0.3861465835571289,1.5118068849917282e-11,other
2210,4668.0,16504.0,other,0.4016694355102421,-0.2758298507734151,-0.3458765537398202,6.755711760152982e-12,other
2211,13857.0,8814.0,other,0.4408921491379706,-0.2306792221557786,-0.1752182143075125,8.487553238607659e-11,other
2212,11392.0,17620.0,other,0.4892795380787105,-0.2456617952994255,-0.423102365732193,6.169474871700119e-12,other
2213,7118.0,10792.0,other,0.5059451681998408,-0.1538472713577029,-0.2641917378561837,3.779767152688974e-11,other
2214,12750.0,14997.0,stroma,0.5738519529596843,-0.1022937884901177,0.1817495891026088,5.6066609752454315e-12,stroma
2215,10890.0,10192.0,stroma,0.5416830498100127,0.3504628771355637,0.6251859664916992,2.7711638885835517e-10,stroma
2216,14072.0,20108.0,stroma,0.2373778058835666,-0.0166167785069321,0.0819934327261788,3.249898073358926e-11,stroma
2217,5753.0,14653.0,other,0.399283334141381,-0.150921064282215,0.0285979216439383,1.6343337285118064e-11,other
2218,13868.0,6648.0,other,0.3824600606499559,-0.1663570830166169,-0.4127152517863682,1.880392748061621e-10,other
2219,16802.0,12077.0,tumor_core,0.6617086196562931,-0.2147809553325688,0.1319680895124163,4.3286795086625036e-10,tumor_core
2220,6323.0,8158.0,immune,0.4422060334671035,0.4088600433316818,-0.1448911462511335,7.745209428865151e-10,immune
2221,16284.0,8052.0,immune,0.6367403315674882,0.19990010845627,-0.1060429613930838,2.9219301601875176e-10,immune
2222,15220.0,5262.0,other,0.3722014555195034,-0.0808994334970299,-0.3483152389526367,5.606352605215949e-12,other
2223,12529.0,5249.0,other,0.4822689140517324,-0.2689421033449364,-0.3870691074643816,3.7793806166879804e-10,other
2224,13878.0,4482.0,tumor_core,0.6694754292386605,-0.0678111046211084,0.5861199569702149,2.6713943270141112e-11,tumor_core
2225,9553.0,8174.0,stroma,0.5691665940179578,0.2217168069329849,0.6228787667410713,1.7066728295768039e-10,stroma
2226,17089.0,8520.0,stroma,0.2499816794866341,0.0560292312955446,0.2290008844648089,3.340202876173575e-10,stroma
2227,3861.0,16346.0,other,0.3753958562190786,-0.1017010910036229,-0.3823488586289542,2.5726490372245374e-11,other
2228,13830.0,14383.0,stroma,0.462464618774297,-0.0443579070376803,0.3395225933619907,1.8054211609715107e-11,stroma
2229,10042.0,18387.0,stroma,0.5523624123000002,0.1730941987481704,0.8149697712489538,5.66089070123474e-10,stroma
2230,13058.0,7108.0,other,0.5282766135518411,-0.302539989394923,-0.2625974982125418,2.853071764256855e-10,other
2231,8717.0,14203.0,immune,0.4899216630886294,0.0074598169258467,-0.0740169634137834,3.3584533787936426e-11,immune
2232,17332.0,13936.0,other,0.46780565075312,-0.2113464440307166,-0.2730871329988752,7.582184035489938e-11,other
2233,2780.0,17269.0,other,0.1448021095071062,-0.285845977870646,-0.149197518484933,5.1013084889031095e-11,other
2234,16255.0,13931.0,other,0.630048215103515,-0.2629035796681926,-0.5220497512817383,1.262925168146461e-09,other
2235,10597.0,14986.0,other,0.6489382366206022,-0.1438451174507851,-0.3442982721328735,2.222790468827096e-12,other
2236,5812.0,2587.0,other,0.3727446768222125,-0.0692635382656381,-0.370579536301749,2.1130726814642937e-11,other
2237,12757.0,13759.0,other,0.4950834518425301,-0.0196315869048536,-0.3774573186465672,3.7526153182418503e-11,other
2238,14904.0,15007.0,tumor_core,0.662071715379607,-0.2579048486229,-0.1654087788718087,6.196000319742266e-11,tumor_core
2239,16527.0,13468.0,other,0.5974978083960734,-0.2194801576456914,-0.0211198670523506,1.1067630559135016e-10,other
2240,13268.0,19331.0,other,0.5458330815499033,-0.1837396546984812,-0.0956541115897042,1.1692491344417058e-11,other
2241,18143.0,13166.0,tumor_core,1.0005590351064506,-0.1292419625729066,-0.276294845853533,2.308127969269845e-11,tumor_core
2242,11380.0,20095.0,tumor_core,0.8921698079241774,-0.0409599037942366,-0.2801414162772042,2.0434908030591035e-10,tumor_core
2243,9843.0,3998.0,tumor_core,0.6868715953735469,-0.1935167564532818,-0.2255614280700683,6.33129814415872e-11,tumor_core
2244,11711.0,7256.0,tumor_core,0.7490525588550367,-0.1963822501778261,-0.2816199445724487,3.3472616722480427e-11,tumor_core
2245,14378.0,12529.0,other,0.5639507832257424,-0.1113647276316809,-0.1883974402291433,8.348291554419594e-11,other
2246,13313.0,10049.0,other,0.4108284747269101,-0.3046722630716668,-0.4166930689130511,7.873566422857064e-11,other
2247,3604.0,13714.0,other,0.6080630010749326,-0.0997515627340464,-0.3426282344545637,2.2795348144248208e-10,other
2248,9769.0,19159.0,other,0.5835398329298653,-0.1412304264938934,0.0179613413129534,9.046290791789404e-11,other
2249,15963.0,18725.0,other,0.4879917508689464,-0.0196218523050106,-0.1516576235634939,2.3623444819297582e-09,other
2250,7881.0,19923.0,other,0.0512677445964868,-0.2555906410545196,-0.1592848627907889,1.3123213716848866e-10,other
2251,14655.0,10829.0,tumor_core,0.7025699313740718,-0.0745620557179082,-0.3046536064147949,3.9622006002989265e-11,tumor_core
2252,3348.0,11083.0,stroma,0.0488817972967746,0.202560365968584,0.6063251032148088,7.961591791095685e-11,stroma
2253,7685.0,4916.0,stroma,0.6432973796774992,-0.0266754342867515,0.5133609989711216,1.8857828533767676e-10,stroma
2254,2790.0,15103.0,tumor_core,0.7109171683584855,-0.0490033982647182,0.4941474206107003,6.040040012634544e-10,tumor_core
2255,10365.0,7404.0,other,0.1977883249321239,-0.1710171143825894,-0.0296056393214634,2.0984405603330184e-10,other
2256,10581.0,18390.0,tumor_core,0.6718510932227453,-0.1386883954349425,0.3897712653023856,2.1808425020504215e-10,tumor_core
2257,6313.0,10324.0,tumor_core,0.6570681556416381,-0.2601892422126836,-0.2855204554966517,5.800599463992742e-11,tumor_core
2258,17569.0,20589.0,stroma,0.2131681995446708,0.1237905254336687,1.961307738167899,3.089052809922403e-11,stroma
2259,11696.0,10350.0,tumor_core,0.6887050795075077,-0.2814538513008708,-0.373338019166674,4.123414881359091e-11,tumor_core
2260,15961.0,19035.0,stroma,0.3829639911194433,0.0226325655734982,0.6771363285609655,2.1771871941202196e-10,stroma
2261,18918.0,19822.0,other,0.234820204521757,-0.2032751971722332,-0.4257327791622707,4.9092107790827126e-11,other
2262,13538.0,19177.0,stroma,0.3418616937653788,0.1695981343359523,0.755860595703125,1.0305751135243575e-10,stroma
2263,10309.0,18852.0,stroma,0.2263582353966806,0.469432836958877,0.9017692729404994,1.045326403861259e-09,stroma
2264,15438.0,15938.0,stroma,0.5276211467022407,-0.1718988638894264,0.2392976815359933,4.948688676600935e-10,stroma
2265,7340.0,20540.0,immune,0.0029871626073996,0.10108493776581,-0.0687277419226509,1.5711502491149598e-10,immune
2266,5776.0,10012.0,other,0.5523918806535058,-0.0771044439350636,-0.3795407373564584,5.867721015763641e-11,other
2267,13052.0,8346.0,other,0.615153902443349,-0.1541736480328961,-0.1143186174120221,2.7996164470174248e-11,other
2268,15715.0,14237.0,other,0.4325714157045973,-0.0016151684573864,-0.2664554630007062,2.9649066676295844e-11,other
2269,8201.0,9560.0,stroma,0.541996036485652,-0.1698817941426889,0.3079029873439243,5.012884451297915e-12,stroma
2270,12723.0,20566.0,tumor_core,0.923319634632319,0.0637614862795887,-0.0952109105246408,3.779150312915725e-10,tumor_core
2271,15954.0,20582.0,other,0.5767883285237182,-0.1929411978426157,-0.1345157364436558,3.0124708426871685e-11,other
2272,7073.0,20074.0,immune,-0.1254213799223346,0.1465732666175481,-0.3408332824707031,2.53359694022885e-10,immune
2273,6011.0,16975.0,other,0.1807548499175938,-0.0930657397453969,-0.2820998566491263,5.382814491879003e-12,other
2274,10324.0,15758.0,other,0.3742662203049042,-0.0440028864025728,-0.0014194352286202,3.0878452416609617e-12,other
2275,11429.0,9885.0,other,0.3310927389223531,-0.1507042367171421,0.0251844174521309,7.868496550361874e-11,other
2276,16534.0,11921.0,other,0.5703506387434435,-0.1367818316108517,-0.0980228342328752,6.309405279946604e-11,other
2277,5779.0,9393.0,stroma,0.1051052711611168,-0.0526873565847347,0.3744193213326591,4.8326953972157717e-11,stroma
2278,14649.0,12066.0,tumor_core,0.6753983109017918,-0.042087396782927,0.0611671502249581,2.3656274487964963e-09,tumor_core
2279,7693.0,3369.0,tumor_core,0.997486696032984,-0.1442046057870531,-0.0835857364109584,5.450542164302999e-11,tumor_core
2280,18115.0,19045.0,tumor_core,0.9658946680085428,0.1053170112620793,-0.0671082850864955,9.025193302181083e-10,tumor_core
2281,12254.0,6331.0,stroma,0.5303194886314561,0.2912769104143268,1.230809609549386,1.3778048800187332e-10,stroma
2282,8469.0,9716.0,other,0.640159327140362,-0.0583872962476189,-0.2164492620740618,7.959344436889491e-12,other
2283,12490.0,13294.0,stroma,0.5483948574084448,0.0065725865029332,0.3231679262433734,6.888291121490783e-12,stroma
2284,9808.0,11115.0,other,0.5719496849513579,-0.1454559477916078,-0.3195717900139945,1.3632973962421548e-11,other
2285,13022.0,14534.0,stroma,0.4516728228370615,0.2262936417216216,0.4616647420610701,1.7861406405825147e-10,stroma
2286,4983.0,7069.0,other,0.240109050491055,-0.043483327914104,-0.0970971311841692,1.6484878150984408e-10,other
2287,2766.0,20053.0,immune,0.2318904077560995,0.1244511048397566,-0.2954963976996285,1.3377185459671482e-10,immune
2288,15456.0,12225.0,other,0.613612117383304,-0.1428014737657967,-0.4334709644317627,2.0205834881405134e-10,other
2289,18666.0,16263.0,tumor_core,1.0201758305155533,0.1132502502903214,-0.0417656244550432,4.581702305198802e-10,tumor_core
2290,15999.0,11299.0,immune,0.6383145909295671,0.1096072711883096,0.0218162591116768,2.0604587516910328e-10,immune
2291,16285.0,7743.0,stroma,0.4049044043997218,-0.0298299232663261,0.5202260616847447,1.4087621328875363e-11,stroma
2292,6613.0,3983.0,tumor_core,0.6661839416591685,-0.1339771058036809,-0.4003542709350586,8.406805791765019e-12,tumor_core
2293,12455.0,20410.0,immune,0.4915926883913298,0.0280433377427152,-0.3973650138718742,1.2617101162658602e-10,immune
2294,4434.0,9232.0,immune,0.2669157501835151,0.0065257946365542,-0.2889212390354702,3.5290677673383327e-11,immune
2295,9247.0,15753.0,other,0.5532712186628655,-0.1854557196228073,-0.4039430429254259,8.796881755475489e-12,other
2296,6280.0,17131.0,immune,0.2228659202817073,0.1087673632668219,-0.3843332573345729,7.814603361535193e-12,immune
2297,8147.0,20698.0,other,0.5909744973150676,-0.1433161704408747,-0.2911959998948233,2.3322596736886497e-11,other
2298,7946.0,6619.0,other,0.2077305703240867,-0.1466832790513093,-0.4110273742675781,4.44884547593224e-10,other
2299,4660.0,18051.0,stroma,0.3907663038112973,-0.196151456723582,0.2879589353288923,4.26027761661068e-12,stroma
2300,7403.0,7545.0,other,0.3975083121631655,-0.0851061572574271,-0.019814646584647,1.3585029436342458e-11,other
2301,9302.0,4615.0,stroma,0.5286591078153849,0.1697753225493226,0.2633754920959472,1.1633600871252978e-10,stroma
2302,11953.0,12982.0,other,0.5670202013858785,-0.2546675148230569,-0.3235107483182634,8.990777814816025e-12,other
2303,16563.0,6042.0,stroma,0.4815973280031637,-0.2215966167285995,0.594354133605957,1.8224956219705235e-10,stroma
2304,4162.0,9695.0,tumor_core,0.6617583199864038,-0.0881534027933733,-0.3856506242070879,4.0719157235634386e-11,tumor_core
2305,10584.0,17771.0,other,0.4545292954888348,-0.166349457699624,-0.3936710851533073,3.748637265248887e-12,other
2306,17848.0,18580.0,stroma,0.2913459478837303,0.5486077454506839,1.641501911708287,8.702433141006547e-10,stroma
2307,9023.0,6624.0,stroma,0.297871935287578,0.2676279739527443,0.7882581928798131,3.2792198944154846e-10,stroma
2308,8211.0,7394.0,stroma,0.0349096826716099,0.6376892311183635,1.0874726486206054,1.458428444340782e-09,stroma
2309,9502.0,18694.0,other,-0.081503311716813,-0.2299793779337645,-0.0892428943089076,6.872123161973836e-10,other
2310,13314.0,9739.0,other,0.4057856886178855,-0.2406592698484915,-0.0850474848066057,3.759259220870498e-11,other
2311,6871.0,6305.0,immune,0.6341968254755007,0.0657118648546814,-0.0658507347106933,1.3128670226424074e-10,immune
2312,11184.0,5088.0,other,0.5693938418979956,-0.0847035008122381,0.0657204137529645,8.987206266536519e-11,other
2313,19254.0,6055.0,other,0.4677158247818769,-0.088357585378226,-0.0637400150299072,1.2748671379258172e-11,other
2314,6053.0,8312.0,other,0.3733041220177626,-0.1158410991758193,-0.1021178994859968,2.9569169070247673e-11,other
2315,8453.0,13119.0,other,0.5911979044386662,-0.2476840654660261,-0.2410180473327636,5.433492201341017e-11,other
2316,17083.0,9758.0,immune,0.3125945326237298,0.2480987423128931,0.100782220023019,3.9654129188286895e-10,immune
2317,13817.0,17168.0,other,0.5801058958497967,0.0019507110118865,-0.1549198600224086,2.6628885641125183e-11,other
2318,17048.0,16874.0,immune,0.5312647796660119,0.0244948123621735,-0.0605184377942766,1.3857988497084822e-10,immune
2319,10915.0,4932.0,stroma,0.0585784230913434,0.3411529506516662,0.6175429371425085,3.4362358011568356e-10,stroma
2320,3050.0,17115.0,other,0.1919868410719435,-0.0958182513286869,0.020411593573434,3.793997033720092e-12,other
2321,14129.0,8351.0,other,0.6270918823271446,-0.0840092040064683,-0.0542302349635532,6.436138346545369e-11,other
2322,16288.0,7124.0,other,0.5817563600073841,-0.0938452856246926,-0.0640635054452078,1.5509383070174052e-12,other
2323,15972.0,16869.0,tumor_core,0.7790390537660622,-0.2849344947618195,-0.3707842905180795,1.6730787644725043e-10,tumor_core
2324,6284.0,16203.0,immune,0.1538495628854344,0.0127149898035819,-0.2890223094395229,7.788810490467661e-11,immune
2325,7112.0,12030.0,stroma,0.5105597522549066,-0.0833914246634289,0.4861735698154994,7.822970590102176e-11,stroma
2326,15207.0,8047.0,other,0.5033376031731142,-0.0726747926548763,-0.0087270532335553,2.081429754726204e-11,other
2327,8682.0,21320.0,other,0.3710650990816228,-0.0883025909990157,-0.3514709339823041,7.176979990765016e-11,other
2328,8982.0,14978.0,other,0.5913513847416908,-0.1430830390200573,-0.1112563487461635,8.910963444295927e-12,other
2329,6317.0,9396.0,other,0.4626800069872965,-0.2158683654998981,-0.0632336003439767,5.072044441290336e-11,other
2330,8436.0,16523.0,tumor_core,1.1121473467818614,0.3499569032117083,0.2683074460710797,8.837405371788863e-10,tumor_core
2331,8493.0,4765.0,other,0.6233322823836271,-0.2583458362131201,-0.212340760912214,3.236007854510571e-11,other
2332,18389.0,17963.0,immune,0.628225463691631,0.2549112968595117,0.2042493765694755,7.686612455646952e-10,immune
2333,4444.0,7066.0,stroma,0.2083814032125793,0.0967202427394068,0.0996829359872,4.559346791919752e-11,stroma
2334,13001.0,18865.0,stroma,0.4705410703145189,-0.210399792815177,0.3057192148481097,6.272606869839338e-12,stroma
2335,6274.0,18369.0,immune,0.4112988752692452,0.0883664697152495,-0.1868176296779087,7.717268609915051e-11,immune
2336,12776.0,9737.0,other,0.3762706133000345,-0.0284080725686256,-0.3930540609359741,6.540146290134223e-11,other
2337,10101.0,6320.0,tumor_core,0.7693553816666424,-0.2765942111739456,-0.0527644879477364,3.589531873050705e-11,tumor_core
2338,8418.0,20235.0,other,0.5459237921615119,-0.1695783827827448,-0.3673928036008562,5.2229226276262216e-11,other
2339,17594.0,15330.0,tumor_core,0.8619490620731051,-0.0798948981017301,-0.1282100813729422,9.114822148887219e-11,tumor_core
2340,12499.0,11437.0,other,0.290151800428118,-0.032808150893296,-0.3603459872518267,1.97517308504387e-11,other
2341,13610.0,4326.0,stroma,0.4008808126842758,-0.1508602087724858,0.9322871889386858,1.4489423723081295e-10,stroma
2342,6350.0,2589.0,stroma,0.5038580967618773,-0.2309338151554665,0.2454863194056919,5.380699766099904e-12,stroma
2343,7964.0,2906.0,interface,0.4449350154982774,0.0042896674663084,0.0631896877288818,7.581503095141544e-10,interface
2344,12233.0,10662.0,stroma,0.402123291220441,-0.2793487505106666,0.4422065189906529,4.7938217134751705e-11,stroma
2345,17612.0,11617.0,other,0.2593747913437402,-0.1645881763331186,-0.3233726801191057,1.2591648606028504e-10,other
2346,16519.0,15015.0,other,0.4851923007178741,-0.0969377780028947,-0.4652017290251595,6.527427306036975e-11,other
2347,14928.0,10057.0,other,0.6104981412366389,-0.2977743722647855,-0.4362087498392378,1.7002499053396232e-11,other
2348,4689.0,12173.0,interface,0.2452536420191237,0.0185645167158121,0.0348114449637276,1.1964327528216503e-10,interface
2349,10587.0,17152.0,other,0.5703220801751201,-0.3223288025077229,-0.2836649908338274,1.0069653835565187e-11,other
2350,14379.0,12220.0,tumor_core,0.6884342542887878,-0.1462651127388962,-0.1047809764317104,1.8749720721844268e-10,tumor_core
2351,13595.0,7420.0,other,-0.142194587455157,-0.0441572262684049,-0.1740245573861258,7.109728584288598e-10,other
2352,17615.0,10998.0,other,0.4188086330490624,-0.2029357957720415,-0.4286684819630214,4.231102212348922e-11,other
2353,15453.0,12844.0,stroma,0.2993762042812738,0.2837584013583667,0.8918603733607702,1.9165782968432248e-10,stroma
2354,17342.0,11770.0,stroma,0.5622460547252446,-0.108739908154851,0.33553496497018,8.872953785776325e-11,stroma
2355,6041.0,10787.0,other,0.1365434823991697,-0.3082188822136909,0.0478575325012207,9.83491164232012e-11,other
2356,17890.0,9916.0,other,0.5104477426121127,-0.1546287005900653,-0.3597666001319885,4.2654305806695045e-11,other
2357,9297.0,5543.0,other,0.5081068909408262,-0.1094050326712835,-0.3152879772867475,1.3174435289035116e-11,other
2358,14945.0,6653.0,tumor_core,0.7929001412249936,-0.1743849369892076,-0.1507858439854213,1.2437462567136484e-11,tumor_core
2359,10081.0,10342.0,other,0.3428397585538752,-0.2395091002812358,-0.303451646396092,8.131971816917527e-12,other
2360,14118.0,10517.0,other,0.3374388892264288,-0.1374284395771928,0.0561221694946288,1.3652122198031528e-11,other
2361,13571.0,12371.0,immune,0.5590734902415728,0.0611144131780695,-0.0109061459132603,2.61110483316238e-10,immune
2362,11169.0,8182.0,other,0.4788288942119419,-0.2720693462557642,-0.4911151885986328,5.720266251775442e-11,other
2363,11172.0,7563.0,stroma,0.4978525887742595,-0.2283176126700417,0.8899280384608679,2.2527303766068487e-10,stroma
2364,12775.0,10046.0,other,0.5818198360395568,-0.1183746744021986,-0.3899686282021659,7.792306086236844e-12,other
2365,12500.0,11128.0,other,0.5261214984114766,-0.1346299272553627,-0.4924264526367187,2.3495400036174137e-11,other
2366,16825.0,7436.0,tumor_core,0.6866287092463054,0.2021774406248655,0.1357278660365513,3.83936727362599e-10,tumor_core
2367,16537.0,11302.0,stroma,0.2676978495297015,0.2356233129699455,0.9168701008387976,2.2453048683251747e-11,stroma
2368,10850.0,18236.0,other,0.4402119877925883,-0.1968570258948728,0.0117020729609897,4.8706964782401853e-11,other
2369,18111.0,19664.0,tumor_core,0.8981538390381796,0.143392235296845,-0.3996789005824498,4.422177754465433e-11,tumor_core
2370,18648.0,19976.0,other,0.3148626801151557,-0.283448511686571,-0.1727857221875872,9.184507843196898e-11,other
2371,7367.0,14970.0,stroma,0.3330099301507351,-0.0904966390406163,0.1381231771196637,3.8499440889526265e-12,stroma
2372,7405.0,7235.0,other,-0.0795181474201059,-0.0907421127004404,-0.1305225413186209,3.320329756445312e-10,other
2373,12520.0,7106.0,stroma,0.2326022890590181,0.0699129055086043,0.2404572350638253,1.3808144765726434e-10,stroma
2374,17084.0,9448.0,stroma,0.0329880885858435,-0.0415153959419119,0.1842428507123675,4.1408752527019255e-10,stroma
2375,11455.0,4625.0,stroma,0.5710333593739759,-0.1500963907272563,0.096015270778111,4.292096235100653e-11,stroma
2376,7368.0,14661.0,other,0.1865038501450565,-0.2703516334615498,-0.3765710326603481,5.50478249078774e-11,other
2377,17575.0,19352.0,stroma,0.2596717369979318,0.1810486548951157,0.3118335451398577,2.4588448610401863e-10,stroma
2378,17354.0,9295.0,stroma,0.1632457437816996,0.0164321258792221,0.1189643124171665,1.2863650928134384e-11,stroma
2379,16818.0,8983.0,other,0.1330861181220752,-0.1893875186883959,-0.268733617918832,4.775551444895978e-10,other
2380,7622.0,17911.0,other,0.2795924066011424,-0.1764856167671332,-0.3107566356658935,6.270533650573209e-11,other
2381,11179.0,6016.0,stroma,0.1101123827187234,0.1867295734178712,0.4940704073224749,5.226897684019618e-10,stroma
2382,14338.0,20574.0,immune,0.4427504320044073,0.3158000974053981,-0.0200349194662911,3.7166809195839926e-10,immune
2383,19461.0,18897.0,tumor_core,1.0189248777190194,-0.1244508880257265,-0.3059167916434151,3.268068365221618e-10,tumor_core
2384,11671.0,15610.0,tumor_core,0.6529243337570877,-0.313880417613382,-0.4437665385859353,3.966408733754825e-11,tumor_core
2385,9780.0,16993.0,other,0.3356231020143826,-0.1842756872105393,0.0595848492213657,4.8142230563474925e-11,other
2386,6083.0,2124.0,stroma,0.6392956054336388,-0.1695466001856976,0.2264857946123395,1.3565684058856651e-11,stroma
2387,3063.0,14331.0,other,0.4110433829025018,-0.2371009286162163,-0.3072529302324567,1.9167274971202888e-10,other
2388,10060.0,14674.0,tumor_core,0.6697352858312062,-0.2278430431568862,-0.2791731139591762,4.291866557360807e-12,tumor_core
2389,11460.0,3697.0,stroma,0.5268070444050367,-0.0789450709321095,0.3659438923427037,4.0467111770986165e-11,stroma
2390,18390.0,17654.0,immune,0.496850721902381,0.1844999248797025,-0.132508190699986,2.1943656209538588e-10,immune
2391,4411.0,13873.0,stroma,0.3420738017227597,-0.0271928156686034,0.1337097658429827,1.3705997241471284e-10,stroma
2392,10323.0,16068.0,other,0.5988610437709556,-0.2995491792957557,-0.329832044328962,3.38275288990377e-12,other
2393,11927.0,18241.0,immune,0.5173458792447816,0.0374097222926623,-0.0531585802350725,2.3966303816350935e-11,immune
2394,13601.0,6183.0,other,0.5783660638138067,-0.276809932850835,-0.0347656740461077,9.126902544964668e-11,other
2395,5236.0,10319.0,other,0.2510919232610774,-0.2656668414359106,-0.305991792338235,6.849804358238676e-11,other
2396,16240.0,17025.0,tumor_core,0.7166922497040702,-0.2705296950900452,-0.4418022155761719,5.875128701788936e-11,tumor_core
2397,9541.0,10649.0,other,0.5753132096873034,-0.2116185182059733,-0.0093716648646763,2.3797847733611143e-11,other
2398,14926.0,10366.0,stroma,0.3345674453508591,0.0826303444824109,0.214700698852539,2.6619970978229503e-10,stroma
2399,4414.0,13254.0,other,0.3824369278758736,-0.1191823599075519,-0.3935650897026062,4.7631405248020954e-11,other
2400,17585.0,17186.0,immune,0.5692257556567828,0.1089962035161376,0.0497167464665004,8.555820214912877e-11,immune
2401,10375.0,5239.0,other,0.3445070857398233,-0.0535644218112131,-0.5149453353881835,5.97301981753516e-11,other
2402,7679.0,6154.0,immune,0.2841075840526665,0.1897889354338277,0.0684869343893868,1.5720850752361468e-10,immune
2403,13284.0,15927.0,stroma,0.5006154271580229,0.2198006049609799,0.287251535143171,8.158261321352589e-11,stroma
2404,10596.0,15296.0,other,0.5603103198803968,-0.1183551976878868,-0.3314321776798793,9.867813077589312e-13,other
2405,13808.0,19024.0,other,0.5649295273814654,-0.0881595614988004,0.0367216791425432,1.787870443578574e-11,other
2406,15985.0,14084.0,stroma,0.4316987168411738,-0.2344394945099224,0.1283829498291016,9.589388158078808e-11,stroma
2407,11954.0,12672.0,tumor_core,0.707837583920414,-0.1564921048872792,0.1113097463335309,6.322590433180594e-11,tumor_core
2408,9540.0,10959.0,stroma,0.6128588756001693,0.0424163584039682,0.4142838559831891,1.5164751732395432e-11,stroma
2409,15466.0,10059.0,other,0.5377775765562561,-0.0257283363779499,-0.3796719551086426,4.3957879405696e-12,other
2410,17891.0,9607.0,other,0.5011692865468627,-0.1490335380791934,-0.0994938169206892,1.9543441436054975e-11,other
2411,15192.0,11141.0,stroma,0.3231855183982667,-0.2316500310142948,0.6580610820225306,1.4662725667527647e-10,stroma
2412,3057.0,15568.0,other,0.2709070815564574,-0.2195515533572964,-0.22889123576028,1.8229206134156272e-10,other
2413,7904.0,15282.0,other,0.2070602419735259,-0.0529586647164855,0.0446909414018903,1.5258766084180946e-11,other
2414,16573.0,3876.0,other,0.046140710322306,-0.2224581043494806,-0.1495124530792236,1.5206184171016031e-10,other
2415,19199.0,17503.0,stroma,0.0089451786655707,0.9200801808376368,1.616446108136858,2.3488212379093584e-09,stroma
2416,11395.0,17001.0,other,0.5874464130127305,-0.1233763596560688,0.0227245766775948,2.9958941102538024e-12,other
2417,7658.0,10485.0,other,0.5263959833439564,-0.2386531752446148,-0.2809459618159703,2.669387016704472e-11,other
2418,9565.0,5699.0,tumor_core,0.7245498659055276,-0.1273784755294165,-0.2363349819183349,5.831218575224647e-11,tumor_core
2419,10315.0,17615.0,other,0.4884107407764644,-0.1822989686128061,-0.3069162573133196,1.7713795526358307e-11,other
2420,18137.0,14404.0,tumor_core,0.8377800618699276,-0.1981545729418538,-0.3814533587864467,3.3509976380632757e-11,tumor_core
2421,9558.0,7246.0,tumor_core,0.7776701873237999,-0.1899300558134956,-0.1681713649204799,3.227710179179677e-10,tumor_core
2422,12479.0,15459.0,other,0.6086242022930376,-0.1372753907325957,-0.0206935269492012,5.6037043672721844e-12,other
2423,17882.0,11463.0,tumor_core,0.6960730145784488,-0.0477068328584162,-0.2522585691724505,6.653120767684758e-12,tumor_core
2424,11147.0,12514.0,tumor_core,0.8191443559421674,-0.1902978880528392,-0.4255926772526333,2.2008132969585415e-10,tumor_core
2425,7414.0,5379.0,tumor_core,0.7357377237921593,-0.1699537799231985,-0.1868282318115234,1.5076573493715945e-11,tumor_core
2426,12235.0,10353.0,other,0.5932957081415281,-0.1075277525750135,-0.0348758425031389,7.355083001741901e-12,other
2427,5804.0,4134.0,tumor_core,0.6635701754634928,-0.1678870407421472,-0.1948708915710449,5.169024973407147e-12,tumor_core
2428,14625.0,17017.0,other,0.3257811254645811,-0.1347298961997373,-0.1211675712040492,8.702503856250354e-12,other
2429,12518.0,7415.0,stroma,0.4795092759173531,0.0253896448537067,0.2202730451311383,6.458204778973356e-11,stroma
2430,7890.0,18067.0,other,-0.0118648921311872,-0.2664130137096503,-0.1049787637165614,6.049758368290568e-10,other
2431,15148.0,20113.0,immune,0.4139267774236282,0.0141164540902932,-0.2105840955461774,7.993236352748624e-11,immune
2432,10351.0,10189.0,other,0.3940291057268473,-0.2962862249773348,-0.1171676581246511,6.426372062636522e-11,other
2433,7415.0,5070.0,tumor_core,0.6948094207968487,-0.1505318691361599,-0.4678686904907226,1.0542858118938287e-11,tumor_core
2434,4945.0,14804.0,stroma,0.2591090769232862,-0.1289819813304097,0.7208730207170759,5.14524818562896e-10,stroma
2435,5233.0,10938.0,stroma,0.1560344229722868,0.1482165520717216,0.4620350428989955,3.3875180910146916e-10,stroma
2436,7127.0,8936.0,stroma,0.4750964072383834,-0.138417034658115,0.1602339717320033,2.923788045110969e-12,stroma
2437,7400.0,8164.0,tumor_core,0.68942764918619,-0.0849187634565085,0.3822122873578753,2.0955581604193908e-10,tumor_core
2438,15190.0,11450.0,other,0.4466102024967123,-0.1157797438794357,-0.2743522235325405,5.20274910686195e-11,other
2439,6595.0,7696.0,other,0.4779620248313603,-0.1221710003720313,-0.3976202297210693,8.304371859138154e-11,other
2440,15145.0,20732.0,stroma,0.6492040319616478,-0.0472362786958415,0.3023619270324707,7.700873964409458e-11,stroma
2441,17876.0,12701.0,tumor_core,0.7515758183407075,0.1196203298418432,-0.2361211940220424,2.3185227138287379e-10,tumor_core
2442,7147.0,4914.0,stroma,0.2414478464757493,-0.0262840538790027,0.2374070903233119,1.1959210585757202e-10,stroma
2443,12467.0,17935.0,stroma,0.4560564508374105,-0.0791075318880955,0.0938515145438058,1.923922443792821e-12,stroma
2444,11452.0,5244.0,other,0.4773663989878113,-0.183023397829437,-0.2093312931060791,7.189315608713448e-11,other
2445,9847.0,3070.0,stroma,0.6424104406186741,0.0164971056162115,0.595365856715611,5.5443730183393677e-11,stroma
2446,11393.0,17311.0,other,0.5354594708860548,-0.251866200196965,-0.2614742687770298,2.1638233982084725e-12,other
2447,7962.0,3216.0,other,0.4325382794081193,-0.0753264830242255,0.0689543274470738,5.1061849746509455e-12,other
2448,6272.0,18678.0,stroma,0.3518414515662627,0.0145737342216223,0.1019638402121407,3.3824383516439407e-11,stroma
2449,3883.0,11705.0,other,0.3592772881570965,-0.1966485418913016,-0.3296925660542079,2.4169674651931344e-11,other
2450,8771.0,3065.0,stroma,0.3530500966087626,0.1614682429328689,0.3175737762451172,9.353360016472216e-11,stroma
2451,2805.0,12009.0,other,0.2782650533367095,-0.1090556573560381,-0.2028266096115112,8.006773998479124e-11,other
2452,4128.0,16811.0,other,0.2754765731833467,-0.0531978751065738,-0.3901644779954638,1.9740251382179302e-11,other
2453,8162.0,17604.0,other,0.2775682666957778,-0.1814766395997181,-0.4651523208618164,1.1733176704052144e-11,other
2454,6278.0,17440.0,other,0.1328485183496375,-0.2436281474664764,-0.3691722648484367,5.37711872513801e-11,other
2455,16522.0,14396.0,other,0.4967584769997821,-0.0848419387480591,-0.1991860703059605,7.58951219080323e-10,other
2456,6583.0,10171.0,other,0.5879247026269753,-0.0697291185145391,-0.5044262313842773,9.046321077174922e-11,other
2457,17618.0,10379.0,stroma,0.5921483885636151,0.21387384614152,0.54518127986363,3.860986899226528e-11,stroma
2458,5504.0,10475.0,other,0.3260744671807879,-0.1508385679527135,-0.2294391291482108,1.3143668504720935e-11,other
2459,7632.0,15745.0,other,0.3308991828106508,-0.2091013875958058,-0.1472908346993582,1.2750085784698008e-10,other
2460,7931.0,9713.0,other,0.5532093880160543,-0.1613423866153104,0.070246319089617,1.9528072034756857e-12,other
2461,9834.0,5855.0,stroma,0.3012201788327152,-0.0711617185427329,0.5108435876028878,1.6281039333304162e-11,stroma
2462,13037.0,11440.0,other,0.4774116569145985,-0.0792496007117296,-0.37939815895898,1.2857148031431087e-11,other
2463,10920.0,4004.0,stroma,0.5795748807554162,-0.1041071425621694,0.2281183651515415,2.7831855331712745e-11,stroma
2464,9567.0,5389.0,tumor_core,0.6720066317433022,-0.2230326171889687,-0.033624802998134,1.502083403856615e-10,tumor_core
2465,3330.0,14796.0,stroma,0.2713591419267517,0.3833545161181671,0.9734543827601844,4.2904322531519e-10,stroma
2466,8691.0,19463.0,other,0.2409789729095487,-0.2550123154604674,-0.3718643191882542,6.406100509334391e-11,other
2467,17321.0,16102.0,tumor_core,0.9150068999936916,-0.0847254578653926,-0.4330590759004866,5.450913895619638e-12,tumor_core
2468,8460.0,11572.0,other,0.2991123446339271,-0.0633612708922443,-0.1464717047555105,4.5361403355549695e-12,other
2469,8735.0,10491.0,stroma,-0.0394278889305868,0.1933139455011034,0.2870564923967633,2.9272165987759376e-10,stroma
2470,9829.0,6783.0,other,0.4787447537123185,-0.2033623963765223,-0.4363464736938476,5.154949911440727e-12,other
2471,8950.0,21476.0,immune,0.6397371776723451,0.0610121296435851,-0.4101346942356654,1.0978212604151924e-10,immune
2472,11425.0,10813.0,other,0.4919003448230308,-0.1561499679498481,-0.0796015058244977,2.7556629487985188e-11,other
2473,10347.0,11117.0,other,0.6008870251912514,-0.186095955891049,-0.4345008754730224,3.0057436668794166e-11,other
2474,11423.0,11123.0,stroma,0.5296521849737414,0.0193282239416608,0.1841411536080497,3.2754007622703106e-11,stroma
2475,12734.0,18400.0,other,0.5836787456976944,-0.1354535085850937,-0.1464754172733852,9.251122234822036e-12,other
2476,7091.0,16361.0,tumor_core,0.6594896398820449,-0.3077301637491045,-0.4710926818847656,1.2025070407661708e-10,tumor_core
2477,9790.0,14827.0,other,0.3592560705036811,-0.2979091655217474,-0.0967057459694998,1.6013702159194692e-11,other
2478,17086.0,9139.0,other,0.638910665722387,-0.0396405151033811,-0.2489122772216797,2.26849864744265e-10,other
2479,11933.0,17004.0,tumor_core,0.7693048250412324,-0.1102435190903081,-0.3681214891161238,3.5055353623493195e-11,tumor_core
2480,10873.0,13595.0,other,0.6151442358614958,-0.0690937546911759,-0.006054014478411,4.2694934520133517e-11,other
2481,14923.0,10985.0,other,0.5446551310136014,-0.1659615415983691,-0.2009737954820905,4.200032334638216e-11,other
2482,16248.0,15478.0,tumor_core,0.810629273192423,-0.171492798323276,0.018230710710798,2.706007880511337e-09,tumor_core
2483,14673.0,7116.0,stroma,0.4247595114081612,-0.0115825176922161,0.6490099307468958,1.0252394491771271e-10,stroma
2484,10881.0,12048.0,stroma,0.2386905285221732,0.2683177084840812,1.1672725296020507,5.98200059315619e-10,stroma
2485,11110.0,20249.0,tumor_core,1.037286965981883,-0.0395088564700588,0.0783474322727748,2.1813525137009383e-10,tumor_core
2486,6578.0,11099.0,other,0.0319103572878375,-0.0931022100598901,-0.4386407361711774,5.5253227948436526e-11,other
2487,6025.0,14190.0,other,0.4014280525858542,-0.1409787812769242,-0.2220404148101806,9.991908137443442e-12,other
2488,16223.0,20428.0,stroma,0.6260047713267838,-0.1133562926747395,0.0842566449301583,1.7646355854311068e-11,stroma
2489,8202.0,9250.0,other,0.2100706095892083,-0.2392604755595284,-0.256017130443028,6.900331740956521e-12,other
2490,8192.0,11416.0,other,0.1765170344227454,-0.1260218355580524,-0.2625123623439244,1.6083755209331955e-11,other
2491,10072.0,12199.0,tumor_core,0.8655536967978839,-0.1233491529964102,-0.1692246764046804,4.331567713194653e-11,tumor_core
2492,17875.0,13010.0,tumor_core,0.7286335496180125,-0.1600439172334179,-0.3775244671957833,9.134707784144639e-11,tumor_core
2493,16021.0,6658.0,tumor_core,0.883809626388184,-0.0001795784620979,0.0912565694536481,1.1364297669630175e-10,tumor_core
2494,4711.0,7532.0,other,0.2299242998015274,-0.2012929557515761,-0.2973973383222307,4.9727213056485385e-11,other
2495,17356.0,8986.0,stroma,0.4938694486682047,0.0662014465618953,0.300017512185233,2.8324564228092708e-11,stroma
2496,13608.0,4636.0,tumor_core,0.7660689550529618,-0.1807683536777523,-0.1434027617318289,1.3076762699302008e-10,tumor_core
2497,8468.0,10025.0,stroma,0.6322649172145591,-0.0246895394557526,0.1204640824454171,4.376361910294782e-11,stroma
2498,13040.0,10821.0,other,0.4872379568142035,-0.2269835189668018,0.0277647590637207,2.1316888728070363e-12,other
2499,14943.0,6963.0,other,0.5954569755327438,-0.2534140556794524,-0.1480432060786655,1.0015085746979622e-10,other
2500,12257.0,5712.0,stroma,0.4688703074322679,-0.2034644323126292,0.1245989377158028,1.4780257200123227e-10,stroma
2501,10107.0,5083.0,other,0.542107091996951,-0.279090728322551,-0.2657593468257359,9.430105145678628e-11,other
2502,16769.0,18884.0,tumor_core,1.0052522968354414,-0.1890073076402901,-0.4755655670166016,3.515524670942695e-10,tumor_core
2503,10847.0,18855.0,stroma,0.3239352650518957,-0.0785463858812108,0.1424586704799106,1.1266832664902716e-10,stroma
2504,17303.0,19815.0,tumor_core,0.7447951189737877,-0.2933926295414353,-0.3088535935538156,1.9875179916262003e-10,tumor_core
2505,14351.0,18098.0,tumor_core,0.678117625893934,0.0601488925666043,0.2750807217189244,6.536261210827089e-11,tumor_core
2506,18125.0,16879.0,tumor_core,0.7007181299269943,0.0362439772973429,-0.04982072693961,4.145740625592828e-11,tumor_core
2507,4726.0,4438.0,other,0.243225939321838,-0.1687365196709305,0.0414994512285505,6.918252416179483e-11,other
2508,15468.0,9750.0,other,0.6005339572207924,-0.1581347836208206,-0.3846894083704267,3.7759790993698694e-12,other
2509,16545.0,9755.0,tumor_core,0.7186974610486858,-0.0861068419194153,-0.1157230268205915,2.5706160659806694e-11,tumor_core
2510,14369.0,14386.0,other,0.5933501869011474,-0.2008517118741926,-0.3850995108059475,4.1595831005816154e-11,other
2511,10354.0,9570.0,tumor_core,0.6794795194499673,0.4161203242304673,0.4410634395054408,1.511697372314692e-09,tumor_core
2512,9299.0,5233.0,other,0.5340245576970073,-0.1908185554823083,-0.1491966492789132,2.6569975392199865e-10,other
2513,13845.0,11289.0,stroma,0.3112068176269531,0.294118638878907,0.8082693426949638,5.0297117221654425e-11,stroma
2514,9783.0,16374.0,other,0.5232726876139069,-0.2426247249082542,-0.4398081035273416,2.2827462532604716e-11,other
2515,15753.0,6502.0,stroma,0.5489669458749539,-0.1058610954393971,0.2165131500789097,2.4684081155240927e-11,stroma
2516,10623.0,9726.0,stroma,0.1093052949109905,0.0927850658709135,0.9051297487531388,4.883504904447132e-10,stroma
2517,7934.0,9094.0,stroma,0.521284037559853,-0.2216347180797924,0.2343370492117745,1.492202504305797e-11,stroma
2518,11959.0,11744.0,other,0.6391497216082944,-0.1059555163697731,-0.1996903766904558,5.771860790366336e-12,other
2519,5204.0,16816.0,stroma,0.5021900723787419,-0.0084981627997149,0.3884119142804828,1.821987299143139e-10,stroma
2520,5744.0,16510.0,other,0.2620023026105199,-0.2830515864243821,-0.3430605360439845,7.498249581901458e-11,other
2521,6616.0,3364.0,tumor_core,0.8364395852971283,-0.213617581692671,-0.3967719650268554,8.998937887360126e-11,tumor_core
2522,9772.0,18540.0,stroma,0.228661431105002,0.3479574611330442,1.1899387087140765,4.90286123828262e-10,stroma
2523,14643.0,13304.0,tumor_core,0.7654801375113878,-0.1199246953244195,-0.3157110772814069,5.868199993405149e-11,tumor_core
2524,10066.0,13436.0,other,0.3169105274679562,-0.2111810562774581,-0.3975398990086146,4.0814792635416345e-11,other
2525,18656.0,18429.0,stroma,0.1592456588123354,0.0617504878167095,1.0127945109776086,1.940036880213421e-09,stroma
2526,8234.0,2753.0,immune,0.5358916686799586,0.0893234327051222,-0.03307938848223,5.995091995745294e-10,immune
2527,7686.0,4607.0,stroma,-0.0503863474552377,-0.1614551892594826,0.2096325601850237,2.79037866874254e-10,stroma
2528,3594.0,15880.0,other,0.2670792029207984,-0.2179703060590948,-0.3185907806668963,6.01906413688115e-11,other
2529,9259.0,13278.0,other,0.447802757599667,-0.1957923933479369,-0.2997885744912284,8.553790847961878e-12,other
2530,9820.0,8639.0,other,0.5576714458995903,-0.0574069907808713,-0.0789790671212332,4.615964316431452e-11,other
2531,8750.0,7397.0,stroma,0.4855094751484213,0.4221033479559387,0.7499999128069197,3.242475522664297e-10,stroma
2532,14123.0,9589.0,tumor_core,0.669134289969191,-0.2007708107588284,-0.3346944441114153,4.60607146274142e-12,tumor_core
2533,17362.0,7748.0,other,0.3609381554110738,-0.2518995443524467,-0.3637798690795898,2.7503000963784753e-10,other
2534,7680.0,5844.0,stroma,0.6201411985139491,-0.2431369333349189,0.2127153887067522,1.2873999418397169e-10,stroma
2535,6331.0,6611.0,other,0.293976546933987,-0.1095246774248543,-0.4171099090576172,7.458434942734944e-12,other
2536,4954.0,12948.0,tumor_core,0.9569958131813936,-0.1008534542896003,-0.235878586087908,2.7688711094320444e-10,tumor_core
2537,17098.0,6664.0,immune,0.324175384792134,0.1012900943059292,-0.3773122024536133,1.3302925348472218e-10,immune
2538,6559.0,15121.0,other,0.342912531767687,-0.0500511176094284,-0.3572037451607841,3.916587357074911e-12,other
2539,3309.0,19128.0,stroma,0.3880649522761256,-0.2164397781079683,0.4041424451555524,4.4380047462742407e-11,stroma
2540,11123.0,17464.0,tumor_core,0.6630917217221721,-0.1291363966840727,0.4721513366699219,3.758136626714798e-11,tumor_core
2541,16230.0,19191.0,other,0.612723194169861,-0.2571381141236826,-0.3983911156654358,1.6566023435191062e-10,other
2542,12514.0,8343.0,tumor_core,0.6906228225503191,-0.2425486962270941,-0.0140006337847028,2.8207322191445783e-11,tumor_core
2543,9825.0,7711.0,other,0.4915969305504774,-0.0964124781696024,-0.4616820907592773,3.515107147899292e-11,other
2544,10062.0,14365.0,other,0.5456879772138732,-0.2280219838364759,-0.3021072537558419,5.769103258935567e-12,other
2545,12491.0,12984.0,stroma,0.6277708806104652,0.069399620110121,0.60448057447161,4.4251999275377234e-11,stroma
2546,8151.0,19770.0,other,0.1818136510547261,-0.2414200790973652,-0.3975094223022461,1.4865722557989574e-10,other
2547,15687.0,20116.0,immune,0.6488784577908248,0.0883302816688843,-0.2551926810400827,7.141482469064244e-12,immune
2548,10078.0,10961.0,other,0.335126385364185,-0.3039405407400049,-0.1008844947814941,9.604136058677164e-11,other
2549,3873.0,13870.0,tumor_core,0.7640109432509397,0.3389647338315203,-0.4907426834106445,4.2854229853916167e-10,tumor_core
2550,7616.0,19149.0,other,0.2831374769128523,-0.2575202876312343,-0.3515087894030979,1.837478167161254e-11,other
2551,8730.0,11419.0,other,0.5242186145837332,-0.2666117846538822,-0.1615126378195626,2.3169368811834715e-11,other
2552,12187.0,20254.0,tumor_core,0.7841418578092112,-0.0742610942753816,-0.2593919951575144,1.3790032168928475e-10,tumor_core
2553,10041.0,18696.0,immune,0.303287990712708,0.9264751156968168,0.8502119772774832,1.9231786244185507e-09,immune
2554,10887.0,10811.0,other,0.3577208308679831,-0.2746436876007342,-0.2464623301369803,5.551772169583592e-11,other
2555,9816.0,9568.0,stroma,0.359713088974628,0.0601609649835821,0.4482159560067313,2.7125868309487775e-11,stroma
2556,8993.0,12812.0,other,0.5962606180434259,-0.3138932498614904,-0.2073032910483224,9.63315071212766e-12,other
2557,10903.0,7407.0,stroma,0.1823133704532027,0.0038171112537384,0.153998658316476,1.8387337123586454e-09,stroma
2558,7911.0,13735.0,other,0.432028187544211,-0.1526262113306788,-0.3845325255393982,2.42173727379026e-11,other
2559,9496.0,19931.0,tumor_core,0.7140941674734466,-0.1322150526723069,-0.4428226852416992,3.7080548881434706e-11,tumor_core
2560,13560.0,14536.0,tumor_core,0.7634322887870517,0.0307860620383888,0.0163051768711635,1.2719758443144235e-11,tumor_core
2561,9228.0,19775.0,other,0.1220947290312637,-0.2422724726548509,-0.4047686386108398,1.6984282029090523e-11,other
2562,19187.0,19978.0,other,0.4175468967836403,-0.2357383816580376,-0.348330842426845,2.8780714257652884e-11,other
2563,10639.0,6323.0,immune,0.2010538520886136,0.0041746411760761,-0.1578740446908133,3.4033620078442387e-10,immune
2564,6557.0,15431.0,other,0.2299009247228489,-0.0584213123963692,-0.1918888936723982,7.89915131867647e-12,other
2565,10645.0,5085.0,other,0.3270795146433756,-0.0662280479953077,-0.3082406476565769,1.2733302114940779e-10,other
2566,5462.0,19138.0,other,0.6101484883894512,0.0014574493583088,-0.0095790685926165,4.860743590440516e-11,other
2567,10036.0,19625.0,stroma,0.5218492802357514,-0.0421509397747181,0.1081919888087681,2.227658299900658e-11,stroma
2568,6574.0,12027.0,other,0.1851547356419915,-0.1701020401579602,-0.1333301598685128,5.3838924942866614e-11,other
2569,7641.0,13889.0,other,0.302534548228219,-0.1598867352806394,-0.1790074975149972,8.149311646219448e-12,other
2570,8466.0,10335.0,other,0.5857984386491639,-0.1889769346973616,-0.3854785364014762,9.760429608214628e-11,other
2571,10366.0,7095.0,tumor_core,0.6665340288259154,-0.0895990988074196,-0.200117654119219,5.1709349844557985e-11,tumor_core
2572,5271.0,3203.0,stroma,0.4938910284069789,-0.0641116603226921,0.4169719287327358,7.48343323381384e-12,stroma
2573,16795.0,13624.0,stroma,-0.0681120007515867,0.2324466617366987,1.3560397938319615,4.851116039858863e-10,stroma
2574,10865.0,15142.0,other,0.6185706386401577,-0.2459646007606498,-0.2960304771150862,2.282538156010617e-12,other
2575,15969.0,17488.0,other,0.4099199522718829,-0.1407173973185285,-0.4469314575195312,1.2465075874848822e-09,other
2576,14367.0,14695.0,other,0.4902727121589052,-0.1235937930024456,-0.4175398690359932,9.477815070721057e-12,other
2577,15187.0,12069.0,stroma,-0.0407064735946582,0.4287277637716692,0.7262771442958288,1.2189266924878956e-08,stroma
2578,5464.0,18829.0,immune,0.4406113976600186,0.4474578134309938,0.3011496271405902,5.286493880537591e-10,immune
2579,9240.0,17300.0,stroma,0.646758975598636,-0.0293436224617725,1.0515786634172712,1.2409419413891522e-10,stroma
2580,19470.0,17040.0,stroma,0.2553957713301777,0.1916763992569166,1.8914933231898712,1.633127720364623e-09,stroma
2581,15465.0,10369.0,immune,0.5496210905643802,0.2060486677724515,0.0840459251403808,1.3324634070390388e-11,immune
2582,7148.0,4604.0,other,0.5801321762977374,-0.1600061054087983,-0.4408469390869141,2.0875122442734188e-11,other
2583,15699.0,17641.0,tumor_core,0.7763276296745439,-0.1578264787878552,0.1817936870029994,1.4560204379267608e-10,tumor_core
2584,9516.0,15909.0,other,0.437586976377756,-0.1463387510325642,-0.4339535079683577,1.973679384791168e-12,other
2585,16798.0,13005.0,stroma,0.2881587312868435,0.1782474836339923,0.9204134586879188,5.50047520572112e-10,stroma
2586,14096.0,15158.0,tumor_core,0.6540027455652664,-0.167102533587412,-0.0394162791115897,8.270970942324597e-12,tumor_core
2587,12782.0,8499.0,other,0.6249609587862303,-0.2236235383844648,-0.1112084225245884,2.4271442139726702e-11,other
2588,14069.0,20727.0,stroma,0.5204776131180994,0.0326350495261927,0.2756992830548968,4.7656682860999355e-12,stroma
2589,14412.0,5413.0,stroma,0.3981615123218451,-0.068888041044033,0.3455061612810406,1.4669198953317192e-11,stroma
2590,12487.0,13912.0,other,0.4911963818514451,-0.3108713975266945,-0.244758129119873,3.675997805584046e-11,other
2591,8751.0,7087.0,stroma,0.1668132652143732,0.6134220641800189,0.9269312558855328,4.871739696570587e-10,stroma
2592,9837.0,5236.0,stroma,0.6507999149516354,0.142671151198767,0.3246396664210728,3.58837843143311e-10,stroma
2593,4402.0,15730.0,immune,0.4877684548397192,0.046348502096269,-0.4459910583496094,1.4373539935225848e-10,immune
2594,4939.0,16042.0,other,0.3673009694136915,-0.2298017171529097,-0.3389499425888062,6.176512269721765e-11,other
2595,11983.0,6794.0,tumor_core,0.954754503895658,-0.0850721121175924,0.0121293803623744,2.5938083284316035e-10,tumor_core
2596,4927.0,18517.0,other,0.5007414548074755,-0.2713430453849726,-0.3537948945590428,1.417106411396579e-10,other
2597,14895.0,16863.0,stroma,0.5434417962342185,-0.056964513138577,0.0823284203665596,1.4507808436233e-11,stroma
2598,5762.0,12797.0,stroma,0.4396881878890333,-0.2510157369269341,0.0841697352273124,3.977030044318491e-11,stroma
2599,16781.0,16409.0,tumor_core,0.9130052089233984,-0.1732693234495925,-0.4620451354980469,5.745638770440883e-11,tumor_core
2600,9805.0,11733.0,tumor_core,0.8449634751331772,0.0722200127590693,0.0304010472978863,1.5506415066350322e-10,tumor_core
2601,9549.0,9102.0,other,0.4282710632221811,-0.3037243162663413,-0.3403973388671875,4.5089561369995615e-11,other
2602,13815.0,17477.0,other,0.6523736695886687,-0.2031731722945811,-0.0727489171709332,2.8492772559025955e-11,other
2603,17365.0,7129.0,other,0.254313948970513,-0.2239805729819573,-0.210049512045724,5.294536839840957e-10,other
2604,11695.0,10660.0,other,0.620953446952403,-0.2269260911938112,-0.3029589067186628,1.0812729546675976e-10,other
2605,17092.0,7901.0,tumor_core,0.8603503016017428,-0.2568503218598899,-0.3111632146154131,1.3400934640374234e-10,tumor_core
2606,17030.0,20587.0,stroma,0.465937476373016,0.1247317703883764,0.6960628727504186,1.0872911714153426e-10,stroma
2607,3894.0,9539.0,other,0.3786336065824514,-0.1688488688757562,-0.511822624206543,4.285560799078946e-11,other
2608,14372.0,13767.0,stroma,0.3489773636924912,0.0167806049472623,0.29430390221732,1.5494087607935797e-11,stroma
2609,15175.0,14544.0,stroma,0.5056398973254664,-0.1124876234200075,0.4067799241202218,9.807568809479016e-11,stroma
2610,18651.0,19357.0,other,0.4131764656973937,-0.1749029326917107,-0.3505539352553231,4.1149907385335824e-10,other
2611,5791.0,6918.0,other,0.3010963049510982,-0.248877014335042,0.0240849304199218,2.3624002879839353e-10,other
2612,4171.0,7838.0,immune,0.5053542243211405,0.067043688201631,-0.1993298080989292,3.152400548015529e-11,immune
2613,4117.0,18977.0,tumor_core,0.7742389338814287,-0.2145929836740124,-0.2040314381463187,2.8681587588595844e-10,tumor_core
2614,13862.0,7886.0,stroma,0.465960204086962,0.0102063396086324,0.2835558537074497,1.833048765066669e-11,stroma
2615,6845.0,11564.0,stroma,-0.1552422085521548,-0.0523401038523731,0.3425451551164899,1.5985909789453823e-10,stroma
2616,17045.0,17493.0,other,-0.0634903747763409,-0.0502759884285038,-0.0657987022399902,3.0923539046240296e-10,other
2617,10099.0,6630.0,other,0.5423828657155754,-0.1722815348246377,-0.3771637095723833,8.152283772355024e-12,other
2618,6824.0,15896.0,tumor_core,0.687348069532034,-0.101508225573168,-0.0044444302150181,5.895008514602692e-11,tumor_core
2619,9535.0,11887.0,stroma,0.5570995942515358,0.0946472540796656,0.4252752249581473,7.48987749240507e-11,stroma
2620,8156.0,18842.0,other,0.183000764819371,-0.1503119162766844,-0.1777448238645281,9.35308279617547e-11,other
2621,9258.0,13587.0,other,0.6180789879847349,-0.1453946762662221,-0.169660302570888,5.6770163048168244e-12,other
2622,6322.0,8468.0,other,0.6058679056761933,-0.2118509808891482,-0.2271169233322143,1.4069299464281435e-10,other
2623,8441.0,15594.0,other,0.5221231667215964,-0.2315139308956086,-0.2311976718902587,9.455240021796983e-11,other
2624,3334.0,13868.0,immune,-0.0341435928015558,0.1424191831517697,-0.4384981155395507,3.828141349392009e-09,immune
2625,9831.0,6474.0,tumor_core,0.7858721183564724,-0.1215920899607732,-0.4702136993408203,9.20315849145201e-11,tumor_core
2626,10600.0,14367.0,tumor_core,0.6826452445435272,-0.2992016592818208,0.0531766918727329,2.6681073651279028e-11,tumor_core
2627,13872.0,5720.0,other,0.4667679566322099,-0.1648382121819821,-0.2035072898864746,2.4156040892108335e-11,other
2628,10335.0,13593.0,other,0.1913893677701428,-0.0421794148263411,-0.3777658135550362,1.06895601979875e-10,other
2629,14887.0,18410.0,immune,0.2667652982307646,0.4464327742513749,0.2393518829345703,1.314672455000115e-09,immune
2630,17317.0,17030.0,immune,0.3855349274632572,0.4160219898879699,0.1368018749782017,3.819403703943968e-10,immune
2631,10039.0,19006.0,stroma,-0.0668751692840488,0.0939426084814918,0.4052717971801758,1.1728006282894714e-09,stroma
2632,17605.0,13164.0,tumor_core,0.6720075826745477,-0.2192994174587521,-0.3753054099423544,1.4863796161718848e-10,tumor_core
2633,12263.0,4474.0,stroma,0.3044968830887675,0.0343919137658225,0.1804467555454799,6.747149035997311e-11,stroma
2634,12478.0,15769.0,stroma,0.4969889571316976,0.0010751042632455,0.8680471093314035,1.9919343148206318e-11,stroma
2635,4426.0,10779.0,other,0.5297940611724999,-0.2330431007169037,-0.0444956643240792,8.565158106652127e-11,other
2636,4401.0,16039.0,other,0.3191914540123505,-0.2114965721623262,-0.0051553017752511,3.836628234905807e-11,other
2637,5732.0,18985.0,stroma,0.336897908555467,0.0600836417053353,0.1409692164829799,2.2983088861667128e-10,stroma
2638,3051.0,16806.0,other,0.4149488739862196,-0.0755995105962698,-0.1207672636849539,6.044028314862081e-11,other
2639,8986.0,14050.0,other,0.5999653615978968,-0.1567710022359317,-0.166889750616891,7.962694125074389e-12,other
2640,6004.0,18522.0,other,0.3299452543030077,-0.0625731850678053,-0.2934070253372192,3.1561636650642052e-12,other
2641,4965.0,10782.0,stroma,0.0838968486365284,0.3107548810349494,0.3347502899169922,2.824656736472406e-10,stroma
2642,11717.0,6019.0,tumor_core,0.6668292381162269,0.3301823069168025,-0.0230395480564662,1.294462308463985e-09,tumor_core
2643,3062.0,14640.0,immune,0.6265780470858141,0.0787114234571812,-0.226424719946725,4.86471407942481e-10,immune
2644,16822.0,8055.0,other,0.4953986709207039,-0.02700869760404,-0.0347279834747314,3.22054203114419e-11,other
2645,9030.0,5077.0,tumor_core,0.6920417134622371,-0.1985783037919028,0.4218747356959751,7.481445919880458e-11,tumor_core
2646,7668.0,8320.0,stroma,0.0728618524904333,-0.1480298380028552,0.0786661665780203,3.712686306280493e-10,stroma
2647,15981.0,15012.0,other,0.5019824502566401,-0.2838300251345921,-0.3748421246664865,7.092944371427947e-10,other
2648,14370.0,14076.0,other,0.3671806962698097,-0.1333209368424292,-0.1610619354248046,6.801148380826051e-11,other
2649,15955.0,20272.0,stroma,0.5803952066233151,-0.0981447717180224,0.1710480744498116,2.616423655529663e-11,stroma
2650,13334.0,5717.0,tumor_core,0.7731467363132611,-0.1561896425263587,0.050791882106236,1.3105944631660135e-10,tumor_core
2651,17041.0,18421.0,stroma,0.4116895653714612,0.3603644661370526,0.7118322862897599,9.295234650121083e-11,stroma
2652,15733.0,10525.0,other,0.5024540966103427,-0.0410853316073431,0.0568003599984305,1.7223156750265213e-11,other
2653,4422.0,11707.0,tumor_core,0.7123569660424501,-0.1894313208652089,-0.379156128679003,1.7640949915317688e-10,tumor_core
2654,16278.0,9290.0,stroma,0.2687446099571162,0.042830460734217,0.4171521922520229,7.264441971782521e-11,stroma
2655,4176.0,6910.0,stroma,0.3902245052480285,-0.0102773862957613,0.1214951760428292,1.0187613402747052e-12,stroma
2656,9036.0,3840.0,stroma,0.43917596923082,-0.1492117124377485,0.1450368690490722,2.1614279293938413e-11,stroma
2657,3053.0,16496.0,other,0.3824840794359392,-0.1526955328561515,-0.0994677761622837,5.922995324587085e-11,other
2658,16771.0,18574.0,tumor_core,0.7925970922380485,0.0846871924946847,-0.2657849754605974,5.742765391627405e-11,tumor_core
2659,8994.0,12503.0,tumor_core,0.6660343053128324,-0.2748361057401728,-0.3652100675446647,4.094954981993777e-12,tumor_core
2660,5992.0,20997.0,other,0.5114018713639314,-0.1960414805713731,-0.4502090835571289,1.0199501038385916e-10,other
2661,14136.0,6804.0,immune,0.2906075136544949,0.1161817650398757,-0.1341019303458078,1.0373562195529191e-10,immune
2662,7935.0,8785.0,other,0.4103226871984231,-0.1883988454724451,0.0366978509085519,6.9045764338349146e-12,other
2663,14648.0,12376.0,tumor_core,0.6724549016467906,0.0098654315259873,0.3022775214059012,1.714761116133305e-09,tumor_core
2664,9508.0,17456.0,stroma,0.5937344632464195,-0.1783759042108298,0.136572093963623,1.84087876319178e-10,stroma
2665,13547.0,17321.0,other,0.3022786869184397,-0.2023661495279787,-0.1170859118870326,3.139825173061539e-11,other
2666,10888.0,10501.0,stroma,0.5394378677653443,-0.32472460727637,0.5523463085719518,1.9481511785275078e-10,stroma
2667,19191.0,19050.0,other,0.5481210916177195,-0.253817556132389,-0.2426294013432094,4.6019907592358876e-10,other
2668,6592.0,8314.0,other,0.4549322846066117,-0.0818075121815362,-0.4642512893676758,3.769391270822345e-11,other
2669,7650.0,12032.0,other,0.0598839218527336,-0.2168213916157924,-0.309181068284171,1.3141867637508746e-10,other
2670,18933.0,16728.0,stroma,0.1781271918965208,0.4491883642693987,1.1715057482038225,6.01241911276383e-10,stroma
2671,5520.0,7381.0,other,0.4782028582272113,-0.0455320488159841,-0.1592714316504342,7.351277533907866e-11,other
2672,12802.0,4477.0,immune,0.5888315499800392,0.0554073107105954,0.069315710067749,8.426289476326656e-11,immune
2673,14901.0,15626.0,stroma,0.3854835826621418,0.1995531733876313,0.4724422018868583,3.4906205519316067e-10,stroma
2674,7101.0,14196.0,stroma,0.3055933319596522,-0.0216302747883564,0.2942787715366908,1.6587627072517704e-11,stroma
2675,18127.0,16570.0,stroma,0.5484812417400649,0.0603021485757691,0.4332998984200614,8.640382651146245e-11,stroma
2676,16252.0,14550.0,other,0.5932924612599387,-0.2878909179337728,-0.3362349012919835,1.243906654381278e-09,other
2677,4936.0,16660.0,other,0.2770808572851457,-0.1141738103846765,-0.3962553511347089,7.606604202380758e-12,other
2678,13805.0,19643.0,tumor_core,0.8193523712377648,-0.0625939838011832,-0.221490295955113,8.728110219042034e-11,tumor_core
2679,15690.0,19497.0,tumor_core,0.6688256899211003,-0.2509223478912966,-0.4762421798706054,9.47665739660739e-11,tumor_core
2680,5259.0,5678.0,tumor_core,0.9053735266710172,0.0700324856620121,0.2064764268057686,4.523699045910349e-10,tumor_core
2681,7121.0,10173.0,other,0.4077891727421907,-0.0549634754828532,-0.2038792610168457,1.6667355623865053e-11,other
2682,16495.0,19965.0,stroma,0.3184611868195428,0.2288039733140721,1.959095132010324,3.4420385692992416e-10,stroma
2683,7402.0,7854.0,stroma,0.5300781550823441,-0.2989331658043629,0.0855885996137347,1.332186404584091e-10,stroma
2684,14357.0,16861.0,other,0.5316136333652106,-0.1571403824668217,-0.1495451654706682,9.64322149394162e-12,other
2685,16787.0,15171.0,other,0.5588201777018384,-0.206408426528503,-0.4029974375452314,1.5837746198369115e-10,other
2686,10858.0,16689.0,immune,0.6411515873207685,0.0776370893576766,-0.3305276870727539,6.834307751293353e-11,immune
2687,9223.0,20703.0,tumor_core,0.7278089267295479,-0.0579176405951765,-0.1982516479492188,1.954522153274978e-10,tumor_core
2688,16228.0,19500.0,stroma,0.6513922756264559,-0.07533533960837,1.086676412309919,3.6671346224126134e-11,stroma
2689,10840.0,20402.0,tumor_core,0.6536530963755065,0.0102667244935787,-0.2742009653363909,3.0569962088180716e-10,tumor_core
2690,15442.0,15010.0,other,0.5629338404361949,-0.0634876475549359,-0.4384795904159546,2.2307318269535175e-11,other
2691,8411.0,21782.0,other,0.438629506989842,-0.0822077513082663,-0.3644130802154541,2.8645188555274092e-12,other
2692,8502.0,2909.0,other,0.4401947933098271,-0.2556198907103443,-0.0582548114231654,4.3178178576496447e-11,other
2693,18122.0,17498.0,tumor_core,1.1095561350294865,-0.0365654574253497,-0.3300729652813502,6.827973986116099e-10,tumor_core
2694,12753.0,14378.0,other,0.5913870638648936,-0.0773347758375812,0.0274920381818499,1.12686509806478e-11,other
2695,6260.0,21153.0,other,0.2769871105512288,-0.1031662941961028,-0.2895693039894104,6.060197998214048e-10,other
2696,5797.0,5681.0,other,0.1407304159861169,-0.2370573333477905,-0.0909965106419155,1.8849657738992387e-10,other
2697,12470.0,17316.0,other,0.6454717822637219,-0.1360558024620941,-0.3270245892660958,1.4219722672292624e-11,other
2698,12517.0,7724.0,tumor_core,0.7061752463804339,-0.0937575881921801,-0.2882374293463571,4.8803954711571146e-11,tumor_core
2699,4435.0,8923.0,other,0.4254525565003846,-0.1704961877412304,-0.3551637860706874,1.4958250687517208e-10,other
2700,3306.0,19746.0,other,0.1864229610988071,-0.2526898534386752,-0.2638108628136771,1.5066373189535267e-10,other
2701,10330.0,14521.0,other,0.2623192699392142,-0.1080609653518671,0.069348337990897,9.371887433807031e-12,other
2702,15478.0,7584.0,tumor_core,0.9104339868430325,-0.2730033459157862,-0.2679484782900129,2.7985795277573004e-10,tumor_core
2703,6082.0,2433.0,stroma,0.5707008968949433,-0.2228361425819916,0.3045697021484375,7.607120369489831e-12,stroma
2704,5780.0,9084.0,stroma,0.1995115764760558,-0.0087379366586406,0.2395301764351981,1.2779097100014851e-11,stroma
2705,7361.0,16208.0,stroma,0.4555572242773391,0.0162420734805842,0.5055289895193917,3.563404694411007e-10,stroma
2706,8484.0,6622.0,other,0.5348429336986742,-0.2747540405623209,-0.3664436282430376,5.892565330720431e-11,other
2707,13820.0,16549.0,other,0.527968533315686,-0.1449950215297305,0.0248031766074043,4.820539205375577e-12,other
2708,12463.0,18863.0,stroma,0.4394707282003254,-0.2961945629393132,0.5139727783203125,3.419188836741013e-11,stroma
2709,13277.0,17474.0,other,0.5506358059803568,-0.183013037743746,0.0587052726745604,4.281360083453473e-12,other
2710,10318.0,16996.0,stroma,0.5389964331373616,-0.1236623749350408,0.1638963099888393,1.9910866713610383e-11,stroma
2711,12221.0,13138.0,tumor_core,0.6764333355575372,-0.0970878892692931,-0.2837114061628069,9.854820854506038e-12,tumor_core
2712,10341.0,12355.0,tumor_core,0.6582257827656381,-0.2747633748589067,-0.3630982596533638,6.057472225232028e-11,tumor_core
2713,17840.0,20127.0,tumor_core,0.6587698306470453,-0.1389024203435056,-0.487249755859375,1.0108539455577235e-10,tumor_core
2714,13809.0,18715.0,stroma,0.4374581238224545,-0.1030923421027667,0.0837593187604632,1.0353958144955732e-11,stroma
2715,10339.0,12664.0,other,0.389566688043845,-0.1082350021617801,-0.3773039589609419,6.736997533703256e-12,other
2716,7380.0,12186.0,stroma,0.3038324683418896,0.1935643233508298,0.2557312474931988,1.8170614633197407e-10,stroma
2717,10855.0,17308.0,tumor_core,0.6934872450787406,-0.1905371430396692,-0.417348426069532,1.1242067341197634e-11,tumor_core
2718,15150.0,19804.0,interface,0.463967699103936,0.0159273649696634,0.0666114916120257,8.71478821060749e-10,interface
2719,10841.0,20093.0,stroma,0.3702976980236781,-0.1710652273500546,0.566646785736084,1.1657393693388088e-10,stroma
2720,17299.0,20743.0,stroma,0.3493542310032611,0.0151638372408968,0.4182357161385672,1.921587830223358e-11,stroma
2721,3601.0,14333.0,tumor_core,0.8415376237117661,-0.2837354337588422,-0.3483498593739101,1.7070853961494188e-10,tumor_core
2722,4683.0,13410.0,stroma,0.4926392023995418,-0.2440143792348297,0.1106438255310058,8.607448098846846e-11,stroma
2723,11135.0,14989.0,tumor_core,0.6838742216847202,-0.1862435590870742,-0.0798987020765032,5.0516878669496746e-12,tumor_core
2724,6883.0,3829.0,tumor_core,0.7407239921255284,-0.1769845301237352,-0.4002690505981445,1.1507222227614404e-11,tumor_core
2725,6349.0,2899.0,tumor_core,0.7187947385720301,-0.2378609337574431,0.1429003933497837,1.3357504320561587e-11,tumor_core
2726,5998.0,19760.0,other,-0.1710798274064909,-0.1614878926330104,-0.2796156171389988,6.845561608581481e-11,other
2727,14346.0,19027.0,immune,0.3134179458179272,0.5688837590736783,0.5559441402980261,1.4883724611089496e-10,immune
2728,6007.0,17903.0,other,0.2371849538267286,-0.2803673949145998,-0.1120109748840332,1.1842068189350157e-10,other
2729,11122.0,17773.0,other,0.2915779472197461,-0.0927222651618941,-0.2702198178427559,5.380067946066358e-11,other
2730,3588.0,17118.0,other,-0.0066873691226011,-0.2353440427827117,-0.3228572130203247,1.419502267139506e-10,other
2731,10624.0,9417.0,other,0.4347744682948403,-0.1254139107499901,-0.1424498816898891,1.6861420000894758e-10,other
2732,2505.0,18350.0,other,0.1045884327143288,-0.0628613967523192,-0.0860398142678396,1.9841276767890497e-12,other
2733,13604.0,5564.0,other,0.5689447220997066,-0.1268132242953196,0.059797887802124,3.0736650515587576e-11,other
2734,11665.0,16848.0,other,0.5424212380772241,-0.2632399619821149,-0.4539986637660435,9.74852746934584e-12,other
2735,14108.0,12683.0,stroma,0.5362113159889228,-0.2219359649073087,0.2806145095825195,3.155445820260105e-11,stroma
2736,6581.0,10480.0,other,0.4837884203471021,-0.2245970933690112,-0.1752153655460903,4.868439948145906e-11,other
2737,12744.0,16234.0,other,0.5289084607322744,-0.2339456096547722,-0.3078598472050258,4.99517749422122e-12,other
2738,3613.0,11858.0,stroma,0.3890053638447279,0.1288213071474714,0.3118741771153041,2.5007227220271003e-11,stroma
2739,6013.0,16666.0,other,0.2793949525856903,-0.156981441344436,-0.1318494796752929,1.1139202881361432e-11,other
2740,13054.0,8036.0,stroma,0.3762994891502256,0.1481674897636588,0.492891674041748,1.6665621155930514e-10,stroma
2741,16533.0,12230.0,other,0.4690039909926037,-0.1573979440425392,-0.0588319628579275,7.464280165379151e-10,other
2742,6827.0,15277.0,other,0.469878046761766,-0.1524607321423582,0.0599684742518833,2.5906747166172595e-11,other
2743,17345.0,11151.0,other,0.3561974449560032,-0.1021849547211283,-0.3547954586574009,1.0783247568606403e-11,other
2744,14385.0,10982.0,other,0.44727509362357,-0.1136674261878759,0.0359969411577496,2.6334204367089115e-11,other
2745,13859.0,8504.0,other,0.5623097460884832,-0.1534902565074513,-0.12920944077628,2.8764896373560815e-11,other
2746,9789.0,15137.0,stroma,0.5436180435685388,-0.1715939345964388,0.1100704193115234,1.1530212112609563e-11,stroma
2747,14613.0,19492.0,stroma,0.4323782120775056,-0.160570904313664,0.2671822166442871,1.5664459224181886e-10,stroma
2748,16549.0,8827.0,other,0.6494628347577893,-0.078347967612026,-0.3308678756441389,1.6756407908911488e-10,other
2749,9305.0,3996.0,other,0.3819000842130082,-0.2462208264195133,-0.3326971551350185,3.3922517113429704e-11,other
2750,13064.0,5871.0,immune,0.475009093920085,0.2767322792706312,-0.1826110083716256,2.418621835426974e-10,immune
2751,8964.0,18691.0,stroma,0.0256186036798435,0.0806033054532157,0.7074551337105888,1.7980465930977526e-10,stroma
2752,9273.0,10493.0,immune,0.4255961512330622,0.0082260115781964,-0.0821435792105538,2.089939075444985e-11,immune
2753,6008.0,17594.0,other,0.0518590761625412,-0.2941285709938552,-0.435244208063398,5.7357584880999094e-11,other
2754,9276.0,9874.0,stroma,0.0364882294535065,0.0736386955296753,1.1581608309064593,1.8041697518447968e-10,stroma
2755,9766.0,19778.0,other,0.5232806667499779,-0.1655279508122059,-0.2185978698730468,1.9258544620476827e-11,other
2756,17581.0,18114.0,immune,0.2164928325642103,0.1932765028538198,0.1256577137538365,2.651004265054003e-10,immune
2757,5192.0,19292.0,stroma,0.1803625542045439,0.0846168177688019,0.2292225973946707,1.0335943996204688e-10,stroma
2758,10090.0,8486.0,other,0.6512195380513528,-0.3070858406132477,-0.3337249612808227,7.635257309422025e-11,other
2759,14664.0,8972.0,immune,0.4111913126015595,0.2645064044135348,-0.2187314374106271,1.2294295584484216e-10,immune
2760,11980.0,7412.0,other,0.4584542546039117,-0.1252592153911262,-0.0123359107971191,5.030534035466774e-11,other
2761,6058.0,7384.0,other,0.2572286186145114,-0.072101099443299,0.0435920933314731,1.5193624307982598e-10,other
2762,17860.0,16104.0,tumor_core,0.8268789097538158,-0.0915385363009734,-0.0754395607539585,3.207881888143868e-11,tumor_core
2763,9807.0,11424.0,tumor_core,0.7683766448257754,-0.108412863873479,-0.2707999454225813,4.721006380063467e-11,tumor_core
2764,18398.0,16107.0,tumor_core,0.7242519492042373,0.0846742042326995,0.5921072333199637,7.027925851592065e-11,tumor_core
2765,5467.0,18210.0,immune,0.4466638144459272,0.0741420435188151,-0.4024293664523533,6.053117402866075e-11,immune
2766,4932.0,17589.0,other,0.1866213532445072,-0.1589811509608539,-0.4014419967787606,1.1622239724115822e-11,other
2767,3342.0,12321.0,stroma,0.3139789723938515,0.1379646201188379,0.4091451263427734,4.1889600320161463e-11,stroma
2768,6343.0,4136.0,other,0.560405615077837,-0.2168315898381536,-0.1471681240626744,6.457741400160165e-12,other
2769,13066.0,5561.0,stroma,0.5821505735841717,-0.0625504224980116,0.0959166867392403,4.4762528755976907e-11,stroma
2770,11971.0,9269.0,other,0.4294910714358863,-0.1781504582453593,-0.273286759512765,3.5488205139885996e-11,other
2771,13069.0,4942.0,other,0.357258451064961,-0.1521563458451227,-0.248723349571228,2.415308761322476e-11,other
2772,13070.0,4633.0,other,0.2779328221899893,-0.2018451822820229,-0.094477949142456,6.817616237777323e-11,other
2773,8181.0,13582.0,stroma,0.2668169027092587,-0.0613813398987652,0.438280587877546,1.8235241815052667e-11,stroma
2774,5723.0,20841.0,other,0.0765486945356184,-0.1065399815838111,-0.4476228713989257,5.7049434513138264e-11,other
2775,12476.0,16078.0,other,0.4667192278063765,-0.2258125328723031,-0.3429920816421509,2.6518122441555855e-11,other
2776,11134.0,15298.0,tumor_core,0.6715972201821904,-0.1180547173948889,-0.4702629273278372,8.978536142449753e-12,tumor_core
2777,6841.0,12493.0,other,0.5681504791786435,-0.1256451055962582,-0.2790212951387678,2.4756351441600432e-11,other
2778,9522.0,14671.0,other,0.6432432995775174,-0.2391226773275687,-0.3781321225847516,1.254060538825214e-10,other
2779,13337.0,5098.0,other,0.5556085596605779,-0.2701829402016363,-0.1393928745814732,6.121773890338249e-11,other
2780,16273.0,10218.0,stroma,0.650259817092325,0.4157415594275838,0.8065823255266462,7.800761132955122e-11,stroma
2781,7103.0,13886.0,other,0.4274317895920371,-0.2047505920331253,-0.227401545388358,1.2292823819329768e-11,other
2782,15451.0,13153.0,immune,0.3561921220269207,0.6380751732427274,0.219723573412214,3.7620120150071757e-10,immune
2783,2781.0,16959.0,other,0.4029353389575406,-0.2806469717818208,-0.4615730667114258,1.1878460055817346e-10,other
2784,7364.0,15589.0,stroma,0.2804722548216896,-0.0951913038434135,0.1884584045410156,1.4737231452313287e-11,stroma
2785,13833.0,13764.0,other,0.5290774000685372,-0.0382524353897674,-0.0102146611894879,2.4303895300538077e-11,other
2786,10570.0,20555.0,immune,0.2440459771672923,0.0921169537357067,-0.0350863892691476,6.725797311404376e-11,immune
2787,17072.0,11924.0,other,0.5426068827152709,-0.1914667016412945,-0.0603672681535993,2.2965657837214516e-10,other
2788,16502.0,18418.0,tumor_core,1.0436520535330986,-0.2002652823327264,0.0685118893214634,7.862958105867231e-11,tumor_core
2789,6068.0,5218.0,tumor_core,0.6744289096455561,-0.0730809649201723,0.0532614544459751,7.390975861709997e-11,tumor_core
2790,7108.0,12958.0,immune,0.2672023841770131,0.072069764137268,-0.1841016742161342,5.7339051497747146e-11,immune
2791,15712.0,14856.0,other,0.619470666718963,-0.1946407267903872,-0.3781380939483643,2.2196039597174907e-11,other
2792,14124.0,9279.0,stroma,0.5546312990490337,-0.1992743219166225,0.3324950436183384,2.543414539230529e-11,stroma
2793,15205.0,8356.0,tumor_core,0.7054375477513783,-0.1402418355972514,-0.1680472946166992,2.1044595995623134e-10,tumor_core
2794,4651.0,19908.0,other,-0.0612007181802166,-0.1702332367485437,-0.3456533207212175,1.1575991451256907e-11,other
2795,4930.0,17898.0,other,0.3841051191291553,-0.1720346936310259,-0.4220117916379656,7.087321716115068e-13,other
2796,7421.0,3832.0,tumor_core,0.8989892293942855,-0.0938334455633573,-0.043148329598563,1.3204960728589754e-11,tumor_core
2797,10071.0,12508.0,tumor_core,0.6980075351572449,-0.2412386932290215,-0.4207389501162938,1.0302413397875259e-11,tumor_core
2798,9014.0,8481.0,other,0.5446450392557586,-0.1814821795226851,-0.1792682361602783,1.5191451061003815e-10,other
2799,7646.0,12961.0,other,0.3020965575257518,-0.2258346697320911,-0.2841317067827497,4.201071207826245e-11,other
2800,4966.0,10472.0,immune,0.5053620617318817,0.1028301700480004,-0.0366972051348005,1.027347600682956e-10,immune
2801,4957.0,12329.0,other,0.4464518491282331,-0.0653299094954329,-0.0100642367771693,1.3941672424440654e-11,other
2802,13319.0,8811.0,stroma,0.55311420254145,0.2132524380882011,0.5849006135123116,3.859002000668815e-10,stroma
2803,4725.0,4747.0,other,0.1721654340610522,-0.1960376248105207,-0.1036920683724539,1.180706497165345e-10,other
2804,13025.0,13915.0,other,0.4144865559022926,-0.2095802126393618,-0.3786268445423671,1.0619211650701771e-10,other
2805,15706.0,16094.0,stroma,0.6026273482369324,-0.2178146472590358,0.2558070019313266,3.34204900173996e-10,stroma
2806,2234.0,18813.0,other,0.3254174258084905,-0.1706521232695156,-0.2518819386618478,7.32293069054512e-12,other
2807,13818.0,16858.0,other,0.4033751519734427,-0.1859325331697149,-0.3605416240010942,4.021453857294352e-12,other
2808,17074.0,11614.0,immune,0.3521807580071922,0.0279427960643112,-0.3708667196546282,4.042945608841952e-11,immune
2809,8949.0,21785.0,immune,0.3759762827067681,0.0247043859651232,-0.3642529467173985,4.523272391482686e-11,immune
2810,7399.0,8473.0,other,0.4165362520848802,-0.1118430813779803,-0.0686365032196045,2.0929344061221464e-11,other
2811,11956.0,12363.0,immune,0.3405944302120922,0.2585702581187032,0.0257342297690255,2.640472150682226e-10,immune
2812,8160.0,17914.0,stroma,0.5337576134664328,-0.092570409306824,0.0888114942823137,1.6401846007171406e-10,stroma
2813,12248.0,7568.0,stroma,0.3593832676156941,-0.1153608836810021,0.175875631059919,1.7457477535782655e-11,stroma
2814,5510.0,9237.0,stroma,0.4466406226958204,-0.0462880414673114,0.3645063236781529,3.081604368168405e-11,stroma
2815,7109.0,12649.0,immune,0.4325160614481822,0.0387815964597685,-0.1606411130087716,2.448714399819592e-11,immune
2816,7887.0,18686.0,stroma,0.3426172699018499,0.1348499346599196,0.3811012649536133,4.14420248990057e-10,stroma
2817,8762.0,4921.0,tumor_core,0.8770130684140316,-0.1505023045492035,0.5459214837210519,2.191176783919718e-11,tumor_core
2818,7153.0,3676.0,other,0.471919759693676,-0.206470238103566,-0.4015510177612305,1.6358161494421808e-11,other
2819,11681.0,13444.0,tumor_core,0.7040928715370302,-0.2986380459585982,-0.3273158025741577,1.9236590151117932e-11,tumor_core
2820,3341.0,12630.0,stroma,0.3793393918674722,0.2306260432418233,0.5517783818926131,2.1229108675809135e-10,stroma
2821,7607.0,21005.0,other,0.1072376585875353,-0.2558846241423598,-0.3955976104736328,1.0472921272275928e-10,other
2822,9552.0,8483.0,tumor_core,0.8307091236571681,0.1876430762531422,0.8119392340523857,5.696608031187992e-10,tumor_core
2823,15177.0,14235.0,immune,0.0466986781455869,0.3887565330652931,0.2467937959943499,1.2396276810251459e-10,immune
2824,7634.0,15436.0,stroma,0.2486146696461927,-0.0070210177782271,0.1945580673217773,5.014030668773218e-12,stroma
2825,16233.0,18572.0,immune,0.4426222857898628,0.0753363750896344,-0.238577253477914,1.4179135764666738e-10,immune
2826,3048.0,17425.0,other,0.2768621860734568,-0.1132145041551835,-0.2517000416346958,2.648138527638618e-12,other
2827,13577.0,11133.0,stroma,0.2874111763468638,0.187727002837938,1.1029999378749302,1.5353098230779825e-10,stroma
2828,12229.0,11591.0,tumor_core,0.6718694891705609,-0.1036630815540822,-0.4359296141351972,3.1338024670513214e-11,tumor_core
2829,9256.0,13897.0,stroma,0.4562398100402187,-0.0782686456995229,0.4472667694091796,2.1591723610845588e-11,stroma
2830,8747.0,8015.0,other,0.4298973366946754,-0.0798964700247975,-0.3567742231913975,1.245616457782878e-11,other
2831,16546.0,9446.0,tumor_core,0.8712591343163759,0.096801777452999,0.342313619341169,1.1784448238353743e-10,tumor_core
2832,15463.0,10678.0,other,0.586134114178578,-0.3032568901521087,-0.2053913811274937,4.9255248344952135e-11,other
2833,3628.0,8764.0,other,0.3399338260478736,-0.0658927783583501,-0.0467300496782575,3.7841412087355135e-11,other
2834,18929.0,17657.0,stroma,-0.2166920316299335,0.5432847195163497,1.6261832209995817,3.86036685707796e-09,stroma
2835,17866.0,14867.0,tumor_core,1.2224604367981249,-0.2944409608157795,-0.1906447465079171,3.7672382462374237e-10,tumor_core
2836,13073.0,4014.0,stroma,0.2874104023436914,0.4445423241331105,1.1277745056152344,1.8077880665354715e-10,stroma
2837,5996.0,20069.0,other,-0.1666137356086065,-0.1656560487938473,-0.3363603973388672,5.860469632286379e-11,other
2838,6853.0,10017.0,immune,0.2411559837319364,0.0220546125511726,-0.2001816034317016,1.772699006088708e-12,immune
2839,7947.0,6310.0,immune,0.4764996919055913,0.1082918341658518,-0.2382116842269897,4.626269526985162e-11,immune
2840,4933.0,17279.0,other,0.3327715294015945,-0.226458679009389,-0.2775487838472639,9.45798160637034e-12,other
2841,14078.0,18871.0,stroma,0.4570676651805611,0.1645044206206641,0.5428479385375977,1.4254025025975183e-11,stroma
2842,3895.0,9229.0,other,0.5156909498249468,-0.0402949464782261,-0.2882134675979614,5.393612344910459e-11,other
2843,5759.0,13416.0,stroma,0.2425290214706815,-0.186097598071597,0.1626563044956752,4.90414992293301e-11,stroma
2844,16225.0,20119.0,stroma,0.5457850723230027,-0.2490019301075307,0.4682996313912528,9.938223631076507e-11,stroma
2845,6568.0,13265.0,other,0.1347958490695386,-0.0738901794810691,0.0559923553466796,6.244561029728999e-11,other
2846,14361.0,15933.0,tumor_core,0.6763002326138753,-0.1577039367831539,0.3833064842224121,4.4118020533791824e-11,tumor_core
2847,5216.0,14341.0,other,0.3991183128247211,-0.1602839805335233,0.0377686786651611,1.438644433946426e-10,other
2848,4384.0,19442.0,stroma,0.2842014281656003,-0.1655729382504365,0.2711246081760952,2.71033214792689e-11,stroma
2849,14622.0,17636.0,tumor_core,0.8349671514699467,-0.1524413660979885,-0.3490512575422014,1.4037297230031522e-10,tumor_core
2850,3879.0,12633.0,stroma,0.4375950588361643,-0.0265398671941292,0.2381496483939034,4.1773820948605566e-11,stroma
2851,3616.0,11239.0,stroma,0.5356251546543374,-0.2094575282837394,0.464211082458496,1.1375347898476917e-11,stroma
2852,15718.0,13619.0,other,0.6515263505315736,-0.1487355755273797,-0.3485987506593976,1.0276109677806372e-10,other
2853,21399.0,7922.0,other,0.2658886603175279,-0.0449008350727551,-0.040733539036342,2.7772591242306276e-10,other
2854,7426.0,2904.0,other,0.6509166728501581,-0.2337219107116874,-0.2703563393865312,3.4318957266407975e-11,other
2855,11714.0,6638.0,stroma,0.4167301373650905,-0.1092847342306699,0.2442627143859863,6.998396972554093e-10,stroma
2856,8763.0,4612.0,tumor_core,0.7616299165632444,-0.1682931560713445,-0.1499290684291294,3.9217607038140067e-11,tumor_core
2857,8689.0,19773.0,other,0.303576614346966,-0.1732718774403063,-0.4413264083862305,1.0581604904725495e-11,other
2858,15180.0,13616.0,stroma,0.1288057219376386,-0.0690664271997517,0.0820608152662005,2.5197097470512966e-10,stroma
2859,7926.0,10641.0,other,0.4018783322459557,-0.1591063792521085,-0.4225454521179199,1.25770476857894e-11,other
2860,4669.0,16195.0,other,0.3106920858586166,-0.2834623276674987,-0.3862000332559858,6.522160704891199e-11,other
2861,8153.0,19461.0,other,0.3186834459679696,-0.2404883966746508,-0.426452522277832,1.8947608751950396e-11,other
2862,11457.0,4316.0,other,0.6175422714174879,-0.2577957109598854,-0.2020189911978585,8.760158606956692e-11,other
2863,2504.0,18660.0,other,0.3814312047034873,-0.0804224659002954,-0.1422927910940988,1.0740767068201248e-11,other
2864,17590.0,16258.0,immune,0.4789516128035314,0.0494069903662006,0.02642304284232,4.4914103691736586e-11,immune
2865,11962.0,11125.0,interface,0.7111074451289264,0.006987051755446,0.769841548374721,8.935229705418407e-10,interface
2866,7070.0,20693.0,immune,-0.0626162618598681,0.318217710471768,-0.3170095443725585,1.2331381313159514e-09,immune
2867,18381.0,19510.0,other,0.6098797076729092,-0.0119765353920124,-0.482270278930664,5.484656973378235e-10,other
2868,10864.0,15452.0,other,0.6104593359269667,-0.1769567418064292,-0.1457738603864397,3.0183380492765493e-12,other
2869,11173.0,7254.0,stroma,0.6139459207668285,0.1012477616013633,1.2712908663068498,1.0806914327747335e-10,stroma
2870,9523.0,14362.0,tumor_core,0.7099611231144642,-0.1201424783570718,-0.3819879395621163,6.435469381541246e-11,tumor_core
2871,8412.0,21473.0,other,0.5500931049467618,-0.0305940059672795,-0.2988856908253261,3.408884277011112e-11,other
2872,4386.0,19133.0,stroma,0.4905176683903197,-0.0062410004842588,0.3390658133370536,7.420997509112197e-11,stroma
2873,4431.0,9851.0,immune,0.2257848060256797,0.1647861244685328,-0.1329484966823033,1.121277515970125e-10,immune
2874,13281.0,16546.0,other,0.3565020730374301,-0.0933781329830601,-0.2117800882884434,8.731003375427619e-12,other
2875,4392.0,17895.0,other,0.381938794429556,-0.2394290141825348,-0.5032076263427734,1.0829914785447952e-11,other
2876,7347.0,18993.0,other,-0.0079800870023089,-0.1965949659830861,-0.4740939712524414,1.9492671586965708e-11,other
2877,19197.0,17813.0,stroma,0.4855662795749858,0.8269801341360141,1.3187392480032785,4.198370810675779e-09,stroma
2878,4695.0,10935.0,stroma,0.6283557083554144,0.0195645970908823,0.2823339407784598,1.5412225678569724e-10,stroma
2879,9838.0,4927.0,other,0.6414386826073564,-0.0705455022845363,-0.0409423664637974,5.727999432576971e-11,other
2880,10906.0,6788.0,tumor_core,0.7820652726741217,-0.2262822929929867,0.080449936730521,6.993383292009278e-11,tumor_core
2881,4698.0,10316.0,other,0.3036742781861288,-0.1514376634598461,-0.1127146284920828,4.415533645731017e-11,other
2882,7374.0,13423.0,other,0.38487366267613,-0.143650176275767,-0.2881355244772775,2.5993299795296455e-11,other
2883,17611.0,11926.0,other,0.6438628870597394,-0.1684791146214507,-0.0090376772199358,1.4852642176169326e-10,other
2884,15970.0,17178.0,tumor_core,0.8406507203128629,-0.1918201616893183,-0.3137985304423741,5.066826271093011e-10,tumor_core
2885,11453.0,4935.0,immune,0.5088485725088294,0.0511984860145601,-0.0077384948730468,5.3776590557629105e-11,immune
2886,9517.0,15600.0,other,0.4640863561218789,-0.0610132036373061,-0.0004973329816545,3.035562964291813e-12,other
2887,13532.0,20415.0,other,0.5678529721092742,-0.107114488381711,-0.2671556118556432,5.934328510546178e-11,other
2888,17302.0,20124.0,stroma,0.3872846386690953,-0.0426435441547273,0.296903770991734,1.7538858079607418e-10,stroma
2889,8210.0,7703.0,stroma,-0.0618961300854485,0.0530716029654942,1.0375129427228655,1.4414475046673547e-09,stroma
2890,10105.0,5392.0,immune,0.649160218718868,0.0227272011830677,-0.2672990792138235,2.4325680080563255e-11,immune
2891,13556.0,15465.0,other,0.5646242405058438,-0.2360454021197847,-0.2460099479130336,1.7472544779759434e-11,other
2892,8769.0,3374.0,other,0.381151318207226,-0.0586114784110241,-0.0015032795497348,4.909274640064116e-11,other
2893,11434.0,8957.0,other,0.2637595197726987,-0.1196816053807223,-0.0800660869053432,1.1070183690545712e-10,other
2894,14920.0,11604.0,stroma,0.2907238326616735,0.1360981739352972,0.6764988599504744,1.8124146157398179e-10,stroma
2895,10627.0,8798.0,other,0.6002925006906686,-0.198627556100445,-0.2736981541769845,8.340821627438374e-11,other
2896,8175.0,14820.0,other,0.5318432485154354,-0.2968555439509088,-0.435688077041081,6.603529665485663e-12,other
2897,4141.0,14026.0,tumor_core,0.9889244534939612,0.2275338572554055,-0.0966003554207937,1.6433406258504515e-10,tumor_core
2898,6580.0,10790.0,other,0.2088929196446419,-0.2883057689940007,-0.2780064167295183,6.738689557258269e-11,other
2899,14880.0,19957.0,stroma,0.5528471028701915,0.2075061534229869,0.214855090550014,6.410933794527134e-10,stroma
2900,4179.0,6291.0,other,0.3517992005023608,-0.0998086860152575,-0.2339162056786673,3.2079745953888368e-12,other
2901,3891.0,10158.0,immune,0.2699085068268377,0.4631304237084265,0.453365557534354,3.928677690843329e-10,immune
2902,8766.0,3993.0,tumor_core,0.674036730970198,-0.1547502707316403,-0.1453536231177193,8.374314734781507e-12,tumor_core
2903,10050.0,16840.0,other,0.5741615725157929,-0.2644121960381894,-0.3606106894356864,1.5318305171189425e-11,other
2904,8220.0,5538.0,other,0.5165057269175924,-0.1036908879321079,0.0347865799495151,8.659164395411986e-11,other
2905,6850.0,10636.0,other,0.4465489611529664,-0.0512272865007121,-0.1335007381439209,2.4334289130896675e-11,other
2906,7613.0,19767.0,other,0.60890422411413,-0.1188198083365885,-0.3831608963012695,3.7967897650420136e-11,other
2907,4428.0,10470.0,stroma,0.4701585815371167,0.2943460521178805,0.4949441092354911,1.1926238681408816e-10,stroma
2908,8226.0,4300.0,other,0.1594265465082623,-0.2484021118513834,-0.2405286489214216,1.0904002652571236e-10,other
2909,14139.0,6185.0,immune,0.5083815683454476,0.0433101279175384,-0.0076766381944928,5.7593510467685025e-11,immune
2910,3319.0,16962.0,stroma,0.0828949173024836,-0.0213858792638368,0.2147815104893276,1.5072089064799502e-10,stroma
2911,13275.0,17784.0,other,0.4850901455572902,-0.2568975654043748,-0.3123638262067522,8.946725764599554e-12,other
2912,5218.0,14032.0,immune,0.6202076000312374,0.0480895095363387,-0.1893721880231584,3.257492371168354e-11,immune
2913,9819.0,8949.0,other,0.5028258426077414,-0.0286787483617023,0.0071268054417201,3.762255908459565e-11,other
2914,18936.0,16110.0,stroma,0.5766440672248117,0.028735576779248,1.1808030373709542,7.046401781543066e-10,stroma
2915,6565.0,13884.0,stroma,0.4449218103549625,-0.1134244145926909,0.1705023411342076,9.711068415963155e-12,stroma
2916,2801.0,12937.0,tumor_core,0.6989203651479426,-0.0243857569544226,-0.2201581369127546,1.1544237166289223e-11,tumor_core
2917,9801.0,12662.0,other,0.1309164011581289,-0.1923527136487742,0.0554844938005719,9.382104858644618e-11,other
2918,6301.0,12799.0,other,0.5141806917931181,-0.0353647835104376,-0.4404690933227539,8.272011926751336e-11,other
2919,8198.0,10179.0,other,0.4357644078372651,-0.2857797398608188,-0.201707842690604,7.382186123869002e-12,other
2920,18383.0,19201.0,immune,0.5084929406814356,0.3151104354585139,-0.2307418278285435,7.550450240127723e-11,immune
2921,8703.0,16988.0,other,0.531555736739249,-0.1906971814681944,-0.3131122214453561,1.2137942073798992e-11,other
2922,7133.0,7698.0,immune,0.1788424732358206,0.2602713919300746,-0.3597068582262311,3.1218598906424155e-10,immune
2923,12735.0,18091.0,other,0.4802105163910701,-0.2584102415509073,-0.3930355303628103,2.5342137557973217e-12,other
2924,10908.0,6479.0,other,0.5722261723255951,-0.0220552881843381,-0.0457631124768938,1.367129722846277e-10,other
2925,6289.0,15275.0,other,0.2746032991893911,-0.1450780234953393,-0.3180722713470458,6.389221294724687e-12,other
2926,8219.0,5847.0,stroma,-0.011957224812055,0.1652065947609166,0.644339098249163,6.618401105053434e-10,stroma
2927,17884.0,11154.0,other,0.4802211988235138,-0.1232350809355519,-0.4447665478502001,1.7159106651464738e-11,other
2928,4722.0,5366.0,stroma,0.3024145027592221,-0.0034817896975486,0.2627861077444893,2.8739124993786728e-11,stroma
2929,10590.0,16533.0,other,0.3827973893367662,-0.03509672562509,-0.3036297069277082,3.469710072811468e-11,other
2930,18917.0,20132.0,other,0.5163450885710529,-0.1799712982509061,-0.2164600760596139,4.3913480491428285e-11,other
2931,14639.0,14232.0,immune,0.4811741384540972,0.0127123802644134,-0.234286470413208,2.670852347251335e-11,immune
2932,10917.0,4622.0,stroma,0.3327256300533949,0.0017683788237393,0.1874527631487164,4.413185628058871e-11,stroma
2933,10870.0,14214.0,tumor_core,0.6530352260556682,0.064880923589526,0.386923291342599,6.978549595091701e-11,tumor_core
2934,13328.0,6955.0,stroma,0.5464498541842028,0.0981486759076487,0.4308299609592982,1.7173077113696206e-10,stroma
2935,13580.0,10514.0,other,0.525157127490094,-0.1697025406668043,-0.2242531851359775,1.4967833591574704e-11,other
2936,6804.0,19918.0,immune,0.5667723539577348,0.051829413945832,-0.3559552001953125,3.423012426146689e-11,immune
2937,15726.0,12072.0,other,0.5507800297906278,-0.2523080888591216,-0.2892178228923252,1.2943557862594084e-10,other
2938,6019.0,15428.0,other,0.2725922839639285,-0.1880181067780642,-0.3479126398903983,4.268843005936478e-11,other
2939,14637.0,14542.0,other,0.3763451900829633,-0.2291870124232461,-0.1146832970210484,2.6392486659508956e-10,other
2940,14094.0,15467.0,other,0.3758039840230092,-0.1896676032838644,-0.4370955000604902,2.0077772442725863e-11,other
2941,5260.0,5369.0,other,0.2285424046868446,-0.1606784517794078,-0.23823310647692,6.943770058985166e-11,other
2942,7139.0,6461.0,tumor_core,0.6929880180614907,-0.2131770442754969,-0.3436582214491708,1.6882849540031475e-10,tumor_core
2943,7625.0,17292.0,other,0.1936529978809741,-0.3037781811033757,-0.3514313983917236,6.059400702675482e-11,other
2944,10110.0,4464.0,immune,0.6092078957781696,0.0588410153429965,-0.4282921981811523,1.0395839800777374e-10,immune
2945,11935.0,16694.0,other,0.5334525816964051,-0.1955492863468932,-0.4020212973867144,6.9269968524701015e-12,other
2946,17360.0,8057.0,immune,0.3519883206112387,0.1398459971805015,-0.2225110108511788,2.0973648240729628e-10,immune
2947,18395.0,16726.0,tumor_core,0.8565073525345566,0.139800229096481,-0.0937314987182617,7.489445752334371e-11,tumor_core
2948,10909.0,6169.0,other,0.0681963616112392,-0.0971190136534436,0.0196680736541747,4.4060890348092016e-10,other
2949,14360.0,16242.0,other,0.1763450548495679,-0.0242858544461706,-0.018596601486206,1.1225373089871356e-10,other
2950,7614.0,19458.0,other,0.2231604396896874,-0.2191705567105793,-0.2461234515053885,1.384216928474292e-11,other
2951,18142.0,13476.0,tumor_core,0.8293122349169431,-0.264470731631391,-0.21862916128976,4.991720339499074e-11,tumor_core
2952,3042.0,18662.0,other,0.3689529504894867,-0.0209563268204472,-0.1667566980634416,7.10317949281965e-12,other
2953,11950.0,13600.0,tumor_core,0.6611885919324048,-0.0686157326985225,-0.4097822175707136,2.2723762515731393e-11,tumor_core
2954,8727.0,12038.0,tumor_core,0.7424482663777279,-0.1901941257595674,-0.5060773468017579,3.2976865944047596e-11,tumor_core
2955,5251.0,7225.0,other,0.4357777464766972,-0.1265645709241017,-0.2454968527385167,1.3329255346934479e-11,other
2956,15439.0,15628.0,interface,0.662622629167478,-0.1395958034818015,0.8023801694597518,6.463862186820823e-09,interface
2957,9032.0,4768.0,other,0.3219506422831022,-0.2501400398319977,-0.3287875366210937,1.612378965548906e-10,other
2958,7653.0,11414.0,other,0.4714204279825534,-0.1080914355793108,-0.0269893414633614,1.261620994053405e-11,other
2959,12766.0,11903.0,other,0.5138417049199486,-0.0840510112422927,-0.1915769931248256,5.1167283853141215e-11,other
2960,9018.0,7553.0,immune,0.5800777597143918,0.0518075214074471,0.0631958525521415,8.896534778558297e-11,immune
2961,11944.0,14838.0,other,0.3543958961106445,-0.3083326454490508,-0.2452363395690917,1.321683360712524e-10,other
2962,8760.0,5231.0,other,0.4781284432854656,-0.1848573803602795,-0.1468554537636893,1.992538483188454e-11,other
2963,14106.0,12992.0,other,0.3743244735300827,-0.3163971777973339,-0.0949775886535644,1.4672553805165238e-10,other
2964,5770.0,11250.0,other,0.3441298348563057,-0.1940022444827508,-0.0519357218061174,1.3852133718026107e-11,other
2965,11141.0,13751.0,immune,0.4529571345759946,0.0433139746373567,-0.5165911483764648,2.6277284232413733e-11,immune
2966,7124.0,9555.0,other,0.2927245988598949,-0.2745552390899221,-0.4207108879089355,2.7511758976214268e-11,other
2967,5219.0,13722.0,other,0.2271017868246808,-0.0415328897343665,0.0329528658730643,3.0749713889583195e-11,other
2968,11941.0,15457.0,other,0.3130300134163232,-0.143223572127457,-0.5313224792480469,3.246795789646055e-11,other
2969,3603.0,14024.0,tumor_core,1.0835609710342249,-0.013510621806612,-0.0636835738590785,4.5607140789729167e-10,tumor_core
2970,11965.0,10506.0,stroma,0.6244443946465321,-0.2138368320200368,0.0890208489554268,5.4686380578024175e-11,stroma
2971,16530.0,12849.0,immune,0.3141571924533277,0.3232677047778678,0.2071765082223075,3.782999678078819e-10,immune
2972,14364.0,15314.0,other,0.5186816802532309,-0.2695359394359896,-0.2398076949800763,1.4021577856443362e-11,other
2973,16510.0,16871.0,tumor_core,0.6672454991253773,-0.0643227850980949,-0.2548151854106358,7.508592974142587e-11,tumor_core
2974,12532.0,4630.0,stroma,0.3666615481573235,0.2191460005362601,0.2892957469395228,6.524966229237445e-11,stroma
2975,9039.0,3221.0,stroma,0.5101139099691652,-0.0677777920718862,0.5266057750156947,4.591626710774825e-11,stroma
2976,6080.0,2743.0,other,0.4036016491664108,-0.2728051128223496,-0.0356568976811,1.3448917055592896e-11,other
2977,6835.0,13730.0,other,0.3106643744420228,-0.0929173883531018,-0.4155571511813572,4.401880223665677e-12,other
2978,7896.0,16829.0,other,0.5726028691087909,-0.1045483097562134,-0.037346635546003,4.100006185978884e-11,other
2979,14663.0,9282.0,stroma,0.4121056869411742,-0.0712918907318552,0.0933566365923199,1.7232130940887806e-11,stroma
2980,15201.0,9284.0,tumor_core,0.6933885640174522,-0.2847727035041525,-0.5172632217407227,1.2302270632621709e-11,tumor_core
2981,12191.0,19326.0,stroma,0.5413245862190927,-0.2258356825627365,0.2187760380336216,1.6876145122896348e-11,stroma
2982,5201.0,17435.0,other,0.1723631724415209,-0.1912757584392853,-0.3332437811579023,1.8714969082598464e-11,other
2983,18116.0,18736.0,stroma,0.4243792792637534,0.1990929727567984,0.8611843926565987,2.9820273941576685e-10,stroma
2984,7353.0,17755.0,stroma,0.1608555447220916,0.0899363008132978,0.1459993634905133,1.9523262186826126e-10,stroma
2985,14111.0,12064.0,stroma,0.4646219196849906,-0.0675810178832543,0.2032975224086216,2.3408878720265213e-11,stroma
2986,16279.0,8980.0,other,0.511563819526826,-0.0312337331836749,-0.3533860543795994,1.6669638259785655e-11,other
2987,4924.0,19136.0,other,0.5688633246709837,-0.1392684688626183,-0.1964560713086809,7.849613713150398e-12,other
2988,12726.0,19947.0,other,0.2839344935357742,-0.0426184889836434,-0.1205622700282505,2.0222691516693815e-10,other
2989,13824.0,15621.0,other,0.599580237186538,-0.1979140847878674,-0.2822877059664045,2.1465265626142935e-11,other
2990,7392.0,9711.0,other,0.2991358852112167,-0.0942289187095226,-0.2700307314736503,5.290268590167684e-11,other
2991,15171.0,15472.0,stroma,0.4706813998784681,0.3380213169791978,1.0260673468453545,5.064505239058291e-09,stroma
2992,11187.0,4469.0,tumor_core,0.7666976623315711,-0.0452648350451259,-0.4742327117919921,8.745726913265628e-11,tumor_core
2993,4719.0,5985.0,other,0.4147472381591797,-0.2704962918956505,-0.3670702835491725,3.5026647067057455e-11,other
2994,15723.0,12690.0,other,0.3678089756293585,-0.1626183441639971,-0.3203757459776741,1.2691759458726011e-10,other
2995,8204.0,8941.0,stroma,0.2900484442596581,-0.2188037468446018,0.1489059611729213,1.111767590180768e-11,stroma
2996,8472.0,9097.0,stroma,0.494390595107842,-0.171233642622188,0.5820654160635812,1.0273790878433122e-11,stroma
2997,18152.0,11310.0,other,0.5772625785088835,-0.1651081851440719,-0.3070631865092686,5.404739218796531e-11,other
2998,4723.0,5056.0,other,0.5516057691089487,-0.2356270295501097,-0.369516829592841,5.438221780909459e-11,other
2999,17623.0,9451.0,other,0.3901011223761027,-0.1094477808150999,-0.0577880586896623,1.4474241047643291e-11,other
3000,12725.0,20256.0,other,0.6391447904811725,-0.3151207516733076,-0.3982406166621616,2.9343316757151373e-10,other
3001,7085.0,17599.0,other,0.351420194053467,-0.1018739101025983,-0.2243231255667551,7.032967027692068e-11,other
3002,3586.0,17427.0,other,0.2850609913768384,-0.1073626248662314,-0.1633890288216726,4.7998984484416707e-11,other
3003,6017.0,15737.0,stroma,0.5974004860692377,0.0758802819047069,0.4933304050990513,2.5670659772700975e-11,stroma
3004,6604.0,5839.0,tumor_core,0.908060600522152,-0.2614321558386685,0.2926450538635254,3.6272135056291727e-10,tumor_core
3005,11413.0,13288.0,other,0.6210125889325531,-0.1384821672921194,-0.5145821762084961,6.531016743351845e-12,other
3006,16554.0,7899.0,tumor_core,0.7427047901391298,-0.2271356446012043,-0.0541160883222307,2.3097292552246238e-10,tumor_core
3007,18108.0,20283.0,tumor_core,0.9225926787832668,-0.2963940202335915,-0.3636514299256461,6.68656313620412e-10,tumor_core
3008,14337.0,20883.0,stroma,0.3477842270585057,0.0749674355744632,0.1040784958430698,5.231968367654171e-11,stroma
3009,4942.0,15423.0,tumor_core,0.7415451322283064,-0.1305099634352249,0.0473300170898437,6.503484723233323e-09,tumor_core
3010,9561.0,6627.0,immune,0.5778436354457017,0.0397997224399216,-0.2822374507359095,8.646944086812587e-11,immune
3011,2768.0,19744.0,stroma,0.0563085732958347,0.0117865866610518,0.1896278027125767,1.0275604642212912e-10,stroma
3012,7889.0,18376.0,stroma,-0.269799766695968,0.1001585402598012,0.2745216969081333,5.405495134742036e-10,stroma
3013,10861.0,16070.0,stroma,0.5148696497096996,-0.1806038892414303,0.0810192326136998,7.376054150094051e-12,stroma
3014,3328.0,15105.0,stroma,0.022447441133991,-0.1195160956001896,0.7894871030535018,5.128410666022391e-10,stroma
3015,7674.0,7082.0,stroma,0.4564910543044941,0.0156261384657939,0.2227969442095074,8.516615770965046e-11,stroma
3016,17893.0,9298.0,other,0.5392141863346556,-0.0548679593811745,0.0126150131225585,1.3429654220509462e-11,other
3017,7665.0,8938.0,other,0.393786077874276,-0.2887538265020594,-0.0963407298496791,3.00803657608022e-11,other
3018,15711.0,15166.0,other,0.5784057112462453,-0.1972185358789384,-0.3834859446116856,2.8560334527959427e-10,other
3019,14914.0,12841.0,stroma,0.4513499611061806,-0.0557113056708885,0.1471480669294085,1.5053533854132278e-10,stroma
3020,10647.0,4776.0,tumor_core,0.7115562215861743,-0.2765998731028384,0.2965714372907366,1.5688102662904812e-10,tumor_core
3021,12484.0,14531.0,tumor_core,0.7400309708065863,-0.0831274824019489,0.2870048086983817,1.0591116349069219e-11,tumor_core
3022,9234.0,18538.0,other,0.5067282843109746,-0.2028779997183463,-0.2417376926967076,2.2523436608519868e-10,other
3023,7151.0,3985.0,stroma,0.5918632504581147,-0.0835237773322102,0.1421317291259765,2.2863255196963175e-11,stroma
3024,6596.0,7386.0,other,-0.2140101738424109,-0.129850628062613,-0.3559335207939147,2.1546682308038142e-10,other
3025,6307.0,11562.0,stroma,0.53233002107644,0.0661463590611017,0.1390468651907784,2.6399891733023415e-11,stroma
3026,14890.0,17792.0,tumor_core,0.8432111145780276,-0.104257063742695,-0.5230210494995117,3.2904648924452415e-10,tumor_core
3027,14397.0,8507.0,other,0.567034093668454,-0.0304004781396478,0.0306877354213169,5.198697189815834e-11,other
3028,12461.0,19172.0,stroma,0.3566921852236169,-0.0311735619105035,0.2972109603881836,2.298533123206445e-11,stroma
3029,15750.0,7121.0,other,0.2450697040283553,-0.2712947550339138,-0.1348822280338832,7.578674593173577e-11,other
3030,7370.0,14352.0,other,0.5324243525416374,-0.1539080711695389,-0.0765992219107492,4.9802148937538026e-11,other
3031,7941.0,7547.0,stroma,0.5636613270694663,0.1152709842069784,0.2872322518484933,5.116067490842887e-10,stroma
3032,9846.0,3380.0,stroma,0.1843889342515602,0.1473182746366648,0.2990665408543178,8.29346299265184e-10,stroma
3033,8159.0,18223.0,immune,0.1205436481611154,0.059954406709589,-0.2594814784186227,1.9928186943874047e-10,immune
3034,5198.0,18054.0,other,0.2909823296054097,-0.1983826503926157,-0.2031065566199166,1.16531827852269e-11,other
3035,6875.0,5376.0,tumor_core,0.7866725747903036,-0.0386394623101269,-0.1629074375970022,1.515132513507799e-10,tumor_core
3036,17861.0,15795.0,tumor_core,0.7225717268419861,-0.2516932009284339,-0.0901310634613037,4.865574671810194e-11,tumor_core
3037,10353.0,9880.0,stroma,0.3678831098635152,-0.0661167826471492,0.1558458627973284,1.1367863707537076e-10,stroma
3038,10872.0,13905.0,other,0.5869389439817815,-0.2326591976819543,-0.5491394805908203,1.512654622640306e-11,other
3039,12202.0,17160.0,other,0.5052712162526205,-0.1356891119548448,0.0007146780831472,5.583379866894456e-12,other
3040,14354.0,17480.0,other,0.4013344484916241,-0.0639149051341081,-0.0123655986785888,1.7669179221504628e-11,other
3041,13596.0,7111.0,stroma,0.5605508167928841,0.1086854248982787,0.2453365598406109,2.074078419880528e-10,stroma
3042,8178.0,14201.0,tumor_core,0.6694714965893461,-0.2858886500142706,-0.266780424118042,3.429327102046933e-11,tumor_core
3043,15210.0,7428.0,tumor_core,0.6721219376429615,-0.2603626415176173,-0.0054615429469517,4.5629364034770533e-11,tumor_core
3044,4161.0,10004.0,tumor_core,0.8044467598685597,-0.1808544761770775,-0.3009859085083007,3.929592364313348e-10,tumor_core
3045,12737.0,17781.0,other,0.445345578691989,-0.2138220271399847,-0.2992837469918388,1.4002078471014706e-11,other
3046,13320.0,8502.0,tumor_core,0.7875775861145782,-0.2817631806206908,-0.1561317879813058,1.6724121255631775e-10,tumor_core
3047,14081.0,18252.0,stroma,0.5118441074257958,-0.0409516972252154,0.3465407426016671,6.949477421231737e-12,stroma
3048,16516.0,15634.0,tumor_core,1.024085947331166,-0.2845280163609195,-0.482138671875,2.0052443622169055e-10,tumor_core
3049,13592.0,8039.0,immune,0.2517579088732242,0.0913575125970266,-0.3412707420757839,7.078688635268517e-11,immune
3050,13533.0,20106.0,stroma,0.5323478304642615,0.093230597525408,0.729798218863351,5.988722217323491e-11,stroma
3051,11917.0,20407.0,tumor_core,1.0682072872626358,-0.2369512869498791,0.0645748792375836,9.261405623073675e-11,tumor_core
3052,3592.0,16190.0,other,0.4848655040517863,-0.0582241734495135,-0.4240678089005607,4.5449787182649624e-11,other
3053,12185.0,20563.0,tumor_core,0.908343796076276,-0.0264033348136781,-0.2547837713786534,4.7391678140934926e-11,tumor_core
3054,8958.0,19929.0,other,0.169354127443191,-0.1854785734995729,-0.4690652847290039,2.4673160772676046e-11,other
3055,9547.0,9412.0,tumor_core,0.7243272035256785,-0.2012809664864936,-0.2685706322533744,1.941346044879013e-11,tumor_core
3056,8169.0,16057.0,stroma,-0.0223205793623956,0.0347048850319105,0.636347917829241,5.124273336931817e-10,stroma
3057,14672.0,7425.0,stroma,0.0619714925296012,-0.2637120550204826,0.8763858795166015,2.3549866606410816e-10,stroma
3058,9020.0,7243.0,tumor_core,0.6674658902425209,-0.2886782321000851,-0.0797328513009207,3.0166064066001163e-10,tumor_core
3059,13308.0,10977.0,other,0.2817369028568726,-0.242352912005005,-0.2401424435206821,8.32930649160821e-11,other
3060,7385.0,11258.0,other,0.1936939871322617,-0.2243100168199457,-0.0857045527866908,1.9344426595163844e-11,other
3061,12787.0,7571.0,other,0.6163644159743107,-0.2525672337045642,-0.1916640867505754,2.0753354524022344e-10,other
3062,13535.0,19796.0,stroma,0.6272280675681418,-0.112146040857009,1.0962646647862024,2.0542514705630313e-11,stroma
3063,16294.0,5886.0,stroma,-0.2497835607336671,-0.1466709781854405,0.1292790739876883,2.0719747308081286e-10,stroma
3064,11441.0,7410.0,stroma,0.3856720590637148,0.4182697874427183,0.4396170997619629,1.5842079004198974e-10,stroma
3065,18407.0,14251.0,tumor_core,0.8185722382162357,-0.2667510898885207,-0.4097054505348205,7.437746995575294e-11,tumor_core
3066,4665.0,17123.0,other,0.4062984316598191,-0.1510455174142105,-0.344032529422215,7.605184087159747e-12,other
3067,7696.0,2750.0,tumor_core,0.818917292762237,-0.1768966991571778,-0.3731885320799691,2.5666675831302924e-10,tumor_core
3068,16009.0,9134.0,immune,0.3864315756215345,0.0935892490056319,-0.1975659118379865,1.8045867924101048e-10,immune
3069,8492.0,5075.0,other,0.3845189543492727,-0.2876594783925054,-0.1866350964137486,2.5378929256861687e-11,other
3070,15474.0,8512.0,stroma,0.141675648730416,-0.2612436726305068,0.1651824188232422,4.747925873925583e-10,stroma
3071,5473.0,16972.0,immune,0.2755823949153677,0.5155144057164561,0.248424734388079,1.8730525471825223e-10,immune
3072,19731.0,18743.0,tumor_core,0.7958948267043381,-0.1045077198043593,-0.3848608538082668,1.3971204307631506e-10,tumor_core
3073,7644.0,13270.0,other,0.346159275289007,-0.1912054127898804,-0.245686775616237,1.1628584384786051e-11,other
3074,6848.0,10946.0,stroma,0.3615876633963215,-0.2306174557111666,0.1373660932268414,2.4164196448200812e-11,stroma
3075,10617.0,10964.0,stroma,0.6510802897145169,0.0686271496351947,0.8564108603341238,7.819662936807534e-11,stroma
3076,7683.0,5226.0,other,0.3449132229886371,-0.0594468530064667,0.0051672376905168,5.3041424934708257e-11,other
3077,3871.0,14180.0,tumor_core,0.7979964350465388,0.10515939437899,-0.198632048198155,4.7476022719352946e-11,tumor_core
3078,15217.0,5881.0,other,0.3112140698492355,-0.2623715550988315,-0.3184468511172703,1.739717935698883e-10,other
3079,12791.0,6643.0,other,0.6212114634015531,-0.1372429897587074,0.0341127586364745,5.6645065747197256e-11,other
3080,15426.0,18413.0,immune,-0.1241789650482733,0.6473192649447815,0.4082862363542828,1.9185574445594057e-08,immune
3081,16786.0,15480.0,tumor_core,0.7515770088334783,-0.2703075244980077,-0.4779145050048828,2.616967642628779e-10,tumor_core
3082,3897.0,8920.0,tumor_core,0.7275564060229468,0.1770043558411748,-0.3067587341581072,3.7246692514526e-11,tumor_core
3083,14658.0,10210.0,other,0.4549773902929641,-0.2151786496270352,-0.1772819205692836,2.3889175075136615e-11,other
3084,4423.0,11398.0,immune,0.2046404278061191,0.0342756235667832,-0.2391232177189418,7.181440080750115e-11,immune
3085,6311.0,10634.0,other,0.3432085146039925,-0.2048471064272104,-0.0399316910334995,2.5914642070827552e-11,other
3086,6337.0,5374.0,other,0.3546059243631043,-0.1139798025176313,-0.2545816326141357,4.9554633477439446e-11,other
3087,6022.0,14809.0,other,0.2213252489084479,-0.0356482598706439,-0.1881579753330775,7.859153743611524e-12,other
3088,19188.0,19669.0,other,0.333471543722619,-0.1403605962721871,-0.319409863608224,2.43636319145902e-11,other
3089,7940.0,7857.0,stroma,-0.0138145604046742,0.4518251880192142,0.982756244114467,7.534447471192266e-10,stroma
3090,9261.0,12968.0,tumor_core,0.7491942430388323,-0.2286340331066303,-0.3695598077774048,8.905931889834962e-12,tumor_core
3091,15423.0,19032.0,stroma,0.5410139064660808,0.0390766654964163,0.5649555724007743,2.4826518642318985e-10,stroma
3092,9795.0,13899.0,tumor_core,0.6700268596382177,-0.2448157864518698,-0.2956755283900669,3.087415604000532e-11,tumor_core
3093,10571.0,20246.0,immune,0.3025992549848694,0.4198775052341144,0.1465300668988909,3.0229289681626174e-10,immune
3094,14661.0,9591.0,other,0.4944249895595064,-0.3103592662210109,-0.4525813359873635,2.7140194008022335e-11,other
3095,16026.0,5730.0,other,-0.1493753778854472,-0.0255093779468263,-0.1112846565246582,7.069588673999402e-11,other
3096,2232.0,19122.0,other,0.0698024506536906,-0.1679488994330594,-0.0026508086068289,2.0144991623148798e-11,other
3097,14135.0,7113.0,other,0.3222420309328279,-0.1630944016797836,-0.2657773208618164,1.1242241356083328e-10,other
3098,8983.0,14669.0,other,0.6134961796629805,-0.2072986170307954,-0.4910586547851562,3.2083316401157034e-11,other
3099,11156.0,10657.0,stroma,0.3689414570224136,-0.0867504425410896,0.1381816755022321,9.68912837268385e-12,stroma
3100,4951.0,13566.0,other,0.2779496253279689,-0.1475930877862482,-0.3080818258013044,9.569841739908116e-11,other
3101,7655.0,11104.0,other,0.4119316368066452,-0.2051958793555426,-0.28425721849714,4.5004249974399824e-11,other
3102,16783.0,16099.0,tumor_core,1.0904449625646164,-0.2324166721464228,-0.2118421411514282,3.9752801885194065e-11,tumor_core
3103,17872.0,13629.0,tumor_core,0.994936232598836,-0.0642120694277279,-0.2588732113156999,4.1822003387710174e-11,tumor_core
3104,6577.0,11408.0,immune,0.5659118196993982,0.0549697909280017,-0.0619945498875209,2.5529140343551356e-10,immune
3105,15214.0,6500.0,stroma,0.1203294883867009,0.1807061474780981,0.2880212647574288,5.479759842612967e-10,stroma
3106,8142.0,21626.0,other,0.5097269783312615,-0.1060077233779054,-0.4372327041625976,5.137418520276265e-12,other
3107,18663.0,16882.0,stroma,0.4116199050859431,0.0845341733670166,0.1491698919023785,5.06694618481682e-10,stroma
3108,16805.0,11458.0,stroma,0.4735109698623847,-0.1486129615146314,0.3076609366280692,5.111663107103395e-11,stroma
3109,15460.0,11297.0,immune,0.2371155591619095,0.0998688724457705,0.0962063298906598,2.498504837945707e-10,immune
3110,7667.0,8629.0,stroma,0.2207021242362998,-0.2233911319435667,0.0752813693455287,9.456824438216535e-11,stroma
3111,8189.0,12035.0,stroma,0.278056955748985,-0.086991262384677,0.0981433350699288,2.0136914996834455e-11,stroma
3112,10063.0,14055.0,other,0.339988010841728,-0.0510639746414556,-0.3150387593678065,5.5968620503359966e-11,other
3113,17357.0,8676.0,other,0.6078392908419995,-0.2354358356115128,-0.0402474417005266,1.7975421561615015e-10,other
3114,13869.0,6339.0,tumor_core,0.7806716993922583,-0.1529395191324474,-0.1760204519544329,2.9325864605101283e-10,tumor_core
3115,3622.0,10002.0,stroma,0.2072906228977103,0.1525583739437824,0.5293793569292342,2.5238933674223296e-10,stroma
