node_id,x,y,region,tumor_score,immune_score,stroma_score,coexact_energy,region_original
0,13779.0,14330.0,stroma,0.4265648433140345,-0.3743612283468246,1.0384695325578963,1.3439609533539002e-10,stroma
1,10625.0,15494.0,immune,0.4521961430140905,0.4730744202931721,-0.0330850437709263,2.5051517433631623e-11,immune
2,11412.0,15033.0,stroma,0.1673895100184849,0.3677805844942728,1.711114741734096,1.8714233439401715e-10,stroma
3,10409.0,13337.0,other,0.3929781014578682,-0.0064125696818033,-0.1912706456865583,5.597405122416072e-10,other
4,12372.0,11729.0,stroma,-0.0589200237819126,0.5928824440638224,2.308060275486538,5.876462930846634e-10,stroma
5,9429.0,14368.0,tumor_core,0.5746254512241907,-0.3614173144102096,-0.2614999117170061,1.5579737835772595e-11,tumor_core
6,13596.0,16036.0,stroma,0.1873843955993652,0.0845612168312072,1.8640256936209545,2.8832019964006756e-10,stroma
7,15321.0,9771.0,tumor_core,0.569091671534947,0.0310830338795979,-0.157716064453125,1.3502648563067668e-10,tumor_core
8,11011.0,14354.0,other,0.3678676714215959,-0.2603735939661662,-0.2968361282348633,4.156234705510556e-11,other
9,7851.0,14836.0,other,0.1362189020429338,0.1106038331985473,0.108239266531808,1.4298485503710043e-09,other
10,14337.0,10348.0,other,0.1449891580854143,-0.109051859776179,-0.2037247085571288,6.536907517442148e-11,other
11,12952.0,10246.0,other,0.4355269295828683,0.0412831894556681,-0.0775111743382045,5.6227435214917493e-11,other
12,12189.0,13435.0,tumor_core,0.5624873788016183,-0.1502982068061829,-0.1142564119611467,1.626708108525531e-09,tumor_core
13,9433.0,14823.0,tumor_core,0.6848613684517997,-0.4850610792636871,-0.3677797385624477,1.2537485447462409e-10,tumor_core
14,13397.0,15924.0,other,0.4501893234252929,-0.2318254844347635,0.4909032004220145,2.7197027363245375e-10,other
15,10776.0,10152.0,stroma,-0.6967353820800781,0.6865961631139119,1.5899379076276507,2.137642189107545e-09,stroma
16,11804.0,14575.0,stroma,0.3261469214303153,-0.0167442440986633,1.6343103899274554,6.365725170222459e-11,stroma
17,8606.0,10739.0,other,0.2638130133492606,0.1323903067906697,-0.5915316883155277,4.2958714743538455e-10,other
18,7273.0,16546.0,other,0.4673943383353096,-0.0214113207658132,0.9062822668892996,1.302118989206084e-09,other
19,8455.0,16081.0,other,0.3970472390311105,-0.1313027489185333,-0.2721766853332519,7.648993687586303e-10,other
20,12976.0,12974.0,stroma,0.3996242141723632,0.9327646970748902,2.4920957837785993,3.949324567243377e-08,stroma
21,11392.0,12760.0,other,0.2990841238839286,0.0603034687042236,0.7635501153128488,7.591907750458652e-10,other
22,14156.0,12281.0,stroma,0.119406863621303,0.6770697434743245,2.1237268774850024,2.064806310792064e-09,stroma
23,7841.0,13700.0,other,0.3970188576834542,0.0909768994649251,0.1478337887355258,6.641990989349697e-11,other
24,11009.0,14127.0,tumor_core,0.5698537390572684,-0.2636691792805989,-0.2232482201712471,2.5383892249582717e-10,tumor_core
25,13767.0,12967.0,stroma,0.3394616208757673,0.0528030133247375,1.5322489275251114,6.272629540937334e-10,stroma
26,7835.0,13018.0,other,0.1992374338422502,0.2452921485900878,-0.4408606740406581,2.183260880561306e-10,other
27,14735.0,10572.0,other,0.4954373550415039,0.0937700239817301,-0.2387150464739117,2.819660923495621e-10,other
28,9226.0,13802.0,stroma,0.2502108137948172,0.1338904865582784,1.461272201538086,1.2689984460451686e-10,stroma
29,13191.0,14904.0,other,0.4081328746250696,-0.1253071029980977,0.983096160888672,1.6847715024592242e-10,other
30,13592.0,15582.0,other,0.1754449517386299,-0.3621373393138249,0.1155058506556919,3.05911717589287e-10,other
31,11386.0,12078.0,other,0.1834338787623814,-0.3714086725314458,-0.042128462110247,9.183509440354731e-10,other
32,11581.0,11736.0,other,0.4225357927594865,-0.0155795168876647,0.4288080733163016,2.0341859755815412e-10,other
33,12946.0,9565.0,other,-0.1177540670122418,-0.3030392464001973,0.2343361500331333,5.524310887642994e-10,other
34,9602.0,11526.0,tumor_core,0.5777128546578544,-0.2384288903077444,-0.2991949026925223,2.609904261403509e-11,tumor_core
35,12571.0,11841.0,stroma,-0.1670696885245186,0.8580528752009073,2.129700153895787,3.398830255044251e-10,stroma
36,7839.0,13473.0,other,0.5072748020717077,-0.0959263694286346,-0.4564800555365426,1.1463633269600596e-10,other
37,8255.0,15742.0,other,0.3833995001656669,-0.3769822110732396,-0.1739458778926303,2.99627271144803e-10,other
38,13942.0,10351.0,immune,0.2117458942958288,0.4033401830991109,0.1284593091692243,1.427413772789254e-09,immune
39,7444.0,13476.0,other,-0.1776860346112933,0.2290267546971639,-0.4962151098251343,2.1089000553021107e-09,other
40,9814.0,13228.0,stroma,0.2873027856009347,0.5660253111521403,1.1604780469621931,4.874223137986783e-10,stroma
41,13759.0,12058.0,other,0.264838090624128,0.0690546941757201,0.6524333354404993,1.7496766237634334e-10,other
42,13367.0,12516.0,stroma,0.3021145738874162,0.4026909748713175,1.3733535657610214,5.65244562848766e-10,stroma
43,11951.0,8778.0,stroma,-0.2694554492405483,0.6862612835566203,2.1612934657505583,7.581770645692225e-11,stroma
44,8018.0,11312.0,other,0.3309035600934709,-0.130566576719284,-0.526343766621181,2.2708056093500427e-10,other
45,13970.0,13533.0,stroma,0.4126988274710519,-0.1458340692520141,1.3510048730032789,2.673617068479307e-10,stroma
46,13797.0,16376.0,stroma,0.1843392372131347,0.3866769456863403,1.7328375462123324,2.0437825110871395e-10,stroma
47,8626.0,13011.0,tumor_core,0.5505526515415735,0.1530799953142801,-0.219240311213902,2.0729873951910342e-10,tumor_core
48,9840.0,16183.0,stroma,0.5136629758562361,0.1526044066747029,1.2073912702287948,4.70125738887828e-10,stroma
49,10214.0,13679.0,stroma,0.2157767731802804,0.6052795251210531,1.0688365282331194,2.8158186964202356e-10,stroma
50,14343.0,11030.0,other,0.496809572492327,-0.185020610888799,-0.0601555333818707,1.0288627576203667e-10,other
51,7658.0,15406.0,stroma,-0.1047036906651088,1.1742127847671509,1.8366713932582308,1.762860474861956e-09,stroma
52,11794.0,13438.0,other,0.5278291702270508,-0.2316425546010335,-0.1760309001377651,5.8923645391841704e-09,other
53,11194.0,12648.0,other,0.0472790772574288,-0.2293564597765605,-0.2047749655587332,2.3699816314334245e-10,other
54,9220.0,13120.0,tumor_core,0.5348123114449638,0.0395837418238321,-0.3972225965772356,9.678587217038435e-12,tumor_core
55,12376.0,12183.0,stroma,-0.0520209966387067,0.4634016831715901,2.1406954084123884,7.43510698195839e-10,stroma
56,12368.0,11274.0,other,0.4627594648088728,0.3387830003102621,0.6054511315482003,1.3231336436608684e-09,other
57,13346.0,10016.0,tumor_core,0.5374088995797294,-0.2251062675317128,-0.3062004811423165,2.4991295872094543e-10,tumor_core
58,11225.0,16284.0,stroma,0.4407847159249443,0.0446329140663146,1.2224428340366909,7.547427077658162e-11,stroma
59,9228.0,14029.0,other,0.3895250592912946,-0.1191624995072683,0.1502643312726702,1.2872671961750515e-11,other
60,12398.0,14683.0,other,0.394134407043457,0.0715253750483194,0.0410629708426338,1.5702677407503667e-10,other
61,9636.0,15389.0,other,0.5086048071725028,-0.3527249558766683,-0.2312495218004499,3.439491062525678e-11,other
62,12201.0,14799.0,stroma,0.4084146445138114,0.2389024170239766,1.3539339392525809,1.2934210509878318e-10,stroma
63,11593.0,13099.0,stroma,0.3938628605433873,0.9500016784667968,1.5886333029610769,2.008347269126591e-09,stroma
64,8048.0,14721.0,other,0.1557998221261161,0.1586990030606587,0.2937383706229073,3.218718784269918e-09,other
65,12980.0,13428.0,stroma,0.1922951235089983,0.436820182800293,1.761167657034738,8.045313593295819e-10,stroma
66,9991.0,10840.0,other,0.4731155450003487,-0.2757822132110595,-0.0058256421770367,1.7742685871833715e-10,other
67,13534.0,8991.0,other,0.0895049694606235,-0.144703586101532,0.2054677363804409,7.006815914036333e-10,other
68,13793.0,15921.0,stroma,0.2238130242483956,0.0170454080899556,1.6869314684186665,9.470025087023076e-11,stroma
69,15124.0,9886.0,tumor_core,0.7148088782174247,-0.1088916973272959,-0.3005335862295968,1.1622278832288498e-09,tumor_core
70,11758.0,9348.0,stroma,-0.4761244371959141,0.5565923659006754,2.290856399536133,1.260617081038343e-09,stroma
71,11223.0,16057.0,other,0.417113402230399,-0.0103633824984232,0.2106828934805733,1.1494871542369556e-10,other
72,8038.0,13585.0,tumor_core,0.5301899446759905,0.0952136866251627,-0.4732048109599521,1.5242320378101496e-10,tumor_core
73,7829.0,12337.0,other,0.0345312554495674,0.0996383460362752,-0.0471990803309849,4.474608102680611e-10,other
74,10417.0,14246.0,other,0.3844941820417131,0.3323121603329976,0.5851209586007254,3.988933449210823e-10,other
75,9218.0,12893.0,other,0.5219077192034041,0.0054320923487345,-0.3585779666900635,1.1841477992174086e-11,other
76,13371.0,12970.0,stroma,-0.0919249098641532,0.5142524846394857,1.4487109375,2.586653626996329e-09,stroma
77,8253.0,15515.0,other,0.3084015601021903,-0.4233871493736902,-0.3856554739815848,4.4523377045496415e-09,other
78,13979.0,14669.0,other,0.2695884922572545,-0.2835496552785237,0.0490906987871442,1.614252422714206e-10,other
79,12366.0,11047.0,stroma,-0.0582018334524971,0.4883822758992513,1.7607314082554408,1.238508393293755e-09,stroma
80,12390.0,13774.0,immune,0.4073625891549247,0.5083041477203369,-0.1621622494288853,9.684164045630632e-10,immune
81,12177.0,12071.0,stroma,0.0206875692095075,0.7863572724660237,1.6476824624197826,6.54486778391882e-10,stroma
82,11213.0,14921.0,other,0.2871305547441756,0.0960137303670247,0.7066570826939174,1.7945339116023947e-10,other
83,13789.0,15467.0,other,0.325413578578404,-0.2850329184532165,0.2583512197222027,5.950462220395819e-10,other
84,8447.0,15172.0,immune,0.108086746760777,0.5083789094289144,0.2346349334716797,3.1098676940193587e-10,immune
85,12950.0,10019.0,other,0.3319508034842354,0.0721098550160725,-0.1261298656463623,5.901598236268817e-11,other
86,10375.0,9473.0,stroma,-0.266771285193307,0.2882993563016256,2.435648672921317,1.2510972472036405e-08,stroma
87,10202.0,12316.0,other,0.398254383632115,0.1618856271107991,0.8517277581351144,1.0737572879272802e-10,other
88,12155.0,9571.0,other,-0.0515764236450195,-0.0866699417432149,0.5122625187465124,2.1047386515218303e-10,other
89,12563.0,10932.0,immune,0.4834120069231307,0.6614089441299439,0.2643900980268207,1.40124302145949e-09,immune
90,9642.0,16071.0,other,0.2985477120535714,0.1067988141377767,0.7152986907958985,1.0304866271047232e-10,other
91,9590.0,10162.0,other,0.2002094214303152,0.0681813160578409,0.0771863419669014,5.0093893254541314e-11,other
92,10820.0,15151.0,other,0.2771150970458984,0.058452866077423,-0.2463790948050363,2.2460431931022095e-10,other
93,10395.0,11746.0,tumor_core,0.5626747730800085,0.3521657117207845,-0.1247766181400844,6.527280416812972e-10,tumor_core
94,9411.0,12323.0,tumor_core,0.7786412920270647,-0.1689743443330129,-0.2962151091439383,4.3222383732014464e-10,tumor_core
95,14164.0,13190.0,stroma,-0.0515517507280621,0.5157869561513265,1.9179837472098216,1.8081564739630112e-10,stroma
96,13338.0,9107.0,immune,0.1883442742483956,0.2938428664207458,0.2003074891226631,3.0069166280283463e-10,immune
97,10389.0,11064.0,tumor_core,0.6820526994977678,0.1955959407488504,-0.2576324081420899,1.0217524262609024e-10,tumor_core
98,13546.0,10355.0,stroma,-0.0437967327662877,0.1587138716379801,1.983434284755162,1.9994463486135975e-10,stroma
99,13165.0,11949.0,stroma,-0.0141584014892578,0.684807105064392,2.028057338169643,1.344872910214572e-08,stroma
100,13391.0,15243.0,stroma,0.3707359422956193,-0.2020846406618753,1.2885080065046035,1.6544251664553824e-10,stroma
101,14127.0,8872.0,other,0.3153382573808942,-0.0647880299886067,0.5172677285330636,6.832096789509281e-11,other
102,13783.0,14785.0,other,0.2949425670078821,0.1989560556411743,0.6481016595023019,1.1740125619303955e-09,other
103,14154.0,12054.0,stroma,0.2348370388575963,0.2202181633313497,1.7601532091413223,4.692396840614328e-10,stroma
104,11988.0,13096.0,tumor_core,0.6026113946097238,0.0418634700775146,0.5440400859287806,2.6932554659071134e-09,tumor_core
105,8429.0,13127.0,other,0.125080122266497,0.2439736199378966,-0.0457556588309151,5.048935410473412e-10,other
106,11209.0,14466.0,other,0.428249032156808,-0.2709495830535888,-0.3286914757319858,1.1382683673640323e-10,other
107,8435.0,13809.0,other,0.198306988307408,0.0366940792401632,0.0496568925040108,1.4038045437382135e-10,other
108,12000.0,14459.0,stroma,0.2264254052298409,0.2759737181663513,2.54084532056536,1.4938425138482718e-10,stroma
109,13389.0,15015.0,other,0.1503019414629254,-0.1929859538873036,0.1774011748177665,4.98428582739952e-10,other
110,8656.0,16420.0,other,0.1558135523114886,-0.0366776768366495,0.447244153703962,1.1490147285439867e-09,other
111,9405.0,11641.0,tumor_core,0.7816044507707869,-0.2225570595264434,-0.1785727432795932,5.429945937048261e-11,tumor_core
112,14542.0,11142.0,stroma,0.4075625119890486,-0.1046466592947642,1.5291765539986746,2.25600929965125e-11,stroma
113,11762.0,9802.0,stroma,0.1573843710763114,0.1610937635103861,1.428204127720424,2.054307287624383e-09,stroma
114,10208.0,12998.0,immune,-0.2480207252502441,1.1178771018981934,0.9943011583600724,1.4274360461108221e-08,immune
115,7861.0,15973.0,stroma,-0.0540681157793316,0.6761005004247029,2.2785915810721264,5.530878239409402e-09,stroma
116,9830.0,15046.0,other,0.3887407902308873,-0.3107418558994929,-0.3298894309997559,8.257297230876652e-11,other
117,12354.0,9683.0,other,-0.1332311793736049,-0.1585777084032694,0.1674434471130371,5.31379385650454e-10,other
118,12557.0,10250.0,other,0.3403739057268415,-0.1286979619661966,-0.2764156968252999,4.26499489033296e-10,other
119,11400.0,13669.0,interface,0.6459940828595842,0.1839763164520264,1.3062614713396346,4.443068182232822e-08,interface
120,10826.0,15833.0,other,0.5190625708443778,-0.2765668652455012,-0.470983737536839,4.778539261656991e-11,other
121,12410.0,16047.0,other,0.5617336436680385,-0.1504578081766764,1.0270529283796035,9.424150875311523e-10,other
122,10170.0,8680.0,interface,0.1088642256600516,0.263770759900411,0.8759745570591517,3.576244118665917e-10,interface
123,9805.0,12092.0,tumor_core,0.6077229200090681,-0.2387941412130991,-0.136699662889753,1.4518099267156156e-10,tumor_core
124,13952.0,11488.0,other,0.2725242451259069,0.2141443157196044,0.6186946051461356,1.3638265969561396e-10,other
125,13940.0,10124.0,other,0.3538104793003626,-0.3414593319098155,-0.2588604913439069,5.722661441317956e-10,other
126,13757.0,11830.0,other,0.2229085486275809,0.1356790765126546,0.6313122994559152,3.2420828859791076e-10,other
127,11408.0,14578.0,other,0.4101312364850724,-0.2453289635976155,-0.3920636572156633,6.207436817017389e-11,other
128,13334.0,8652.0,other,0.1467171069553919,-0.2579672900835673,-0.073466020311628,1.107767349897692e-09,other
129,11553.0,8554.0,other,-0.2119963782174246,0.6054514280954997,0.9779571042742048,8.800296595133047e-10,other
130,11798.0,13893.0,other,0.3409600230625697,-0.0650108138720194,0.4984554127284459,1.980468627852652e-09,other
131,7470.0,16431.0,stroma,-0.4408634342466082,0.2839721647898356,1.643043670654297,1.153750909820344e-09,stroma
132,12602.0,15477.0,stroma,0.3137465667724609,0.2335550912221272,1.284166477748326,1.5562362603036628e-10,stroma
133,8602.0,10284.0,other,0.3420931679861886,-0.230633164246877,-0.544706791469029,3.329912166475818e-11,other
134,9594.0,10617.0,stroma,0.1124698557172503,-0.1230285946528116,2.2950882720947265,7.282858182189071e-10,stroma
135,13399.0,16152.0,other,0.3561197226388114,-0.0346842090288798,0.5634451620919364,1.1361588117609211e-09,other
136,7817.0,10973.0,other,0.3139474923270089,-0.3187055140733719,-0.5500773256165641,4.178300948916239e-10,other
137,10822.0,15379.0,other,0.516636575971331,-0.0061869637171427,-0.2946462753840855,3.8540778321627545e-11,other
138,9832.0,15274.0,other,0.4107125255039758,-0.2175917967160543,-0.1427337183271135,7.37938301160681e-11,other
139,14184.0,15463.0,stroma,0.2320401491437639,-0.3075921229521433,1.2398380279541017,1.619646875527954e-10,stroma
140,12400.0,14910.0,other,0.621909190586635,-0.0674978709220885,0.7789984130859375,1.7945496217705118e-10,other
141,10393.0,11519.0,tumor_core,0.5324031066894531,0.0872511919339498,-0.1913228893280029,6.008564429622729e-11,tumor_core
142,11595.0,13326.0,stroma,0.4672335052490234,0.6920530382792155,1.1290267508370535,6.394005502862212e-09,stroma
143,9437.0,15277.0,tumor_core,0.5692395128522599,-0.3648305130004883,-0.1164040524618965,7.139207369124125e-12,tumor_core
144,12207.0,15480.0,stroma,0.2309629522051131,-0.0706428368886311,1.3031768798828125,8.25477134798532e-10,stroma
145,10222.0,14589.0,other,0.3743778882707869,-0.0587170227368673,-0.2886824635096958,8.360123620708551e-11,other
146,12579.0,12750.0,stroma,0.5027976608276368,-0.0321157987912495,1.0323810577392578,1.16981376687598e-08,stroma
147,14544.0,11369.0,other,0.3433323178972517,-0.2492633525530497,-0.2491959476470947,4.1010808711635576e-11,other
148,13566.0,12627.0,stroma,0.1915055601937431,0.0289820146560668,1.3297233745029997,2.88079094871735e-09,stroma
149,10023.0,14477.0,tumor_core,0.5476656559535437,-0.1515223852793376,-0.1404336479731968,4.579586709439719e-11,tumor_core
150,7847.0,14382.0,other,0.1394589478628976,-0.2753198130925496,-0.5892179877417428,1.5940632133865683e-10,other
151,8416.0,11536.0,other,0.4399367904663086,-0.2047106194496154,-0.4809824371337891,6.358132963481127e-11,other
152,10003.0,12204.0,tumor_core,0.595347284589495,-0.0293476096789042,-0.1591301550183977,2.3535896885597676e-10,tumor_core
153,13576.0,13764.0,stroma,0.1749478122166223,0.0308223191897074,2.0733996364048553,2.3284017045828476e-10,stroma
154,11617.0,15826.0,interface,0.5713064684186663,0.0772411815325418,1.2785624476841515,1.0535332257800825e-08,interface
155,9197.0,10393.0,other,0.3706327547345842,-0.211006334622701,-0.2315323475428989,1.1294895136742766e-10,other
156,12598.0,15022.0,other,0.3561894062587194,0.0351787487665812,0.0412285259791782,1.2532508909023788e-10,other
157,13185.0,14222.0,tumor_core,0.5936984198434012,-0.3845909857749938,-0.2029996653965541,5.919796864361021e-10,tumor_core
158,8835.0,14260.0,other,0.2948051398141044,-0.2283520571390788,0.0811734363010951,1.3207047108025367e-10,other
159,8227.0,12560.0,tumor_core,0.5678739166259765,-0.1489177016417185,-0.4653849308831351,6.319346704816501e-12,tumor_core
160,14719.0,8754.0,other,0.3126227569580078,-0.1493831133842468,-0.4058270154680525,5.448139174879967e-11,other
161,13147.0,9904.0,other,0.1217117200578962,0.1950605336825053,0.6711621420724052,1.3894014073759562e-10,other
162,12592.0,14341.0,stroma,-0.0303472900390624,0.3101254638036091,2.2348314884730747,1.8072014444225763e-09,stroma
163,14729.0,9890.0,other,0.225989990234375,-0.17736922899882,-0.462554794720241,8.19160696288906e-11,other
164,10411.0,13564.0,other,0.3951043592180525,0.1449610487620035,-0.1058496175493511,3.7138088571957344e-10,other
165,14144.0,10918.0,other,0.4552731159755162,0.0513313333193461,-0.1617648724147251,3.3617793741256555e-10,other
166,9445.0,16186.0,stroma,0.2898867089407784,0.2810447168350219,1.4152578135899136,1.2501923055999291e-09,stroma
167,11996.0,14005.0,other,0.5008082635062081,0.0425841665267944,0.9208483668736048,1.346303309970953e-09,other
168,12004.0,14914.0,stroma,0.2312125396728516,0.1539124162991841,1.3348088673182894,1.2446500849325886e-10,stroma
169,12179.0,12299.0,stroma,0.1983374323163714,0.8679447460174561,2.0037788064139233,1.3147882305764988e-08,stroma
170,13348.0,10243.0,other,0.3992333221435546,-0.2190454403559366,-0.0948684011186872,2.8332101654480775e-10,other
171,14329.0,9439.0,other,0.1906982885088239,0.2166218789418538,0.0965624509538922,3.0574043725847857e-10,other
172,12006.0,15141.0,stroma,0.3269985035487585,0.1941165852546692,1.4500307628086635,1.2388247928911188e-10,stroma
173,14160.0,12736.0,other,0.4578053501674108,-0.198144344886144,-0.2087712969098772,9.7052534024395e-09,other
174,10194.0,11407.0,tumor_core,0.6130171040126257,-0.0006799554824828,-0.3344789804731097,8.10942421789602e-11,tumor_core
175,12781.0,13316.0,stroma,0.4431244223458427,0.1950039672851562,1.9557971627371655,3.345841206001228e-09,stroma
176,10216.0,13907.0,other,0.2745324298313685,-0.0428602504730224,-0.2517848123822893,3.07999127817912e-10,other
177,14129.0,9100.0,other,0.3550686700003487,0.0967787551879882,-0.3538993181501116,4.5668787918406634e-11,other
178,10590.0,11403.0,other,0.4580385644095284,-0.2398452726999919,0.4520718819754463,1.6685229042435455e-10,other
179,11607.0,14690.0,other,0.3689079448154994,-0.2762548128763834,-0.1830350426265171,9.523524112354856e-11,other
180,13749.0,10921.0,other,0.197777440207345,0.1447057517369588,0.5858733531406947,4.010300444025437e-10,other
181,7631.0,12225.0,tumor_core,0.5320881380353655,0.3532653824488322,-0.3678544357844761,5.800506733349619e-11,tumor_core
182,11005.0,13673.0,other,0.4427450234549386,0.0378585886955261,0.1721157046726772,2.2333750123794804e-10,other
183,13781.0,14557.0,other,0.446625644138881,0.1327385354042053,0.7362069593157088,3.342214153391892e-10,other
184,11977.0,11732.0,stroma,0.089961427961077,0.9087529802322388,1.552501106262207,2.1402235210417566e-10,stroma
185,12954.0,10474.0,other,0.2771465465000696,0.0668636798858642,0.3747399548121862,7.619258335669638e-11,other
186,10812.0,14242.0,other,0.4673386764526367,-0.035939736366272,-0.1960481003352573,5.560663899208226e-10,other
187,7855.0,15291.0,stroma,-0.1422427831377301,1.2643651803334557,1.8435069220406664,3.6859402463213503e-09,stroma
188,14554.0,12505.0,immune,0.0683881759643554,0.8670015621185303,0.8011025510515486,5.844548502545652e-10,immune
189,9022.0,13008.0,other,0.5256306403023856,0.0268800274531046,-0.0135757991245815,1.4999007190162462e-11,other
190,11207.0,14239.0,other,0.4227500425066267,-0.0358931867281595,0.0220562335423061,3.741502860600001e-10,other
191,14731.0,10117.0,other,0.3534742028372628,-0.0312977766990661,-0.2191930907113211,7.266709761670531e-11,other
192,9431.0,14595.0,tumor_core,0.6860799789428711,-0.2927338417371113,-0.3979835946219308,2.535702050118216e-11,tumor_core
193,9041.0,15281.0,other,0.4738932527814592,-0.4471608226497968,-0.3894133867536272,3.752855001241979e-11,other
194,14739.0,11026.0,other,0.4420876312255859,-0.0786127690474192,-0.0607478441510882,4.448235356804087e-11,other
195,13574.0,13536.0,other,0.4463229479108537,-0.1275145324071248,0.694225082397461,1.036631126419336e-10,other
196,13548.0,10582.0,other,0.4736307253156389,0.2289123400052388,0.3950365257263183,7.07271439804397e-10,other
197,10192.0,11180.0,tumor_core,0.5492232622419084,-0.1646839062372843,-0.1327721595764159,4.903260517411238e-11,tumor_core
198,11402.0,13896.0,other,0.3575998851231166,0.0535722764333089,0.4070350510733468,1.3089228716534582e-08,other
199,12187.0,13208.0,other,0.4666104670933314,-0.117769161860148,-0.2418833378383091,5.478696989514648e-09,other
200,12779.0,13089.0,interface,0.6888035529000419,0.1546193337440491,1.8948079899379184,2.7852413843618858e-08,interface
201,10780.0,10606.0,other,0.3690824835641043,-0.0282072552045186,0.530597632271903,1.513357349775127e-09,other
202,10981.0,10945.0,tumor_core,0.5649618639264787,-0.3436049606402714,-0.3072713851928711,2.628351348436948e-11,tumor_core
203,11186.0,11739.0,tumor_core,0.6453040368216378,-0.3689754982789357,-0.4184277262006486,7.040160980946524e-11,tumor_core
204,10029.0,15158.0,tumor_core,0.6256466783796037,-0.2483418981234232,-0.1971004649571009,2.996657521617103e-10,tumor_core
205,11416.0,15487.0,tumor_core,0.5559005519321986,-0.0277822200457255,-0.0043646321977887,1.2715473382389402e-10,tumor_core
206,9045.0,15735.0,other,0.173153498513358,-0.3751306762297948,-0.4397206149782454,1.0227011631251343e-09,other
207,9997.0,11522.0,tumor_core,0.6752550288609095,-0.3282873857021332,0.0818898364475795,8.484960416424143e-11,tumor_core
208,12191.0,13662.0,stroma,0.4457098606654577,0.4354092852274577,1.398252078465053,3.926657552943174e-09,stroma
209,8014.0,10858.0,other,0.4123435047694616,-0.0573491024971007,-0.5465812710353306,1.8123190887618927e-10,other
210,10570.0,9131.0,stroma,-0.4101359176635742,0.9173826789855956,2.0031020191737583,2.890914156310857e-09,stroma
211,14921.0,9320.0,other,0.5115215737479073,0.1307059669494629,-0.3485790130070277,1.9542455006129267e-10,other
212,11394.0,12987.0,stroma,0.2898057338169642,0.0892859594027201,1.6513074929373608,3.530999465811422e-09,stroma
213,11365.0,9578.0,stroma,-0.5302922126225063,0.724169267018636,2.209159153529576,3.044580264204269e-09,stroma
214,8805.0,10851.0,tumor_core,0.5907738004411971,-0.4602607173720995,-0.5654824655396598,1.9867238571846835e-10,tumor_core
215,9618.0,13344.0,other,0.4267413984026228,-0.0584222841262817,-0.0988289560590471,1.6671402864870188e-10,other
216,11176.0,10603.0,stroma,0.2421604020254952,0.5379814116160074,1.4306985146658762,1.1971191957719406e-09,stroma
217,11363.0,9351.0,stroma,-0.3776843043736049,0.2798544184366862,1.8996629115513397,1.1019959761183931e-09,stroma
218,14723.0,9208.0,other,0.5020954840523857,-0.2656837296485901,-0.3749606350490024,2.3256098709347126e-10,other
219,9024.0,13235.0,other,0.4717703792027063,0.1838154292106628,0.2916014971051897,9.565516193504503e-12,other
220,13536.0,9218.0,other,0.348406857081822,-0.1165099763870238,0.0864374896458217,2.537146512660952e-10,other
221,13183.0,13994.0,tumor_core,0.6613633237566268,-0.0692089740435282,0.0728177642822265,2.7447543272476e-10,tumor_core
222,8646.0,15284.0,immune,0.2968646676199776,0.4409866460164388,0.5012234987531389,6.332307817223381e-10,immune
223,14526.0,9324.0,other,0.3956916482107979,-0.0785945113499959,-0.4378313841138567,1.5024208746276768e-10,other
224,8054.0,15403.0,stroma,-0.2250852721078055,0.4819671328862508,2.098072716849191,5.3580910070683964e-09,stroma
225,8612.0,11421.0,other,0.5199115916660852,-0.2640496361255645,-0.5342211433819363,4.400963080887782e-11,other
226,10601.0,12767.0,interface,0.3264499991280692,0.2441903257369995,0.933032341003418,3.666713485894842e-09,interface
227,10182.0,10043.0,immune,0.4831843348911829,0.3425548044840495,-0.1782763848985945,5.176319457386574e-10,immune
228,13533.0,8764.0,other,0.3739166259765625,-0.032437773545583,0.4543101991925919,1.0064275099890203e-09,other
229,11819.0,16393.0,other,0.52798704964774,-0.0703369235992431,-0.067770494733538,7.178725913907702e-11,other
230,13199.0,15813.0,interface,0.6200636727469307,-0.229026957352956,1.834154074532645,6.841470045404344e-09,interface
231,8992.0,9599.0,other,0.4009923335484094,-0.2196377257506052,-0.356659813608442,9.150370501209914e-11,other
232,10792.0,11970.0,other,0.3652757045200892,-0.0014138491948445,-0.3524378422328403,5.708019092302165e-11,other
233,11788.0,12757.0,stroma,0.3573600442068917,0.2624396085739136,1.7552539825439453,4.1481529815770765e-10,stroma
234,14174.0,14327.0,other,0.5237096296037947,-0.3570179315408071,0.1336123602730887,2.3251274994617686e-10,other
235,11192.0,12421.0,other,0.2842914036342077,-0.1874618538220723,0.0172365297589983,1.2323642618004591e-10,other
236,10790.0,11743.0,tumor_core,0.7983135713849748,-0.3830313336849212,-0.3263592066083635,2.708282632481594e-10,tumor_core
237,11806.0,14802.0,other,0.5297789001464843,-0.2073851490020751,0.5350469316755022,2.4051001967383815e-10,other
238,9785.0,9819.0,stroma,0.1328391865321567,0.0674880488713582,1.6672785513741628,1.8425008345540006e-10,stroma
239,10607.0,13449.0,other,0.2711397470746721,-0.1790247611204782,0.3471952956063406,3.270856775631527e-10,other
240,9244.0,15847.0,other,0.290960578918457,-0.2322601079940796,-0.0447006552559988,1.311209559880457e-09,other
241,11967.0,10596.0,tumor_core,0.6694578279767717,0.049760304292043,0.0469232995169502,1.836996440909691e-09,tumor_core
242,9995.0,11295.0,stroma,0.3187794521876744,0.1325610152880351,1.640289524623326,2.5385845602953177e-10,stroma
243,10784.0,11061.0,tumor_core,0.6919659314836775,-0.1927401781082153,-0.3055140359061105,1.6875000335467852e-10,tumor_core
244,9620.0,13571.0,other,0.4223565074375697,0.089411818186442,-0.186646009172712,6.331789218220711e-11,other
245,10983.0,11173.0,tumor_core,0.5482592936924525,-0.0566428979237874,-0.1464018876211983,3.163859231829492e-11,tumor_core
246,10572.0,9358.0,stroma,-0.307690794808524,0.308432559967041,2.1200268009730747,1.923072617288753e-09,stroma
247,3499.0,14647.0,other,0.4632274137224469,-0.0909414652983347,-0.0382898616790771,9.113781619739779e-11,other
248,8847.0,15623.0,other,0.4258900233677454,0.0108221133550008,-0.2782795633588518,1.3805222627065108e-10,other
249,7863.0,16200.0,stroma,0.1791994476318359,0.6193807077407837,2.1428728103637695,4.0042981617513174e-10,stroma
250,14548.0,11823.0,other,0.2191753659929548,-0.1757591505845387,-0.2641923809051514,5.326832953513828e-10,other
251,15323.0,9998.0,other,0.5170778764997209,0.1339106464385986,0.0159197725568499,2.864139748369388e-10,other
252,14125.0,8645.0,immune,-0.2876453222547259,1.2398707246780396,0.9025315911429268,2.345062284667918e-09,immune
253,8060.0,16085.0,interface,0.1389375959123883,0.5309744803110759,0.7571209825788224,1.0451843666152173e-08,interface
254,12384.0,13092.0,other,0.5519036374773298,-0.395470476547877,1.2184240341186523,1.3635368923963452e-08,other
255,14546.0,11596.0,immune,0.3260759735107421,0.6393063624699911,0.2420119503566197,2.831742253324162e-10,immune
256,10782.0,10833.0,tumor_core,0.6530983407156807,-0.1879204400380452,-0.2617361790793283,1.4837400395108063e-10,tumor_core
257,13787.0,15239.0,interface,0.2132397951398577,0.2459644746780395,0.8049327305385046,1.0205337454452347e-09,interface
258,12604.0,15704.0,stroma,0.3453045381818498,0.1422634895642598,1.231061434064593,2.0968928847803575e-10,stroma
259,5811.0,7581.0,other,-0.2033928298950195,-0.1634767150878906,-0.2033928298950195,9.478472697005284e-10,other
260,8648.0,15511.0,other,0.5090953881399972,-0.0984515682856241,0.0913662392752511,7.782590069829315e-10,other
261,14162.0,12963.0,other,0.4580405099051339,-0.1908771308263143,-0.0746018436976841,7.474063176006805e-10,other
262,11205.0,14012.0,other,0.2513045092991419,0.0324429170290628,0.8551871490478515,4.255876819250023e-09,other
263,8841.0,14941.0,other,0.4064909471784318,-0.4537531361977259,-0.456570622580392,1.9097734494463415e-10,other
264,14937.0,11138.0,other,0.0991973740713936,0.080444970925649,-0.410387225832258,1.1090010817015034e-10,other
265,10576.0,9813.0,other,0.4018244879586357,-0.1681965478261311,0.4675037111554826,1.5994185475818723e-08,other
266,10011.0,13113.0,stroma,0.0564335577828544,0.8869216632843018,1.189221349443708,3.131687605962555e-10,stroma
267,13761.0,12285.0,other,0.3548856190272741,0.1237833817799886,0.8845695441109794,3.42523793472711e-10,other
268,13137.0,8767.0,other,0.2584902136666435,0.0752810509999593,0.137862309047154,1.0553631243285548e-10,other
269,7446.0,13704.0,immune,0.4473630959647042,0.363521225452423,-0.3977971431187221,1.563514989989548e-09,immune
270,11168.0,9694.0,stroma,0.0036811937604631,0.745394705136617,1.4046841049194336,4.608174844590381e-10,stroma
271,13995.0,16487.0,other,0.4375828497750419,0.058371114730835,0.968408453805106,2.4221860488248727e-10,other
272,9224.0,13574.0,stroma,0.373598403930664,0.1744919363657633,1.3895035552978516,1.1723367540196154e-10,stroma
273,8213.0,10970.0,other,0.496522925240653,-0.3194425829251607,-0.5338385479790824,1.7667654938880528e-10,other
274,12406.0,15592.0,stroma,0.0627350670950752,0.3509757486979167,1.1582021713256836,2.7149784296770632e-09,stroma
275,9010.0,11644.0,other,0.4578632954188756,-0.2729974397023519,-0.4937809603554862,1.8529932176015687e-10,other
276,8026.0,12221.0,other,0.4628698294503348,0.0216256459554036,-0.5348903315407889,5.302901333821217e-11,other
277,12972.0,12519.0,tumor_core,0.6457195935930525,-0.118835068543752,0.281639894757952,1.4972243715413723e-08,tumor_core
278,12581.0,12977.0,other,0.6998258754185267,-0.0486885738372803,1.0570204762050084,4.530540700643858e-09,other
279,13600.0,16491.0,stroma,0.2070351791381836,0.2260879906018574,1.509314705984933,1.1959776722151202e-09,stroma
280,11378.0,11169.0,other,0.4866335514613561,-0.2227184609572092,-0.2416677175249372,9.64920976999009e-11,other
281,8024.0,11994.0,tumor_core,0.5313642229352677,-0.0045677439371745,-0.5364312280927386,1.6569413458263502e-10,tumor_core
282,13175.0,13085.0,stroma,-0.0416717175074985,0.3101289129257202,1.868356900896345,8.730597806513258e-09,stroma
283,10808.0,13788.0,other,0.2028575706481933,0.0400119066238403,0.7641083308628627,3.6987368561411575e-10,other
284,10977.0,10491.0,stroma,-0.1585501616341728,0.8517504564921061,2.244930332728795,2.486566570639357e-09,stroma
285,13743.0,10239.0,other,0.2822043364388602,-0.0192878182729084,0.5566309792654854,2.0377366712227447e-10,other
286,8422.0,12218.0,tumor_core,0.5537380327497209,-0.2192507282892862,-0.4899128321238926,5.1376608664317857e-11,tumor_core
287,10031.0,15386.0,other,0.2484122821262904,-0.1381748656431833,0.2091371754237583,2.2718284122454024e-10,other
288,12769.0,11953.0,stroma,0.4779995019095284,0.2476057004928589,1.2015092032296315,1.165223184703487e-09,stroma
289,13201.0,16040.0,other,0.3912823268345423,-0.2688622979323068,0.2354471533639091,6.132470389615892e-10,other
290,9385.0,9368.0,other,0.2931924465724401,0.0826466917991638,0.3104228809901646,2.4432111960403725e-11,other
291,3503.0,15102.0,immune,0.3466847610473633,0.3842916822433472,-0.2472452163696289,1.769472270168806e-10,immune
292,10387.0,10837.0,tumor_core,0.6501004682268415,-0.2408246401945749,-0.2182058824811663,1.6975801319793047e-10,tumor_core
293,14331.0,9666.0,other,0.3040041869027274,0.1336320169766743,0.2311418206351143,3.3491100138018367e-10,other
294,13958.0,12169.0,tumor_core,0.6232896259852819,-0.0852842195828755,0.3784710557120186,1.5764725544753826e-10,tumor_core
295,9582.0,9253.0,other,0.2021458598545619,0.1278184906641641,0.3601415252685547,5.221053025978412e-11,other
296,12805.0,16043.0,stroma,0.3315607343401228,0.3226269412040711,1.386307465689523,5.446360858047575e-09,stroma
297,10033.0,15613.0,other,0.38050352369036,0.0524872040748596,0.8688236345563616,1.9850463784994198e-10,other
298,13974.0,13988.0,other,0.2746949005126953,-0.0870523869991302,0.2675839178902762,5.388698108453398e-11,other
299,12573.0,12068.0,stroma,0.2593482453482492,0.6703883488972981,2.1553850119454516,6.269867214974e-10,stroma
300,12002.0,14687.0,stroma,0.503145855494908,0.1781919646263122,2.1323587472098215,2.1797068125671302e-10,stroma
301,12575.0,12295.0,stroma,0.2196206283569336,0.6274719635645548,2.141363628932408,2.739254669732587e-09,stroma
302,11396.0,13215.0,stroma,0.5045224543980189,0.3163715060551961,1.1750948442731586,3.984843830483045e-09,stroma
303,8628.0,13239.0,tumor_core,0.5957587705339705,0.1980082464218139,0.2099209567478724,2.2086976669003654e-10,tumor_core
304,8219.0,11651.0,tumor_core,0.6463581684657507,-0.3746654578049977,-0.4925137656075614,6.346005150252153e-11,tumor_core
305,8251.0,15288.0,stroma,0.2614759554181779,0.5072832139333089,2.0342676435198106,1.630545313888263e-09,stroma
306,11784.0,12302.0,interface,0.5542516217912947,0.1766645701726278,1.7730143519810269,1.3027304784914056e-08,interface
307,9002.0,10735.0,tumor_core,0.7028144182477678,-0.3557006559769312,-0.5341767515454974,1.2039476678603314e-10,tumor_core
308,9787.0,10047.0,other,0.413029430934361,0.167710211277008,0.3016572843279157,3.554782607361379e-11,other
309,13169.0,12404.0,other,0.3958292170933314,-0.0238014022509257,0.7298414720807757,1.6401114865115102e-09,other
310,9039.0,15053.0,other,0.3701963261195592,-0.3308496638139089,-0.3650392287118094,8.256557011171183e-12,other
311,8807.0,11078.0,tumor_core,0.6318068150111608,-0.0978111743927001,-0.3028506020137241,7.715998924041125e-11,tumor_core
312,12561.0,10704.0,stroma,-0.0092286327907017,0.4125407346089681,1.5674359130859377,5.892211006355899e-10,stroma
313,11969.0,10823.0,other,0.3889638846261161,0.0876864496866861,0.3190471104213169,7.769901639397862e-10,other
314,12159.0,10026.0,interface,-0.0139505059378487,0.388409272034963,0.8682934624808175,3.714347757905139e-09,interface
315,12761.0,11043.0,stroma,0.0348181152343749,0.5093865839640299,2.180063105991908,5.480519356198705e-10,stroma
316,12990.0,14564.0,stroma,0.4749065726143974,-0.2766386874516805,1.2002501133510046,4.189725994539227e-11,stroma
317,12412.0,16274.0,tumor_core,0.6846690314156669,-0.2878221495946248,0.0313079125540596,2.784537853069107e-09,tumor_core
318,12569.0,11613.0,stroma,0.1009784943716866,0.7374961185455322,2.230927254813058,1.0054620374753574e-10,stroma
319,9443.0,15959.0,interface,0.3750685392107282,0.3114080254236857,0.9035197067260742,6.5082645266577095e-09,interface
320,8598.0,9830.0,other,0.3766043363298689,-0.4173304082949957,-0.4020524890082223,2.484191294135531e-10,other
321,11601.0,14008.0,other,0.3983868517194474,-0.2011592360337575,-0.0219717734200614,7.99595876598037e-10,other
322,8431.0,13354.0,other,0.4792288425990514,0.0135001722971598,0.0107549231392997,9.53422735391434e-12,other
323,10772.0,9697.0,stroma,0.1623235321044922,0.3695218054453532,2.3047137887137277,7.000869672293592e-10,stroma
324,9801.0,11638.0,tumor_core,0.8044928850446428,-0.3780004008611043,-0.3156034987313407,4.111523683244194e-11,tumor_core
325,13177.0,13313.0,stroma,0.4146070262363978,0.2031968927383423,1.1720289448329382,9.35521961024299e-10,stroma
326,11605.0,14463.0,other,0.4077509907313756,-0.3375190516312917,-0.1905809375217982,1.6707336102116284e-10,other
327,11027.0,16172.0,other,0.4238400595528739,-0.0260217519601185,0.1121044431413922,2.1998397987499235e-10,other
328,10371.0,9019.0,stroma,0.0621801567077636,0.608096931775411,1.229491184779576,1.8454952134903118e-09,stroma
329,10423.0,14928.0,immune,0.3530983352661132,0.3454874285062154,-0.0266172899518695,1.2555290110428223e-10,immune
330,13204.0,16494.0,stroma,0.3862257657732283,0.1643912045160929,1.799017268589565,9.052005903538859e-10,stroma
331,14139.0,10236.0,tumor_core,0.6877561460222518,0.1889319292704264,-0.3028598710468837,2.5506505974718944e-09,tumor_core
332,9417.0,13005.0,stroma,0.3208262797764368,0.1588004422187805,1.619995378766741,2.9318583447979796e-11,stroma
333,9781.0,9365.0,other,0.1365046364920479,0.1440087668100993,0.4799418367658342,1.2796638244611354e-10,other
334,9203.0,11075.0,tumor_core,0.5740732356480189,-0.2992724621295929,-0.3508533511843,8.799750365014497e-11,tumor_core
335,7251.0,14046.0,other,-0.1316448838370186,-0.575645751953125,0.3369904627118792,1.3486435200175151e-09,other
336,12767.0,11725.0,stroma,-0.0207939256940569,0.6273155895868937,1.9589594159807475,1.1907412233947254e-10,stroma
337,10999.0,12991.0,other,0.1234952408926827,-0.245561005671819,-0.0212836837768555,1.4611624685188998e-08,other
338,10580.0,10267.0,stroma,0.1725192042759487,0.4606414953867594,2.07891480582101,5.499961518965836e-10,stroma
339,11599.0,13781.0,other,0.4448697934831892,0.0978073787689208,0.2296888160705567,6.5763216361951e-09,other
340,10379.0,9928.0,immune,0.0820905222211565,0.3821233940124512,0.4698667308262415,2.780120075337983e-09,immune
341,7660.0,15634.0,stroma,-0.3306415598733084,1.1145886929829916,2.383319119044713,2.7876048018379255e-10,stroma
342,10613.0,14131.0,stroma,0.4746293803623743,1.1941003576914468,2.1052809252057756,3.5381896489788406e-09,stroma
343,13791.0,15694.0,other,0.3693321772984095,-0.1521482364336649,0.8637502506801061,4.855280928424016e-11,other
344,9238.0,15165.0,other,0.4674866594587052,-0.3241974570353826,-0.2479372310638428,1.8825627253887796e-11,other
345,5270.0,13609.0,immune,0.0117654963902064,0.3485104878743489,0.0595965930393764,5.107204340959032e-10,immune
346,11971.0,11050.0,tumor_core,0.5660807146344865,-0.340429851214091,-0.2403316579546247,3.3426388092733446e-10,tumor_core
347,8225.0,12333.0,other,0.4417407281058174,-0.1496119467417399,-0.5093409279414586,2.5382916861662516e-11,other
348,12362.0,10592.0,stroma,0.047356229509626,0.4606223058700561,2.1369938223702567,6.113619129589005e-10,stroma
349,7668.0,16543.0,stroma,-0.1740413597651889,0.4066244165102641,1.368813362121582,6.566819023550091e-10,stroma
350,8813.0,11760.0,tumor_core,0.8388403538295202,-0.335553855895996,-0.5293126521791731,1.5467664017507288e-10,tumor_core
351,9399.0,10959.0,tumor_core,0.5945784487043108,-0.1047778316338856,-0.3646705995287214,2.4494540240329887e-11,tumor_core
352,9795.0,10956.0,other,0.42974670955113,-0.1191738061110179,-0.1554479244777133,4.263284132067184e-11,other
353,13002.0,15928.0,other,0.4438650349208287,-0.2997834487756093,0.2626297215053013,4.74957247913729e-10,other
354,12374.0,11956.0,stroma,0.05486022404262,0.9293378941218058,2.000268293108259,3.7869892005585247e-10,stroma
355,11398.0,13442.0,interface,0.2267367471967424,0.3503385400772094,1.004685505458287,3.3195361368752266e-08,interface
356,9822.0,14137.0,tumor_core,0.617135511125837,0.0073798894882202,0.0071147428240094,2.1277535394029639e-10,tumor_core
357,12378.0,12411.0,interface,0.6404386138916016,0.2183655055363973,1.818251037597656,2.4045468173550633e-08,interface
358,14524.0,9096.0,tumor_core,0.5522746058872767,-0.31473876953125,-0.3393577357700893,2.696286717197922e-10,tumor_core
359,9427.0,14141.0,other,0.5260915429251535,-0.3478212561209997,-0.1581758444649833,5.5282016941157425e-12,other
360,7849.0,14609.0,other,0.1618363516671317,-0.2925684440135956,-0.4864520992551531,3.3136190236493555e-10,other
361,10428.0,15609.0,other,0.5208304323468889,0.0588493466377257,0.5740172249930245,3.4736559416975315e-11,other
362,13739.0,9785.0,other,0.4296008954729353,-0.0699680336316426,-0.3397676862989153,1.1975756798228988e-10,other
363,12211.0,15935.0,other,0.2513129234313964,-0.0348158244291941,0.2934330122811454,2.1021111243506227e-10,other
364,8459.0,16536.0,stroma,0.232276278904506,0.113981458346049,1.2832404436383928,2.631121913075122e-09,stroma
365,13991.0,16033.0,stroma,0.4614889580862862,-0.0785759695370992,1.0784304428100586,3.3583443422826947e-11,stroma
366,11957.0,9460.0,stroma,-0.2680733272007534,0.0274837676684062,1.9473148781912668,1.761135278149979e-09,stroma
367,9000.0,10508.0,tumor_core,0.657241837637765,-0.2709369385242461,-0.4433464227403913,2.322255860104608e-10,tumor_core
368,8437.0,14036.0,other,0.2335082244873046,-0.279731738169988,-0.475107182775225,1.5907338259363123e-10,other
369,8418.0,11763.0,other,0.3935267530168806,-0.0306774481137593,-0.3719538647787911,2.4254961904869165e-11,other
370,8618.0,12102.0,tumor_core,0.5815806906563895,-0.1077295406659444,-0.184274708884103,8.711868573288097e-12,tumor_core
371,10599.0,12540.0,stroma,0.4487644522530692,0.1840359870592752,1.3069961929321288,7.09440331233816e-10,stroma
372,13956.0,11942.0,other,0.4643214579990931,-0.046178461710612,0.361556500026158,1.2436103775824749e-10,other
373,9811.0,12774.0,other,0.4425806154523576,0.034984962940216,-0.3709117153712681,1.4226810557904515e-10,other
374,11817.0,16166.0,stroma,0.468089359828404,0.0064524499575296,1.7986964852469312,1.0521521744604807e-10,stroma
375,12402.0,15138.0,other,0.45719055720738,-0.1107346351941426,0.5436632047380721,1.3631568410506123e-09,other
376,11019.0,15263.0,tumor_core,0.5327047075544085,-0.1109216463565826,0.0937693268912178,3.0598576413981043e-10,tumor_core
377,11754.0,8893.0,stroma,-0.3537296376909528,0.2660511167844136,2.6078783198765345,3.68572108667825e-10,stroma
378,14927.0,10002.0,tumor_core,0.5707966504778181,-0.4957086972395579,-0.4854172842843192,8.8859216282091e-10,tumor_core
379,12594.0,14568.0,other,0.4851032420567103,-0.2614959414800007,0.06356846673148,9.367709156110314e-10,other
380,10013.0,13340.0,stroma,0.024457220349993,0.5747624842325847,1.4298187473842074,3.9601426854834663e-10,stroma
381,13364.0,12061.0,other,0.4115979548863001,-0.1213609611988068,0.2224318885803222,7.3925869926525354e-09,other
382,10828.0,16061.0,other,0.4961916950770788,-0.1947567347685496,-0.280999755859375,1.2137226772157706e-10,other
383,11422.0,16169.0,other,0.5099087197440011,-0.0257608119646708,-0.0300661277770996,6.997319195375846e-11,other
384,13972.0,13760.0,stroma,0.2556202970232283,-0.165468369325002,1.592737830025809,2.1595722892156295e-10,stroma
385,8223.0,12106.0,other,0.513921377999442,-0.0424936612447103,-0.5913929952893939,6.736649082344164e-12,other
386,9634.0,15162.0,other,0.2806852613176619,-0.4046347991625467,-0.3732873140062604,1.0252345987920635e-11,other
387,10220.0,14361.0,tumor_core,0.6503436006818498,-0.2625285998980204,-0.1813362939017159,5.075671679094121e-10,tumor_core
388,8831.0,13805.0,other,0.4653198187691825,0.1357311169306437,-0.3976969569069999,1.0563102576664002e-10,other
389,11420.0,15942.0,other,0.4375439998081751,0.0148066067695618,0.2597077042715889,4.1687042935973535e-10,other
390,11963.0,10141.0,stroma,0.3961250141688757,0.4386293872197468,1.3439629581996373,1.0720971510694111e-09,stroma
391,10814.0,14470.0,other,0.3541863795689173,-0.1424316024780273,-0.2730132375444684,5.192576674954683e-11,other
392,8636.0,14148.0,other,0.2058330045427595,-0.0551108860969543,0.0535499218532017,6.869098251227502e-11,other
393,12783.0,13543.0,stroma,0.4096965299333845,0.2040153678258259,2.3195123182024275,1.213322378904174e-09,stroma
394,9626.0,14253.0,other,0.5191248376028879,-0.2685277156035105,-0.1399002810886928,6.508217396284272e-11,other
395,7643.0,13588.0,other,0.3907784380231583,0.1801803104082743,-0.5089807455880302,4.80092032209122e-10,other
396,13139.0,8995.0,stroma,-0.3562208461761474,0.0698298994700113,2.625665261404855,2.0161747221381454e-10,stroma
397,12797.0,15134.0,stroma,0.2148252759660993,-0.0636839516957601,1.1287882886614118,6.982007355994316e-11,stroma
398,10627.0,15721.0,tumor_core,0.5503726141793388,-0.2453123954931895,-0.104799427304949,7.512880243127001e-11,tumor_core
399,9834.0,15501.0,other,0.4072943224225724,-0.3903669579823812,-0.0109150178091865,2.3826171053577055e-10,other
400,12171.0,11390.0,tumor_core,0.6378127125331334,-0.2900653330485025,0.1250993973868233,1.650045039595217e-09,tumor_core
401,8433.0,13581.0,other,0.3238040542602539,-0.0014684430758158,0.050581874847412,1.3204833590009888e-11,other
402,8042.0,14039.0,other,0.4867377471923828,-0.1724420078595478,-0.5182490577016559,1.6184264486060766e-10,other
403,10967.0,9355.0,stroma,0.0501688984462193,0.2729200728734334,1.5298767253330778,8.418694665530971e-10,stroma
404,11390.0,12533.0,other,0.0260187857491629,-0.1302903608481089,-0.1370360033852713,5.520766690186703e-09,other
405,13544.0,10128.0,other,0.5219090870448522,-0.0022590033213297,-0.0911473846435546,3.197571399784484e-10,other
406,13598.0,16264.0,stroma,-0.012635075705392,0.1070419486363728,1.8072596522739957,6.78485996304213e-10,stroma
407,11414.0,15260.0,stroma,0.1345968627929687,0.5485315227508545,1.950453338623047,3.5244626967530135e-10,stroma
408,9614.0,12889.0,immune,0.4079342324393136,0.494715469678243,0.2131291770935058,4.4520814985998173e-10,immune
409,13163.0,11722.0,stroma,0.0650209072657993,1.1044806575775148,1.15740049634661,4.735733329207164e-10,stroma
410,12585.0,13431.0,interface,0.5812815420968193,0.1665320881207783,2.0208734893798828,7.093635099472634e-09,interface
411,11587.0,12417.0,interface,0.5799153300694055,0.3798667001724243,1.4982169396536693,1.7759735147883267e-08,interface
412,10019.0,14022.0,other,0.4263999339512415,0.1278896903991699,0.2951142283848353,2.1257087900564198e-10,other
413,12183.0,12753.0,interface,0.545198871067592,0.0104680955410003,2.1012962777274,5.9652987825020605e-09,interface
414,12205.0,15253.0,other,0.3352513231549944,0.0275805274645487,0.8690245383126396,1.86696951410021e-10,other
415,12962.0,11383.0,stroma,0.1352351869855609,0.0734808683395386,1.525454112461635,2.6734170956825416e-10,stroma
416,13985.0,15351.0,other,0.2441481835501534,-0.0926843122641245,0.1600250571114676,6.295853306962162e-11,other
417,14339.0,10575.0,other,0.4657336970738001,-0.0147128542264302,-0.3999744408471244,5.162185347391669e-11,other
418,14367.0,13757.0,stroma,0.2528606142316545,-0.1416566960016886,1.7306444440569198,2.3094252516113495e-10,stroma
419,12414.0,16501.0,other,0.6364914648873465,-0.3553943467140198,0.7160297066824777,8.54095178563479e-10,other
420,8624.0,12784.0,tumor_core,0.5928883361816406,-0.1398142659664154,-0.382779745374407,1.0994725673395371e-10,tumor_core
421,9638.0,15616.0,other,0.5241152845110213,-0.2377701433499653,-0.1343547848292759,2.8923526975718377e-10,other
422,13344.0,9788.0,other,0.2574143191746302,0.0070580816268921,0.0390446363176617,1.3134641201397171e-10,other
423,8449.0,15399.0,other,0.1842254311697823,0.1769278669357299,0.861749747140067,2.1434342635205984e-10,other
424,12388.0,13547.0,tumor_core,0.55163024357387,-0.1444740637143453,-0.2122587885175432,1.6741778858668295e-09,tumor_core
425,8819.0,12442.0,other,0.3529963684082031,0.2447374542554219,0.6514075633457728,1.7004274560273856e-10,other
426,10969.0,9582.0,stroma,-0.3091153539930071,0.640066057840983,2.418144106183733,1.708825066919083e-09,stroma
427,9043.0,15508.0,other,0.3129897907802037,-0.433079519867897,-0.641978370973042,2.0208897597207467e-10,other
428,8445.0,14945.0,stroma,0.0252768598284039,0.7325639788309734,1.5872659628731862,2.1747903496765848e-10,stroma
429,7823.0,11655.0,tumor_core,0.5548846272059851,-0.1144787724812825,-0.5250271211351667,4.068957702285049e-11,tumor_core
430,13729.0,8649.0,stroma,-0.2303610256740025,0.6005376736323038,1.8391763087681363,9.255131770408867e-10,stroma
431,9407.0,11868.0,tumor_core,0.751677256992885,-0.0946444495519002,0.5880750383649553,3.6884349595817674e-11,tumor_core
432,10017.0,13795.0,immune,0.2797702271597726,0.3797596653302511,0.4206787599836076,1.439111295373958e-10,immune
433,9189.0,9484.0,other,0.4655214854649134,-0.1611043798923492,0.1649223681858608,9.847148606918428e-11,other
434,14146.0,11145.0,other,0.3241037831987654,-0.1662420829137166,-0.0087620816911969,1.2353132874880988e-10,other
435,10619.0,14812.0,other,0.275227448599679,-0.0073305265108744,-0.1745772538866315,8.155726057767141e-11,other
436,13550.0,10809.0,tumor_core,0.539956534249442,-0.0121861092249552,-0.033957770211356,1.1128534448550933e-08,tumor_core
437,13594.0,15809.0,other,0.1100030844552176,-0.3571553250153859,0.433875002179827,4.4333338881044967e-10,other
438,10206.0,12770.0,interface,0.2564957318987165,0.3055813074111938,0.7221136256626673,1.2626443891665592e-08,interface
439,11772.0,10938.0,other,0.5029092625209264,0.0897990441322327,0.2488528333391462,5.144158706156024e-10,other
440,11410.0,14805.0,other,0.5012850298200334,-0.0972343476613363,-0.1942492485046386,6.196849106524447e-11,other
441,8654.0,16193.0,other,0.3438596670968192,-0.2172942042350769,0.0828194808959961,1.8221022809223694e-09,other
442,8622.0,12557.0,tumor_core,0.5646687752859932,-0.1195782840251922,-0.4139737408501761,1.6707129164770866e-11,tumor_core
443,14371.0,14211.0,stroma,0.3722741317749023,-0.0177322991689046,1.9270660182407924,2.1761090498555622e-10,stroma
444,14532.0,10005.0,other,0.2972693198067802,-0.1704200128714244,-0.4918288503374372,2.1366685883548094e-11,other
445,9208.0,11756.0,tumor_core,0.6340960039411272,-0.2643870373566945,0.3968693596976144,5.5507408924864976e-11,tumor_core
446,11611.0,15145.0,stroma,0.3673662894112723,-0.001246219476064,1.856156202043806,1.8080522447575588e-10,stroma
447,11227.0,16512.0,stroma,0.4936674771990095,0.3348197348912557,1.405722438267299,1.726061654575795e-09,stroma
448,12008.0,15368.0,stroma,0.3613002395629883,0.6290550867716471,2.131126992361886,4.772425677479343e-10,stroma
449,10574.0,9585.0,stroma,0.1118639237540108,-0.005676527818044,1.831112594604492,4.775573347114862e-09,stroma
450,11023.0,15718.0,other,0.4598780441284179,-0.0063269503911336,0.254648505619594,3.1731133519264553e-11,other
451,14727.0,9663.0,other,0.3523707853044783,-0.0711451145013173,0.0126393154689243,6.103686959502079e-11,other
452,10995.0,12536.0,other,0.0377573503766741,-0.1007613348960876,-0.2402910341535295,1.8212246266186508e-10,other
453,12978.0,13201.0,stroma,0.2188043621608189,0.2521797633171082,2.308292743137905,7.010815075034086e-09,stroma
454,9993.0,11068.0,other,0.3995590536934988,-0.2213240047295888,0.0982751192365374,1.1049146288042016e-10,other
455,9596.0,10844.0,other,0.3967110606602259,-0.1750988654295603,0.389808052607945,2.1690173776747046e-10,other
456,11203.0,13784.0,stroma,0.2184230504717146,0.907358331680298,1.5176354435511996,2.115357336271179e-08,stroma
457,13588.0,15127.0,other,0.2819221714564733,0.2147931853930155,0.7316260365077428,7.47934602191391e-10,other
458,13143.0,9449.0,stroma,-0.1186828449794223,0.1922647372881571,2.094879041399275,4.886704734684025e-10,stroma
459,13330.0,8198.0,immune,-0.234289049421038,0.4554533720016479,0.3008726991925921,6.894630914955162e-10,immune
460,9826.0,14592.0,other,0.4799408667428153,-0.4458898963530858,-0.267271887915475,4.780357528606554e-11,other
461,11812.0,15484.0,stroma,0.4437819399152483,0.1826940099398295,2.2650445774623327,1.8500757749624504e-10,stroma
462,13747.0,10694.0,other,0.2536510276794433,0.1670936473210652,-0.0307129941667828,2.1269850881692654e-10,other
463,10212.0,13452.0,stroma,0.2232761083330428,0.6356298128763834,1.1639152199881415,4.4118929475194975e-10,stroma
464,12394.0,14229.0,stroma,0.3424765886579241,0.2046671120325723,1.9261609322684152,3.7860244016878877e-10,stroma
465,13181.0,13767.0,stroma,0.0058297783987862,0.1030580933888752,1.8919650050571988,1.4108121098860012e-09,stroma
466,11965.0,10369.0,tumor_core,0.5345618002755301,0.2964330283800761,-0.0505245453970772,5.385396325021552e-10,tumor_core
467,9598.0,11071.0,tumor_core,0.6603679765973771,-0.2532030169169108,-0.3500959818703787,1.4575667340061438e-10,tumor_core
468,9586.0,9708.0,other,0.2619463184901647,-0.1464256874720255,0.2031346838814871,9.08600710069606e-11,other
469,8620.0,12330.0,tumor_core,0.8094300406319754,-0.2507367086410522,-0.6033305338450841,1.7524401807604107e-10,tumor_core
470,2883.0,12039.0,immune,-0.0436491189684186,0.3560632872581482,-0.3472286987304687,1.8018643978301728e-10,immune
471,13755.0,11603.0,stroma,-0.1675289399283273,1.2589100042978922,1.5183980669294084,5.413324197537931e-09,stroma
472,10407.0,13110.0,immune,0.2982056726728166,0.6528475650151571,0.707817769731794,8.555676417225841e-10,immune
473,13552.0,11037.0,interface,0.292705911908831,0.3558572951952616,0.5962917654854911,2.6539395415062837e-08,interface
474,11380.0,11396.0,tumor_core,0.7511055973597937,-0.257673458258311,-0.254534546988351,8.484887289226895e-11,tumor_core
475,10430.0,15837.0,other,0.479935084751674,-0.1242362217108408,0.1010555948529925,2.4625097512109945e-10,other
476,12750.0,9680.0,other,0.0362728336879185,0.3069345974922179,0.5925159072875976,4.5828489969291535e-10,other
477,8030.0,12676.0,tumor_core,0.5719095284598213,-0.2198900834719339,-0.5697520654542105,1.0952695533124524e-10,tumor_core
478,8994.0,9826.0,other,0.3141528374808174,0.1489206759134927,-0.1122528321402412,8.11112654020049e-11,other
479,10965.0,9127.0,stroma,-0.2726301056998116,0.8004959026972452,1.9711784580775669,1.605947575631314e-09,stroma
480,10184.0,10270.0,tumor_core,0.7257523727416992,-0.0549084758758544,-0.1590886143275669,6.646919865348052e-11,tumor_core
481,12610.0,16386.0,tumor_core,0.6566207177298409,-0.2076705276966095,0.0796076829092843,2.694353261271249e-09,tumor_core
482,14538.0,10687.0,other,0.1690605790274483,-0.2560938048362732,-0.385267436163766,2.228242043969581e-10,other
483,9030.0,13917.0,other,0.3080854034423828,0.100185838540395,0.0550430679321288,6.371543940411804e-11,other
484,10401.0,12428.0,stroma,0.1904539135524205,0.2296384644508361,1.1257325417654855,4.0789200437435456e-10,stroma
485,11782.0,12075.0,stroma,0.2569937678745814,0.6435436582565308,2.082119020734514,4.266590466590686e-09,stroma
486,9818.0,13683.0,immune,0.0337566539219448,0.5481258344650268,0.7041445650373186,3.7209758944675974e-10,immune
487,8406.0,10400.0,other,0.4531858553205217,-0.3647990421454111,-0.4946990959984916,1.3686170978627248e-10,other
488,8050.0,14948.0,stroma,-0.3472404657091413,0.5833136447270711,1.204344972882952,4.226313298163922e-09,stroma
489,11374.0,10715.0,stroma,0.064836927141462,0.1772419619560241,1.1573942402430943,1.7588328634342071e-09,stroma
490,12787.0,13998.0,tumor_core,0.5609920937674386,-0.1458023051420848,-0.2441948822566441,8.97647221235559e-10,tumor_core
491,9985.0,10159.0,tumor_core,0.7114989743913923,-0.0486142889658609,-0.2483040305546352,2.4627298315004213e-10,tumor_core
492,14534.0,10233.0,other,0.3533027866908483,0.0997064598401387,0.5716842106410436,1.668773961082822e-11,other
493,9813.0,13001.0,other,0.3410104751586914,-0.0132917277018229,-0.3318609632764543,1.4795283970644482e-10,other
494,14363.0,13302.0,other,0.4009568786621094,-0.1265272541840871,0.102268556867327,1.9175127250267675e-10,other
495,13962.0,12624.0,other,0.3600107737949916,0.0808173012733459,0.053496229989188,3.4924654037612e-09,other
496,11029.0,16400.0,other,0.4918799100603377,0.0244344584147135,0.6370328630719866,1.1995027228801794e-10,other
497,14923.0,9547.0,tumor_core,0.5476762281145369,-0.2029733737309773,-0.1788481603349958,8.554321572158629e-11,tumor_core
498,11603.0,14236.0,other,0.3423476028442382,-0.0565195802847544,-0.2264587892804827,2.0786477505681448e-10,other
499,14721.0,8981.0,other,0.4709362629481725,-0.2177099927266439,-0.4484838349478585,1.529420545935746e-10,other
500,8815.0,11987.0,tumor_core,0.5552106966291155,-0.2055072116851807,-0.5179725810459682,1.6437843944901186e-11,tumor_core
501,9004.0,10963.0,other,0.5263969312395369,0.0527735924720764,0.1632838031223842,7.727401000830335e-11,other
502,12966.0,11837.0,other,0.2876288522992815,0.0714040724436442,-0.0421322195870536,9.756498726525431e-10,other
503,9214.0,12438.0,tumor_core,0.5546141760689872,-0.2216775504748026,-0.4200561060224261,7.201966012706109e-11,tumor_core
504,10770.0,9470.0,stroma,-0.1007343646458217,0.2652651302019755,2.464798502240862,7.098467009144664e-10,stroma
505,14158.0,12509.0,interface,0.3392504610334123,0.3423798195521037,0.7397744805472237,1.569710414823698e-08,interface
506,9413.0,12550.0,tumor_core,0.6146477835518973,0.0379815777142842,-0.3229934801374163,1.081876969949843e-09,tumor_core
507,11982.0,12414.0,stroma,0.4977508653913225,0.2013742351531982,1.9251690455845425,2.670520851896857e-09,stroma
508,7635.0,12679.0,other,0.1273527090890067,-0.2004867601394653,-0.1848370592934744,3.5150371452730633e-10,other
509,13560.0,11946.0,other,0.5006721823556083,0.0161903778711954,0.5774198041643416,3.1558415103534257e-10,other
510,9622.0,13798.0,stroma,0.2199775205339704,0.1037990967432658,1.7079381670270646,4.0005866319013333e-10,stroma
511,8996.0,10054.0,other,0.3895136260986328,-0.1792953924338023,-0.1343525654929024,3.857658525233717e-11,other
512,12587.0,13659.0,tumor_core,0.6839157104492187,-0.0117601553599039,-0.1559427097865513,3.29138460873767e-09,tumor_core
513,13954.0,11715.0,stroma,-0.0112407466343471,0.6674576489130656,1.2077653503417969,2.6720722726556006e-10,stroma
514,8237.0,13697.0,immune,0.1850508281162806,0.2705426375071208,-0.1101147392817906,2.51153669624315e-10,immune
515,13531.0,8537.0,stroma,-0.357966879435948,0.6542346779505412,2.546338217599051,1.6221199022459727e-09,stroma
516,8817.0,12214.0,other,0.4568546404157365,-0.1173810366789499,-0.223491506576538,4.9572383675563494e-11,other
517,14353.0,12166.0,stroma,-0.0485266276768275,0.8711596775054932,2.1129378727504182,1.3785173690289751e-09,stroma
518,14530.0,9778.0,other,0.3855765206473214,-0.3245757448673249,-0.215860515322004,3.0628050389487696e-10,other
519,11013.0,14582.0,other,0.3092423302786691,-0.1678507836659749,-0.3693097455160958,2.0257308564195432e-10,other
520,14747.0,11935.0,other,0.5150107846941268,0.1429582595825195,0.149893501826695,9.686292401076703e-10,other
521,14323.0,8757.0,other,0.1454732731410435,0.2660625966389974,0.5621539688110352,1.4873766699118168e-10,other
522,8457.0,16309.0,interface,0.3097736140659876,0.3078674864768982,0.7973516082763672,2.293505559948853e-09,interface
523,10015.0,13568.0,stroma,-0.0276649011884417,0.6813075987497965,1.3183506556919644,4.2484124433758055e-10,stroma
524,10629.0,15949.0,tumor_core,0.5931997081211634,0.0055727942784626,0.460208636692592,2.502394496918948e-10,tumor_core
525,11992.0,13550.0,stroma,0.502589498247419,0.2023607675234476,1.361437219892229,1.4344675679400083e-09,stroma
526,12193.0,13889.0,other,0.3848707471575057,0.10916912317276,-0.1018454088483538,5.757460681436035e-10,other
527,10595.0,12085.0,other,0.4679694148472376,0.2458672777811685,0.0077157402038574,1.8649758697807083e-10,other
528,14341.0,10802.0,other,0.3588616480146135,-0.3838059675693511,-0.3295681571960449,1.1103813971493044e-10,other
529,13000.0,15701.0,stroma,0.1356237901960101,-0.0918957551320394,1.2872991834368026,1.6033473257800295e-09,stroma
530,13983.0,15124.0,other,0.4261758913312639,0.174852856794993,0.507663459777832,1.913243206836472e-10,other
531,13932.0,9215.0,other,0.271811637878418,0.1697998046875,-0.1677278327941894,5.84514387592819e-11,other
532,14166.0,13418.0,stroma,0.0622669792175293,0.5243141460418701,2.5206730106898716,4.3459229963774215e-10,stroma
533,13179.0,13540.0,other,0.5214271981375558,-0.173586485783259,0.3037790897914341,3.2991516060751663e-10,other
534,13978.0,14442.0,other,0.4473944691249303,-0.4320141738653182,-0.33814361844744,2.9483965788880923e-10,other
535,10617.0,14585.0,other,0.4154665974208288,-0.0157705203692117,0.345928704398019,7.435453800470567e-11,other
536,11555.0,8781.0,stroma,-0.5999729309763226,0.8442422548929851,1.9870489392961777,4.4830482612443327e-10,stroma
537,13381.0,14106.0,other,0.3490704999651228,-0.3834142504135768,0.0242649841308594,5.096721943947948e-10,other
538,14351.0,11939.0,immune,0.3157073429652623,0.710180459022522,0.4156859452383858,9.646840218413751e-10,immune
539,12752.0,9907.0,other,0.3720569283621652,0.0908027966817219,-0.2922393458230154,2.0861604810350588e-10,other
540,11372.0,10487.0,stroma,-0.3199451964242117,0.8914714813232422,2.001569726126535,4.253014265832423e-09,stroma
541,8443.0,14718.0,stroma,0.004342953818185,0.4161029704411825,1.1118487657819474,3.2967369402287727e-10,stroma
542,9980.0,9477.0,other,0.3508940832955497,-0.2725810066858927,0.8262427847726005,1.5153858270697728e-09,other
543,8453.0,15854.0,other,0.5276554543631418,-0.4533684837818146,-0.4523246887751988,3.5236313087011516e-10,other
544,8239.0,13924.0,other,0.342151985168457,-0.4202781097094218,-0.4424902016775948,6.934988292238619e-11,other
545,11786.0,12529.0,stroma,0.4268299102783203,0.1881842748324076,1.860449807303293,4.236547014621473e-09,stroma
546,12203.0,15026.0,other,0.2503538731166296,0.0722929827372232,0.8333976636614119,1.3272773620447995e-10,other
547,11766.0,10257.0,immune,0.2866001183646065,0.4078039598464965,0.3711816133771624,8.236926015286725e-10,immune
548,11597.0,13554.0,immune,0.4371376691545759,0.3114247210820515,-0.3587185873304094,8.368701644049028e-09,immune
549,12754.0,10134.0,tumor_core,0.5663365009852819,-0.2074358745416005,-0.3700835405077253,2.7731442811603777e-10,tumor_core
550,10802.0,13106.0,other,0.3338144029889787,-0.0457645996411641,0.1724129240853446,8.45221849635565e-10,other
551,12600.0,15250.0,stroma,0.3030681337629045,0.1034073026974996,1.3720020839146208,2.3309324488251947e-10,stroma
552,9793.0,10728.0,stroma,0.2602725928170341,-0.0895598165194193,2.016469966343471,2.938350648790425e-10,stroma
553,13159.0,11267.0,stroma,0.0342259107317243,0.8545839182535807,2.351514276776995,8.952256270194103e-10,stroma
554,11565.0,9918.0,stroma,0.2816032082693916,0.4437470356623332,1.2804509844098773,1.871066016467275e-09,stroma
555,12213.0,16162.0,tumor_core,0.6719024440220424,-0.0462416966756185,-0.022065873827253,9.753788460421076e-11,tumor_core
556,8217.0,11424.0,other,0.4692454038347518,-0.1666431800524394,-0.5279349844796317,5.779832825481319e-11,other
557,7462.0,15522.0,stroma,-0.0025454357692172,0.4868999036153157,1.9083468082972936,1.844432365858356e-09,stroma
558,10623.0,15267.0,other,0.4515176173618861,0.1796258648236592,-0.332564194543021,7.988390269986448e-11,other
559,12791.0,14452.0,other,0.0645046697344098,-0.3449833716948827,0.0726756232125418,1.1089008254023014e-09,other
560,9191.0,9711.0,other,0.3045187377929688,0.236563393274943,-0.0748547894614083,7.505462601400551e-11,other
561,13155.0,10813.0,other,0.3948052161080497,-0.0093806481361389,0.2748394339425223,3.2436461828866196e-10,other
562,9799.0,11410.0,tumor_core,0.6436730194091796,-0.0662240318457285,0.3524928011213031,6.491902631174945e-11,tumor_core
563,11200.0,13330.0,interface,0.5711885125296456,0.6680946318308513,1.3314218521118164,8.11871980220144e-08,interface
564,12169.0,11162.0,tumor_core,0.6106575339181083,-0.0016508706410726,-0.0930912617274692,1.6756488180670615e-09,tumor_core
565,10609.0,13676.0,other,0.1481782613481794,-0.0619644522666931,0.3233111926487513,6.256544982692159e-10,other
566,10975.0,10264.0,stroma,-0.0121844482421874,0.2731624388694763,1.3188866206577845,2.67437065432271e-09,stroma
567,14137.0,10009.0,tumor_core,0.6675836672101702,-0.3460475091139475,-0.5281806141989571,1.379438128336899e-09,tumor_core
568,10768.0,9243.0,stroma,0.0873906435285296,0.4635536321004232,1.5473075485229493,9.188738794307719e-10,stroma
569,10832.0,16515.0,tumor_core,0.7088455527169364,-0.1536245640118916,0.3418766566685268,2.1708410761088863e-09,tumor_core
570,8441.0,14490.0,stroma,0.0534952708653041,0.4174985289573669,1.153766713823591,1.3831264394505992e-10,stroma
571,8420.0,11990.0,tumor_core,0.5834025955200195,-0.2678784827391306,-0.455791940007891,1.4329785218150303e-11,tumor_core
572,14347.0,11484.0,other,0.3195041384015764,-0.2302962185939153,-0.2295482962472098,6.377159585278383e-11,other
573,13395.0,15697.0,stroma,0.4644921548025948,-0.1597689326604207,1.7938129425048828,1.0208609835440276e-09,stroma
574,13976.0,14215.0,other,0.3160463496616907,-0.1880430042743682,0.1459404264177594,2.595253854796593e-11,other
575,10979.0,10718.0,other,0.4439214651925224,-0.0909320720036824,0.0858361244201659,4.1875692599110937e-10,other
576,13944.0,10579.0,other,0.2680801609584264,-0.0544274981816609,0.8320021547589983,1.0024685034938462e-10,other
577,7645.0,13816.0,other,0.06289397920881,-0.2290631628036499,-0.4239042472839355,1.5499209555564423e-10,other
578,13151.0,10358.0,other,0.399223120553153,-0.1038047305742899,0.910614073617118,4.8411943629304626e-11,other
579,9032.0,14144.0,other,0.384543124607631,-0.0274383028348287,0.8954151916503906,4.1037684610388874e-11,other
580,8634.0,13921.0,other,0.5253275299072265,-0.036169888973236,0.9098983764648436,1.2531765072238842e-10,other
581,10582.0,10494.0,stroma,0.0524527468000139,0.3176093141237894,2.306795676095145,9.278088099569295e-10,stroma
582,13332.0,8425.0,other,0.0554218128749302,0.0302362910906474,0.2320439447675433,1.6537412425907004e-10,other
583,13731.0,8876.0,stroma,0.2061694499424525,0.5036011664072673,1.450826950073242,9.451856476883164e-10,stroma
584,10230.0,15498.0,other,0.3357362501961844,-0.0108248456319173,0.9521213041033064,1.1545532136832276e-10,other
585,8642.0,14830.0,immune,0.2305911200387137,0.2609580930074056,-0.0152474703107562,2.1879967554553656e-10,immune
586,13769.0,13194.0,stroma,0.3132154028756277,0.3049683554967244,2.273700430733817,1.0713441611102795e-09,stroma
587,14133.0,9554.0,other,0.3473969050816126,0.1664305814107258,-0.0350815091814312,1.8979573964222692e-11,other
588,12986.0,14110.0,tumor_core,0.725309944152832,-0.3966460802157719,-0.3146170507158551,7.635816836036625e-10,tumor_core
589,7831.0,12564.0,tumor_core,0.5491916874476842,0.1992187237739563,-0.5371498237337384,3.7608879190587927e-10,tumor_core
590,15122.0,9659.0,tumor_core,0.5393793433053153,-0.0205422703425089,-0.1380553082057407,1.898320712387208e-11,tumor_core
591,3505.0,15329.0,other,-0.3512194442749023,-0.2867013549804687,-0.3302040863037109,2.382745882118756e-09,other
592,12356.0,9911.0,other,0.0726894378662109,-0.0152765909830728,0.2163473783220563,3.65628062389783e-10,other
593,9797.0,11183.0,tumor_core,0.6711997822352819,-0.0463461915651957,-0.0430558041163853,1.5419565448446788e-10,tumor_core
594,9204.0,11302.0,tumor_core,0.6714124407087053,-0.1052714963754017,-0.3482366452898298,1.1594205961534476e-10,tumor_core
595,13960.0,12397.0,stroma,0.0428303582327705,0.6208192571004232,1.881505105154855,4.327268363674916e-09,stroma
596,10373.0,9246.0,stroma,-0.3189224624633788,0.7508825890223185,1.87316414969308,9.026988208176951e-10,stroma
597,14520.0,8642.0,other,0.4250746972220284,0.0058969497680664,-0.1716455023629324,5.21347270238849e-10,other
598,10035.0,15840.0,stroma,0.4303611918858119,0.4402816232045491,1.4731586238316128,1.5698143552414195e-10,stroma
599,11370.0,10260.0,interface,0.1497598239353724,0.4106632534662883,0.9301997811453684,7.252292010828729e-09,interface
600,7639.0,13134.0,other,0.1657374000549316,-0.0488564650217692,-0.5565882532937186,1.5386193024522034e-10,other
601,10786.0,11288.0,stroma,0.4003226034981864,0.211512545744578,1.9404776327950612,1.8414156783619575e-10,stroma
602,10824.0,15606.0,tumor_core,0.5594790649414062,-0.0355685130755106,-0.3993407263074602,2.631191201849416e-11,tumor_core
603,9624.0,14026.0,other,0.4476338141305106,-0.3199041700363159,-0.3812792069571358,2.467039184881644e-10,other
604,12364.0,10820.0,stroma,-0.2187886701311383,0.3847653166453043,2.072704565865653,9.57816755064927e-10,stroma
605,8215.0,11197.0,tumor_core,0.7306417901175363,-0.1697123022874196,-0.4287889780317034,7.192052739553092e-11,tumor_core
606,12789.0,14225.0,other,0.141155264718192,-0.3593078311284383,0.3522037124633789,1.30151754563515e-09,other
607,8833.0,14032.0,other,0.2711550957815987,-0.0777008322874704,0.0729780115400042,7.617907868341269e-11,other
608,9989.0,10613.0,stroma,0.2453349494934081,0.3239771890640258,2.27670654296875,3.9277256263875486e-10,stroma
609,9640.0,15844.0,stroma,0.2467309597560338,0.4779666010538737,1.034408825465611,3.8752803587455134e-09,stroma
610,12756.0,10362.0,other,0.2701055908203125,0.1454188211758931,-0.1192343357631138,8.467957030701475e-11,other
611,9610.0,12435.0,interface,0.6453363037109375,-0.044900566736857,1.5335874012538364,2.4392021114170502e-09,interface
612,14143.0,10691.0,other,0.4361119951520646,-0.245572467247645,-0.2728359345027378,1.3380631305618902e-10,other
613,7637.0,12906.0,other,0.035702315739223,-0.0134708440303802,-0.4766910552978515,1.2124109497993359e-10,other
614,11800.0,14120.0,immune,0.2896877452305384,0.2675197927157083,0.3246573039463588,5.421931079207335e-10,immune
615,13195.0,15358.0,stroma,0.0541485977172851,-0.1850703398386637,1.534949417114258,3.1144132568095087e-10,stroma
616,7456.0,14840.0,other,0.1395207595825195,0.0711240243911742,-0.4008051259177071,4.3754954590988424e-10,other
617,8257.0,15969.0,other,0.2413778686523437,-0.3791054304440816,-0.3294277940477644,7.195534054399354e-10,other
618,12555.0,10023.0,other,0.2661670303344726,-0.1682080912590027,-0.1934812123434883,6.530997387018173e-10,other
619,7662.0,15861.0,stroma,-0.1499331855773925,0.981316819190979,2.323709324428014,1.120114068396478e-09,stroma
620,9606.0,11980.0,tumor_core,0.7048384312220983,-0.2098160223166147,-0.3007953834533691,5.2379137770663527e-11,tumor_core
621,10804.0,13333.0,other,0.3288608986990792,0.169004738330841,0.2960217230660575,7.905069141848546e-10,other
622,8811.0,11533.0,tumor_core,0.5698246220179968,-0.3072122375170389,-0.4482181392397199,5.1851140251800887e-11,tumor_core
623,14170.0,13872.0,stroma,0.2790264456612723,-0.1818800171216329,1.1188771983555386,2.8260641440268428e-11,stroma
624,7440.0,13022.0,tumor_core,0.5362281363351005,0.0700422143936156,-0.3003812626429966,1.0077031545126996e-10,tumor_core
625,12984.0,13883.0,tumor_core,0.699061175755092,-0.219993937810262,0.0021782139369419,1.0751945534918415e-09,tumor_core
626,9026.0,13463.0,other,0.5912232971191407,0.1164339653650919,0.6121594456263952,8.448105309749839e-11,other
627,11609.0,14917.0,tumor_core,0.6138815307617187,-0.2645517933368683,-0.1505399240766253,2.3686951388615337e-10,tumor_core
628,14327.0,9212.0,immune,0.4017091696602958,0.4483969704310099,-0.4107467964717319,3.066584083989098e-10,immune
629,11778.0,11620.0,stroma,0.442081892830985,-0.0835719593365986,1.1184266281127928,2.8683937980171953e-10,stroma
630,13157.0,11040.0,stroma,0.1467069271632602,0.6327133274078369,1.311466304234096,6.00007443524454e-10,stroma
631,11170.0,9921.0,immune,0.1726993642534527,0.6795556958516439,0.8847942679268973,6.089391748986615e-10,immune
632,7857.0,15518.0,stroma,-0.5585911560058594,1.155867567062378,2.0754111589704243,2.648775647478698e-09,stroma
633,11424.0,16396.0,tumor_core,0.6436594336373466,0.0336184612909953,0.5763694218226842,3.4987249997860086e-10,tumor_core
634,13795.0,16148.0,stroma,0.1747731889997209,-0.0511494159698486,1.6527782767159596,2.4094199611852096e-10,stroma
635,12197.0,14344.0,stroma,0.0666528047834124,0.2868704875310262,2.594074957711356,3.0062156052331266e-11,stroma
636,10985.0,11400.0,tumor_core,0.5492695127214705,-0.2776050519943237,-0.1138473292759486,4.186224394479186e-11,tumor_core
637,11563.0,9690.0,interface,-0.0306369645254952,0.3152548551559448,0.9486469268798828,2.069520626286977e-09,interface
638,13004.0,16155.0,other,0.4507540566580635,0.0676337560017903,0.8337042345319475,1.2514285168221711e-09,other
639,7650.0,14497.0,other,0.1501668875558036,-0.3171113351980845,-0.5473631504603794,2.1623723007755868e-11,other
640,14355.0,12393.0,stroma,0.1231813648768833,0.6603401724497477,2.1156970868791856,2.313911400346591e-09,stroma
641,11986.0,12869.0,interface,0.6126949037824357,0.0152059435844421,2.0094200352260043,2.4011369342556867e-09,interface
642,9199.0,10620.0,other,0.4401814814976282,-0.1823954200744628,-0.5102746186937606,8.590099689862705e-11,other
643,14168.0,13645.0,stroma,0.2164063480922154,0.1731046326955159,2.1159632546561107,4.704808157232089e-11,stroma
644,10226.0,15043.0,other,0.4721287264142717,0.1033305009206135,0.5918275887625558,2.6527413469210427e-10,other
645,12408.0,15819.0,stroma,0.2474120167323522,0.0730846619606018,2.1009139360700333,4.0638795719170413e-10,stroma
646,14335.0,10121.0,other,0.2323037583487374,-0.0929009068012237,-0.4968915864399501,1.1594306459576368e-10,other
647,9212.0,12211.0,tumor_core,0.5540625926426478,-0.1192307313283284,-0.2553701618739536,2.871826320912036e-11,tumor_core
648,13369.0,12743.0,interface,0.3079037312098912,0.314248751004537,0.9109922354561942,3.657494040638401e-09,interface
649,13586.0,14900.0,other,0.652927518572126,0.1152050177256266,0.7301944950648718,1.3250423028397951e-09,other
650,9391.0,10050.0,other,0.2993406622750418,-0.0919430955251058,-0.1412302889142718,1.1345068204325159e-11,other
651,12195.0,14117.0,other,0.6038187735421318,0.0737296899159749,0.7743216269356864,2.518041452844007e-10,other
652,10196.0,11634.0,tumor_core,0.5648996462140764,-0.1234212148189545,-0.0151928138732909,5.7436880765696594e-11,tumor_core
653,10200.0,12089.0,tumor_core,0.6071798706054687,0.1645754861831665,-0.1992145947047642,2.364520256889e-10,tumor_core
654,13336.0,8879.0,other,0.1768466813223702,0.2222733275095622,-0.0738526807512555,9.69443210496556e-11,other
655,9012.0,11872.0,tumor_core,0.6108225740705217,-0.0469978753725687,-0.2190843486785888,1.0148380526071884e-10,tumor_core
656,10234.0,15952.0,stroma,0.4280988093784876,0.2895949085553487,1.5775392913818358,5.69469202553279e-10,stroma
657,11211.0,14694.0,other,0.4511038589477539,-0.3207956244548161,-0.3001453835623605,2.7311017772295094e-10,other
658,10605.0,13221.0,other,0.2145557975769043,0.1672905015945435,0.5064092908586775,2.8261850412109e-10,other
659,8259.0,16197.0,immune,0.4605842699323381,0.3934468213717143,0.2332164491925921,7.0149983744281785e-09,immune
660,10796.0,12424.0,other,0.3678381620134626,-0.1581764443715413,-0.280508417401995,1.9064192261814174e-10,other
661,12807.0,16271.0,stroma,0.402396948678153,0.1735739636421204,1.8323344530378067,2.024364833432644e-09,stroma
662,13590.0,15355.0,other,0.247292491367885,-0.3154441610972086,0.5094090162004744,1.6375519871394723e-10,other
663,8845.0,15396.0,other,0.334503059387207,-0.4390611147880554,-0.3743467835017613,1.0185467680151801e-10,other
664,12968.0,12064.0,stroma,0.1362195614406041,0.582597812016805,1.3688976669311523,7.467173560024588e-09,stroma
665,15114.0,8750.0,other,0.2481765856061661,-0.1719117188453673,-0.0904956654139926,5.2652026523971666e-11,other
666,9387.0,9596.0,other,0.2163055147443497,0.1583406654993693,0.2505914633614676,5.582310471056718e-12,other
667,9604.0,11753.0,tumor_core,0.8030374690464563,-0.3763743211825688,-0.2888373620169503,3.253920142555796e-11,tumor_core
668,12596.0,14795.0,other,0.2270372772216796,-0.1263117627302805,0.2171914563860211,1.2993625712936849e-10,other
669,9016.0,12326.0,tumor_core,0.5578045926775251,-0.1113013402620951,0.0451583726065498,2.1793187143846677e-11,tumor_core
670,9632.0,14935.0,tumor_core,0.6771254675728935,-0.29470718840758,-0.3435110010419572,4.058862336246867e-11,tumor_core
671,9389.0,9823.0,other,0.1789420591081892,0.1483660252888997,0.2168004281180244,3.5618025176001816e-11,other
672,10236.0,16179.0,stroma,0.4428601564679826,0.5837616475423177,1.3315398352486745,1.3089898561417281e-08,stroma
673,7654.0,14952.0,other,0.1959514345441545,-0.3169769815603892,-0.4158354418618338,7.845187229545952e-09,other
674,12014.0,16050.0,other,0.5959263665335519,-0.031364931265513,0.876262604849679,4.0592704646600856e-10,other
675,10218.0,14134.0,other,0.3972495760236467,-0.1544910542170207,-0.1320582485198974,1.9514419246931604e-10,other
676,11217.0,15375.0,other,0.448568949018206,0.0908283011118571,-0.1412755884443011,9.262962853165462e-11,other
677,10991.0,12082.0,other,0.3924468503679549,0.0183649086952208,-0.055630760192871,1.5475807121829624e-10,other
678,12565.0,11159.0,stroma,0.0179487718854631,0.9774311971664428,1.2257437787737169,1.714962716624994e-09,stroma
679,12994.0,15019.0,stroma,-0.0748338644845145,-0.1377216680844625,1.096456832885742,3.0881970122241395e-10,stroma
680,11796.0,13666.0,interface,0.5510307693481445,0.2742318820953369,1.1539464351109094,7.389491181193368e-09,interface
681,11780.0,11848.0,stroma,-0.1106190708705356,1.092571694056193,1.376652145385742,8.350539335905422e-10,stroma
682,12793.0,14680.0,other,0.0922075625828334,-0.3478430624802907,0.0514635685511997,3.2549144764824107e-10,other
683,9008.0,11417.0,other,0.4566297694614954,0.1735473108291626,-0.2808052212851388,2.068370333422484e-10,other
684,14361.0,13075.0,stroma,0.1309578241620745,0.2945748217900594,2.1384066336495535,6.530323799145532e-11,stroma
685,10178.0,9589.0,stroma,-0.1990069198608398,0.0141487455368042,2.9490921020507814,4.017238747466171e-09,stroma
686,9036.0,14599.0,other,0.3211314337594169,-0.3650441869099935,-0.164386544908796,3.396380513874328e-11,other
687,9210.0,11984.0,tumor_core,0.6503007398332868,-0.4098268928130467,-0.2872232164655413,9.753422046800652e-11,tumor_core
688,10180.0,9816.0,other,0.2561258070809501,0.1840274532636007,0.5908110863821847,1.386245018629397e-09,other
689,13765.0,12739.0,stroma,0.2866211536952429,0.5201591444015503,1.902142595563616,3.4908792995261575e-10,stroma
690,11569.0,10372.0,stroma,-0.1636841692243303,0.6056422408421834,1.9699860927036832,3.449389752856128e-09,stroma
691,9401.0,11186.0,tumor_core,0.6879998452322823,-0.4306980494658152,-0.4544473838806152,6.818805586870453e-11,tumor_core
692,8990.0,9372.0,other,0.3627264676775251,-0.0943842617670694,-0.2888254724230085,1.6237792926741943e-10,other
693,13572.0,13309.0,other,0.5291157041277205,-0.337966339190801,0.1549002919878278,8.768550443826991e-10,other
694,10588.0,11176.0,other,0.5104432405744279,-0.2256914997100829,0.0927333940778459,2.5672190492689628e-11,other
695,12173.0,11617.0,stroma,0.077760876246861,0.400153284072876,1.906148610796247,2.37091308031354e-09,stroma
696,12974.0,12746.0,interface,0.58247255052839,0.1258012596766153,1.7351869092668806,1.7718078173721258e-08,interface
697,13771.0,13421.0,stroma,0.1163866751534599,0.2810372177759807,2.09296507699149,3.8984203373572887e-10,stroma
698,9608.0,12207.0,other,0.5270599310738701,-0.0142019454638163,-0.2466017450605119,4.550748451957082e-10,other
699,12956.0,10701.0,stroma,0.0839169093540737,0.4856548738479614,1.933307898385184,1.2578080785614774e-10,stroma
700,11376.0,10942.0,other,0.3287580762590681,-0.1979196965694427,-0.1897910417829241,8.155342631675401e-10,other
701,12748.0,9453.0,stroma,-0.1694806780133929,-0.016768995920817,1.2149468558175225,2.542984509932514e-10,stroma
702,9803.0,11865.0,stroma,0.4661562837873185,-0.2597362565994262,1.4155934633527485,2.353947920192931e-11,stroma
703,8249.0,15060.0,stroma,-0.4328317369733538,0.9453104813893636,1.9254180254255024,4.04425061659801e-09,stroma
704,7458.0,15067.0,other,0.3304245703560966,0.0646195514996846,0.0010612160818916,3.335995756136182e-09,other
705,10027.0,14931.0,other,0.2866258375985282,-0.2150679922103882,-0.216098004749843,1.0519040170866774e-10,other
706,12370.0,11501.0,stroma,0.1364490100315639,0.3373193375269572,1.073304944719587,7.972681718585614e-10,stroma
707,9779.0,9138.0,other,0.3188277544294084,-0.1288199698925018,0.6346143014090402,2.136661153255339e-10,other
708,5457.0,12357.0,other,-0.4076719706399099,-0.0600156609217326,-0.4782923078536987,3.9882062833748473e-10,other
709,10830.0,16288.0,other,0.4078823334830147,-0.3266419663031896,-0.217187693459647,7.151436310885418e-10,other
710,12577.0,12522.0,other,0.5076979010445731,0.0944048484166463,0.8585206985473632,1.6369730247750153e-08,other
711,14333.0,9893.0,other,0.3329299354553222,-0.3076448170344035,-0.2608533014569963,2.4728476738607256e-10,other
712,13173.0,12858.0,stroma,0.0563541303362165,0.6293439404169718,1.6565447017124724,1.0740114503371576e-08,stroma
713,14733.0,10344.0,other,0.1622568729945591,0.3387516585985819,0.5896501759120397,4.793389508853978e-10,other
714,13775.0,13876.0,stroma,0.3118898228236608,0.3198786799112956,2.199227785382952,1.3656069894928296e-10,stroma
715,9978.0,9250.0,other,0.2124259294782365,-0.2098676784833272,0.118483074733189,1.5480690706439207e-10,other
716,13149.0,10131.0,other,0.4670823451450892,-0.1017989722887674,-0.1561511053357805,9.880973438107339e-12,other
717,7271.0,16319.0,other,0.0122765786307198,-0.1647380459308624,0.6616106469290597,3.028937488615884e-09,other
718,8231.0,13015.0,other,0.2759338515145438,0.0396424841880798,-0.1966959762573242,6.476748873575327e-11,other
719,11190.0,12194.0,immune,0.0551025090898785,0.3123241440455119,-0.2745448221479143,1.39353024708359e-09,immune
720,11774.0,11166.0,tumor_core,0.6656869070870536,-0.1869405810038248,-0.2102164527348109,2.2014314571261134e-10,tumor_core
721,13777.0,14103.0,other,0.2852350807189941,-0.3625916767120362,0.3717850058419364,2.1392711760166136e-10,other
722,8650.0,15739.0,tumor_core,0.5443168476649693,-0.3566215797265371,-0.345877583367484,2.860875011319495e-10,tumor_core
723,13570.0,13082.0,other,0.3853671809605189,-0.1150891987482706,0.9652432414463588,2.346683391586227e-09,other
724,7466.0,15976.0,stroma,-0.2524339280809675,1.416152957280477,2.335900333949498,2.458486559306251e-09,stroma
725,12010.0,15596.0,stroma,0.2860373033796037,0.2175801555315654,1.8617963845389232,3.4583131802079205e-10,stroma
726,10633.0,16403.0,tumor_core,0.5471063940865654,-0.0651884400844573,-0.0119323131016322,4.332624279969503e-09,tumor_core
727,12199.0,14571.0,stroma,0.4236953626360212,0.082915809949239,1.324085017613002,3.515704462871703e-11,stroma
728,9403.0,11414.0,tumor_core,0.6735768508911133,-0.3712719058990479,-0.3622145952497209,6.019659718836316e-11,tumor_core
729,9824.0,14365.0,other,0.404224363054548,-0.2605839320023855,-0.3152786282130649,1.6428856976339592e-11,other
730,12775.0,12634.0,interface,0.5729011862618583,0.3774687894185384,1.4814280101231168,1.4788494037655313e-08,interface
731,10186.0,10498.0,tumor_core,0.5497814614432198,0.1864393901824951,0.5059697668892997,3.8553843483975165e-10,tumor_core
732,15319.0,9544.0,other,0.3586454227992467,0.1384025287628173,-0.4189162227085659,5.871150143595996e-11,other
733,8809.0,11305.0,tumor_core,0.7208162689208985,-0.3192155969142913,-0.5293581908089774,7.146179140019201e-11,tumor_core
734,9049.0,16190.0,other,0.2280235399518693,-0.2409021612008413,0.1250134604317802,1.198666502026147e-09,other
735,8823.0,12896.0,tumor_core,0.6322675977434431,-0.1734447896480559,-0.3755623885563441,7.38147203715412e-11,tumor_core
736,9425.0,13914.0,other,0.355816879272461,-0.0199311876296996,0.7060567692347937,2.794975792522581e-11,other
737,14359.0,12848.0,stroma,0.2634595979963029,0.0857146628697713,1.930428695678711,6.364184973664466e-10,stroma
738,13753.0,11376.0,stroma,0.0289809690202984,0.1976353176434835,1.4894272014072965,4.867001125490887e-09,stroma
739,9242.0,15620.0,other,0.3628207397460937,-0.4755373861392339,-0.4809652607781547,3.548324164233191e-10,other
740,12209.0,15708.0,stroma,0.3222065080915177,0.2911013754208883,1.6336119079589844,1.0835734528332292e-10,stroma
741,9421.0,13459.0,tumor_core,0.7084252657209124,-0.2207226252555847,-0.3635879693712506,1.3932783487822035e-10,tumor_core
742,10383.0,10382.0,tumor_core,0.5752738244192941,0.0673660167058308,-0.2408982304164341,4.3525392122881455e-10,tumor_core
743,11367.0,9806.0,stroma,0.2419396618434361,0.4974688212076823,1.1177998679024834,6.20337670603496e-10,stroma
744,8414.0,11309.0,tumor_core,0.6774971171787806,-0.0667815597852071,-0.5272896644047329,1.1721522016179572e-10,tumor_core
745,8229.0,12788.0,other,0.4018175779070173,0.0325258302688599,-0.4552815232958112,7.689243632446501e-12,other
746,14743.0,11481.0,other,0.3839012745448522,-0.1219885031382242,-0.0477816799708774,2.2445058254282887e-10,other
747,8616.0,11875.0,other,0.4929857907976424,-0.1124867725372315,-0.3893267617906843,1.6227451236421467e-11,other
748,13763.0,12512.0,stroma,0.1885055596487862,0.2242019939422607,1.909650333949498,8.982467419090988e-10,stroma
749,13934.0,9442.0,immune,0.4480399703979492,0.3046903602282206,-0.3060640280587333,4.510815056644775e-10,immune
750,9807.0,12319.0,tumor_core,0.5902688380650111,-0.1494937594731649,0.428910026550293,3.2331545807930235e-10,tumor_core
751,7664.0,16088.0,stroma,-0.4659568493706839,0.4859076889355977,2.7583078057425365,1.5135706912810463e-09,stroma
752,13383.0,14334.0,stroma,0.2194520214625768,-0.1710578195254007,1.7936455099923267,5.012061208380525e-10,stroma
753,13350.0,10470.0,stroma,-0.1135290418352399,0.1967228364944457,1.614686050415039,7.306301004054544e-10,stroma
754,9397.0,10732.0,other,0.4803646905081612,-0.0325575693448384,0.259057012285505,1.1768873479887924e-10,other
755,11382.0,11624.0,tumor_core,0.6072209058489119,-0.1783626600106557,-0.2972116592952183,4.6466056408055706e-11,tumor_core
756,12988.0,14337.0,other,0.3362274387904577,-0.0697234861056009,0.608757950919015,2.9438266904110036e-10,other
757,7865.0,16427.0,stroma,-0.4214624302727836,0.1300666650136311,2.0261721583775114,1.0728376436896218e-09,stroma
758,11619.0,16054.0,immune,0.4047362899780273,0.2691790986061096,-0.0435704476492745,1.8947536174718952e-09,immune
759,13540.0,9673.0,other,0.3128662654331751,-0.2199654785792032,-0.3234791619437081,2.8539640874656526e-10,other
760,10385.0,10610.0,other,0.5251870891026087,-0.1860870214303335,-0.2888197149549211,5.539492331366683e-10,other
761,9630.0,14707.0,tumor_core,0.5996667807442801,-0.3999370362361272,-0.4100687851224626,2.7283331861710067e-11,tumor_core
762,8652.0,15966.0,tumor_core,0.5337571988786971,-0.2979829388856888,-0.3569061960492815,2.2597400294443028e-10,tumor_core
763,11021.0,15491.0,immune,0.4591530445643834,0.2584099515279134,-0.0666118104117257,5.0867316220380046e-11,immune
764,11776.0,11393.0,other,0.4878285271780831,0.0126787137985229,-0.1588464736938476,7.145487714296964e-11,other
765,10597.0,12312.0,other,0.2205599757603236,-0.0254536390304565,0.4928590774536132,2.7924539371243227e-10,other
766,11573.0,10827.0,tumor_core,0.6195033482142858,0.057823028564453,0.3866462544032506,3.0674381686723476e-10,tumor_core
767,12012.0,15823.0,stroma,0.4740406090872627,0.3695682080586752,1.1890565327235632,4.4589336037254335e-10,stroma
768,13352.0,10697.0,other,0.402615247453962,-0.2230904082457224,0.0677789143153598,3.455087437374866e-09,other
769,8211.0,10742.0,tumor_core,0.5389009312220983,-0.2928734179337819,-0.581804975782122,6.267533666729514e-11,tumor_core
770,9409.0,12096.0,tumor_core,0.7866830989292689,-0.2582731290658315,-0.400213737487793,1.2298981474173067e-10,tumor_core
771,7641.0,13361.0,other,0.3698483984810965,-0.1074055830637613,-0.4518860728400093,2.7400052819508567e-10,other
772,12992.0,14792.0,stroma,0.194060445513044,-0.150919181505839,1.075481011526925,2.4791845539109575e-10,stroma
773,9006.0,11190.0,other,0.4584615652901785,-0.0571694835027059,-0.2161981827872139,6.287848400001857e-11,other
774,11172.0,10148.0,interface,0.1670631136213031,0.6522978766759236,0.937454550606864,1.2862967481691453e-08,interface
775,12759.0,10816.0,other,0.3098032433646065,0.037310021718343,0.1770749228341239,1.2378954988948998e-09,other
776,13375.0,13425.0,other,0.4641015570504325,-0.0861875236034392,0.1170595278058733,4.11397235179016e-10,other
777,9987.0,10386.0,stroma,0.3456380190168108,0.2499687528610229,1.114940572466169,2.6692056757216617e-10,stroma
778,9628.0,14480.0,other,0.5074404634748185,-0.2608305144309998,-0.3935649170194353,2.641399036299993e-11,other
779,12559.0,10477.0,tumor_core,0.582010977608817,0.1139827386538188,-0.1661221381596156,1.6886355639221802e-09,tumor_core
780,8604.0,10512.0,other,0.2442866843087332,-0.3050053254763285,-0.2567079326084682,2.808181737752309e-10,other
781,11561.0,9463.0,stroma,-0.1106308201381138,0.0008962345123291,1.7969797842843191,1.4105417388549956e-09,stroma
782,13153.0,10586.0,stroma,0.3605521828787666,0.1701376374562581,2.3546221705845425,4.30555649184509e-10,stroma
783,11802.0,14347.0,other,0.4587436894008092,0.1564116072654724,0.7529694420950753,3.0635209621576407e-10,other
784,12380.0,12638.0,stroma,0.3838079152788435,0.5200857289632161,2.3092590876988,8.954267306952502e-09,stroma
785,14920.0,9093.0,other,0.214977204459054,-0.1927553284168243,-0.3955701759883335,3.2212879892542004e-10,other
786,11388.0,12306.0,other,0.1897013364519392,-0.1233871110280354,-0.0846795436314173,3.2060216059107635e-10,other
787,8260.0,16424.0,other,0.0168166923522948,-0.0573399933179219,0.6150536782400948,1.1883936916076859e-09,other
788,7450.0,14158.0,other,0.3421084267752511,-0.3008822278181712,-0.338687264578683,1.2728886015576776e-09,other
789,10391.0,11291.0,tumor_core,0.5331631524222238,-0.0985065941015879,-0.1914662252153668,4.7125621897507704e-11,tumor_core
790,10997.0,12763.0,other,-0.0137794276646205,-0.3111852069695791,-0.2420609814780099,7.06202742680857e-10,other
791,7448.0,13931.0,other,0.3513312639508927,0.138469758828481,-0.2948094585963657,9.769654524398852e-10,other
792,9836.0,15728.0,other,0.2932861573355538,-0.2604302883148193,0.3211767578125,7.541731580299763e-10,other
793,8644.0,15057.0,other,0.2888192749023437,0.0302491172154744,-0.1984890447344098,7.938169074502406e-11,other
794,14550.0,12051.0,other,0.3095900889805384,0.0420084603627523,0.119947782244001,9.349043158638316e-10,other
795,11975.0,11505.0,tumor_core,0.5396656962803431,-0.2385138821601867,0.435720773424421,1.030375938779483e-09,tumor_core
796,9222.0,13347.0,other,0.5102490888323103,0.1689343070983886,0.2060369709559849,3.8890626498456646e-11,other
797,14522.0,8869.0,other,0.5223633793422156,-0.0525154972076415,-0.1178721700395856,1.5919628547777127e-10,other
798,12185.0,12980.0,tumor_core,0.724846420288086,-0.2677013719081879,0.5332861764090402,6.4715546446843805e-09,tumor_core
799,13578.0,13991.0,stroma,0.1648018618992396,-0.0015757004419962,1.480349006652832,5.018581674650452e-10,stroma
800,11162.0,9012.0,stroma,-0.6054494323049273,1.0450330622990929,1.595364221845354,8.461667693825915e-10,stroma
801,12392.0,14001.0,other,0.405799664088658,-0.0908749254544576,-0.0829705115727016,2.2907295297398763e-10,other
802,11585.0,12190.0,stroma,0.2763862173897879,0.1424036884307861,1.2208772768293108,6.0568185398769506e-09,stroma
803,13187.0,14449.0,other,0.4253076226370674,-0.0707273066043854,0.7063904462541853,1.0069265296450508e-10,other
804,8032.0,12903.0,other,0.1210718236650738,0.1668508084615071,-0.4540293720790318,9.366285814949104e-11,other
805,7853.0,15064.0,stroma,-0.5335203749792916,0.629703605969747,1.849287076677595,8.774758837691871e-09,stroma
806,8245.0,14606.0,other,0.175613179888044,-0.1317908175786336,0.5100107356480189,1.773524861626684e-09,other
807,10434.0,16291.0,other,0.4284325354439872,-0.0702719076474507,0.6731858934674944,4.795809063158279e-09,other
808,8451.0,15627.0,other,0.4337358910696847,-0.5076249782244364,-0.4362790496008736,8.548300641688952e-10,other
809,12803.0,15816.0,tumor_core,0.5660678100585937,-0.1608206450939178,0.0905353219168526,8.94792109461682e-10,tumor_core
810,7859.0,15746.0,stroma,-0.4664641673224312,1.0958642562230427,2.618631466456822,6.001879409635315e-10,stroma
811,13360.0,11606.0,other,0.4266969844273157,-0.0116355983416239,0.3995960017613001,5.119629604045791e-09,other
812,8424.0,12445.0,tumor_core,0.6706469890049525,-0.1257830556233724,-0.5322512279238021,9.464182834010182e-12,tumor_core
813,10037.0,16067.0,stroma,0.4568402481079101,0.2147842264175414,1.2898794392177038,3.4738234058834816e-10,stroma
814,13733.0,9103.0,stroma,0.0175628580365863,0.4984082667032877,2.07977169581822,7.538209304087692e-10,stroma
815,11166.0,9466.0,stroma,0.0398012651715959,0.4990239191055298,1.641531219482422,4.89119938034782e-10,stroma
816,9439.0,15504.0,other,0.4301965059552873,-0.3309983559449513,-0.1782924079895019,8.035852012242382e-11,other
817,9435.0,15050.0,other,0.3073832484654016,-0.4032258705298106,-0.4457610607147216,9.504584275627588e-11,other
818,9999.0,11749.0,tumor_core,0.572756244114467,-0.2551454301675161,0.3629763058253697,1.5040996267883212e-10,tumor_core
819,13930.0,8988.0,other,0.4675719778878349,0.0706649072964986,0.2918969454084125,2.13224129828447e-10,other
820,13785.0,15012.0,other,0.2553111430576869,0.2257821440696716,0.646176986694336,3.5641063229161887e-10,other
821,11184.0,11512.0,tumor_core,0.6228523254394531,-0.179453725417455,-0.2597771099635533,2.6526528256979574e-11,tumor_core
822,8064.0,16539.0,interface,-0.0737683568681989,0.2095167716344197,0.8369949558803015,2.7506377148926267e-10,interface
823,11813.0,15711.0,other,0.4852045222691126,-0.1415412358442942,0.0746348735264369,1.778086418145344e-09,other
824,11178.0,10830.0,other,0.348252340044294,0.2121235688527425,0.493601085117885,3.6968898558708557e-10,other
825,8632.0,13693.0,other,0.4197445569719588,-0.0325088707605997,-0.2015692792619978,1.9425118095010463e-11,other
826,12358.0,10138.0,stroma,0.0236847605024065,0.5572239589691163,1.37562931060791,7.837035174293263e-10,stroma
827,10973.0,10036.0,stroma,-0.0495697784423828,0.9359382438659668,1.2217461122785296,5.936843631470747e-09,stroma
828,11583.0,11963.0,stroma,0.3352219281877791,0.2135910749435424,1.1402805709838866,3.4827748395209304e-10,stroma
829,10403.0,12655.0,stroma,0.1851782553536551,0.4871934334437052,1.0852723257882255,1.524207427666807e-09,stroma
830,10788.0,11515.0,tumor_core,0.5692959267752511,-0.129313252766927,-0.2823708915710449,3.096261842216856e-11,tumor_core
831,10987.0,11627.0,tumor_core,0.5833791787283761,-0.2532454466819763,-0.3503219604492187,5.7758415435744974e-11,tumor_core
832,8803.0,10623.0,other,0.4388905007498604,0.0903430080413818,-0.5418002915382385,2.1961986788580783e-10,other
833,9441.0,15732.0,other,0.4208059474400111,-0.1302816255887349,-0.1158947127205984,2.674699983655227e-09,other
834,11001.0,13218.0,other,0.2666151700701032,0.1330849011739094,0.8913914925711495,7.464999050686361e-09,other
835,5455.0,12130.0,other,0.3373161670139857,-0.2135362990697225,-0.4777341386250087,4.1695948080186396e-10,other
836,13584.0,14673.0,interface,0.4364612197875976,0.336636954943339,0.842952047075544,3.9883017790448864e-09,interface
837,12771.0,12180.0,stroma,0.3757482365199498,0.5159170977274576,1.535195917401995,7.16635356528254e-10,stroma
838,11998.0,14232.0,stroma,0.4906107057843889,0.1821933992703756,1.5889992632184708,1.7392281810317074e-10,stroma
839,10021.0,14249.0,other,0.3638881083897181,-0.4027506399154663,-0.0605963379996162,2.4765815878973067e-10,other
840,11015.0,14809.0,immune,0.3694457844325475,0.8128624105453491,0.1156078338623046,2.6946926606882606e-10,immune
841,7827.0,12109.0,immune,0.3977081898280553,0.2624850002924601,-0.3826140703473772,2.467272803163808e-10,immune
842,12016.0,16277.0,other,0.4659400830950057,-0.1121717604001363,0.2528602354867117,6.165458303419435e-11,other
843,13362.0,11834.0,other,0.3533076204572404,0.0409341168403625,0.5296710968017578,1.823419465109763e-09,other
844,10405.0,12882.0,other,0.1151092665536063,0.2454623937606811,0.4178066280909948,3.2425507209095943e-09,other
845,8052.0,15176.0,stroma,-0.2027237660544258,0.9370044994354249,2.090894361223494,2.271082254209744e-09,stroma
846,9415.0,12777.0,tumor_core,0.6077454376220703,-0.2104599543412526,-0.3015117931365967,3.7640212959031294e-10,tumor_core
847,11359.0,8897.0,stroma,-0.6612771138123104,0.9787662744522094,2.064723031180246,2.5394631458826776e-10,stroma
848,10584.0,10722.0,other,0.4729505756923131,-0.3660949816306432,-0.0729924842289516,7.586892519121114e-10,other
849,12795.0,14907.0,other,0.1778379930768693,-0.3418306867281596,0.0229586819240025,2.1666418805007415e-10,other
850,11567.0,10145.0,other,0.2378783689226423,0.0451048517227172,0.8981821060180664,7.517583628983248e-09,other
851,8426.0,12672.0,tumor_core,0.7380712073189872,-0.2561974223454794,-0.5376511873517718,6.926451177902565e-11,tumor_core
852,9395.0,10505.0,immune,0.3555797631399972,0.307202406724294,-0.1492597225734165,3.455318800524763e-10,immune
853,10397.0,11973.0,other,0.5032175336565291,0.0234727684656779,-0.2153407382965088,4.2847505716540294e-11,other
854,9201.0,10847.0,tumor_core,0.6594820840018136,-0.363307513197263,-0.3878410673141479,4.069697140646747e-11,tumor_core
855,12944.0,9337.0,stroma,-0.3291878972734723,0.1687077355384826,2.2775490515572683,2.6829168700317985e-10,stroma
856,11559.0,9236.0,stroma,-0.4041237967354911,0.5884565448760986,2.9038088662283763,1.1269930128516124e-10,stroma
857,9816.0,13456.0,other,0.5016686466761999,-0.1935851645469665,-0.2587367194039481,6.712697973307245e-10,other
858,12553.0,9795.0,other,0.3225425774710518,-0.0772534831364949,0.1705533191135951,5.102209714060829e-10,other
859,12608.0,16159.0,interface,0.5561504799979073,0.0600897375742593,1.4581754520961216,9.910194474669936e-09,interface
860,12773.0,12407.0,tumor_core,0.6021420724051338,0.0653257576624551,0.4161376626150949,1.5354667822957831e-09,tumor_core
861,14540.0,10914.0,other,0.4517280197143555,-0.3288286473353704,-0.3597943251473562,1.3198739114366098e-10,other
862,7652.0,14725.0,other,0.3101329258510046,-0.3718743564685186,-0.5450658968516758,1.3591552276842294e-10,other
863,14552.0,12278.0,stroma,-0.1235547801426478,0.506624325911204,1.4267432730538503,2.0292028357689722e-09,stroma
864,12982.0,13655.0,stroma,0.2065551321847099,0.5250552097956339,2.3045619419642858,1.3381353008783538e-09,stroma
865,7442.0,13249.0,other,0.2282976341247559,-0.1411312850316365,-0.119485273361206,2.5073584755326926e-10,other
866,10586.0,10949.0,other,0.5195808846609933,-0.2669497187932332,-0.2317076642172678,5.6606190010358786e-11,other
867,9034.0,14372.0,other,0.3178144618443079,-0.2517874809106191,-0.3812562274932861,4.2405913355439514e-11,other
868,13354.0,10925.0,stroma,-0.0213892173767089,0.3518663104375203,1.7291468484061108,8.529975784802156e-09,stroma
869,14321.0,8530.0,stroma,0.0955005427769252,0.6005051056543986,1.3442339161464143,6.77667771220055e-10,stroma
870,8837.0,14487.0,other,0.254429931640625,-0.0204255882898966,0.067226813180106,1.52506497667935e-10,other
871,11188.0,11966.0,tumor_core,0.5883809988839286,0.0627897453308105,-0.3002055018288748,1.235260926429525e-09,tumor_core
872,12777.0,12862.0,interface,0.5774202019827707,0.141323808034261,1.8508656638009209,1.3577537284673037e-08,interface
873,11980.0,12187.0,stroma,0.3660962513514928,0.4678057130177816,1.9523859950474332,7.459480844368612e-10,stroma
874,14172.0,14099.0,stroma,0.2365604128156389,-0.1378237056732177,1.3713392802647184,3.758736694798848e-11,stroma
875,10041.0,16522.0,tumor_core,0.6145118004935128,-0.1242074437936147,0.2908107212611607,1.1607384291555696e-08,tumor_core
876,10190.0,10952.0,other,0.524609364100865,-0.2025885240236917,-0.2353376265934535,4.447584581642089e-11,other
877,8235.0,13469.0,other,0.3788450186593192,-0.0506753746668497,-0.2350740964072091,2.0770429107957108e-11,other
878,9981.0,9704.0,stroma,0.2189077540806361,0.1856481115023295,1.3918327930995391,4.1650145006276383e-10,stroma
879,10818.0,14924.0,other,0.3480856350490026,0.1892794275283813,-0.3686993973595755,4.6145050588012766e-11,other
880,9789.0,10274.0,other,0.4150934600830078,0.0983482885360718,-0.0443781226021903,2.6965713075307207e-10,other
881,13737.0,9558.0,other,0.4813461521693639,0.016545135974884,-0.2229625538417271,5.727541780495397e-10,other
882,11770.0,10711.0,other,0.4882913916451591,-0.146057698726654,0.4319394820077079,1.925855309315509e-09,other
883,11361.0,9124.0,stroma,-0.5701882461139134,0.6145623842875163,2.510172380719866,8.535044094003367e-10,stroma
884,10798.0,12652.0,other,0.024400999886649,-0.0504784421126047,-0.0361876487731933,8.435144935728052e-10,other
885,13741.0,10012.0,other,0.3084174156188964,-0.3242340389887491,-0.3297604915073939,1.6214856397880246e-10,other
886,12147.0,8662.0,stroma,-0.1883252688816615,0.3652137724558512,2.20085818699428,3.548542870990957e-11,stroma
887,13538.0,9446.0,other,0.2161993980407714,-0.1492497622966766,-0.2069022505623953,4.350210865048428e-10,other
888,10039.0,16295.0,stroma,0.2996743229457311,0.2880986539522806,1.030451834542411,7.677230552038e-09,stroma
889,13946.0,10806.0,other,0.1800328663417271,0.075762170155843,-0.1715612139020647,9.806949736443248e-11,other
890,7647.0,14043.0,other,0.1784023557390486,-0.40547438899676,-0.564192693574088,4.300477929373921e-11,other
891,11792.0,13211.0,other,0.4874382727486747,0.3251836887995402,0.4895102037702287,1.4020502789356931e-09,other
892,8209.0,10515.0,other,0.1743280002049037,-0.078851265112559,-0.5171650573185512,1.1744400578986292e-10,other
893,11174.0,10376.0,stroma,-0.2567444092886788,0.6838704713185628,1.3072563116891045,4.622153455398114e-09,stroma
894,10766.0,9015.0,stroma,-0.6928282165527344,0.7185159778594971,2.619464890616281,1.905873380567474e-09,stroma
895,9014.0,12099.0,tumor_core,0.6937466267177038,-0.180374208688736,-0.3238016482761928,3.4331379158372246e-11,tumor_core
896,9018.0,12553.0,tumor_core,0.652839137486049,-0.2425487693150838,0.0280425235203334,1.0063839317266232e-11,tumor_core
897,10188.0,10725.0,other,0.4101202174595423,-0.2086524518330892,-0.1296625137329101,1.4486535927700575e-10,other
898,9983.0,9931.0,tumor_core,0.5923080880301339,0.0009029547373453,0.4314345169067383,3.484239098234011e-10,tumor_core
899,13171.0,12631.0,stroma,0.3376337269374303,0.3905355532964071,1.3912025288173129,3.982293122787652e-09,stroma
900,12948.0,9792.0,stroma,0.2172494670322963,0.084940443833669,1.240935549054827,4.835682412361781e-10,stroma
901,14349.0,11711.0,other,0.4472450746808732,-0.1778117259343465,-0.2321470505850656,5.177722301120833e-10,other
902,10009.0,12886.0,other,0.3261727796282088,0.1571973029772441,-0.1617195510864257,2.287647346151243e-09,other
903,13356.0,11152.0,stroma,-0.307983604158674,1.0839188035329184,1.9161700166974749,2.7555914153976698e-08,stroma
904,9234.0,14711.0,other,0.5206879261561803,-0.2386754679679871,-0.4910936662128994,1.5231229849023403e-11,other
905,13554.0,11264.0,interface,0.1835136658804756,0.3921871066093445,0.548061043875558,1.2636254919290816e-08,interface
906,13161.0,11495.0,stroma,0.27779203414917,0.4355091857910156,1.2040550776890346,5.50289652128413e-10,stroma
907,13989.0,15806.0,other,0.384691777910505,-0.1668386356035868,0.965989603315081,1.005278011441432e-11,other
908,9028.0,13690.0,tumor_core,0.5456208528791154,-0.2206832408905029,-0.1574636745452881,1.6334689294295555e-10,tumor_core
909,11406.0,14351.0,other,0.4010297666277205,-0.0256919391949971,-0.1769679055895124,1.7792007659184743e-10,other
910,9240.0,15393.0,other,0.4120153972080774,-0.1639033166567484,-0.3353346238817488,1.5138262169052734e-11,other
911,10806.0,13561.0,stroma,0.2590948922293526,0.1536209861437479,1.6482127271379745,4.832792814341207e-10,stroma
912,11768.0,10484.0,tumor_core,0.6747175543648857,0.28798046986262,0.0950665855407715,1.908230064210478e-09,tumor_core
913,8439.0,14263.0,other,0.215383518763951,-0.1599963585535685,-0.1340775530678886,6.92965738807281e-11,other
914,12165.0,10708.0,interface,0.1949336978367395,0.2903063090642294,0.6940535354614258,2.557772466679791e-09,interface
915,13948.0,11033.0,stroma,0.2335893086024694,0.2102907943725586,1.2326078632899695,4.56642071455742e-10,stroma
916,11961.0,9914.0,stroma,0.080870554787772,0.3526794544855753,1.6715423910958425,8.96795079446641e-10,stroma
917,10426.0,15382.0,other,0.4886364201136999,0.0574745162328084,0.9303662436349052,9.707382564879191e-11,other
918,12996.0,15246.0,stroma,0.4289775139944893,-0.122508308092753,1.733664321899414,2.4677238407077016e-10,stroma
919,7843.0,13927.0,other,0.2464499637058802,-0.0127193625768026,-0.2465571117401123,4.1561831064135804e-11,other
920,7833.0,12791.0,other,0.3136445617675781,0.1306885480880737,-0.3974671159471785,1.7220925552409218e-10,other
921,13936.0,9670.0,other,0.4430985205514091,0.0208645796775818,-0.0090376499720982,9.767325047185095e-11,other
922,14150.0,11600.0,other,0.4236782291957311,-0.0164626618226368,-0.2214755058288574,2.8347685460408948e-11,other
923,15134.0,11023.0,other,0.2917665944780623,-0.3298922713597615,-0.3455072307586669,1.416312953474952e-10,other
924,9791.0,10501.0,stroma,-0.0875238691057477,0.315240937868754,2.091935522896903,8.916910350593932e-10,stroma
925,10007.0,12658.0,other,0.4092674854823522,0.3165476274490356,0.5192754309517997,9.241563269684099e-10,other
926,8408.0,10627.0,tumor_core,0.6098517717633928,-0.3079700120290121,-0.6047905359949384,2.6095275512758566e-10,tumor_core
927,11959.0,9687.0,other,-0.0116260474068777,-0.1716042379538218,0.2702624320983886,1.8198237809732031e-09,other
928,13928.0,8761.0,other,0.2244806262425013,0.2514420175552367,0.0220443262372698,4.696370612696087e-10,other
929,14741.0,11254.0,other,0.2963893236432757,0.1779021350542704,-0.336265606880188,8.607491942341814e-11,other
930,11418.0,15714.0,stroma,0.446394032069615,0.4024500354131063,2.1513336072649274,6.201728107678486e-09,stroma
931,9230.0,14256.0,other,0.5214964294433594,-0.3370512044429778,-0.3661329691750662,2.0522393313487176e-11,other
932,14556.0,12732.0,stroma,0.2739513124738419,0.1116455952326457,1.0261036082676478,3.095471756619981e-10,stroma
933,13968.0,13306.0,stroma,0.0235477856227329,0.3678264737129211,2.114666279384068,4.1039310172880326e-10,stroma
934,8058.0,15857.0,other,0.2252855246407645,0.1922642890612284,0.7199286106654577,1.2236402602176592e-09,other
935,7267.0,15864.0,interface,-0.0028220149448939,0.4456738845507304,0.7030863189697265,3.3963219259211623e-09,interface
936,12801.0,15589.0,stroma,0.2223576491219657,0.3815210787455241,1.500611915588379,1.6664121056811355e-09,stroma
937,14176.0,14554.0,other,0.2670926666259765,-0.3296580723921458,-0.0528943988255091,2.4834168841726075e-10,other
938,13745.0,10467.0,stroma,0.1470706231253487,0.1121148824691772,1.209587004525321,1.3652238462283975e-10,stroma
939,8040.0,13812.0,other,0.2921863692147391,0.1542539135615031,-0.2456991863250732,1.382960356429466e-10,other
940,10377.0,9701.0,interface,0.3876287732805525,0.5088575410842896,0.743596294948033,2.7302972709296997e-08,interface
941,8843.0,15169.0,other,0.2843859100341797,-0.1282332917054494,-0.3748234912327358,3.0187826554756226e-11,other
942,13189.0,14676.0,stroma,0.3407026890345983,0.0039181407292684,1.8700442177908765,2.859779383331434e-10,stroma
943,7845.0,14155.0,other,0.2155504935128348,0.0252704501152039,-0.4569691930498396,9.166312262963439e-11,other
944,11623.0,16508.0,tumor_core,0.576112164088658,-0.0724200963973998,-0.017644100189209,7.269573495114019e-11,tumor_core
945,8034.0,13130.0,other,0.3836681692940848,0.0728385694821676,-0.2365955570765904,1.6048339833606694e-11,other
946,9195.0,10165.0,other,0.2600405938284738,0.1987872616449991,-0.0488957023620605,1.0185801004422827e-10,other
947,9193.0,9938.0,immune,0.1740175247192382,0.3754664238293965,-0.0670842579432896,3.2850882383215504e-11,immune
948,15138.0,11477.0,other,0.2341794368198938,-0.0183852942784626,0.1423841122218541,2.0533752670199015e-10,other
949,14186.0,15690.0,stroma,0.3050918524605888,-0.1280709517002105,1.5530300630841936,6.975437168190923e-11,stroma
950,12799.0,15362.0,stroma,0.5002542495727539,-0.1655729635556538,2.0476330784388947,2.8538098660700787e-10,stroma
951,13358.0,11379.0,stroma,-0.3418751049041748,0.3287510093053182,2.003691629682268,1.5309466819707702e-08,stroma
952,13385.0,14561.0,stroma,0.3265064893450056,0.2773888158798218,1.849102107456752,2.139148734095578e-09,stroma
953,11764.0,10029.0,stroma,-0.0667315592084613,0.4339336490631104,1.2807490158081056,1.435123081232516e-09,stroma
954,11591.0,12872.0,stroma,0.4947340774536133,0.4791496404012044,1.6345657784598218,3.1672826597018533e-10,stroma
955,11815.0,15938.0,other,0.4873460715157646,0.0363394864400228,0.6816000584193639,4.065716466007645e-10,other
956,13926.0,8533.0,stroma,-0.2279734638759067,0.3965124901135762,1.2951460756574358,2.24935594544026e-09,stroma
957,12583.0,13204.0,interface,0.7055743953159876,0.0758979749679565,2.0205707768031527,1.7463243298680464e-08,interface
958,13556.0,11491.0,stroma,0.2928074101039343,0.1784424638748168,1.4329348318917408,4.985191483767585e-09,stroma
959,10816.0,14697.0,other,0.3780091694423131,0.1742693972587585,-0.414508763722011,8.584978381714552e-11,other
960,10381.0,10155.0,other,0.2239692633492606,0.3103442851702372,0.4924421364920479,2.3565275202578037e-10,other
961,11790.0,12984.0,tumor_core,0.7552278845650809,0.2077071992556254,0.557121069771903,1.131217971422809e-09,tumor_core
962,9820.0,13910.0,other,0.5212294169834681,-0.0514107704162597,-0.2609227166857038,1.2445016556635935e-10,other
963,8243.0,14378.0,other,0.2916707883562361,-0.3859917924801508,-0.3314639500209263,3.524719377792745e-11,other
964,8062.0,16312.0,other,-0.0373077229091098,0.1105408676465352,0.8904669298444475,1.8167657687183886e-09,other
965,14528.0,9551.0,tumor_core,0.728840446472168,0.0445415830612182,-0.1707771219526018,4.559475843800431e-10,tumor_core
966,12167.0,10935.0,tumor_core,0.5646227373395647,0.4952156289418539,0.2203803362165178,1.909699575003327e-09,tumor_core
967,12958.0,10928.0,stroma,0.1672214181082588,0.5517432498931885,1.6255233437674388,1.6204502909774798e-10,stroma
968,8412.0,11081.0,tumor_core,0.7472483389718192,-0.2868719681104024,-0.6080793445450919,2.2177454570596335e-10,tumor_core
969,7649.0,14270.0,other,0.3155779021126883,-0.3168783410390218,-0.4983707812854222,8.139632732445219e-11,other
970,10971.0,9809.0,stroma,-0.1990619495936801,1.2907312138875326,1.9990148980276927,2.165040612208764e-09,stroma
971,12386.0,13320.0,stroma,0.4649127197265624,0.0548491064707438,1.1723152705601283,7.554741823022947e-09,stroma
972,8608.0,10966.0,other,0.4390056555611746,0.0340515136718749,-0.5118997144699097,8.883868535903286e-11,other
973,9584.0,9480.0,immune,0.2737209592546736,0.4729312372207641,0.2143453189304897,8.298760455100185e-11,immune
974,14152.0,11827.0,other,0.3893532780238561,0.0145337978998819,-0.1158587687356131,1.4146253521853992e-10,other
975,8022.0,11767.0,tumor_core,0.7374778856549944,-0.3133257214228312,-0.5100502238954816,2.026583220831076e-10,tumor_core
976,11180.0,11057.0,tumor_core,0.6380406733921595,-0.1471093328793843,-0.3774709286008562,2.360510113820696e-10,tumor_core
977,13564.0,12400.0,stroma,0.4391482380458288,0.2639726877212525,1.329168259756906,5.419498005599955e-10,stroma
978,14725.0,9435.0,other,0.2620146996634347,-0.2391791045665741,-0.433399954523359,1.3206169323578307e-10,other
979,13373.0,13197.0,other,0.2940696879795619,0.0515736254056294,0.3305597087315151,2.529416413553179e-09,other
980,10001.0,11977.0,tumor_core,0.5877175794328963,-0.1822778181234995,-0.1601312364850725,2.6803873058380176e-10,tumor_core
981,14536.0,10460.0,other,0.2931521715436662,-0.0897536023457845,-0.3454079743794033,7.446098044983266e-11,other
982,8028.0,12448.0,tumor_core,0.596576325552804,-0.0118092115720113,-0.5069360283442906,6.825428985341678e-11,tumor_core
983,14141.0,10463.0,other,0.2359073039463587,-0.098071920077006,-0.1130716936928886,1.2768214650036908e-10,other
984,14131.0,9327.0,immune,0.2970816476004464,0.384061807791392,0.3762974057878767,8.11713835170639e-11,immune
985,8799.0,10169.0,other,0.478724534170968,-0.4482184280951817,-0.5002426719665527,2.569550628090069e-10,other
986,8016.0,11085.0,tumor_core,0.5563296726771765,-0.0516064246495564,-0.5092699337005615,2.2803676755888264e-10,tumor_core
987,8821.0,12669.0,tumor_core,0.5783526393345423,-0.1921370164553324,-0.3826739624568394,4.540849863045603e-11,tumor_core
988,13582.0,14446.0,stroma,0.4049831662859235,0.0436959608395894,1.9159359632219588,5.563385901990625e-10,stroma
989,8630.0,13466.0,tumor_core,0.5391978454589844,0.1002397553126017,0.2161566461835589,1.484715653036813e-11,tumor_core
990,8638.0,14375.0,immune,0.2273473167419433,0.2882094454765319,0.3288879884992326,1.6699006121494804e-10,immune
991,8427.0,12900.0,other,0.4161254664829797,-0.1518205563227336,-0.1738663836887904,2.366841383358049e-10,other
992,12163.0,10481.0,immune,0.3969532666887556,0.5448333756128947,0.4052818053109306,7.154836613798881e-10,immune
993,13135.0,8540.0,other,0.2078523445129394,0.1152924998601278,-0.110758615221296,1.285831386162772e-10,other
994,14345.0,11257.0,other,0.4512088993617468,0.1879473797480265,-0.3389385175704956,6.191564813782054e-11,other
995,10198.0,11861.0,stroma,0.2049950763157435,0.0717196385065714,1.274197927202497,6.859604406613097e-10,stroma
996,11404.0,14124.0,stroma,0.1706359345572334,0.1614453903834025,1.769484405517578,9.062389224761351e-10,stroma
997,8044.0,14267.0,other,0.4136705943516321,-0.1994241118431091,-0.2753934860229492,7.309340616884305e-11,other
998,9616.0,13116.0,stroma,0.2683317756652832,0.25064621925354,1.4069716044834684,1.0510419031820008e-10,stroma
999,10238.0,16407.0,interface,0.5408660234723772,0.531212043762207,1.3636323492867604,3.749089487847856e-08,interface
1000,7821.0,11428.0,other,0.4863866533551897,0.0735132646560668,-0.4637343161446707,2.5042596517169773e-11,other
1001,13568.0,12855.0,stroma,0.1539754540579659,0.8081215254465739,1.7803134700230192,3.148581967077502e-09,stroma
1002,13387.0,14788.0,other,0.425417251586914,0.0305731137593586,0.7953017534528459,2.527326908107079e-10,other
1003,9393.0,10277.0,other,0.1624819428580147,0.198822774887085,-0.0900213950020927,1.6802542937647722e-10,other
1004,13366.0,12288.0,other,0.415051770891462,-0.1097382708390554,0.0884066227504185,2.399477688891939e-09,other
1005,13202.0,16267.0,interface,0.1197396087646484,0.4756292446454366,1.00435241154262,9.747835189007962e-09,interface
1006,10993.0,12309.0,other,0.2047005190168107,-0.2124718634287515,-0.0105353464399066,1.6923551919209047e-10,other
1007,11221.0,15830.0,stroma,0.1572917910984584,0.4289045445124309,2.254823651994978,9.49659546940592e-10,stroma
1008,7269.0,16092.0,stroma,-0.3644273812430246,0.6822566318511963,1.821244239807129,3.6290657223905277e-09,stroma
1009,8233.0,13242.0,other,0.32243837084089,-0.0051051886876424,-0.2914407430376325,9.056642901336627e-11,other
1010,8036.0,13358.0,tumor_core,0.5398927307128907,-0.1323686810334523,-0.4455894313539777,6.673803442134993e-11,tumor_core
1011,11007.0,13900.0,other,0.4840227890014649,-0.0597973195711771,-0.1082845933096748,4.1571145654735975e-10,other
1012,11808.0,15029.0,other,0.534245104108538,0.1194382643699646,0.7126623971121652,3.49779820153802e-10,other
1013,13727.0,8421.0,stroma,0.2479580715724401,0.0857930850982665,1.0316585159301757,5.204586189881487e-10,stroma
1014,9828.0,14819.0,other,0.3024628938947404,-0.4334202510118484,-0.374931127003261,6.817180396362131e-11,other
1015,13379.0,13879.0,stroma,0.4017508207048689,0.0821876247723897,2.389949460710798,2.752846523165315e-10,stroma
1016,9423.0,13686.0,other,0.4692850712367468,0.1833833400408426,-0.1671133463723318,8.08463273280168e-11,other
1017,13167.0,12176.0,interface,0.4124625287737166,0.2916022284825643,0.7906660570417131,2.1449554762835226e-08,interface
1018,7452.0,14385.0,other,0.3298830250331335,-0.2661723438898722,-0.5326728844642639,1.493468270948332e-10,other
1019,10611.0,13903.0,stroma,0.0969410078866142,0.6217544301350911,1.582440528869629,3.582606413794778e-09,stroma
1020,12360.0,10365.0,stroma,0.2080072975158691,0.7819128163655599,1.3167243576049803,2.260070746209744e-09,stroma
1021,7666.0,16315.0,stroma,-0.3715673106057303,0.3851474014918009,2.720319268362863,1.4303474996274963e-09,stroma
1022,12763.0,11271.0,other,0.2453952162606375,0.2336855475107828,-0.0834835542951312,5.3654958974620797e-11,other
1023,12404.0,15365.0,interface,0.293793443952288,0.2595264681180318,0.8136006655011858,3.2407807805094103e-09,interface
1024,7460.0,15294.0,stroma,0.1214090074811663,0.619354108174642,1.274415501185826,1.5826313223785784e-09,stroma
1025,13377.0,13652.0,stroma,-0.0145436123439243,0.2979925576845804,2.1737112317766463,2.941765250201905e-10,stroma
1026,11198.0,13103.0,interface,0.600256244114467,0.3012561400731405,0.8385029438563757,8.342171504259943e-08,interface
1027,8801.0,10396.0,other,0.4285625675746374,-0.3436519515514373,-0.5193073769978115,1.8819055945994739e-10,other
1028,10224.0,14816.0,other,0.4156568309238978,-0.2676618123054504,-0.2062147099631173,2.7221294847226548e-11,other
1029,11025.0,15945.0,other,0.4715548869541712,-0.2034033668041229,-0.1970771762302944,2.833440306509015e-10,other
1030,8849.0,15851.0,other,0.2147762843540736,0.2362097485860188,0.2829053960527692,4.31379364705988e-10,other
1031,10005.0,12431.0,immune,0.4486629595075334,0.3423957935969035,0.3817308725629533,3.93357852489457e-10,immune
1032,12181.0,12526.0,stroma,0.4089567947387695,0.3886182498931885,2.563043131147112,1.652773682815943e-09,stroma
1033,14918.0,8866.0,other,0.3143703515189034,0.1077971871693929,-0.4792500025885445,2.984676075514839e-11,other
1034,9842.0,16410.0,immune,0.5180534035818917,0.4340669274330139,0.359784436907087,8.04716830677283e-10,immune
1035,10432.0,16064.0,stroma,0.5021829441615514,0.4118048731486002,1.2436667142595563,7.311354000989968e-10,stroma
1036,12998.0,15473.0,stroma,-0.0067188998631069,-0.1861526910463968,1.7243968091692246,1.7190577456278167e-09,stroma
1037,9644.0,16298.0,other,0.3387672969273158,0.1396175050735473,0.5880475180489677,2.553212177911831e-10,other
1038,15712.0,9313.0,other,0.4646193477085657,-0.2690931379795074,-0.4610849530356271,1.5564295444136598e-10,other
1039,15120.0,9432.0,other,0.2728084673200334,0.0242717305819193,-0.2247212736947195,1.744279430494576e-10,other
1040,8610.0,11193.0,tumor_core,0.7477964074271065,-0.294563215970993,-0.4130082975115095,2.5785813210011363e-11,tumor_core
1041,10810.0,14015.0,stroma,0.382895028250558,0.0791263071695963,1.554210946219308,3.74143191420988e-10,stroma
1042,9838.0,15956.0,stroma,0.2824940163748605,-0.1091323081652323,1.056265547616141,2.1935453898562124e-10,stroma
1043,10399.0,12201.0,immune,0.415478913443429,0.3252668221791585,0.3103828511919293,1.5847025882431164e-10,immune
1044,13542.0,9900.0,other,0.3861153084891182,0.1642007795969645,-0.2967479637690953,1.8049263612184576e-10,other
1045,13197.0,15585.0,other,0.2263886451721191,-0.4962624570727348,0.3426876940046037,6.409467418849714e-09,other
1046,11368.0,10033.0,other,0.3025926099504744,-0.0367435137430827,0.5452190835135323,7.056900829400913e-09,other
1047,10989.0,11854.0,tumor_core,0.6758051845005579,-0.1780346512794495,-0.3138849176679338,5.331808393006664e-11,tumor_core
1048,12964.0,11610.0,stroma,0.216596905844552,0.3174212718009949,1.4849853243146622,8.795987241618575e-12,stroma
1049,7656.0,15179.0,immune,0.1326038060869488,0.5974986823399862,0.4435446657453263,3.5872287690674998e-09,immune
1050,10413.0,13791.0,other,0.1984316962105887,-0.0329645641644795,-0.2057329954419817,6.380732259754343e-10,other
1051,11615.0,15599.0,other,0.489133676801409,-0.1865409215291341,0.1530360194614956,3.363191545973322e-09,other
1052,14737.0,10799.0,other,0.4899442509242467,0.0370424143473306,0.1945596395220075,1.3295540283184236e-10,other
1053,8221.0,11879.0,tumor_core,0.5571785463605607,-0.326513158082962,-0.5895897739274162,2.0720993449747917e-11,tumor_core
1054,11579.0,11508.0,tumor_core,0.6296247591291154,-0.4214019304513932,-0.2446485751015799,2.50888376517981e-10,tumor_core
1055,9612.0,12662.0,other,0.3570781326293946,-0.2105282163619994,-0.3637838976723807,1.223699205352683e-09,other
1056,10415.0,14019.0,other,0.4429946190970284,0.138196096420288,0.267089614868164,5.189726996266118e-10,other
1057,9600.0,11298.0,other,0.4896498598371233,-0.3958422148227691,-0.3425073759896415,2.8485845955416755e-11,other
1058,10419.0,14473.0,immune,0.1649110249110631,0.4243429239590962,0.5374832916259765,2.8078852827063013e-10,immune
1059,10421.0,14700.0,immune,0.289846567426409,0.34175812403361,0.3244298090253557,4.9573381227083893e-11,immune
1060,10615.0,14358.0,stroma,0.3685237939017159,0.0242806696891784,1.296884983607701,8.9312566225883e-11,stroma
1061,12757.0,10589.0,other,0.3554974637712752,0.0512957111994425,0.4015161623273576,2.50214974862025e-10,other
1062,10631.0,16176.0,tumor_core,0.5899835913521904,0.3196008586883545,0.2636016736711774,4.561473840481283e-10,tumor_core
1063,14357.0,12621.0,stroma,0.3296411105564661,0.4706516520182291,1.3295523507254463,3.7691850470094245e-10,stroma
1064,13340.0,9334.0,other,0.4789134379795619,-0.312437891960144,-0.3255921145847865,4.997571445632916e-10,other
1065,13401.0,16379.0,stroma,-0.1207235636029925,0.1449661564826965,1.6962339455740794,1.1916634225651262e-08,stroma
1066,11017.0,15036.0,other,0.3966039821079798,0.2049830182393391,0.1702625274658202,5.5521204760721726e-11,other
1067,11182.0,11285.0,tumor_core,0.6682373918805803,-0.1839129360516865,-0.2908181449345179,1.950763620121136e-11,tumor_core
1068,13964.0,12851.0,other,0.2929580198015485,-0.2287619423866271,-0.0781097194126674,1.2789990292253752e-09,other
1069,11979.0,11959.0,stroma,-0.0838901765005928,1.0881243642171223,1.5916774640764508,9.399134091750015e-10,stroma
1070,10591.0,11631.0,tumor_core,0.5994838006155832,-0.2470431725184122,-0.3236473233359201,2.0450269756090015e-10,tumor_core
1071,12590.0,14113.0,other,0.4516159984043665,-0.0751550491650899,0.0713740839276995,6.570740199750356e-10,other
1072,13342.0,9561.0,other,0.5041274806431361,-0.1651494002342224,0.1376006971086774,1.1084298404804939e-10,other
1073,14717.0,8526.0,other,0.4707037843976701,-0.1195119615395864,-0.2345942292894635,5.706039368928877e-10,other
1074,14325.0,8984.0,other,0.4270164326259069,-0.2493273079395294,-0.5041961411067417,9.772762516342115e-11,other
1075,9809.0,12547.0,other,0.3628686141967773,-0.0639558585484822,0.2194358934674944,1.7536352714342658e-10,other
1076,13580.0,14218.0,other,0.5367796325683594,-0.4771813970804214,0.8452461624145508,2.8469603080165915e-10,other
1077,7825.0,11882.0,other,0.4949951498849051,-0.1627422706286112,-0.5629433178901673,1.8902006240658307e-11,other
1078,10774.0,9924.0,stroma,-0.1880761228288923,0.7363207896550497,2.3178914097377232,7.213884019601943e-10,stroma
1079,9783.0,9592.0,other,0.1245720645359584,-0.0580407778422037,0.7208429718017578,8.188642862398723e-11,other
1080,13193.0,15131.0,other,0.2360057422092981,-0.4235969688495,0.5831954193115234,3.8702135344344137e-10,other
1081,11810.0,15256.0,stroma,-0.0012228993007115,0.3286957494417826,2.041686150687082,5.74856478003181e-10,stroma
1082,12960.0,11155.0,other,0.3152586092267717,0.0157279388109843,-0.000444722856794,2.4773973572906383e-10,other
1083,12161.0,10253.0,immune,0.3805547986711775,0.519175124168396,0.2542625427246093,2.094662847083679e-09,immune
1084,10425.0,15155.0,other,0.5114850507463728,0.0190598781903584,-0.1814016914367675,1.3529013590881746e-10,other
1085,13006.0,16382.0,stroma,0.40652403150286,-0.0807939473787943,1.7354107883998324,4.1655672082959037e-10,stroma
1086,5620.0,8378.0,tumor_core,0.7430554144723075,-0.1811014048258463,-0.1516745853424072,4.98150268279082e-10,tumor_core
1087,15516.0,9429.0,other,0.5080061667306083,-0.213445754845937,-0.4071097564697266,2.6895909063349415e-10,other
1088,10228.0,15270.0,tumor_core,0.7219181769234794,-0.2197302055358886,0.580244849068778,3.869690896343277e-10,tumor_core
1089,10232.0,15725.0,stroma,0.521049177987235,0.4509700679779053,1.201633469717843,7.742067071919918e-11,stroma
1090,9419.0,13232.0,tumor_core,0.5635867745535714,0.0779961268107096,-0.2742197799682617,4.0994286593393074e-11,tumor_core
1091,13987.0,15578.0,other,0.0925814437866211,-0.3896811707814535,0.5641647229875838,1.3798258947445256e-10,other
1092,9236.0,14938.0,tumor_core,0.7410190745762415,-0.2435147241751353,-0.5084426076071603,6.517418039802834e-11,tumor_core
1093,9588.0,9935.0,other,0.230290080479213,0.0482206916809082,0.1807810429164341,3.1650554514804635e-11,other
1094,9020.0,12781.0,tumor_core,0.6371535001482282,-0.2042494217554727,-0.4027894060952322,2.911858703170023e-11,tumor_core
1095,8046.0,14494.0,other,0.3043169512067522,-0.3342865614096323,-0.3756525802612305,2.689026954820243e-10,other
1096,8825.0,13123.0,tumor_core,0.5888945007324219,-0.0250550524393717,-0.3392260265350342,4.279487580611278e-11,tumor_core
1097,13735.0,9330.0,stroma,0.162167797088623,0.6973961973190308,1.3032994188581193,1.1755616614056787e-09,stroma
1098,12809.0,16498.0,tumor_core,0.569771499633789,-0.2471048680941263,0.5290358516148157,1.5287978473181387e-09,tumor_core
1099,9232.0,14483.0,other,0.4345214189801897,-0.3598990080753962,-0.4574361637660434,2.9288213725691186e-11,other
1100,14935.0,10911.0,other,0.2882899584089006,0.1768952536582947,-0.1454100826808384,1.3481666104711107e-10,other
1101,10436.0,16519.0,interface,0.577268055507115,0.3716507466634114,1.1633871732439314,1.4495719213470124e-08,interface
1102,11621.0,16281.0,tumor_core,0.5338037327357702,-0.0963369087378184,-0.0228349958147321,7.195168599783019e-11,tumor_core
1103,8241.0,14151.0,other,0.2261550358363561,-0.4175775051116943,-0.4265607479640415,2.0632070207040622e-11,other
1104,9206.0,11529.0,other,0.5083141326904297,-0.025991674264272,-0.268901732308524,5.1057421728826686e-11,other
1105,11760.0,9575.0,stroma,-0.0564279420035225,0.5383699385325114,1.5954922376360212,8.551489759190461e-10,stroma
1106,8614.0,11648.0,tumor_core,0.6554986027308873,-0.2612315122286478,-0.4883743667602539,2.2494569296565503e-11,tumor_core
1107,9246.0,16074.0,other,0.4438083594185965,0.1838829882939656,0.8099917112077986,5.79081462919732e-10,other
1108,11202.0,13557.0,immune,0.3723058537074498,0.4292172845204671,0.0059435762677874,5.123087017682995e-09,immune
1109,8020.0,11539.0,other,0.5281786346435546,-0.3755575321118036,-0.4607909079960415,2.2709602299528123e-10,other
1110,13773.0,13648.0,stroma,-0.004200085231236,0.0499595419565837,1.9724585396902905,5.051950667937871e-10,stroma
1111,8827.0,13351.0,tumor_core,0.6801889910016741,-0.1772634621461232,0.0235280663626534,3.8813168863152125e-11,tumor_core
1112,13938.0,9897.0,other,0.3229898452758789,-0.1980991609891256,-0.2293040221078054,7.882984232867374e-11,other
1113,8839.0,14714.0,other,0.1570147160121373,-0.3029950364430746,-0.4025314235687256,2.7232105852360835e-10,other
1114,10603.0,12994.0,other,0.1944079426356725,-0.2266527422269185,-0.1985594912937709,3.532086035474296e-09,other
1115,10778.0,10379.0,stroma,-0.6547028579030718,0.7784668684005738,1.997635803222656,3.734433674325768e-09,stroma
1116,14148.0,11372.0,stroma,0.375081285749163,0.1548827950159708,1.0610429109845845,8.352557634028375e-11,stroma
1117,12018.0,16505.0,tumor_core,0.5927492686680385,-0.2841200065612793,0.4219236019679478,6.76669913718185e-10,tumor_core
1118,8247.0,14833.0,stroma,0.164669314793178,1.4058373689651489,1.5210423115321563,7.541602518614498e-09,stroma
1119,13562.0,12173.0,other,0.4706560243879045,-0.0333877825736999,-0.1375817762102399,5.47643723387889e-10,other
1120,8829.0,13578.0,tumor_core,0.7123630578177316,-0.0398881045977274,-0.5406994938850402,1.4534794109085508e-10,tumor_core
1121,12396.0,14456.0,stroma,0.3808833095005579,0.1053313700358072,2.051663088117327,5.396054669146105e-10,stroma
1122,7454.0,14613.0,other,0.1973824146815709,-0.1631001536051431,-0.5196848051888603,7.971078546309989e-11,other
1123,11219.0,15603.0,tumor_core,0.5378463418143136,0.0563503352801004,0.5365184892926896,5.1816279780250526e-11,tumor_core
1124,10176.0,9361.0,stroma,0.158083564213344,0.1603501733144124,1.3742249189104352,9.45883779502921e-10,stroma
1125,9592.0,10389.0,other,0.4337776402064733,-0.1513573920726776,-0.0609773799351284,2.7652129261706427e-10,other
1126,10025.0,14704.0,other,0.3989252362932478,-0.2518939650058747,-0.3804677540915352,2.4760709008561913e-11,other
1127,7464.0,15749.0,stroma,-0.4360234529631478,0.8639346154530843,2.4985913249424527,1.645348404851777e-09,stroma
1128,3501.0,14874.0,other,-0.0135066590990338,-0.056588695247968,-0.2167695992333548,5.802546356571651e-11,other
1129,11577.0,11281.0,tumor_core,0.6266192626953125,-0.2782301437854767,-0.2164870888846261,1.7320950473687396e-10,tumor_core
1130,11973.0,11278.0,tumor_core,0.5823737444196428,-0.17681667526563,-0.1276969473702567,3.2373374085310263e-10,tumor_core
1131,11215.0,15148.0,stroma,0.3418727384294783,0.6091830492019653,2.5168037196568083,5.728879621408739e-10,stroma
1132,11164.0,9239.0,stroma,-0.1911976282937186,0.1998847874005636,1.4673527690342496,8.565930607810549e-10,stroma
1133,12765.0,11498.0,immune,0.1085857881818498,0.3842523829142252,0.4469610105242049,8.888967018675093e-11,immune
1134,9037.0,14826.0,other,0.4629946790422713,-0.3697482502460479,-0.4517609432765416,3.627210090851044e-11,other
1135,14135.0,9781.0,other,0.5046863174438476,-0.3233432052532832,-0.0615331486293247,7.830338043969652e-11,other
1136,13393.0,15470.0,other,0.4956223733084541,-0.4555605667829513,0.8892380905151367,2.0035323296059147e-10,other
1137,13751.0,11149.0,other,0.3275855881827217,-0.1957205279668172,0.1328901835850306,8.550088130938577e-09,other
1138,12970.0,12292.0,tumor_core,0.5938760593959265,-0.1168794306119282,0.2695836939130511,6.634966444439529e-09,tumor_core
1139,15317.0,9317.0,tumor_core,0.5600649424961635,0.0526045568784078,-0.5460707943780082,2.2267822375416868e-10,tumor_core
1140,7837.0,13246.0,tumor_core,0.5693131964547293,0.018736248811086,-0.4866011435644967,1.5078227012846583e-10,tumor_core
1141,13950.0,11260.0,other,0.1323659242902484,0.014754273891449,0.6036434773036413,1.396753197275206e-09,other
1142,11752.0,8666.0,stroma,-0.3690582929338727,0.7497891155878703,1.6221500342232835,1.6225043266282324e-10,stroma
1143,8640.0,14602.0,stroma,0.2449715151105608,0.6794189055760701,1.411747627258301,3.885515431980621e-10,stroma
1144,11384.0,11851.0,tumor_core,0.6157703290666854,-0.0364455199241637,-0.2488624967847552,4.2581859373497406e-10,tumor_core
1145,12382.0,12865.0,interface,0.5366572080339704,0.1561387832959493,1.1922268295288083,9.210775623521787e-09,interface
1146,8056.0,15630.0,stroma,0.0729869215829032,0.6062545013427735,1.8807646070207868,6.319344454468295e-11,stroma
1147,8410.0,10854.0,other,0.471911517551967,-0.2518205142021179,-0.5540878980500358,1.1482805315993215e-10,other
1148,11613.0,15372.0,stroma,0.3308911732264928,0.0786891603469848,2.4646640123639787,5.934249386319266e-10,stroma
1149,10800.0,12879.0,other,-0.0107912172589983,-0.2200382936000824,-0.1771923882620675,7.346223263789767e-10,other
1150,11984.0,12641.0,stroma,0.5134656851632254,0.1451689751942952,2.070707473754883,1.3267005771318555e-09,stroma
1151,10593.0,11858.0,tumor_core,0.718761934552874,-0.0807953870296478,-0.3696399756840297,5.168114501088189e-10,tumor_core
1152,10794.0,12197.0,other,0.3229696055821008,0.0700828711191813,-0.2587008421761649,5.143168024130096e-11,other
1153,11589.0,12645.0,other,0.7615286091395788,-0.1635957833131154,0.7649307850428991,1.102349533703224e-08,other
1154,7438.0,12795.0,other,0.3895490128653389,0.0629293986161549,-0.3378711230414254,8.547534930368991e-11,other
1155,10578.0,10040.0,stroma,-0.0479843112400599,0.4772263463338216,2.0862271554129466,1.1264671752222703e-09,stroma
1156,10204.0,12543.0,stroma,0.4217909458705358,0.3921670198440551,1.349391087123326,7.931071578088158e-10,stroma
1157,12785.0,13771.0,tumor_core,0.7046484756469726,-0.3511560736099879,-0.1261660698481967,1.318585941792045e-09,tumor_core
1158,9216.0,12665.0,tumor_core,0.6413537052699498,-0.2864181625843048,-0.3731308719090053,2.283119809922853e-11,tumor_core
1159,12567.0,11386.0,stroma,0.0838114820207868,0.9932289028167725,1.4513065283639088,7.83422932798522e-10,stroma
1160,12175.0,11844.0,stroma,-0.2110181072780064,0.4316525967915853,1.827901077270508,1.5731095686394311e-09,stroma
1161,11994.0,13778.0,interface,0.5891976928710938,0.2189470020929972,0.816419563293457,6.456229832337218e-09,interface
1162,10210.0,13225.0,other,0.2887014034816197,-0.0258035373687743,-0.201114958354405,2.0661782829469755e-09,other
1163,11571.0,10599.0,stroma,0.2650861440386092,0.135554130077362,1.6122187478201733,1.182467503060102e-09,stroma
1164,11575.0,11054.0,tumor_core,0.6340184674944197,0.1132020743687948,-0.0991119384765625,2.8981862932408475e-10,tumor_core
1165,12589.0,13886.0,other,0.5049121747698103,-0.2992362944285075,-0.1566626330784388,5.17009413993826e-10,other
1166,11196.0,12875.0,other,-0.0363925443376813,-0.0411975971857706,0.3874940899440221,6.744349817612073e-10,other
1167,8998.0,10281.0,other,0.5159101922171456,-0.1933719984690348,-0.1612112590244838,1.7224614907125848e-10,other
1168,12215.0,16389.0,tumor_core,0.6558085741315569,-0.2932947738965352,0.1265089607238769,3.2934635475731555e-10,tumor_core
1169,12606.0,15931.0,stroma,0.3880584226335798,-0.0235666187604268,1.8010094778878347,7.77342940555285e-10,stroma
1170,10621.0,15040.0,other,0.3790621130807059,0.2471164989471435,-0.4037069245747158,9.344298335702436e-11,other
1171,13993.0,16260.0,other,0.3841993876865931,-0.1635393114884694,0.9116268375941686,2.350857412263737e-10,other
1172,11990.0,13323.0,tumor_core,0.5367491531372071,-0.1538857984542846,-0.3047635473523821,1.51016365529002e-09,tumor_core
1173,13145.0,9676.0,stroma,0.0453415352957589,0.3164034032821655,1.5116421018327986,3.174859466379756e-10,stroma
1174,12157.0,9799.0,stroma,-0.0958054242815289,0.3526950804392497,1.1945619637625555,1.8497048733169526e-09,stroma
1175,13558.0,11718.0,other,0.5173184640066963,0.2578166055679322,0.3944806943620955,4.03885900546515e-09,other
1176,13966.0,13079.0,other,0.1933797863551549,-0.0012340315183003,0.539585440499442,8.033521874586925e-10,other
1177,11003.0,13445.0,stroma,0.3304104123796736,0.4252920913696288,1.488644659859793,6.593914550916974e-09,stroma
