node_id,x,y,region,tumor_score,immune_score,stroma_score,coexact_energy,region_original
0,15295.0,7196.0,other,0.2445675550188337,-0.0451271191089847,0.2443769807897844,1.1747516201960911e-11,other
1,9260.0,7633.0,other,0.1580004692077636,-0.0700152215351627,-0.075675278130565,6.183871657240874e-10,other
2,15490.0,8699.0,stroma,0.649272357395717,0.0102914628326693,0.8925689494278378,4.626828048664763e-11,stroma
3,11266.0,9029.0,tumor_core,0.7011870683942522,-0.070843769953801,0.0693068216311051,1.5669183343361854e-11,tumor_core
4,11077.0,5907.0,interface,0.2834543773106166,0.0963561926597735,0.68293210026859,6.5827912955567255e-09,interface
5,10676.0,5674.0,stroma,0.6229462378365653,-0.0511346262035561,1.3487436435366638,9.144536689245783e-12,stroma
6,11669.0,8799.0,interface,0.7298028073992049,-0.05916855725955,1.097190493933878,3.962541025139276e-10,interface
7,12880.0,7648.0,other,0.3441738346644811,-0.0587453363731154,0.3829168468742334,5.463369082987713e-10,other
8,7457.0,5892.0,other,0.4345100130353654,-0.0575460925150077,0.7048480609005044,2.765205276019078e-10,other
9,12485.0,6028.0,other,0.4777652413504464,-0.0620665534284202,0.1294673561249804,2.1960717904482697e-11,other
10,7661.0,5315.0,stroma,0.235299344744001,-0.0425919976122801,0.9521924290423882,7.775211116013977e-12,stroma
11,15080.0,10778.0,stroma,0.3109126281738281,-0.0465172604972303,0.7582133056333401,1.3624980249535824e-10,stroma
12,10274.0,5673.0,other,0.6424690791538783,-0.0372740767871257,0.2117227054168028,3.0194666210420925e-11,other
13,11479.0,6140.0,tumor_core,0.715524183000837,-0.0286036079942582,0.0560979820280724,3.3048480736543647e-10,tumor_core
14,14692.0,7309.0,tumor_core,0.7997244589669364,-0.062411611295464,0.3375634945936193,1.0813452334116591e-11,tumor_core
15,13076.0,8920.0,other,0.5887843486240931,-0.0358483640221648,0.2730494519322396,6.092930093832944e-11,other
16,5446.0,6116.0,other,0.3468514033726282,-0.0460319487147506,0.2607902707898148,2.6782401861552368e-12,other
17,12877.0,8342.0,other,0.5724458530970983,-0.0691042871379533,0.7204886122837962,7.280591181225598e-12,other
18,7047.0,7971.0,stroma,0.3479109954833984,0.0969760285372718,1.413763655226388,8.420164118920611e-10,stroma
19,6256.0,4732.0,other,-0.4146946334838867,0.2179784153815496,0.4359321991983562,1.428090607745657e-09,other
20,13088.0,5915.0,tumor_core,0.8368544878278459,-0.0334743863364127,0.3126004165108114,3.148771320413809e-11,tumor_core
21,12283.0,6143.0,tumor_core,0.8344542149135046,-0.0552433868714399,0.1501652524661012,3.463562554174654e-11,tumor_core
22,9459.0,8212.0,stroma,0.0344035829816545,-0.0209622686124565,0.8229702778539173,1.415649908865409e-09,stroma
23,13274.0,9730.0,stroma,0.6109791346958704,-0.0146335081561752,1.326798581665566,2.0404593245164463e-11,stroma
24,9267.0,6015.0,stroma,-0.0064242608206612,-0.053297262925368,1.1226537481364671,1.3445038800310232e-10,stroma
25,14276.0,10543.0,stroma,-0.0273693575177874,-0.032367537252879,1.5741731693052037,6.251577649715543e-10,stroma
26,9259.0,7865.0,stroma,0.3638134683881487,-0.0510163227451286,0.9899573504410448,5.363441472862996e-09,stroma
27,9462.0,7519.0,tumor_core,0.8100882284981864,-0.0614670973557692,-0.0829250778242131,1.788307420392004e-10,tumor_core
28,7456.0,6355.0,other,0.4344962583269393,-0.0621051150420836,-0.2540895913728474,2.7634100388950884e-11,other
29,14084.0,8346.0,interface,0.3190035520281111,0.0111428727722885,0.6108409629229274,5.567476521066524e-10,interface
30,12876.0,8804.0,interface,0.7311948885236467,0.0766775713218095,1.174912147302527,2.1561694435093204e-09,interface
31,15693.0,8353.0,tumor_core,0.7424804251534598,-0.0537644580853822,0.3582350601971663,1.028747196295554e-10,tumor_core
32,12272.0,8917.0,other,0.5298400333949499,-0.0892960793995936,0.0776451957534395,1.7403285459328204e-11,other
33,9258.0,8327.0,stroma,0.1062884140014648,-0.0317442201850406,1.0163098350810182,3.446404950830699e-09,stroma
34,13686.0,7420.0,other,0.6334457560947963,-0.0700349967216568,0.2573487930078406,2.0374018795604333e-11,other
35,7655.0,6702.0,other,0.5648992374965124,-0.076113576474397,-0.0288055416264447,5.649975603475612e-11,other
36,7457.0,6124.0,other,0.5934862082345146,-0.0544669173632975,0.5974192825054047,9.932040391636456e-11,other
37,7250.0,7394.0,stroma,0.3485051018851144,0.0078402883980585,0.7383114274373334,5.3348634444518565e-11,stroma
38,11076.0,6138.0,other,-0.0141413279942104,-0.0466309997150331,0.6672238608677572,2.088427734471815e-09,other
39,12680.0,7532.0,other,0.6281758880615235,-0.0434682297467388,0.3660108812246204,1.6463066793386818e-10,other
40,13687.0,6958.0,tumor_core,0.772833355494908,-0.0700700243181209,0.414856326888643,2.5502306125439335e-12,tumor_core
41,5853.0,4730.0,other,0.1394202041625976,-0.0243625688712333,0.1150449689259808,1.1825463626964162e-10,other
42,15893.0,8701.0,tumor_core,0.6684701374598913,-0.0288843705527559,0.327251955509643,1.3327051407721304e-10,tumor_core
43,11878.0,6835.0,tumor_core,0.6981903076171875,-0.0288924628675582,0.6362500405608751,5.3702306178395134e-11,tumor_core
44,13674.0,10194.0,interface,0.4760865293230329,-0.000450968244004,0.7117186104691269,1.7894784190261223e-09,interface
45,7662.0,5084.0,other,0.240020751953125,-0.0590072682868676,0.3077118435619204,4.344968701948781e-12,other
46,10065.0,7637.0,stroma,0.2981191771371024,0.537753057320381,1.2957605497263307,2.631767403899815e-09,stroma
47,8663.0,6129.0,stroma,0.5020706558227539,0.1009931100351754,2.3679574178254956,1.0160664271093543e-10,stroma
48,11070.0,7756.0,other,0.034634301321847,-0.0421226080444744,0.6749343798921755,1.0165383626579258e-10,other
49,6854.0,6006.0,other,0.4521707098824638,-0.0797682861021928,0.2431097519820626,6.55373188339246e-12,other
50,7260.0,5083.0,stroma,0.2906193487984794,-0.0433879233522957,0.8192247900958258,7.191486019236194e-12,stroma
51,6051.0,5540.0,stroma,0.5619207382202148,-0.0670965124532131,0.7840990777898039,2.4932898275936063e-11,stroma
52,13880.0,9155.0,tumor_core,0.8777687617710658,-0.0278985967056009,0.2757068384413751,9.160704974479887e-12,tumor_core
53,12471.0,9496.0,other,0.341018785749163,-0.0458453762092717,0.6641104433931989,3.6715809622086124e-11,other
54,6853.0,6237.0,tumor_core,0.7180892617361886,-0.065245956880193,0.5277714381853434,6.139057305653106e-12,tumor_core
55,15493.0,8005.0,other,0.5713759340558733,-0.0453472169346634,0.3146151888290507,4.474558485117409e-11,other
56,12068.0,9494.0,stroma,0.4795599528721399,-0.0698543408243951,0.7888617437843624,9.5783115622522e-12,stroma
57,11273.0,7179.0,other,0.4662908281598772,-0.0866683526182653,-0.0685243775723421,3.1816578789028634e-11,other
58,12278.0,7299.0,other,0.580361725943429,-0.0637528154762293,-0.1129718862352526,1.3639491875725608e-10,other
59,11073.0,7063.0,other,0.4431824384416853,-0.0599105413940838,0.0596171239192739,4.087764564602213e-11,other
60,12074.0,8107.0,other,0.2930009678431921,-0.0606984294776533,-0.1208577887552468,1.814283763552304e-12,other
61,14493.0,6730.0,other,0.5089138466971261,0.0153253781655959,0.4366532510444736,4.6154295433637734e-11,other
62,11069.0,7988.0,stroma,0.2781547437395368,-0.0766101951981866,2.0793559183210335,1.9672030584306016e-10,stroma
63,7854.0,7281.0,other,0.5771444920131139,-0.0591783172709487,0.1356146703630485,3.8044369630818695e-11,other
64,11075.0,6369.0,immune,0.491471061706543,0.0708627405772639,-0.1085841091115774,4.67979378555958e-11,immune
65,12884.0,6724.0,tumor_core,0.6953805487496513,-0.0644028705099354,0.5197162363010308,2.0113697653217855e-11,tumor_core
66,13272.0,10192.0,stroma,0.1269160679408482,0.2343539752091054,1.4021293022031407,1.0216815152548434e-10,stroma
67,11272.0,7410.0,other,0.4703691591535295,-0.0612516945421097,-0.1268419487935813,4.949037992882831e-11,other
68,12470.0,9727.0,stroma,0.237208513532366,0.1412862698768692,1.4107835637985917,7.438339165819601e-11,stroma
69,13483.0,7766.0,stroma,0.5451178904942103,-0.0548330836471506,1.1638469330302137,2.9555687917182623e-11,stroma
70,11873.0,7991.0,other,0.4924059350149972,-0.0731140761869807,-0.0663511869662788,1.2392392236215882e-11,other
71,11882.0,5910.0,immune,0.2951280130658831,0.1244649987256646,-0.4171264527056613,2.3195938241657455e-10,immune
72,8258.0,6820.0,stroma,-0.0158842522757394,0.0779224329668542,0.7990541394124895,4.6259841278193536e-10,stroma
73,13678.0,9269.0,tumor_core,0.6789402444022042,0.0385843466057825,0.1552066318369324,3.9509693845741174e-11,tumor_core
74,9874.0,5209.0,interface,0.0251274980817522,0.158272503560602,0.6217433603932279,7.886858140382381e-10,interface
75,13874.0,10542.0,stroma,0.2800103950500489,0.0257799365000182,1.6337559444906615,2.276804520025352e-10,stroma
76,11877.0,7066.0,immune,0.1950744901384625,0.0640923675386403,0.0070163351005927,1.1516711301221983e-10,immune
77,14483.0,9042.0,other,0.4574331065586634,-0.0486727079818878,0.5397522346628248,2.202741318072488e-12,other
78,9468.0,6132.0,interface,0.1805837059020996,0.0426418822395761,0.6416302824523281,1.0284698258805524e-09,interface
79,12478.0,7646.0,other,0.3977052852085657,0.1276882298814014,0.4007628130889921,1.621320780053153e-09,other
80,11481.0,5446.0,other,0.470951816013881,-0.0456814303445975,0.4224117517699903,1.3937170185846735e-10,other
81,15887.0,10087.0,other,-0.1038357979910713,-0.0416332423487634,0.5901518663532553,1.0364002517045379e-10,other
82,7864.0,4738.0,stroma,0.2112696838378905,-0.0338421601515549,0.8064848825778393,4.383977300298397e-12,stroma
83,6647.0,7507.0,other,0.4069680622645788,-0.0758493608455594,0.4939674425902326,2.4007133815674373e-12,other
84,9472.0,4976.0,other,0.3833274895804268,-0.0737256078815779,0.5976566687754908,1.893787544710418e-11,other
85,10865.0,8565.0,other,0.3087129238673618,-0.0451646760155923,0.4965462506331738,4.5823993256434015e-10,other
86,12066.0,9956.0,stroma,0.0998199054173061,0.1632513610714654,1.827810505092544,9.835371380466462e-11,stroma
87,7863.0,5201.0,tumor_core,0.7787788936070033,-0.0317392062184005,0.2288925942615717,3.557468804677858e-11,tumor_core
88,14487.0,8117.0,stroma,0.6385692378452845,-0.0709294092695051,0.9518451708960968,5.790208187136025e-12,stroma
89,13685.0,7651.0,other,0.6145729500906808,-0.0666467928168765,0.4381557397851551,1.4114236352034775e-11,other
90,12670.0,9843.0,stroma,0.3325872203281946,0.0649326894693948,1.7357121089960903,7.827347967427641e-11,stroma
91,12075.0,7876.0,other,0.5562146377563476,-0.0588330807893172,0.254980429249779,4.276756771834075e-12,other
92,16296.0,8471.0,other,0.4356543023245675,-0.0518187711071409,0.341303465121773,1.3301779575596605e-10,other
93,10475.0,5558.0,other,0.5506554085867745,-0.0480335675753079,0.4768780436748968,1.5823487151069016e-12,other
94,10462.0,8794.0,other,0.4923764147077287,-0.0564223133201981,0.3902751661101329,3.825805157793882e-11,other
95,16486.0,11130.0,stroma,0.4435263170514788,0.3694030209927256,2.588396942855528,1.2416849093402434e-10,stroma
96,14277.0,10312.0,stroma,0.210355622427804,0.2948405255242733,1.7750219233541225,4.2101465221568364e-09,stroma
97,14291.0,6845.0,stroma,0.5185082789829798,0.0146232210722655,0.7536035630984138,2.1536983297626514e-12,stroma
98,8669.0,4742.0,stroma,0.4100069699968611,-0.0370687210440237,1.1542815851228003,1.0765521481886991e-12,stroma
99,13680.0,8807.0,other,0.4616759327479772,-0.0641150586182457,0.1064906769493739,1.5498961902214e-11,other
100,11871.0,8684.0,stroma,0.4662361689976282,-0.0694207475336897,0.946011236964342,1.8581664829571284e-11,stroma
101,9461.0,7750.0,other,0.135537507193429,-0.0777269892867991,0.7294488680099824,8.828890548874393e-10,other
102,10668.0,7755.0,stroma,0.1689761516026088,0.0686598477953652,1.1932174457685374,4.409731224789475e-11,stroma
103,11676.0,7181.0,other,0.5549453353881836,-0.0463313259009932,0.5079494793600227,2.4860010768570625e-11,other
104,8254.0,7745.0,other,0.4248390742710657,-0.0683913278739189,0.3888572544745265,4.89955736854363e-10,other
105,13885.0,7768.0,tumor_core,0.6586660385131836,-0.0685007293088779,0.1462958012194098,2.4347431755683397e-12,tumor_core
106,9467.0,6363.0,other,0.0661718368530273,-0.0705237117499412,0.5292998891777412,2.2766326190149848e-10,other
107,11478.0,6371.0,tumor_core,0.6939656121390206,-0.0311858071930033,0.207678254933051,1.0341477745514412e-10,tumor_core
108,12479.0,7415.0,interface,0.6709020778111048,0.0352289823684405,0.9872459510371644,1.5876997129364175e-09,interface
109,14492.0,6961.0,stroma,0.465653909955706,-0.065876128282834,0.953682667228428,5.169608894112355e-12,stroma
110,10665.0,8448.0,interface,0.64914794921875,0.0182134126341063,0.6469739080046876,1.381698768986486e-09,interface
111,8670.0,4510.0,stroma,0.5386202239990234,-0.0313681854452177,0.784602400669087,3.4624178256712333e-12,stroma
112,9868.0,6596.0,other,0.5025569806780134,-0.0221969786296321,0.0577381665274601,2.758377093730772e-11,other
113,15092.0,7773.0,tumor_core,0.8261171177455358,-0.066540134391657,0.1242303866553741,3.7696065671577035e-12,tumor_core
114,8666.0,5435.0,other,0.5174476732526506,-0.0288740081531945,0.4384399964505394,2.0965006565791166e-11,other
115,12069.0,9263.0,other,0.4115483965192521,-0.0650677377962348,0.4652895602832476,1.3359637344820556e-11,other
116,12084.0,5564.0,other,-0.0571746635437011,-0.0434551781236527,0.6596661601519196,2.991256999516783e-11,other
117,7455.0,6586.0,tumor_core,0.67171263558524,-0.0307406073180728,-0.1462722983593451,2.745058895584668e-11,tumor_core
118,11474.0,7296.0,other,0.2605793544224329,-0.0538047548121831,-0.0509154389711492,2.093100086960218e-11,other
119,15089.0,8466.0,other,0.5200661196027483,-0.064285118843002,0.3224221043938758,4.009940590364808e-12,other
120,6453.0,5542.0,other,0.2275276293073381,-0.0417289351141173,0.440786578396937,5.222951162031549e-10,other
121,8052.0,8091.0,stroma,0.3429902757917131,0.030370069711304,1.3436181725843068,4.1800723556856686e-10,stroma
122,5046.0,5420.0,other,0.4563557924543108,-0.0497570611960114,0.1326020941181128,4.477264273962705e-12,other
123,14285.0,8463.0,other,0.4637453678676061,-0.0267710431251537,0.0126499027899561,4.749968884481633e-11,other
124,10474.0,6020.0,other,0.4764493179321288,-0.0274993296849687,0.1065084634782712,1.3991844335830272e-11,other
125,12881.0,7417.0,interface,0.6077800042288644,0.1617742178332447,0.2954372920788832,8.300995299721949e-10,interface
126,15087.0,8928.0,other,0.5279079110281808,-0.0701279082027167,0.1850952932955777,2.1604104146240575e-11,other
127,13474.0,10078.0,stroma,0.4571646717616491,0.2140780460076985,1.4645288646621193,2.667972639228931e-10,stroma
128,12486.0,5797.0,other,0.5194780894688197,-0.0317467080310834,0.3423794566270603,8.730988034383607e-12,other
129,6848.0,7393.0,stroma,0.2447615759713309,-0.0706352820763221,0.8220226739534139,1.0592751356196656e-11,stroma
130,16494.0,9281.0,tumor_core,0.7592080524989537,-0.0799391437135013,0.5590635219219203,2.237949045633681e-09,tumor_core
131,5652.0,4845.0,other,0.5204406574794225,-0.0273501896937954,0.6763909212809166,7.495780052400156e-11,other
132,13673.0,10425.0,stroma,0.2072404180254254,0.2294118422329625,1.7188464015693703,2.682588927426293e-10,stroma
133,7054.0,6122.0,other,0.6470548847743444,-0.0684486248820123,0.3372177030759027,1.0450011933633428e-11,other
134,14682.0,9620.0,other,0.420621735709054,-0.033817578368761,0.659750758287205,7.415924276431086e-12,other
135,15488.0,9161.0,stroma,0.4272898483276367,0.0310985261580617,1.2409908508637264,1.1673917941803439e-10,stroma
136,11268.0,8566.0,other,0.2080090659005301,-0.0494154512284192,0.3262569156840572,3.6570732584110396e-11,other
137,6454.0,5311.0,other,0.3339743695940289,-0.0352211572653473,0.5457406268023804,1.3723473570081063e-10,other
138,12682.0,6838.0,tumor_core,1.0191263253348213,-0.0506267866562042,0.2342326300484793,5.573445647511385e-12,tumor_core
139,9862.0,7983.0,stroma,-0.0538407407488141,0.0944655301379519,1.1413068606778052,5.154934586099025e-10,stroma
140,5846.0,6579.0,other,0.4709720611572265,-0.0595352530080737,0.3198593812615165,1.6726483204960278e-12,other
141,6246.0,7043.0,other,0.4992488261631556,-0.0634661135466202,0.6003720328311792,1.7609748176811953e-12,other
142,14483.0,9273.0,other,0.5502644675118583,-0.0346767459949322,0.2731711633596302,3.538708185223522e-12,other
143,10872.0,6947.0,other,0.333383080618722,-0.0645477843523822,0.2015229542440558,1.86997497359058e-11,other
144,5851.0,5424.0,tumor_core,0.7181149346487863,-0.0594764186387078,0.2811453820189259,2.4086343891807944e-12,tumor_core
145,12874.0,9266.0,tumor_core,0.7644565309797013,-0.0737032427835624,-0.0500547751027122,2.086855782118939e-11,tumor_core
146,11480.0,5678.0,stroma,0.2517582702636719,-0.0403413453628387,0.8119478820040037,5.750231022884058e-11,stroma
147,7454.0,6817.0,other,0.396829011099679,-0.0723537776781165,0.0590505952003018,3.6463968718702065e-11,other
148,9671.0,5555.0,other,0.2422990526471818,-0.0589544366434665,0.4237889192019761,7.671806330416077e-11,other
149,9065.0,6130.0,stroma,0.217250507899693,0.0627380374034113,1.8033606747767157,1.211882864772219e-10,stroma
150,16082.0,11591.0,stroma,0.0850182397024972,0.4392725257171835,1.9687965700290349,3.4247965637268224e-10,stroma
151,8259.0,6589.0,stroma,0.2809645080566406,-0.0282195068920735,1.2231130938287664,1.1769826687999523e-09,stroma
152,7462.0,4737.0,other,0.3638450813293457,-0.014535521185119,0.532065581269598,8.413113583472257e-12,other
153,10461.0,9025.0,other,0.5349814823695592,-0.0478555685700381,0.3518135938525542,1.9350218383190707e-11,other
154,7249.0,7625.0,stroma,0.5365757152012416,-0.052508832618943,1.2747799515838476,4.0119698759254266e-11,stroma
155,13488.0,6610.0,interface,0.7893174743652344,-0.051712380603803,1.6057643689222327,1.5247021767350231e-09,interface
156,16291.0,9627.0,stroma,0.4107441329956054,0.1946683780206087,0.939866039462652,4.1372560444923135e-10,stroma
157,5448.0,5422.0,other,0.4076351928710937,0.0517194503824846,0.237665618483195,1.159655784551413e-11,other
158,11880.0,6373.0,other,0.5932189559936524,-0.0203562675909852,0.5689771099950072,2.7811107657155303e-11,other
159,10678.0,5212.0,other,0.4346296419416154,-0.0310927139078095,0.3112736795229742,1.1558035403850726e-11,other
160,5647.0,6001.0,other,0.5504364667619979,-0.0444260185777543,0.2319714453853559,2.770537958212698e-12,other
161,9869.0,6365.0,other,0.6460936137608119,-0.0627875248325309,0.1899523666469614,2.963245349859419e-11,other
162,15294.0,7427.0,tumor_core,0.6864093344552177,-0.0497842297506172,0.3503705351144676,4.538749956515765e-12,tumor_core
163,15695.0,7891.0,other,0.4372955104282923,0.0151143130849436,0.0747099818799319,2.1025295481807913e-11,other
164,9264.0,6709.0,other,0.3844741712297712,-0.0796751066992514,0.0645514224885408,5.4446293737051914e-11,other
165,8065.0,4855.0,stroma,0.6302016230991907,-0.0443733559803021,1.005404807920081,3.1157852990821148e-12,stroma
166,8862.0,6707.0,stroma,0.3807419068472726,-0.0500063401799536,1.993141020704436,3.1013228350908033e-11,stroma
167,10472.0,6483.0,tumor_core,0.6792578070504325,-0.0627147712835101,-0.1050296222946444,4.9950696714475536e-12,tumor_core
168,7055.0,5891.0,other,0.2364233071463448,-0.0559893388014573,-0.0863058368174479,2.0637014929474046e-11,other
169,5648.0,5770.0,tumor_core,0.6747120612008232,-0.048178927954224,0.1497023158196863,3.295588218385058e-12,tumor_core
170,10863.0,9258.0,stroma,0.3004882294791084,-0.0529118891942461,0.7718877380897763,5.940682911439347e-11,stroma
171,15286.0,9507.0,stroma,0.3642288807460241,0.1392340536001932,1.0772332715393829,1.249795853364723e-09,stroma
172,13883.0,8230.0,interface,0.7310462406703405,-0.0516706326334771,1.401794987694072,5.521567279197122e-10,interface
173,11665.0,9724.0,stroma,0.4519178771972656,-0.0723787518249307,1.3402590134456998,6.787017887235549e-11,stroma
174,9261.0,7402.0,other,0.6298549761090959,-0.074196499725648,-0.4086482044834418,1.9857167028551172e-10,other
175,12274.0,8455.0,other,0.168740337916783,-0.0811708252565517,0.4029711383186846,4.383378168273256e-12,other
176,7663.0,4853.0,other,0.0649348722185406,-0.02911985199587,0.7290861307145993,1.172712184550692e-11,other
177,11666.0,9492.0,stroma,0.4612008449009486,-0.0592093260391898,1.2466338963202297,5.5524133169005485e-11,stroma
178,14488.0,7886.0,other,0.5769796262468612,-0.0515947246232559,0.1058939799366381,1.878735146808504e-12,other
179,15085.0,9391.0,other,0.4390044130597795,0.0092031340734615,0.4201007584254557,1.7640831816953078e-11,other
180,13480.0,8460.0,other,0.4763956832885742,-0.0591821830009537,0.1962322082409808,4.3719622427072506e-12,other
181,13879.0,9386.0,tumor_core,0.6664629854474748,-0.0152835215015156,0.322759021620051,1.1466772682339114e-11,tumor_core
182,10265.0,7753.0,stroma,0.3683865247453962,0.0951223392849383,1.1342958155894438,2.563738326859582e-10,stroma
183,6647.0,7276.0,other,0.3167285210745675,-0.0557187951129415,0.493482299870521,1.7364294992859513e-12,other
184,13282.0,7881.0,tumor_core,0.9374634606497628,-0.0105278876214521,0.4443886520078518,4.926342230705211e-12,tumor_core
185,11680.0,6025.0,other,-0.0660178838457379,-0.0253503027568294,0.090419855008075,2.2157422991171094e-10,other
186,14884.0,9505.0,other,0.4241301345825196,-0.0644310342029584,0.2784372477837743,2.3870452493040468e-11,other
187,13888.0,7074.0,other,0.6218855776105607,-0.0182563160050872,0.050590175910284,4.371584295957205e-12,other
188,7859.0,6125.0,stroma,0.457176295689174,-0.0515833475119294,0.7824093122838899,1.371366281511524e-10,stroma
189,7658.0,6009.0,other,0.259322874886649,-0.0574574039931281,0.5520243091528391,5.565991544723529e-11,other
190,7258.0,5545.0,interface,0.9057512991768972,0.1661310569199431,1.169205360193152,3.3213104899512715e-09,interface
191,9874.0,4978.0,other,0.1808077321733746,0.0188285078492052,0.3974319953589289,2.3999913415150054e-10,other
192,13881.0,8924.0,tumor_core,0.7949420928955078,0.00460085212985,0.2512500676989898,6.859123819245509e-12,tumor_core
193,13079.0,8227.0,other,0.4987361036028181,-0.0649493354618748,0.2223875767204013,1.2676069676945476e-11,other
194,6047.0,6696.0,other,0.3723987252371651,-0.0698566181603881,0.0700517231071669,9.394244667972857e-13,other
195,9269.0,5553.0,stroma,-0.0467041724068778,-0.0594472470490828,0.7922464646863342,6.078105648726493e-11,stroma
196,12477.0,7878.0,other,0.5377958679199218,-0.064595047048103,-0.0581108120235248,4.3649255022693586e-11,other
197,16691.0,10091.0,stroma,0.1033065904889788,-0.0408940107926078,1.124318557183329,1.033934149934023e-09,stroma
198,6245.0,7275.0,other,0.2898789378574915,-0.0729997309553982,0.1564885397313996,3.786101255827953e-12,other
199,13688.0,6727.0,stroma,0.4632950646536691,-0.0641853051839465,1.06927950247365,6.604347406440573e-11,stroma
200,6851.0,6699.0,other,0.6523387363978795,-0.0077517708657577,0.0806262106817726,1.52989641828549e-11,other
201,14687.0,8464.0,immune,0.617921965462821,-0.0077349318060587,-0.0578965306396338,6.492967732399565e-12,immune
202,16490.0,10205.0,stroma,-0.3194104494367327,0.3118892963913372,1.26556015746134,1.461121429378487e-09,stroma
203,12678.0,7994.0,other,0.4464364678519112,-0.0465231739159013,0.1858877884232985,9.40306112057604e-12,other
204,6252.0,5656.0,other,0.183717782156808,0.0989844137958459,0.2059829086493897,3.9504869860795946e-11,other
205,13277.0,9037.0,stroma,0.3620648084368025,0.0668091287082653,0.9424936746248006,4.6508519309239185e-11,stroma
206,15689.0,9278.0,other,0.5899625069754464,-0.0609029431805562,0.6714386853138529,1.165165310399586e-09,other
207,8064.0,5086.0,interface,0.7064976283482142,-0.0228189752253401,0.8133412184674125,6.897867488933734e-11,interface
208,14484.0,8810.0,other,0.6405078615461076,-0.0476228146250032,0.0973242680155532,1.1672330365576444e-12,other
209,7449.0,7973.0,stroma,0.1426914051600865,-0.0671098957891049,1.2454248823346936,1.1676769102601668e-10,stroma
210,11879.0,6604.0,other,0.2026347432817731,-0.0489643505185742,0.3502047338513148,8.054100014126182e-10,other
211,10875.0,6253.0,other,0.4161327144077845,-0.0431081523065981,-0.0647328766286087,3.8172847358265776e-11,other
212,8454.0,8093.0,stroma,0.5857643890380859,-0.0284233699275498,1.8486620554645132,3.995163580663761e-09,stroma
213,6045.0,7158.0,other,0.3146559197562081,-0.066375381571792,0.4326796719120425,5.96890246201285e-13,other
214,14287.0,8001.0,tumor_core,0.701933217729841,-0.0012733319830336,0.2863013929511534,6.977096770950792e-12,tumor_core
215,6043.0,7620.0,other,0.5455305971418107,-0.0716425535272196,0.2568701125059923,3.1984944945502977e-12,other
216,11277.0,6255.0,other,0.040717784336635,0.1078017003659819,0.1736441508921314,3.9576173444243344e-10,other
217,11274.0,6948.0,tumor_core,0.705312614440918,-0.0551667612133217,0.6164250826447031,1.7182122651992146e-11,tumor_core
218,15488.0,9392.0,interface,0.7409677342006139,-0.0319507298835344,1.1275620172487808,1.3995397862974087e-09,interface
219,15894.0,8469.0,tumor_core,0.6581994410923548,0.066577196968439,0.350202774384335,7.767561813006389e-11,tumor_core
220,11670.0,8568.0,stroma,0.3405210113525391,-0.0714222069169366,0.9835555176264033,5.882439528783061e-11,stroma
221,6847.0,7624.0,stroma,0.1784108897617884,-0.0670709833253586,0.8066652842930384,1.1776400620723378e-10,stroma
222,6656.0,5196.0,tumor_core,1.0956348255702428,-0.0121754818536764,0.3491505031274811,1.2613131652458718e-10,tumor_core
223,7262.0,4620.0,other,0.6276316506522042,-0.0217910259463715,0.4174652332770402,2.3987370564215647e-10,other
224,9659.0,8560.0,other,0.5635885456630163,-0.0704192158370512,0.4505072764673717,2.1589375318774187e-11,other
225,16088.0,10204.0,stroma,0.0037733268737792,-0.055319444790333,1.0018415716213325,1.9955048780574542e-10,stroma
226,13478.0,8922.0,other,0.2405818666730608,-0.0116199763572734,0.1311443494356032,8.298435194575417e-11,other
227,6253.0,5425.0,other,0.2731270871843609,-0.033897664634679,0.017857917546083,8.541325633670088e-12,other
228,8868.0,5320.0,stroma,0.5507829557146345,-0.0409298070697082,0.9165152022159684,2.5384753899694116e-11,stroma
229,15095.0,7079.0,other,0.6287309537615096,-0.0509180911009925,0.2005494722126771,8.248474758610516e-12,other
230,9272.0,4860.0,other,0.2827379689897809,-0.0607639746522425,0.3665801484427081,1.0038946839553646e-12,other
231,10268.0,7060.0,tumor_core,0.8754702486310686,-0.069272197608565,-0.273267917413611,6.776919919117151e-11,tumor_core
232,16295.0,8702.0,other,0.5915503529139928,-0.007349341746457,0.2045527624603885,2.1049704298178928e-11,other
233,14076.0,10427.0,stroma,0.1154719788687569,0.0394766813636224,0.8648204958907482,5.261405381072801e-10,stroma
234,11470.0,8220.0,stroma,-0.1138602311270576,-0.0751566934745048,0.793743296300462,6.366726850575346e-11,stroma
235,11276.0,6486.0,other,0.6462735148838588,-0.0514946813168733,-0.0527828891805354,3.2588172866893604e-11,other
236,13078.0,8458.0,other,0.539120968409947,-0.0272616530865131,0.2115185802529208,3.618403585259998e-11,other
237,10261.0,8909.0,other,0.4599174063546317,-0.0584917993449845,0.5092423247925273,2.0409460475285368e-11,other
238,10273.0,5904.0,interface,0.5822068895612443,0.0318383104526079,0.4438952037266321,3.9334268999709256e-10,interface
239,13083.0,7302.0,tumor_core,0.9210035596575056,-0.050601675358903,0.5137711741665981,4.720772712129702e-10,tumor_core
240,7856.0,6819.0,other,0.5785013852800642,-0.0648078025384092,0.181658791444217,4.972943126554468e-11,other
241,8863.0,6476.0,interface,0.8945036969866073,-0.0491127537245734,1.779002618469648,2.1649103398609344e-09,interface
242,14681.0,9851.0,other,0.3150472695486885,-0.0757964143784947,0.2917683071966711,1.1079446659941623e-10,other
243,11671.0,8337.0,other,0.1019028309413364,0.0085168993193967,0.282808711636215,3.301758936801048e-11,other
244,13683.0,8114.0,tumor_core,0.8533019202096122,-0.0704785732919954,0.116809160117335,8.053011403079033e-11,tumor_core
245,5847.0,6348.0,other,0.3111424882071358,-0.0539828207979234,0.0326789803838684,1.7041100740138302e-12,other
246,9273.0,4628.0,stroma,0.3186961037772042,-0.0353818210869728,1.0291743283075203,1.4036811957956829e-11,stroma
247,6247.0,6812.0,other,0.4106957953316825,-0.0590110702259484,-0.0524108668187435,1.948163622166931e-12,other
248,13484.0,7535.0,stroma,0.5713877650669642,0.0364958396225071,1.5531158081522838,3.4539773455874765e-10,stroma
249,5451.0,4729.0,tumor_core,1.317036421639579,0.1486866616684457,-0.1332062376539864,4.688084151329694e-10,tumor_core
250,7051.0,7047.0,other,0.3697900772094726,-0.0169230426060515,0.4078149950972911,4.7067898629042186e-12,other
251,10677.0,5443.0,other,0.6215608651297433,-0.0463630459380389,0.553975835856861,6.644745507195836e-12,other
252,5250.0,4843.0,other,0.522994384765625,-0.0698766612687637,0.2122218304832509,3.7992026609883134e-10,other
253,9664.0,7404.0,stroma,0.2269520732334682,-0.0605021384248765,1.1247401534653807,1.3581897809397658e-10,stroma
254,13288.0,6263.0,tumor_core,0.6924816404070173,-0.0469851127037635,0.3293733034472223,3.743561509167638e-11,tumor_core
255,11872.0,8222.0,other,0.2420934132167271,-0.0732628174848779,0.2310336589356054,8.485485457551165e-12,other
256,12883.0,6955.0,stroma,0.626229967389788,-0.0452319467346803,1.1783406531022127,8.61984127813965e-12,stroma
257,8465.0,5319.0,interface,1.0357051740373886,-0.0397111229274583,1.1168586368871671,7.978716933671049e-11,interface
258,7852.0,7743.0,other,0.4366811152866907,-0.0625036105663082,0.4806266260741425,6.144054205279977e-11,other
259,14688.0,8233.0,tumor_core,0.6999601200648717,-0.061623563734584,0.1443039390293315,3.3762947430017393e-12,tumor_core
260,6846.0,7855.0,interface,0.571465061732701,-0.0119446877851135,0.6659291981507811,1.0878009166305063e-09,interface
261,5246.0,5768.0,other,0.262255061013358,-0.0864136035625751,0.3726053306491811,1.1271252468650924e-11,other
262,7858.0,6356.0,stroma,0.2174937983921596,0.0571142817819397,1.0562077958426104,1.0577316535504415e-09,stroma
263,12073.0,8338.0,other,0.6083329827444893,-0.0668535647184952,-0.1422618036645027,5.900844610487861e-12,other
264,6053.0,5078.0,tumor_core,0.9993617303030832,-0.0291248723416025,0.7673192376258389,1.659665768836654e-12,tumor_core
265,6255.0,4963.0,tumor_core,0.9775779233660016,-0.0397210264684364,0.7201976062924613,1.591687480074616e-10,tumor_core
266,7255.0,6238.0,other,0.3541959653581892,-0.0143040294656187,0.0776796455237003,2.177404861729333e-12,other
267,7259.0,5314.0,other,0.2003861672537666,-0.0566003793059384,0.2514067610523959,1.2354573538963674e-10,other
268,10662.0,9142.0,other,0.429066559927804,-0.0664416667211015,0.2304787553511096,5.0125585083805005e-11,other
269,7251.0,7163.0,other,0.5378339767456055,-0.0566165758215862,0.6335185216462967,1.4137017621422704e-11,other
270,12685.0,6145.0,tumor_core,1.125452172415597,-0.0504656188862778,0.3885132464100737,1.7616416172956873e-11,tumor_core
271,9469.0,5901.0,interface,0.7826898738316126,0.1259405412103819,1.2277448997973024,2.906578698689771e-09,interface
272,13882.0,8461.0,other,0.4806361225673131,-0.012557227176966,0.6145434804753626,4.308169094689078e-11,other
273,5852.0,4961.0,other,0.4396478162493025,-0.0443541772389491,0.4629452038817072,1.1326351135679408e-11,other
274,12686.0,5914.0,tumor_core,0.9859685952322824,-0.0411981085072393,0.0712697704823567,2.3796823327514998e-12,tumor_core
275,13087.0,6146.0,tumor_core,0.7521673856462752,-0.0504883986253004,0.2593777369447088,1.8529302449822876e-11,tumor_core
276,5851.0,5193.0,other,0.4520388194492883,-0.032575138436512,0.1051913743279696,1.9280906059449956e-12,other
277,9672.0,5324.0,other,0.5279306847708566,-0.0518561781050768,0.6202758906100192,2.2036432823342328e-10,other
278,14087.0,7653.0,stroma,0.5903374699183874,-0.023336208503332,0.7482370585060303,1.4098373304732625e-12,stroma
279,7459.0,5430.0,stroma,0.5696896389552526,-0.0145292744588692,1.0868233665181029,7.846934804172639e-11,stroma
280,16686.0,11478.0,stroma,0.0585729598999023,0.0309786946578169,1.5850377617723534,1.0816106417303906e-10,stroma
281,13485.0,7304.0,tumor_core,0.7763908985682897,-0.0599681764940753,0.0949190538430145,1.786876404816745e-11,tumor_core
282,6448.0,6929.0,other,0.5926608385358537,-0.062248938059727,0.2503610804805591,3.2310989191025314e-12,other
283,11269.0,8335.0,stroma,0.4233275440761022,-0.0117141682168711,1.1209442288626417,1.6892836504034996e-10,stroma
284,13086.0,6378.0,tumor_core,0.7405420793805803,-0.0350627165574293,0.50036262665819,1.7404487194466502e-11,tumor_core
285,12079.0,6951.0,stroma,-0.0745257077898297,-0.0600883904906818,1.050088825756157,1.6333570321909203e-10,stroma
286,7252.0,6932.0,other,0.5631136213030135,0.0234780964943078,0.2818190793177311,1.1716442663912158e-11,other
287,6049.0,6002.0,other,0.3018478121076311,-0.0587049567181131,0.2804057303233892,4.398275227551715e-12,other
288,8057.0,6935.0,stroma,0.1108216830662318,-0.050464827878818,1.2230189525498183,6.049588595162432e-11,stroma
289,11881.0,6142.0,other,0.1846453584943499,-0.0479059984851441,0.4872011137145821,5.2661936103108666e-11,other
290,9661.0,8097.0,stroma,0.0183379445757184,0.1843589080815331,1.2118236801425426,1.1874368795045008e-10,stroma
291,7855.0,7050.0,tumor_core,0.8478474807739258,-0.0564001842486021,0.4040572595276288,8.806921095080611e-11,tumor_core
292,14885.0,9274.0,other,0.4634438977922712,-0.0516457701207802,0.1872110330247011,4.518847468496095e-12,other
293,7657.0,6240.0,interface,0.5701499394008093,0.0772316217372648,0.4563475574080119,1.191624265350064e-09,interface
294,7052.0,6815.0,other,0.470611790248326,0.0710439944147665,0.3702659392059707,2.7482024493254928e-11,other
295,14078.0,9965.0,other,0.5244258662632533,-0.0565580243749363,0.0542229307692209,3.25569826479331e-10,other
296,8266.0,4971.0,other,0.6154921776907785,-0.0456408146631757,0.5340308155560882,3.606116524812422e-12,other
297,5834.0,9584.0,immune,0.0,0.0,-0.0392344974031384,1.2675723389862956e-10,immune
298,12269.0,9610.0,stroma,0.4445692879813058,-0.0744027995744277,2.0191921259732855,1.8203182280751337e-11,stroma
299,9873.0,5440.0,other,0.4132348142351424,-0.0705481500529923,0.2047411497121575,1.4874544210738393e-11,other
300,13279.0,8574.0,tumor_core,0.7315213339669364,-0.0623165054066125,0.1263217276831943,1.4562356704059427e-11,tumor_core
301,9064.0,6592.0,other,-0.0965429932730538,-0.0510641531800745,0.727135664664659,3.4962817507029975e-10,other
302,6457.0,4617.0,stroma,0.4120632471357074,0.1824962254551342,1.011503452765519,3.4718509066519436e-10,stroma
303,10670.0,7292.0,stroma,0.2773191724504744,0.0821340214647975,1.206635273085802,9.639021222299746e-11,stroma
304,12070.0,9032.0,other,0.4899820273263114,-0.0689921044187003,-0.1959861268933187,1.581778932294203e-11,other
305,12072.0,8569.0,other,0.6810789380754744,-0.0587823478673214,0.8578968697289149,1.955189647465276e-12,other
306,4845.0,5535.0,other,0.0550115013122558,-0.0573631720399378,0.27729644299925,2.6969243828470463e-11,other
307,9673.0,5092.0,other,0.2818765830993652,-0.0555568682310174,0.4640371248568922,6.770432876312633e-11,other
308,9460.0,7981.0,stroma,0.4855349486214774,-0.0545117177293452,1.4388330401075882,7.12988595977409e-10,stroma
309,13477.0,9153.0,tumor_core,0.9384876196725028,-0.0717750727930993,0.2143592752180529,7.347333392242374e-11,tumor_core
310,5247.0,5537.0,other,0.2835035433088029,-0.0479760504885262,0.0482655933925083,6.943802514842817e-12,other
311,11264.0,9491.0,other,0.0871272713797433,-0.0424734039051476,0.494824209697866,2.0227540555219983e-11,other
312,16495.0,8819.0,other,0.5153176334926062,-0.0533402516291691,0.528900696927269,2.772477733289808e-11,other
313,13875.0,10310.0,stroma,0.3288066591535294,0.0119900153233454,1.2784090407857045,8.952445140754047e-10,stroma
314,8656.0,7978.0,stroma,-0.2791766493661062,0.2971071953757551,2.3105880283783633,5.0710264432070143e-08,stroma
315,9465.0,6825.0,other,0.5488174601963587,-0.0598946638330568,-0.1742004484138233,7.047516700125369e-11,other
316,8857.0,7863.0,interface,0.7970208304268973,0.1281229003416654,1.9823719474521828,2.0296382520708023e-08,interface
317,7061.0,4504.0,immune,-0.0104692186628069,0.2360250598012803,0.1773672124454868,1.1418664654611654e-09,immune
318,6248.0,6581.0,other,0.5709616688319616,-0.0094195247493858,0.0012362097048005,1.509921133815236e-12,other
319,10663.0,8910.0,other,0.4980559485299247,-0.0605507152136352,0.0475811048527806,3.8099762913323455e-11,other
320,12081.0,6489.0,interface,0.9573115648542132,-0.0462914980374849,1.0372455428682146,8.432799434036686e-10,interface
321,6452.0,6004.0,other,0.444806900024414,-0.0649534117019296,0.563805693519424,2.758274603217928e-11,other
322,9466.0,6594.0,other,0.5256417410714286,-0.0784943430718769,0.0737404571855055,8.937395845342286e-11,other
323,13283.0,7419.0,tumor_core,0.8279187447684151,-0.0562385890794836,0.1835598195844963,6.025125009782125e-11,tumor_core
324,14678.0,10776.0,stroma,0.5596236882890975,-0.0416430214974393,0.9437889280163774,8.517305570439686e-10,stroma
325,6042.0,7852.0,other,0.3173132814679826,-0.0284861198386619,0.604328215865138,1.1539041667053303e-11,other
326,15892.0,8932.0,interface,0.6394831902640206,0.0543148970623877,0.4926438171591535,2.1758083699310455e-09,interface
327,7863.0,4970.0,other,0.0903668921334402,-0.0614732723172293,0.7086205880228189,5.1448355768735986e-11,other
328,7660.0,5547.0,stroma,-0.136932727268764,-0.0628626067502841,1.4280289780716424,6.4787614432515e-10,stroma
329,6452.0,5773.0,other,0.6444523075648717,-0.0548405025316321,0.1992149490180889,1.37807981298433e-10,other
330,13675.0,9963.0,other,0.4876669257027762,-0.0228146186665348,0.5460229011418607,6.047721910387018e-10,other
331,10470.0,6945.0,other,0.5066942051478796,-0.0547022803571311,0.0033301612217612,2.204556459445653e-11,other
332,12872.0,9728.0,stroma,0.6166034589494979,0.0808461336387838,0.9385438445430474,2.1497051220271862e-10,stroma
333,9665.0,6942.0,immune,0.3312659563337052,0.0282508071050994,-0.0319702780715343,4.4995959288782613e-11,immune
334,14082.0,8809.0,other,0.5942050988333566,-0.0606510264418994,0.1102966183326845,6.054253581224603e-12,other
335,16089.0,9742.0,stroma,0.3379725755964006,0.0201201949978751,1.0187900749857566,2.7888249591581697e-10,stroma
336,16687.0,11246.0,stroma,0.1278047234671456,0.170342279118439,2.2019092161154816,2.537890317359235e-10,stroma
337,7257.0,5776.0,tumor_core,0.7275051171439034,-0.0696594850674122,0.1652112596901357,1.4495282645668635e-09,tumor_core
338,12285.0,5681.0,tumor_core,0.6583689171927316,-0.0325043018047626,-0.4548414601575608,2.73767710994974e-11,tumor_core
339,6055.0,4615.0,tumor_core,1.1803343418666294,-0.0121610037060485,0.8337723118461103,3.7886781235965804e-10,tumor_core
340,14881.0,10199.0,stroma,0.516692613874163,0.0925712974673529,1.1010182546174885,1.4682342349283828e-11,stroma
341,10877.0,5791.0,other,0.2810193279811315,-0.0636941278259889,0.4162559084101354,7.491984128249371e-11,other
342,11480.0,5909.0,other,0.5881404549734933,-0.0368522529219305,0.2157955224539152,4.22415989249071e-10,other
343,6852.0,6468.0,other,0.6115369306291853,-0.064267270142418,0.5375380488621537,4.115794258696847e-12,other
344,9863.0,7751.0,immune,-0.0570151737758091,0.6059939255283828,0.6036638258058981,3.207971735274578e-09,immune
345,15083.0,9853.0,stroma,0.262439695085798,-0.0695608324031766,0.915081869950116,1.9167221474869295e-10,stroma
346,7654.0,6933.0,other,0.3555945587158203,-0.0665822491597969,0.0466300538265123,4.7689640624747775e-11,other
347,9669.0,6017.0,stroma,0.3299374416896276,-0.0621799673125098,1.1386908881387685,5.382556487924654e-10,stroma
348,6654.0,5658.0,interface,0.7892351422991072,-0.0360939957226399,0.8030188963717262,5.455872572285077e-09,interface
349,13476.0,9615.0,tumor_core,0.7011713245936804,-0.0568733980823121,0.0499184636804539,2.6736971096043297e-11,tumor_core
350,13682.0,8345.0,other,0.6023170144217355,-0.0184935048147786,0.464163291945782,1.03835363956937e-11,other
351,10069.0,6712.0,other,0.4923336955479211,-0.0431505222384347,-0.1309078468915257,4.0232544522817006e-11,other
352,10074.0,5325.0,stroma,0.2158715030125209,-0.0338430883095017,0.767018747009687,2.0948894344508072e-10,stroma
353,7049.0,7509.0,stroma,0.0448683602469307,-0.0137069621263539,0.807785766579618,6.135328361423809e-11,stroma
354,5842.0,7504.0,other,0.4432504653930664,-0.0273759931226239,0.3106118848659848,3.315463267593209e-12,other
355,10067.0,7174.0,tumor_core,0.662944450378418,-0.0621881580671737,-0.2552781429638227,1.5820793506686307e-10,tumor_core
356,10866.0,8333.0,stroma,0.2893139157976423,0.1071820716096406,1.0123872016328863,2.731903242908603e-09,stroma
357,14088.0,7422.0,tumor_core,0.6629767063685826,-0.0444625325027516,0.1884890105557464,1.0898325349895368e-12,tumor_core
358,10878.0,5560.0,other,0.3261046109880721,-0.04327392578125,0.3152651823378477,6.806789959480242e-12,other
359,7853.0,7512.0,other,0.63706604548863,-0.0546758326399685,0.5036253430813635,4.687029846208733e-11,other
360,10075.0,5094.0,other,0.5517142323085241,0.0238181714429504,0.4203338193299101,3.12951855383605e-10,other
361,8459.0,6937.0,stroma,0.4543129893711634,0.2408284511055834,1.9011651511846088,8.085885813884495e-10,stroma
362,16496.0,8587.0,other,0.4449124036516463,-0.0667910559918968,0.1600214728687319,7.582756151837206e-11,other
363,13072.0,9845.0,stroma,0.3802703094482421,0.2388913775965521,0.8905401220714829,1.6619950009930838e-10,stroma
364,14288.0,7538.0,tumor_core,0.7577809143066406,-0.029545152192331,0.4503574956526348,8.150048437072751e-13,tumor_core
365,12673.0,9150.0,other,0.6184187807355608,-0.0612233330972218,0.2652289983981636,8.139409265936901e-11,other
366,8664.0,5897.0,stroma,0.1622114399501255,-0.0584294628538814,1.1899667339379811,3.435634206254089e-11,stroma
367,15682.0,11127.0,stroma,0.4654619080679757,0.2532637089391217,0.8187029560597494,3.18298191373963e-10,stroma
368,11265.0,9260.0,other,0.4713830893380302,0.0205309958162913,0.0488463316759235,8.437856496422209e-12,other
369,12081.0,6258.0,tumor_core,0.7195988246372766,-0.040781005170433,0.3324816215529766,1.248984726029314e-11,tumor_core
370,8660.0,6822.0,stroma,0.4507574653625488,0.121342805366851,1.2155544083504752,4.8878873406384774e-11,stroma
371,10871.0,7178.0,tumor_core,0.6669703074863977,-0.0536079725692902,0.4829523679965523,2.3520716224035383e-10,tumor_core
372,6652.0,6120.0,other,0.5029200744628907,-0.0440159035366913,0.2797279851662918,1.3962381476902128e-11,other
373,7451.0,7511.0,other,0.4793170874459403,-0.0722222663088387,0.4772275154794051,3.144042444943868e-11,other
374,14878.0,10892.0,stroma,0.3228640283857074,0.2074583687112483,1.5122232025673157,1.039399754421142e-09,stroma
375,5843.0,7273.0,stroma,0.5440350341796875,-0.0403029365919804,1.2407109442516118,8.387420317133207e-13,stroma
376,8264.0,5433.0,other,-0.0902987262180873,-0.0376536391650553,0.5559476763724366,3.2404273119162344e-11,other
377,7057.0,5429.0,stroma,0.2605221257890973,-0.0421142004006682,1.0732630394106286,2.995552247619401e-10,stroma
378,15293.0,7889.0,tumor_core,0.8998204694475447,-0.0685612987913814,0.2666638178656223,1.6313733507515747e-11,tumor_core
379,9067.0,5668.0,stroma,0.1288791983468192,-0.0668534307575544,0.948809058645656,2.966954736311302e-11,stroma
380,13482.0,7997.0,tumor_core,0.7074303708757673,-0.0644532462027559,0.231029808578418,1.3605318920688829e-11,tumor_core
381,10264.0,8215.0,other,0.4816248866489954,-0.0572077901068339,0.4005569035574894,1.5222902001901926e-11,other
382,10868.0,7871.0,stroma,0.2639660208565848,-0.0629758547779708,0.9082845759186052,4.1467126693572136e-10,stroma
383,14091.0,6728.0,stroma,0.4991524505615234,0.0977011057345763,0.9472669691047412,2.8766927008107428e-11,stroma
384,16284.0,11476.0,stroma,0.1666709518432617,0.1816562820836453,2.0650060348291293,7.375744608694384e-11,stroma
385,13684.0,7883.0,tumor_core,0.7723603166852678,-0.0641673289015141,-0.0023586496296459,5.615241274455105e-12,tumor_core
386,11068.0,8219.0,other,-0.0126514979771205,-0.038724561200094,0.5893157847432826,5.676452572303803e-10,other
387,15086.0,9160.0,other,0.4612051609584264,-0.029590611598364,0.11532381602696,1.4560115984745686e-11,other
388,5848.0,6117.0,other,0.4502906581333704,-0.0522695943264658,0.3043308120903095,2.0897186677386852e-12,other
389,7453.0,7048.0,other,0.2618222318376814,0.0019215767000829,0.35056714792151,5.5325914743081274e-11,other
390,8262.0,5896.0,other,0.3768779373168945,-0.0592671078583069,0.3738954695850639,5.40323742814498e-10,other
391,11067.0,8450.0,interface,0.7960462297712053,0.1591320941380433,1.3423888918766012,2.2024518424314795e-09,interface
392,7664.0,4622.0,other,0.63786317552839,-0.0450803794988421,0.525230374797993,4.355309701672967e-12,other
393,8462.0,6243.0,stroma,0.071032954624721,0.1639875574753834,1.3181476181556944,2.476682068898223e-09,stroma
394,8060.0,6011.0,other,0.3558879389081683,0.1785334203155543,0.2856738181036476,2.70573888151432e-09,other
395,8869.0,4858.0,other,-0.0016684395926338,-0.0422201890211838,0.3441987343968275,2.707667011239342e-12,other
396,10666.0,8217.0,other,0.2663783345903669,-0.0562650112802767,0.0515981566300214,3.5189808513696565e-10,other
397,6857.0,5081.0,stroma,0.5371853310721261,-0.0183683765373102,0.9391525136887284,9.943518351556998e-12,stroma
398,12484.0,6260.0,tumor_core,0.8925668988909041,-0.0635852749929778,0.3188203782386085,3.7773666994171905e-11,tumor_core
399,16483.0,11824.0,stroma,0.115424278804234,0.2897034084119126,2.212243757677673,1.3082322339849966e-10,stroma
400,9473.0,4745.0,other,0.5473983001708984,-0.0350421950171225,0.3549047599931463,1.6684101548364863e-11,other
401,13882.0,8692.0,other,0.5424343381609236,-0.0733291664251117,0.1538091199624344,1.1514214643676644e-11,other
402,14892.0,7425.0,other,0.4541679491315569,-0.0662320880188192,0.0991308778267235,6.104713139653469e-12,other
403,12875.0,9035.0,other,0.5064187349591935,0.0578678208948377,0.1984637110482469,7.42080924178628e-10,other
404,7460.0,5199.0,other,0.5602537100655692,-0.0189078468144139,0.2997841336697426,1.0150174588714462e-11,other
405,12887.0,6030.0,tumor_core,0.7441249683925084,0.0301541337201427,0.4344087177360731,1.5175404878702887e-11,tumor_core
406,14882.0,9968.0,stroma,0.4086973571777343,0.1173777229411147,1.2702513893178646,5.5642380549169e-10,stroma
407,12671.0,9612.0,other,0.3781362697056361,-0.0620928225309952,0.7086590559347707,8.298479844347785e-11,other
408,4846.0,5073.0,other,0.3963690730503626,-0.0431082160975223,0.2436586948734915,2.893070960695025e-12,other
409,16292.0,9396.0,stroma,0.4411872700282506,0.1932426053146056,0.8745091914673436,6.707755111526551e-10,stroma
410,9463.0,7288.0,other,0.3149091202872139,0.0140380687189341,0.214741377222458,4.7748317223107615e-11,other
411,5048.0,4958.0,other,0.2215100969587053,-0.0665466793404773,0.0628879602894915,5.004393464397251e-11,other
412,14685.0,8927.0,tumor_core,0.7508517783028739,-0.0567837016638306,0.3093320804497197,2.227838165392438e-12,tumor_core
413,14889.0,8119.0,other,0.4685800279889787,-0.0742835870953308,0.2428904466638171,2.2066785033137308e-12,other
414,7056.0,5660.0,tumor_core,0.6923064422607422,-0.0496832263908258,0.1324574899353436,7.502463990820816e-10,tumor_core
415,14287.0,7769.0,other,0.3889090292794364,-0.0509676885445381,0.0566571840046693,5.753740833913713e-12,other
416,6857.0,5312.0,stroma,0.2965702819824218,-0.0288299286245901,1.512628048744092,1.7411296982328067e-10,stroma
417,14281.0,9387.0,other,0.5215494537353516,-0.0808597615730005,0.5684329112447005,6.848927160671153e-12,other
418,10468.0,7407.0,other,0.3660806274414062,-0.077302798778317,0.2418905232576715,3.1602367338381145e-10,other
419,6658.0,4733.0,stroma,0.548110705784389,-0.0283529638845386,1.2830474301244017,4.887717628390138e-10,stroma
420,11870.0,8915.0,other,0.4103817694527762,-0.0600321715492069,0.1777407562972714,4.877366765268099e-11,other
421,13072.0,10076.0,stroma,-0.0815219988141741,-0.0528011704767029,1.106976568527441,1.4472615652088988e-10,stroma
422,6659.0,4502.0,other,0.1436890820094517,-0.0254942852517832,0.0752518003304646,1.3905792588271139e-10,other
423,8466.0,5088.0,stroma,0.4850818416050501,-0.0364117574532295,0.7527152543328524,8.576259861306448e-12,stroma
424,12276.0,7992.0,other,0.6072023555210657,-0.0710863413220664,0.1616630060446456,3.515098896169993e-12,other
425,13077.0,8689.0,other,0.6125357219151087,0.0625491951121933,0.1009593476270783,4.532695290631805e-10,other
426,6444.0,7853.0,other,0.6388208661760604,-0.0585857761344782,0.5140320091210984,4.074215538413682e-12,other
427,16692.0,9860.0,interface,0.4593283735002791,0.0864632783027795,0.6287739919221756,1.824238342847559e-09,interface
428,5445.0,6347.0,stroma,0.3442058835710798,-0.0592518682065217,0.8684058440840257,1.8802150578364056e-12,stroma
429,12878.0,8110.0,other,0.5138534818376814,-0.0028786475592632,0.3466064776807366,6.7024093775920875e-12,other
430,12281.0,6605.0,tumor_core,0.9311647306169784,-0.0271612219263279,0.6242813867439131,3.9524609179369225e-11,tumor_core
431,9667.0,6479.0,other,0.2286709240504674,-0.0532239480162145,0.0165340166649676,4.526607969973973e-11,other
432,11078.0,5676.0,other,0.3828727613176619,-0.0182538973447869,0.4080202526922766,1.2162646479470809e-10,other
433,13071.0,10307.0,stroma,0.0383118643079485,-0.0194047350548581,1.5173633105459974,2.3003573975914632e-10,stroma
434,9866.0,7058.0,tumor_core,0.6997388349260604,-0.0657310230676147,-0.1913193394559456,8.775213308715284e-11,tumor_core
435,10869.0,7640.0,interface,0.1920065661839075,0.2012608950353386,0.7303155110872147,6.539628563155175e-10,interface
436,10672.0,6599.0,tumor_core,0.6639590890066964,-0.0485169656300624,0.370410300626965,1.2014240236584278e-11,tumor_core
437,8062.0,5548.0,stroma,0.3428499685014996,-0.0169972384653761,1.181937814787502,1.6531261764241953e-11,stroma
438,11477.0,6602.0,other,0.2842454229082379,-0.0305684194915669,0.0989915558841518,2.5203459148450975e-10,other
439,6849.0,7161.0,other,0.3884628404889787,-0.0462148341048122,0.4058373415572989,4.06844205484837e-12,other
440,10664.0,8679.0,other,0.4024406923566545,-0.0705452092913879,0.6809127401642695,2.0283214785529526e-10,other
441,13287.0,6494.0,tumor_core,0.8783914075578962,0.071351111608006,0.1050562245962375,1.516211954709845e-09,tumor_core
442,6646.0,7738.0,other,0.0910270527430943,-0.0577874709929909,0.7056903683670643,1.1422144446491684e-10,other
443,8668.0,4973.0,tumor_core,1.036592527117048,-0.0337407038762019,0.2249909928523912,5.685400161704054e-12,tumor_core
444,14491.0,7192.0,stroma,0.568802866254534,0.0296782773972354,1.175844821582476,1.0227045174435744e-11,stroma
445,14086.0,7884.0,other,0.5779759216308594,-0.0612336225732911,0.1392181433973011,3.070506992855115e-12,other
446,10071.0,6019.0,stroma,0.5575362287248885,-0.0634433975985217,0.7347749616818596,1.3261465852900778e-10,stroma
447,14479.0,10197.0,stroma,0.6137974657331193,0.0409647068351407,1.023563459987037,3.1546752861628225e-10,stroma
448,12271.0,9148.0,other,0.6090437643868583,-0.066106209388146,0.517309504295927,1.7586507483970498e-11,other
449,6653.0,5889.0,stroma,0.600664438520159,-0.0561226873493513,1.0474006574197332,9.321579482590468e-11,stroma
450,9864.0,7520.0,stroma,0.3518244307381766,0.2321183740295295,1.0997589327116368,5.655967302390065e-10,stroma
451,12475.0,8340.0,other,0.5612752968924386,-0.0691129244290865,0.5326707520855238,1.6331027751691178e-11,other
452,12279.0,7068.0,tumor_core,0.6629702322823661,-0.0582349260515193,0.4224199914977968,3.0470599792430486e-11,tumor_core
453,10471.0,6714.0,tumor_core,0.7238809422084265,-0.0685123839107245,-0.0219536723706545,1.261946689590292e-11,tumor_core
454,11063.0,9374.0,other,-0.008686795915876,-0.0393694970121351,0.4806213799510454,6.050329549168358e-11,other
455,13075.0,9151.0,stroma,0.2307816151210241,0.0084207113520756,1.08995931191961,8.902580831201369e-11,stroma
456,10272.0,6135.0,other,0.4999395261492049,-0.0596444566911678,0.6973506254523508,2.1410042213030223e-11,other
457,14275.0,10774.0,stroma,-0.3308294786725725,-0.0138657212656078,1.8665869521728984,6.81743940141523e-10,stroma
458,9674.0,4861.0,other,-0.1478316824776786,-0.0412650251866981,0.6745901692976544,4.370121805570827e-11,other
459,5850.0,5655.0,other,0.5354999378749303,-0.0380859470686386,0.3666012774034977,2.662684277332683e-12,other
460,13681.0,8576.0,other,0.5312088394165039,-0.071121636840412,-0.0230880519687729,4.814851837159565e-12,other
461,14081.0,9040.0,tumor_core,0.6584813799176896,-0.0499720621268486,0.2302392363433983,6.87455908540947e-12,tumor_core
462,14891.0,7656.0,other,0.6574678203037806,-0.047557741503253,0.2007138466217831,1.904267796713626e-12,other
463,8460.0,6706.0,stroma,0.5338537488664901,-0.0319698135988369,1.0823012303528827,1.271711924854825e-10,stroma
464,15891.0,9163.0,stroma,0.1758106476919991,0.1290342420538931,0.7356426544408898,1.8225389103846951e-09,stroma
465,15289.0,8814.0,tumor_core,0.6784440612792969,-0.0182873972233721,0.035534559708885,4.9625050841582376e-11,tumor_core
466,14481.0,9735.0,other,0.3566318566458565,-0.060029543363131,0.4533240070507602,1.9916087787677705e-11,other
467,12669.0,10074.0,stroma,0.1525055694580078,-0.0606083758299964,1.685422850706662,1.237518307867922e-10,stroma
468,9668.0,6248.0,stroma,0.5849116897583008,-0.0417775246610609,1.205346997152239,3.1685618401415287e-11,stroma
469,10674.0,6137.0,tumor_core,0.8326156398228236,-0.0710450622150331,0.2464723715046107,7.059962052218862e-11,tumor_core
470,14887.0,8812.0,tumor_core,0.6650314658028739,-0.0614130409266239,0.0352196611128283,1.1043511931185941e-12,tumor_core
471,5244.0,6230.0,other,0.6581973866053991,-0.0695260344540395,0.3887027830085499,6.193126082179825e-12,other
472,10870.0,7409.0,stroma,0.1677476283482143,0.2153016516197485,0.9492056161765284,3.1352896416257046e-10,stroma
473,11080.0,5214.0,other,0.2584142548697334,-0.037362516524401,0.4580360030396444,1.346519094024502e-11,other
474,7248.0,7856.0,stroma,0.5764295904976982,-0.0650969795558763,0.9943714827613428,1.0549389222892538e-10,stroma
475,10671.0,6830.0,other,0.0972632680620465,-0.0524015777485825,-0.0926515185135781,1.3572672002535129e-11,other
476,15290.0,8582.0,stroma,0.2819680949619837,0.0018473545519205,1.0977999759429025,1.1566073326979068e-11,stroma
477,15492.0,8237.0,interface,0.5559337180001396,0.089471444437735,0.3143195872796004,3.799079695605876e-10,interface
478,12675.0,8687.0,tumor_core,0.8129696873256139,-0.0734253121060272,0.0191136951757414,4.813875309073372e-10,tumor_core
479,8265.0,5202.0,other,0.6009877068655831,-0.0560770895967515,0.2444301250454106,2.7284478985646192e-11,other
480,15494.0,7774.0,other,0.5951971054077149,-0.0161047273480573,0.2787964474320525,1.5705824131725708e-11,other
481,7861.0,5663.0,stroma,0.4395962851388114,-0.0408774347209611,0.8950282304421824,7.693810994528512e-11,stroma
482,14085.0,8115.0,other,0.5554301834106445,-0.0322479138954427,0.73192595795497,5.846939800507688e-11,other
483,11473.0,7527.0,other,0.5964033726283483,-0.0527285476990766,0.5877580432398092,2.9658850434503945e-11,other
484,12870.0,10191.0,stroma,-0.0626717812674385,0.2590930419024018,1.244558472418488,2.466577453369131e-10,stroma
485,16683.0,12171.0,stroma,-0.2747478103637695,0.3434547341388205,2.422845445451892,3.8745116788522456e-11,stroma
486,11270.0,7873.0,interface,0.7854998070853096,-0.0870479086171025,1.2412435352402245,1.6959102200595884e-10,interface
487,12676.0,8456.0,other,0.5742819486345564,-0.0566301250138809,0.3495198009341013,6.141513073551509e-11,other
488,13886.0,7537.0,tumor_core,0.7865628542218889,-0.0539711980915388,0.3752534816957732,3.740538143481577e-12,tumor_core
489,12885.0,6492.0,tumor_core,1.0992635672433035,-0.0504414708319316,0.0795910246420226,1.1419509404544612e-11,tumor_core
490,12082.0,6027.0,tumor_core,0.8241836711338587,-0.0432747997169111,0.1706948975245766,2.40256081112517e-10,tumor_core
491,8056.0,7166.0,other,0.2350021580287389,-0.072047479176601,0.5822335322774154,8.987588922980196e-11,other
492,16484.0,11592.0,stroma,-0.1114283180236817,0.2062390063917357,2.4063914967406173,9.236306405560164e-11,stroma
493,7656.0,6471.0,other,0.622128780909947,-0.0682890582642826,0.4295843248742195,2.7738526142333096e-10,other
494,15690.0,9046.0,interface,0.3427376501900809,0.0513593317274265,0.7287715983185077,6.88345307099445e-10,interface
495,14683.0,9389.0,stroma,0.5536939947945732,-0.0601119229626097,1.511268605664729,3.849193315929505e-12,stroma
496,14888.0,8581.0,other,0.4850455147879464,-0.0713135199403284,0.0272339110406453,5.754586197169449e-12,other
497,14893.0,7194.0,tumor_core,0.7085749435424805,-0.0653773342885301,0.2134059442426876,5.242033833504657e-12,tumor_core
498,11075.0,6601.0,other,0.5056188801356726,-0.0602817726773163,-0.1040684575659659,3.861786111132274e-12,other
499,10069.0,6481.0,other,0.3599478803362166,-0.0680915041512071,0.0550366997833106,4.523170120131486e-11,other
500,11866.0,9840.0,stroma,0.2818235506330216,0.0701996844548445,1.3158174150856434,2.2224138699111705e-11,stroma
501,10066.0,7406.0,other,0.6177536392211914,-0.0888286641608911,0.7131896590455038,4.886484341368224e-10,other
502,6048.0,6234.0,stroma,0.5544612993512834,-0.0560965585868095,0.9330923102388904,3.56387106184981e-12,stroma
503,9069.0,5206.0,other,0.2602401978628975,-0.059379322473022,0.6550760177729342,9.384039445911586e-13,other
504,5645.0,6463.0,other,0.5082068634033203,-0.0632608343526272,0.0269593954772071,1.0754361782953073e-12,other
505,10062.0,8330.0,other,0.5205413545880998,-0.0480297464989499,0.1778655043041488,1.1623873619492415e-11,other
506,7659.0,5778.0,interface,0.7091360909598214,-0.0447815955681944,0.88394837731483,5.974058380433654e-10,interface
507,9860.0,8445.0,other,0.4959134020124162,-0.03325218022069,0.1017520599145789,1.563413365582421e-11,other
508,14679.0,10314.0,stroma,0.4282339477539062,0.1100555932442081,1.2172506081863652,6.513027938026737e-11,stroma
509,11066.0,8681.0,other,0.4188518960135323,-0.0793573322104769,0.3908525834490445,9.266744434806655e-10,other
510,10867.0,8102.0,stroma,0.2362558092389788,-0.052090740522812,1.3275811989949735,2.615529616340932e-10,stroma
511,10463.0,8563.0,interface,0.3679380089896066,0.0297320009424136,0.6325553837352836,2.518049298522443e-10,interface
512,15495.0,7543.0,other,0.32628538949149,-0.0380897139227111,0.5588091002671853,4.7312996563626765e-12,other
513,11876.0,7297.0,other,0.349174314226423,-0.073005765576825,0.1146828705375284,7.0649245991127304e-12,other
514,13679.0,9038.0,tumor_core,0.8409419413975306,0.0432820852384918,0.0935110227487917,3.934948333683416e-11,tumor_core
515,16684.0,11940.0,stroma,-0.235545790536063,0.2609124987021736,2.4556307916101763,1.233255983210105e-10,stroma
516,15489.0,8930.0,other,0.5261626652308874,0.0326988732186846,0.2633810189632075,7.690934916812494e-11,other
517,10076.0,4863.0,other,0.0740621512276785,0.0012236602330287,0.308543024218551,3.4368676674657753e-11,other
518,12481.0,6953.0,tumor_core,1.0708594022478377,-0.0067724990331408,0.0574409698822812,1.1348000765705884e-11,tumor_core
519,5849.0,5886.0,other,0.4284984861101424,-0.0403382833984783,0.2113096286557892,3.750889863165449e-12,other
520,14089.0,7191.0,tumor_core,0.6597232600620814,-0.0485771683147519,0.1070872404659926,5.524662709600068e-13,tumor_core
521,8260.0,6358.0,interface,0.827521847316197,0.1276004474896651,1.3437636010598817,6.135726337258886e-09,interface
522,7463.0,4506.0,other,0.1786024039132254,-0.0288740528068414,0.7097864763620144,1.4788575242444385e-11,other
523,7261.0,4851.0,other,0.2749908202035087,-0.0199742046088279,0.363237348521773,7.43872048477093e-12,other
524,6450.0,6466.0,other,0.5235296031406946,-0.0205265273118896,0.1293739632472096,5.012643248066659e-12,other
525,6651.0,6352.0,other,0.309231959751674,-0.0419154943256673,0.0609579305749383,6.659712262754107e-12,other
526,12873.0,9497.0,tumor_core,0.7415136500767299,-0.0556709391616259,0.1221317138562152,1.0417518095803196e-10,tumor_core
527,7652.0,7627.0,interface,0.338627700805664,0.0018224340667294,0.6389084840666643,4.720820556719369e-11,interface
528,16482.0,12055.0,stroma,-0.3227101584843227,0.1166023068304444,2.390282805562591,1.685307329490807e-10,stroma
529,8059.0,6242.0,stroma,0.1760444177900042,-0.0526306477677463,1.32717598433234,1.794116043555197e-09,stroma
530,10475.0,5789.0,other,0.5470396259852819,-0.0513706143484466,0.6778789750681627,1.6816186568257618e-11,other
531,13281.0,8112.0,tumor_core,0.7045431028093612,0.0046088746234924,0.2283951781282946,1.2157238108179023e-11,tumor_core
532,11072.0,7294.0,other,0.2323989949907575,-0.0597175100575322,0.3693614385500622,1.2801192326632764e-10,other
533,9662.0,7866.0,stroma,0.0672275624956403,0.1126318056647195,0.8775591196515531,4.814251154106861e-10,stroma
534,10276.0,5210.0,stroma,0.1983834430149623,-0.0459453844306461,0.8172033534868336,5.889444864233821e-11,stroma
535,8061.0,5779.0,interface,0.6823237228393555,-0.0690698017643446,1.2023583272273792,2.72093365016449e-09,interface
536,15888.0,9856.0,stroma,0.1560021727425712,-0.0073350600175634,1.4290664586902009,2.2325879557180832e-10,stroma
537,13687.0,7189.0,tumor_core,0.6586996950422014,-0.0736578555410123,0.2715937686675118,2.449299130785817e-12,tumor_core
538,5644.0,6694.0,other,0.488388671875,-0.0710953613587446,0.3475124216491172,9.44550650718917e-13,other
539,7860.0,5894.0,other,0.6927874265398298,-0.0673011409797796,0.7426530485070907,5.2937232234855406e-11,other
540,13689.0,6496.0,other,0.1455489076886859,-0.0453336900691922,0.7137091280972854,1.4721082910760806e-10,other
541,11472.0,7758.0,other,0.3565316281999861,-0.0626615122409169,-0.266911597402761,1.4011923525223872e-11,other
542,6251.0,5888.0,other,0.2914449855259485,-0.0543080524457338,0.7032520736738224,3.678771595216668e-11,other
543,9070.0,4974.0,stroma,0.3427977643694196,-0.0616385290853953,0.7766526149994804,2.467691115222719e-12,stroma
544,13073.0,9614.0,other,0.5046136256626673,-0.0573216186319306,-0.1362639803900128,1.7627604240461014e-11,other
545,9268.0,5784.0,other,0.2540024185180664,-0.0556908802045228,0.4875056101286057,3.511745949392169e-10,other
546,6054.0,4847.0,stroma,0.3495525932312011,-0.0245426044017574,0.853069881464811,2.78731458853665e-10,stroma
547,13890.0,6612.0,other,0.6048029763357979,-0.0672961716667864,0.5493563289038859,1.992729423833268e-11,other
548,9060.0,7517.0,other,0.5745178876604353,-0.0571371671746805,0.1454829017587956,8.89641581217853e-10,other
549,10865.0,8796.0,other,0.5345985303606307,-0.050936284272567,-0.1825346814134548,5.277562514073214e-11,other
550,12284.0,5912.0,tumor_core,0.8304073660714286,0.0981982312473565,0.1843700792965473,1.0556908429527654e-10,tumor_core
551,5249.0,5075.0,other,0.6169461931501116,-0.0412692449563323,0.324918834726511,7.888239069155468e-12,other
552,13084.0,7071.0,tumor_core,0.8148551613943917,0.0337299980895973,0.7860872537497706,4.5727400332384866e-11,tumor_core
553,12683.0,6607.0,tumor_core,1.0053572572980607,0.0174867069741156,0.6695897284312993,1.6622445804672443e-10,tumor_core
554,13081.0,7765.0,other,0.314524974822998,-0.066224107774205,0.7201450179658708,8.796347303507168e-11,other
555,14680.0,10083.0,stroma,0.5516112191336495,-0.0195302429755395,0.9057148762425892,1.9863654211868254e-11,stroma
556,10476.0,5327.0,other,0.4574080984933035,0.1142539261874546,0.4872191900946378,1.0544673102010919e-10,other
557,6648.0,7045.0,other,0.5021840449741908,-0.0206770230221708,0.1297790252122302,7.12555164682503e-13,other
558,10464.0,8332.0,other,0.4830779702322824,-0.0743955465463491,0.1197686666267372,2.904230835612535e-10,other
559,13473.0,10309.0,stroma,0.2067187908717563,0.2810617570693676,1.161284692678333,4.97705224006501e-10,stroma
560,12476.0,8109.0,other,0.4599306815011161,-0.0685810994942451,0.5653231886866452,7.315812842714983e-12,other
561,13074.0,9383.0,other,0.602704963684082,-0.0489231292096069,-0.05196162175355,4.117266247931164e-11,other
562,10072.0,5788.0,other,0.144079006740025,0.0134031275492846,0.4457928030282859,3.4616727061558444e-10,other
563,10670.0,7061.0,other,0.2879723031180246,-0.0800737234262319,-0.0983471036071631,2.7667534111198188e-11,other
564,9265.0,6478.0,stroma,0.3611016573224748,-0.0700808496379533,1.0362739910443928,5.5823357084295223e-11,stroma
565,8053.0,7860.0,other,0.1981030545915877,-0.05712890625,0.3957225885510101,1.1284535011661823e-10,other
566,8464.0,5550.0,stroma,0.6049102674211775,-0.0457264826847956,0.8654887783675957,2.6841328323230003e-11,stroma
567,8866.0,5783.0,stroma,0.5680845424107142,-0.0707234475126234,1.3162711629017203,4.987216156387807e-11,stroma
568,6249.0,6350.0,other,0.4898105512346541,-0.0572432578606749,0.206631431872184,3.2034361326299036e-12,other
569,8658.0,7284.0,stroma,0.4881178610665457,0.1827789294380806,1.5056822622268105,1.500612938345322e-10,stroma
570,12472.0,9033.0,other,0.5538692637852259,-0.0700452096486171,0.3790699486993075,7.126168086367155e-11,other
571,10864.0,9027.0,other,0.4122325679234094,-0.0555571106365293,-0.0192652278984266,4.0342325431830296e-11,other
572,7452.0,7279.0,tumor_core,0.6704834965297155,-0.0607326852039349,0.5514278539875209,3.335995180879551e-11,tumor_core
573,15691.0,8815.0,other,0.3475655691964285,-0.0687143459766604,0.1570484773081764,2.446467724049957e-10,other
574,8657.0,7747.0,stroma,0.1763142504010881,-0.0773780082779185,1.5877320242979611,9.94877793159532e-09,stroma
575,5651.0,5076.0,other,0.537576288495745,-0.0462007012255614,0.4274245021670114,5.068127788336544e-12,other
576,9061.0,7286.0,tumor_core,0.6602815410069056,-0.0613662758001117,0.4395944983024268,2.8352524536312047e-10,tumor_core
577,10675.0,5906.0,other,0.0771317672729492,-0.0537762019945227,0.5882396487695943,1.9758454014123276e-11,other
578,9266.0,6247.0,stroma,0.1723677934919085,0.0349557521102021,1.0844082919200335,1.7806761515547572e-10,stroma
579,6044.0,7389.0,other,0.5410425567626953,-0.061981890113856,0.2157970178847345,7.814772943440946e-13,other
580,14290.0,7076.0,other,0.4141827610560826,-0.069662629959974,0.7054202362309251,3.596278555903443e-12,other
581,8458.0,7168.0,interface,0.2644476754324776,0.0380725953541073,0.5592891102440634,5.818150123602525e-10,interface
582,15687.0,9740.0,other,0.4091107177734375,-0.0175916793005522,0.57813823074531,6.739533376096528e-10,other
583,11267.0,8797.0,other,0.2400775636945451,-0.054905601169752,0.0499084606152366,3.2592635769733594e-11,other
584,5047.0,5189.0,other,0.5714880970546179,-0.0282115872488372,0.3755429657399368,4.248853106550704e-12,other
585,16297.0,8240.0,interface,0.5652800696236747,0.1136521702028038,0.3770106348529644,3.096122828910949e-10,interface
586,15293.0,7658.0,tumor_core,0.6592779214041573,-0.0595096026774632,0.3611853554744848,5.269549775053227e-12,tumor_core
587,16694.0,9397.0,stroma,0.3863067517961775,0.0246503240737229,0.7531843889479669,4.670606031835201e-10,stroma
588,10873.0,6715.0,other,0.4995394570486886,-0.0652129004232859,-0.2541276907989414,6.1224185492603285e-12,other
589,13889.0,6843.0,stroma,0.5243312018258232,-0.0868252974290114,0.9856052362107364,4.228740095249683e-12,stroma
590,15692.0,8584.0,tumor_core,0.6952288600376673,-0.0722440572885366,-0.0003462006924593,5.381202427863349e-11,tumor_core
591,15094.0,7310.0,other,0.461112551007952,0.0155221390783986,0.3636581058813078,1.3883234664540754e-11,other
592,6052.0,5309.0,other,0.1105356325422014,-0.0450557530125646,0.626163805434025,8.070888185001944e-12,other
593,8463.0,6012.0,stroma,0.2986455808367049,-0.0763214136844494,1.0713564871827344,2.6963995180862875e-10,stroma
594,12076.0,7645.0,other,0.5935957772391183,-0.0564788193208318,0.0479318320694043,6.754587134719146e-12,other
595,14280.0,9619.0,other,0.4659193856375557,-0.0290596294138941,0.410741732881716,9.058499794493876e-12,other
596,15091.0,8004.0,other,0.5640775898524694,-0.0497208726047273,0.6881547189056016,6.737248484430307e-12,other
597,8856.0,8094.0,interface,0.9790910284859794,0.1916665305262026,2.2099954361883585,7.240734339187313e-08,interface
598,10673.0,6368.0,tumor_core,0.6704392569405693,-0.0553312142158431,-0.0517065632491875,3.2106111999337956e-11,tumor_core
599,13877.0,9848.0,other,0.3478139495849609,0.0089049472482906,0.3787670446379415,7.508932912087284e-11,other
600,9464.0,7056.0,other,0.6538610676356725,-0.0491407451821011,0.3840476527081468,9.843335147814767e-11,other
601,14490.0,7423.0,other,0.5799482073102677,-0.0549386002148274,0.6219804147517349,3.3083480022943084e-12,other
602,7254.0,6470.0,other,0.3290939549037389,-0.0721133815803655,0.3449407058159891,9.914494368420872e-12,other
603,7262.0,4389.0,other,-0.0702938733782087,-0.0435746330082615,0.4206999909500605,2.3414291425981923e-10,other
604,8066.0,4624.0,tumor_core,1.0842716653006417,-0.046014166994637,0.9543566909526704,4.255776989525489e-12,tumor_core
605,12877.0,8573.0,stroma,0.5741027014596122,0.0054472836114491,0.7797285785839634,1.3625361274983952e-10,stroma
606,11867.0,9609.0,stroma,0.4055264827183313,-0.0653774363540088,1.184993864591604,1.5673589857481666e-11,stroma
607,6856.0,5543.0,other,-0.4168629373822893,-0.0489813507998667,0.1346794596568736,2.336068509672503e-09,other
608,8659.0,7053.0,stroma,0.2743715940202986,-0.0485876587322324,1.3631927759055325,6.907354445430109e-11,stroma
609,8255.0,7514.0,other,0.645712618146624,-0.0480308468923919,0.1343719778673532,2.2593087857371822e-10,other
610,15287.0,9276.0,stroma,0.1470206914629255,0.0265068862350489,1.9145646685036124,1.5678457373103994e-10,stroma
611,9663.0,7635.0,stroma,0.024318049294608,-0.0731295582442778,0.9126476523745896,9.352011660322786e-10,stroma
612,13285.0,6956.0,tumor_core,0.8583834293910436,-0.0619000782536025,0.2764342921577958,3.3680851889639735e-11,tumor_core
613,16091.0,9279.0,stroma,0.4332570811680384,0.0038666853737272,0.989492000349416,1.9191288964968688e-10,stroma
614,11677.0,6719.0,tumor_core,0.8037553133283342,-0.0603595912257165,0.7166664767242461,4.4909291701025564e-10,tumor_core
615,8864.0,6245.0,stroma,-0.1549620655604771,-0.0083808803239394,2.611992902746594,9.027407494107359e-11,stroma
616,10267.0,7291.0,tumor_core,0.8210316249302454,-0.0655515281651729,-0.0983411358278297,4.24009665358567e-10,tumor_core
617,8467.0,4856.0,tumor_core,0.6855831854684012,-0.0606004338599367,0.3516601012057105,4.105507760558547e-12,tumor_core
618,9664.0,7173.0,other,0.6502787562779017,-9.696457198631048e-05,0.3545002969319388,8.083801826059977e-11,other
619,11469.0,8451.0,stroma,0.6260910470145089,-0.0389216273125996,0.8784159425349616,3.1483565622503514e-11,stroma
620,11065.0,8912.0,other,0.3335534340994698,-0.0391257391326802,-0.1149776587664567,6.998670996806902e-11,other
621,7461.0,4968.0,stroma,0.5957477842058455,-0.0654551145623758,0.9484161356837272,6.082214101987326e-12,stroma
622,8859.0,7401.0,stroma,0.5562253243582589,0.1610967137143763,1.9729751630803196,1.6294951424495391e-09,stroma
623,14886.0,9043.0,tumor_core,0.7057514354160853,-0.0717891833455267,0.3511467770899245,3.88237389103061e-12,tumor_core
624,12273.0,8686.0,stroma,0.3922786930629186,-0.0790462174941863,1.4762077395547957,1.1313385966830588e-11,stroma
625,10060.0,8792.0,other,0.2948023796081543,-0.0342123006099841,-0.0014484806463108,1.206138303110155e-11,other
626,8461.0,6474.0,other,0.1602839006696429,0.1461906453040132,0.3283805664296575,1.7614372971722403e-09,other
627,12077.0,7414.0,other,0.6207669775826591,-0.0372296336502534,0.2722262622983206,1.483164445315099e-11,other
628,14890.0,7887.0,tumor_core,0.7956959969656807,-0.049609678644799,0.419913753224242,3.0555663041927652e-12,tumor_core
629,11466.0,9145.0,immune,0.6293642371041435,0.0532309619529191,0.0206583526881977,7.024782226391041e-11,immune
630,9870.0,6133.0,stroma,0.2943572235107422,-0.0673625078488353,0.9153095512353562,3.126669802714799e-11,stroma
631,10064.0,7868.0,stroma,0.1355216598510742,-0.0737834152170646,1.915862018515714,1.4358399623120628e-10,stroma
632,16283.0,11707.0,stroma,-0.1955992235456194,0.2615470363942277,2.2061285876587733,2.7201180344676104e-10,stroma
633,13887.0,7305.0,tumor_core,0.7351987457275391,-0.0594265532732807,0.1956478632765099,2.822706639231887e-12,tumor_core
634,13086.0,6609.0,other,0.4707060732160295,-0.0345643882368719,0.6064172952310007,5.981300685152353e-11,other
635,16094.0,8586.0,tumor_core,0.748185304914202,-0.0116339424581431,0.3394435309266541,3.114972329926109e-12,tumor_core
636,12886.0,6261.0,tumor_core,0.6940998949323381,-0.0437390349780436,-0.1319879724332492,1.154911667135397e-11,tumor_core
637,10063.0,8099.0,stroma,0.59735413142613,-0.0513032383743337,1.1335302683902495,7.959451030134024e-11,stroma
638,14080.0,9271.0,tumor_core,0.7333186176845007,-0.0673751193145445,0.5190106224579414,1.0464330434427205e-11,tumor_core
639,11465.0,9607.0,other,-0.0163847133091518,-0.0638138059788324,0.4748918024942721,1.1112099375217839e-10,other
640,6050.0,5771.0,other,0.3509180177961076,-0.0413514044771226,0.4275595682350809,4.875316658465897e-12,other
641,11471.0,7989.0,stroma,0.5714500209263392,-0.0750086538767735,0.9514096635871514,2.035181850410877e-11,stroma
642,12282.0,6374.0,tumor_core,0.7103780637468611,-0.0482389839197879,0.337014531586337,5.155122572535779e-11,tumor_core
643,14282.0,9156.0,other,0.4863338797433035,-0.0558873115973329,0.6472900368680433,4.5370870131328355e-12,other
644,6244.0,7506.0,other,0.5485474831717354,-0.0176489008434839,0.3605293628696284,2.789727496931744e-12,other
645,7052.0,6584.0,stroma,0.3565972409929548,-0.0570521849054955,0.7808930130955813,2.513829613938898e-11,stroma
646,8267.0,4740.0,stroma,0.4383073425292969,-0.0303226139234459,0.7657062552462145,6.348408122563435e-13,stroma
647,6456.0,4848.0,stroma,0.1746356064932686,-0.0550276523449747,1.100850379592735,6.855241633234731e-10,stroma
648,15090.0,8235.0,tumor_core,0.7526790073939733,-0.0642293273007191,-0.0291009123007609,1.398467633488979e-11,tumor_core
649,10070.0,6250.0,other,0.4782867649623327,0.0355483959600279,0.4475338776753937,2.521085182008805e-11,other
650,15292.0,8120.0,other,0.6126943860735212,-0.016196736710825,0.2709162781588297,2.2552906953199213e-11,other
651,10466.0,7870.0,stroma,0.3150895173209054,-0.0927514806638992,1.6243131414470144,1.1328029780384955e-10,stroma
652,11682.0,5563.0,immune,0.6014385441371374,0.0983956951560782,0.0365691123278463,2.3954152786796087e-10,immune
653,14693.0,7078.0,tumor_core,0.6676364135742188,-0.0157294748693604,0.6625578597773757,7.182621007760266e-12,tumor_core
654,10068.0,6943.0,other,0.5103153610229492,-0.0551488997545529,0.1131376273794347,7.286223046811601e-11,other
655,9471.0,5207.0,stroma,0.0972572408403669,-0.0693517576491952,0.8526260681371789,2.0622190704092428e-11,stroma
656,10469.0,7176.0,other,0.3710017776489258,-0.0721802408479926,-0.0857129563306916,7.611339710992363e-11,other
657,13477.0,9384.0,other,0.5129721014840263,-0.0822995737643544,0.1944453238526561,3.7712424714864686e-11,other
658,11271.0,7642.0,other,0.6497912161690849,-0.0834648234389697,0.2497956174446318,5.2086522520468904e-11,other
659,8468.0,4625.0,stroma,0.1703536333356585,-0.0410501645958941,0.7843966973250801,2.313345766709844e-12,stroma
660,7450.0,7742.0,other,0.2060599163600377,-0.0461807346662948,0.4404401459149866,6.432957775853855e-11,other
661,13884.0,7999.0,tumor_core,0.7859508732386998,-0.0560018163062258,0.2751841083354712,3.0792380493325226e-11,tumor_core
662,13080.0,7996.0,tumor_core,0.9659405299595424,-0.0079474654235568,0.2889299200685232,3.206650428137225e-11,tumor_core
663,8860.0,7170.0,stroma,0.3281269318716866,-0.0545714196552799,1.3390717254960525,2.1374125824707527e-10,stroma
664,10465.0,8101.0,other,0.4259779848371232,-0.0623439482621923,0.3001778566940176,1.2850941948280929e-11,other
665,12078.0,7183.0,other,0.4754880632672991,-0.0494174702111693,0.7207424853243513,2.0592741539291104e-11,other
666,13280.0,8343.0,tumor_core,0.7548689379010881,-0.0328294278611506,0.3049651650660104,1.500242737707692e-11,tumor_core
667,14485.0,8579.0,tumor_core,0.7135817664010184,-0.0684667733999399,-0.1355208971127796,4.909172324164054e-12,tumor_core
668,11668.0,9030.0,tumor_core,0.6660031127929688,0.0001718182752164,0.2115330161207131,3.735609468331014e-10,tumor_core
669,15694.0,8122.0,tumor_core,0.7597583552769251,-0.0572389774896628,0.4537234726939654,1.4893240748795624e-10,tumor_core
670,8870.0,4627.0,other,0.4277613503592354,-0.0492041565502766,0.1818792173069253,1.3314224650192416e-12,other
671,12483.0,6491.0,interface,0.7739427566528321,-0.0058552618558988,0.9814451835756678,1.7405227987148403e-10,interface
672,12679.0,7763.0,other,0.3429072243826729,-0.0756113569074649,0.5919771459621528,1.7561301836656268e-10,other
673,5447.0,5653.0,other,0.3528172574724471,-0.0607762926797005,0.3338862617543879,2.4658923693565504e-12,other
674,8661.0,6591.0,other,0.3024239131382533,-0.0325890225311585,0.299845047216516,1.6603604397183302e-10,other
675,13275.0,9499.0,other,0.5188246536254882,-0.07666382422814,-0.062811489416106,2.2600987178571685e-11,other
676,16493.0,9512.0,interface,0.6000994982038225,0.0454785758535997,0.5223187504198727,2.32624717354429e-09,interface
677,11868.0,9378.0,other,0.2776627894810267,-0.0668900595062153,0.4455301576469911,1.5128139981005218e-11,other
678,10263.0,8447.0,other,0.3309013257707868,-0.0496137261789379,0.093033373641602,5.0632931569400085e-11,other
679,10669.0,7524.0,interface,0.1160973085675921,0.0274787095677493,0.5786280709739384,1.5949624765631664e-10,interface
680,12471.0,9265.0,other,0.4811276463099889,-0.079186391670967,0.289437200741937,2.4042152104613603e-11,other
681,12871.0,9960.0,stroma,0.1363860375540596,0.2777410044917295,1.679899191010604,3.2706865687757027e-10,stroma
682,7857.0,6588.0,stroma,0.4930797358921595,-0.0048236077196621,0.7583217373973228,5.2094317668711065e-11,stroma
683,5649.0,5538.0,other,0.3011323329380579,-0.0540018177351425,0.3215202965192346,6.009261769023136e-12,other
684,9860.0,8676.0,other,0.5519152559552873,-0.0639612969746159,0.526363149242456,1.2733220444448142e-11,other
685,8868.0,5089.0,other,0.2772429602486747,-0.0366805724077001,0.5297902153870975,3.1751172635110465e-12,other
686,8067.0,4392.0,stroma,0.3586768995012557,-0.0131861071124124,0.8533221360935346,4.0782809374428046e-12,stroma
687,14686.0,8696.0,other,0.5364327784946986,-0.0603527400804602,0.3396949105157606,1.8535568337080524e-12,other
688,11280.0,5561.0,other,0.3489095551627023,-0.0590831794866351,0.3640133811094845,3.827873229603954e-11,other
689,5646.0,6232.0,other,0.458761989048549,-0.0587657686061285,0.4555233839259966,1.9093123110376955e-12,other
690,7653.0,7165.0,other,0.4623021697998046,0.0516516899434619,0.2780135192212757,1.1496811722165978e-10,other
691,7256.0,6007.0,other,0.6069173976353236,-0.0486074052128106,0.5259009824846071,2.8268972841152456e-11,other
692,14090.0,6960.0,other,0.4753328432355608,-0.0661445094590203,0.3198556136536347,3.2069419589588818e-12,other
693,14078.0,9733.0,other,0.2606086676461356,-0.0765534467920411,0.2906436682433204,3.2803691328053566e-11,other
694,13284.0,7187.0,tumor_core,0.7840769522530693,-0.0556411232836669,0.0441269079082192,2.4518784070048797e-11,tumor_core
695,8867.0,5551.0,other,0.5314118303571428,-0.0363045121515076,0.4903947966439383,5.4131232108241584e-11,other
696,11667.0,9261.0,tumor_core,0.6623235539027623,-0.0384510576126966,0.5509075290976183,2.682652447902128e-11,tumor_core
697,14077.0,10196.0,other,0.3907950047084264,-0.0407991707574165,0.1784577493128132,5.945822072813142e-10,other
698,12473.0,8802.0,stroma,0.3772239794049943,-0.0659946454408575,0.8743917075693892,7.28231328094154e-11,stroma
699,13878.0,9617.0,tumor_core,0.6822589601789202,0.0422310978174209,0.4728861892897695,4.667116544408078e-11,tumor_core
700,11064.0,9143.0,stroma,0.5400850949968611,-0.046579191915965,0.754990273216884,5.4443156618393765e-11,stroma
701,13273.0,9961.0,stroma,0.1889812905447823,0.3241304506027579,1.5165558665962258,9.902059305176659e-11,stroma
702,9071.0,4743.0,stroma,0.6295445033482142,-0.0437589249882012,0.7399277984238768,3.3474539816563645e-12,stroma
703,6447.0,7160.0,other,0.5377645056588309,-0.0687293687393035,0.084475231536397,3.310747877803831e-12,other
704,6446.0,7391.0,other,0.5834746442522322,-0.0209193013508782,0.3190001129304003,1.4941598820374094e-12,other
705,6657.0,4965.0,other,-0.1135077871595109,-0.0448671009229577,0.4613728893568966,3.3310680192492946e-11,other
706,9666.0,6710.0,other,0.5546472876412528,-0.0713097754130794,-0.0414475379717086,6.393587219830758e-11,other
707,8263.0,5665.0,other,0.4093205724443709,-0.053865955824836,0.6840687410714871,1.8725141815442028e-10,other
708,8457.0,7399.0,other,0.3040474373953683,-0.0079908321633386,0.5111617168781285,2.1326415134208291e-10,other
709,14888.0,8350.0,tumor_core,0.8457713535853796,-0.0525245794085754,0.1013219395397035,2.414599335638947e-12,tumor_core
710,8662.0,6360.0,stroma,-0.0530841609409877,-0.0441003850471215,1.1773799135495238,9.519640141064523e-10,stroma
711,10874.0,6484.0,immune,0.519941793169294,0.0626097673107947,-0.1128034808834584,2.3527634017457892e-11,immune
712,8861.0,6938.0,other,0.1433621978759766,-0.0366114549413572,0.7249247257455769,5.811210680141887e-11,other
713,12879.0,7879.0,stroma,0.5186186872209823,-0.0722907968986791,0.9982980909192094,4.3756344688803134e-11,stroma
714,12267.0,10073.0,stroma,0.2032548114231653,-0.0498981029293608,1.8326381672377323,1.6392306410138236e-10,stroma
715,6850.0,6930.0,other,0.5212114879063197,-0.0560009678869343,0.0049551934546729,7.461976690342346e-12,other
716,9469.0,5669.0,other,0.4404916054861886,-0.0502052913142685,0.208763085984315,6.444394692129743e-10,other
717,8667.0,5204.0,tumor_core,0.827285396030971,-0.037470926010489,0.3729449927749707,2.9598301635427016e-11,tumor_core
718,14489.0,7655.0,other,0.4371756417410714,-0.0539208670523653,0.3595607987071958,3.3699869525887285e-12,other
719,10269.0,6829.0,tumor_core,0.7720001329694475,-0.047224035231166,-0.2303298093442835,2.7251411274771408e-11,tumor_core
720,14279.0,9850.0,stroma,0.3951938847133093,-0.0797123542198768,1.0173289444393987,1.6028866086889543e-10,stroma
721,16693.0,9628.0,other,0.0980789784022739,0.0803530142458785,0.3695003526894266,3.0453236167982774e-10,other
722,15480.0,11242.0,stroma,0.2528292710440499,-0.0218738983307395,1.3645004572370023,3.9058851223823615e-10,stroma
723,11883.0,5679.0,other,0.2227171679905483,-0.0442889095548802,-0.3275652586670872,3.201856553631651e-11,other
724,6858.0,4850.0,stroma,0.1335680021558489,-0.0234155399743529,1.023351267908815,3.757239626683298e-11,stroma
725,12268.0,9842.0,stroma,0.3353462873186384,0.0096938117441525,1.421780494806979,8.180331020613809e-11,stroma
726,14283.0,8925.0,tumor_core,0.8130956431797571,-0.0565143189701348,0.0632204950027246,3.026080280571259e-12,tumor_core
727,10277.0,4979.0,other,0.4641721507481166,-0.0707290292184887,0.6494027189874694,4.93031899825924e-11,other
728,9470.0,5438.0,stroma,-0.0535587392534527,-0.0448837248377975,0.7678426868734972,1.4703857618086116e-11,stroma
729,7058.0,5197.0,stroma,0.3579609625680106,-0.0322695703410783,0.9163231561647964,6.021318204045446e-12,stroma
730,5650.0,5307.0,other,0.6079937253679548,-0.0596783870837361,0.3790489303757108,9.776470223310751e-12,other
731,13282.0,7650.0,interface,0.6593922369820732,0.0172308686883951,0.761899426936646,3.5583486173806e-10,interface
732,14075.0,10658.0,stroma,0.0592527879987444,0.2090028544333467,2.185038600420563,2.1059610760746204e-10,stroma
733,6650.0,6583.0,other,0.4785666983468192,-0.0418549221893616,0.2741727691825947,2.5398774247258082e-12,other
734,6250.0,6119.0,other,0.2749591500418527,-0.0500338819114659,0.1529715854392414,8.521606608741247e-12,other
735,8256.0,7283.0,other,0.389557593209403,-0.0021998278771754,0.2482476312156377,1.3192567582786042e-10,other
736,9872.0,5671.0,other,0.6374243818010603,-0.0571386535032138,0.4019307203283704,8.824958948934475e-12,other
737,9057.0,8211.0,stroma,0.2887976728166852,0.1196916664523823,1.5864238830449366,1.1948698348760868e-08,stroma
738,13085.0,6840.0,stroma,0.2116210256304059,0.0322717466830808,1.0603784257590714,3.767805017960986e-11,stroma
739,15896.0,7776.0,tumor_core,0.8420097460065569,-0.0635259366753109,0.3099796586845887,1.0181681226258287e-10,tumor_core
740,14284.0,8694.0,other,0.5319730813162667,-0.0604278219982134,0.352095303119429,5.027540727330544e-12,other
741,14883.0,9737.0,interface,0.409940458025251,0.0154316742783007,0.7045051651513017,4.789222318885544e-10,interface
742,11674.0,7643.0,tumor_core,0.704622083391462,-0.0625898431376071,0.4928825635352275,2.1085837432792854e-11,tumor_core
743,8261.0,6127.0,stroma,0.1900522668021065,0.0890425729213351,1.1847519476827473,5.154376756790228e-10,stroma
744,5245.0,5999.0,other,0.5892886189052038,-0.0361093916621893,0.3719269902456984,3.041911805202849e-12,other
745,8268.0,4509.0,stroma,0.4504997907366072,-0.0400499197152944,1.0877963145650131,1.0376918484040298e-12,stroma
746,11871.0,8453.0,other,0.3752564838954382,-0.0460299999020171,0.490258192170272,5.979480512001765e-12,other
747,15084.0,9622.0,stroma,0.3569431849888391,-0.0657491141737105,1.2608092839285832,1.0788495882621587e-10,stroma
748,5844.0,7042.0,stroma,0.2894553211757116,-0.0684675644073996,0.8280344027686555,1.145477468193601e-12,stroma
749,9270.0,5322.0,other,0.0198587308611187,-0.0616706414366246,0.560611936069975,1.992220031939904e-11,other
750,15696.0,7660.0,other,0.3809752001081193,-0.0539991831699741,0.442014589062816,3.2269340982205506e-11,other
751,16092.0,9048.0,other,0.4561749812534876,-0.0607053635511111,0.6555469865881242,6.406962546247075e-10,other
752,14477.0,10660.0,stroma,-0.2166264070783343,0.3235579561629024,2.199209156566704,7.416075960385797e-10,stroma
753,8456.0,7630.0,other,0.4046327318464006,-0.0578574368786253,0.3999905755398715,5.37635217629097e-10,other
754,10262.0,8678.0,other,0.1789164134434291,-0.0590624857108329,0.5013956269276106,3.3529016627937716e-11,other
755,16690.0,10322.0,stroma,-0.0276956013270787,-0.0459862138116638,1.4161006656840571,4.4651612976590965e-10,stroma
756,14482.0,9504.0,other,0.5238926151820592,-0.0172927946375564,0.4574398230957733,4.837967578434703e-12,other
757,11071.0,7525.0,stroma,0.0202226884024483,-0.0788374808321031,1.4390031845663331,1.8854512207306414e-10,stroma
758,5845.0,6811.0,other,0.6516433116367885,-0.071885584190139,0.5697713158846129,1.142345295306588e-12,other
759,6645.0,7970.0,stroma,0.2483961895533971,0.0086984294513396,2.20928078758408,1.1261901638507899e-10,stroma
760,13481.0,8228.0,tumor_core,0.711155526297433,-0.0197851599683131,0.3171165563230432,1.560210219441503e-11,tumor_core
761,9062.0,7055.0,stroma,0.3158159119742256,-0.0388215457316625,1.583410848249982,9.640712403664662e-11,stroma
762,11675.0,7412.0,other,0.2779645456586564,-0.0591424795297476,0.4804121764485696,1.1890955605133238e-11,other
763,12270.0,9379.0,stroma,0.4838953454153878,-0.0553850027231069,0.8275061952073417,1.4371735216639198e-11,stroma
764,7862.0,5432.0,other,0.4464748137337821,-0.0428620469211335,0.4257019807371174,1.8210542505095204e-11,other
765,8058.0,6473.0,stroma,0.1214942387172154,-0.0565948613909973,1.7689294421889985,9.876343696724363e-10,stroma
766,13479.0,8691.0,other,0.4309347970145089,-0.0327040039401588,0.2240540265808397,7.300729156884824e-12,other
767,11475.0,7065.0,other,0.1316306141444615,-0.0553207078506316,-0.1207156048753688,6.979512550035957e-12,other
768,10265.0,7984.0,stroma,0.0760718263898577,-0.0658706869170019,1.3323137771591815,2.326335288628257e-11,stroma
769,12083.0,5796.0,other,0.0913596235002789,-0.0415213147932071,0.434361237464678,1.244855398822611e-10,other
770,16093.0,8817.0,other,0.4674451174054826,-0.088030499359437,0.5367742878592939,3.6135643578444135e-10,other
771,11281.0,5330.0,other,0.4141015842982701,-0.0360683422024832,0.7079761309454562,1.6352688827201464e-11,other
772,11672.0,8106.0,other,0.4011744580950056,-0.0632733118573957,-0.1644384652976221,2.4076478913158488e-11,other
773,12277.0,7530.0,other,0.4741348702566964,-0.0446911591749924,0.3836322777108972,1.6080234664059108e-10,other
774,6047.0,6465.0,other,0.4426174436296736,-0.0590524832939224,0.0119330025816466,2.659680643139416e-12,other
775,15291.0,8351.0,other,0.3386244855608259,-0.0477093310659147,-0.2028724843223622,3.6048620229951505e-11,other
776,7253.0,6701.0,other,0.5106481988089425,-0.0689972076926343,0.2857586964893432,6.899535135902227e-12,other
777,8858.0,7632.0,interface,0.6948103659493583,0.0970826325408591,2.36837253223101,3.94566213387304e-09,interface
778,14083.0,8578.0,tumor_core,0.6911215645926339,-0.0672228886530949,0.4281221707052375,3.2511314128861008e-12,tumor_core
779,10270.0,6597.0,other,0.551330462864467,-0.0557627087851431,-0.2512069351949719,3.0534168984567045e-11,other
780,7651.0,7858.0,other,0.6066842760358537,-0.0115810789691165,0.3358705196947517,2.957849971597704e-11,other
781,12882.0,7186.0,tumor_core,0.6794936152866907,-0.0345236832481562,0.3402047742476057,4.0225865341179565e-11,tumor_core
782,11673.0,7874.0,other,-0.0521937710898263,-0.0268529043548481,0.1686521255387099,3.0207333049729035e-11,other
783,11869.0,9147.0,other,0.2931046867370606,-0.0590987636094109,0.0676285194184842,2.7365333529510747e-11,other
784,8063.0,5317.0,other,0.3310568400791712,-0.0506795321818578,0.4240452436335592,8.44911841405694e-12,other
785,11079.0,5445.0,other,0.3233714921133859,-0.0387364613969987,0.679407027400923,1.6679560433690526e-11,other
786,12080.0,6720.0,tumor_core,0.6689674213954382,0.0328953420637443,0.3681540722357804,5.608520822406487e-10,tumor_core
787,6243.0,7737.0,stroma,0.4035863058907645,-0.0807886921043778,0.7363114864462745,5.640240330015366e-12,stroma
788,13082.0,7533.0,tumor_core,0.7155210549490792,-0.0512140873682538,0.2178269868157626,1.9443940604195632e-10,tumor_core
789,11681.0,5794.0,other,0.1306742313929966,0.1078406178632308,0.3442375991397027,1.6318443106297282e-10,other
790,13486.0,7073.0,stroma,0.556394168308803,-0.0593749464156236,0.8298629164581446,2.251210928418623e-12,stroma
791,9066.0,5899.0,stroma,-0.0266959708077567,-0.044273625249448,0.8503771129984868,9.759423069145743e-11,stroma
792,12480.0,7184.0,other,0.5705383464268274,-0.0475880868458827,0.1191660578390324,3.273265143090578e-11,other
793,10467.0,7638.0,other,-0.1686102649143763,0.219282628401466,0.4974874330046993,2.9297261641848115e-10,other
794,10275.0,5442.0,tumor_core,0.7635780497959681,-0.0410865796449591,0.6159220098420506,7.734109974588677e-11,tumor_core
795,8658.0,7515.0,stroma,0.1559111513410296,-0.0504675836467424,0.992789693669642,4.5787770656959247e-10,stroma
796,6451.0,6235.0,other,0.454530645098005,-0.0621050193556973,0.4008570544900282,6.338974313875629e-12,other
797,11278.0,6024.0,interface,0.7023397445678711,-0.0080780911206401,0.956921723750728,7.628731610747813e-09,interface
798,10879.0,5328.0,other,0.0371826171875,-0.0306863720999114,0.3618630567424478,8.445140238976849e-12,other
799,8665.0,5666.0,other,0.4422179739815848,-0.0396078677480436,0.4860262783924662,1.8265558124186367e-11,other
800,10061.0,8561.0,other,0.2500238418579101,-0.0519349024846003,0.280821609588506,5.8486178535727156e-12,other
801,15288.0,9045.0,other,0.2769365910121374,0.071691899096288,0.4661454212631271,4.564150120705001e-12,other
802,9068.0,5437.0,stroma,-0.1718508965628487,0.0194264908498744,1.3879451751708984,9.531619554452572e-11,stroma
803,9262.0,7171.0,other,0.1866652924673897,-0.0563655904304223,-0.2588174530552309,9.599841003521148e-11,other
804,15496.0,7312.0,tumor_core,0.7247719900948661,-0.0483986111388956,0.1992888190030823,1.0932692629414127e-10,tumor_core
805,5450.0,4960.0,other,0.1284702273777552,-0.0450963272298857,0.3027465720647591,1.0855414613249724e-11,other
806,9271.0,5091.0,tumor_core,0.7090028272356307,-0.0369015792540483,0.4384865847667134,3.4055440857373896e-12,tumor_core
807,16090.0,9510.0,other,0.6149437168666295,-0.0829447232759915,0.6903864402441827,1.6162211918595563e-10,other
808,15487.0,9623.0,other,0.465864988054548,-0.0036639684069914,0.5406452345368046,2.372811180078113e-10,other
809,9670.0,5786.0,stroma,0.2908596665518624,0.0856733866609059,0.7427161802838657,1.250656680823724e-09,stroma
810,11467.0,8914.0,other,0.4099725232805525,-0.0617731853472349,0.6436785901838616,5.6624750588322694e-11,other
811,10473.0,6251.0,tumor_core,0.6781270490373884,0.0144979515452448,0.5036440869420051,5.414683288206001e-11,tumor_core
812,5446.0,5884.0,tumor_core,0.8677969578334265,-0.0503325382602653,0.1269127753414106,8.374504823846567e-12,tumor_core
813,13276.0,9268.0,tumor_core,0.7000094604492187,0.0273614069540365,0.0823518102943955,1.8893978318787687e-11,tumor_core
814,6046.0,6927.0,other,0.33229186466762,-0.072274657794863,0.164159538876176,8.862841973641625e-13,other
815,13876.0,10079.0,immune,0.4464387730189733,0.1672104625996937,0.0922695984662093,1.1218726723112548e-10,immune
816,8257.0,7052.0,stroma,0.0146697398594447,-0.0650545011794686,0.9753376365508007,9.807080023849146e-11,stroma
817,7665.0,4391.0,other,0.2370786121913365,-0.0344598668076122,0.6987905488603983,9.148114802898655e-12,other
818,5449.0,5191.0,other,0.4355644798278808,-0.0709560100848858,0.3274698074574896,3.3853401130615125e-12,other
819,15079.0,11009.0,stroma,-0.5444712829589844,0.2707381331202976,1.1731664048631034,1.0550426890565566e-09,stroma
820,5049.0,4727.0,other,-0.2363227816990444,-0.036979190481945,0.3750081496636454,1.876132925785136e-10,other
821,10271.0,6366.0,other,0.3375911712646484,0.083142908969053,0.2218351812170655,5.358026195947932e-11,other
822,9263.0,6940.0,other,0.2914724486214775,-0.0539617953093155,0.5465318925771594,5.493463067408918e-11,other
823,8055.0,7397.0,other,0.1630460902622768,0.0266099347169183,0.4399290802609085,9.255276418347194e-11,other
824,6242.0,7968.0,stroma,0.5226289258684431,-0.0044636140549461,1.1162523725003088,3.459288622835126e-12,stroma
825,12474.0,8571.0,other,0.4736526543753487,-0.0065816168776124,0.2356582058241817,2.6401047787042508e-11,other
826,6449.0,6697.0,other,0.4933919906616211,-0.067490121592646,-0.1678090013227893,2.774849978103921e-12,other
827,11270.0,8104.0,stroma,0.1477846608843122,-0.0195716902563803,1.8100019292200515,1.1060245372038848e-10,stroma
828,13677.0,9501.0,other,0.513363549368722,0.0962346049156476,0.1795554677683463,2.7307995455032384e-11,other
829,16494.0,9050.0,stroma,0.3489422934395927,0.0653466161676872,0.8418136827097643,5.0374515127988815e-11,stroma
830,12681.0,7301.0,other,0.5863307135445731,-0.0525350092246779,0.2373877810608963,7.830330234667863e-11,other
831,4646.0,4956.0,tumor_core,0.7500256838117326,-0.0796258983803433,0.3052238480813893,8.299262655774269e-12,tumor_core
832,15895.0,8007.0,tumor_core,1.023249626159668,-0.056695746737579,0.2493676604383401,2.212217076960933e-10,tumor_core
833,10667.0,7986.0,stroma,-0.161323732648577,0.0786621217743608,0.887399951426432,5.6646924789836705e-11,stroma
834,12684.0,6376.0,other,0.6492392621721541,-0.056289130628707,0.07409711675013,7.552086918787406e-11,other
835,11279.0,5792.0,other,0.2804828316824777,-0.0185198417076697,0.6672180638445875,8.25785617919989e-10,other
836,13676.0,9732.0,tumor_core,0.7184576906476702,-0.0719327958531204,0.2467675369057879,1.7641664191290875e-11,tumor_core
837,15491.0,8468.0,other,0.5906073706490653,0.0455947811886618,0.2073261346935883,2.6369826802694224e-10,other
838,15088.0,8697.0,other,0.517950439453125,-0.074930771537449,0.0063110732849355,1.5519269346529788e-11,other
839,14684.0,9158.0,tumor_core,0.7030686732700892,-0.0035062219237404,0.140818111277038,5.2209217982481395e-12,tumor_core
840,7059.0,4966.0,other,0.4907107652936662,-0.0186656422439626,0.5697892043643121,6.046101051873781e-12,other
841,14691.0,7540.0,tumor_core,0.6662766483851843,-0.0515199584705773,0.4250335268183385,2.4401668577485848e-12,tumor_core
842,9660.0,8329.0,other,0.1383377293178013,-0.0560331057545333,0.5194619417419142,1.6772028797175163e-10,other
843,12276.0,7761.0,other,0.6665742220197405,-0.0582152848259661,0.7670325336840329,1.4107198637844534e-11,other
844,6649.0,6814.0,tumor_core,0.690477796282087,-0.0726746651639906,0.0780661862740008,8.18609562771035e-12,tumor_core
845,7851.0,7974.0,stroma,0.0707010841369628,0.0148432766115386,0.930348349669064,4.2377359959227306e-11,stroma
846,14289.0,7307.0,stroma,0.5299815695626395,-0.0679147522585049,0.7939923598233714,4.353668529712913e-13,stroma
847,11678.0,6487.0,interface,0.4932995278494698,0.099164354561962,0.5270490472634481,9.672323272636803e-10,interface
848,15889.0,9625.0,interface,0.5233768299647741,0.0228043054059197,0.6790654931292438,3.050231563402967e-09,interface
849,12677.0,8225.0,other,0.3459773090907506,-0.061710364045108,0.3390889867268725,9.939399088766742e-12,other
850,12275.0,8224.0,other,0.4694158390590124,-0.065201226684162,-0.158064513055613,3.488504879378946e-12,other
851,9063.0,6824.0,other,0.5614122881208147,-0.0502867969780861,0.361715122928784,2.6142247540151277e-11,other
852,8054.0,7629.0,other,0.6320300674438477,-0.0623987255287808,0.2718422021984711,1.2268894734337227e-10,other
853,10876.0,6022.0,other,0.248680577959333,-0.0552163331404976,0.6464793359787557,1.4234615206899499e-10,other
854,14079.0,9502.0,tumor_core,0.7680537741524833,-0.0226757444291808,0.383159510812732,1.8199305944839263e-11,tumor_core
855,8058.0,6704.0,other,0.0741924204145159,-0.0497318318855004,0.6202643660548093,1.2062322642075489e-10,other
856,15279.0,11125.0,stroma,0.3656918144226074,-0.0242242063566992,1.105612816998051,2.42938236728363e-10,stroma
857,11074.0,6832.0,other,0.3618932887486048,-0.045745865557106,0.0601230412864502,7.207717026889387e-12,other
858,16293.0,9164.0,stroma,0.385206663949149,-0.0561985857909339,0.910804477885494,4.5970784909131624e-10,stroma
859,12067.0,9725.0,stroma,0.3203897476196289,0.0673653085694265,1.6785216646935086,7.796965364452153e-12,stroma
860,7050.0,7278.0,other,0.1420343671526228,-0.0716699644873373,0.2978569480625347,1.7103655700592108e-11,other
861,8463.0,5781.0,other,0.2640530286516462,-0.0424549747071537,0.5169057580905816,5.261427931121492e-11,other
862,10880.0,5097.0,other,0.5108060673304967,-0.028444446448897,0.7289689750707962,4.4307131985783045e-11,other
863,14689.0,8002.0,tumor_core,0.6661752046857561,-0.0549099325735034,0.3228662592338349,3.3601497887516138e-12,tumor_core
864,7458.0,5661.0,other,0.3126213700430733,0.0469268801868161,0.4631331590998092,2.584831692694659e-09,other
865,5643.0,6925.0,other,0.4991238566807336,-0.0658498272847969,0.2752948799389321,4.420272126575241e-12,other
866,14278.0,10081.0,interface,0.4872110203334264,0.0964497704569711,0.6101126876567718,3.2749017875215814e-09,interface
867,8865.0,6014.0,stroma,-0.1451295253208705,-0.0295587622601052,0.9204624684407864,1.2843832631631418e-10,stroma
868,11874.0,7760.0,other,0.5240489523751395,0.0124206429341166,0.2527960258842314,4.246553283228083e-11,other
869,9059.0,7748.0,other,0.1691053172520228,-0.0716407227276958,0.502021549074899,9.60013480934024e-09,other
870,12672.0,9381.0,other,0.48537353515625,-0.0585008512771249,0.3963177659024671,1.79686623490175e-11,other
871,11875.0,7528.0,other,0.2757210186549597,-0.0745136171679034,0.1364461326416249,1.059643196346996e-11,other
872,11476.0,6833.0,tumor_core,0.8084852436610631,-0.0552859673133263,0.1705019531176852,1.8473259929769697e-11,tumor_core
873,6655.0,5427.0,tumor_core,1.240623920985631,0.1668978496439082,0.1201912344130665,6.361837193831681e-09,tumor_core
874,9871.0,5902.0,other,0.0287825175694057,-0.0576822861381199,0.6019277266322252,2.3493198461344256e-10,other
875,11679.0,6256.0,tumor_core,0.6701640265328543,-0.0582857419017166,0.5273752774853949,1.0470486579875402e-10,tumor_core
876,14486.0,8348.0,other,0.6189343752179827,-0.0598130242082984,0.0431262827331015,6.864359955784001e-12,other
877,9861.0,8214.0,other,-0.2141198566981724,-0.0287296173963259,0.4917090517448213,1.0473353252101131e-10,other
878,12482.0,6722.0,tumor_core,0.8668791798182898,-0.0477119815788141,0.156449175292442,3.138516033866674e-11,tumor_core
879,9865.0,7289.0,other,0.5135538101196289,-0.0668590252216045,0.4691855329109403,3.1371061316657087e-10,other
880,11468.0,8683.0,other,0.5327297973632813,-0.0564317352396987,0.3237948865698488,5.949845020435934e-12,other
881,9259.0,8096.0,interface,0.6650475529261999,-0.0578047391961649,1.3897635824728332,8.891373037245938e-09,interface
882,9867.0,6827.0,other,0.5970311083112444,-0.0468008908938404,-0.1313237019261828,6.395655122412075e-11,other
883,13278.0,8806.0,tumor_core,0.701924067905971,-0.0760218770208964,0.1545962359281194,1.5630595697986368e-11,tumor_core
884,11676.0,6950.0,other,0.1564583424159458,-0.0463945522754886,0.3940247360149028,4.802059682219771e-11,other
885,6041.0,8083.0,stroma,0.1035553632463727,-0.0408922980062937,1.060579204833633,1.5079643878775666e-11,stroma
886,6855.0,5774.0,other,0.1658574894496373,-0.0412565665101526,0.3506282941721316,1.2743031078475607e-10,other
887,4846.0,5304.0,other,0.6356140899658204,-0.0569799544420529,0.4755876944369118,7.035535405156615e-12,other
888,6455.0,5079.0,other,0.2195642498561314,-0.0407880604466467,0.6045449989296904,2.1146441613734662e-11,other
889,11466.0,9376.0,other,0.1695648247855049,0.0561263959443688,0.3195015083451971,6.091216487420066e-11,other
890,11275.0,6717.0,other,0.6492118835449219,-0.029909350800275,-0.2402550604976606,5.105449707230977e-12,other
891,12280.0,6837.0,tumor_core,0.6677299227033342,-0.0497918655242409,0.5346624350616367,2.505237741890339e-11,tumor_core
892,12674.0,8919.0,tumor_core,0.8655456760951452,-0.0908283884310004,0.0746151228307648,9.105153088737103e-10,tumor_core
893,14480.0,9966.0,stroma,0.4631953266688756,-0.0174290230840344,0.9122245455748282,6.179956907065739e-11,stroma
894,6254.0,5194.0,other,0.2279144423348563,-0.0432553275373069,0.6498983384093067,6.784771244927733e-12,other
895,9458.0,8443.0,other,0.6917258889334542,-0.0512113156525985,0.8586407676982056,6.459053790265214e-10,other
896,15688.0,9509.0,interface,1.0531907980782649,-0.0546608290146027,1.0884175616051297,3.417286467034855e-09,interface
897,6859.0,4619.0,stroma,0.5984761483328682,0.2559369124696406,1.2293906289573369,8.217473498275381e-10,stroma
898,9064.0,6361.0,stroma,0.4982621874128068,0.0544717480307039,1.3176720638403157,1.97157723726379e-09,stroma
899,12681.0,7069.0,tumor_core,0.7162371826171875,-0.0461315040205633,0.1082328959142259,5.6626908019101366e-12,tumor_core
900,12071.0,8801.0,other,0.3860823113577706,-0.058042998297956,0.0842897752558853,7.237887166502423e-12,other
901,10266.0,7522.0,tumor_core,0.6582115336826868,0.0880385074129072,0.3975270464230589,1.1076441139260174e-09,tumor_core
902,7865.0,4507.0,other,0.5078036499023437,-0.0328413220153604,0.5824010461311668,2.53054408762983e-12,other
903,6445.0,7622.0,other,0.4376324190412248,-0.0706360411883197,0.2992554721301947,6.181034024832203e-13,other
904,7060.0,4735.0,other,0.0365873990740094,-0.0173685462977176,0.5635290424752898,1.1146905478834815e-10,other
905,4847.0,4842.0,tumor_core,0.92927061353411,-0.0385935218836551,0.2012497928432856,1.1570285157763339e-11,tumor_core
906,9058.0,7979.0,interface,0.7600033187866211,-0.0523857926843955,1.2842830811570956,6.65656640266705e-08,interface
907,10073.0,5556.0,other,0.3281131635393416,-0.0541611164309906,0.4444383637674245,3.5071989187853156e-11,other
908,11683.0,5332.0,other,-0.2786720521109445,-0.0190212846201,-0.0069408489896604,9.230647437186935e-11,other
909,15093.0,7541.0,other,0.6305460357666015,-0.0624180669369904,0.3035452770478202,1.6594172560053361e-12,other
910,7048.0,7740.0,stroma,0.2703430339268274,-0.0675014891353339,1.4229617187412225,2.1881749939419947e-10,stroma
911,10477.0,5096.0,other,0.3851425497872489,-0.0322739432089304,0.264859745395035,1.0524911197488375e-11,other
912,13286.0,6725.0,other,0.3781011635916573,-0.0358459191976183,0.6270463011751696,1.8174438445977643e-10,other
913,7053.0,6353.0,other,0.4854953547886439,-0.0667180919328262,-0.0291731894759181,1.1818583781526008e-11,other
914,16294.0,8933.0,other,0.2401663262503487,-0.0660782689633576,0.7028355950477139,5.624399729252501e-11,other
915,14690.0,7771.0,other,0.6412268338884627,-0.0431956830232039,0.2728749267892664,1.8877664241243426e-12,other
916,5045.0,5652.0,tumor_core,0.6669582966395787,-0.0361985968905547,0.4476786921602653,4.3503574486531046e-12,tumor_core
917,13487.0,6842.0,other,0.6253359603881836,-0.0506416148565286,0.5497186236504968,2.5237863588997008e-11,other
918,15890.0,9394.0,stroma,0.4532556097848075,-0.000666935956199,0.8718886261132625,5.305787034294577e-10,stroma
919,8253.0,7976.0,other,0.2083590943472726,-0.0536674895015448,0.7248111434088,4.689117152413473e-10,other
920,7653.0,7396.0,other,0.3334348242623466,-0.0592945124393322,0.3721368968886817,3.0200669028989354e-11,other
921,13489.0,6379.0,other,0.4288484954833984,-0.0634134924132688,0.685554207228517,2.965149360137673e-10,other
922,14286.0,8232.0,other,0.5898195103236608,-0.0562232473622197,0.5149223075274196,1.8519695784540792e-11,other
923,13475.0,9847.0,other,0.5944109725952148,-0.0015764297500103,0.0435840052589131,3.015733277408382e-11,other
924,12469.0,9958.0,stroma,0.3702920504978724,0.0241493873771616,1.7990415468883425,1.129306527519008e-10,stroma
925,8455.0,7861.0,stroma,0.1997073146275111,-0.0726733893455071,1.5148041835795882,6.660759743641804e-09,stroma
