node_id,x,y,region,tumor_score,immune_score,stroma_score,coexact_energy,exhaustion_score,state
0,12207.0,4880.0,other,0.1619401277814592,0.0354512548446655,0.0068798383076985,1.373043862051168e-10,0.01772562742233275,MIXED
1,4965.0,5837.0,other,-0.1984100832257951,0.4552496290206909,0.2771165584382556,2.1487775624915568e-10,0.22762481451034544,MIXED
2,14423.0,5449.0,other,0.2144339534214563,0.2011631989479065,-0.0430887980688186,1.0921684785975444e-10,0.10058159947395325,MIXED
3,15235.0,7065.0,other,0.2713358851841517,-0.092506639957428,0.0245725313822428,2.9020649441266144e-11,-0.046253319978714,MIXED
4,9199.0,7554.0,tumor_enriched,0.4484220559256416,0.1508708190917969,-0.3666267522176106,7.190379850512708e-11,0.07543540954589845,MIXED
5,15231.0,6140.0,other,-0.1064525958469936,0.0821164631843566,0.3415538351876395,9.340685875936279e-11,0.0410582315921783,MIXED
6,15650.0,9839.0,stroma_enriched,0.2004298618861607,-0.0940759420394897,1.1057553754534042,2.367783373105755e-09,-0.04703797101974485,STROMA
7,15443.0,8568.0,other,0.1177252905709402,-0.0732283997535705,-0.0237184506370907,1.4042569103118988e-10,-0.03661419987678525,MIXED
8,11218.0,8933.0,tumor_enriched,0.6315583583286829,-0.2343064808845519,-0.2456800444920857,2.0896469612971783e-10,-0.11715324044227594,TUMOR
9,11003.0,5811.0,tumor_enriched,0.5499684524536133,0.169015531539917,-0.2321146651676723,1.768567317913233e-09,0.0845077657699585,MIXED
10,10600.0,5581.0,immune_enriched,-0.0042255783081054,0.5656079292297364,0.1085039738246372,1.8453427918017174e-09,0.2828039646148682,MIXED
11,11619.0,8700.0,tumor_enriched,0.3511281694684709,-0.2373683536052704,-0.2365491962432861,2.0870619457952375e-10,-0.1186841768026352,MIXED
12,9387.0,4430.0,other,-0.0118158313206263,0.0295812988281249,0.1157050328027634,1.7065805301341883e-09,0.01479064941406245,MIXED
13,12822.0,7538.0,stroma_enriched,-0.2488589559282574,0.7724226570129394,1.6390820058186848,8.292174163664857e-09,0.3862113285064697,IMMUNE_ACTIVE
14,15233.0,6602.0,stroma_enriched,0.1115292794363839,0.2650006866455078,0.7134528477986654,1.8262235272736206e-10,0.1325003433227539,STROMA
15,11022.0,10206.0,other,0.0282575362069266,-0.042606337070465,0.0686002822149367,1.5853829965012142e-10,-0.0213031685352325,MIXED
16,12811.0,4993.0,tumor_enriched,0.3346280942644393,-0.3582960450649261,-0.1667291486830938,4.867354224611392e-10,-0.17914802253246306,MIXED
17,7380.0,5826.0,immune_enriched,0.0930524226597377,0.7868219089508057,0.7336181059337797,3.1757530987569347e-10,0.39341095447540286,IMMUNE_ACTIVE
18,12413.0,5920.0,other,0.3185242516653878,0.0689790654182433,-0.3692697855404445,5.197061589342365e-11,0.03448953270912165,MIXED
19,7579.0,5247.0,immune_enriched,-0.1994493321010044,0.5105222964286804,0.54633607228597,4.735882592630942e-10,0.2552611482143402,MIXED
20,10197.0,5583.0,immune_enriched,-0.0195629010881696,0.9214892101287842,0.0843954517727806,2.998147262769017e-10,0.4607446050643921,IMMUNE_EXHAUSTED
21,6990.0,8604.0,other,-0.0636787360055106,0.2743401575088501,0.573636607215518,2.3065116228330829e-10,0.13717007875442505,MIXED
22,11407.0,6040.0,other,0.3351893751961844,0.4322803211212158,-0.23939331417992,1.1196825244285318e-10,0.2161401605606079,MIXED
23,14632.0,7183.0,other,0.1987518228803362,-0.1570007824897765,-0.3494222852161952,6.747359824768983e-12,-0.07850039124488825,MIXED
24,13029.0,8810.0,other,0.0739965656825474,-0.0267506718635559,0.1357022203717913,4.7369921824008876e-09,-0.01337533593177795,MIXED
25,5369.0,6066.0,other,-0.4212391647270748,0.3840000677108764,0.263240469069708,1.2815938008037906e-10,0.1920000338554382,MIXED
26,12825.0,8232.0,other,0.0312767601013184,0.0608333754539489,-0.1037157412937709,7.552029030675043e-10,0.03041668772697445,MIXED
27,6987.0,7910.0,other,0.0804384967258998,0.3274485921859741,0.1137658736819313,8.080255214147002e-10,0.16372429609298705,MIXED
28,6168.0,4675.0,interface_like,0.4560482542855399,0.369767644405365,1.2241065197899228,2.6191907751132457e-08,0.1848838222026825,STROMA
29,6791.0,9183.0,other,-0.0784723717825752,0.0167923307418823,0.1319221133277529,2.2279600138817726e-10,0.00839616537094115,MIXED
30,13016.0,5802.0,tumor_enriched,0.5805745370047433,0.1045969676971435,-0.257613296508789,2.3144976831647068e-10,0.05229848384857175,MIXED
31,12212.0,6037.0,other,0.23913058417184,0.4011002826690674,0.0210698709033784,7.488315236398977e-11,0.2005501413345337,MIXED
32,9403.0,8131.0,tumor_enriched,0.411414909362793,0.1833301210403442,-0.3188765920911516,1.3909519769620207e-10,0.0916650605201721,MIXED
33,13233.0,9618.0,stroma_enriched,-0.0975130789620536,0.2079465651512146,0.683418763478597,1.097342944726147e-09,0.1039732825756073,STROMA
34,14224.0,6028.0,other,0.0527094568525042,0.1538824081420898,-0.2212051518758138,3.3887107481011397e-11,0.0769412040710449,MIXED
35,9192.0,5934.0,tumor_enriched,0.3834399604797363,0.106935555934906,-0.1452442364465622,5.443741460993888e-09,0.053467777967453,MIXED
36,5382.0,9074.0,stroma_enriched,-0.3058187103271484,0.7718358802795411,1.064344665890648,1.6966811287359795e-10,0.38591794013977054,IMMUNE_ACTIVE
37,6187.0,9070.0,stroma_enriched,-0.2948650142124721,0.5463503360748291,0.8138816506522042,1.9655412106639686e-10,0.27317516803741454,STROMA
38,9406.0,8825.0,stroma_enriched,0.2011550630841936,0.3088047456741333,0.7101310947963171,4.26131484215474e-11,0.15440237283706665,STROMA
39,9200.0,7785.0,tumor_enriched,0.7079835183279855,0.0702237796783447,-0.3522908817018781,3.7329607329853553e-10,0.03511188983917235,TUMOR
40,9400.0,7437.0,tumor_enriched,0.5807996531895228,0.1158448028564452,-0.371878019514538,2.676581806088919e-10,0.0579224014282226,MIXED
41,7382.0,6289.0,stroma_enriched,0.0655504035949706,0.4245801496505737,0.747994005112421,3.0625486579751183e-10,0.21229007482528686,STROMA
42,14033.0,8227.0,stroma_enriched,-0.0140898105076381,0.373882462978363,1.6715896588280086,1.259511206475488e-09,0.1869412314891815,STROMA
43,12827.0,8695.0,stroma_enriched,0.1131907980782644,0.1789702892303467,0.8773861421857561,4.848260877584002e-10,0.08948514461517335,STROMA
44,12003.0,4303.0,other,0.1048896653311592,0.1012691712379455,-0.0961563614436558,1.72903156313014e-09,0.05063458561897275,MIXED
45,15643.0,8220.0,stroma_enriched,0.2170497621808732,0.1329872417449951,1.5842639359973725,5.421438823206521e-10,0.06649362087249755,STROMA
46,12224.0,8813.0,tumor_enriched,0.472765175955636,-0.1094348812103271,-0.3589883427392869,6.466277958992949e-11,-0.05471744060516355,MIXED
47,9202.0,8248.0,tumor_enriched,0.430323873247419,-0.0330634260177612,-0.2423041275569371,2.264864934428902e-11,-0.0165317130088806,MIXED
48,13626.0,7303.0,tumor_enriched,0.3263307789393834,-0.1555580508708953,-0.1477074341546921,3.0687025707307446e-10,-0.07777902543544765,MIXED
49,7585.0,6635.0,stroma_enriched,-0.3356156376429966,0.1707892489433288,0.7114217703683037,1.308503877985395e-09,0.0853946244716644,STROMA
50,7381.0,6058.0,stroma_enriched,-0.3546432059151785,0.3423640775680542,0.6758256984892346,1.9195201795549195e-10,0.1711820387840271,STROMA
51,7186.0,7331.0,stroma_enriched,-0.0475055912562778,0.1879410624504089,0.7860154233660017,1.040650047380701e-09,0.09397053122520445,STROMA
52,11004.0,6042.0,other,0.2759998321533203,0.4678038311004638,-0.2029087193806966,3.7125002416770534e-10,0.2339019155502319,MIXED
53,11201.0,5000.0,other,0.0823527581351143,0.3256738066673279,0.0090255560193743,4.0270609401069455e-10,0.16283690333366396,MIXED
54,10998.0,4654.0,stroma_enriched,-0.3409953498840332,0.7431588077545166,0.8021636327107747,1.089473409226934e-09,0.3715794038772583,IMMUNE_ACTIVE
55,12620.0,7423.0,stroma_enriched,0.1321124976021903,0.7070277309417725,1.4183154660179502,5.257109935565064e-10,0.35351386547088626,IMMUNE_ACTIVE
56,13624.0,6841.0,stroma_enriched,-0.0579025377546038,0.1370172309875488,0.7586007090977259,3.0596058216050487e-10,0.0685086154937744,STROMA
57,5765.0,4676.0,other,0.1988596643720355,-0.1275703561305999,0.3441120365687778,9.129365307759842e-09,-0.06378517806529994,MIXED
58,15845.0,8566.0,stroma_enriched,0.1532319668361118,0.1582311964035034,0.9593012237548828,5.776563665093284e-10,0.0791155982017517,STROMA
59,11812.0,6733.0,immune_enriched,-0.2586808722359793,0.7074868440628052,0.6301840718587239,9.92800030716548e-10,0.3537434220314026,IMMUNE_ACTIVE
60,13638.0,10079.0,stroma_enriched,-0.2027420834132602,0.5238651633262634,1.4972624133882069,2.197055269551447e-09,0.2619325816631317,STROMA
61,7578.0,5016.0,stroma_enriched,-0.132516907283238,0.5318973827362061,0.9757858349028088,7.848035704326421e-10,0.26594869136810306,STROMA
62,13014.0,5339.0,tumor_enriched,0.6895289938790458,0.1040516257286071,-0.2739451353890555,4.2212893756654864e-10,0.05202581286430355,TUMOR
63,10004.0,7550.0,tumor_enriched,0.4493338012695312,-0.1708326089382171,-0.3660881567001343,1.1126692782839088e-10,-0.08541630446910856,MIXED
64,8589.0,6052.0,stroma_enriched,0.1123667689732142,0.9555816411972046,1.2690437262398857,1.2063857716440322e-09,0.4777908205986023,IMMUNE_EXHAUSTED
65,11011.0,7661.0,interface_like,0.4192438343593053,0.589332103729248,0.2403897249130975,1.2429002184977774e-08,0.294666051864624,MIXED
66,6777.0,5945.0,other,-0.3505302756173271,0.2843908882141113,0.0547202123914445,3.991750292229635e-10,0.14219544410705565,MIXED
67,7176.0,5017.0,stroma_enriched,-0.4824824905395508,0.3096584486961364,0.5828546723865328,1.1041495960485903e-08,0.1548292243480682,MIXED
68,5970.0,5485.0,stroma_enriched,-0.0029098919459751,0.8112783432006836,0.9391665395100912,2.980230613591686e-10,0.4056391716003418,IMMUNE_EXHAUSTED
69,13835.0,9037.0,stroma_enriched,-0.1530145754132952,0.3243011331558227,1.396643224443708,1.4931736469256608e-10,0.16215056657791135,STROMA
70,12427.0,9391.0,stroma_enriched,0.0948714501517159,0.233162407875061,0.8715656571161179,2.757866489405625e-11,0.1165812039375305,STROMA
71,6778.0,6176.0,immune_enriched,-0.0036736106872559,0.5462633371353149,0.5149301855904715,3.618868187138987e-10,0.27313166856765747,MIXED
72,15449.0,9956.0,interface_like,0.4710785293579101,0.2160506439208984,0.8928509848458427,2.384744386883513e-09,0.1080253219604492,STROMA
73,15440.0,7874.0,other,0.1405242047991071,-0.0230519866943359,0.2990645072573707,2.2818171972514103e-10,-0.01152599334716795,MIXED
74,12025.0,9392.0,stroma_enriched,-0.0569018282209123,0.6744773244857788,1.4902586437406995,1.1168258495155167e-09,0.3372386622428894,IMMUNE_ACTIVE
75,11210.0,7082.0,tumor_enriched,0.4629968643188477,-0.0043807196617126,-0.3293589907600766,1.5121666913423852e-10,-0.0021903598308563,MIXED
76,15025.0,4868.0,tumor_enriched,0.4658801923479353,0.2695150923728943,-0.2291138403756278,3.8247382733955003e-10,0.13475754618644714,MIXED
77,14826.0,5447.0,other,-0.0350485011509487,0.337103533744812,0.0654676146734328,2.98848851794176e-10,0.168551766872406,MIXED
78,12217.0,7194.0,tumor_enriched,0.4713202667236328,0.063536615371704,-0.1828389358520508,5.47339304343973e-10,0.031768307685852,MIXED
79,11008.0,6967.0,tumor_enriched,0.4010545948573522,0.0195922112464904,-0.3094804039455595,4.96181302324375e-10,0.0097961056232452,MIXED
80,8599.0,8366.0,immune_enriched,-0.1693353189740862,0.9772910499572752,0.7894166183471679,1.451762713021739e-09,0.4886455249786376,IMMUNE_EXHAUSTED
81,12019.0,8004.0,immune_enriched,0.1214118903023856,0.8158171653747559,0.6143580146062942,1.2769972784873844e-09,0.40790858268737795,IMMUNE_EXHAUSTED
82,14428.0,6606.0,other,0.1617727988106864,0.3588692903518676,-0.0305712036859421,4.073502769878426e-10,0.1794346451759338,MIXED
83,11012.0,7893.0,other,0.2192434310913086,-0.1740861344337463,-0.3555890128726051,1.1082453392321947e-09,-0.08704306721687315,MIXED
84,12411.0,5458.0,other,-0.0858551733834402,0.253373429775238,0.0593182690938313,7.589755670808232e-10,0.126686714887619,MIXED
85,7789.0,7213.0,other,0.2044894000462123,0.4338544464111328,-0.0172531691051665,8.93890956361487e-10,0.2169272232055664,MIXED
86,11005.0,6273.0,other,0.0755812072753906,0.0111417841911315,-0.2903065844944545,1.2632644559378868e-10,0.00557089209556575,MIXED
87,8398.0,8482.0,immune_enriched,0.0597876957484654,0.4936377906799316,0.5610009166172572,3.149926849897635e-12,0.2468188953399658,MIXED
88,7593.0,8486.0,other,0.2746150207519531,0.2543227314949036,-0.1240270560128347,5.54842511244389e-10,0.1271613657474518,MIXED
89,14020.0,5219.0,tumor_enriched,0.3414098167419434,0.0430908274650573,-0.4760584577492305,2.005424572544341e-09,0.02154541373252865,MIXED
90,12818.0,6613.0,other,0.2807484763009208,0.2705966401100159,-0.1987455667768206,1.1077358031472947e-09,0.13529832005500794,MIXED
91,6389.0,9416.0,immune_enriched,-0.1803284399850028,0.5142241644859313,0.5719157064528693,1.2263962200888527e-10,0.25711208224296567,MIXED
92,13235.0,10081.0,tumor_enriched,0.4701471274239677,0.3156409978866577,0.4020448748270671,6.244352373430266e-10,0.15782049894332886,MIXED
93,10597.0,4887.0,interface_like,0.0974289580753871,0.4330866551399231,0.4555669793628511,2.183278814401983e-09,0.21654332756996156,MIXED
94,10616.0,9514.0,other,0.291504361288888,0.0656515741348266,0.1974319003877185,7.363344721225618e-11,0.0328257870674133,MIXED
95,11211.0,7314.0,other,0.084223210471017,0.2973625230789184,0.0061215700422014,5.979278926120054e-10,0.1486812615394592,MIXED
96,10193.0,4657.0,other,-0.4092213930402483,0.337147946357727,0.0072849959418887,1.214447996435134e-09,0.1685739731788635,MIXED
97,12428.0,9622.0,other,0.1925445365905761,0.077577691078186,0.0718738710312616,7.138997220395102e-11,0.038788845539093,MIXED
98,13426.0,7651.0,tumor_enriched,0.4652552141462053,-0.1797992193698883,-0.309941177368164,1.1367133263866514e-09,-0.08989960968494415,MIXED
99,10393.0,4310.0,stroma_enriched,-0.1025628866468157,-0.05555011510849,1.545624771118164,2.399401674097526e-09,-0.027775057554245,STROMA
100,11817.0,7889.0,other,0.1359883390154157,0.0842586755752563,-0.3508151263282412,7.346011223185739e-11,0.04212933778762815,MIXED
101,11808.0,5807.0,other,0.1943369511195593,0.0563613033294677,-0.3910631896200633,1.7800471332533694e-10,0.02818065166473385,MIXED
102,9814.0,10211.0,other,0.1025816672188895,0.0580565404891967,0.2324336369832356,1.410739704227192e-10,0.02902827024459835,MIXED
103,8189.0,6748.0,immune_enriched,0.0929296548025948,0.5205611324310302,0.2770454679216657,1.4057777995059072e-10,0.2602805662155151,MIXED
104,14220.0,5103.0,other,0.2382088851928711,0.1596276140213013,-0.0064213975270589,5.823799838669644e-10,0.07981380701065065,MIXED
105,13634.0,9154.0,stroma_enriched,-0.3978531306130545,0.5146635198593139,1.3282936314174107,3.774394224689715e-10,0.25733175992965696,STROMA
106,9793.0,5122.0,immune_enriched,-0.2498789215087891,1.1738340950012207,0.0177013973962693,3.496566353242649e-09,0.5869170475006104,IMMUNE_EXHAUSTED
107,11813.0,6964.0,stroma_enriched,-0.3748038332802908,0.6367848777770997,1.0805665715535482,4.854549569479982e-10,0.31839243888854984,IMMUNE_ACTIVE
108,14438.0,8919.0,stroma_enriched,-0.1414965166364398,0.3832674694061279,0.6556110209510441,9.222623880915827e-10,0.19163373470306394,STROMA
109,7797.0,9063.0,other,0.2314814894539969,0.1441345691680908,-0.2227458433877854,3.6618967206642655e-10,0.0720672845840454,MIXED
110,9394.0,6049.0,interface_like,0.1304357746669224,0.4476709175109863,0.291147951398577,7.15148505760199e-09,0.22383545875549316,MIXED
111,12419.0,7540.0,other,0.0800058010646275,0.1779060459136963,0.3292055057343982,1.0583830900651572e-09,0.08895302295684815,MIXED
112,10997.0,4423.0,stroma_enriched,-0.0998181043352398,0.4402082204818726,0.6559797850109281,6.480500663029758e-10,0.2201041102409363,STROMA
113,11404.0,5346.0,tumor_enriched,0.3348127746582031,0.0652701425552367,0.014425290879749,9.353111169092675e-11,0.03263507127761835,MIXED
114,15851.0,9954.0,other,0.259038805280413,0.0018974757194519,0.4065546971275693,6.21265483295851e-10,0.00094873785972595,MIXED
115,13211.0,4298.0,tumor_enriched,0.4577859878540039,0.003020589351654,-0.05886261622111,4.1359618124025744e-10,0.001510294675827,MIXED
116,7778.0,4668.0,stroma_enriched,-0.3236448887416294,0.0861122608184814,0.8293046315511068,2.0733217500872628e-09,0.0430561304092407,STROMA
117,6582.0,7449.0,other,-0.2475271606445312,0.0464121007919311,-0.256260263352167,3.4453388185323158e-09,0.02320605039596555,MIXED
118,7194.0,9413.0,other,0.1454970795767647,0.0268056988716125,-0.1380904483795166,1.7864552270273536e-10,0.01340284943580625,MIXED
119,9389.0,4892.0,other,0.0666048404148647,0.2284634566307067,-0.402980690456572,2.7242572623339195e-09,0.11423172831535335,MIXED
120,13414.0,4875.0,tumor_enriched,0.7012814385550362,-0.0710066616535186,-0.354114895321074,5.350648826033315e-10,-0.0355033308267593,TUMOR
121,8806.0,9637.0,stroma_enriched,0.0372196742466518,0.5042125511169433,1.7359892327444897,1.571796373992599e-09,0.25210627555847165,STROMA
122,5579.0,8263.0,stroma_enriched,-0.0126089136941092,0.2119382858276367,0.8235283751714798,2.8001952727442e-09,0.10596914291381836,STROMA
123,10813.0,8472.0,tumor_enriched,0.5522791453770228,-0.0259041476249695,-0.2805280129114786,3.026383784169428e-11,-0.01295207381248475,MIXED
124,12027.0,9855.0,stroma_enriched,-0.2472352763584682,0.3653901767730713,1.8413262103852772,6.838474998815676e-10,0.18269508838653564,STROMA
125,9006.0,9521.0,stroma_enriched,0.1317062732151577,0.097940776348114,1.3535521552676246,3.123672259364535e-09,0.048970388174057,STROMA
126,7780.0,5131.0,stroma_enriched,-0.0373458535330636,0.7292799949645996,1.2718201682681127,7.44370159251157e-10,0.3646399974822998,IMMUNE_ACTIVE
127,14434.0,7994.0,stroma_enriched,-0.0813484246390205,0.3495550417900085,0.8421242250714982,1.3499075861488634e-10,0.17477752089500426,STROMA
128,13627.0,7535.0,other,0.110166563306536,-0.0415439772605896,-0.1210712700798398,2.2550554856924726e-10,-0.0207719886302948,MIXED
129,12630.0,9737.0,interface_like,0.1006838117327008,0.3727403998374938,0.5672631181989397,1.770225715490855e-09,0.1863701999187469,MIXED
130,12834.0,10314.0,stroma_enriched,0.2359449441092355,0.6007325792312622,0.8745505832490467,1.6117566010694943e-09,0.3003662896156311,IMMUNE_ACTIVE
131,12018.0,7773.0,other,0.1670158658708844,0.2931033611297607,-0.0858003779820033,9.780927415826124e-11,0.14655168056488035,MIXED
132,8803.0,8943.0,stroma_enriched,0.0092257526942661,0.3677826499938965,0.6492923554920015,2.7084875583859564e-10,0.18389132499694824,STROMA
133,10398.0,5466.0,immune_enriched,-0.4351731688635689,0.608961374759674,0.1579248891557966,2.7061310492997015e-10,0.304480687379837,IMMUNE_ACTIVE
134,10412.0,8705.0,tumor_enriched,0.6258435658046179,-0.1291777896881103,-0.4002724504470825,9.456150565942468e-12,-0.06458889484405515,TUMOR
135,15229.0,5677.0,immune_enriched,-0.1141900716509137,0.5280922985076903,0.3757515707470121,1.2687385969126846e-10,0.2640461492538452,MIXED
136,14242.0,10192.0,stroma_enriched,-0.3869435623713901,0.4992529535293579,1.3084061540876115,7.851365292028197e-10,0.24962647676467895,STROMA
137,12206.0,4649.0,tumor_enriched,0.3528661237444197,0.092747049331665,-0.2637812471389771,1.5441845280840851e-09,0.0463735246658325,MIXED
138,14227.0,6722.0,stroma_enriched,-0.0296047483171735,0.8539920091629029,1.0595931570870536,4.3812430758198414e-10,0.4269960045814514,IMMUNE_EXHAUSTED
139,7191.0,8719.0,immune_enriched,-0.1329731450762067,0.9024399852752684,0.4468693469819568,3.644135869199804e-10,0.4512199926376342,IMMUNE_EXHAUSTED
140,8583.0,4664.0,stroma_enriched,0.0507792336600166,0.6967305564880371,0.8626352564493815,1.376158668963077e-09,0.34836527824401853,IMMUNE_ACTIVE
141,13632.0,8691.0,tumor_enriched,0.3550671441214424,0.073535988330841,-0.0354816963559104,3.1531690476250576e-10,0.0367679941654205,MIXED
142,11820.0,8583.0,immune_enriched,-0.262313814163208,0.7411293029785156,0.2187914811997187,2.2043686139537324e-10,0.3705646514892578,IMMUNE_ACTIVE
143,9401.0,7668.0,tumor_enriched,0.6660483169555664,0.1945570588111877,-0.4205406094732739,9.290165321345568e-11,0.09727852940559385,TUMOR
144,10609.0,7663.0,other,0.2980337006705147,0.2283887767791748,-0.1091763491857619,2.4281119318426686e-10,0.1141943883895874,MIXED
145,9405.0,8594.0,stroma_enriched,-0.0669009154183524,0.6395560836791991,1.0349893987746466,4.5595971138368007e-10,0.31977804183959957,IMMUNE_ACTIVE
146,13620.0,5915.0,tumor_enriched,0.3897220666067941,0.1908221936225891,-0.2690496653602237,5.401401443380828e-11,0.09541109681129455,MIXED
147,11612.0,7081.0,other,0.1415041324070521,0.0535830521583556,0.0750186338878812,1.5326959709179513e-10,0.0267915260791778,MIXED
148,5380.0,8611.0,stroma_enriched,-0.3612042093276977,0.4407861804962158,1.2955956195649647,1.2377292819982127e-09,0.2203930902481079,STROMA
149,8193.0,7674.0,other,0.118171580178397,-0.1614490115642547,-0.4219223091715858,9.92775891635783e-10,-0.08072450578212735,MIXED
150,8200.0,9293.0,stroma_enriched,-0.2083944674900599,0.4267717790603638,1.032888892037528,1.237635028891485e-09,0.2133858895301819,STROMA
151,13829.0,7649.0,other,0.2337246159144811,0.0202361512184142,-0.0312534282321022,1.804764138541574e-11,0.0101180756092071,MIXED
152,9395.0,6280.0,other,-0.1804968615940638,0.4038585638999939,0.3480604262579054,1.450514376281178e-09,0.20192928194999696,MIXED
153,11408.0,6272.0,other,0.1243632616315569,0.2856990170478821,-0.1478091376168387,5.3356247388383905e-11,0.14284950852394104,MIXED
154,12418.0,7308.0,other,0.2304905482700893,0.3155125570297241,-0.272033542905535,2.04068282127554e-10,0.15775627851486204,MIXED
155,14429.0,6837.0,other,0.1040531812395367,-0.0285603713989257,-0.068608747663952,1.2703457888865054e-10,-0.01428018569946285,MIXED
156,7591.0,8023.0,other,-0.0525816753932407,0.4147359490394592,0.2276139686221168,1.96191049831655e-10,0.2073679745197296,MIXED
157,10612.0,8357.0,tumor_enriched,0.620140871320452,-0.1075123929977416,-0.4243594249657222,1.617620177576334e-11,-0.0537561964988708,TUMOR
158,12606.0,4184.0,stroma_enriched,0.1316363797869,0.3964548063278198,1.063553684779576,3.6147611607486504e-09,0.1982274031639099,STROMA
159,8582.0,4433.0,stroma_enriched,-0.4238605417524065,0.5488088369369507,1.0051109059651693,7.348656489950531e-10,0.27440441846847535,STROMA
160,7799.0,9526.0,stroma_enriched,-0.0729116794041224,0.4226004552841186,1.1527386619931177,1.2613682948530564e-10,0.2113002276420593,STROMA
161,7592.0,8254.0,other,-0.1425474766322544,0.4487439584732056,0.2944386000860305,1.5608554698696808e-10,0.2243719792366028,MIXED
162,9799.0,6510.0,other,0.2168606948852539,-0.0651053869724273,0.047533757346017,1.1899735676240141e-08,-0.03255269348621365,MIXED
163,15036.0,7644.0,tumor_enriched,0.4548036738804407,-0.0209953904151916,-0.2904832190559024,1.320420613948651e-10,-0.0104976952075958,MIXED
164,8586.0,5358.0,other,-0.3191882692064557,0.3421796321868896,0.1050755891345796,3.124347754574405e-09,0.1710898160934448,MIXED
165,12024.0,9161.0,stroma_enriched,0.2787991224016463,0.3939657044410705,0.6688458542596726,6.4337220520637e-10,0.19698285222053524,STROMA
166,12008.0,5459.0,other,0.2638488960266113,-0.0623883843421936,-0.2463614929290045,2.9053559859034584e-11,-0.0311941921710968,MIXED
167,7383.0,6520.0,stroma_enriched,-0.0884033121381487,0.0913689112663269,0.6717688442411878,6.067823165188087e-10,0.04568445563316345,STROMA
168,12409.0,4995.0,other,0.2521750967843192,0.0895972251892089,0.5296664755684989,2.0487777994120088e-10,0.04479861259460445,MIXED
169,11802.0,4419.0,interface_like,0.2216190365382603,0.4493107056617736,0.4208127621241978,5.120199172757101e-09,0.2246553528308868,MIXED
170,11412.0,7197.0,other,0.1822171538216727,0.1466034507751464,-0.3830781659625826,5.042791520943647e-11,0.0733017253875732,MIXED
171,15039.0,8338.0,other,0.4631766836983817,0.0610636186599731,0.51542418888637,4.198865950960435e-09,0.03053180932998655,MIXED
172,6373.0,5484.0,stroma_enriched,0.1637059347970145,0.2440138745307922,0.6065360577901204,2.2615380308000807e-09,0.1220069372653961,STROMA
173,7994.0,8021.0,tumor_enriched,0.4261452593122209,-0.0338392996788025,-0.4284524195534842,2.545363400867389e-09,-0.01691964983940125,MIXED
174,4963.0,5374.0,immune_enriched,-0.4879844106946673,0.5930023956298829,0.5514530000232516,4.5387011530184245e-10,0.29650119781494144,MIXED
175,8985.0,4431.0,stroma_enriched,0.0350898824419293,0.4269535255432128,1.0467434401739213,3.971286620276195e-10,0.2134767627716064,STROMA
176,14234.0,8342.0,other,-0.289325613294329,0.1349309682846069,0.3824003537495931,1.4247277006465252e-09,0.06746548414230345,MIXED
177,10400.0,5929.0,immune_enriched,-0.2680495452880859,1.1183199501037595,0.4482880110967727,1.2278117260534991e-09,0.5591599750518798,IMMUNE_EXHAUSTED
178,7596.0,9180.0,other,0.0655776514325823,0.0403084850311279,-0.0279144523257301,3.7613221530806617e-10,0.02015424251556395,MIXED
179,12821.0,7307.0,immune_enriched,-0.0748631858825683,0.5008084392547607,0.204146496000744,2.9583596646618942e-09,0.25040421962738035,MIXED
180,15041.0,8801.0,tumor_enriched,0.3263866342817033,0.1066914510726928,-0.0220010525839668,3.0371397224615967e-10,0.0533457255363464,MIXED
181,13436.0,9965.0,stroma_enriched,-0.271612434387207,0.2647954750061035,0.6967108190627325,2.716422016795284e-10,0.13239773750305175,STROMA
182,12412.0,5689.0,tumor_enriched,0.3576130921500069,0.0863564705848694,-0.3424662546884446,2.2993209361607248e-10,0.0431782352924347,MIXED
183,14830.0,6373.0,other,0.2435775320870535,-0.0609903705120086,-0.4218271639233543,1.8367863966635595e-10,-0.0304951852560043,MIXED
184,6783.0,7333.0,immune_enriched,-0.1720574978419712,0.765840973854065,0.1566616040184384,1.3982539014247615e-09,0.3829204869270325,IMMUNE_ACTIVE
185,5564.0,4793.0,stroma_enriched,-0.097601454598563,0.7228936862945556,1.899862082345145,4.51587012322215e-10,0.3614468431472778,IMMUNE_ACTIVE
186,15022.0,4174.0,immune_enriched,0.0106320953369141,0.6974995183944702,0.2186117263067336,9.237023949885079e-10,0.3487497591972351,IMMUNE_ACTIVE
187,6979.0,6059.0,immune_enriched,-0.3594903326034546,0.5156624221801758,-0.1757729864120483,6.555883582947891e-10,0.2578312110900879,MIXED
188,14642.0,9497.0,interface_like,0.185946957724435,0.3542972135543823,0.3786238443283807,1.6811272824394812e-08,0.17714860677719116,MIXED
189,15445.0,9031.0,other,0.2503193555559431,0.0306009221076965,-0.1240262735457647,3.510628376628155e-11,0.01530046105384825,MIXED
190,11216.0,8470.0,tumor_enriched,0.4369391196114677,-0.0573984360694885,-0.161323013305664,5.706438754587088e-11,-0.02869921803474425,MIXED
191,15032.0,6719.0,other,0.2537993812561034,-0.1644523465633391,-0.22755983261835,1.3160193492432264e-10,-0.08222617328166955,MIXED
192,6372.0,5252.0,other,-0.1985318565368652,0.0454145240783691,0.4331906200590588,1.0457200738677601e-09,0.02270726203918455,MIXED
193,5378.0,8148.0,other,-0.3134971639088222,-0.0468426406383514,0.0378940078190395,1.2829070594369723e-09,-0.0234213203191757,MIXED
194,12617.0,6729.0,interface_like,0.0962309701102119,0.4134108853340149,0.2882792572748093,4.352071057914318e-09,0.20670544266700744,MIXED
195,9804.0,7898.0,tumor_enriched,0.331665804726737,0.230536561012268,0.0923557971772692,4.997198862143651e-11,0.115268280506134,MIXED
196,5773.0,6527.0,stroma_enriched,-0.0003585215977259,0.2977498507499695,1.208276750473749,1.2238770915650132e-10,0.14887492537498476,STROMA
197,9990.0,4311.0,stroma_enriched,-0.1002564661843435,0.0651170289516449,0.7278226480029879,5.902425962379968e-10,0.03255851447582245,STROMA
198,6178.0,6988.0,stroma_enriched,-0.0770151792253766,0.4414004373550415,0.6542719014485677,8.257151457641264e-11,0.22070021867752074,STROMA
199,14439.0,9151.0,immune_enriched,-0.0372482899257115,0.6997511720657348,0.5298104204450335,1.1937157766496868e-10,0.3498755860328674,IMMUNE_ACTIVE
200,10806.0,6853.0,other,0.0852036666870117,-0.0005301713943481,-0.3436660666692824,7.832518437917241e-10,-0.00026508569717405,MIXED
201,5768.0,5370.0,immune_enriched,-0.1827215903145926,0.6713737273216247,0.2506189482552665,2.0931604418412536e-10,0.33568686366081235,IMMUNE_ACTIVE
202,12611.0,5341.0,other,0.2450573512486048,-0.0347796964645386,-0.1999026189531599,2.4092423427075677e-10,-0.0173898482322693,MIXED
203,12829.0,9157.0,other,0.1682241358075823,0.104651436805725,0.2770376305353074,1.2595840257756387e-09,0.0523257184028625,MIXED
204,11405.0,5578.0,stroma_enriched,0.0851405388968331,0.6922578573226928,0.7151675306047712,1.0354135572793516e-10,0.3461289286613464,IMMUNE_ACTIVE
205,7384.0,6752.0,stroma_enriched,-0.4104088973999024,0.6339983367919921,0.8538134511311849,8.038798305080142e-10,0.31699916839599607,IMMUNE_ACTIVE
206,12007.0,5228.0,other,0.2401674461364745,-0.1418076181411742,-0.4336280591147285,3.0695021171697664e-10,-0.0709038090705871,MIXED
207,14629.0,6489.0,other,0.1973627035958426,-0.0866364562511444,-0.1868627302987235,6.60060647793957e-10,-0.0433182281255722,MIXED
208,9206.0,9173.0,tumor_enriched,0.5105162702287948,-0.0004853892326355,-0.1147715128035772,1.9083969257642987e-10,-0.00024269461631775,MIXED
209,9593.0,5470.0,other,0.221982947758266,0.1242102861404418,-0.3193649823325021,4.995998844454777e-10,0.0621051430702209,MIXED
210,8991.0,6051.0,immune_enriched,0.0984305790492466,0.546156644821167,0.2716639600481305,5.741053438464e-10,0.2730783224105835,MIXED
211,8188.0,6517.0,stroma_enriched,0.08231294631958,0.6174891519546508,1.0086843526931035,2.2384124738155526e-10,0.3087445759773254,IMMUNE_ACTIVE
212,8805.0,9406.0,stroma_enriched,-0.180409186226981,0.3508684659004211,1.6962790371122811,2.258684065265793e-09,0.17543423295021054,STROMA
213,7375.0,4670.0,stroma_enriched,-0.2579474769319806,0.7720470428466797,0.9348508435203916,5.242796525663803e-09,0.38602352142333984,IMMUNE_ACTIVE
214,6585.0,8143.0,other,0.2573855536324637,0.1831901240348816,-0.0133413778032575,3.5979791018026115e-10,0.0915950620174408,MIXED
215,10413.0,8936.0,tumor_enriched,0.6208514513288225,-0.2020448744297027,-0.4944136091641017,2.0352575018680833e-11,-0.10102243721485135,TUMOR
216,7187.0,7562.0,other,0.0089160864693778,0.3928840136528015,0.004466434660412,2.7052867836438585e-10,0.19644200682640076,MIXED
217,13421.0,6494.0,tumor_enriched,0.4154766355242049,-0.1216693949699402,-0.1950886603764126,1.211325309108703e-09,-0.0608346974849701,MIXED
218,5366.0,5372.0,stroma_enriched,-0.0696677480425153,0.0126873922348022,0.6827805473690942,1.947482774549261e-09,0.0063436961174011,STROMA
219,11810.0,6270.0,other,0.2374798447745186,0.2579957962036133,-0.2328731291634695,9.256449244693103e-11,0.12899789810180665,MIXED
220,13215.0,5223.0,tumor_enriched,0.36510468346732,0.0199033975601196,-0.2692269456954229,2.1844120660977848e-10,0.0099516987800598,MIXED
221,10598.0,5118.0,other,-0.1515634291512625,0.3988558340072632,0.3730083047775995,5.97010898447007e-10,0.1994279170036316,MIXED
222,5569.0,5950.0,stroma_enriched,-0.3404302528926304,0.1534369611740112,1.304042865208217,7.831464147302262e-11,0.0767184805870056,STROMA
223,9798.0,6279.0,immune_enriched,-0.0604269163949149,0.6957637929916383,0.2841187522524879,1.470381843531636e-09,0.34788189649581913,IMMUNE_ACTIVE
224,15236.0,7296.0,other,0.1953860855102539,0.0429175829887389,-0.3543009633109683,2.7093687714181297e-11,0.02145879149436945,MIXED
225,13621.0,6147.0,tumor_enriched,0.4532509831019811,0.095896897315979,-0.1194688388279506,3.015477846210579e-10,0.0479484486579895,MIXED
226,6992.0,9067.0,other,0.1791573415483747,0.3828816890716552,-0.0868949068160284,4.866629962838397e-10,0.1914408445358276,MIXED
227,15641.0,7757.0,stroma_enriched,-0.3648603548322405,0.3900068283081054,1.7748678952171688,7.566173272785492e-10,0.1950034141540527,STROMA
228,10999.0,4885.0,immune_enriched,-0.0996942738124302,0.5105514335632324,0.1932356970650809,2.605246589438003e-10,0.2552757167816162,MIXED
229,9195.0,6628.0,stroma_enriched,0.1119673919677733,0.5397159385681152,1.0859794743855793,1.930344546959847e-09,0.2698579692840576,STROMA
230,7980.0,4783.0,stroma_enriched,-0.7478755187988281,0.2655157136917114,0.945791742234003,2.977101497757684e-09,0.1327578568458557,STROMA
231,14025.0,6376.0,other,0.1328415461948939,0.4225406408309936,0.2254756219046456,4.458882916744035e-10,0.2112703204154968,MIXED
232,8793.0,6630.0,other,0.1570722607203892,0.210788185596466,-0.2858104991912842,1.8947812678021251e-10,0.105394092798233,MIXED
233,12612.0,5573.0,stroma_enriched,-0.2311165373665946,0.7223103666305541,1.0749432990664527,7.338100343311776e-10,0.3611551833152771,IMMUNE_ACTIVE
234,14426.0,6143.0,other,0.0229484585353306,0.0557898497581482,-0.3163190183185396,1.0832515399497684e-10,0.0278949248790741,MIXED
235,10402.0,6392.0,immune_enriched,-0.1778123337881905,0.8167918300628663,-0.0974572199866885,5.380105354076865e-10,0.40839591503143313,IMMUNE_EXHAUSTED
236,6978.0,5828.0,interface_like,-0.0112603460039411,0.4145147490501404,0.4807525952657064,2.3450422085923422e-09,0.2072573745250702,MIXED
237,14630.0,6721.0,other,0.2864141791207449,0.098387222290039,-0.0994256746201287,1.9139241866303563e-10,0.0491936111450195,MIXED
238,5568.0,5718.0,stroma_enriched,-0.3968589169638497,0.5580709838867188,1.1183844321114678,8.114546912258982e-11,0.2790354919433594,STROMA
239,5375.0,7454.0,stroma_enriched,-0.3149654252188546,0.4795470905303955,1.043947481427874,7.543283689990602e-10,0.23977354526519776,STROMA
240,5169.0,6414.0,immune_enriched,-0.1605476406642368,0.6730181360244751,0.2643418148585728,3.8281087723578567e-10,0.33650906801223757,IMMUNE_ACTIVE
241,10816.0,9166.0,other,0.2629686737060547,-0.0985029911994934,0.1096631894792828,1.55004995364265e-10,-0.0492514955997467,MIXED
242,13831.0,8112.0,tumor_enriched,0.5772111892700196,0.019628038406372,-0.4555657186962308,7.091141728633073e-10,0.009814019203186,MIXED
243,11804.0,4882.0,tumor_enriched,0.3322341482979911,0.0411122226715087,-0.5007190450032553,1.5747781603241518e-10,0.02055611133575435,MIXED
244,11623.0,9625.0,tumor_enriched,0.403010733468192,-0.0312026333808899,0.0340991883050827,1.4019612839924215e-09,-0.01560131669044495,MIXED
245,13613.0,4296.0,tumor_enriched,0.4408595057896204,0.1819198822975158,0.3217710694812593,2.6040702264441726e-10,0.0909599411487579,MIXED
246,9198.0,7322.0,other,0.1113290051051548,0.0099366474151611,-0.1443614015125092,5.60659905765883e-10,0.00496832370758055,MIXED
247,7189.0,8025.0,tumor_enriched,0.3809865842546736,0.216566777229309,-0.2610921516872588,3.38390286685194e-10,0.1082833886146545,MIXED
248,12222.0,8350.0,tumor_enriched,0.3960706710815429,-0.0662936949729919,-0.2890260192326137,2.9668790418826255e-10,-0.03314684748649595,MIXED
249,7577.0,4784.0,stroma_enriched,-0.6272827911376954,0.1516686701774597,2.3782857767740886,1.7863800379057172e-09,0.07583433508872985,STROMA
250,9386.0,4198.0,interface_like,0.0156341198512486,0.4308364510536194,0.3521041797456287,6.988544186119313e-10,0.2154182255268097,MIXED
251,11622.0,9394.0,other,0.2589266204833984,0.0305732893943786,-0.1565745653424944,1.2266798977659187e-10,0.0152866446971893,MIXED
252,14433.0,7763.0,other,0.0509609522138323,-0.0325056791305542,-0.1584401026226226,2.6012790070587878e-11,-0.0162528395652771,MIXED
253,13429.0,8345.0,tumor_enriched,0.3465205819266183,0.1101133966445923,-0.1462261263529459,7.452400122358581e-10,0.05505669832229615,MIXED
254,13836.0,9269.0,stroma_enriched,-0.006476012638637,0.2530150413513183,0.9572929218837194,3.208546116321169e-11,0.12650752067565915,STROMA
255,10206.0,7665.0,other,0.2299899046761649,0.0504436349868774,-0.1279106794084821,1.552745518319291e-10,0.0252218174934387,MIXED
256,6581.0,7218.0,other,0.0631946808951241,-0.2623048442602158,0.3049015726361956,8.77892706742995e-09,-0.1311524221301079,MIXED
257,13226.0,7768.0,other,0.1630781473432269,-0.0667761349678039,-0.1919691092627389,1.4029403337487372e-09,-0.03338806748390195,MIXED
258,11607.0,5924.0,other,0.2511206000191824,0.4218020486831665,-0.2088658042181105,1.1730489858880546e-10,0.21090102434158325,MIXED
259,14843.0,9380.0,other,0.0489639581952776,0.2835893750190735,0.195536242893764,1.952998266200877e-09,0.14179468750953675,MIXED
260,14017.0,4525.0,immune_enriched,0.1622293853759765,0.4897545289993286,0.5749267614455449,2.637763669405565e-10,0.2448772644996643,MIXED
261,13826.0,6955.0,other,0.0724519729614258,0.1103312706947326,0.5557559149605887,1.2212335154444e-10,0.0551656353473663,MIXED
262,7784.0,6056.0,immune_enriched,-0.0721154349190849,0.6918799352645875,0.5792127809070406,3.444468238973224e-10,0.34593996763229373,IMMUNE_ACTIVE
263,7582.0,5941.0,stroma_enriched,0.0174748120989117,0.3564857387542725,0.6249456078665596,4.930822357075693e-10,0.17824286937713624,STROMA
264,14624.0,5333.0,other,0.3267613765171595,0.0153261804580688,0.7686573791503906,7.828683567315051e-11,0.0076630902290344,STROMA
265,7178.0,5480.0,stroma_enriched,-0.2094799886431013,0.2479193043708801,0.7022229785010929,1.6099867391018863e-09,0.12395965218544006,STROMA
266,6385.0,8491.0,immune_enriched,-0.1205482619149345,0.4797930335998535,0.4438877932230631,7.588931595343329e-11,0.23989651679992674,MIXED
267,7798.0,9295.0,stroma_enriched,0.1405251720973424,0.1833424401283264,0.6390816416059221,1.8933406076078277e-10,0.0916712200641632,STROMA
268,10418.0,10093.0,stroma_enriched,-0.097628868647984,0.07967289686203,0.8324814024425689,1.6658834468575894e-09,0.039836448431015,STROMA
269,9792.0,4891.0,immune_enriched,-0.6097738548687527,1.120087924003601,-0.0924275316510881,5.919554304017558e-09,0.5600439620018005,IMMUNE_EXHAUSTED
270,13834.0,8806.0,stroma_enriched,-0.2779771859305245,0.5663289403915406,1.041883744739351,4.714750993815034e-10,0.2831644701957703,STROMA
271,13026.0,8116.0,stroma_enriched,-0.3808189719063895,0.3158509492874145,1.519419726417178,1.9145394334977247e-10,0.15792547464370724,STROMA
272,15431.0,5792.0,other,-0.2546340601784841,0.3892743825912476,0.4890676716395786,4.2796606579475836e-10,0.1946371912956238,MIXED
273,9589.0,4544.0,immune_enriched,-0.4200316619873047,0.4874190282821655,0.102296294711885,1.7586816135284195e-09,0.24370951414108274,MIXED
274,13822.0,6030.0,tumor_enriched,0.384521255493164,0.1114915466308593,-0.3081835518564497,1.1729829213709603e-09,0.05574577331542965,MIXED
275,5975.0,6642.0,stroma_enriched,-0.0945782225472586,0.7004606294631959,0.9643525750296456,4.3347904609820574e-10,0.35023031473159794,IMMUNE_ACTIVE
276,9208.0,9636.0,stroma_enriched,-0.0548798615591866,0.1128689217567443,0.9981230199904668,9.870559405715079e-11,0.05643446087837215,STROMA
277,9190.0,5471.0,immune_enriched,0.1525565719604492,0.6058016967773437,0.2822088368733724,3.2379697722444865e-10,0.3029008483886719,IMMUNE_ACTIVE
278,12420.0,7771.0,stroma_enriched,0.1655044364929199,0.6584259963035584,1.1865360223679318,3.8605434278911967e-10,0.3292129981517792,IMMUNE_ACTIVE
279,11601.0,4304.0,tumor_enriched,0.3875826263427734,0.3624503564834594,0.1871449643089657,1.698931759298681e-09,0.1812251782417297,MIXED
280,8804.0,9175.0,stroma_enriched,-0.0634112794058663,0.4788905477523804,1.1776499502999442,2.6095367253050687e-10,0.2394452738761902,STROMA
281,6179.0,7219.0,other,-0.1564953504289899,0.26914395570755,0.1745014790126255,8.215897187474773e-10,0.134571977853775,MIXED
282,6387.0,8954.0,immune_enriched,0.1987527084350585,0.5719999814033508,0.1353398777189709,9.653383351885e-10,0.2859999907016754,MIXED
283,13623.0,6609.0,other,0.0766197122846331,-0.1884181141853332,-0.0478881745111374,1.222623842713244e-09,-0.0942090570926666,MIXED
284,6780.0,6639.0,stroma_enriched,0.0083137566702705,0.2654513692855835,0.647996436527797,7.537669676890163e-10,0.13272568464279175,STROMA
285,14620.0,4407.0,other,0.1802705546787807,0.1124894118309021,-0.0120713524591354,2.0379346221679455e-10,0.05624470591545105,MIXED
286,10014.0,9864.0,other,0.1767843409946986,0.1576046276092529,0.4538719794863747,1.4528009012064967e-10,0.07880231380462645,MIXED
287,14637.0,8340.0,tumor_enriched,0.3533482061113631,0.0816632270812988,-0.1798508271716889,2.040747325744301e-09,0.0408316135406494,MIXED
288,10817.0,9397.0,stroma_enriched,0.1976605933053152,0.1730253911018371,0.7650974564325241,2.6678016850889767e-10,0.08651269555091855,STROMA
289,6793.0,9646.0,stroma_enriched,0.1028990009852818,0.0561872339248657,0.6064489546276274,1.2405417164709436e-10,0.02809361696243285,STROMA
290,11199.0,4538.0,immune_enriched,0.0274550683157783,0.7779072093963624,0.5646398144676571,2.595782687592876e-09,0.3889536046981812,IMMUNE_ACTIVE
291,12622.0,7886.0,stroma_enriched,-0.2247727339608328,0.547931900024414,0.8471404920305525,6.22998067895725e-10,0.273965950012207,STROMA
292,6172.0,5600.0,stroma_enriched,-0.4843441009521484,0.0441183328628539,0.687445798601423,3.143126740441384e-09,0.02205916643142695,STROMA
293,13819.0,5336.0,tumor_enriched,0.6280033111572265,-0.0324793565273284,-0.5369436645507812,1.814387403297663e-09,-0.0162396782636642,TUMOR
294,13230.0,8924.0,interface_like,0.1988532447814941,0.4269099974632263,0.3212489119030179,1.1102775512298298e-08,0.21345499873161314,MIXED
295,15647.0,9145.0,stroma_enriched,-0.1879379681178501,0.1670654773712158,1.0845811607724145,1.831368796270722e-10,0.0835327386856079,STROMA
296,14217.0,4178.0,other,0.191357214791434,0.4316863274574279,-0.0193521976470947,1.164722129489873e-10,0.21584316372871395,MIXED
297,5379.0,8380.0,stroma_enriched,-0.5233579254150391,0.7144166660308837,0.7586456589471725,4.832012734193463e-10,0.35720833301544186,IMMUNE_ACTIVE
298,7981.0,5014.0,immune_enriched,-0.3099246229444231,0.7948579788208008,0.0688268634251186,1.3807457658205467e-09,0.3974289894104004,IMMUNE_ACTIVE
299,14437.0,8688.0,other,0.2530393137250628,-0.2407010197639465,-0.0498505483354841,7.442731264622532e-10,-0.12035050988197325,MIXED
300,7389.0,7908.0,other,0.1017483602251324,0.3947445321083069,0.2700002243405296,1.1385647032890808e-10,0.19737226605415345,MIXED
301,15024.0,4637.0,stroma_enriched,0.0436474391392299,0.1913456034660339,0.8569529542468843,2.4180761356138355e-10,0.09567280173301695,STROMA
302,11811.0,6501.0,tumor_enriched,0.3457323128836495,0.273199098110199,-0.0708048057556152,2.399652232726119e-10,0.1365995490550995,MIXED
303,7193.0,9182.0,other,0.2198373167855399,0.0988709378242492,-0.1263302376156762,8.712762312602658e-11,0.0494354689121246,MIXED
304,10803.0,6159.0,other,0.0520520836966378,0.2351814270019531,-0.3528026639847528,5.850028182541105e-10,0.11759071350097655,MIXED
305,8396.0,8020.0,interface_like,-0.0447611345563616,0.4213875865936279,0.565594836643764,4.936402291213877e-09,0.21069379329681395,MIXED
306,5977.0,7105.0,immune_enriched,-0.1709692737034389,0.7938937282562255,0.5021704800923665,1.454450645856172e-09,0.39694686412811275,IMMUNE_ACTIVE
307,9203.0,8479.0,tumor_enriched,0.4042359924316406,0.0945038700103759,-0.1978241475423177,6.877401438471359e-11,0.04725193500518795,MIXED
308,11803.0,4651.0,tumor_enriched,0.4368728256225586,0.0560637211799621,-0.1805155363537017,3.333978720655848e-09,0.02803186058998105,MIXED
309,14232.0,7879.0,stroma_enriched,0.1041136986868721,-0.0649288082122802,0.7229377637590682,1.4699650934652189e-10,-0.0324644041061401,STROMA
310,9407.0,9056.0,other,0.1336583873203822,0.0237394213676452,-0.3118468734196253,6.930541906727556e-11,0.0118697106838226,MIXED
311,5979.0,7567.0,stroma_enriched,-0.3560945306505476,0.4969000601768493,0.6978676741463798,3.6140722765571727e-10,0.24845003008842464,STROMA
312,7598.0,9643.0,stroma_enriched,0.3116106878008162,0.3284689807891846,0.924238764444987,3.5854397383985656e-10,0.1642344903945923,STROMA
313,11206.0,6157.0,immune_enriched,0.1648423876081194,0.4809737205505371,-0.1441600499834333,1.7775433921865166e-10,0.24048686027526855,MIXED
314,11209.0,6851.0,other,0.2767112677437918,-0.0170973682403564,-0.21539061046782,1.6563664228605006e-10,-0.0085486841201782,MIXED
315,15844.0,8335.0,stroma_enriched,-0.251946359361921,-0.0291591882705688,0.8807422728765579,8.049691094239431e-10,-0.0145795941352844,STROMA
316,11618.0,8469.0,other,0.1699611118861607,0.1761792087554932,0.2773152469453357,1.7806515655100502e-10,0.0880896043777466,MIXED
317,10819.0,9860.0,stroma_enriched,0.0159126417977469,0.0308367180824279,0.9508693022955031,9.180197139852203e-10,0.01541835904121395,STROMA
318,6589.0,9068.0,other,0.0268309238978794,0.0737553215026855,0.2480236770993186,3.6613823553314927e-10,0.03687766075134275,MIXED
319,6784.0,7564.0,other,0.2306844166346959,-0.0918230414390564,0.1290495836167108,1.27236014411245e-08,-0.0459115207195282,MIXED
320,12204.0,4186.0,tumor_enriched,0.3715283748081751,-0.0718635594844818,-0.0394667207627069,8.456158370806755e-09,-0.0359317797422409,MIXED
321,6572.0,5136.0,stroma_enriched,-0.0181432914733886,0.304208447933197,1.1660587928408668,1.6362600924683143e-09,0.1521042239665985,STROMA
322,7174.0,4555.0,tumor_enriched,0.9482097026279994,0.3364648222923279,0.5871522903442383,1.2265849499067596e-08,0.16823241114616394,MIXED
323,9606.0,8477.0,stroma_enriched,-0.088475524357387,0.543375997543335,1.366534371148972,1.61354110210778e-10,0.2716879987716675,STROMA
324,5778.0,7684.0,other,0.027653021131243,-0.0464061391353607,0.0797610400971912,3.5225031587738014e-10,-0.02320306956768035,MIXED
325,13818.0,5105.0,interface_like,0.3473599134172712,0.4374927234649658,0.6279679489135742,1.336125262875926e-08,0.2187463617324829,STROMA
326,13431.0,8808.0,other,0.2842160933358328,0.1415098690986633,0.1514368629455567,5.077798093191123e-09,0.07075493454933166,MIXED
327,6171.0,5369.0,stroma_enriched,-0.3144868803024292,0.8377204847335815,0.996764936901274,1.7776116040562591e-09,0.41886024236679076,IMMUNE_EXHAUSTED
328,11423.0,9742.0,other,0.2634342902047294,0.1356688594818115,0.2109545017424084,2.9237177270848305e-10,0.06783442974090576,MIXED
329,14427.0,6374.0,interface_like,0.1487700026375906,0.2822879838943481,0.3872746186029343,1.1309195670384188e-09,0.14114399194717406,MIXED
330,8787.0,5242.0,other,0.0952389853341239,0.2564602422714233,0.2929400589352562,1.0034209827331167e-09,0.12823012113571164,MIXED
331,15033.0,6950.0,other,0.0880203982761927,-0.0306836676597594,-0.2922505707967849,3.801072235258919e-11,-0.0153418338298797,MIXED
332,12410.0,5226.0,tumor_enriched,0.4059313692365373,0.1007984256744384,-0.4312271792548043,5.1279950917592145e-11,0.0503992128372192,MIXED
333,13012.0,4877.0,tumor_enriched,0.4991668101719446,-0.0485343635082244,-0.4216932787214006,1.9862940027557587e-10,-0.0242671817541122,MIXED
334,9187.0,4777.0,other,-0.2752361788068498,0.0980320739746093,0.1364114893050421,3.21616289586843e-09,0.04901603698730465,MIXED
335,10203.0,6971.0,other,0.127495321546282,-0.1317544937133788,-0.3453098798933484,7.742508767851574e-10,-0.0658772468566894,MIXED
336,5983.0,8493.0,stroma_enriched,-0.2277057892935617,0.5188531732559204,0.9751264499482656,2.0430814358732672e-09,0.2594265866279602,STROMA
337,14420.0,4755.0,stroma_enriched,-0.145557496207101,0.6407028293609619,0.7670070957002185,9.538977644746136e-10,0.32035141468048095,IMMUNE_ACTIVE
338,11416.0,8122.0,other,0.1139481217520577,0.1543555402755737,-0.015992210024879,4.017927601103592e-11,0.07717777013778684,MIXED
339,11207.0,6388.0,other,0.0653534453255789,0.4516261911392212,-0.1298215743473598,5.6669149921998125e-11,0.2258130955696106,MIXED
340,5784.0,9072.0,stroma_enriched,-0.3542186655317034,0.9964983940124512,1.63466128939674,1.6075373839632495e-09,0.4982491970062256,IMMUNE_EXHAUSTED
341,13027.0,8347.0,other,0.3156475612095423,0.2872519445419311,0.2721084358578636,5.742959982489625e-10,0.14362597227096555,MIXED
342,10211.0,8822.0,tumor_enriched,0.3947521809169225,-0.0517062270641326,-0.4985411580403646,1.9823539466178243e-11,-0.0258531135320663,MIXED
343,10198.0,5814.0,immune_enriched,-0.3313995402199881,0.8556686973571777,-0.1554795882815406,1.6160603455010395e-10,0.4278343486785888,IMMUNE_EXHAUSTED
344,7390.0,8140.0,immune_enriched,-0.0640714073181152,0.6749187088012696,-0.0733341989063081,3.6569145791200727e-10,0.3374593544006348,IMMUNE_ACTIVE
345,13022.0,7190.0,interface_like,0.2602374512808663,0.2452976679801941,0.4480962498982747,7.708355019454723e-09,0.12264883399009704,MIXED
346,7787.0,6750.0,other,0.2376875414167131,0.0704997110366821,-0.2032383167176019,1.720091414992305e-09,0.03524985551834105,MIXED
347,7999.0,9178.0,tumor_enriched,0.4044936043875557,-0.0648109793663024,0.0316437307993571,3.237859507475685e-09,-0.0324054896831512,MIXED
348,9610.0,9403.0,tumor_enriched,0.3496207863943917,0.0240018057823181,-0.2073064445313953,1.0831180006401371e-10,0.01200090289115905,MIXED
349,13213.0,4760.0,tumor_enriched,0.4541068976266044,0.0796613121032714,-0.2949818497612362,8.519134935912794e-11,0.0398306560516357,MIXED
350,8792.0,6399.0,other,0.2686691011701311,0.1935452365875244,0.1420280038742791,1.9434199808786408e-10,0.0967726182937622,MIXED
351,8404.0,9870.0,stroma_enriched,-0.0822326115199497,0.7057168817520141,1.2413425772530693,1.332917314385955e-09,0.35285844087600704,IMMUNE_ACTIVE
352,13618.0,5453.0,tumor_enriched,0.6765603365216936,0.0632624459266663,-0.3381703690120151,2.8614506170534663e-10,0.03163122296333315,TUMOR
353,14643.0,9728.0,tumor_enriched,0.3793581390380859,0.1849968481063842,0.2335398092724027,9.656170487446687e-09,0.0924984240531921,MIXED
354,11617.0,8237.0,other,0.0360553795950753,0.1565421605110168,0.3812025778634208,4.501862404717685e-10,0.0782710802555084,MIXED
355,13629.0,7997.0,tumor_enriched,0.4916940089634486,-0.1282412040233612,-0.3614180696578253,1.3113540071452128e-10,-0.0641206020116806,MIXED
356,9810.0,9286.0,tumor_enriched,0.6869692884172712,-0.0672463154792785,-0.4045898673647926,4.5002056859051016e-10,-0.03362315773963925,TUMOR
357,5772.0,6296.0,other,0.2117601367405481,0.147275710105896,-0.0504192602066766,4.657817013402808e-10,0.073637855052948,MIXED
358,9186.0,4546.0,immune_enriched,-0.0611353574480328,0.7058465909957885,0.2479217765444801,1.3724076201410043e-09,0.35292329549789425,IMMUNE_ACTIVE
359,6177.0,6757.0,immune_enriched,-0.1018454156603131,0.5021375846862792,0.5043410837082636,3.6237572623047045e-11,0.2510687923431396,MIXED
360,13425.0,7420.0,other,0.2882394681658065,-0.0910533678531646,-0.4447690500531877,3.925417186189159e-09,-0.0455266839265823,MIXED
361,12608.0,4647.0,tumor_enriched,0.5243319538661413,-0.2698916113376617,-0.4629599831217811,1.169595077871152e-09,-0.13494580566883085,MIXED
362,6184.0,8376.0,other,0.0745612226213727,0.1944769406318664,0.4123310824802944,9.72187391785767e-10,0.0972384703159332,MIXED
363,5782.0,8609.0,interface_like,0.5942155729021346,0.4809300780296325,1.2889667383829753,2.6253914135747856e-08,0.24046503901481625,STROMA
364,6983.0,6985.0,other,0.0113018989562988,0.2212061500549316,0.3420785595121838,2.097835106648673e-09,0.1106030750274658,MIXED
365,10797.0,4771.0,stroma_enriched,-0.1107476070949009,0.579717001914978,0.8860709580920991,1.8643383080051779e-10,0.289858500957489,STROMA
366,6989.0,8373.0,other,0.0562250954764229,0.0914374852180481,-0.4322173116320655,3.7467638911375744e-10,0.04571874260902405,MIXED
367,10599.0,5350.0,immune_enriched,-0.3731686919076102,0.7862775564193726,0.423627739860898,2.95012666847848e-10,0.3931387782096863,IMMUNE_ACTIVE
368,9601.0,7321.0,tumor_enriched,0.3764314978463309,0.143079776763916,-0.1019803587595621,1.6474080009419748e-10,0.071539888381958,MIXED
369,13219.0,6148.0,other,0.1796781458173479,0.1039952516555786,-0.062982564653669,3.3782175986013256e-10,0.0519976258277893,MIXED
370,14016.0,4294.0,tumor_enriched,0.4189916501726424,0.2847997903823852,-0.1649486614408947,1.0962209474126358e-10,0.1423998951911926,MIXED
371,10015.0,10095.0,other,0.074886063167027,0.2297707676887512,0.5408975256057013,6.5674490940565e-11,0.1148853838443756,MIXED
372,5170.0,6645.0,stroma_enriched,-0.3462998921530587,0.6640934896469116,1.0724714261009578,4.0672558357151205e-10,0.3320467448234558,IMMUNE_ACTIVE
373,11818.0,8121.0,other,0.0566267776489257,0.4471156525611878,0.2745138640630813,2.397230267888223e-10,0.2235578262805939,MIXED
374,14019.0,4988.0,other,0.1124817303248814,0.2742786359786987,0.0617488338833763,8.849403975901143e-09,0.13713931798934936,MIXED
375,12819.0,6844.0,other,0.0450083759852818,0.4032470226287842,-0.0894774150848388,1.5993556422206641e-09,0.2016235113143921,MIXED
376,8384.0,5244.0,other,-0.1537494604928153,0.1355153155326843,0.3805864179702032,1.4920843658747662e-09,0.06775765776634216,MIXED
377,12430.0,10085.0,other,0.0846041134425571,0.232116367816925,0.0059090033031644,6.25384806539946e-10,0.1160581839084625,MIXED
378,7392.0,8602.0,immune_enriched,0.0754912648882184,0.7177034139633178,0.6871842702229818,9.397659106790695e-10,0.3588517069816589,IMMUNE_ACTIVE
379,7791.0,7675.0,immune_enriched,-0.0063136291503905,0.5254655504226684,-0.4020186910175142,1.0064944726208239e-10,0.2627327752113342,MIXED
380,12208.0,5112.0,other,0.2810453714643205,0.2600244331359863,-0.3553777574357531,2.6431160466653796e-10,0.13001221656799314,MIXED
381,14636.0,8109.0,other,0.1822213636125836,0.0116386461257934,-0.2078994337717692,2.1469541712573955e-10,0.0058193230628967,MIXED
382,6785.0,7795.0,interface_like,0.3095033536638533,0.4404452490806579,0.4964016051519485,2.3702785408024613e-08,0.22022262454032895,MIXED
383,5166.0,5720.0,immune_enriched,-0.4378180953434535,0.6004566717147828,0.2421457753862653,1.9148633850780656e-10,0.3002283358573914,IMMUNE_ACTIVE
384,8807.0,9869.0,interface_like,0.4063174492972237,0.1762326598167419,0.814440907069615,9.3254029182166e-09,0.08811632990837096,STROMA
385,7785.0,6287.0,stroma_enriched,-0.2163225555419922,0.3747507905960083,0.841746797107515,6.047875813609366e-10,0.18737539529800415,STROMA
386,11020.0,9744.0,other,0.0671209553309849,0.2569943475723266,0.5792821557181221,2.4142805620891664e-10,0.1284971737861633,MIXED
387,12020.0,8236.0,other,0.2241253335135323,0.2412081432342528,0.2981084750947498,3.2192566709707456e-10,0.1206040716171264,MIXED
388,5968.0,5023.0,other,-0.2480428511755807,0.1933103311061859,0.4501971907842726,8.709297054754244e-10,0.09665516555309295,MIXED
389,6169.0,4906.0,stroma_enriched,-0.2080816725322178,0.5390184926986694,1.1339903440929593,1.3734725371191469e-08,0.2695092463493347,STROMA
390,7181.0,6174.0,other,-0.2598051152910505,0.1185097980499267,0.3293447748819987,4.780701779561772e-10,0.05925489902496335,MIXED
391,7177.0,5249.0,interface_like,0.4700401197160994,0.6741624975204468,0.3370109321957542,3.658050413098724e-08,0.3370812487602234,IMMUNE_ACTIVE
392,10615.0,9051.0,tumor_enriched,0.4468488802228654,0.052106909751892,-0.3701317467008317,7.570612861381515e-12,0.026053454875946,MIXED
393,7185.0,7100.0,interface_like,0.2422286932809012,0.2893167400360107,0.3559435254051573,5.677645923798267e-09,0.14465837001800536,MIXED
394,12614.0,6035.0,other,0.2744191414969308,0.2683382654190063,-0.2565140179225377,4.8537239252713407e-11,0.13416913270950315,MIXED
395,9393.0,5818.0,other,0.3073521178109305,0.0102073383331299,-0.3811570290156773,1.4298476482230312e-09,0.00510366916656495,MIXED
396,13832.0,8343.0,tumor_enriched,0.6099127524239677,-0.1333246600627899,-0.1253532250722249,5.205197404775293e-10,-0.06666233003139495,TUMOR
397,10012.0,9401.0,tumor_enriched,0.328783552987235,-0.2723296201229095,-0.3490830575852167,3.377300668145803e-10,-0.13616481006145476,MIXED
398,15230.0,5908.0,other,0.0705656051635742,0.3719538736343384,0.1568979508536202,2.8856010842480116e-10,0.1859769368171692,MIXED
399,5766.0,4908.0,stroma_enriched,-0.1140090547289167,0.4928608059883118,1.249849034263974,4.8551626396952335e-11,0.2464304029941559,STROMA
400,10821.0,10323.0,other,-0.0320604814801898,-0.1046293950080871,0.2099648675464449,4.474249270399453e-10,-0.05231469750404355,MIXED
401,12613.0,5804.0,other,0.2395750754220145,0.4056357359886169,0.0101273109799339,2.751223399698341e-10,0.20281786799430845,MIXED
402,13017.0,6033.0,other,0.1591676603044781,0.29204505443573,0.0986709549313499,2.021706909325211e-11,0.146022527217865,MIXED
403,10618.0,9977.0,interface_like,0.4014691734313964,0.2819051694869995,1.419732794988723,7.953126770834641e-09,0.14095258474349975,STROMA
404,5767.0,5139.0,stroma_enriched,-0.2909935712814331,-0.1369955545663833,1.0528347069876534,4.4867947339936455e-10,-0.06849777728319165,STROMA
405,9592.0,5238.0,other,0.2166720417567661,0.3429363656044006,-0.3317529987153552,1.8398237929708646e-09,0.1714681828022003,MIXED
406,10192.0,4426.0,other,-0.4414330877576555,0.2103292894363403,0.5600006030854725,1.4913174991606818e-09,0.10516464471817015,MIXED
407,14030.0,7533.0,other,0.1359450994219098,-0.0096604895591735,-0.1496860835665748,5.257168205219707e-11,-0.00483024477958675,MIXED
408,6386.0,8722.0,immune_enriched,-0.1958199691772461,0.7153166723251343,0.4114343043736049,3.228608829997659e-10,0.35765833616256715,IMMUNE_ACTIVE
409,11200.0,4769.0,other,0.0942114748273577,0.1448259663581848,0.1744372894650413,9.927342123679911e-10,0.0724129831790924,MIXED
410,7378.0,5364.0,other,-0.1278350121634346,0.3647136282920837,0.2746189816792806,5.259219272166992e-10,0.18235681414604185,MIXED
411,13214.0,4992.0,tumor_enriched,0.6183834184919084,-0.303596922159195,-0.4922457377115885,1.5425098641996686e-10,-0.1517984610795975,TUMOR
412,13424.0,7188.0,other,0.2972730445861816,0.0297419023513794,-0.1081757945106142,1.4180600473093663e-09,0.0148709511756897,MIXED
413,6378.0,6872.0,immune_enriched,-0.2082822159358432,0.9021427488327026,0.4245419538588751,3.302629936087535e-09,0.4510713744163513,IMMUNE_EXHAUSTED
414,11215.0,8239.0,tumor_enriched,0.4586382947649275,-0.1007290601730346,-0.442056154523577,2.563710397236062e-10,-0.0503645300865173,MIXED
415,7394.0,9065.0,other,0.0873662757873535,0.1322334170341491,0.3141524896167574,8.454730803400262e-11,0.06611670851707455,MIXED
416,13018.0,6265.0,other,-0.0031996154785156,0.3200132274627685,0.0477978138696579,1.434507210764888e-10,0.16000661373138425,MIXED
417,12014.0,6847.0,other,0.1264940643310547,0.389358971118927,0.100285998753139,8.052409472510776e-11,0.1946794855594635,MIXED
418,5986.0,9187.0,immune_enriched,-0.4537711906433105,0.6502040195465089,0.5704068883260092,1.7429591411043408e-10,0.32510200977325443,IMMUNE_ACTIVE
419,7184.0,6868.0,stroma_enriched,-0.4651875346047537,0.6315065717697144,1.7288014929635185,3.901252515604269e-09,0.3157532858848572,IMMUNE_ACTIVE
420,8801.0,8481.0,other,0.2803673825945173,0.1386872148513793,-0.1510782269069126,7.146402535022322e-10,0.06934360742568965,MIXED
421,5972.0,5948.0,immune_enriched,-0.2434714126586914,0.749964427947998,0.5339978790283203,1.5364505380488467e-10,0.374982213973999,IMMUNE_ACTIVE
422,7989.0,6865.0,other,0.1386831828526088,0.2806708884239196,-0.011818208694458,1.1382347502878867e-10,0.1403354442119598,MIXED
423,11809.0,6039.0,tumor_enriched,0.4360442842755998,0.0249231004714965,-0.5112570070085071,5.107478510203814e-10,0.01246155023574825,MIXED
424,9604.0,8015.0,tumor_enriched,0.4096682739257812,0.1776966047286987,-0.0893971715654646,1.4767368293200516e-10,0.08884830236434935,MIXED
425,5578.0,8032.0,stroma_enriched,-0.4590912124088833,0.1085560369491577,0.8909275908697221,1.472561786295421e-09,0.05427801847457885,STROMA
426,9185.0,4315.0,other,-0.0178235762459891,0.1191773176193237,0.0150472527458555,6.73881491346248e-10,0.05958865880966185,MIXED
427,13815.0,4411.0,tumor_enriched,0.5169716099330358,0.4645030808448791,0.2058386957077752,4.022672692666714e-10,0.23225154042243956,MIXED
428,7788.0,6981.0,other,0.2331416538783481,-0.0021385490894317,-0.1303532364254906,1.041450701184117e-09,-0.00106927454471585,MIXED
429,9609.0,9171.0,other,0.3154547091892786,0.0061464643478393,-0.3487025930767968,3.0603865544903275e-11,0.00307323217391965,MIXED
430,14842.0,9149.0,other,-0.0848265048435756,0.4618698453903198,0.2022552063351584,3.5346977740613264e-10,0.2309349226951599,MIXED
431,7583.0,6172.0,stroma_enriched,0.1181793785095215,0.2906729459762573,0.6545807075500488,3.7225176575056977e-10,0.14533647298812866,STROMA
432,6982.0,6753.0,immune_enriched,-0.0065096146719796,0.5798845958709717,-0.0457324150630406,1.96513988687658e-10,0.28994229793548587,MIXED
433,14040.0,9846.0,immune_enriched,-0.2453216198512485,0.7228549957275391,0.4306490689232236,4.03311105213331e-10,0.36142749786376954,IMMUNE_ACTIVE
434,8181.0,4897.0,stroma_enriched,-0.3987525544847761,0.8438159561157226,0.8621532894316174,3.0331124348432462e-09,0.4219079780578613,IMMUNE_EXHAUSTED
435,12810.0,4762.0,tumor_enriched,0.4832447978428431,-0.0622076642513275,-0.3982907728921799,6.956606721069692e-11,-0.03110383212566375,MIXED
436,12227.0,9507.0,stroma_enriched,-0.204842414855957,0.6339728593826294,0.7717152441115606,4.2100634851591944e-10,0.3169864296913147,IMMUNE_ACTIVE
437,9794.0,5353.0,immune_enriched,0.060269066946847,0.5467990684509277,-0.1285406612214588,8.265363458606592e-10,0.27339953422546387,MIXED
438,13416.0,5338.0,tumor_enriched,0.73499329158238,0.0125559663772583,-0.4764284806592123,2.1066834096018232e-10,0.00627798318862915,TUMOR
439,13228.0,8462.0,stroma_enriched,0.1343028422764369,0.796975736618042,1.4015908813476563,3.053587471999124e-09,0.398487868309021,IMMUNE_ACTIVE
440,8993.0,6513.0,other,0.1632663672310965,0.2547582387924194,-0.0572873696826753,6.196065804101822e-10,0.1273791193962097,MIXED
441,6369.0,4558.0,stroma_enriched,-0.1811342866080148,0.2809821033477783,1.3316633406139555,3.114663303680264e-09,0.14049105167388914,STROMA
442,10607.0,7201.0,interface_like,0.2591790471758162,0.4277326893806458,0.305719495500837,8.742531671454894e-09,0.2138663446903229,MIXED
443,6183.0,8145.0,stroma_enriched,-0.287378932407924,0.7512348079681397,1.69339838663737,1.0350947073473388e-09,0.37561740398406984,IMMUNE_ACTIVE
444,12023.0,8930.0,tumor_enriched,0.3567167282104492,0.1018671298027038,0.0480813653128487,1.9819846178697003e-10,0.0509335649013519,MIXED
445,12607.0,4416.0,other,0.1349739973885673,0.1302642107009887,-0.0363540622166225,4.531014455727088e-09,0.06513210535049435,MIXED
446,12205.0,4418.0,interface_like,0.4861708504813058,0.1749068117141723,0.6300751259213403,3.2909475320685744e-08,0.08745340585708615,STROMA
447,12230.0,10201.0,other,0.1578099414280482,0.4156241345405578,0.2639130855741955,2.301044593026698e-10,0.2078120672702789,MIXED
448,12021.0,8467.0,other,0.2848428562709264,0.0994137096405028,0.1120668729146321,8.097012510667389e-11,0.0497068548202514,MIXED
449,9591.0,5007.0,immune_enriched,0.2970110375540596,1.0038424968719482,-0.1892253905250912,1.1329333507399833e-08,0.5019212484359741,IMMUNE_EXHAUSTED
450,9402.0,7900.0,tumor_enriched,0.7374562781197684,-0.0950631821155548,-0.2623713064193725,2.83521329022538e-10,-0.0475315910577774,TUMOR
451,13432.0,9039.0,immune_enriched,0.1445012664794922,0.5058209657669067,0.3813483265468052,5.59922856181531e-10,0.25291048288345336,MIXED
452,5165.0,5489.0,stroma_enriched,-0.5454968016488212,0.4949340534210205,0.6319372358776274,9.424483831562582e-10,0.24746702671051024,STROMA
453,11220.0,9396.0,tumor_enriched,0.6191619110107421,0.0393829679489136,-0.1719545922960554,3.8779519539114336e-10,0.0196914839744568,TUMOR
454,14825.0,5216.0,other,0.3254845319475447,0.0338878107070922,0.015561898095267,1.5942367699955963e-10,0.0169439053535461,MIXED
455,13840.0,10194.0,stroma_enriched,-0.2563102497373308,0.0328123545646667,0.665981656029111,2.070998018566884e-09,0.01640617728233335,STROMA
456,8597.0,7903.0,other,0.2535879898071289,0.1448976206779479,0.3382013920375278,8.757230649011035e-10,0.07244881033897395,MIXED
457,9397.0,6743.0,interface_like,0.4290910720825195,0.573330135345459,0.3897826094854445,2.2828681483216775e-08,0.2866650676727295,MIXED
458,8798.0,7787.0,tumor_enriched,0.3963567733764648,-0.0461293840408325,-0.1548865259261358,6.495774335209475e-10,-0.02306469202041625,MIXED
459,14222.0,5566.0,other,0.2602928107125418,0.013136601448059,-0.4299709981963748,1.3731166764141348e-10,0.0065683007240295,MIXED
460,14218.0,4640.0,immune_enriched,0.2447103118896484,0.7594201946258545,0.4596182877676827,7.38067661935433e-10,0.37971009731292726,IMMUNE_ACTIVE
461,6972.0,4440.0,stroma_enriched,0.0837230546133858,0.2761169123649597,0.9189214052472796,7.452382097234633e-09,0.13805845618247986,STROMA
462,6176.0,6525.0,stroma_enriched,0.131539876120431,0.179892189502716,0.6836221649533227,1.3472512571459404e-09,0.089946094751358,STROMA
463,10614.0,8820.0,tumor_enriched,0.5037639454432897,-0.0496028995513915,-0.4473247375374748,1.7836654119137183e-11,-0.02480144977569575,MIXED
464,12012.0,6385.0,other,0.0645024653843471,0.4440218591690064,-0.1085929234822591,4.5846945785987375e-10,0.2220109295845032,MIXED
465,6375.0,5946.0,other,-0.2762904446465628,0.2466356039047241,0.2947084663027809,2.212544670482688e-10,0.12331780195236205,MIXED
466,9396.0,6512.0,stroma_enriched,0.2720526668003626,0.6676862668991088,1.1392275710332962,1.677715436703783e-09,0.3338431334495544,IMMUNE_ACTIVE
467,13224.0,7305.0,interface_like,0.3418795095171247,0.3419075894355774,1.0054388627551851,2.4556458929036545e-08,0.1709537947177887,STROMA
468,5980.0,7799.0,stroma_enriched,-0.3303901127406529,0.495484676361084,0.8270661036173503,1.2517246224497435e-10,0.247742338180542,STROMA
469,7997.0,8715.0,immune_enriched,0.3002876091003418,0.5386354827880859,0.1107500376020159,5.554899823332004e-10,0.26931774139404296,MIXED
470,15846.0,8798.0,stroma_enriched,-0.1901413100106376,0.2649527692794799,1.4568433180309477,1.8641537963555323e-10,0.13247638463973996,STROMA
471,14627.0,6027.0,tumor_enriched,0.4504192461286271,-0.2389017367362976,0.362820314679827,1.426987085368854e-10,-0.1194508683681488,MIXED
472,7779.0,4899.0,stroma_enriched,-0.4850663307734898,0.3085049843788147,2.217966780889602,3.1697850805420315e-10,0.15425249218940734,STROMA
473,7580.0,5478.0,stroma_enriched,0.0665020125252859,0.1609880828857421,1.289892298380534,1.63992367067276e-09,0.08049404144287105,STROMA
474,14625.0,5564.0,other,0.1947383935110909,-0.0377605557441711,-0.0125909060523623,2.8665401250581025e-10,-0.01888027787208555,MIXED
475,5780.0,8147.0,stroma_enriched,-0.6353041458129883,0.3216696453094482,1.077532283238002,3.261806642247916e-09,0.1608348226547241,STROMA
476,6374.0,5715.0,stroma_enriched,0.144567287990025,0.505869140625,0.8607396389189221,3.192608316438443e-09,0.2529345703125,STROMA
477,13637.0,9848.0,tumor_enriched,0.5461927577427454,0.4089716243743896,0.3957730147952125,3.427297068776642e-09,0.2044858121871948,MIXED
478,10404.0,6854.0,other,0.0608957835606166,0.1297311043739318,-0.0949189694722493,1.2633829849320603e-09,0.0648655521869659,MIXED
479,6787.0,8258.0,other,0.1484592737470355,0.2197575664520263,0.1917908386957078,1.3083485735373038e-10,0.10987878322601315,MIXED
480,12831.0,9620.0,other,0.3564006696428572,0.4061139917373657,0.1611169115702311,1.6687403751729915e-09,0.20305699586868284,MIXED
481,9599.0,6858.0,other,0.3257050977434431,0.1274328351020813,0.3012122753688267,9.075429699884641e-09,0.06371641755104065,MIXED
482,6788.0,8489.0,immune_enriched,0.0835701860700335,0.527450876235962,0.0987523796444846,2.7275003657603287e-10,0.263725438117981,MIXED
483,11221.0,9627.0,tumor_enriched,0.4165659059797013,0.2357958602905273,-0.1947603961399623,2.3423491069351415e-10,0.11789793014526365,MIXED
484,14035.0,8690.0,stroma_enriched,-0.0328729220799037,-0.0747523188591003,0.9733947517758323,9.059163746439727e-10,-0.03737615942955015,STROMA
485,7998.0,8947.0,immune_enriched,0.2349999400547571,0.7017596435546876,0.6871711040678479,3.115571783051496e-09,0.3508798217773438,IMMUNE_ACTIVE
486,9409.0,9519.0,tumor_enriched,0.4610688945225306,-0.120138988494873,-0.1305910837082635,4.3006590651841704e-10,-0.0600694942474365,MIXED
487,13821.0,5799.0,other,0.2989125497000557,0.1211642169952392,-0.1825935940515427,1.2716138916728448e-10,0.0605821084976196,MIXED
488,5982.0,8261.0,stroma_enriched,-0.3089487443651472,0.1448441529273986,0.9941242127191452,1.043068698137365e-09,0.0724220764636993,STROMA
489,16661.0,11107.0,other,-0.3439649963378906,-0.1818849754333496,0.304011008853004,5.225160503517366e-10,-0.0909424877166748,MIXED
490,7179.0,5711.0,other,-0.0201145608084541,0.1390014672279357,-0.0347430810474214,4.862887522538802e-10,0.06950073361396784,MIXED
491,12210.0,5574.0,other,0.1754431779044014,0.4314130306243896,0.198924328031994,2.7962431470055323e-10,0.2157065153121948,MIXED
492,14846.0,10074.0,other,0.0974842507498604,0.0983493542671203,-0.100576589221046,4.3149880763580255e-10,0.04917467713356015,MIXED
493,10801.0,5696.0,other,0.2802942711966378,-0.0619419038295745,-0.3569587498619442,2.30437758029897e-09,-0.03097095191478725,MIXED
494,11406.0,5809.0,other,0.0862746320452008,0.0868786692619323,0.0102970386686779,1.8055510239972983e-10,0.04343933463096615,MIXED
495,6779.0,6407.0,other,-0.6429010009765626,0.1576509499549865,0.4692425918579102,2.235807448655413e-09,0.07882547497749325,MIXED
496,10818.0,9629.0,other,0.2014823259626116,0.1347031855583191,0.4064423651922316,1.6360550299091506e-10,0.06735159277915954,MIXED
497,7995.0,8253.0,interface_like,0.1481336103166852,0.343934519290924,0.3242626871381487,4.5345342920636365e-09,0.171967259645462,MIXED
498,15031.0,6488.0,other,0.009629053388323,-0.0179584121704101,-0.406780974751427,1.7170022170806588e-10,-0.00897920608520505,MIXED
499,13413.0,4644.0,other,0.2078191648210798,-0.0574664855003356,-0.1150143841334752,3.9272445940087285e-10,-0.0287332427501678,MIXED
500,5582.0,8957.0,stroma_enriched,-0.599924064363752,0.7648080348968506,1.4764741897583007,6.82116283491351e-10,0.3824040174484253,IMMUNE_ACTIVE
501,7996.0,8484.0,other,0.3127306311471122,0.111662700176239,-0.1441659427824474,6.431843883658711e-10,0.0558313500881195,MIXED
502,9803.0,7667.0,tumor_enriched,0.5846955599103655,0.0310150790214538,-0.2164108276367187,3.4858870246017476e-11,0.0155075395107269,MIXED
503,15045.0,9726.0,immune_enriched,-0.0724141175406319,0.4851288151741028,0.238756239754813,1.94608571846515e-09,0.2425644075870514,MIXED
504,7586.0,6866.0,stroma_enriched,-0.6225323104858398,0.4998087882995605,1.54643496013823,2.003161507401892e-09,0.24990439414978025,STROMA
505,9595.0,5932.0,other,0.2221670859200614,0.3817264533042908,-0.407585939679827,4.4821987461562524e-10,0.1908632266521454,MIXED
506,15434.0,6486.0,other,0.2699865123203822,0.1037526845932007,-0.0112977232251848,1.180949630454304e-10,0.05187634229660035,MIXED
507,6574.0,5598.0,other,0.3142649568830218,0.2071613121032715,0.3475332123892647,1.9902744277918696e-09,0.10358065605163574,MIXED
508,13434.0,9502.0,stroma_enriched,-0.0098178809029715,0.2390110898017883,0.6124566741216751,5.5761715117468233e-11,0.11950554490089416,STROMA
509,13630.0,8229.0,other,0.3063741792951311,0.0679088163375855,0.0012863018399193,2.5659183371473318e-11,0.03395440816879275,MIXED
510,10000.0,6625.0,tumor_enriched,0.34973694392613,0.1492163181304932,-0.4725591422830309,4.077551622307701e-10,0.0746081590652466,MIXED
511,9994.0,5237.0,immune_enriched,-0.2169084426334926,1.083493137359619,0.3620897020612444,1.3050867330461216e-09,0.5417465686798095,IMMUNE_EXHAUSTED
512,12609.0,4878.0,tumor_enriched,0.630227939060756,0.1821373343467712,0.0293163740067254,3.2417781169377057e-10,0.0910686671733856,TUMOR
513,10212.0,9053.0,tumor_enriched,0.5457728358677454,0.014058312177658,-0.2135632415044875,4.124628624611076e-11,0.007029156088829,MIXED
514,6985.0,7447.0,stroma_enriched,-0.2748508834838867,0.5129198336601257,1.1485775066557384,2.156506152089906e-09,0.25645991683006286,STROMA
515,15232.0,6371.0,other,0.1492288671221051,-0.1928663003444671,-0.2500944600786481,5.922307967454095e-11,-0.09643315017223356,MIXED
516,5777.0,7453.0,immune_enriched,-0.3196872874668667,0.6363591003417969,0.3279036503746396,4.0061508432753776e-10,0.31817955017089844,IMMUNE_ACTIVE
517,10002.0,7087.0,other,0.3232833344595772,-0.1224606621265411,-0.4071865501857939,1.3940301012460248e-10,-0.06123033106327055,MIXED
518,13816.0,4642.0,other,-0.2135280118669782,0.3399637413024902,0.5049128941127233,7.87988600934098e-10,0.1699818706512451,MIXED
519,10812.0,8241.0,tumor_enriched,0.48956116267613,-0.0348458540439605,-0.3669587676865714,4.651125969124316e-11,-0.01742292702198025,MIXED
520,15028.0,5562.0,other,0.127903938293457,-0.0778884172439575,0.2069756889343261,8.956029407709506e-10,-0.03894420862197875,MIXED
521,14029.0,7302.0,other,-0.0248697662353515,0.2124420976638794,-0.195338742619469,1.46639474990428e-10,0.1062210488319397,MIXED
522,12231.0,10432.0,stroma_enriched,-0.1047854968479701,0.0612791800498962,1.0581546529134114,4.5663023549989494e-10,0.0306395900249481,STROMA
523,6383.0,8028.0,other,0.2203496279035295,0.3983680391311645,-0.1380075077783493,8.510595603307842e-10,0.19918401956558224,MIXED
524,10800.0,5465.0,other,0.1872346196855817,0.0974751639366149,-0.153358755565825,7.042644579139713e-10,0.04873758196830745,MIXED
525,7790.0,7444.0,stroma_enriched,0.2817037037440709,0.3316165924072265,0.9865932264782132,9.000324807194848e-11,0.16580829620361326,STROMA
526,9993.0,5005.0,immune_enriched,-0.5883889259610857,0.754314250946045,0.4394186964489164,1.5159830868757282e-09,0.3771571254730225,IMMUNE_ACTIVE
527,9812.0,9749.0,stroma_enriched,0.2999354008265905,0.5072838425636291,1.081321569170271,1.7063956241071343e-09,0.25364192128181456,STROMA
528,11806.0,5345.0,other,0.2810981396266393,0.0515775561332702,-0.3194157532283238,1.9272210226923166e-11,0.0257887780666351,MIXED
529,8391.0,6863.0,immune_enriched,-0.0189399664742606,0.5581396675109863,0.0282003130231585,1.0009595213664052e-10,0.27906983375549316,MIXED
530,13033.0,9735.0,interface_like,0.2557674571446009,0.2615595173835754,0.3955742309207009,7.181024820323221e-09,0.1307797586917877,MIXED
531,10010.0,8938.0,tumor_enriched,0.6509644045148576,-0.1844995951652526,-0.3770002251579648,4.5810309812779966e-11,-0.0922497975826263,TUMOR
532,14230.0,7416.0,other,0.173301830291748,0.1668650960922241,0.553206737155006,6.57656744320603e-10,0.08343254804611205,MIXED
533,12627.0,9043.0,other,-0.1005793789454868,0.0872304463386535,0.4550562022981189,3.782353242760155e-09,0.04361522316932675,MIXED
534,13009.0,4183.0,other,0.0033507483346122,0.0612272381782531,0.0004690088544573,1.3708067781816619e-09,0.03061361908912655,MIXED
535,8588.0,5821.0,other,0.2302422441755022,0.2648153114318847,-0.2414114398048037,3.684492882270063e-10,0.13240765571594235,MIXED
536,9209.0,9867.0,other,0.0813526998247419,0.2713298916816711,0.0734490857805524,4.5840652385468216e-10,0.13566494584083555,MIXED
537,10796.0,4539.0,other,-0.0137206377301898,0.3967321538925171,0.2727904710315523,8.332101651940848e-10,0.19836607694625855,MIXED
538,14023.0,5914.0,other,0.3231405694144112,0.247295114994049,-0.099506223769415,2.960819469780975e-10,0.1236475574970245,MIXED
539,11602.0,4536.0,interface_like,0.1627049200875419,0.3386516118049621,0.3127024387177967,1.8416517583012443e-09,0.16932580590248106,MIXED
540,11219.0,9164.0,tumor_enriched,0.7016583742414202,-0.0180461192131042,-0.1136097853524344,5.116289455922453e-10,-0.0090230596065521,TUMOR
541,12011.0,6153.0,other,0.0226542936052593,-0.0474472904205321,-0.3926196202777681,5.941962792515718e-10,-0.02372364521026605,MIXED
542,10419.0,10325.0,interface_like,-0.0539960997445243,0.4161452627182007,0.560777419862293,2.785729533584219e-09,0.20807263135910034,MIXED
543,8592.0,6746.0,stroma_enriched,-0.1135739735194615,0.2528936576843261,0.6804079818725586,6.058484769015071e-10,0.12644682884216304,STROMA
544,10807.0,7084.0,tumor_enriched,0.4080593000139509,0.2021114301681518,-0.3648246154331026,8.70249491418017e-10,0.1010557150840759,MIXED
545,6576.0,6061.0,stroma_enriched,-0.2920074966975621,0.6682004928588867,1.1262096078055246,1.0695828668898035e-09,0.33410024642944336,IMMUNE_ACTIVE
546,7387.0,7446.0,other,0.0274072810581752,0.4167920780181884,-0.0635518519083658,1.778348118722177e-10,0.2083960390090942,MIXED
547,5776.0,7221.0,stroma_enriched,0.1723973274230956,0.0776943349838256,0.7120383934747604,1.869536352210508e-09,0.0388471674919128,STROMA
548,5164.0,5257.0,stroma_enriched,0.0689780970982143,0.5309187626838684,1.9176352727980843,8.190414874327443e-10,0.2654593813419342,STROMA
549,8183.0,5360.0,immune_enriched,-0.3339413969857351,0.6396483993530273,0.2821315147763206,1.4049556224584108e-09,0.31982419967651365,IMMUNE_ACTIVE
550,6976.0,5365.0,immune_enriched,-0.0968656539916992,0.5328149604797363,0.0143297554197765,7.844713517604667e-10,0.26640748023986816,MIXED
551,6588.0,8837.0,stroma_enriched,-0.0280118424551827,0.0642415761947632,0.6545584760393416,6.442578039166838e-10,0.0321207880973816,STROMA
552,15238.0,7759.0,other,0.3049179431370326,-0.052983626127243,-0.0574965717678978,9.11957951981752e-11,-0.0264918130636215,MIXED
553,8990.0,5588.0,tumor_enriched,0.4690983581542969,-0.0679130971431732,-0.2739582647596086,1.130533668855242e-09,-0.0339565485715866,MIXED
554,13427.0,7882.0,tumor_enriched,0.6365552956717354,0.0445749616622924,-0.2559718999408539,6.402401990991931e-10,0.0222874808311462,TUMOR
555,10217.0,10210.0,other,0.2104686655317034,-0.1433749592304229,0.1227749007088797,2.573173068387818e-09,-0.07168747961521145,MIXED
556,10208.0,8128.0,tumor_enriched,0.4009188842773438,-0.0040638589859008,-0.4220178731282552,3.3017945493758786e-11,-0.0020319294929504,MIXED
557,10810.0,7778.0,other,0.300283535548619,0.1803021764755249,-0.0404926599775042,8.515290939429435e-10,0.09015108823776245,MIXED
558,11604.0,4998.0,other,0.2511380849565778,0.0590939402580261,-0.4058468503043765,1.8353593339080644e-10,0.02954697012901305,MIXED
559,14026.0,6608.0,immune_enriched,-0.1448447404588971,0.518927617073059,0.4631623240879604,6.201645283143413e-10,0.2594638085365295,MIXED
560,13628.0,7766.0,other,0.1385916927882603,0.0701269888877869,-0.1190993190947033,2.427054517225076e-10,0.03506349444389345,MIXED
561,11013.0,8124.0,tumor_enriched,0.5687454932076591,-0.1685400176048279,-0.3266376835959298,1.8844175593766204e-10,-0.08427000880241395,MIXED
562,15042.0,9032.0,other,0.2208649444580078,0.0323261404037475,-0.0241053980872744,1.1563457318378811e-10,0.01616307020187375,MIXED
563,5771.0,6065.0,stroma_enriched,-0.3483935165405273,0.3748769664764404,1.2107128524780273,4.3808360377721704e-10,0.1874384832382202,STROMA
564,11019.0,9512.0,other,0.2343903432573592,0.1874540209770202,0.4031510707310268,1.1008681006566511e-10,0.0937270104885101,MIXED
565,7385.0,6983.0,immune_enriched,0.0200178582327705,0.5938954544067383,0.1939925420851934,7.833286407846108e-10,0.29694772720336915,MIXED
566,8185.0,5823.0,immune_enriched,-0.538552530833653,0.9751343059539794,0.3161006128220331,4.0831042164432837e-10,0.4875671529769897,IMMUNE_EXHAUSTED
567,13817.0,4873.0,tumor_enriched,0.3844056701660157,-0.0754837083816528,0.3213945770263672,1.4475432414488183e-09,-0.0377418541908264,MIXED
568,12239.0,12514.0,immune_enriched,-0.6836027526855468,0.8206450271606445,0.1101591496240525,4.73180290863433e-10,0.41032251358032223,IMMUNE_EXHAUSTED
569,11014.0,8356.0,tumor_enriched,0.5379775456019811,-0.045817631483078,-0.4506148917902083,4.8192294681320685e-11,-0.022908815741539,MIXED
570,7576.0,4553.0,stroma_enriched,-0.2060167339869908,0.4683512711524963,0.8252728416806177,6.114928521795751e-10,0.23417563557624815,STROMA
571,13616.0,4990.0,tumor_enriched,0.4010456030709403,-0.1452038502693176,-0.2478927980150495,2.1567772947499976e-09,-0.0726019251346588,MIXED
572,8388.0,6169.0,stroma_enriched,-0.2254077625274658,0.8798860073089599,1.3019083913167318,5.75791551927834e-10,0.43994300365447997,IMMUNE_EXHAUSTED
573,9210.0,10098.0,other,0.1860363224574497,0.1129848790168762,-0.0449342995598202,2.064669100229435e-09,0.0564924395084381,MIXED
574,7985.0,5939.0,stroma_enriched,0.2098292568751744,0.3376051163673401,1.220855712890625,5.020354910174275e-10,0.16880255818367004,STROMA
575,7597.0,9411.0,stroma_enriched,0.1855048506600516,0.4285414314270019,1.1212489137195405,2.3239631515556234e-10,0.21427071571350095,STROMA
576,8785.0,4779.0,immune_enriched,-0.1111154665265764,0.4958505010604858,0.2974400756472633,1.3272929919715248e-10,0.2479252505302429,MIXED
577,10611.0,8126.0,tumor_enriched,0.6925546918596541,-0.0061583757400512,-0.3525660335449945,3.024786418143765e-11,-0.0030791878700256,TUMOR
578,9004.0,9058.0,tumor_enriched,0.483123277936663,0.2610460472106933,-0.0763591957092285,2.8368217969183907e-10,0.13052302360534665,MIXED
579,6773.0,5019.0,stroma_enriched,-0.2535696050098964,0.179187364578247,1.0140715862455822,1.631272411745949e-09,0.0895936822891235,STROMA
580,12414.0,6152.0,other,0.2432190677097864,0.2897708535194396,-0.2494230676832653,5.114683381137619e-11,0.1448854267597198,MIXED
581,9388.0,4661.0,immune_enriched,-0.0411581311907086,0.8381150293350219,-0.3968821716308593,1.171304638896544e-09,0.41905751466751096,IMMUNE_EXHAUSTED
582,13833.0,8575.0,other,0.3224966049194335,0.0682826733589172,-0.1457104092552548,4.895741480239771e-10,0.0341413366794586,MIXED
583,14834.0,7298.0,other,0.1675191061837333,-0.2415911650657654,-0.2464684981391543,2.142314558849406e-11,-0.1207955825328827,MIXED
584,9607.0,8709.0,immune_enriched,0.0075368118286133,0.6974297666549683,0.6378883924938383,1.0318801315429894e-10,0.3487148833274841,IMMUNE_ACTIVE
585,12828.0,8926.0,interface_like,0.3716813496180944,0.5309462547302246,0.8411194192795528,1.7366259995629212e-08,0.2654731273651123,STROMA
586,7393.0,8834.0,immune_enriched,-0.1747107315063476,1.0106052875518798,0.6449367214384534,7.257481735243595e-10,0.5053026437759399,IMMUNE_EXHAUSTED
587,7377.0,5132.0,stroma_enriched,0.0209540939331054,-0.0364610874652862,0.7542910675775436,2.9177929815941447e-08,-0.0182305437326431,STROMA
588,12815.0,5919.0,tumor_enriched,0.3507337733677454,0.2432373905181885,-0.3183836634953817,6.803846571281539e-11,0.12161869525909424,MIXED
589,9204.0,8710.0,other,0.0612613133021763,0.1862351322174072,-0.0851151757013229,4.82281424272839e-10,0.0931175661087036,MIXED
590,14845.0,9843.0,tumor_enriched,0.4655861064365931,0.0399087715148925,-0.0457833871387299,1.0798017053173036e-09,0.01995438575744625,MIXED
591,13011.0,4645.0,tumor_enriched,0.4132287107195174,-0.1460337579250336,-0.4325431932721819,4.212885595132781e-10,-0.0730168789625168,MIXED
592,8199.0,9062.0,stroma_enriched,-0.583697031566075,0.7103123664855957,1.0117149316696894,3.799574568737024e-09,0.35515618324279785,IMMUNE_ACTIVE
593,12629.0,9505.0,other,0.2210093906947544,-0.0117901670932769,0.0700897125970749,1.5055392136444305e-11,-0.00589508354663845,MIXED
594,9399.0,7206.0,tumor_enriched,0.3410174805777413,0.2236367034912109,-0.0050111938658214,2.1624778558263504e-10,0.11181835174560545,MIXED
595,14832.0,6835.0,other,0.2356272724696568,-0.02766197681427,-0.1319003454844157,5.679242508807499e-11,-0.013830988407135,MIXED
596,14639.0,8803.0,stroma_enriched,-0.0718332590375628,0.883852071762085,1.5447809618995303,1.042101795757003e-09,0.4419260358810425,IMMUNE_EXHAUSTED
597,14837.0,7992.0,other,-0.0244886725289481,0.2189124083518981,0.1928341157095772,1.4238261974845018e-10,0.10945620417594905,MIXED
598,6977.0,5597.0,immune_enriched,-0.266912751197815,1.0440636110305783,0.3720055516560872,1.510915569511034e-09,0.5220318055152892,IMMUNE_EXHAUSTED
599,14231.0,7648.0,interface_like,0.3776058714730399,0.2059855461120605,0.9747188640776134,6.547933708969091e-10,0.10299277305603025,STROMA
600,6591.0,9531.0,immune_enriched,-0.18774872643607,0.5916218137741089,0.1285789962041945,3.565308278897268e-11,0.29581090688705447,MIXED
601,6774.0,5250.0,stroma_enriched,-0.5448637301581246,0.5298280239105224,1.105093098595029,8.051173653160849e-11,0.2649140119552612,STROMA
602,6991.0,8835.0,immune_enriched,-0.0975545392717633,0.5965012693405152,-0.1763913881211053,3.340715875851609e-10,0.2982506346702576,MIXED
603,14238.0,9267.0,stroma_enriched,-0.1062659181867327,0.4058844304084777,0.9126780119396392,1.6178186812533048e-10,0.20294221520423886,STROMA
604,10406.0,7317.0,tumor_enriched,0.4954031862531388,0.1720186114311218,-0.4029344391822815,1.1310881308493683e-09,0.0860093057155609,MIXED
605,6570.0,4673.0,stroma_enriched,-0.5190130615234375,0.4385160017013549,0.6068936320713588,5.708672466919788e-09,0.21925800085067745,STROMA
606,15433.0,6254.0,other,0.0379983683994837,-0.1756188917160034,-0.2093667316436768,2.828636840626202e-10,-0.0878094458580017,MIXED
607,11821.0,8815.0,other,0.2367231587001256,0.0600883364677429,0.0824696263812837,2.619745946624544e-11,0.03004416823387145,MIXED
608,8600.0,8597.0,stroma_enriched,-0.0727706473214285,0.7509169673919678,1.1575521705264138,3.098105825473455e-10,0.3754584836959839,IMMUNE_ACTIVE
609,8604.0,9523.0,stroma_enriched,-0.3709726183755057,1.138287568092346,1.7098051852271672,1.6107982244012227e-09,0.569143784046173,IMMUNE_EXHAUSTED
610,11403.0,5115.0,other,0.1151439503261021,0.1742370533943176,0.2527027148292178,3.14567692834178e-10,0.0871185266971588,MIXED
611,13034.0,9966.0,stroma_enriched,-0.0373682294573102,0.7640540122985839,0.8419716226486933,6.953620453070302e-09,0.38202700614929197,IMMUNE_ACTIVE
612,5984.0,8724.0,stroma_enriched,-0.5290310232979911,0.6730303525924682,1.3824452300298782,3.771675489695408e-09,0.3365151762962341,IMMUNE_ACTIVE
613,6569.0,4442.0,other,-0.5672156143188477,0.0740910053253173,0.4733240291050502,1.760946643619849e-08,0.03704550266265865,MIXED
614,8383.0,5012.0,other,0.2081646374293737,0.2360848760604858,0.3156201626005627,2.934067769464914e-09,0.1180424380302429,MIXED
615,12220.0,7888.0,other,-0.2548825454711914,0.4307650852203369,0.3690324519929431,1.436538806925144e-09,0.21538254261016845,MIXED
616,13028.0,8578.0,other,0.2257304464067732,0.296441912651062,-0.2829905814216251,1.2869461226675228e-10,0.148220956325531,MIXED
617,14421.0,4986.0,immune_enriched,0.1842337472098214,0.4928532886505127,0.3888727460588727,2.69553309648932e-10,0.24642664432525635,MIXED
618,6382.0,7797.0,stroma_enriched,0.1861349678039551,0.3558864951133728,0.6617528679257347,2.344424842255619e-10,0.1779432475566864,STROMA
619,10214.0,9516.0,tumor_enriched,0.358696539742606,-0.0297128784656524,-0.3318579035713559,2.2596489267288358e-11,-0.0148564392328262,MIXED
620,14828.0,5910.0,stroma_enriched,0.0903110667637416,0.2478619837760925,0.772494247073219,9.976721991755732e-11,0.12393099188804625,STROMA
621,5370.0,6298.0,immune_enriched,-0.2845332581656319,0.6695276880264283,-0.013771811894008,3.1135998519711686e-10,0.33476384401321413,IMMUNE_ACTIVE
622,12824.0,8001.0,stroma_enriched,-0.1613899040222167,0.2428908395767212,1.7666960834321523,4.788730366350451e-10,0.1214454197883606,STROMA
623,12214.0,6500.0,immune_enriched,0.069063742501395,0.6507570266723632,0.1840924181256975,9.754323128993774e-10,0.3253785133361816,IMMUNE_ACTIVE
624,5575.0,7338.0,stroma_enriched,-0.3259018162318639,0.3432606649398804,0.9781381752377464,1.0001115959178367e-09,0.1716303324699402,STROMA
625,9597.0,6395.0,stroma_enriched,-0.179248788016183,0.7805591440200805,0.9466111719040644,9.204283601638144e-09,0.39027957201004027,IMMUNE_ACTIVE
626,11002.0,5579.0,immune_enriched,0.0901810727800641,0.6152806949615478,0.1600723502749489,6.503511153420782e-10,0.3076403474807739,IMMUNE_ACTIVE
627,13035.0,10198.0,stroma_enriched,0.1193343353271484,0.3975667953491211,0.6485353415352958,2.0182830606276268e-09,0.19878339767456055,STROMA
628,9801.0,6973.0,other,0.259423781803676,-0.1010633170604705,0.0901620846702939,3.4528174246099955e-10,-0.05053165853023525,MIXED
629,10809.0,7547.0,other,0.1525859451293945,0.1613129448890686,-0.1357912095387776,1.0334146616026688e-09,0.0806564724445343,MIXED
630,10604.0,6507.0,immune_enriched,0.2913938740321569,0.6122448253631592,-0.2710172753106981,3.885599584098647e-09,0.3061224126815796,IMMUNE_ACTIVE
631,7983.0,5477.0,stroma_enriched,-0.099191529410226,0.3115946197509766,0.968345464070638,5.250870301203621e-10,0.1557973098754883,STROMA
632,11409.0,6503.0,other,0.2421064158848352,0.242185583114624,-0.3074566386994861,9.964931791616803e-11,0.121092791557312,MIXED
633,6782.0,7101.0,other,0.1542422703334263,0.2598243737220764,-0.0099571763901483,1.3150439506055103e-09,0.1299121868610382,MIXED
634,10613.0,8589.0,tumor_enriched,0.5842638179234095,-0.0619512975215911,-0.4260391787120273,2.0227720748448563e-11,-0.03097564876079555,MIXED
635,13220.0,6380.0,stroma_enriched,0.2282073075430734,0.454663496017456,0.7049498494466145,1.543286818847483e-09,0.227331748008728,STROMA
636,11826.0,9971.0,other,-0.1089112772260394,0.0402673006057739,0.2214177013578869,3.0597438515518236e-10,0.02013365030288695,MIXED
637,6583.0,7680.0,other,0.2169012015206474,0.2509420108795166,0.0323434466407412,2.96421053184549e-09,0.1254710054397583,MIXED
638,8584.0,4896.0,other,0.0101371737888881,0.2560132479667663,0.3123278790428525,3.440046170544387e-10,0.12800662398338314,MIXED
639,14430.0,7068.0,other,-0.1483873203822544,0.2454980516433715,0.5185348492576962,1.8840053235074023e-10,0.12274902582168574,MIXED
640,14031.0,7764.0,other,0.1119534846714565,-0.0739347112178802,-0.2076578178859892,9.334290097659596e-11,-0.0369673556089401,MIXED
641,9410.0,9750.0,other,0.0676804951259067,-0.075081866979599,-0.0613642501831054,9.52799114942803e-10,-0.0375409334897995,MIXED
642,9997.0,5931.0,other,-0.3936424337114606,0.2058711051940918,0.0362293552217029,5.321217166567694e-10,0.1029355525970459,MIXED
643,11224.0,10321.0,other,0.0636440931047711,0.1539337348937988,0.2728238341921852,4.9585805688834786e-11,0.0769668674468994,MIXED
644,14443.0,10076.0,other,-0.1156867980957031,0.4362401795387268,-0.2873923758098057,1.5016897290721598e-10,0.2181200897693634,MIXED
645,12225.0,9044.0,other,0.1836038752964565,-0.0440880572795868,0.0160106141226631,8.9444083715629e-11,-0.0220440286397934,MIXED
646,6575.0,5830.0,other,-0.6187185668945312,-0.0538782751560211,0.3991580926804315,2.1584271103783583e-09,-0.02693913757801055,MIXED
647,9802.0,7435.0,tumor_enriched,0.3849133736746651,-0.1102531719207763,-0.3810841292426699,8.325797077165116e-11,-0.05512658596038815,MIXED
648,6790.0,8952.0,other,-0.1432856151035854,0.2155960059165954,0.2428957630339123,4.475493778297593e-10,0.1077980029582977,MIXED
649,12422.0,8234.0,stroma_enriched,0.194778823852539,0.553811538219452,0.7174265725272042,8.787685503282801e-10,0.276905769109726,STROMA
650,12216.0,6962.0,tumor_enriched,0.3261910574776786,0.1435181307792663,-0.228513863881429,3.319632513026883e-10,0.07175906538963316,MIXED
651,10403.0,6623.0,other,0.2203311048235211,0.2120007896423339,-0.28943038440886,4.960362978637604e-10,0.10600039482116695,MIXED
652,11018.0,9281.0,tumor_enriched,0.4072497940063476,0.3310475039482117,0.2345406877426873,6.532423468888842e-10,0.16552375197410585,MIXED
653,13030.0,9041.0,stroma_enriched,-0.0634222793579101,0.4486650609970092,0.7779421288626533,8.141362342706347e-09,0.2243325304985046,STROMA
654,14223.0,5797.0,other,0.0676645605904715,0.1687727427482604,-0.3692156864347912,7.048521767596196e-11,0.0843863713741302,MIXED
655,10199.0,6046.0,immune_enriched,-0.5406906591142926,0.7852329969406128,-0.1128809656415666,5.594403465534566e-10,0.3926164984703064,IMMUNE_ACTIVE
656,9590.0,4776.0,immune_enriched,-0.4705586801256452,0.7818186759948731,0.0955421633947463,3.062183919585243e-09,0.39090933799743655,IMMUNE_ACTIVE
657,5783.0,8841.0,stroma_enriched,-0.2740336091177804,0.4684823131561279,1.5709116581508091,3.232498937458161e-09,0.23424115657806396,STROMA
658,5769.0,5602.0,stroma_enriched,-0.4680656978062221,0.3585534930229187,0.8492987859816777,1.0715798447034475e-10,0.17927674651145936,STROMA
659,13631.0,8460.0,other,0.0237575258527483,0.0214992260932922,-0.1633010264805385,1.5393786844091267e-10,0.0107496130466461,MIXED
660,14036.0,8921.0,stroma_enriched,0.0709324455261231,0.10483447432518,0.9921800086611792,1.5478379317042823e-10,0.05241723716259,STROMA
661,14835.0,7529.0,other,0.0803096280779156,-0.1424624896049499,-0.2585831451416015,3.286704856306492e-11,-0.07123124480247495,MIXED
662,8390.0,6632.0,stroma_enriched,-0.2468136814662388,0.2259115266799927,0.6172516586667016,8.670545929908604e-10,0.11295576333999635,STROMA
663,15847.0,9029.0,stroma_enriched,-0.0610898508344378,0.2321366715431213,1.664924777802967,3.25192071820225e-10,0.11606833577156064,STROMA
664,15242.0,8684.0,other,0.1637818935939244,0.2809468913078308,0.2543776512145996,1.8997705623997648e-10,0.1404734456539154,MIXED
665,14441.0,9613.0,stroma_enriched,-0.3380901541028704,0.7784207344055176,1.3508917018345423,5.717277555443095e-09,0.3892103672027588,IMMUNE_ACTIVE
666,12631.0,9968.0,stroma_enriched,-0.0183958053588867,0.3798685979843139,0.7157084056309291,4.8010562133068214e-09,0.18993429899215694,STROMA
667,9596.0,6164.0,immune_enriched,-0.080142844063895,0.6234460163116455,0.0320251174200149,2.4970916639206372e-09,0.31172300815582277,IMMUNE_ACTIVE
668,10602.0,6044.0,immune_enriched,-0.4364504984446934,0.7191393232345581,0.548514880225772,2.282334081328511e-09,0.35956966161727905,IMMUNE_ACTIVE
669,10615.0,9283.0,other,0.1693925285339355,-0.0491425204277038,0.2746086193266369,9.912608110825524e-11,-0.0245712602138519,MIXED
670,14840.0,8686.0,stroma_enriched,-0.0171678706577845,0.7980536365509033,0.8611362366449264,4.730222511417374e-09,0.39902681827545167,IMMUNE_ACTIVE
671,10808.0,7315.0,other,0.2235361780439103,0.1845550870895386,0.2642997923351469,2.4095713216903533e-10,0.0922775435447693,MIXED
672,6789.0,8721.0,immune_enriched,-0.0377566637311663,0.8459871578216553,0.3614905430021741,2.462640569138217e-10,0.4229935789108277,IMMUNE_EXHAUSTED
673,9003.0,8827.0,tumor_enriched,0.414148336138044,0.0872910499572754,-0.3210640010379609,4.167447198728352e-10,0.0436455249786377,MIXED
674,11626.0,10319.0,other,0.3152354431152343,-0.0020644223690032,0.5506592142014277,5.767760176154207e-10,-0.0010322111845016,MIXED
675,11000.0,5117.0,stroma_enriched,-0.0343037469046456,0.5693643665313721,0.9970672734578452,4.707136644993714e-11,0.28468218326568606,STROMA
676,7188.0,7794.0,stroma_enriched,-0.2379873507363455,0.2791271948814392,1.2863644845145088,9.62833964854143e-10,0.1395635974407196,STROMA
677,8196.0,8368.0,other,0.0872067941938128,0.1691970634460449,0.1241333162216913,4.796033084765681e-10,0.08459853172302245,MIXED
678,10605.0,6738.0,other,0.2179648808070592,0.3939459228515625,0.1260341226486933,7.032286727463134e-10,0.19697296142578125,MIXED
679,15241.0,8453.0,other,0.0125546155657086,-0.1071447277069091,-0.1987124742780413,2.772838406725103e-09,-0.05357236385345455,MIXED
680,13814.0,4179.0,other,0.167564765385219,0.2465911936759949,0.1455384554181781,3.0876973245244415e-10,0.12329559683799746,MIXED
681,15441.0,8105.0,stroma_enriched,-0.0703917966570172,0.5658550930023194,1.412338058834984,1.212009693891087e-09,0.2829275465011597,STROMA
682,12625.0,8580.0,tumor_enriched,0.4022082219805036,-0.1089131426811218,0.0178276216416131,5.550314162304025e-10,-0.0544565713405609,MIXED
683,13415.0,5106.0,tumor_enriched,0.4087725285121374,0.2644693636894226,-0.242860186440604,6.19638674648931e-10,0.1322346818447113,MIXED
684,13036.0,10429.0,tumor_enriched,0.4802443150111608,0.0950367784500121,0.1374376678466797,1.556911172900256e-09,0.04751838922500605,MIXED
685,8182.0,5129.0,stroma_enriched,0.0869055720738002,0.455411536693573,0.6001913788205102,1.677365204371954e-09,0.2277057683467865,STROMA
686,15439.0,7643.0,other,0.0572867911202567,-0.1135668039321899,-0.340578400293986,3.9302461990760776e-10,-0.05678340196609495,MIXED
687,9790.0,4428.0,other,-0.2528187302180699,0.2732137084007263,0.2873554161616733,3.2503028865219456e-10,0.13660685420036314,MIXED
688,7782.0,5593.0,interface_like,0.2883030537196568,0.2619257688522339,0.5519379733857654,3.9512725456951405e-09,0.13096288442611695,MIXED
689,14032.0,7996.0,other,0.1047936194283621,-0.1203633213043212,-0.1248981366838727,3.231155098586902e-10,-0.0601816606521606,MIXED
690,11413.0,7428.0,immune_enriched,0.190489946092878,0.6663682556152344,-0.265415912809826,1.6946869426637456e-10,0.3331841278076172,IMMUNE_ACTIVE
691,12833.0,10083.0,interface_like,0.3823561641148157,0.3412541890144348,0.3876180775960286,4.949390298541166e-09,0.1706270945072174,MIXED
692,8195.0,8136.0,other,-0.0315174211774553,0.4465635013580322,-0.1287496049063546,2.0191932654225295e-09,0.2232817506790161,MIXED
693,11213.0,7776.0,tumor_enriched,0.4544814682006836,-0.0530811989307403,-0.3289496639796666,5.669243354912329e-09,-0.02654059946537015,MIXED
694,12624.0,8349.0,other,0.2190332249232701,-0.083974540233612,0.0912843649727958,8.217428968681522e-10,-0.041987270116806,MIXED
695,13828.0,7418.0,other,0.3074481092180525,-0.0753538870811462,-0.2002555461156936,3.0892381331757827e-11,-0.0376769435405731,MIXED
696,12817.0,6381.0,other,-0.0949385697501046,0.1491819763183594,-0.2825789982931955,1.299294863609241e-09,0.0745909881591797,MIXED
697,12406.0,4301.0,interface_like,0.1582894025530135,0.3599475288391113,0.3333467183794293,3.337973375609019e-08,0.17997376441955565,MIXED
698,12010.0,5922.0,other,0.2997974341256278,0.0807825589179992,-0.3969402928579421,9.442102893592567e-11,0.0403912794589996,MIXED
699,7990.0,7096.0,other,0.2615851048060826,-0.0424793624877929,-0.3544049333390735,3.4561930730439687e-10,-0.02123968124389645,MIXED
700,14821.0,4291.0,immune_enriched,0.2606882286071778,0.856373815536499,0.6088010079520089,1.32202438332079e-09,0.4281869077682495,IMMUNE_EXHAUSTED
701,7584.0,6404.0,other,-0.2130187484196254,0.461475248336792,0.4256427892049154,2.4973460125893797e-10,0.230737624168396,MIXED
702,15646.0,8914.0,other,0.0371029853820801,-0.0543249487876892,-0.3030165177299862,8.083930637951294e-11,-0.0271624743938446,MIXED
703,14641.0,9265.0,stroma_enriched,-0.2799978637695313,0.9809782791137696,1.5367708732968286,4.095012660297028e-09,0.4904891395568848,IMMUNE_EXHAUSTED
704,14839.0,8455.0,interface_like,0.1350727707999093,0.4284560561180114,0.2993541108994256,1.1256105900273298e-08,0.2142280280590057,MIXED
705,11424.0,9973.0,tumor_enriched,0.3530805969238281,-0.0616836833953857,-0.0921863301595051,2.6322980587534356e-10,-0.03084184169769285,MIXED
706,14833.0,7067.0,other,0.3174145344325475,-0.0250237965583801,-0.2381157400494529,5.1748958643110536e-11,-0.01251189827919005,MIXED
707,11006.0,6505.0,stroma_enriched,0.1782981899806431,0.6346977949142456,1.2709867095947265,3.7238761818558087e-10,0.3173488974571228,IMMUNE_ACTIVE
708,9999.0,6393.0,other,0.0918441390991211,0.4529828214645385,0.2813891138349261,4.87278259447001e-10,0.22649141073226925,MIXED
709,11825.0,9740.0,other,0.0354080336434501,-0.2271006560325622,0.4522601463681175,1.599473560409883e-09,-0.1135503280162811,MIXED
710,10003.0,7319.0,tumor_enriched,0.5053111158098494,-0.0521605634689331,-0.3342756986618042,6.963609267218939e-11,-0.02608028173446655,MIXED
711,5973.0,6179.0,other,-0.1795498384748186,0.4424250197410583,0.318465078444708,1.2266938947875198e-10,0.22121250987052915,MIXED
712,8988.0,5125.0,immune_enriched,0.0001893479483467,0.5059868955612183,0.0963006977807908,3.0470907657541277e-10,0.25299344778060917,MIXED
713,5571.0,6412.0,other,0.0464609663827079,0.2327029752731323,-0.2951408847173055,1.1901157611819094e-10,0.11635148763656615,MIXED
714,10007.0,8244.0,other,0.264490841456822,-0.0198918104171753,-0.5307720438639323,2.084016842276096e-10,-0.00994590520858765,MIXED
715,7581.0,5710.0,stroma_enriched,-0.077221508026123,0.3898628044128418,0.8405231457664852,1.0313326038319839e-09,0.1949314022064209,STROMA
716,12209.0,5343.0,tumor_enriched,0.3779467337472099,-0.0250712585449218,-0.3584928635188511,1.6330484227494947e-10,-0.0125356292724609,MIXED
717,7796.0,8832.0,tumor_enriched,0.4457224655151367,0.1085608291625976,-0.1295459924425397,1.0924123552982408e-09,0.0542804145812988,MIXED
718,9806.0,8361.0,stroma_enriched,0.1690363883972168,0.4447834968566895,1.0231111980619885,1.6461019036678655e-10,0.22239174842834475,STROMA
719,11015.0,8587.0,tumor_enriched,0.4499737875802176,0.0470109248161316,-0.4379635531561715,3.6670462083233036e-11,0.0235054624080658,MIXED
720,15639.0,7295.0,other,0.3176930182320732,-0.1320168852806091,-0.141022192182995,9.243776082912859e-11,-0.06600844264030455,MIXED
721,9613.0,10097.0,stroma_enriched,0.1021824809483119,0.1747487568855285,0.8735847473144531,5.200512140988402e-11,0.08737437844276424,STROMA
722,16254.0,9953.0,stroma_enriched,-0.2782961048398699,0.189474446773529,0.7645174226306735,3.9119647176603655e-10,0.0947372233867645,STROMA
723,10811.0,8009.0,tumor_enriched,0.5795909881591796,-0.2497771006822586,-0.4106200446401323,5.432833778903163e-11,-0.1248885503411293,MIXED
724,13218.0,5917.0,other,0.2674115371704101,0.1442930841445923,-0.2091346250261579,6.129628876586745e-11,0.07214654207229615,MIXED
725,7192.0,8950.0,other,0.056684695652553,0.2290776968002319,-0.1205871845427013,1.7586975942079437e-11,0.11453884840011595,MIXED
726,5377.0,7917.0,stroma_enriched,-0.4567445755004883,0.9047152280807496,1.2572501700265066,1.992821391569432e-09,0.4523576140403748,IMMUNE_EXHAUSTED
727,10411.0,8474.0,tumor_enriched,0.4504290063040597,-0.1368138468265533,-0.5499910990397135,1.5543582069097216e-11,-0.06840692341327664,MIXED
728,15438.0,7411.0,other,0.3033890478951591,-0.2067957079410552,-0.2989186489014398,9.277672668694859e-11,-0.1033978539705276,MIXED
729,11814.0,7195.0,other,0.1839568328857421,0.0960601329803466,-0.1362888209025065,2.1574560709734487e-10,0.0480300664901733,MIXED
730,13633.0,8923.0,immune_enriched,-0.2284372547694615,0.4878766012191772,0.061685322352818,1.8954080261716551e-10,0.2439383006095886,MIXED
731,11400.0,4421.0,tumor_enriched,0.5791954040527344,0.1342332148551941,-0.0120833297002882,7.997589192617017e-09,0.06711660742759705,MIXED
732,13418.0,5800.0,tumor_enriched,0.4872182573590959,-0.1099924421310424,-0.3655394104548862,1.0721605981754578e-10,-0.0549962210655212,MIXED
733,15444.0,8799.0,other,0.1777344376700265,-0.1370131111145019,-0.268600477264041,7.619468809123783e-11,-0.06850655555725095,MIXED
734,9992.0,4774.0,immune_enriched,-0.5725382402965,0.6007917308807373,0.3395156333560036,2.890862374932114e-09,0.30039586544036867,IMMUNE_ACTIVE
735,12416.0,6846.0,tumor_enriched,0.3619922310965401,0.2865789127349853,-0.2496557272048223,1.4997722672418226e-09,0.14328945636749266,MIXED
736,9611.0,9634.0,tumor_enriched,0.3279230363028389,0.1227830338478088,-0.2992494753428868,7.090854586416853e-10,0.0613915169239044,MIXED
737,5770.0,5833.0,immune_enriched,-0.3311183983939034,0.6196111822128296,0.5033538564046224,5.3232160393923376e-11,0.3098055911064148,IMMUNE_ACTIVE
738,14028.0,7070.0,other,-0.3455703435625348,0.2712114644050598,0.2152165458315895,7.566510062490284e-10,0.1356057322025299,MIXED
739,9612.0,9865.0,stroma_enriched,-0.2563364287785121,0.6603842306137084,0.730326407296317,1.649792463208312e-09,0.3301921153068542,IMMUNE_ACTIVE
740,12005.0,4765.0,tumor_enriched,0.4808978870936803,0.1092102813720703,0.0102066512334914,3.0456995119806575e-10,0.05460514068603515,MIXED
741,8187.0,6286.0,tumor_enriched,0.4389843477521623,0.3898400616645813,0.2235807100931803,3.6996459025479144e-10,0.19492003083229065,MIXED
742,7374.0,4438.0,stroma_enriched,-0.1802762181418283,-0.0135974848270416,0.7006170554388138,9.386383983000115e-09,-0.0067987424135208,STROMA
743,7175.0,4786.0,immune_enriched,-0.3076580987657819,0.7189155578613281,0.1473040508088611,1.8711692566508692e-09,0.35945777893066405,IMMUNE_ACTIVE
744,14022.0,5682.0,tumor_enriched,0.3925943674360002,-0.0071526527404784,-0.2760947409130277,1.589285665371797e-10,-0.0035763263702392,MIXED
745,6377.0,6409.0,stroma_enriched,-0.4305479601451328,0.2898756456375122,0.7755376579647972,9.49060934605423e-10,0.1449378228187561,STROMA
746,6577.0,6292.0,other,0.2583655548095703,0.327013738155365,0.275541315532866,1.4534089935020624e-09,0.1635068690776825,MIXED
747,12830.0,9389.0,other,0.1122734206063407,0.1368965363502502,0.2178233746119907,2.121379043188266e-10,0.0684482681751251,MIXED
748,7589.0,7560.0,other,0.2788496289934431,0.410177640914917,0.1208634167625791,7.17018282325446e-10,0.2050888204574585,MIXED
749,15843.0,8103.0,stroma_enriched,-0.2400154086521694,0.1279758167266845,1.8896254330589657,4.483726816617332e-10,0.06398790836334226,STROMA
750,10416.0,9630.0,stroma_enriched,0.0622384807041713,0.2344677305221557,0.6635235196068173,5.8033160264439884e-11,0.11723386526107785,STROMA
751,10417.0,9862.0,stroma_enriched,0.1763042885916573,-0.0015981554985046,0.6352360843476794,1.6008144999765155e-09,-0.0007990777492523,STROMA
752,7986.0,6171.0,stroma_enriched,-0.5894861268997192,0.8365517139434815,0.8693227895100911,7.872405468511492e-10,0.41827585697174074,IMMUNE_EXHAUSTED
753,10399.0,5698.0,immune_enriched,0.0444568007332938,0.9022554159164428,0.1794044521876743,1.7660771587287147e-09,0.4511277079582214,IMMUNE_EXHAUSTED
754,14221.0,5334.0,other,0.2818883677891322,0.1472310829162597,-0.2903545113972255,2.0054212183382307e-10,0.07361554145812985,MIXED
755,13227.0,7999.0,other,0.3012433569771903,0.143512909412384,0.1027276393345424,1.0391378518029903e-10,0.071756454706192,MIXED
756,13013.0,5108.0,tumor_enriched,0.5621543938773018,-0.0601188218593597,-0.3103999837239584,5.538886792058571e-10,-0.03005941092967985,MIXED
757,11009.0,7199.0,other,0.204358765738351,-0.0753847157955169,-0.2322801685333252,8.963418248326833e-10,-0.03769235789775845,MIXED
758,8403.0,9639.0,stroma_enriched,-0.0751416996547154,0.5215597724914551,1.6419899313790456,5.695144412806752e-10,0.26077988624572757,STROMA
759,9588.0,4313.0,stroma_enriched,-0.0255492564610072,0.6628537082672119,0.7202311524890719,7.112247392674508e-10,0.33142685413360595,IMMUNE_ACTIVE
760,11828.0,10434.0,stroma_enriched,-0.1289905030386788,0.1034268856048584,0.6844670232137045,1.9413225352768184e-10,0.0517134428024292,STROMA
761,8783.0,4317.0,stroma_enriched,0.0417850112915039,0.1487296414375305,0.9835784839448474,1.0598732813476047e-09,0.07436482071876525,STROMA
762,9207.0,9404.0,other,0.2986227852957589,0.0485519576072692,0.3513625644502185,9.848121126971042e-11,0.0242759788036346,MIXED
763,9603.0,7783.0,tumor_enriched,0.4833803394862584,0.1723921847343444,-0.3007839316413516,9.776555923797444e-11,0.0861960923671722,MIXED
764,10195.0,5120.0,immune_enriched,-0.5978696281569345,1.0292017221450809,0.1853707377115885,1.291966660077859e-09,0.5146008610725404,IMMUNE_EXHAUSTED
765,7984.0,5708.0,stroma_enriched,0.0574598094395228,0.694392294883728,0.7624860273088728,2.0509296965724952e-09,0.347196147441864,IMMUNE_ACTIVE
766,10414.0,9168.0,tumor_enriched,0.4555716487339564,-0.0705155181884765,-0.4283716870489574,3.8184816754553934e-11,-0.03525775909423825,MIXED
767,15850.0,9723.0,stroma_enriched,-0.1802979115077427,-0.0417722368240356,1.3861212557838076,1.077713892942605e-09,-0.0208861184120178,STROMA
768,13625.0,7072.0,tumor_enriched,0.3520522035871233,-0.1719205737113952,0.260975900377546,2.7850818607514856e-10,-0.0859602868556976,MIXED
769,9002.0,8595.0,tumor_enriched,0.3796907588413782,0.1361440420150756,-0.1000851803734189,1.1674584673190588e-10,0.0680720210075378,MIXED
770,5572.0,6644.0,immune_enriched,-0.1065432902744838,0.8147628593444824,-0.0953380702790759,2.6385292647127206e-10,0.4073814296722412,IMMUNE_EXHAUSTED
771,7783.0,5825.0,stroma_enriched,-0.3864842564719064,0.5754107689857483,1.5689700499035064,1.8523663177520902e-09,0.28770538449287414,STROMA
772,13622.0,6378.0,immune_enriched,0.3130020550319128,0.4874006843566894,0.5586523864382789,2.83064572182483e-10,0.2437003421783447,MIXED
773,11414.0,7660.0,immune_enriched,0.2756259073529924,0.5799091577529907,0.4491557575407482,4.4426878450999544e-10,0.28995457887649534,MIXED
774,6173.0,5831.0,immune_enriched,-0.3276565987723215,1.007248454093933,0.1937250954764229,3.8004465167209384e-09,0.5036242270469665,IMMUNE_EXHAUSTED
775,8987.0,4894.0,other,-0.1055594744001116,0.4440693950653076,-0.2426560336635226,3.6966879839035973e-10,0.2220346975326538,MIXED
776,5583.0,9188.0,immune_enriched,-0.0533091953822544,0.8798364210128784,0.7043577757335844,2.5246585393392017e-10,0.4399182105064392,IMMUNE_EXHAUSTED
777,13032.0,9504.0,tumor_enriched,0.4978745269775391,-0.0525311541557311,-0.0487521934509277,6.058269225512678e-09,-0.02626557707786555,MIXED
778,9191.0,5703.0,immune_enriched,0.1344612612043109,0.5531781101226807,-0.0883669144766671,5.186703637101953e-10,0.27658905506134035,MIXED
779,5967.0,4791.0,other,0.0967076301574706,0.1265531063079834,0.5356903911772228,1.753896784978889e-09,0.0632765531539917,MIXED
780,13824.0,6493.0,other,0.0252622277396065,0.1737026667594909,0.0842360037849062,6.524330948621077e-10,0.08685133337974545,MIXED
781,8997.0,7439.0,other,0.0883129174368722,0.2732935929298401,-0.4188766277404059,1.6347866857906008e-10,0.13664679646492006,MIXED
782,14621.0,4639.0,other,0.2675470651899064,0.1515706944465636,0.1076998202006022,4.2958209461424143e-10,0.0757853472232818,MIXED
783,10814.0,8703.0,tumor_enriched,0.6976734433855329,-0.1693142533302307,-0.339555922689892,1.4758984924346894e-10,-0.08465712666511535,TUMOR
784,12211.0,5806.0,other,0.3143150765555245,-0.0084205460548401,-0.4351861607460748,4.578375260200767e-11,-0.00421027302742005,MIXED
785,10596.0,4656.0,other,-0.1904386860983712,0.2082690715789795,0.3000758084796724,5.357420576699453e-10,0.10413453578948975,MIXED
786,13417.0,5569.0,tumor_enriched,0.3626449203491211,-0.0362019860744475,-0.3418101024627685,9.017017955501528e-11,-0.01810099303722375,MIXED
787,5163.0,5026.0,stroma_enriched,-0.5404045486450195,0.2955581188201904,0.6648648489089238,1.4906696666712027e-09,0.1477790594100952,STROMA
788,13021.0,6959.0,other,0.2607166916983467,-0.1042733454704284,-0.2325885468437558,2.561544977880403e-09,-0.0521366727352142,MIXED
789,10011.0,9170.0,tumor_enriched,0.3724819728306361,-0.169386727809906,-0.3272423644292922,4.7496561400545496e-11,-0.084693363904953,MIXED
790,12616.0,6498.0,tumor_enriched,0.3452412005833216,0.2850612878799439,-0.1148880363646007,9.888424643612648e-10,0.14253064393997195,MIXED
791,13024.0,7653.0,stroma_enriched,-0.0432737023489815,-0.0388321530818939,1.017683020092192,5.567402228722585e-09,-0.01941607654094695,STROMA
792,14644.0,9959.0,other,0.0655885750906807,0.0206711220741271,0.007974229086013,2.189201682975805e-09,0.01033556103706355,MIXED
793,10397.0,5235.0,immune_enriched,-0.1972907447814941,0.5376582288742066,0.3890353729611351,1.3981313427706742e-10,0.2688291144371033,MIXED
794,6580.0,6986.0,immune_enriched,0.1687544087001256,0.6692457914352417,0.0938288025628952,2.787503213184342e-09,0.3346228957176208,IMMUNE_ACTIVE
795,10213.0,9284.0,tumor_enriched,0.5124851281302315,-0.0945426774024963,-0.5023992045720418,1.8162499645209583e-11,-0.04727133870124815,MIXED
796,10410.0,8242.0,tumor_enriched,0.6063008444649833,-0.023425862789154,-0.3821361291976202,8.702466683133904e-11,-0.011712931394577,TUMOR
797,13437.0,10196.0,stroma_enriched,-0.5081399897166661,0.136532244682312,0.691412184579032,1.422323157233137e-09,0.068266122341156,STROMA
798,12421.0,8002.0,stroma_enriched,-0.2587957150595528,0.3630222058296203,1.3905852744692848,1.5369170789190651e-09,0.18151110291481015,STROMA
799,8402.0,9408.0,stroma_enriched,-0.2057263701302665,1.095816740989685,1.2253063310895649,1.3643438341692223e-09,0.5479083704948425,IMMUNE_EXHAUSTED
800,13031.0,9272.0,other,0.0405887712751116,0.0672753262519836,0.0252061194465273,1.592362870881532e-09,0.0336376631259918,MIXED
801,9996.0,5699.0,immune_enriched,-0.5352609423228673,0.8460079288482666,-0.0006599567050025,3.42596993915857e-10,0.4230039644241333,IMMUNE_EXHAUSTED
802,10606.0,6969.0,other,0.0334963062831333,0.393248291015625,0.0905454290480841,6.662156181308279e-09,0.1966241455078125,MIXED
803,9194.0,6397.0,stroma_enriched,-0.1406845910208565,0.4280743503570556,0.727351557413737,1.2270075484976712e-09,0.2140371751785278,STROMA
804,7993.0,7790.0,other,0.2527915900094168,-0.2032664573192596,-0.2870058790842692,5.02952934607991e-10,-0.1016332286596298,MIXED
805,8385.0,5475.0,immune_enriched,-0.229931229182652,0.554804835319519,0.314270270211356,4.2868055561946445e-10,0.2774024176597595,MIXED
806,8789.0,5705.0,other,0.0726704978942871,0.2628526592254638,-0.1301474757421584,2.3597381234129996e-10,0.1314263296127319,MIXED
807,14219.0,4872.0,immune_enriched,0.1277493422372001,0.6493365383148193,0.3246496382213774,3.2428241435573936e-10,0.32466826915740965,IMMUNE_ACTIVE
808,6175.0,6294.0,immune_enriched,-0.2408139991760254,0.5238947367668152,0.2773660024007161,1.7615460435536936e-10,0.2619473683834076,MIXED
809,8594.0,7209.0,immune_enriched,-0.1309644481113978,0.5405411052703858,0.3091314297630674,8.239500943161225e-10,0.2702705526351929,MIXED
810,12425.0,8928.0,tumor_enriched,0.4816740580967493,-0.0983610951900482,0.0365746897742861,3.3915698055993844e-10,-0.0491805475950241,MIXED
811,10815.0,8935.0,tumor_enriched,0.4790123312813895,-0.2286082100868225,-0.2574720625650315,2.6568489411777713e-10,-0.11430410504341125,MIXED
812,13615.0,4759.0,other,0.3118641962323869,0.1489090204238891,0.1586397879464286,3.9063803716514225e-10,0.07445451021194455,MIXED
813,7386.0,7214.0,immune_enriched,-0.0514004734584263,0.577448239326477,-0.1548523003714425,5.445667040489758e-10,0.2887241196632385,MIXED
814,15645.0,8683.0,stroma_enriched,-0.0280690547398159,-0.192996255159378,0.626932799021403,2.9148136813352187e-10,-0.096498127579689,STROMA
815,8596.0,7672.0,other,0.0268869427272251,-0.052601500749588,-0.0248679515293666,6.360513132522774e-10,-0.026300750374794,MIXED
816,5565.0,5024.0,stroma_enriched,-0.0683367184230259,0.16271657705307,0.8883195350283668,6.183761234060406e-10,0.081358288526535,STROMA
817,8996.0,7207.0,other,0.1854386356898716,0.1715745115280151,0.0654647127787272,1.8218695235466984e-10,0.08578725576400754,MIXED
818,10601.0,5812.0,immune_enriched,-0.584256248474121,0.6737538337707519,0.2405976268223353,2.3139525623197355e-09,0.33687691688537597,IMMUNE_ACTIVE
819,9193.0,6166.0,other,-0.1708117130824498,0.212651035785675,0.3862519672938755,3.803085274852966e-09,0.1063255178928375,MIXED
820,5978.0,7336.0,other,-0.3394472871507917,0.4105989933013916,0.4068255061195009,8.204922871781786e-10,0.2052994966506958,MIXED
821,14228.0,6954.0,immune_enriched,0.1174568721226283,0.4844323396682739,0.0020754805065336,8.784333681493916e-10,0.24221616983413696,MIXED
822,8392.0,7094.0,other,-0.0248867716108049,0.3896758794784546,-0.3467398550396873,6.121027722458904e-11,0.1948379397392273,MIXED
823,15649.0,9608.0,interface_like,0.3576078469412667,0.1577576637268066,0.6443909490676152,8.042175822939187e-10,0.0788788318634033,STROMA
824,11217.0,8702.0,tumor_enriched,0.5951947511945451,-0.0490801453590392,-0.268936855225336,4.4877421566295785e-11,-0.0245400726795196,MIXED
825,8197.0,8599.0,stroma_enriched,0.022224919455392,0.6160764884948731,1.3697278958275203,1.5564639765623995e-10,0.30803824424743653,IMMUNE_ACTIVE
826,12408.0,4764.0,tumor_enriched,0.4619043023245675,-0.0582408380508422,-0.2651925695510138,2.217272297842358e-10,-0.0291204190254211,MIXED
827,4962.0,5143.0,stroma_enriched,-0.0769097559792655,0.5138469696044922,0.5849956130981445,1.8953363751032028e-10,0.2569234848022461,MIXED
828,5574.0,7106.0,stroma_enriched,0.1168527821132114,0.2097934484481811,0.786425061907087,1.2617918975806744e-09,0.10489672422409055,STROMA
829,15237.0,7528.0,other,0.186219994681222,-0.0809490692615508,-0.2264372035435268,3.336823954465205e-11,-0.0404745346307754,MIXED
830,10805.0,6621.0,other,0.2762772641863142,0.1501016783714294,-0.172411792845953,1.046826574505574e-09,0.0750508391857147,MIXED
831,10620.0,10439.0,stroma_enriched,-0.2476907048906598,-0.0666953575611114,1.0304980196271625,1.9921301821182112e-09,-0.0333476787805557,STROMA
832,13825.0,6724.0,other,0.26984466280256,0.3344365048408508,0.1121608388991582,2.0959219529501826e-10,0.1672182524204254,MIXED
833,11624.0,9857.0,other,0.2675013269696916,-0.1157854175567627,-0.1248114036378406,4.351883934865287e-10,-0.05789270877838135,MIXED
834,15644.0,8451.0,stroma_enriched,0.0839790071759906,0.5691151905059815,1.1990779658726285,4.896279047293332e-10,0.28455759525299074,STROMA
835,8399.0,8714.0,stroma_enriched,0.0687109810965401,0.4264976263046264,0.8320239185151599,5.2931157954938937e-11,0.2132488131523132,STROMA
836,15034.0,7182.0,other,0.2228713689531598,-0.2980488348007202,-0.2065836529504685,5.1059885230492205e-11,-0.1490244174003601,MIXED
837,5969.0,5254.0,stroma_enriched,-0.2503726114545549,0.3403689551353455,0.6444474102201916,3.1334664492882985e-10,0.17018447756767274,STROMA
838,8387.0,5938.0,other,0.2621444783891951,0.4754605531692505,-0.0758900715055919,1.7891589987952244e-10,0.23773027658462526,MIXED
839,7391.0,8371.0,immune_enriched,0.2839573996407645,0.5495736217498779,0.1499529066539945,7.348314390278785e-10,0.27478681087493895,MIXED
840,12017.0,7542.0,other,0.1298424421037946,0.1677461743354797,0.0138604572841098,7.95735041173506e-11,0.08387308716773985,MIXED
841,14239.0,9498.0,stroma_enriched,-0.0369578988211495,0.6468582248687744,0.93461301167806,2.6472278068696835e-10,0.3234291124343872,IMMUNE_ACTIVE
842,15037.0,7876.0,stroma_enriched,0.1951210212707519,0.1385462117195129,1.0837956110636393,2.1217413317198696e-10,0.06927310585975645,STROMA
843,14831.0,6604.0,tumor_enriched,0.3760007967267716,0.1913584351539612,-0.2186598141988118,1.6085045121974516e-10,0.0956792175769806,MIXED
844,8605.0,9754.0,stroma_enriched,0.0323376601082938,0.6412324523925781,1.129593198867071,5.393042220092631e-09,0.32061622619628904,IMMUNE_ACTIVE
845,8603.0,9291.0,stroma_enriched,-0.2082729257856097,0.7335382461547851,1.478946460542225,2.557757202221748e-10,0.36676912307739257,IMMUNE_ACTIVE
846,8799.0,8018.0,other,0.0634003938947406,0.0862218475341797,0.4471758615402947,8.796306268185694e-10,0.04311092376708985,MIXED
847,10603.0,6275.0,immune_enriched,-0.1925337300981793,1.2874614953994752,0.6822373708089193,5.122926717823992e-09,0.6437307476997376,IMMUNE_EXHAUSTED
848,13838.0,9732.0,other,-0.0948024095807756,-0.0048112380504607,0.4993490873064313,1.0456700429513142e-09,-0.00240561902523035,MIXED
849,9398.0,6974.0,other,0.10339357648577,0.3813036179542541,0.2714770162673224,4.733049387385551e-09,0.19065180897712705,MIXED
850,5373.0,6992.0,other,0.0295979717799594,0.2443023824691772,-0.0156724312191917,5.12134291797962e-10,0.1221511912345886,MIXED
851,14431.0,7300.0,stroma_enriched,0.0498757880074637,0.1312979674339294,0.8541725521995907,5.3449861542262565e-11,0.0656489837169647,STROMA
852,7182.0,6405.0,immune_enriched,-0.3083169542040143,0.495667769908905,0.466372317359561,1.8861277553339815e-10,0.2478338849544525,MIXED
853,8802.0,8712.0,immune_enriched,0.275481608254569,0.5238501024246216,0.4365427852812268,3.6117089792246117e-10,0.2619250512123108,MIXED
854,7173.0,4323.0,stroma_enriched,0.0880353982107979,0.5231507587432862,1.0642062650408064,2.056231270380351e-09,0.2615753793716431,STROMA
855,11425.0,10205.0,other,0.2766537720816475,-0.1004089140892028,0.0313179965246291,4.362894413763329e-10,-0.0502044570446014,MIXED
856,5381.0,8842.0,stroma_enriched,-0.5891337203979492,0.7406440544128419,1.1004225758143835,5.84682791544645e-10,0.37032202720642093,IMMUNE_ACTIVE
857,10795.0,4308.0,stroma_enriched,-0.4067770249502999,0.54630042552948,0.7927432487124488,1.8032384372443598e-09,0.27315021276474,STROMA
858,7979.0,4551.0,immune_enriched,0.1654404612949916,0.5253292989730836,0.2027946136111305,5.59498475004747e-10,0.2626646494865418,MIXED
859,12826.0,8463.0,other,0.0082363700866698,0.2041430878639221,0.0268944658551897,1.2063200487082211e-10,0.10207154393196105,MIXED
860,9001.0,8364.0,tumor_enriched,0.3329782567705427,0.1179746150970458,-0.2605406406947544,6.15584743400833e-10,0.0589873075485229,MIXED
861,12809.0,4531.0,other,0.0934219823564801,-0.1450525557994842,-0.0913869553520566,1.0291191564088963e-09,-0.0725262778997421,MIXED
862,11824.0,9509.0,other,0.0887738445826938,0.4427303099632262,0.2303447541736421,1.1485124947748611e-09,0.2213651549816131,MIXED
863,6775.0,5482.0,stroma_enriched,-0.3036050360543387,0.3214434576034546,0.6644362749372209,2.1495044078707278e-10,0.1607217288017273,STROMA
864,8593.0,6978.0,interface_like,0.0437010465349468,0.3046837139129639,0.5206513777233306,2.5177451561307e-09,0.15234185695648195,MIXED
865,14824.0,4985.0,other,0.3449538912091936,0.4426612997055054,0.0437324641999743,4.617906728553034e-10,0.2213306498527527,MIXED
866,8192.0,7442.0,other,0.1955167797633581,0.3301776790618896,-0.4832614418438503,1.3264386915374178e-10,0.1650888395309448,MIXED
867,15244.0,9147.0,other,0.2637436212812151,0.0243995141983032,-0.1757158488319033,4.2471054080304493e-10,0.0121997570991516,MIXED
868,9602.0,7552.0,tumor_enriched,0.5158177294049944,-0.0445112967491149,-0.3377418077559698,4.024256509588311e-12,-0.02225564837455745,MIXED
869,13222.0,6842.0,stroma_enriched,-0.1541166332789829,0.3441655993461608,1.003390404837472,4.068764737707691e-10,0.1720827996730804,STROMA
870,11610.0,6618.0,other,0.2426430593218123,0.3837505483627319,0.0355780047462099,3.301286728727261e-10,0.19187527418136596,MIXED
871,9991.0,4543.0,immune_enriched,-0.4266471409797668,0.5737221622467041,0.0773859314691453,1.001463214351554e-09,0.28686108112335207,MIXED
872,7189.0,8256.0,other,0.222932494027274,0.1201134538650512,-0.3370605695815314,5.442822446176157e-10,0.0600567269325256,MIXED
873,11402.0,4884.0,tumor_enriched,0.4208994075230189,0.1350228977203369,-0.3947310904094151,5.704248894371314e-10,0.06751144886016845,MIXED
874,8791.0,6167.0,other,0.1677706854684012,0.2735922813415527,0.1135347893124534,6.571809910563969e-10,0.13679614067077636,MIXED
875,14419.0,4524.0,tumor_enriched,0.4556733485630579,0.0590668320655822,-0.2969402751468477,8.64492205695038e-10,0.0295334160327911,MIXED
876,6792.0,9415.0,other,0.2073686408996582,-0.0058407568931579,0.332192203885033,7.510625396495111e-11,-0.00292037844657895,MIXED
877,10204.0,7202.0,tumor_enriched,0.3949766704014368,0.0213901448249816,-0.2815246631985619,1.9058522900421437e-10,0.0106950724124908,MIXED
878,8382.0,4781.0,stroma_enriched,-0.1752181925092425,0.2288600325584411,1.2218295033772786,1.3573910643186903e-09,0.11443001627922054,STROMA
879,9408.0,9288.0,tumor_enriched,0.41075501033238,-0.1066957533359527,-0.2508030546279181,4.093263447575392e-11,-0.05334787666797635,MIXED
880,9600.0,7089.0,tumor_enriched,0.5855739048549108,-0.1245812606811523,-0.3411878563108899,1.355376839921911e-09,-0.06229063034057615,MIXED
881,11417.0,8354.0,other,0.3047011865888323,-0.1184633326530456,-0.2006077734629313,1.576167434398715e-10,-0.0592316663265228,MIXED
882,11016.0,8818.0,tumor_enriched,0.4690559278215681,0.1261685466766357,-0.3302320752825056,6.570556916273726e-11,0.06308427333831786,MIXED
883,7376.0,4901.0,stroma_enriched,-0.006963277544294,0.2475663137435912,0.7162669163658505,2.3931139214736275e-09,0.1237831568717956,STROMA
884,8796.0,7324.0,stroma_enriched,-0.0663415145874023,0.1353441524505615,0.7596303267706009,5.223611397278614e-10,0.06767207622528075,STROMA
885,14841.0,8917.0,other,0.1141356032235282,0.0264361643791198,-0.2629345128649756,4.69186996704046e-10,0.0132180821895599,MIXED
886,12223.0,8582.0,tumor_enriched,0.377876968383789,-0.0276349472999573,-0.2367892070043654,1.5527568287865915e-11,-0.01381747364997865,MIXED
887,10009.0,8707.0,other,0.3090987178257532,-0.0259439468383789,-0.3345334121159145,2.143027561911136e-11,-0.01297197341918945,MIXED
888,8389.0,6400.0,stroma_enriched,-0.2142118889944894,0.9387990665435793,1.2971842520577568,9.517154740299596e-10,0.4693995332717896,IMMUNE_EXHAUSTED
889,5576.0,7569.0,stroma_enriched,-0.1822411973135811,0.6559302473068238,0.7591847619556246,4.969633062279527e-10,0.3279651236534119,IMMUNE_ACTIVE
890,12016.0,7310.0,stroma_enriched,-0.0377442005702427,0.5771180009841919,1.021281741914295,1.5433488055021216e-10,0.28855900049209593,STROMA
891,14836.0,7761.0,other,0.1330050468444824,-0.0397408580780029,0.1068143145243326,2.6667200206514176e-11,-0.01987042903900145,MIXED
892,13216.0,5454.0,tumor_enriched,0.5260883440290178,-0.1969006252288818,-0.2485708447865077,3.0457379942199316e-10,-0.0984503126144409,MIXED
893,15030.0,6025.0,other,0.087330082484654,-0.3400590646266938,-0.3272324205580212,4.999369512751445e-10,-0.1700295323133469,MIXED
894,11420.0,9048.0,tumor_enriched,0.4254341670445032,-0.0974555325508117,-0.2807683999197823,2.3486671867566787e-10,-0.04872776627540585,MIXED
895,9797.0,6047.0,immune_enriched,-0.1644658388410296,0.8411100482940674,0.4187399846031552,1.083440283623416e-09,0.4205550241470337,IMMUNE_EXHAUSTED
896,10005.0,7781.0,tumor_enriched,0.5642895071847098,-0.0626541686058044,-0.3952863286790393,8.111806196591567e-11,-0.0313270843029022,MIXED
897,8001.0,9641.0,stroma_enriched,0.057807742527553,0.2314433622360229,0.8438246336437407,8.610701597345399e-11,0.11572168111801145,STROMA
898,15027.0,5331.0,other,0.037666427067348,0.1281341242790222,-0.0025279204050699,6.608132986238846e-11,0.0640670621395111,MIXED
899,7396.0,9528.0,stroma_enriched,0.3010728618076869,0.3647714710235595,1.0233497219993954,2.7373665843960736e-10,0.18238573551177975,STROMA
900,9608.0,8940.0,other,0.2811133248465401,0.0299255681037903,-0.3393985325949532,2.973872460118893e-11,0.01496278405189515,MIXED
901,10595.0,4424.0,interface_like,0.1361416353498187,0.3639452266693115,0.3141154034932454,4.712296910576618e-09,0.18197261333465575,MIXED
902,8800.0,8249.0,interface_like,0.0120977210998535,0.4405448913574218,0.3975116139366513,2.4837333507053103e-09,0.2202724456787109,MIXED
903,13827.0,7187.0,other,0.194456193106515,-0.0656909751892089,0.2279942121959867,2.638264283152666e-10,-0.03284548759460445,MIXED
904,13019.0,6496.0,immune_enriched,-0.0652816826956612,0.8586392545700073,0.8457454699561711,2.078819042732292e-09,0.42931962728500367,IMMUNE_EXHAUSTED
905,12816.0,6150.0,immune_enriched,0.1304241616385323,0.491955509185791,-0.0148862865992954,4.965297914104085e-10,0.2459777545928955,MIXED
906,10006.0,8013.0,tumor_enriched,0.3884435272216797,-0.1307989728450775,-0.4204373595828101,8.006549234384294e-11,-0.06539948642253875,MIXED
907,5577.0,7800.0,other,-0.0243118476867675,0.2549339914321899,0.2400402359735398,1.1096619725140955e-09,0.12746699571609496,MIXED
908,14037.0,9152.0,stroma_enriched,-0.1059139115469796,0.7618969821929932,0.7849965595063708,1.8615965250870996e-10,0.3809484910964966,IMMUNE_ACTIVE
909,11422.0,9510.0,tumor_enriched,0.3298007202148437,-0.1262936758995056,0.0668038799649192,2.956914855416423e-10,-0.0631468379497528,MIXED
910,5971.0,5717.0,immune_enriched,-0.0457027053833007,0.6031705141067505,0.501913909003848,5.377043836806941e-10,0.30158525705337524,IMMUNE_ACTIVE
911,11415.0,7891.0,tumor_enriched,0.3285793631417411,0.056943769454956,-0.3571991250628516,5.211381464054664e-10,0.028471884727478,MIXED
912,12213.0,6268.0,other,0.3013432611737932,0.1266786456108093,-0.2808240933645339,1.1662023465569845e-10,0.06333932280540465,MIXED
913,14237.0,9036.0,immune_enriched,0.0415362548828125,0.6625156497955322,0.529669580005464,2.4003202274211376e-10,0.3312578248977661,IMMUNE_ACTIVE
914,6180.0,7451.0,stroma_enriched,0.2758849470955985,-0.0865657293796539,0.6901675142560686,3.2717153309241275e-09,-0.04328286468982695,STROMA
915,6981.0,6522.0,immune_enriched,-0.0732715170724052,0.5820581865310669,0.3101853161766416,2.66238272490483e-10,0.29102909326553345,MIXED
916,8180.0,4666.0,immune_enriched,0.2531221171787807,0.5249641203880311,0.3871358862377348,3.1052125684493895e-09,0.26248206019401554,MIXED
917,6370.0,4790.0,other,-0.2438749095371791,-0.0340774869918823,-0.2793770090738932,3.480696122204221e-09,-0.01703874349594115,MIXED
918,15038.0,8107.0,other,0.0607162966047014,0.1147935485839843,0.1504110672360374,1.4003196619522754e-10,0.05739677429199215,MIXED
919,9998.0,6162.0,immune_enriched,-0.395201335634504,0.8134484910964965,0.2334288251967657,5.508829290803096e-10,0.40672424554824826,IMMUNE_EXHAUSTED
920,15239.0,7990.0,tumor_enriched,0.3310781751360212,-0.0933489501476287,-0.0753323700314476,1.8964668626118176e-10,-0.04667447507381435,MIXED
921,10408.0,7780.0,tumor_enriched,0.4968900135585241,-0.1430906200408935,-0.3051831204550607,8.14894482022147e-12,-0.07154531002044676,MIXED
922,12632.0,10199.0,other,-0.1315226336887904,0.2868078827857971,0.3116407412574404,7.92243181192637e-10,0.14340394139289855,MIXED
923,11605.0,5461.0,tumor_enriched,0.3357040568760462,0.0159726047515869,-0.1642888827550979,2.4700526826977455e-11,0.00798630237579345,MIXED
924,11223.0,10090.0,other,0.0939892196655273,-0.0996913754940033,-0.0752582154955183,1.4212757106363648e-10,-0.04984568774700165,MIXED
925,14631.0,6952.0,other,0.1273648016793387,-0.1453786778450012,-0.007854696455456,7.761688698826039e-11,-0.0726893389225006,MIXED
926,5580.0,8494.0,stroma_enriched,0.0830327824183873,0.4452410697937011,1.2920365487961545,1.3159165697563963e-08,0.22262053489685055,STROMA
927,10001.0,6856.0,other,0.3185583823067801,0.1116475415229797,0.1186077962602887,2.411947720676771e-10,0.05582377076148985,MIXED
928,9390.0,5124.0,tumor_enriched,0.343048607962472,0.1657604265213013,-0.4308645226841881,5.407157557822118e-09,0.08288021326065065,MIXED
929,10405.0,7086.0,tumor_enriched,0.5945873042515345,0.1736887860298157,0.1552781105041504,2.3654335112976788e-09,0.08684439301490784,MIXED
930,13433.0,9271.0,stroma_enriched,-0.0054044451032366,0.1043278121948242,0.6025769805908203,7.445329092478766e-10,0.0521639060974121,STROMA
931,11212.0,7545.0,tumor_enriched,0.417050895690918,0.2862298679351807,0.3709549431573777,7.589384479987403e-10,0.14311493396759034,MIXED
932,8381.0,4550.0,immune_enriched,-0.497227280480521,0.840226469039917,0.4135838563101632,2.29691583675176e-09,0.4201132345199585,IMMUNE_EXHAUSTED
933,7388.0,7677.0,other,-0.1032250213623047,-0.1944351053237915,-0.4137219868387494,1.191412956139915e-09,-0.09721755266189575,MIXED
934,13830.0,7881.0,other,0.2399994114467076,-0.098618140220642,-0.2660508973257882,1.2498072245119394e-10,-0.049309070110321,MIXED
935,13025.0,7884.0,stroma_enriched,0.0419318062918526,0.1310371351242065,1.2062227957589289,2.7611277764683935e-10,0.06551856756210325,STROMA
936,8795.0,7093.0,tumor_enriched,0.4054124014718192,0.0448682856559753,-0.2072761217753093,2.3049817690077955e-09,0.02243414282798765,MIXED
937,10409.0,8011.0,tumor_enriched,0.5877304949079241,-0.1218505954742431,-0.35072006997608,4.250783775073036e-11,-0.06092529773712155,MIXED
938,12015.0,7079.0,other,0.2222629083905901,0.1452829313278197,-0.0041738446553548,5.145613480924368e-10,0.07264146566390985,MIXED
939,13228.0,8230.0,stroma_enriched,0.0868036651611328,0.2310998725891113,1.046288192385719,2.1252876283665006e-10,0.11554993629455565,STROMA
940,14436.0,8457.0,other,0.1121214185442243,-0.1493157863616943,-0.2112467888423374,5.34962779377448e-10,-0.07465789318084715,MIXED
941,11620.0,8931.0,other,0.2354122216360908,-0.1461165857315063,-0.2811644635881696,1.4578446453164959e-10,-0.07305829286575315,MIXED
942,15642.0,7989.0,stroma_enriched,-0.4249598816462925,0.4655049800872802,1.913987030755906,1.3363216297503203e-09,0.2327524900436401,STROMA
943,12808.0,4299.0,tumor_enriched,0.4982637677873884,0.1243440055847168,0.0956436620439801,7.477862923684151e-11,0.0621720027923584,MIXED
944,11827.0,10203.0,stroma_enriched,0.0336934007917132,0.2541725063323974,0.6576586296444848,5.2220198920059e-10,0.1270862531661987,STROMA
945,16253.0,9721.0,stroma_enriched,-0.2941416767665318,0.5418079471588135,1.0091495877220518,5.307271888528442e-10,0.27090397357940676,STROMA
946,8784.0,4548.0,tumor_enriched,0.3529281289236886,0.2947519087791443,0.1825206093561082,1.4299811536735587e-09,0.14737595438957216,MIXED
947,8581.0,4202.0,other,-0.0021504156930106,0.1132891285419464,0.457652408963158,5.94156253218233e-10,0.0566445642709732,MIXED
948,12415.0,6383.0,other,0.2715256500244141,0.4262127256393432,-0.0499237060546875,1.6284976952520435e-10,0.2131063628196716,MIXED
949,12621.0,7655.0,stroma_enriched,-0.3435236440386091,0.6451696300506592,1.5498667126610166,1.658410750086432e-09,0.3225848150253296,IMMUNE_ACTIVE
950,5367.0,5604.0,stroma_enriched,0.1139222444806781,0.2525190305709839,1.23681643531436,3.5461099830356406e-10,0.12625951528549195,STROMA
951,8591.0,6515.0,other,0.1093856784275599,0.4135273098945617,0.0075297546386718,1.899732591942658e-10,0.20676365494728086,MIXED
952,13232.0,9387.0,other,0.2846545028686523,0.0287798166275024,-0.2007668431599935,4.985204396344076e-10,0.0143899083137512,MIXED
953,11823.0,9277.0,other,-0.0995422172546386,0.0151722621917724,0.24894503003075,1.205318916811304e-09,0.0075861310958862,MIXED
954,10209.0,8359.0,tumor_enriched,0.6370321818760463,-0.3801341098546982,-0.3808034308751424,1.6803646792208256e-10,-0.1900670549273491,TUMOR
955,10608.0,7432.0,other,0.2764330210004533,0.4235254812240601,0.0181053270612444,6.921806710390839e-10,0.21176274061203004,MIXED
956,12426.0,9159.0,other,0.2222906303405761,-0.0135363733768463,-0.1075534434545607,9.435523073292727e-11,-0.00676818668842315,MIXED
957,14829.0,6141.0,other,0.0400610569545201,0.1857902526855468,-0.1751669820149739,5.121824812034609e-11,0.0928951263427734,MIXED
958,12832.0,9851.0,immune_enriched,-0.198557436806815,0.8223726844787598,0.6859031150454566,7.254598891372061e-09,0.4111863422393799,IMMUNE_EXHAUSTED
959,7786.0,6519.0,immune_enriched,0.1571554510934012,0.6539776134490967,0.4355236062549409,1.020102045475551e-09,0.32698880672454833,IMMUNE_ACTIVE
960,5567.0,5487.0,stroma_enriched,-0.3911350911004203,0.5154829263687134,1.2069428180512929,2.3374175831215667e-10,0.2577414631843567,STROMA
961,9807.0,8592.0,other,0.2339694649832588,0.3196728086471557,0.0436529341198148,1.1534032539178986e-10,0.15983640432357785,MIXED
962,8786.0,5011.0,other,-0.1067398371015276,0.1893954515457153,0.4822986993335542,2.6736565233362177e-10,0.09469772577285765,MIXED
963,14218.0,4409.0,other,0.2927543449401856,0.2655393815040588,-0.0447222160157703,6.9494963069235e-11,0.1327696907520294,MIXED
964,7978.0,4320.0,stroma_enriched,-0.2908656665257045,0.039560306072235,0.7225166084652856,1.197535410412896e-09,0.0197801530361175,STROMA
965,7190.0,8488.0,stroma_enriched,-0.1363593428475517,0.5300573348999024,0.5968954077221098,3.98118035553233e-10,0.2650286674499512,MIXED
966,14638.0,8571.0,other,0.1150573512486049,-0.073169605731964,0.1320948083060127,9.640854128824301e-10,-0.036584802865982,MIXED
967,11203.0,5463.0,immune_enriched,0.0442547498430524,0.8232406330108643,0.6675926680791946,5.645514364156884e-10,0.4116203165054321,IMMUNE_EXHAUSTED
968,13619.0,5684.0,other,0.4053584834507532,0.4362147760391235,-0.2748262403124854,4.1419398517881413e-10,0.21810738801956175,MIXED
969,12814.0,5687.0,stroma_enriched,0.2253666305541992,0.3952846193313599,0.580315141223726,2.502256669230815e-10,0.19764230966567994,MIXED
970,5570.0,6181.0,immune_enriched,-0.3635648591177804,0.7211835145950317,0.6035791215442476,2.3190040782920504e-10,0.36059175729751586,IMMUNE_ACTIVE
971,6188.0,9302.0,stroma_enriched,-0.244852819442749,0.6256725311279296,1.105444141569592,2.383805275244057e-10,0.3128362655639648,IMMUNE_ACTIVE
972,7587.0,7098.0,stroma_enriched,-0.3112073217119489,0.5935559749603272,0.6976277087983631,8.360870170309133e-10,0.2967779874801636,STROMA
973,7180.0,5943.0,stroma_enriched,-0.025228669302804,0.5383875632286073,0.8229488154820033,7.36372090007676e-10,0.26919378161430363,STROMA
974,14622.0,4870.0,stroma_enriched,-0.0789439283098493,0.7894080543518066,1.0107909611293249,2.5256964145325613e-10,0.3947040271759033,IMMUNE_ACTIVE
975,10594.0,4193.0,stroma_enriched,-0.1635205650329589,0.7276907253265381,0.7435007240658715,3.456404144477133e-09,0.36384536266326906,IMMUNE_ACTIVE
976,14027.0,6839.0,other,0.0077458190917968,0.0847715759277343,0.3824137869335356,5.12029780824961e-10,0.04238578796386715,MIXED
977,10215.0,9747.0,other,0.3074973542349679,0.0769580650329589,0.1856831505185081,1.7375267783982165e-11,0.03847903251647945,MIXED
978,10016.0,10326.0,other,-0.1632122584751674,0.1000924777984619,0.2270485587347121,7.614954461336243e-10,0.05004623889923095,MIXED
979,14039.0,9615.0,stroma_enriched,0.0219079290117535,0.2378177165985107,0.9032225545247397,2.9082449122686987e-10,0.11890885829925535,STROMA
980,13223.0,7074.0,other,0.2278629520961217,0.0616347122192383,-0.1701111593700591,4.1121353644200344e-10,0.03081735610961915,MIXED
981,8788.0,5473.0,other,0.1532334736415318,0.0153796529769897,-0.0525293840680803,8.77844164365192e-10,0.00768982648849485,MIXED
982,11621.0,9163.0,other,0.3192125592912946,-0.2676981765031815,-0.2409145736694335,7.374713878930601e-10,-0.13384908825159075,MIXED
983,14040.0,10078.0,immune_enriched,0.2665666689191546,0.987020320892334,0.6127309871855237,2.056423183416025e-09,0.493510160446167,IMMUNE_EXHAUSTED
984,12424.0,8696.0,tumor_enriched,0.4289721025739397,-0.3082785373926163,-0.2527500883738199,8.407494646414249e-11,-0.15413926869630815,MIXED
985,13837.0,9500.0,stroma_enriched,-0.2229004601069859,0.2123222231864929,0.6306039564950126,2.0482513587073128e-10,0.10616111159324645,STROMA
986,11426.0,10436.0,other,-0.1425923946925571,-0.3008017057180405,0.5684450567336309,6.95059877032815e-10,-0.15040085285902025,MIXED
987,11017.0,9050.0,other,0.2820504597255162,0.0546155524253845,-0.1771867148081461,1.3152172168249655e-10,0.02730777621269225,MIXED
988,10216.0,9978.0,other,0.0125783484322684,0.138982183933258,0.2644472703479585,1.3706918452237008e-10,0.069491091966629,MIXED
989,13234.0,9850.0,other,-0.2507811083112444,0.0484422206878661,0.4381099628266833,5.082392469762516e-09,0.02422111034393305,MIXED
990,8986.0,4663.0,other,0.4627552495683943,0.4897903847694397,-0.0486932604653494,9.664199006441998e-10,0.24489519238471985,MIXED
991,6379.0,7103.0,stroma_enriched,-0.6409839759554181,0.4408159637451171,0.6179969133649554,1.1142662715370684e-08,0.22040798187255856,STROMA
992,14823.0,4753.0,immune_enriched,0.1309652546473911,0.5706364488601685,0.4036874789283389,2.5896071552496566e-10,0.28531822443008426,MIXED
993,6380.0,7334.0,immune_enriched,0.1061191613333565,0.9095853567123412,0.4850981839497884,5.990592059475429e-09,0.4547926783561706,IMMUNE_EXHAUSTED
994,6571.0,4904.0,interface_like,0.0370188154493059,0.4221537709236145,0.4374116806756882,4.0450184648213495e-09,0.21107688546180725,MIXED
995,9598.0,6626.0,interface_like,0.3689506912231445,0.30153160572052,0.6924094009399414,2.5744068473359033e-08,0.15076580286026,STROMA
996,8184.0,5591.0,stroma_enriched,-0.0050274004255023,0.6490894222259522,0.9597782916114443,1.0272921126079102e-09,0.3245447111129761,IMMUNE_ACTIVE
997,8393.0,7326.0,other,-0.1064968763078961,0.2532910680770874,-0.1125163141886393,1.2218585777836302e-10,0.1266455340385437,MIXED
998,14623.0,5101.0,tumor_enriched,0.3324926812308175,0.0931087279319763,0.1552985945202055,1.2857307426565423e-10,0.04655436396598815,MIXED
999,14838.0,8223.0,tumor_enriched,0.3515569250924246,0.0277132058143615,-0.1911948072342645,8.928324083810775e-10,0.01385660290718075,MIXED
1000,8590.0,6284.0,other,0.0482492937360491,0.3340029430389404,0.2291461208888462,2.0085211296542443e-10,0.1670014715194702,MIXED
1001,9791.0,4659.0,immune_enriched,-0.0863557434082031,0.7984841823577881,0.0724019277663458,2.450284359084113e-10,0.39924209117889403,IMMUNE_ACTIVE
1002,13015.0,5571.0,other,0.2654341997419084,0.10816561460495,0.252988976069859,2.8311491710804947e-10,0.054082807302475,MIXED
1003,12030.0,10549.0,stroma_enriched,-0.1241472026279995,0.6628212785720825,1.0113637034098306,2.105323367211196e-10,0.33141063928604125,IMMUNE_ACTIVE
1004,14021.0,5451.0,tumor_enriched,0.5278296443394251,-0.0823906421661376,-0.1928560007186163,5.922868754279144e-10,-0.0411953210830688,MIXED
1005,10804.0,6390.0,stroma_enriched,-0.0726718575613839,0.6775170040130616,1.0650323849632626,3.6212833514281537e-10,0.3387585020065308,IMMUNE_ACTIVE
1006,8794.0,6861.0,other,0.0922254916599818,0.1022967195510864,0.0891480772835868,4.659202294798375e-10,0.0511483597755432,MIXED
1007,12823.0,7769.0,stroma_enriched,-0.0295174871172223,0.4734822368621826,1.1633713004702613,5.253822314193585e-10,0.2367411184310913,STROMA
1008,9808.0,8823.0,tumor_enriched,0.3350176130022322,0.0256570243835448,-0.3652245046978905,2.0080204842982216e-11,0.0128285121917724,MIXED
1009,12229.0,9970.0,other,0.2091308266775948,0.1587201309204101,0.4909664635431198,2.8713828446763035e-10,0.07936006546020505,MIXED
1010,6781.0,6870.0,tumor_enriched,0.4243484360831124,0.0509280669689178,-0.0533524576822916,1.280951688686918e-09,0.0254640334844589,MIXED
1011,9392.0,5586.0,tumor_enriched,0.4789643369402204,-0.048605523109436,-0.3204435929797944,3.4453631075393375e-10,-0.024302761554718,MIXED
1012,8585.0,5127.0,interface_like,-0.0353081348964146,0.4705910134315491,0.2952327555701846,5.177114320776818e-09,0.23529550671577454,MIXED
1013,14432.0,7531.0,other,0.1127116857256207,-0.0226921319961547,0.124900027683803,4.587410601927695e-11,-0.01134606599807735,MIXED
1014,10202.0,6740.0,other,0.0918551227024623,0.0993793845176697,-0.1200121370951334,5.738747289169104e-10,0.04968969225883485,MIXED
1015,14240.0,9730.0,stroma_enriched,-0.3979791627611432,0.5479839515686036,0.8292268843877884,1.6090782579801082e-09,0.2739919757843018,STROMA
1016,9205.0,8942.0,tumor_enriched,0.3587709018162317,-0.1568185651302338,-0.2242842767352149,1.9850436889937035e-10,-0.0784092825651169,MIXED
1017,11807.0,5576.0,tumor_enriched,0.3987968063354492,0.1815040707588195,-0.229285926364717,3.860189605097378e-11,0.09075203537940975,MIXED
1018,6772.0,4788.0,stroma_enriched,-0.2939566734858921,0.6805298519134522,0.9736481348673502,7.162340968149671e-10,0.3402649259567261,IMMUNE_ACTIVE
1019,12228.0,9738.0,stroma_enriched,0.0129659053257533,0.6162358665466309,1.085404506865002,8.49120162853296e-10,0.30811793327331544,IMMUNE_ACTIVE
1020,14236.0,8804.0,other,-0.1456538227626255,0.2944127249717712,0.0913931274414062,4.907071096088405e-10,0.1472063624858856,MIXED
1021,10194.0,4889.0,other,-0.2364393670218331,0.3567905783653259,0.1460463233221144,4.90299953289286e-10,0.17839528918266295,MIXED
1022,9391.0,5355.0,tumor_enriched,0.4944912174769811,-0.080264880657196,-0.3841837038312639,6.665813440286511e-10,-0.040132440328598,MIXED
1023,6975.0,5134.0,other,-0.7220774841308594,0.3049864792823791,0.4223078754970005,1.3872408206488962e-08,0.15249323964118955,MIXED
1024,5566.0,5256.0,stroma_enriched,-0.3911762421471732,0.3745707273483276,0.734340290796189,5.689677067026116e-10,0.1872853636741638,STROMA
1025,13225.0,7536.0,other,0.0441144452776227,-0.2434747302532195,-0.0825398077283586,8.207347666022491e-09,-0.12173736512660975,MIXED
1026,16052.0,9838.0,stroma_enriched,0.2763852037702288,-0.1787916815280914,0.7221750050499325,5.153584586445454e-10,-0.0893958407640457,STROMA
1027,6578.0,6524.0,immune_enriched,-0.3864884812491281,0.5731781911849976,0.5714483043125698,8.764203033409695e-10,0.2865890955924988,MIXED
1028,10617.0,9745.0,stroma_enriched,0.1912830815996442,0.0753702962398529,0.7876663571312313,8.128598253179095e-10,0.03768514811992645,STROMA
1029,13823.0,6261.0,other,-0.0354941940307617,0.2689589595794677,-0.0400321524483816,9.255437910475655e-10,0.13447947978973385,MIXED
1030,7195.0,9644.0,other,-0.124089824131557,0.1699593663215637,0.4078844315665108,3.092912212580077e-10,0.08497968316078185,MIXED
1031,9411.0,9982.0,other,0.1465668133326939,0.1990494441986083,0.1712254987444196,5.077234840354612e-11,0.09952472209930414,MIXED
1032,10394.0,4541.0,stroma_enriched,-0.1571546472821917,0.2240747761726379,1.35059449332101,4.988620324115636e-10,0.11203738808631895,STROMA
1033,6174.0,6063.0,immune_enriched,-0.3463858577183315,1.0453246593475345,0.308412409282866,2.760989087976547e-10,0.5226623296737672,IMMUNE_EXHAUSTED
1034,8191.0,7211.0,other,0.0061894716535296,0.2520519995689392,-0.1528969778333391,8.614410164262715e-11,0.1260259997844696,MIXED
1035,9795.0,5585.0,immune_enriched,-0.2075114985874721,0.7019718551635743,-0.1096049917311895,2.6029400527303417e-10,0.35098592758178715,IMMUNE_ACTIVE
1036,9000.0,8133.0,other,0.2466993931361607,0.2701759529113769,-0.1759859775361561,3.87482710890716e-10,0.13508797645568846,MIXED
1037,12028.0,10086.0,stroma_enriched,-0.0104467364719935,0.3649312210083008,1.2361476425897506,1.8925016732509311e-10,0.1824656105041504,STROMA
1038,13020.0,6728.0,other,0.0810443169730049,-0.0901424288749694,-0.2922023112433297,1.135823170690018e-09,-0.0450712144374847,MIXED
1039,9005.0,9289.0,other,0.1389857264927455,0.1610685610771179,0.4648905599684942,6.313460795063435e-10,0.08053428053855895,MIXED
1040,5376.0,7686.0,stroma_enriched,-0.5972358322143555,0.4651794981956482,0.9667096310570126,9.177590028302583e-10,0.2325897490978241,STROMA
1041,8401.0,9176.0,stroma_enriched,-0.1613879449026924,0.7750789594650269,0.9890821729387556,7.635238685907169e-11,0.38753947973251346,IMMUNE_ACTIVE
1042,15842.0,7641.0,stroma_enriched,-0.1278235680716377,0.4630947160720825,1.4657387124924433,4.3854635919908616e-10,0.23154735803604126,STROMA
1043,14235.0,8573.0,stroma_enriched,0.0834572110857282,0.3874787759780884,0.6756513014293852,7.686150057163601e-10,0.1937393879890442,STROMA
1044,10619.0,10208.0,stroma_enriched,-0.1996616622379847,0.4308406639099121,0.9045980398995536,7.471121791161546e-09,0.21542033195495605,STROMA
1045,13411.0,4181.0,other,0.0078377587454658,0.4095033693313599,0.1976026208060127,5.38698452047357e-10,0.20475168466567994,MIXED
1046,8984.0,4200.0,other,0.3576000949314661,0.0013181519508361,0.7846832202729724,1.1863075577702467e-09,0.00065907597541805,STROMA
1047,11603.0,4767.0,tumor_enriched,0.43824097769601,0.0716107964515685,-0.2102557736351376,7.184751313425765e-10,0.03580539822578425,MIXED
1048,14844.0,9612.0,stroma_enriched,0.0395943014962333,0.4454485654830932,0.7401228314354306,8.061982317329018e-10,0.2227242827415466,STROMA
1049,14424.0,5680.0,other,0.1912186867850167,0.2803876280784607,-0.1660463051568894,4.6380412213187525e-11,0.14019381403923034,MIXED
1050,11614.0,7543.0,other,0.1604580388750348,0.0554040145874023,-0.2802323645637148,2.851637311196902e-10,0.02770200729370115,MIXED
1051,11222.0,9858.0,other,0.0072143827165875,0.3487614154815673,0.0225714474632626,2.0468006408521415e-10,0.17438070774078365,MIXED
1052,8186.0,6054.0,immune_enriched,-0.1934393501281738,0.7994428730010986,0.6010915111360096,4.727774917156991e-10,0.3997214365005493,IMMUNE_ACTIVE
1053,9811.0,9517.0,tumor_enriched,0.3482490294320243,0.1488379883766174,-0.397827457019261,6.763946360349063e-10,0.0744189941883087,MIXED
1054,5167.0,5951.0,other,-0.3776378178596496,0.2802258062362671,0.1326129409245082,2.4669426413895366e-10,0.14011290311813354,MIXED
1055,8179.0,4435.0,other,0.2179524040222168,0.1003590536117553,0.485521920522054,1.7403622131561127e-09,0.05017952680587765,MIXED
1056,11819.0,8352.0,stroma_enriched,-0.3812724712916783,0.7118764781951905,1.1248783983503068,4.6310328594827813e-10,0.35593823909759525,IMMUNE_ACTIVE
1057,8397.0,8251.0,other,0.1387438283647809,0.1309347867965698,0.0828835905165899,3.0979395029180884e-10,0.0654673933982849,MIXED
1058,14822.0,4522.0,other,0.1938487434387207,0.1439284205436706,-0.122335620153518,2.1581127478432046e-10,0.0719642102718353,MIXED
1059,7794.0,8369.0,other,0.0897006607055663,0.2292929887771606,-0.0280517750694638,9.691420392649479e-10,0.1146464943885803,MIXED
1060,5775.0,6990.0,stroma_enriched,-0.6002996063232422,0.4640853905677795,0.6875417046319869,1.8150506513338439e-09,0.23204269528388974,STROMA
1061,9189.0,5240.0,other,0.29205105645316,0.0993830251693725,-0.4118764727456229,7.900075221320117e-10,0.04969151258468625,MIXED
1062,15640.0,7526.0,other,0.1234692164829799,-0.1025865709781646,-0.0782645670572916,2.349874981570698e-10,-0.0512932854890823,MIXED
1063,16048.0,8912.0,stroma_enriched,-0.3392238330841064,0.7898027944564819,2.3408246176583423,1.3136795573246752e-10,0.39490139722824097,IMMUNE_ACTIVE
1064,8394.0,7557.0,immune_enriched,0.1546976906912667,0.480775876045227,0.3606981622605096,1.3188303548290283e-10,0.2403879380226135,MIXED
1065,10210.0,8590.0,tumor_enriched,0.5210414014543806,-0.152038972377777,-0.4582096685682024,2.8337980128717833e-11,-0.0760194861888885,MIXED
1066,14440.0,9382.0,stroma_enriched,-0.0806238010951451,0.92049072265625,1.231706023443313,2.1291520961841e-09,0.460245361328125,IMMUNE_EXHAUSTED
1067,8380.0,4318.0,stroma_enriched,-0.3970380319867815,0.7844901704788207,0.9016095697312128,4.922453432409844e-10,0.3922450852394104,IMMUNE_ACTIVE
1068,7594.0,8717.0,other,0.2523372813633509,0.2244636440277099,-0.1116616585141136,6.732950094155903e-10,0.11223182201385495,MIXED
1069,6786.0,8027.0,immune_enriched,-0.0575452586582728,0.5937270259857177,0.1993777057102748,1.6167036945402983e-09,0.29686351299285885,MIXED
1070,11010.0,7430.0,immune_enriched,0.1240346472603934,0.4862362909317016,0.1296457781110491,8.273831313416338e-09,0.2431181454658508,MIXED
1071,5774.0,6759.0,stroma_enriched,-0.2665259163720267,0.770810785293579,0.97685972849528,6.316689251586597e-10,0.3854053926467895,IMMUNE_ACTIVE
1072,5785.0,9303.0,stroma_enriched,-0.2537091302871704,0.6066478061676026,1.0000033641996835,3.406053854754278e-10,0.3033239030838013,IMMUNE_ACTIVE
1073,6584.0,7912.0,immune_enriched,-0.0022627013070243,0.8032195711135864,0.1561291140601748,3.171059079188576e-09,0.4016097855567932,IMMUNE_EXHAUSTED
1074,13428.0,8114.0,tumor_enriched,0.5734079251970564,0.1623569393157959,-0.017715468179612,3.3553002786849955e-10,0.08117846965789795,MIXED
1075,8995.0,6976.0,other,0.3004660034179687,0.0569720315933227,-0.1453989110674177,5.390981095409617e-09,0.02848601579666135,MIXED
1076,12812.0,5225.0,other,0.1974166406903947,0.3259405994415283,0.1306237320672898,3.6620039306724777e-10,0.16297029972076416,MIXED
1077,11613.0,7312.0,other,0.2296746390206473,0.2943523359298706,-0.2464776547749837,4.627166054727e-11,0.1471761679649353,MIXED
1078,12226.0,9276.0,other,0.2006920378548758,-0.0117984676361084,0.0605802390688942,2.2269059111102932e-10,-0.0058992338180542,MIXED
1079,7781.0,5362.0,other,-0.2198436587197439,0.0387752521038055,0.4954779198056175,1.149726232052754e-09,0.01938762605190275,MIXED
1080,12432.0,10547.0,stroma_enriched,0.2654066521780831,-0.4315293502807617,1.156158687046596,7.932586691613345e-10,-0.21576467514038086,STROMA
1081,12610.0,5110.0,tumor_enriched,0.3610372706821986,-0.1237294197082519,-0.4017381749834333,1.0889035110934638e-10,-0.06186470985412595,MIXED
1082,7987.0,6402.0,stroma_enriched,-0.2292119325910296,0.6462967872619629,0.6518657520839147,4.2831590582239205e-10,0.32314839363098147,IMMUNE_ACTIVE
1083,13430.0,8577.0,other,0.0754734693254742,-0.0587319660186768,0.0095038795471191,2.022699461202585e-09,-0.0293659830093384,MIXED
1084,11411.0,6966.0,other,0.204711513519287,-0.0770062553882598,-0.3172665384837559,3.5050214544412255e-10,-0.0385031276941299,MIXED
1085,10207.0,7896.0,tumor_enriched,0.3579383741106307,0.1697477340698242,-0.4734413146972656,1.1668885279978782e-10,0.0848738670349121,MIXED
1086,12009.0,5691.0,tumor_enriched,0.3819237518310546,0.3100365948677063,-0.4659858125732058,1.2088550567334654e-10,0.15501829743385315,MIXED
1087,5179.0,8728.0,stroma_enriched,-0.3354353046417236,0.386500768661499,0.7241605922154017,6.761316667519714e-10,0.1932503843307495,STROMA
1088,16047.0,8681.0,stroma_enriched,-0.2363415772574288,0.532531611919403,1.8996490551176524,2.4104618093908347e-10,0.2662658059597015,STROMA
1089,13419.0,6032.0,tumor_enriched,0.519904387337821,0.2011065077781677,-0.2750506535030547,4.3055668346456577e-10,0.10055325388908384,MIXED
1090,8201.0,9524.0,stroma_enriched,0.298272429874965,0.103084352016449,0.9787594967796688,1.6119922333892683e-09,0.0515421760082245,STROMA
1091,11202.0,5232.0,other,0.3741918781825475,0.3915456485748291,0.1684191158839634,3.0123690668654047e-10,0.19577282428741455,MIXED
1092,11616.0,8006.0,tumor_enriched,0.3526546641758509,-0.0058269333839416,-0.2390426095326742,1.3480576282693708e-10,-0.0029134666919708,MIXED
1093,12218.0,7425.0,interface_like,-0.0394933428083147,0.3220090675354004,0.3566960570925759,6.498819746315883e-10,0.1610045337677002,MIXED
1094,15435.0,6717.0,other,0.2933681324550085,0.191852388381958,-0.384835749467214,6.745859866504551e-11,0.095926194190979,MIXED
1095,13617.0,5221.0,tumor_enriched,0.7677595438276019,-0.1866598320007324,-0.0275920931498209,6.256640697821082e-09,-0.0933299160003662,TUMOR
1096,5974.0,6411.0,stroma_enriched,-0.3962380109514509,0.3604071617126465,1.1068362899053663,6.209103331134608e-10,0.18020358085632324,STROMA
1097,15240.0,8222.0,stroma_enriched,0.1809166363307407,0.3069645619392395,0.9672070639474052,3.4710494409414776e-10,0.15348228096961974,STROMA
1098,8000.0,9409.0,stroma_enriched,-0.0376471355983188,0.3412711763381958,0.973723269871303,1.3314904116598228e-10,0.1706355881690979,STROMA
1099,7793.0,8138.0,tumor_enriched,0.3818254852294922,0.1575380325317382,0.0902826963152204,6.056070146830043e-10,0.0787690162658691,MIXED
1100,7183.0,6637.0,stroma_enriched,-0.0022471509660992,0.5077878475189209,1.129811188834054,4.375488950297234e-10,0.25389392375946046,STROMA
1101,8797.0,7555.0,other,0.0544731685093471,-0.0550876009464263,-0.0330292311168852,2.368390414283148e-10,-0.02754380047321315,MIXED
1102,8598.0,8135.0,stroma_enriched,0.0793614796229771,0.3225358319282532,1.1263869058518183,3.0864740406835344e-10,0.1612679159641266,STROMA
1103,12004.0,4534.0,other,0.0154111916678292,0.4308969330787658,0.1898376691909064,6.099324381330005e-09,0.2154484665393829,MIXED
1104,13820.0,5567.0,tumor_enriched,0.5047821916852678,0.0957496547698974,-0.3889455766904921,1.7028861113876086e-10,0.0478748273849487,MIXED
1105,14034.0,8458.0,stroma_enriched,-0.0421702085222516,0.1396858978271484,0.6985227948143369,1.9691064951286504e-10,0.0698429489135742,STROMA
1106,10201.0,6508.0,other,-0.0504557854788643,0.2647753810882568,0.3698733293442499,1.5654035732302782e-09,0.1323876905441284,MIXED
1107,7590.0,7792.0,immune_enriched,-0.0691025733947754,0.5460508346557618,0.2501111911592029,3.71264763503441e-10,0.2730254173278809,MIXED
1108,12820.0,7075.0,tumor_enriched,0.404951651436942,0.2945045518875122,-0.1006200290861583,1.0642298667426535e-09,0.1472522759437561,MIXED
1109,11615.0,7775.0,tumor_enriched,0.4531966127668109,-0.2236626434326172,-0.2029356002807617,6.33909745223518e-10,-0.1118313217163086,MIXED
1110,13614.0,4527.0,stroma_enriched,0.1995551654270717,0.2780868363380432,1.229784683954148,1.173791987351697e-10,0.1390434181690216,STROMA
1111,12633.0,10431.0,stroma_enriched,-0.0290866661071776,0.6076637315750122,0.9818000938778833,4.5077608359577974e-10,0.3038318657875061,IMMUNE_ACTIVE
1112,13412.0,4412.0,stroma_enriched,0.2090382957458496,0.5657483530044556,0.6232147888910202,8.463624439063383e-10,0.2828741765022278,STROMA
1113,7595.0,8949.0,other,0.1584413337707519,-0.2245260274410248,0.1628247633434477,1.2922726072054855e-09,-0.1122630137205124,MIXED
1114,11822.0,9046.0,other,-0.0239432852608817,0.0976256227493286,0.5786522828964961,1.8207403847043815e-10,0.0488128113746643,MIXED
1115,7982.0,5245.0,stroma_enriched,-0.080762893131801,-0.2984456294775009,1.4852694992792037,2.055944510449421e-09,-0.14922281473875046,STROMA
1116,11001.0,5348.0,stroma_enriched,-0.2306613622392926,0.579830551147461,0.7409509495326452,8.61482750589562e-10,0.2899152755737305,STROMA
1117,6590.0,9300.0,other,0.1565589196341378,0.0521075201034545,0.4368213217599052,2.0168050242867104e-10,0.02605376005172725,MIXED
1118,15029.0,5794.0,stroma_enriched,-0.1601385443551199,0.5215813970565796,1.4256910487583705,1.2742777567404299e-09,0.2607906985282898,STROMA
1119,12013.0,6616.0,immune_enriched,0.3187446648733956,0.5521842861175537,-0.0656179891313825,5.973723664418502e-10,0.27609214305877683,MIXED
1120,6181.0,7682.0,stroma_enriched,-0.1178984914507184,0.386292519569397,0.8897642680576868,1.2813673440066057e-10,0.1931462597846985,STROMA
1121,14425.0,5912.0,other,0.0828487368992396,0.2294299483299255,0.551293587457566,6.065702492963439e-11,0.11471497416496275,MIXED
1122,13023.0,7422.0,interface_like,0.0590857805524553,0.3914628720283508,0.458701243627639,3.5008889976086557e-08,0.1957314360141754,MIXED
1123,11606.0,5693.0,other,0.1710792378016881,0.3456691002845764,-0.0169152732122511,1.0267528014081035e-10,0.1728345501422882,MIXED
1124,13423.0,6957.0,other,-0.1195541436331611,0.1370325660705566,0.3976434544154575,1.6295424814640938e-10,0.0685162830352783,MIXED
1125,8990.0,5819.0,other,-0.1146576390947613,0.1746667432785034,0.1789405386788505,1.914054362449996e-09,0.0873333716392517,MIXED
1126,12417.0,7077.0,other,0.0974864877973284,0.3486948823928833,-0.3916882745424906,5.195006863158635e-10,0.17434744119644166,MIXED
1127,14422.0,5218.0,stroma_enriched,-0.0905759048461913,0.4909906768798828,0.6683285377139137,3.1686559764785264e-10,0.2454953384399414,STROMA
1128,10407.0,7548.0,tumor_enriched,0.3397555215018135,0.0329814672470092,-0.3000684817632039,3.363517175486604e-10,0.0164907336235046,MIXED
1129,10196.0,5352.0,immune_enriched,-0.4363766070774624,0.637394380569458,0.1380424195244198,1.3094950501601038e-10,0.318697190284729,IMMUNE_ACTIVE
1130,8595.0,7440.0,other,-0.0044893019539969,-0.0030687677860259,0.5567190034048898,2.1063545406248875e-10,-0.00153438389301295,MIXED
1131,6376.0,6178.0,stroma_enriched,-0.3036069420405797,0.5250603175163269,0.9148746454148068,3.4516041831126305e-10,0.26253015875816343,STROMA
1132,11205.0,5926.0,other,0.2134920801435197,-0.0494059443473816,-0.29586503301348,2.788720378258092e-10,-0.0247029721736908,MIXED
1133,10191.0,4195.0,stroma_enriched,-0.0835736097608293,0.1886218643188476,0.8353665642511277,1.8370699007686083e-10,0.0943109321594238,STROMA
1134,10799.0,5233.0,other,0.185201015472412,0.2946689414978027,-0.2748672258286249,3.3413640161025656e-10,0.14733447074890135,MIXED
1135,8587.0,5590.0,stroma_enriched,-0.0385141699654715,0.2411675596237182,0.8826246043613978,1.9214137145903596e-10,0.1205837798118591,STROMA
1136,10008.0,8475.0,tumor_enriched,0.4846535818917411,-0.028719401359558,-0.4378380747068496,1.2317837874657438e-10,-0.014359700679779,MIXED
1137,8602.0,9060.0,stroma_enriched,-0.1969794886452811,0.4271319818496704,1.5744114557902018,1.6106725594359395e-10,0.2135659909248352,STROMA
1138,11198.0,4306.0,interface_like,0.185552978515625,0.4545315504074096,0.4639341272626605,7.47941571946981e-09,0.2272657752037048,MIXED
1139,8601.0,8829.0,stroma_enriched,0.0648224667140415,0.6049268198013306,1.1411871047247024,1.1272415110869851e-10,0.3024634099006653,IMMUNE_ACTIVE
1140,15243.0,8916.0,other,0.2804414422171456,-0.0885172712802886,-0.1490639550345284,4.4015598580632586e-11,-0.0442586356401443,MIXED
1141,6388.0,9185.0,immune_enriched,-0.1036253384181431,0.8150386476516724,0.6944154902866908,6.651252001610531e-10,0.4075193238258362,IMMUNE_EXHAUSTED
1142,8989.0,5357.0,tumor_enriched,0.3855091694423131,0.0634427404403686,-0.4756603680338179,4.48966288294033e-10,0.0317213702201843,MIXED
1143,9197.0,7091.0,stroma_enriched,0.0165082958766392,0.3306140542030334,0.6688956069946289,3.0052170462545555e-09,0.1653070271015167,STROMA
1144,15437.0,7180.0,other,0.2434030178615025,-0.1455598580837249,-0.4007444320406232,1.2787247563697223e-11,-0.07277992904186245,MIXED
1145,5364.0,4910.0,stroma_enriched,-0.1570016820090157,0.4991190958023071,0.9965791738600958,5.097785245473614e-10,0.24955954790115356,STROMA
1146,9188.0,5009.0,other,0.1104508590698242,-0.2098526000976562,-0.3532088654381888,2.9996820141641014e-09,-0.1049263000488281,MIXED
1147,9594.0,5701.0,other,0.1953939928327287,-0.0231705141067505,-0.410323554447719,1.9867523001470672e-09,-0.01158525705337525,MIXED
1148,11419.0,8816.0,tumor_enriched,0.5140986524309431,-0.1340095400810241,-0.0432707627614339,8.795950439475155e-11,-0.06700477004051204,MIXED
1149,10401.0,6160.0,immune_enriched,-0.396070830481393,0.6679799032211304,0.0144141655876522,1.1618737135952192e-09,0.3339899516105652,IMMUNE_ACTIVE
1150,5368.0,5835.0,stroma_enriched,-0.2490908105032784,0.3382437801361084,0.6451979346502394,3.8967674871406545e-11,0.1691218900680542,STROMA
1151,13231.0,9156.0,immune_enriched,-0.0753601210457938,0.7362004518508911,0.2711339496430896,2.3417210615778663e-09,0.36810022592544556,IMMUNE_ACTIVE
1152,5976.0,6873.0,other,-0.2406846836635044,0.4613201141357422,0.4387971732729958,3.0330427407460175e-11,0.2306600570678711,MIXED
1153,13839.0,9963.0,stroma_enriched,-0.3583265086582728,0.44852379322052,1.3869811575753348,1.6231018576074323e-09,0.22426189661026,STROMA
1154,11625.0,10088.0,tumor_enriched,0.369871597290039,-0.1372056007385254,-0.2006894007183257,1.7699994541056735e-10,-0.0686028003692627,MIXED
1155,8190.0,6980.0,other,0.0870315442766461,0.1394871091842651,0.0203151984441848,5.233330630118624e-11,0.06974355459213255,MIXED
1156,5365.0,5141.0,stroma_enriched,0.2644513320922851,0.5223672771453858,0.9003075772240048,1.313163059730116e-09,0.2611836385726929,STROMA
1157,14018.0,4757.0,stroma_enriched,0.0084226880754743,0.3674101638793945,0.6547315624782017,2.97712892732715e-10,0.18370508193969726,STROMA
1158,14225.0,6260.0,other,0.2624376487731933,0.391710569858551,0.0431409785861061,6.504190936884349e-11,0.1958552849292755,MIXED
1159,8202.0,9756.0,stroma_enriched,-0.3489837047031947,0.2442517328262329,1.2171376782371883,1.360954131965981e-09,0.12212586641311644,STROMA
1160,14628.0,6258.0,other,0.0873641450064522,0.0219872999191284,-0.1441599945794969,1.0604997134047372e-10,0.0109936499595642,MIXED
1161,6988.0,8141.0,other,-0.0098121915544782,0.1596022725105285,0.5535274641854423,4.642106841295834e-10,0.07980113625526425,MIXED
1162,10200.0,6277.0,other,-0.2327553844451904,0.3865831732749939,-0.0317794531867617,1.481584892028635e-09,0.19329158663749696,MIXED
1163,9196.0,6860.0,immune_enriched,-0.0715731539045061,0.7646114397048951,0.4724419866289411,1.9243578098403786e-08,0.38230571985244755,IMMUNE_ACTIVE
1164,5985.0,8955.0,stroma_enriched,0.2128522164481026,0.5724752616882325,0.8666305433000838,1.388591391897968e-09,0.28623763084411624,STROMA
1165,7991.0,7327.0,immune_enriched,0.0500680923461913,0.5924586677551269,0.0239044820694696,1.6278698007557443e-10,0.29622933387756345,MIXED
1166,6182.0,7914.0,stroma_enriched,-0.4232085936410086,0.6857582473754883,0.878306021917434,5.548118447291895e-10,0.34287912368774415,IMMUNE_ACTIVE
1167,12423.0,8465.0,tumor_enriched,0.4502668653215681,0.1638769388198853,-0.0983959792909168,4.26782793331967e-10,0.08193846940994265,MIXED
1168,6377.0,6640.0,stroma_enriched,0.3217179952348981,0.5219262051582336,0.6517926815577917,1.7008608645568559e-09,0.2609631025791168,STROMA
1169,11214.0,8008.0,tumor_enriched,0.5681217411586218,0.0003332161903381,-0.4527749155816577,5.667740967982301e-10,0.00016660809516905,MIXED
1170,13635.0,9385.0,other,0.127005808694022,0.3141320419311523,0.2091558983212425,8.145704338289665e-11,0.15706602096557615,MIXED
1171,13212.0,4529.0,tumor_enriched,0.5017373275756836,0.1843834805488586,-0.3097736858186267,4.966386562825611e-10,0.0921917402744293,MIXED
1172,6185.0,8608.0,stroma_enriched,0.0535385050092425,0.4231880092620849,0.9790889485677085,1.74020549950661e-10,0.21159400463104244,STROMA
1173,12619.0,7192.0,other,0.2728305707659041,0.4183670806884766,-0.1055255140577043,4.4665059860598006e-10,0.2091835403442383,MIXED
1174,8400.0,8945.0,stroma_enriched,-0.1743551989964076,0.7306396245956421,0.9535151399884904,3.1702388942921815e-10,0.36531981229782107,IMMUNE_ACTIVE
1175,15842.0,7872.0,stroma_enriched,-0.5320691469737462,0.6574839639663697,2.0741864050002325,4.8447871238212e-10,0.32874198198318483,IMMUNE_ACTIVE
1176,6587.0,8606.0,immune_enriched,-0.1996726090567452,0.7197256946563722,0.7104786445980982,2.2823791464462188e-10,0.3598628473281861,IMMUNE_ACTIVE
1177,10610.0,7895.0,tumor_enriched,0.3855049024309431,-0.1082988607883453,-0.2604110978898548,6.233041938875674e-11,-0.05414943039417265,MIXED
1178,12615.0,6267.0,tumor_enriched,0.6863056564331055,0.0163865327835083,-0.1610836237952822,9.80341511498946e-10,0.00819326639175415,TUMOR
1179,11204.0,5694.0,other,0.1454563794817243,0.4103309679031371,0.1149673716227213,3.2062953259576435e-10,0.20516548395156856,MIXED
1180,13636.0,9617.0,stroma_enriched,-0.1273802811758858,0.0494670057296752,0.8155179232642764,2.9735472560766556e-10,0.0247335028648376,STROMA
1181,15442.0,8337.0,other,0.0942301859174455,-0.0428785133361816,0.3550698180425734,1.2659934491131343e-10,-0.0214392566680908,MIXED
1182,15040.0,8570.0,other,-0.1268478393554687,0.4664099049568176,0.1671594056629,5.7998678268821125e-09,0.2332049524784088,MIXED
1183,9809.0,9055.0,tumor_enriched,0.505306990487235,-0.2414305877685546,-0.3921060333933149,1.0906110031848732e-10,-0.1207152938842773,MIXED
1184,14640.0,9034.0,other,-0.1238095365251813,0.2697916603088379,0.0770750281924294,8.237989650689292e-10,0.13489583015441894,MIXED
1185,6974.0,4903.0,stroma_enriched,0.0609680039542062,0.2971878457069397,1.252994144984654,4.548422969731619e-09,0.14859392285346984,STROMA
1186,6186.0,8839.0,stroma_enriched,-0.2210915919712611,0.5773777723312378,0.6867682738531204,1.2049040654524257e-10,0.2886888861656189,STROMA
1187,14633.0,7415.0,other,0.1894350433349609,-0.145294713973999,0.2501130639939081,5.166186263536602e-12,-0.0726473569869995,MIXED
1188,9605.0,8246.0,stroma_enriched,0.1744067573547363,0.6365760087966919,1.0487277930123464,3.0276037912632267e-10,0.3182880043983459,IMMUNE_ACTIVE
1189,12219.0,7656.0,immune_enriched,0.0506926591055733,0.5400392818450928,0.4255774470738002,7.943261059885855e-11,0.2700196409225464,MIXED
1190,6579.0,6755.0,other,-0.1682069260733467,0.373638641834259,0.1721627280825661,5.36725192320381e-10,0.1868193209171295,MIXED
1191,13010.0,4414.0,other,-0.0544922583443778,-0.0669329869747161,-0.1362015306381951,6.816606988963263e-10,-0.03346649348735805,MIXED
1192,11021.0,9975.0,stroma_enriched,0.0795911134992327,0.2463097453117371,0.8674515624273392,1.7176669347095778e-10,0.12315487265586855,STROMA
1193,10013.0,9632.0,other,0.0860070991516113,0.0095526313781738,0.0289548964727492,2.657176399399707e-10,0.0047763156890869,MIXED
1194,7792.0,7907.0,other,0.0450901930672782,0.0565420937538146,-0.2943584646497454,3.6642242385023566e-10,0.0282710468769073,MIXED
1195,12431.0,10316.0,other,0.1322255679539271,0.2734486150741577,0.4627289435977028,2.747747518465921e-10,0.13672430753707884,MIXED
1196,15026.0,5100.0,other,-0.0108185713631766,0.1412813544273376,-0.1689949675968715,1.6873367992544774e-10,0.0706406772136688,MIXED
1197,14229.0,7185.0,other,0.0655239977155413,-0.0985788035392761,0.31495208467756,3.123498877280721e-10,-0.04928940176963805,MIXED
1198,5781.0,8378.0,stroma_enriched,-0.1641758155822753,0.8905298757553101,1.1946039744785852,8.276965376087728e-09,0.44526493787765503,IMMUNE_EXHAUSTED
1199,11609.0,6387.0,other,0.3078040831429618,0.3922688055038452,-0.1566224052792503,1.4145329947379022e-10,0.1961344027519226,MIXED
1200,11805.0,5113.0,tumor_enriched,0.6094203186035156,-0.1493473255634307,-0.2160387620471772,6.081286223612033e-10,-0.07467366278171535,TUMOR
1201,12623.0,8117.0,other,0.0035242298671177,0.1143395376205444,0.1281112434750511,6.091853861627966e-10,0.0571697688102722,MIXED
1202,12221.0,8119.0,other,0.2777143260410852,-0.1170920825004577,0.1015306681678408,2.3206591932033827e-09,-0.05854604125022885,MIXED
1203,14024.0,6145.0,interface_like,0.2427855600629533,0.2628607988357544,0.3785957790556408,1.7452221802033372e-09,0.1314303994178772,MIXED
1204,9813.0,9980.0,stroma_enriched,-0.1816638319832938,0.3617782473564148,0.8783030246552966,4.4025231794765416e-10,0.1808891236782074,STROMA
1205,8994.0,6745.0,interface_like,0.2697342899867467,0.4646308660507202,0.3492234457106817,7.306310171247221e-09,0.2323154330253601,MIXED
1206,7992.0,7559.0,other,0.0048466927664619,0.311380033493042,-0.3305902669543312,1.4579372549080174e-10,0.155690016746521,MIXED
1207,10802.0,5927.0,other,-0.0582762718200683,0.1907379341125488,-0.3543339238848005,1.3205792909130022e-09,0.0953689670562744,MIXED
1208,6384.0,8260.0,stroma_enriched,-0.1778421047755649,0.3183424377441406,1.046997141156878,3.74983236696312e-10,0.1591712188720703,STROMA
1209,14038.0,9384.0,stroma_enriched,-0.1255523790631976,0.3116427516937256,1.9228465125674292,1.6240402973346422e-10,0.1558213758468628,STROMA
1210,12813.0,5456.0,other,0.215699907030378,0.1578017139434814,0.2251212401617141,1.9786005745318982e-10,0.0789008569717407,MIXED
1211,7988.0,6633.0,immune_enriched,-0.0635834121704101,0.6213757228851318,0.3784982354300362,1.3271262617317334e-10,0.3106878614425659,IMMUNE_ACTIVE
1212,11007.0,6736.0,other,0.1687019075666155,0.4121590733528137,-0.2219821493966238,4.72610525348351e-10,0.20607953667640685,MIXED
1213,12026.0,9624.0,stroma_enriched,-0.2014056696210588,0.2232077360153198,1.4402463713146392,6.008316599847555e-10,0.1116038680076599,STROMA
1214,6984.0,7216.0,other,-0.0976223591395786,0.0619086456298828,0.4084504272824241,1.448485021203621e-09,0.0309543228149414,MIXED
1215,8386.0,5706.0,stroma_enriched,0.0740954753330775,0.5657798194885254,0.5845947538103377,3.82766728803605e-10,0.2828899097442627,MIXED
1216,10798.0,5002.0,immune_enriched,-0.2204574189867292,0.954306697845459,0.4847242228190104,1.291785927939985e-09,0.4771533489227295,IMMUNE_EXHAUSTED
1217,15030.0,6256.0,other,0.1239076123918805,-0.188518328666687,-0.3139696302868071,1.2552115302140256e-10,-0.0942591643333435,MIXED
1218,5779.0,7915.0,other,-0.3621702916281564,0.348360857963562,0.444765872047061,3.7094393046352616e-10,0.174180428981781,MIXED
1219,8198.0,8830.0,stroma_enriched,-0.1310328837803431,0.7229676055908203,1.1014439610072546,1.0371844391794402e-09,0.36148380279541015,IMMUNE_ACTIVE
1220,14635.0,7877.0,other,0.0508679744175502,-0.1836828064918518,-0.38509964852106,1.7546675548537618e-10,-0.0918414032459259,MIXED
1221,5581.0,8726.0,stroma_enriched,-0.5625731658935547,0.650591812133789,1.3215941038585843,4.781735546860013e-09,0.3252959060668945,IMMUNE_ACTIVE
1222,7379.0,5595.0,stroma_enriched,0.0562178421020508,0.4748067188262939,1.2710662950788223,2.7216209866178216e-10,0.23740335941314694,STROMA
1223,10395.0,4772.0,stroma_enriched,-0.3833346687044416,0.3659197902679443,0.6246953546433222,9.434622844074255e-10,0.18295989513397215,STROMA
1224,5573.0,6875.0,immune_enriched,-0.0856609698704311,0.5526794338226318,0.4286449995495023,2.49535315024921e-10,0.2763397169113159,MIXED
1225,14241.0,9961.0,stroma_enriched,-0.3690670115607126,0.6367748737335205,1.1024148287091935,6.559839525298286e-10,0.31838743686676024,IMMUNE_ACTIVE
1226,8790.0,5936.0,stroma_enriched,-0.1108227975027901,0.7754303836822509,1.284782825651623,1.270899721146814e-09,0.38771519184112546,IMMUNE_ACTIVE
1227,11816.0,7658.0,other,0.2092474719456264,-0.0490741991996764,-0.2699074840545654,1.4780545855808949e-10,-0.0245370995998382,MIXED
1228,8998.0,7670.0,other,0.1703281511579241,0.3808130192756653,-0.0207666964758009,4.3051596852487327e-10,0.19040650963783265,MIXED
1229,11023.0,10438.0,stroma_enriched,-0.2391386086600167,-0.2264328986406326,0.6887201400030227,3.0280997443299225e-10,-0.1132164493203163,STROMA
1230,12628.0,9274.0,other,0.299744221823556,-0.0975945544242858,0.2078135899135044,4.331440496707602e-11,-0.0487972772121429,MIXED
1231,5372.0,6760.0,immune_enriched,-0.2019997147151402,0.7871764516830444,-0.0163068008422851,7.029470521471602e-11,0.3935882258415222,IMMUNE_ACTIVE
1232,11815.0,7427.0,other,0.2882610729762487,-0.0514029538631439,-0.2878529671260289,1.1409018013957e-11,-0.02570147693157195,MIXED
1233,11410.0,6734.0,other,0.212568917955671,0.2142216277122497,0.1127962621053059,1.9602973443110328e-10,0.10711081385612485,MIXED
1234,6573.0,5367.0,other,-0.3303771209716797,0.4263087463378906,0.2566506685529436,7.372649330979453e-11,0.2131543731689453,MIXED
1235,9796.0,5816.0,immune_enriched,-0.3367367771693638,0.6395575618743896,-0.1578921926589239,1.996295154249534e-09,0.3197787809371948,IMMUNE_ACTIVE
1236,14626.0,5795.0,other,0.1643052073887416,0.0624573302268982,-0.2019474574497768,9.541085790877492e-11,0.0312286651134491,MIXED
1237,11608.0,6155.0,tumor_enriched,0.5230816868373327,0.4494054317474365,-0.1697613048553466,3.5941802045424955e-10,0.22470271587371826,MIXED
1238,14435.0,8225.0,other,0.2339226695469447,-0.269351356625557,-0.2483806410289946,1.0577220954885623e-09,-0.1346756783127785,MIXED
1239,9805.0,8129.0,other,0.3185063225882394,0.1923560237884521,0.0146584483555385,2.229034942797934e-11,0.09617801189422605,MIXED
1240,7395.0,9296.0,tumor_enriched,0.4637839562552315,0.0846110010147094,-0.1984023264476231,2.8284067598272023e-10,0.0423055005073547,MIXED
1241,12416.0,6614.0,interface_like,0.0256210926600864,0.4506120729446411,0.5727932530357723,9.67037614579578e-10,0.22530603647232056,MIXED
1242,10415.0,9399.0,other,0.2808860778808594,-0.0065233206748962,-0.3630260208674839,1.901391021747527e-11,-0.0032616603374481,MIXED
1243,9802.0,7204.0,tumor_enriched,0.6141848318917411,-0.1509150373935699,-0.3354139950161889,7.428346635797669e-11,-0.07545751869678495,TUMOR
1244,11418.0,8585.0,tumor_enriched,0.5936524309430803,-0.1106641864776611,-0.3028080508822486,2.1394600345342207e-10,-0.05533209323883055,MIXED
1245,9201.0,8016.0,tumor_enriched,0.5507299259730749,-0.2459905380010604,-0.3234272309712001,7.25919912406427e-10,-0.1229952690005302,MIXED
1246,9800.0,6741.0,other,0.3179466356549943,0.3427810597419739,0.1847306678408669,1.3305699792705243e-09,0.17139052987098696,MIXED
1247,13229.0,8693.0,stroma_enriched,-0.4282564435686384,0.1666612529754638,0.7924871462867373,9.748387555968327e-09,0.0833306264877319,STROMA
1248,11611.0,6849.0,stroma_enriched,-0.220821076801845,0.4762390184402466,0.7803373155139741,4.155123960353605e-10,0.2381195092201233,STROMA
1249,13217.0,5686.0,tumor_enriched,0.5132522964477539,-0.0282222437858581,-0.218860536302839,1.1379799909636004e-10,-0.01411112189292905,MIXED
1250,5981.0,8030.0,stroma_enriched,-0.5499134145464215,0.5987020587921142,0.7871559615362259,8.55565644139821e-10,0.2993510293960571,STROMA
1251,6776.0,5713.0,other,-0.1131859248025076,0.369367618560791,0.1547364798046293,8.125782314890625e-10,0.1846838092803955,MIXED
1252,14418.0,4292.0,tumor_enriched,0.7053107234409877,0.221829559803009,-0.3738569857960656,7.411185673533257e-10,0.1109147799015045,TUMOR
1253,6371.0,5021.0,immune_enriched,-0.2727804109028408,0.512380940914154,0.4346082778204054,8.557538545615371e-10,0.256190470457077,MIXED
1254,11421.0,9279.0,tumor_enriched,0.3821866934640067,-0.0472310471534729,-0.2262566471099854,1.4997479533148708e-10,-0.02361552357673645,MIXED
1255,11208.0,6620.0,stroma_enriched,-0.0412050110953194,0.4374988389015197,0.6946159199305943,6.778144940985467e-11,0.21874941945075985,STROMA
1256,12215.0,6731.0,tumor_enriched,0.3745165470668249,0.1398959946632385,-0.0525952393668038,3.1596051165615467e-10,0.06994799733161924,MIXED
1257,12626.0,8811.0,tumor_enriched,0.3288569450378418,-0.1425511050224304,0.0069125811258952,9.717773176064111e-09,-0.0712755525112152,MIXED
1258,14442.0,9845.0,stroma_enriched,-0.299356038229806,0.1213893699645995,0.5922842861357189,5.134446911495335e-09,0.06069468498229975,MIXED
1259,6170.0,5137.0,stroma_enriched,-0.2819789137159075,0.2466924595832824,0.6513035855974469,8.047342102027863e-10,0.1233462297916412,STROMA
1260,5371.0,6529.0,immune_enriched,-0.2470064558301652,0.7755609798431397,0.1551109141395205,1.2421078877366303e-10,0.3877804899215698,IMMUNE_ACTIVE
1261,9404.0,8362.0,stroma_enriched,0.1248168509347098,0.5330520725250244,0.6457933335077194,1.5693935897234735e-10,0.2665260362625122,STROMA
1262,6771.0,4556.0,immune_enriched,-0.5351877975463867,1.3848656272888182,0.044656631833031,2.6612695069551543e-08,0.6924328136444091,IMMUNE_EXHAUSTED
1263,8992.0,6282.0,other,0.111167687007359,0.2034479212760925,0.1087289528619676,8.165505087175162e-10,0.10172396063804626,MIXED
1264,12618.0,6961.0,immune_enriched,-0.1507908793858119,0.7859619140625,0.3224011048816499,2.855110447349343e-09,0.39298095703125,IMMUNE_ACTIVE
1265,12022.0,8698.0,stroma_enriched,0.1367572321210589,0.1682041692733764,0.6523808288574219,5.951080510620036e-12,0.0841020846366882,STROMA
1266,10205.0,7434.0,tumor_enriched,0.3669910103934152,0.1790914797782898,-0.5166933695475261,8.500545516307437e-11,0.0895457398891449,MIXED
1267,7777.0,4436.0,stroma_enriched,-0.2624783182144165,-0.0333031284809112,0.8843084698631649,9.63792670339382e-10,-0.0166515642404556,STROMA
1268,12006.0,4997.0,tumor_enriched,0.5908013480050224,0.3599143028259277,-0.1963250714256649,5.52097609894966e-10,0.17995715141296384,MIXED
1269,6381.0,7566.0,other,0.1875450624738421,0.2290562772750854,0.2004823230561755,7.895603249965585e-10,0.1145281386375427,MIXED
1270,6973.0,4671.0,tumor_enriched,0.6235123062133789,0.559752037525177,-0.2741795857747396,1.8232597822949788e-08,0.2798760187625885,MIXED
1271,14226.0,6491.0,stroma_enriched,-0.0730217252458844,0.4320876169204712,0.9337494477771576,6.415485662092731e-10,0.2160438084602356,STROMA
1272,8999.0,7901.0,tumor_enriched,0.3368229947771345,-0.0791542339324951,0.0913805353073846,1.2243230973092163e-09,-0.03957711696624755,MIXED
1273,9995.0,5468.0,immune_enriched,-0.5869686802795955,0.6910404396057128,0.2384199968973795,7.222014481178761e-10,0.3455202198028564,IMMUNE_ACTIVE
1274,11604.0,5230.0,other,0.3171650041852678,0.1644492387771606,0.0775867661975678,2.146459378434966e-11,0.0822246193885803,MIXED
1275,15035.0,7413.0,other,0.3237890461512975,-0.1655738699436187,0.1279380916413806,5.078218889521872e-11,-0.08278693497180935,MIXED
1276,6986.0,7679.0,stroma_enriched,-0.2016455296107701,0.7091005897521973,1.2005320122128442,1.0428901861374377e-08,0.3545502948760986,IMMUNE_ACTIVE
1277,10396.0,5004.0,stroma_enriched,-0.3114732360839843,0.0854822325706481,2.11267452784947,1.2604380880691067e-09,0.04274111628532405,STROMA
1278,11401.0,4652.0,stroma_enriched,0.1065159443446568,0.4756888914108276,1.0905992489769345,2.513066263306443e-09,0.2378444457054138,STROMA
1279,13221.0,6611.0,stroma_enriched,-0.192350630078997,0.3272081780433655,0.6656350626264299,1.394085061390491e-09,0.16360408902168275,STROMA
1280,6980.0,6291.0,stroma_enriched,-0.241242355619158,0.6368234372138977,1.472121563866025,5.66505949569414e-10,0.31841171860694883,IMMUNE_ACTIVE
1281,10820.0,10091.0,stroma_enriched,0.040396112714495,0.1680801200866699,1.1277587618146625,3.0677315177950035e-10,0.08404006004333495,STROMA
1282,14634.0,7646.0,tumor_enriched,0.3735679190499442,-0.2445242166519164,-0.2831160695212228,8.787484696421662e-11,-0.1222621083259582,MIXED
1283,4964.0,5605.0,immune_enriched,-0.2452215753282819,0.4820133018493652,0.2373151216052827,2.6735034429150652e-11,0.2410066509246826,MIXED
1284,6586.0,8374.0,immune_enriched,-0.137514762878418,0.599375410079956,0.5666670890081498,9.470035941605174e-11,0.299687705039978,MIXED
1285,12407.0,4532.0,tumor_enriched,0.4787434441702706,0.011996282339096,0.08981783639817,4.1250769804474855e-09,0.005998141169548,MIXED
1286,13422.0,6726.0,tumor_enriched,0.3756111580984933,0.0904108428955078,-0.0930288514636811,3.415463412121676e-10,0.0452054214477539,MIXED
1287,5374.0,7223.0,interface_like,0.0282647105625697,0.3082296824455261,0.509112831297375,2.0125526842369436e-09,0.15411484122276306,MIXED
1288,7795.0,8601.0,tumor_enriched,0.4864191109793526,-0.0468406414985656,-0.221838876633417,4.0509856958284823e-10,-0.0234203207492828,MIXED
1289,8194.0,7905.0,other,0.2296106856209891,0.0194127249717712,-0.1628900010245187,8.674356503210303e-10,0.0097063624858856,MIXED
1290,7588.0,7329.0,immune_enriched,-0.0212703187125069,0.5490442276000976,0.4731596174694242,3.2870315816031633e-10,0.2745221138000488,MIXED
1291,13420.0,6263.0,immune_enriched,0.2137344305855887,0.7485540914535522,0.4931237429664249,9.50415858155155e-10,0.3742770457267761,IMMUNE_ACTIVE
1292,14233.0,8110.0,stroma_enriched,-0.1130594335283551,0.3782725954055786,0.626055908203125,2.8159690447094656e-10,0.1891362977027893,STROMA
1293,14827.0,5679.0,tumor_enriched,0.6409149278913224,0.1054889559745788,0.2065293929690407,1.791833631315831e-09,0.0527444779872894,TUMOR
1294,13435.0,9733.0,stroma_enriched,0.3179279518127441,0.1747311973571777,1.1146136020478747,1.303457358618864e-09,0.08736559867858885,STROMA
1295,12429.0,9853.0,other,0.2893366077968053,-0.0565077745914459,0.0029289463588169,1.5432890101246111e-09,-0.02825388729572295,MIXED
1296,6993.0,9298.0,other,0.2979477964128767,0.011617522239685,-0.0637963108789353,3.784593312259941e-10,0.0058087611198425,MIXED
1297,8395.0,7788.0,stroma_enriched,-0.2179857662745884,0.1758905100822448,1.5880946804228282,5.155324382825252e-09,0.0879452550411224,STROMA
